sistema,tam_chunk,operacion,metrica,muestra,repeticion,segundos
postgres,1,insert_texto,-,0,0,0.005832500
postgres,1,insert_texto,-,1,0,0.003643700
postgres,1,insert_texto,-,2,0,0.004194800
postgres,1,insert_texto,-,3,0,0.004059200
postgres,1,insert_texto,-,4,0,0.003287900
postgres,1,insert_texto,-,5,0,0.003026600
postgres,1,insert_texto,-,6,0,0.003179000
postgres,1,insert_texto,-,7,0,0.003071900
postgres,1,insert_texto,-,8,0,0.002761100
postgres,1,insert_texto,-,9,0,0.002682000
postgres,1,insert_texto,-,10,0,0.002808600
postgres,1,insert_texto,-,11,0,0.002870300
postgres,1,insert_texto,-,12,0,0.002629000
postgres,1,insert_texto,-,13,0,0.002728700
postgres,1,insert_texto,-,14,0,0.002601600
postgres,1,insert_texto,-,15,0,0.002640100
postgres,1,insert_texto,-,16,0,0.002635200
postgres,1,insert_texto,-,17,0,0.002833400
postgres,1,insert_texto,-,18,0,0.002637400
postgres,1,insert_texto,-,19,0,0.003007300
postgres,1,insert_texto,-,20,0,0.002842400
postgres,1,insert_texto,-,21,0,0.002660100
postgres,1,insert_texto,-,22,0,0.002805000
postgres,1,insert_texto,-,23,0,0.002808600
postgres,1,insert_texto,-,24,0,0.002645600
postgres,1,insert_texto,-,25,0,0.002630400
postgres,1,insert_texto,-,26,0,0.002840800
postgres,1,insert_texto,-,27,0,0.002910800
postgres,1,insert_texto,-,28,0,0.002774100
postgres,1,insert_texto,-,29,0,0.002753300
postgres,1,insert_texto,-,30,0,0.002589300
postgres,1,insert_texto,-,31,0,0.002522300
postgres,1,insert_texto,-,32,0,0.002653300
postgres,1,insert_texto,-,33,0,0.002575000
postgres,1,insert_texto,-,34,0,0.002655200
postgres,1,insert_texto,-,35,0,0.002655300
postgres,1,insert_texto,-,36,0,0.002597000
postgres,1,insert_texto,-,37,0,0.002737000
postgres,1,insert_texto,-,38,0,0.002709700
postgres,1,insert_texto,-,39,0,0.002935000
postgres,1,insert_texto,-,40,0,0.003017900
postgres,1,insert_texto,-,41,0,0.002678400
postgres,1,insert_texto,-,42,0,0.003267600
postgres,1,insert_texto,-,43,0,0.002743800
postgres,1,insert_texto,-,44,0,0.002550300
postgres,1,insert_texto,-,45,0,0.002631800
postgres,1,insert_texto,-,46,0,0.002712800
postgres,1,insert_texto,-,47,0,0.002566900
postgres,1,insert_texto,-,48,0,0.002499200
postgres,1,insert_texto,-,49,0,0.002541000
postgres,1,insert_texto,-,50,0,0.002559100
postgres,1,insert_texto,-,51,0,0.002985100
postgres,1,insert_texto,-,52,0,0.002668400
postgres,1,insert_texto,-,53,0,0.002593900
postgres,1,insert_texto,-,54,0,0.002476800
postgres,1,insert_texto,-,55,0,0.002507600
postgres,1,insert_texto,-,56,0,0.002592900
postgres,1,insert_texto,-,57,0,0.002564700
postgres,1,insert_texto,-,58,0,0.002608400
postgres,1,insert_texto,-,59,0,0.002487100
postgres,1,insert_texto,-,60,0,0.002620700
postgres,1,insert_texto,-,61,0,0.002650900
postgres,1,insert_texto,-,62,0,0.002670500
postgres,1,insert_texto,-,63,0,0.002819100
postgres,1,insert_texto,-,64,0,0.003312000
postgres,1,insert_texto,-,65,0,0.002909300
postgres,1,insert_texto,-,66,0,0.002818300
postgres,1,insert_texto,-,67,0,0.002618500
postgres,1,insert_texto,-,68,0,0.003105100
postgres,1,insert_texto,-,69,0,0.002554800
postgres,1,insert_texto,-,70,0,0.002645400
postgres,1,insert_texto,-,71,0,0.002585800
postgres,1,insert_texto,-,72,0,0.002595000
postgres,1,insert_texto,-,73,0,0.003121000
postgres,1,insert_texto,-,74,0,0.003042300
postgres,1,insert_texto,-,75,0,0.002483800
postgres,1,insert_texto,-,76,0,0.002483100
postgres,1,insert_texto,-,77,0,0.002523100
postgres,1,insert_texto,-,78,0,0.002472000
postgres,1,insert_texto,-,79,0,0.002510900
postgres,1,insert_texto,-,80,0,0.002847000
postgres,1,insert_texto,-,81,0,0.002802400
postgres,1,insert_texto,-,82,0,0.003189400
postgres,1,insert_texto,-,83,0,0.003160800
postgres,1,insert_texto,-,84,0,0.002814500
postgres,1,insert_texto,-,85,0,0.002650300
postgres,1,insert_texto,-,86,0,0.002982400
postgres,1,insert_texto,-,87,0,0.002478600
postgres,1,insert_texto,-,88,0,0.002576900
postgres,1,insert_texto,-,89,0,0.002556300
postgres,1,insert_texto,-,90,0,0.002530400
postgres,1,insert_texto,-,91,0,0.002897400
postgres,1,insert_texto,-,92,0,0.003349700
postgres,1,insert_texto,-,93,0,0.002921800
postgres,1,insert_texto,-,94,0,0.002967400
postgres,1,insert_texto,-,95,0,0.002900400
postgres,1,insert_texto,-,96,0,0.003024700
postgres,1,insert_texto,-,97,0,0.002971100
postgres,1,insert_texto,-,98,0,0.003132700
postgres,1,insert_texto,-,99,0,0.002478500
postgres,1,insert_texto,-,100,0,0.002553000
postgres,1,insert_texto,-,101,0,0.002621700
postgres,1,insert_texto,-,102,0,0.002727600
postgres,1,insert_texto,-,103,0,0.002958600
postgres,1,insert_texto,-,104,0,0.002589600
postgres,1,insert_texto,-,105,0,0.002581800
postgres,1,insert_texto,-,106,0,0.002782900
postgres,1,insert_texto,-,107,0,0.002578600
postgres,1,insert_texto,-,108,0,0.002677700
postgres,1,insert_texto,-,109,0,0.003072800
postgres,1,insert_texto,-,110,0,0.002544600
postgres,1,insert_texto,-,111,0,0.002466800
postgres,1,insert_texto,-,112,0,0.002531000
postgres,1,insert_texto,-,113,0,0.002505800
postgres,1,insert_texto,-,114,0,0.002547700
postgres,1,insert_texto,-,115,0,0.002800500
postgres,1,insert_texto,-,116,0,0.002617800
postgres,1,insert_texto,-,117,0,0.002561100
postgres,1,insert_texto,-,118,0,0.003019700
postgres,1,insert_texto,-,119,0,0.002683000
postgres,1,insert_texto,-,120,0,0.002911600
postgres,1,insert_texto,-,121,0,0.002870200
postgres,1,insert_texto,-,122,0,0.002729800
postgres,1,insert_texto,-,123,0,0.002791300
postgres,1,insert_texto,-,124,0,0.002485900
postgres,1,insert_texto,-,125,0,0.002603600
postgres,1,insert_texto,-,126,0,0.002906900
postgres,1,insert_texto,-,127,0,0.002554600
postgres,1,insert_texto,-,128,0,0.002668600
postgres,1,insert_texto,-,129,0,0.002626600
postgres,1,insert_texto,-,130,0,0.002483300
postgres,1,insert_texto,-,131,0,0.002562200
postgres,1,insert_texto,-,132,0,0.002584800
postgres,1,insert_texto,-,133,0,0.002516100
postgres,1,insert_texto,-,134,0,0.002504900
postgres,1,insert_texto,-,135,0,0.002772600
postgres,1,insert_texto,-,136,0,0.002654000
postgres,1,insert_texto,-,137,0,0.002721400
postgres,1,insert_texto,-,138,0,0.003133100
postgres,1,insert_texto,-,139,0,0.002837800
postgres,1,insert_texto,-,140,0,0.002949200
postgres,1,insert_texto,-,141,0,0.002760500
postgres,1,insert_texto,-,142,0,0.002523500
postgres,1,insert_texto,-,143,0,0.002610500
postgres,1,insert_texto,-,144,0,0.002724400
postgres,1,insert_texto,-,145,0,0.002473000
postgres,1,insert_texto,-,146,0,0.002595900
postgres,1,insert_texto,-,147,0,0.002619900
postgres,1,insert_texto,-,148,0,0.002590100
postgres,1,insert_texto,-,149,0,0.002604200
postgres,1,insert_texto,-,150,0,0.002586700
postgres,1,insert_texto,-,151,0,0.002569300
postgres,1,insert_texto,-,152,0,0.002577300
postgres,1,insert_texto,-,153,0,0.002694100
postgres,1,insert_texto,-,154,0,0.002712000
postgres,1,insert_texto,-,155,0,0.002510100
postgres,1,insert_texto,-,156,0,0.002593400
postgres,1,insert_texto,-,157,0,0.002504600
postgres,1,insert_texto,-,158,0,0.002450800
postgres,1,insert_texto,-,159,0,0.002509200
postgres,1,insert_texto,-,160,0,0.002513800
postgres,1,insert_texto,-,161,0,0.002502700
postgres,1,insert_texto,-,162,0,0.003053000
postgres,1,insert_texto,-,163,0,0.002991200
postgres,1,insert_texto,-,164,0,0.003473800
postgres,1,insert_texto,-,165,0,0.003178500
postgres,1,insert_texto,-,166,0,0.003530100
postgres,1,insert_texto,-,167,0,0.003353800
postgres,1,insert_texto,-,168,0,0.003797400
postgres,1,insert_texto,-,169,0,0.003884400
postgres,1,insert_texto,-,170,0,0.003745700
postgres,1,insert_texto,-,171,0,0.003438200
postgres,1,insert_texto,-,172,0,0.003227300
postgres,1,insert_texto,-,173,0,0.003492300
postgres,1,insert_texto,-,174,0,0.003602100
postgres,1,insert_texto,-,175,0,0.003574600
postgres,1,insert_texto,-,176,0,0.003487700
postgres,1,insert_texto,-,177,0,0.003843600
postgres,1,insert_texto,-,178,0,0.004629000
postgres,1,insert_texto,-,179,0,0.005437800
postgres,1,insert_texto,-,180,0,0.004128600
postgres,1,insert_texto,-,181,0,0.003909700
postgres,1,insert_texto,-,182,0,0.004257900
postgres,1,insert_texto,-,183,0,0.004744800
postgres,1,insert_texto,-,184,0,0.004584100
postgres,1,insert_texto,-,185,0,0.004542400
postgres,1,insert_texto,-,186,0,0.005214100
postgres,1,insert_texto,-,187,0,0.005072500
postgres,1,insert_texto,-,188,0,0.005669800
postgres,1,insert_texto,-,189,0,0.005988900
postgres,1,insert_texto,-,190,0,0.005209000
postgres,1,insert_texto,-,191,0,0.005696200
postgres,1,insert_texto,-,192,0,0.005542600
postgres,1,insert_texto,-,193,0,0.004756200
postgres,1,insert_texto,-,194,0,0.005076300
postgres,1,insert_texto,-,195,0,0.004927300
postgres,1,insert_texto,-,196,0,0.005644600
postgres,1,insert_texto,-,197,0,0.004991500
postgres,1,insert_texto,-,198,0,0.004360700
postgres,1,insert_texto,-,199,0,0.005315800
postgres,1,insert_texto,-,200,0,0.005846400
postgres,1,insert_texto,-,201,0,0.005059000
postgres,1,insert_texto,-,202,0,0.005466500
postgres,1,insert_texto,-,203,0,0.004722400
postgres,1,insert_texto,-,204,0,0.004253900
postgres,1,insert_texto,-,205,0,0.005233500
postgres,1,insert_texto,-,206,0,0.006205900
postgres,1,insert_texto,-,207,0,0.004178200
postgres,1,insert_texto,-,208,0,0.004351300
postgres,1,insert_texto,-,209,0,0.004509300
postgres,1,insert_texto,-,210,0,0.004710300
postgres,1,insert_texto,-,211,0,0.003638300
postgres,1,insert_texto,-,212,0,0.004617700
postgres,1,insert_texto,-,213,0,0.004729800
postgres,1,insert_texto,-,214,0,0.004447900
postgres,1,insert_texto,-,215,0,0.004536600
postgres,1,insert_texto,-,216,0,0.004850000
postgres,1,insert_texto,-,217,0,0.005030200
postgres,1,insert_texto,-,218,0,0.004400700
postgres,1,insert_texto,-,219,0,0.004504400
postgres,1,insert_texto,-,220,0,0.004482900
postgres,1,insert_texto,-,221,0,0.004246300
postgres,1,insert_texto,-,222,0,0.004692700
postgres,1,insert_texto,-,223,0,0.004657500
postgres,1,insert_texto,-,224,0,0.004397500
postgres,1,insert_texto,-,225,0,0.004597900
postgres,1,insert_texto,-,226,0,0.004578200
postgres,1,insert_texto,-,227,0,0.004208400
postgres,1,insert_texto,-,228,0,0.004003700
postgres,1,insert_texto,-,229,0,0.004523500
postgres,1,insert_texto,-,230,0,0.004025000
postgres,1,insert_texto,-,231,0,0.004407600
postgres,1,insert_texto,-,232,0,0.004354500
postgres,1,insert_texto,-,233,0,0.004006500
postgres,1,insert_texto,-,234,0,0.004690300
postgres,1,insert_texto,-,235,0,0.005051800
postgres,1,insert_texto,-,236,0,0.005011000
postgres,1,insert_texto,-,237,0,0.004935800
postgres,1,insert_texto,-,238,0,0.006919700
postgres,1,insert_texto,-,239,0,0.006862700
postgres,1,insert_texto,-,240,0,0.007037200
postgres,1,insert_texto,-,241,0,0.006013300
postgres,1,insert_texto,-,242,0,0.006273300
postgres,1,insert_texto,-,243,0,0.006324700
postgres,1,insert_texto,-,244,0,0.006396500
postgres,1,insert_texto,-,245,0,0.006492100
postgres,1,insert_texto,-,246,0,0.005630400
postgres,1,insert_texto,-,247,0,0.005690600
postgres,1,insert_texto,-,248,0,0.005529900
postgres,1,insert_texto,-,249,0,0.004880300
postgres,1,insert_texto,-,250,0,0.004436100
postgres,1,insert_texto,-,251,0,0.006045500
postgres,1,insert_texto,-,252,0,0.005932200
postgres,1,insert_texto,-,253,0,0.005403600
postgres,1,insert_texto,-,254,0,0.004102300
postgres,1,insert_texto,-,255,0,0.004098700
postgres,1,insert_texto,-,256,0,0.004073900
postgres,1,insert_texto,-,257,0,0.003423900
postgres,1,insert_texto,-,258,0,0.003991600
postgres,1,insert_texto,-,259,0,0.003316300
postgres,1,insert_texto,-,260,0,0.003808800
postgres,1,insert_texto,-,261,0,0.003143200
postgres,1,insert_texto,-,262,0,0.003138800
postgres,1,insert_texto,-,263,0,0.003371600
postgres,1,insert_texto,-,264,0,0.003114100
postgres,1,insert_texto,-,265,0,0.004600000
postgres,1,insert_texto,-,266,0,0.003632600
postgres,1,insert_texto,-,267,0,0.003873500
postgres,1,insert_texto,-,268,0,0.003217500
postgres,1,insert_texto,-,269,0,0.004038300
postgres,1,insert_texto,-,270,0,0.003541100
postgres,1,insert_texto,-,271,0,0.003125900
postgres,1,insert_texto,-,272,0,0.003077600
postgres,1,insert_texto,-,273,0,0.003048500
postgres,1,insert_texto,-,274,0,0.004086100
postgres,1,insert_texto,-,275,0,0.003112700
postgres,1,insert_texto,-,276,0,0.003169600
postgres,1,insert_texto,-,277,0,0.003232900
postgres,1,insert_texto,-,278,0,0.003170400
postgres,1,insert_texto,-,279,0,0.003806100
postgres,1,insert_texto,-,280,0,0.003384200
postgres,1,insert_texto,-,281,0,0.003901200
postgres,1,insert_texto,-,282,0,0.003965200
postgres,1,insert_texto,-,283,0,0.003925600
postgres,1,insert_texto,-,284,0,0.004033200
postgres,1,insert_texto,-,285,0,0.003842500
postgres,1,insert_texto,-,286,0,0.003963800
postgres,1,insert_texto,-,287,0,0.003516500
postgres,1,insert_texto,-,288,0,0.003497400
postgres,1,insert_texto,-,289,0,0.004056300
postgres,1,insert_texto,-,290,0,0.003445900
postgres,1,insert_texto,-,291,0,0.003755300
postgres,1,insert_texto,-,292,0,0.003728100
postgres,1,insert_texto,-,293,0,0.003437300
postgres,1,insert_texto,-,294,0,0.003663900
postgres,1,insert_texto,-,295,0,0.003558000
postgres,1,insert_texto,-,296,0,0.003411300
postgres,1,insert_texto,-,297,0,0.003338500
postgres,1,insert_texto,-,298,0,0.003249400
postgres,1,insert_texto,-,299,0,0.003250800
postgres,1,insert_texto,-,300,0,0.003033200
postgres,1,insert_texto,-,301,0,0.003762700
postgres,1,insert_texto,-,302,0,0.003448300
postgres,1,insert_texto,-,303,0,0.003143700
postgres,1,insert_texto,-,304,0,0.003333300
postgres,1,insert_texto,-,305,0,0.003603900
postgres,1,insert_texto,-,306,0,0.003448200
postgres,1,insert_texto,-,307,0,0.003301700
postgres,1,insert_texto,-,308,0,0.003173600
postgres,1,insert_texto,-,309,0,0.003147400
postgres,1,insert_texto,-,310,0,0.003262300
postgres,1,insert_texto,-,311,0,0.003638300
postgres,1,insert_texto,-,312,0,0.003323000
postgres,1,insert_texto,-,313,0,0.003268900
postgres,1,insert_texto,-,314,0,0.003550000
postgres,1,insert_texto,-,315,0,0.003285300
postgres,1,insert_texto,-,316,0,0.003450700
postgres,1,insert_texto,-,317,0,0.003990600
postgres,1,insert_texto,-,318,0,0.004129300
postgres,1,insert_texto,-,319,0,0.004075500
postgres,1,insert_texto,-,320,0,0.004826800
postgres,1,insert_texto,-,321,0,0.005019400
postgres,1,insert_texto,-,322,0,0.004852700
postgres,1,insert_texto,-,323,0,0.004144400
postgres,1,insert_texto,-,324,0,0.004434600
postgres,1,insert_texto,-,325,0,0.004696500
postgres,1,insert_texto,-,326,0,0.005139700
postgres,1,insert_texto,-,327,0,0.004542100
postgres,1,insert_texto,-,328,0,0.005515400
postgres,1,insert_texto,-,329,0,0.005152300
postgres,1,insert_texto,-,330,0,0.005006100
postgres,1,insert_texto,-,331,0,0.005019400
postgres,1,insert_texto,-,332,0,0.004155800
postgres,1,insert_texto,-,333,0,0.004046400
postgres,1,insert_texto,-,334,0,0.004635100
postgres,1,insert_texto,-,335,0,0.004043200
postgres,1,insert_texto,-,336,0,0.004088800
postgres,1,insert_texto,-,337,0,0.003464300
postgres,1,insert_texto,-,338,0,0.004231500
postgres,1,insert_texto,-,339,0,0.004232800
postgres,1,insert_texto,-,340,0,0.003947600
postgres,1,insert_texto,-,341,0,0.003877900
postgres,1,insert_texto,-,342,0,0.004184500
postgres,1,insert_texto,-,343,0,0.004118800
postgres,1,insert_texto,-,344,0,0.004255400
postgres,1,insert_texto,-,345,0,0.004702600
postgres,1,insert_texto,-,346,0,0.005164100
postgres,1,insert_texto,-,347,0,0.003792500
postgres,1,insert_texto,-,348,0,0.003329900
postgres,1,insert_texto,-,349,0,0.003222500
postgres,1,insert_texto,-,350,0,0.003519100
postgres,1,insert_texto,-,351,0,0.005172800
postgres,1,insert_texto,-,352,0,0.004504400
postgres,1,insert_texto,-,353,0,0.003942900
postgres,1,insert_texto,-,354,0,0.003618400
postgres,1,insert_texto,-,355,0,0.004942400
postgres,1,insert_texto,-,356,0,0.003971600
postgres,1,insert_texto,-,357,0,0.004550100
postgres,1,insert_texto,-,358,0,0.005402300
postgres,1,insert_texto,-,359,0,0.004313800
postgres,1,insert_texto,-,360,0,0.003724200
postgres,1,insert_texto,-,361,0,0.004342000
postgres,1,insert_texto,-,362,0,0.004366500
postgres,1,insert_texto,-,363,0,0.004583100
postgres,1,insert_texto,-,364,0,0.005145500
postgres,1,insert_texto,-,365,0,0.003622500
postgres,1,insert_texto,-,366,0,0.004141900
postgres,1,insert_texto,-,367,0,0.003026600
postgres,1,insert_texto,-,368,0,0.003255200
postgres,1,insert_texto,-,369,0,0.003013800
postgres,1,insert_texto,-,370,0,0.003047600
postgres,1,insert_texto,-,371,0,0.004051700
postgres,1,insert_texto,-,372,0,0.002915900
postgres,1,insert_texto,-,373,0,0.002894400
postgres,1,insert_texto,-,374,0,0.003313200
postgres,1,insert_texto,-,375,0,0.002947100
postgres,1,insert_texto,-,376,0,0.004458200
postgres,1,insert_texto,-,377,0,0.003020300
postgres,1,insert_texto,-,378,0,0.003483900
postgres,1,insert_texto,-,379,0,0.003010700
postgres,1,insert_texto,-,380,0,0.003187500
postgres,1,insert_texto,-,381,0,0.004242300
postgres,1,insert_texto,-,382,0,0.002796200
postgres,1,insert_texto,-,383,0,0.002892800
postgres,1,insert_texto,-,384,0,0.002965200
postgres,1,insert_texto,-,385,0,0.002623800
postgres,1,insert_texto,-,386,0,0.003398500
postgres,1,insert_texto,-,387,0,0.002928600
postgres,1,insert_texto,-,388,0,0.002965800
postgres,1,insert_texto,-,389,0,0.002786400
postgres,1,insert_texto,-,390,0,0.002714700
postgres,1,insert_texto,-,391,0,0.002828600
postgres,1,insert_texto,-,392,0,0.003787300
postgres,1,insert_texto,-,393,0,0.002778400
postgres,1,insert_texto,-,394,0,0.003092100
postgres,1,insert_texto,-,395,0,0.003027100
postgres,1,insert_texto,-,396,0,0.002988300
postgres,1,insert_texto,-,397,0,0.003889200
postgres,1,insert_texto,-,398,0,0.002943400
postgres,1,insert_texto,-,399,0,0.003035700
postgres,1,insert_texto,-,400,0,0.002936200
postgres,1,insert_texto,-,401,0,0.002747900
postgres,1,insert_texto,-,402,0,0.003351100
postgres,1,insert_texto,-,403,0,0.003919600
postgres,1,insert_texto,-,404,0,0.003080800
postgres,1,insert_texto,-,405,0,0.003024700
postgres,1,insert_texto,-,406,0,0.003001900
postgres,1,insert_texto,-,407,0,0.003281800
postgres,1,insert_texto,-,408,0,0.003255500
postgres,1,insert_texto,-,409,0,0.002977800
postgres,1,insert_texto,-,410,0,0.002767200
postgres,1,insert_texto,-,411,0,0.002797900
postgres,1,insert_texto,-,412,0,0.002881200
postgres,1,insert_texto,-,413,0,0.003896700
postgres,1,insert_texto,-,414,0,0.003112500
postgres,1,insert_texto,-,415,0,0.002851900
postgres,1,insert_texto,-,416,0,0.002756900
postgres,1,insert_texto,-,417,0,0.002987200
postgres,1,insert_texto,-,418,0,0.003064800
postgres,1,insert_texto,-,419,0,0.003430400
postgres,1,insert_texto,-,420,0,0.002753300
postgres,1,insert_texto,-,421,0,0.002710800
postgres,1,insert_texto,-,422,0,0.002563100
postgres,1,insert_texto,-,423,0,0.002660000
postgres,1,insert_texto,-,424,0,0.003749600
postgres,1,insert_texto,-,425,0,0.002866800
postgres,1,insert_texto,-,426,0,0.002812800
postgres,1,insert_texto,-,427,0,0.002906700
postgres,1,insert_texto,-,428,0,0.002595400
postgres,1,insert_texto,-,429,0,0.003276300
postgres,1,insert_texto,-,430,0,0.003469500
postgres,1,insert_texto,-,431,0,0.002750500
postgres,1,insert_texto,-,432,0,0.002779700
postgres,1,insert_texto,-,433,0,0.003212200
postgres,1,insert_texto,-,434,0,0.002955900
postgres,1,insert_texto,-,435,0,0.003779900
postgres,1,insert_texto,-,436,0,0.002814000
postgres,1,insert_texto,-,437,0,0.002713800
postgres,1,insert_texto,-,438,0,0.002614900
postgres,1,insert_texto,-,439,0,0.002654700
postgres,1,insert_texto,-,440,0,0.003214000
postgres,1,insert_texto,-,441,0,0.003470700
postgres,1,insert_texto,-,442,0,0.002691300
postgres,1,insert_texto,-,443,0,0.002629200
postgres,1,insert_texto,-,444,0,0.002702500
postgres,1,insert_texto,-,445,0,0.002789100
postgres,1,insert_texto,-,446,0,0.003462200
postgres,1,insert_texto,-,447,0,0.003084900
postgres,1,insert_texto,-,448,0,0.002710500
postgres,1,insert_texto,-,449,0,0.002932000
postgres,1,insert_texto,-,450,0,0.002910900
postgres,1,insert_texto,-,451,0,0.002890300
postgres,1,insert_texto,-,452,0,0.003397000
postgres,1,insert_texto,-,453,0,0.002871400
postgres,1,insert_texto,-,454,0,0.002784300
postgres,1,insert_texto,-,455,0,0.002566200
postgres,1,insert_texto,-,456,0,0.002595100
postgres,1,insert_texto,-,457,0,0.003288400
postgres,1,insert_texto,-,458,0,0.003556400
postgres,1,insert_texto,-,459,0,0.002852200
postgres,1,insert_texto,-,460,0,0.003013200
postgres,1,insert_texto,-,461,0,0.002770200
postgres,1,insert_texto,-,462,0,0.002758200
postgres,1,insert_texto,-,463,0,0.003415300
postgres,1,insert_texto,-,464,0,0.002864600
postgres,1,insert_texto,-,465,0,0.002917400
postgres,1,insert_texto,-,466,0,0.002976200
postgres,1,insert_texto,-,467,0,0.002750400
postgres,1,insert_texto,-,468,0,0.003038400
postgres,1,insert_texto,-,469,0,0.003735500
postgres,1,insert_texto,-,470,0,0.003218500
postgres,1,insert_texto,-,471,0,0.003011500
postgres,1,insert_texto,-,472,0,0.002926300
postgres,1,insert_texto,-,473,0,0.003058800
postgres,1,insert_texto,-,474,0,0.004190800
postgres,1,insert_texto,-,475,0,0.003245500
postgres,1,insert_texto,-,476,0,0.003099100
postgres,1,insert_texto,-,477,0,0.003150700
postgres,1,insert_texto,-,478,0,0.003148500
postgres,1,insert_texto,-,479,0,0.004130300
postgres,1,insert_texto,-,480,0,0.003108500
postgres,1,insert_texto,-,481,0,0.002823100
postgres,1,insert_texto,-,482,0,0.002760800
postgres,1,insert_texto,-,483,0,0.002894200
postgres,1,insert_texto,-,484,0,0.003648700
postgres,1,insert_texto,-,485,0,0.002970000
postgres,1,insert_texto,-,486,0,0.003064000
postgres,1,insert_texto,-,487,0,0.003208200
postgres,1,insert_texto,-,488,0,0.002821400
postgres,1,insert_texto,-,489,0,0.003981000
postgres,1,insert_texto,-,490,0,0.002905200
postgres,1,insert_texto,-,491,0,0.002886100
postgres,1,insert_texto,-,492,0,0.003114700
postgres,1,insert_texto,-,493,0,0.003185700
postgres,1,insert_texto,-,494,0,0.003409100
postgres,1,insert_texto,-,495,0,0.003217800
postgres,1,insert_texto,-,496,0,0.002713900
postgres,1,insert_texto,-,497,0,0.002948100
postgres,1,insert_texto,-,498,0,0.002874700
postgres,1,insert_texto,-,499,0,0.002837600
postgres,1,insert_texto,-,500,0,0.003769200
postgres,1,insert_texto,-,501,0,0.003111500
postgres,1,insert_texto,-,502,0,0.002760900
postgres,1,insert_texto,-,503,0,0.002499800
postgres,1,insert_texto,-,504,0,0.003082600
postgres,1,insert_texto,-,505,0,0.003335700
postgres,1,insert_texto,-,506,0,0.003832500
postgres,1,insert_texto,-,507,0,0.004034000
postgres,1,insert_texto,-,508,0,0.002760600
postgres,1,insert_texto,-,509,0,0.002742200
postgres,1,insert_texto,-,510,0,0.003301100
postgres,1,insert_texto,-,511,0,0.003332900
postgres,1,insert_texto,-,512,0,0.003021500
postgres,1,insert_texto,-,513,0,0.002858500
postgres,1,insert_texto,-,514,0,0.002918900
postgres,1,insert_texto,-,515,0,0.003051900
postgres,1,insert_texto,-,516,0,0.003577500
postgres,1,insert_texto,-,517,0,0.003062800
postgres,1,insert_texto,-,518,0,0.002942100
postgres,1,insert_texto,-,519,0,0.003232200
postgres,1,insert_texto,-,520,0,0.002977300
postgres,1,insert_texto,-,521,0,0.003568600
postgres,1,insert_texto,-,522,0,0.002963200
postgres,1,insert_texto,-,523,0,0.003042100
postgres,1,insert_texto,-,524,0,0.002970600
postgres,1,insert_texto,-,525,0,0.003159900
postgres,1,insert_texto,-,526,0,0.003655300
postgres,1,insert_texto,-,527,0,0.003598100
postgres,1,insert_texto,-,528,0,0.003248300
postgres,1,insert_texto,-,529,0,0.003752000
postgres,1,insert_texto,-,530,0,0.003302800
postgres,1,insert_texto,-,531,0,0.004231300
postgres,1,insert_texto,-,532,0,0.004145400
postgres,1,insert_texto,-,533,0,0.004635100
postgres,1,insert_texto,-,534,0,0.003513400
postgres,1,insert_texto,-,535,0,0.004772000
postgres,1,insert_texto,-,536,0,0.003312300
postgres,1,insert_texto,-,537,0,0.003137100
postgres,1,insert_texto,-,538,0,0.003167400
postgres,1,insert_texto,-,539,0,0.003479400
postgres,1,insert_texto,-,540,0,0.004357900
postgres,1,insert_texto,-,541,0,0.003738700
postgres,1,insert_texto,-,542,0,0.003881200
postgres,1,insert_texto,-,543,0,0.003446700
postgres,1,insert_texto,-,544,0,0.004319500
postgres,1,insert_texto,-,545,0,0.003365600
postgres,1,insert_texto,-,546,0,0.003044300
postgres,1,insert_texto,-,547,0,0.003205800
postgres,1,insert_texto,-,548,0,0.002973100
postgres,1,insert_texto,-,549,0,0.004105500
postgres,1,insert_texto,-,550,0,0.003243200
postgres,1,insert_texto,-,551,0,0.002841200
postgres,1,insert_texto,-,552,0,0.003346000
postgres,1,insert_texto,-,553,0,0.002709500
postgres,1,insert_texto,-,554,0,0.003669900
postgres,1,insert_texto,-,555,0,0.003977000
postgres,1,insert_texto,-,556,0,0.003072500
postgres,1,insert_texto,-,557,0,0.002843500
postgres,1,insert_texto,-,558,0,0.002934600
postgres,1,insert_texto,-,559,0,0.003960600
postgres,1,insert_texto,-,560,0,0.003175500
postgres,1,insert_texto,-,561,0,0.003319200
postgres,1,insert_texto,-,562,0,0.003081200
postgres,1,insert_texto,-,563,0,0.003293200
postgres,1,insert_texto,-,564,0,0.003637600
postgres,1,insert_texto,-,565,0,0.004195300
postgres,1,insert_texto,-,566,0,0.003184000
postgres,1,insert_texto,-,567,0,0.003071900
postgres,1,insert_texto,-,568,0,0.002636100
postgres,1,insert_texto,-,569,0,0.003440700
postgres,1,insert_texto,-,570,0,0.003408700
postgres,1,insert_texto,-,571,0,0.002692900
postgres,1,insert_texto,-,572,0,0.003133500
postgres,1,insert_texto,-,573,0,0.002688500
postgres,1,insert_texto,-,574,0,0.003010000
postgres,1,insert_texto,-,575,0,0.002748200
postgres,1,insert_texto,-,576,0,0.002581800
postgres,1,insert_texto,-,577,0,0.002503900
postgres,1,insert_texto,-,578,0,0.002510100
postgres,1,insert_texto,-,579,0,0.002531300
postgres,1,insert_texto,-,580,0,0.002917200
postgres,1,insert_texto,-,581,0,0.002892700
postgres,1,insert_texto,-,582,0,0.002517000
postgres,1,insert_texto,-,583,0,0.002533700
postgres,1,insert_texto,-,584,0,0.002499100
postgres,1,insert_texto,-,585,0,0.002603900
postgres,1,insert_texto,-,586,0,0.002701900
postgres,1,insert_texto,-,587,0,0.003172000
postgres,1,insert_texto,-,588,0,0.002515000
postgres,1,insert_texto,-,589,0,0.002659300
postgres,1,insert_texto,-,590,0,0.002617200
postgres,1,insert_texto,-,591,0,0.002615600
postgres,1,insert_texto,-,592,0,0.002608100
postgres,1,insert_texto,-,593,0,0.002676800
postgres,1,insert_texto,-,594,0,0.002561100
postgres,1,insert_texto,-,595,0,0.002460200
postgres,1,insert_texto,-,596,0,0.002598800
postgres,1,insert_texto,-,597,0,0.002573000
postgres,1,insert_texto,-,598,0,0.002757600
postgres,1,insert_texto,-,599,0,0.002661100
postgres,1,insert_texto,-,600,0,0.002699100
postgres,1,insert_texto,-,601,0,0.002563100
postgres,1,insert_texto,-,602,0,0.002518900
postgres,1,insert_texto,-,603,0,0.003636600
postgres,1,insert_texto,-,604,0,0.003261500
postgres,1,insert_texto,-,605,0,0.002843700
postgres,1,insert_texto,-,606,0,0.002863900
postgres,1,insert_texto,-,607,0,0.003218400
postgres,1,insert_texto,-,608,0,0.002607700
postgres,1,insert_texto,-,609,0,0.002770600
postgres,1,insert_texto,-,610,0,0.002671100
postgres,1,insert_texto,-,611,0,0.002692800
postgres,1,insert_texto,-,612,0,0.002611400
postgres,1,insert_texto,-,613,0,0.002699000
postgres,1,insert_texto,-,614,0,0.002523600
postgres,1,insert_texto,-,615,0,0.002639500
postgres,1,insert_texto,-,616,0,0.002566800
postgres,1,insert_texto,-,617,0,0.002533400
postgres,1,insert_texto,-,618,0,0.002588400
postgres,1,insert_texto,-,619,0,0.002527000
postgres,1,insert_texto,-,620,0,0.002443800
postgres,1,insert_texto,-,621,0,0.002660500
postgres,1,insert_texto,-,622,0,0.002627000
postgres,1,insert_texto,-,623,0,0.002515600
postgres,1,insert_texto,-,624,0,0.002549500
postgres,1,insert_texto,-,625,0,0.002563100
postgres,1,insert_texto,-,626,0,0.002502100
postgres,1,insert_texto,-,627,0,0.002500000
postgres,1,insert_texto,-,628,0,0.002949800
postgres,1,insert_texto,-,629,0,0.002650200
postgres,1,insert_texto,-,630,0,0.002536100
postgres,1,insert_texto,-,631,0,0.002541900
postgres,1,insert_texto,-,632,0,0.002609600
postgres,1,insert_texto,-,633,0,0.002586700
postgres,1,insert_texto,-,634,0,0.002703700
postgres,1,insert_texto,-,635,0,0.002618200
postgres,1,insert_texto,-,636,0,0.002591300
postgres,1,insert_texto,-,637,0,0.002499000
postgres,1,insert_texto,-,638,0,0.002454500
postgres,1,insert_texto,-,639,0,0.002432600
postgres,1,insert_texto,-,640,0,0.002696900
postgres,1,insert_texto,-,641,0,0.002529000
postgres,1,insert_texto,-,642,0,0.002431200
postgres,1,insert_texto,-,643,0,0.002451000
postgres,1,insert_texto,-,644,0,0.002532900
postgres,1,insert_texto,-,645,0,0.002542500
postgres,1,insert_texto,-,646,0,0.002779900
postgres,1,insert_texto,-,647,0,0.002625200
postgres,1,insert_texto,-,648,0,0.002553800
postgres,1,insert_texto,-,649,0,0.002528600
postgres,1,insert_texto,-,650,0,0.002526100
postgres,1,insert_texto,-,651,0,0.002542900
postgres,1,insert_texto,-,652,0,0.002608000
postgres,1,insert_texto,-,653,0,0.002554600
postgres,1,insert_texto,-,654,0,0.002517000
postgres,1,insert_texto,-,655,0,0.002540400
postgres,1,insert_texto,-,656,0,0.003154300
postgres,1,insert_texto,-,657,0,0.003083600
postgres,1,insert_texto,-,658,0,0.003448100
postgres,1,insert_texto,-,659,0,0.003291600
postgres,1,insert_texto,-,660,0,0.003033100
postgres,1,insert_texto,-,661,0,0.003541500
postgres,1,insert_texto,-,662,0,0.002988300
postgres,1,insert_texto,-,663,0,0.003757600
postgres,1,insert_texto,-,664,0,0.003294800
postgres,1,insert_texto,-,665,0,0.003014400
postgres,1,insert_texto,-,666,0,0.002903800
postgres,1,insert_texto,-,667,0,0.003213500
postgres,1,insert_texto,-,668,0,0.002790300
postgres,1,insert_texto,-,669,0,0.002785300
postgres,1,insert_texto,-,670,0,0.002938200
postgres,1,insert_texto,-,671,0,0.002562100
postgres,1,insert_texto,-,672,0,0.002722500
postgres,1,insert_texto,-,673,0,0.002761900
postgres,1,insert_texto,-,674,0,0.003490300
postgres,1,insert_texto,-,675,0,0.002936000
postgres,1,insert_texto,-,676,0,0.004243300
postgres,1,insert_texto,-,677,0,0.003670900
postgres,1,insert_texto,-,678,0,0.003430400
postgres,1,insert_texto,-,679,0,0.003012500
postgres,1,insert_texto,-,680,0,0.003222700
postgres,1,insert_texto,-,681,0,0.002947300
postgres,1,insert_texto,-,682,0,0.002923300
postgres,1,insert_texto,-,683,0,0.003378000
postgres,1,insert_texto,-,684,0,0.003316600
postgres,1,insert_texto,-,685,0,0.003042400
postgres,1,insert_texto,-,686,0,0.002805900
postgres,1,insert_texto,-,687,0,0.003162200
postgres,1,insert_texto,-,688,0,0.003241900
postgres,1,insert_texto,-,689,0,0.003503200
postgres,1,insert_texto,-,690,0,0.003565200
postgres,1,insert_texto,-,691,0,0.003520300
postgres,1,insert_texto,-,692,0,0.003754900
postgres,1,insert_texto,-,693,0,0.003832900
postgres,1,insert_texto,-,694,0,0.003685800
postgres,1,insert_texto,-,695,0,0.003802400
postgres,1,insert_texto,-,696,0,0.003920800
postgres,1,insert_texto,-,697,0,0.003899700
postgres,1,insert_texto,-,698,0,0.003584300
postgres,1,insert_texto,-,699,0,0.003662700
postgres,1,insert_texto,-,700,0,0.004068900
postgres,1,insert_texto,-,701,0,0.004068800
postgres,1,insert_texto,-,702,0,0.003903100
postgres,1,insert_texto,-,703,0,0.003749400
postgres,1,insert_texto,-,704,0,0.004433900
postgres,1,insert_texto,-,705,0,0.005891500
postgres,1,insert_texto,-,706,0,0.003742100
postgres,1,insert_texto,-,707,0,0.003586500
postgres,1,insert_texto,-,708,0,0.002723400
postgres,1,insert_texto,-,709,0,0.003288200
postgres,1,insert_texto,-,710,0,0.003135600
postgres,1,insert_texto,-,711,0,0.002790200
postgres,1,insert_texto,-,712,0,0.002648700
postgres,1,insert_texto,-,713,0,0.002418400
postgres,1,insert_texto,-,714,0,0.002258900
postgres,1,insert_texto,-,715,0,0.002984600
postgres,1,insert_texto,-,716,0,0.003412800
postgres,1,insert_texto,-,717,0,0.002662600
postgres,1,insert_texto,-,718,0,0.002371900
postgres,1,insert_texto,-,719,0,0.002485300
postgres,1,insert_texto,-,720,0,0.002600800
postgres,1,insert_texto,-,721,0,0.002693800
postgres,1,insert_texto,-,722,0,0.003143700
postgres,1,insert_texto,-,723,0,0.002497800
postgres,1,insert_texto,-,724,0,0.002362400
postgres,1,insert_texto,-,725,0,0.002428800
postgres,1,insert_texto,-,726,0,0.002279900
postgres,1,insert_texto,-,727,0,0.002538400
postgres,1,insert_texto,-,728,0,0.003620400
postgres,1,insert_texto,-,729,0,0.002734800
postgres,1,insert_texto,-,730,0,0.002815800
postgres,1,insert_texto,-,731,0,0.002427500
postgres,1,insert_texto,-,732,0,0.002247500
postgres,1,insert_texto,-,733,0,0.002640400
postgres,1,insert_texto,-,734,0,0.003525800
postgres,1,insert_texto,-,735,0,0.002995600
postgres,1,insert_texto,-,736,0,0.002475000
postgres,1,insert_texto,-,737,0,0.002480100
postgres,1,insert_texto,-,738,0,0.002282900
postgres,1,insert_texto,-,739,0,0.002347500
postgres,1,insert_texto,-,740,0,0.003385300
postgres,1,insert_texto,-,741,0,0.003151100
postgres,1,insert_texto,-,742,0,0.002735400
postgres,1,insert_texto,-,743,0,0.002821400
postgres,1,insert_texto,-,744,0,0.002800500
postgres,1,insert_texto,-,745,0,0.002259200
postgres,1,insert_texto,-,746,0,0.003175300
postgres,1,insert_texto,-,747,0,0.002793400
postgres,1,insert_texto,-,748,0,0.002298200
postgres,1,insert_texto,-,749,0,0.002296100
postgres,1,insert_texto,-,750,0,0.002403800
postgres,1,insert_texto,-,751,0,0.002764000
postgres,1,insert_texto,-,752,0,0.003152200
postgres,1,insert_texto,-,753,0,0.003118100
postgres,1,insert_texto,-,754,0,0.002874100
postgres,1,insert_texto,-,755,0,0.002634200
postgres,1,insert_texto,-,756,0,0.003947200
postgres,1,insert_texto,-,757,0,0.004289900
postgres,1,insert_texto,-,758,0,0.003430800
postgres,1,insert_texto,-,759,0,0.003199300
postgres,1,insert_texto,-,760,0,0.002618000
postgres,1,insert_texto,-,761,0,0.002955100
postgres,1,insert_texto,-,762,0,0.002721800
postgres,1,insert_texto,-,763,0,0.003704900
postgres,1,insert_texto,-,764,0,0.003206500
postgres,1,insert_texto,-,765,0,0.002313000
postgres,1,insert_texto,-,766,0,0.002916300
postgres,1,insert_texto,-,767,0,0.003048600
postgres,1,insert_texto,-,768,0,0.003070000
postgres,1,insert_texto,-,769,0,0.002370800
postgres,1,insert_texto,-,770,0,0.002347100
postgres,1,insert_texto,-,771,0,0.002299900
postgres,1,insert_texto,-,772,0,0.002282500
postgres,1,insert_texto,-,773,0,0.002587800
postgres,1,insert_texto,-,774,0,0.002747900
postgres,1,insert_texto,-,775,0,0.003292000
postgres,1,insert_texto,-,776,0,0.002686600
postgres,1,insert_texto,-,777,0,0.004139200
postgres,1,insert_texto,-,778,0,0.003599200
postgres,1,insert_texto,-,779,0,0.003295900
postgres,1,insert_texto,-,780,0,0.003137400
postgres,1,insert_texto,-,781,0,0.003018300
postgres,1,insert_texto,-,782,0,0.003047300
postgres,1,insert_texto,-,783,0,0.002789300
postgres,1,insert_texto,-,784,0,0.003201100
postgres,1,insert_texto,-,785,0,0.003252000
postgres,1,insert_texto,-,786,0,0.002996900
postgres,1,insert_texto,-,787,0,0.003026100
postgres,1,insert_texto,-,788,0,0.003247200
postgres,1,insert_texto,-,789,0,0.003670600
postgres,1,insert_texto,-,790,0,0.004512500
postgres,1,insert_texto,-,791,0,0.006115600
postgres,1,insert_texto,-,792,0,0.004891000
postgres,1,insert_texto,-,793,0,0.004487900
postgres,1,insert_texto,-,794,0,0.004689200
postgres,1,insert_texto,-,795,0,0.004825200
postgres,1,insert_texto,-,796,0,0.004417000
postgres,1,insert_texto,-,797,0,0.004607300
postgres,1,insert_texto,-,798,0,0.004170300
postgres,1,insert_texto,-,799,0,0.004295300
postgres,1,insert_texto,-,800,0,0.004463300
postgres,1,insert_texto,-,801,0,0.004494400
postgres,1,insert_texto,-,802,0,0.004454500
postgres,1,insert_texto,-,803,0,0.004317600
postgres,1,insert_texto,-,804,0,0.004629000
postgres,1,insert_texto,-,805,0,0.004342100
postgres,1,insert_texto,-,806,0,0.004298800
postgres,1,insert_texto,-,807,0,0.004134900
postgres,1,insert_texto,-,808,0,0.003684800
postgres,1,insert_texto,-,809,0,0.003432100
postgres,1,insert_texto,-,810,0,0.003064400
postgres,1,insert_texto,-,811,0,0.003152600
postgres,1,insert_texto,-,812,0,0.003461700
postgres,1,insert_texto,-,813,0,0.003136900
postgres,1,insert_texto,-,814,0,0.003339900
postgres,1,insert_texto,-,815,0,0.002944100
postgres,1,insert_texto,-,816,0,0.002806800
postgres,1,insert_texto,-,817,0,0.002933600
postgres,1,insert_texto,-,818,0,0.002749800
postgres,1,insert_texto,-,819,0,0.003445500
postgres,1,insert_texto,-,820,0,0.002916000
postgres,1,insert_texto,-,821,0,0.002731600
postgres,1,insert_texto,-,822,0,0.003083500
postgres,1,insert_texto,-,823,0,0.002730800
postgres,1,insert_texto,-,824,0,0.002838300
postgres,1,insert_texto,-,825,0,0.003256800
postgres,1,insert_texto,-,826,0,0.002856900
postgres,1,insert_texto,-,827,0,0.002709100
postgres,1,insert_texto,-,828,0,0.002979900
postgres,1,insert_texto,-,829,0,0.002557700
postgres,1,insert_texto,-,830,0,0.003116400
postgres,1,insert_texto,-,831,0,0.003183900
postgres,1,insert_texto,-,832,0,0.003152400
postgres,1,insert_texto,-,833,0,0.003430900
postgres,1,insert_texto,-,834,0,0.002660400
postgres,1,insert_texto,-,835,0,0.002887900
postgres,1,insert_texto,-,836,0,0.003263500
postgres,1,insert_texto,-,837,0,0.003493500
postgres,1,insert_texto,-,838,0,0.002997800
postgres,1,insert_texto,-,839,0,0.002870900
postgres,1,insert_texto,-,840,0,0.002701300
postgres,1,insert_texto,-,841,0,0.003856400
postgres,1,insert_texto,-,842,0,0.003095800
postgres,1,insert_texto,-,843,0,0.002952200
postgres,1,insert_texto,-,844,0,0.002813300
postgres,1,insert_texto,-,845,0,0.002862400
postgres,1,insert_texto,-,846,0,0.003679700
postgres,1,insert_texto,-,847,0,0.002985600
postgres,1,insert_texto,-,848,0,0.003243000
postgres,1,insert_texto,-,849,0,0.002952400
postgres,1,insert_texto,-,850,0,0.003112300
postgres,1,insert_texto,-,851,0,0.003886800
postgres,1,insert_texto,-,852,0,0.003235200
postgres,1,insert_texto,-,853,0,0.004118900
postgres,1,insert_texto,-,854,0,0.002673400
postgres,1,insert_texto,-,855,0,0.002772300
postgres,1,insert_texto,-,856,0,0.003219300
postgres,1,insert_texto,-,857,0,0.003375400
postgres,1,insert_texto,-,858,0,0.003249800
postgres,1,insert_texto,-,859,0,0.002719100
postgres,1,insert_texto,-,860,0,0.002701100
postgres,1,insert_texto,-,861,0,0.002990500
postgres,1,insert_texto,-,862,0,0.003535100
postgres,1,insert_texto,-,863,0,0.002938600
postgres,1,insert_texto,-,864,0,0.002835400
postgres,1,insert_texto,-,865,0,0.002658900
postgres,1,insert_texto,-,866,0,0.003030000
postgres,1,insert_texto,-,867,0,0.002965800
postgres,1,insert_texto,-,868,0,0.003457700
postgres,1,insert_texto,-,869,0,0.002944700
postgres,1,insert_texto,-,870,0,0.002560200
postgres,1,insert_texto,-,871,0,0.002698900
postgres,1,insert_texto,-,872,0,0.002789000
postgres,1,insert_texto,-,873,0,0.003407800
postgres,1,insert_texto,-,874,0,0.002886400
postgres,1,insert_texto,-,875,0,0.002697000
postgres,1,insert_texto,-,876,0,0.002442800
postgres,1,insert_texto,-,877,0,0.002894300
postgres,1,insert_texto,-,878,0,0.002651000
postgres,1,insert_texto,-,879,0,0.003837100
postgres,1,insert_texto,-,880,0,0.002928000
postgres,1,insert_texto,-,881,0,0.002533500
postgres,1,insert_texto,-,882,0,0.002778300
postgres,1,insert_texto,-,883,0,0.002844000
postgres,1,insert_texto,-,884,0,0.002619300
postgres,1,insert_texto,-,885,0,0.003603600
postgres,1,insert_texto,-,886,0,0.002645600
postgres,1,insert_texto,-,887,0,0.002557700
postgres,1,insert_texto,-,888,0,0.003034500
postgres,1,insert_texto,-,889,0,0.002786300
postgres,1,insert_texto,-,890,0,0.002887700
postgres,1,insert_texto,-,891,0,0.003430700
postgres,1,insert_texto,-,892,0,0.002623100
postgres,1,insert_texto,-,893,0,0.002602900
postgres,1,insert_texto,-,894,0,0.002682800
postgres,1,insert_texto,-,895,0,0.002620900
postgres,1,insert_texto,-,896,0,0.003053200
postgres,1,insert_texto,-,897,0,0.002796000
postgres,1,insert_texto,-,898,0,0.002496500
postgres,1,insert_texto,-,899,0,0.002511600
postgres,1,insert_texto,-,900,0,0.002569100
postgres,1,insert_texto,-,901,0,0.002535200
postgres,1,insert_texto,-,902,0,0.003047200
postgres,1,insert_texto,-,903,0,0.002992100
postgres,1,insert_texto,-,904,0,0.002426200
postgres,1,insert_texto,-,905,0,0.002652000
postgres,1,insert_texto,-,906,0,0.002661500
postgres,1,insert_texto,-,907,0,0.002485600
postgres,1,insert_texto,-,908,0,0.002621100
postgres,1,insert_texto,-,909,0,0.003449800
postgres,1,insert_texto,-,910,0,0.002420700
postgres,1,insert_texto,-,911,0,0.002748500
postgres,1,insert_texto,-,912,0,0.002463600
postgres,1,insert_texto,-,913,0,0.002391400
postgres,1,insert_texto,-,914,0,0.002694200
postgres,1,insert_texto,-,915,0,0.003310900
postgres,1,insert_texto,-,916,0,0.002413700
postgres,1,insert_texto,-,917,0,0.002762700
postgres,1,insert_texto,-,918,0,0.002378300
postgres,1,insert_texto,-,919,0,0.002393600
postgres,1,insert_texto,-,920,0,0.002819500
postgres,1,insert_texto,-,921,0,0.003459300
postgres,1,insert_texto,-,922,0,0.003074400
postgres,1,insert_texto,-,923,0,0.002727500
postgres,1,insert_texto,-,924,0,0.002548000
postgres,1,insert_texto,-,925,0,0.002473100
postgres,1,insert_texto,-,926,0,0.002977400
postgres,1,insert_texto,-,927,0,0.003099600
postgres,1,insert_texto,-,928,0,0.002670700
postgres,1,insert_texto,-,929,0,0.002588600
postgres,1,insert_texto,-,930,0,0.002668800
postgres,1,insert_texto,-,931,0,0.002536700
postgres,1,insert_texto,-,932,0,0.002767800
postgres,1,insert_texto,-,933,0,0.003361200
postgres,1,insert_texto,-,934,0,0.002526000
postgres,1,insert_texto,-,935,0,0.002581200
postgres,1,insert_texto,-,936,0,0.002368900
postgres,1,insert_texto,-,937,0,0.002384900
postgres,1,insert_texto,-,938,0,0.002778900
postgres,1,insert_texto,-,939,0,0.003493000
postgres,1,insert_texto,-,940,0,0.002754800
postgres,1,insert_texto,-,941,0,0.002845800
postgres,1,insert_texto,-,942,0,0.002711200
postgres,1,insert_texto,-,943,0,0.003335700
postgres,1,insert_texto,-,944,0,0.002951200
postgres,1,insert_texto,-,945,0,0.003741800
postgres,1,insert_texto,-,946,0,0.002926200
postgres,1,insert_texto,-,947,0,0.002738100
postgres,1,insert_texto,-,948,0,0.003070700
postgres,1,insert_texto,-,949,0,0.002839900
postgres,1,insert_texto,-,950,0,0.003471600
postgres,1,insert_texto,-,951,0,0.002846200
postgres,1,insert_texto,-,952,0,0.002566200
postgres,1,insert_texto,-,953,0,0.002307000
postgres,1,insert_texto,-,954,0,0.002817600
postgres,1,insert_texto,-,955,0,0.002367000
postgres,1,insert_texto,-,956,0,0.002782200
postgres,1,insert_texto,-,957,0,0.002297300
postgres,1,insert_texto,-,958,0,0.002606800
postgres,1,insert_texto,-,959,0,0.002298700
postgres,1,insert_texto,-,960,0,0.002578300
postgres,1,insert_texto,-,961,0,0.002262200
postgres,1,insert_texto,-,962,0,0.002685000
postgres,1,insert_texto,-,963,0,0.002564000
postgres,1,insert_texto,-,964,0,0.002492100
postgres,1,insert_texto,-,965,0,0.002420800
postgres,1,insert_texto,-,966,0,0.002478600
postgres,1,insert_texto,-,967,0,0.002378000
postgres,1,insert_texto,-,968,0,0.002527300
postgres,1,insert_texto,-,969,0,0.002570400
postgres,1,insert_texto,-,970,0,0.002353600
postgres,1,insert_texto,-,971,0,0.002301100
postgres,1,insert_texto,-,972,0,0.002268900
postgres,1,insert_texto,-,973,0,0.002427000
postgres,1,insert_texto,-,974,0,0.002336000
postgres,1,insert_texto,-,975,0,0.002344100
postgres,1,insert_texto,-,976,0,0.002699500
postgres,1,insert_texto,-,977,0,0.002425300
postgres,1,insert_texto,-,978,0,0.002399000
postgres,1,insert_texto,-,979,0,0.002409300
postgres,1,insert_texto,-,980,0,0.002382000
postgres,1,insert_texto,-,981,0,0.002297900
postgres,1,insert_texto,-,982,0,0.002556100
postgres,1,insert_texto,-,983,0,0.003345400
postgres,1,insert_texto,-,984,0,0.002505600
postgres,1,insert_texto,-,985,0,0.002307800
postgres,1,insert_texto,-,986,0,0.002682300
postgres,1,insert_texto,-,987,0,0.002507800
postgres,1,insert_texto,-,988,0,0.002430500
postgres,1,insert_texto,-,989,0,0.003108500
postgres,1,insert_texto,-,990,0,0.002599300
postgres,1,insert_texto,-,991,0,0.002571400
postgres,1,insert_texto,-,992,0,0.002985400
postgres,1,insert_texto,-,993,0,0.002644600
postgres,1,insert_texto,-,994,0,0.002552600
postgres,1,insert_texto,-,995,0,0.002916600
postgres,1,insert_texto,-,996,0,0.002662500
postgres,1,insert_texto,-,997,0,0.002597100
postgres,1,insert_texto,-,998,0,0.002741500
postgres,1,insert_texto,-,999,0,0.002649000
postgres,1,insert_texto,-,1000,0,0.002332600
postgres,1,insert_texto,-,1001,0,0.002951300
postgres,1,insert_texto,-,1002,0,0.002882900
postgres,1,insert_texto,-,1003,0,0.002741600
postgres,1,insert_texto,-,1004,0,0.002771100
postgres,1,insert_texto,-,1005,0,0.002525800
postgres,1,insert_texto,-,1006,0,0.002730200
postgres,1,insert_texto,-,1007,0,0.002858200
postgres,1,insert_texto,-,1008,0,0.003664400
postgres,1,insert_texto,-,1009,0,0.002966900
postgres,1,insert_texto,-,1010,0,0.002561600
postgres,1,insert_texto,-,1011,0,0.002708300
postgres,1,insert_texto,-,1012,0,0.002961900
postgres,1,insert_texto,-,1013,0,0.002892200
postgres,1,insert_texto,-,1014,0,0.002803600
postgres,1,insert_texto,-,1015,0,0.002741700
postgres,1,insert_texto,-,1016,0,0.002779400
postgres,1,insert_texto,-,1017,0,0.002774900
postgres,1,insert_texto,-,1018,0,0.002679400
postgres,1,insert_texto,-,1019,0,0.003026400
postgres,1,insert_texto,-,1020,0,0.002964500
postgres,1,insert_texto,-,1021,0,0.002668700
postgres,1,insert_texto,-,1022,0,0.002767400
postgres,1,insert_texto,-,1023,0,0.002829200
postgres,1,insert_texto,-,1024,0,0.002676200
postgres,1,insert_texto,-,1025,0,0.003275000
postgres,1,insert_texto,-,1026,0,0.003061100
postgres,1,insert_texto,-,1027,0,0.002937000
postgres,1,insert_texto,-,1028,0,0.002653500
postgres,1,insert_texto,-,1029,0,0.002562400
postgres,1,insert_texto,-,1030,0,0.003135500
postgres,1,insert_texto,-,1031,0,0.003103500
postgres,1,insert_texto,-,1032,0,0.003075800
postgres,1,insert_texto,-,1033,0,0.002937000
postgres,1,insert_texto,-,1034,0,0.003119900
postgres,1,insert_texto,-,1035,0,0.003390800
postgres,1,insert_texto,-,1036,0,0.003593800
postgres,1,insert_texto,-,1037,0,0.003451700
postgres,1,insert_texto,-,1038,0,0.002968800
postgres,1,insert_texto,-,1039,0,0.002795000
postgres,1,insert_texto,-,1040,0,0.002929800
postgres,1,insert_texto,-,1041,0,0.002815900
postgres,1,insert_texto,-,1042,0,0.002840200
postgres,1,insert_texto,-,1043,0,0.002911000
postgres,1,insert_texto,-,1044,0,0.003635200
postgres,1,insert_texto,-,1045,0,0.003729500
postgres,1,insert_texto,-,1046,0,0.004170800
postgres,1,insert_texto,-,1047,0,0.003435100
postgres,1,insert_texto,-,1048,0,0.002696600
postgres,1,insert_texto,-,1049,0,0.002765200
postgres,1,insert_texto,-,1050,0,0.002734600
postgres,1,insert_texto,-,1051,0,0.002896300
postgres,1,insert_texto,-,1052,0,0.002759300
postgres,1,insert_texto,-,1053,0,0.002875800
postgres,1,insert_texto,-,1054,0,0.002939000
postgres,1,insert_texto,-,1055,0,0.003048500
postgres,1,insert_texto,-,1056,0,0.002840300
postgres,1,insert_texto,-,1057,0,0.002757500
postgres,1,insert_texto,-,1058,0,0.003027400
postgres,1,insert_texto,-,1059,0,0.003091700
postgres,1,insert_texto,-,1060,0,0.002762600
postgres,1,insert_texto,-,1061,0,0.003155400
postgres,1,insert_texto,-,1062,0,0.003515200
postgres,1,insert_texto,-,1063,0,0.003506400
postgres,1,insert_texto,-,1064,0,0.002991700
postgres,1,insert_texto,-,1065,0,0.002890000
postgres,1,insert_texto,-,1066,0,0.003136400
postgres,1,insert_texto,-,1067,0,0.003105700
postgres,1,insert_texto,-,1068,0,0.002814600
postgres,1,insert_texto,-,1069,0,0.003122100
postgres,1,insert_texto,-,1070,0,0.003243000
postgres,1,insert_texto,-,1071,0,0.002826500
postgres,1,insert_texto,-,1072,0,0.003335500
postgres,1,insert_texto,-,1073,0,0.003305900
postgres,1,insert_texto,-,1074,0,0.003008100
postgres,1,insert_texto,-,1075,0,0.002789600
postgres,1,insert_texto,-,1076,0,0.002809900
postgres,1,insert_texto,-,1077,0,0.002976700
postgres,1,insert_texto,-,1078,0,0.002945400
postgres,1,insert_texto,-,1079,0,0.002978700
postgres,1,insert_texto,-,1080,0,0.002977900
postgres,1,insert_texto,-,1081,0,0.003278000
postgres,1,insert_texto,-,1082,0,0.002939800
postgres,1,insert_texto,-,1083,0,0.003248000
postgres,1,insert_texto,-,1084,0,0.003285200
postgres,1,insert_texto,-,1085,0,0.002878100
postgres,1,insert_texto,-,1086,0,0.003205200
postgres,1,insert_texto,-,1087,0,0.002971600
postgres,1,insert_texto,-,1088,0,0.002985200
postgres,1,insert_texto,-,1089,0,0.003042500
postgres,1,insert_texto,-,1090,0,0.003867900
postgres,1,insert_texto,-,1091,0,0.003570400
postgres,1,insert_texto,-,1092,0,0.003502400
postgres,1,insert_texto,-,1093,0,0.003550600
postgres,1,insert_texto,-,1094,0,0.003239800
postgres,1,insert_texto,-,1095,0,0.003479600
postgres,1,insert_texto,-,1096,0,0.002764200
postgres,1,insert_texto,-,1097,0,0.002653300
postgres,1,insert_texto,-,1098,0,0.002941200
postgres,1,insert_texto,-,1099,0,0.002698800
postgres,1,insert_texto,-,1100,0,0.003059100
postgres,1,insert_texto,-,1101,0,0.002953900
postgres,1,insert_texto,-,1102,0,0.002790800
postgres,1,insert_texto,-,1103,0,0.003112300
postgres,1,insert_texto,-,1104,0,0.002988700
postgres,1,insert_texto,-,1105,0,0.002806500
postgres,1,insert_texto,-,1106,0,0.003389100
postgres,1,insert_texto,-,1107,0,0.003000900
postgres,1,insert_texto,-,1108,0,0.002798600
postgres,1,insert_texto,-,1109,0,0.003217900
postgres,1,insert_texto,-,1110,0,0.002991700
postgres,1,insert_texto,-,1111,0,0.003758600
postgres,1,insert_texto,-,1112,0,0.003231100
postgres,1,insert_texto,-,1113,0,0.002939700
postgres,1,insert_texto,-,1114,0,0.002962700
postgres,1,insert_texto,-,1115,0,0.003093400
postgres,1,insert_texto,-,1116,0,0.003423400
postgres,1,insert_texto,-,1117,0,0.003135300
postgres,1,insert_texto,-,1118,0,0.003065200
postgres,1,insert_texto,-,1119,0,0.003168600
postgres,1,insert_texto,-,1120,0,0.002906800
postgres,1,insert_texto,-,1121,0,0.003416900
postgres,1,insert_texto,-,1122,0,0.003334900
postgres,1,insert_texto,-,1123,0,0.003092100
postgres,1,insert_texto,-,1124,0,0.003071900
postgres,1,insert_texto,-,1125,0,0.003604800
postgres,1,insert_texto,-,1126,0,0.003387000
postgres,1,insert_texto,-,1127,0,0.003366700
postgres,1,insert_texto,-,1128,0,0.003193700
postgres,1,insert_texto,-,1129,0,0.003078400
postgres,1,insert_texto,-,1130,0,0.003127500
postgres,1,insert_texto,-,1131,0,0.003294700
postgres,1,insert_texto,-,1132,0,0.003279400
postgres,1,insert_texto,-,1133,0,0.002933100
postgres,1,insert_texto,-,1134,0,0.002730800
postgres,1,insert_texto,-,1135,0,0.002857100
postgres,1,insert_texto,-,1136,0,0.003075300
postgres,1,insert_texto,-,1137,0,0.002937600
postgres,1,insert_texto,-,1138,0,0.002752600
postgres,1,insert_texto,-,1139,0,0.003031400
postgres,1,insert_texto,-,1140,0,0.002948400
postgres,1,insert_texto,-,1141,0,0.002803600
postgres,1,insert_texto,-,1142,0,0.002726900
postgres,1,insert_texto,-,1143,0,0.003083100
postgres,1,insert_texto,-,1144,0,0.002894600
postgres,1,insert_texto,-,1145,0,0.002835600
postgres,1,insert_texto,-,1146,0,0.002936400
postgres,1,insert_texto,-,1147,0,0.002746600
postgres,1,insert_texto,-,1148,0,0.002780800
postgres,1,insert_texto,-,1149,0,0.002710100
postgres,1,insert_texto,-,1150,0,0.003193600
postgres,1,insert_texto,-,1151,0,0.005223400
postgres,1,insert_texto,-,1152,0,0.004531100
postgres,1,insert_texto,-,1153,0,0.003595600
postgres,1,insert_texto,-,1154,0,0.002844200
postgres,1,insert_texto,-,1155,0,0.002563300
postgres,1,insert_texto,-,1156,0,0.002482600
postgres,1,insert_texto,-,1157,0,0.003140900
postgres,1,insert_texto,-,1158,0,0.003849900
postgres,1,insert_texto,-,1159,0,0.004004900
postgres,1,insert_texto,-,1160,0,0.003755000
postgres,1,insert_texto,-,1161,0,0.003052800
postgres,1,insert_texto,-,1162,0,0.002900800
postgres,1,insert_texto,-,1163,0,0.002950000
postgres,1,insert_texto,-,1164,0,0.002752900
postgres,1,insert_texto,-,1165,0,0.002694600
postgres,1,insert_texto,-,1166,0,0.002853900
postgres,1,insert_texto,-,1167,0,0.002865200
postgres,1,insert_texto,-,1168,0,0.002926400
postgres,1,insert_texto,-,1169,0,0.003304300
postgres,1,insert_texto,-,1170,0,0.003670400
postgres,1,insert_texto,-,1171,0,0.002917100
postgres,1,insert_texto,-,1172,0,0.002768700
postgres,1,insert_texto,-,1173,0,0.002776100
postgres,1,insert_texto,-,1174,0,0.003225900
postgres,1,insert_texto,-,1175,0,0.002900100
postgres,1,insert_texto,-,1176,0,0.002925300
postgres,1,insert_texto,-,1177,0,0.002830100
postgres,1,insert_texto,-,1178,0,0.002871600
postgres,1,insert_texto,-,1179,0,0.002826800
postgres,1,insert_texto,-,1180,0,0.003015500
postgres,1,insert_texto,-,1181,0,0.002907500
postgres,1,insert_texto,-,1182,0,0.002978100
postgres,1,insert_texto,-,1183,0,0.002850000
postgres,1,insert_texto,-,1184,0,0.002895600
postgres,1,insert_texto,-,1185,0,0.002820800
postgres,1,insert_texto,-,1186,0,0.003311500
postgres,1,insert_texto,-,1187,0,0.003065300
postgres,1,insert_texto,-,1188,0,0.002795000
postgres,1,insert_texto,-,1189,0,0.002812900
postgres,1,insert_texto,-,1190,0,0.002881300
postgres,1,insert_texto,-,1191,0,0.003126000
postgres,1,insert_texto,-,1192,0,0.002838400
postgres,1,insert_texto,-,1193,0,0.003159700
postgres,1,insert_texto,-,1194,0,0.002750200
postgres,1,insert_texto,-,1195,0,0.002788400
postgres,1,insert_texto,-,1196,0,0.002981900
postgres,1,insert_texto,-,1197,0,0.002990900
postgres,1,insert_texto,-,1198,0,0.002964800
postgres,1,insert_texto,-,1199,0,0.002734700
postgres,1,insert_texto,-,1200,0,0.002705500
postgres,1,insert_texto,-,1201,0,0.002844300
postgres,1,insert_texto,-,1202,0,0.003896200
postgres,1,insert_texto,-,1203,0,0.002997200
postgres,1,insert_texto,-,1204,0,0.002994000
postgres,1,insert_texto,-,1205,0,0.002971400
postgres,1,insert_texto,-,1206,0,0.002831300
postgres,1,insert_texto,-,1207,0,0.002821600
postgres,1,insert_texto,-,1208,0,0.002691100
postgres,1,insert_texto,-,1209,0,0.002697500
postgres,1,insert_texto,-,1210,0,0.003023800
postgres,1,insert_texto,-,1211,0,0.002894200
postgres,1,insert_texto,-,1212,0,0.002821500
postgres,1,insert_texto,-,1213,0,0.002611900
postgres,1,insert_texto,-,1214,0,0.002851800
postgres,1,insert_texto,-,1215,0,0.003041300
postgres,1,insert_texto,-,1216,0,0.002798500
postgres,1,insert_texto,-,1217,0,0.002689500
postgres,1,insert_texto,-,1218,0,0.002867000
postgres,1,insert_texto,-,1219,0,0.002993600
postgres,1,insert_texto,-,1220,0,0.003512000
postgres,1,insert_texto,-,1221,0,0.003738900
postgres,1,insert_texto,-,1222,0,0.003555500
postgres,1,insert_texto,-,1223,0,0.003692000
postgres,1,insert_texto,-,1224,0,0.003609500
postgres,1,insert_texto,-,1225,0,0.003212800
postgres,1,insert_texto,-,1226,0,0.003130400
postgres,1,insert_texto,-,1227,0,0.003197600
postgres,1,insert_texto,-,1228,0,0.002965400
postgres,1,insert_texto,-,1229,0,0.002924400
postgres,1,insert_texto,-,1230,0,0.002801100
postgres,1,insert_texto,-,1231,0,0.002723700
postgres,1,insert_texto,-,1232,0,0.002723800
postgres,1,insert_texto,-,1233,0,0.003106200
postgres,1,insert_texto,-,1234,0,0.003065500
postgres,1,insert_texto,-,1235,0,0.002729700
postgres,1,insert_texto,-,1236,0,0.002910200
postgres,1,insert_texto,-,1237,0,0.002794800
postgres,1,insert_texto,-,1238,0,0.002769800
postgres,1,insert_texto,-,1239,0,0.002742200
postgres,1,insert_texto,-,1240,0,0.002864000
postgres,1,insert_texto,-,1241,0,0.002928600
postgres,1,insert_texto,-,1242,0,0.002747200
postgres,1,insert_texto,-,1243,0,0.002817200
postgres,1,insert_texto,-,1244,0,0.002995400
postgres,1,insert_texto,-,1245,0,0.002679300
postgres,1,insert_texto,-,1246,0,0.002768900
postgres,1,insert_texto,-,1247,0,0.002846600
postgres,1,insert_texto,-,1248,0,0.003806000
postgres,1,insert_texto,-,1249,0,0.003192000
postgres,1,insert_texto,-,1250,0,0.002812100
postgres,1,insert_texto,-,1251,0,0.002906100
postgres,1,insert_texto,-,1252,0,0.002991200
postgres,1,insert_texto,-,1253,0,0.003370400
postgres,1,insert_texto,-,1254,0,0.004053400
postgres,1,insert_texto,-,1255,0,0.003765600
postgres,1,insert_texto,-,1256,0,0.002882200
postgres,1,insert_texto,-,1257,0,0.002637000
postgres,1,insert_texto,-,1258,0,0.003001700
postgres,1,insert_texto,-,1259,0,0.003274900
postgres,1,insert_texto,-,1260,0,0.002830600
postgres,1,insert_texto,-,1261,0,0.002763700
postgres,1,insert_texto,-,1262,0,0.002674900
postgres,1,insert_texto,-,1263,0,0.002873600
postgres,1,insert_texto,-,1264,0,0.002998800
postgres,1,insert_texto,-,1265,0,0.003021000
postgres,1,insert_texto,-,1266,0,0.002620000
postgres,1,insert_texto,-,1267,0,0.002705300
postgres,1,insert_texto,-,1268,0,0.002616400
postgres,1,insert_texto,-,1269,0,0.002694800
postgres,1,insert_texto,-,1270,0,0.002666600
postgres,1,insert_texto,-,1271,0,0.002787600
postgres,1,insert_texto,-,1272,0,0.002350100
postgres,1,insert_texto,-,1273,0,0.002395700
postgres,1,insert_texto,-,1274,0,0.002488000
postgres,1,insert_texto,-,1275,0,0.003947000
postgres,1,insert_texto,-,1276,0,0.003529500
postgres,1,insert_texto,-,1277,0,0.003499100
postgres,1,insert_texto,-,1278,0,0.003513400
postgres,1,insert_texto,-,1279,0,0.003579600
postgres,1,insert_texto,-,1280,0,0.004717000
postgres,1,insert_texto,-,1281,0,0.004630700
postgres,1,insert_texto,-,1282,0,0.004036700
postgres,1,insert_texto,-,1283,0,0.003558500
postgres,1,insert_texto,-,1284,0,0.003903300
postgres,1,insert_texto,-,1285,0,0.003008700
postgres,1,insert_texto,-,1286,0,0.003212700
postgres,1,insert_texto,-,1287,0,0.002859000
postgres,1,insert_texto,-,1288,0,0.003435900
postgres,1,insert_texto,-,1289,0,0.003753500
postgres,1,insert_texto,-,1290,0,0.003698100
postgres,1,insert_texto,-,1291,0,0.003377000
postgres,1,insert_texto,-,1292,0,0.003925400
postgres,1,insert_texto,-,1293,0,0.003325200
postgres,1,insert_texto,-,1294,0,0.004058700
postgres,1,insert_texto,-,1295,0,0.003273200
postgres,1,insert_texto,-,1296,0,0.004407400
postgres,1,insert_texto,-,1297,0,0.003911600
postgres,1,insert_texto,-,1298,0,0.003866200
postgres,1,insert_texto,-,1299,0,0.003493300
postgres,1,insert_texto,-,1300,0,0.003062100
postgres,1,insert_texto,-,1301,0,0.003653400
postgres,1,insert_texto,-,1302,0,0.004007700
postgres,1,insert_texto,-,1303,0,0.003663700
postgres,1,insert_texto,-,1304,0,0.002632600
postgres,1,insert_texto,-,1305,0,0.002732200
postgres,1,insert_texto,-,1306,0,0.002485100
postgres,1,insert_texto,-,1307,0,0.002503700
postgres,1,insert_texto,-,1308,0,0.002942600
postgres,1,insert_texto,-,1309,0,0.002795100
postgres,1,insert_texto,-,1310,0,0.002724800
postgres,1,insert_texto,-,1311,0,0.002493500
postgres,1,insert_texto,-,1312,0,0.002666700
postgres,1,insert_texto,-,1313,0,0.002785300
postgres,1,insert_texto,-,1314,0,0.003362600
postgres,1,insert_texto,-,1315,0,0.004231400
postgres,1,insert_texto,-,1316,0,0.003582500
postgres,1,insert_texto,-,1317,0,0.003847200
postgres,1,insert_texto,-,1318,0,0.003396500
postgres,1,insert_texto,-,1319,0,0.003473500
postgres,1,insert_texto,-,1320,0,0.003565600
postgres,1,insert_texto,-,1321,0,0.003310900
postgres,1,insert_texto,-,1322,0,0.004043700
postgres,1,insert_texto,-,1323,0,0.003304900
postgres,1,insert_texto,-,1324,0,0.003696400
postgres,1,insert_texto,-,1325,0,0.003638000
postgres,1,insert_texto,-,1326,0,0.003142100
postgres,1,insert_texto,-,1327,0,0.002875400
postgres,1,insert_texto,-,1328,0,0.003837400
postgres,1,insert_texto,-,1329,0,0.003346800
postgres,1,insert_texto,-,1330,0,0.003042700
postgres,1,insert_texto,-,1331,0,0.003132200
postgres,1,insert_texto,-,1332,0,0.002768300
postgres,1,insert_texto,-,1333,0,0.003058200
postgres,1,insert_texto,-,1334,0,0.002774600
postgres,1,insert_texto,-,1335,0,0.003169300
postgres,1,insert_texto,-,1336,0,0.003936600
postgres,1,insert_texto,-,1337,0,0.003030300
postgres,1,insert_texto,-,1338,0,0.003538300
postgres,1,insert_texto,-,1339,0,0.003756600
postgres,1,insert_texto,-,1340,0,0.003726000
postgres,1,insert_texto,-,1341,0,0.003621600
postgres,1,insert_texto,-,1342,0,0.003909900
postgres,1,insert_texto,-,1343,0,0.003856400
postgres,1,insert_texto,-,1344,0,0.003656500
postgres,1,insert_texto,-,1345,0,0.003476800
postgres,1,insert_texto,-,1346,0,0.003615100
postgres,1,insert_texto,-,1347,0,0.003085500
postgres,1,insert_texto,-,1348,0,0.003128300
postgres,1,insert_texto,-,1349,0,0.004530300
postgres,1,insert_texto,-,1350,0,0.004086200
postgres,1,insert_texto,-,1351,0,0.003531700
postgres,1,insert_texto,-,1352,0,0.003995100
postgres,1,insert_texto,-,1353,0,0.003892600
postgres,1,insert_texto,-,1354,0,0.003521600
postgres,1,insert_texto,-,1355,0,0.002880400
postgres,1,insert_texto,-,1356,0,0.002592200
postgres,1,insert_texto,-,1357,0,0.002676600
postgres,1,insert_texto,-,1358,0,0.002249200
postgres,1,insert_texto,-,1359,0,0.002711900
postgres,1,insert_texto,-,1360,0,0.002629000
postgres,1,insert_texto,-,1361,0,0.003511000
postgres,1,insert_texto,-,1362,0,0.003602200
postgres,1,insert_texto,-,1363,0,0.003844000
postgres,1,insert_texto,-,1364,0,0.004014000
postgres,1,insert_texto,-,1365,0,0.003285000
postgres,1,insert_texto,-,1366,0,0.003319100
postgres,1,insert_texto,-,1367,0,0.003168300
postgres,1,insert_texto,-,1368,0,0.003277300
postgres,1,insert_texto,-,1369,0,0.003230100
postgres,1,insert_texto,-,1370,0,0.003591400
postgres,1,insert_texto,-,1371,0,0.003340400
postgres,1,insert_texto,-,1372,0,0.003666100
postgres,1,insert_texto,-,1373,0,0.003654100
postgres,1,insert_texto,-,1374,0,0.003695900
postgres,1,insert_texto,-,1375,0,0.003994100
postgres,1,insert_texto,-,1376,0,0.003883400
postgres,1,insert_texto,-,1377,0,0.003941700
postgres,1,insert_texto,-,1378,0,0.003615000
postgres,1,insert_texto,-,1379,0,0.003147900
postgres,1,insert_texto,-,1380,0,0.003325800
postgres,1,insert_texto,-,1381,0,0.003228200
postgres,1,insert_texto,-,1382,0,0.003407700
postgres,1,insert_texto,-,1383,0,0.003475100
postgres,1,insert_texto,-,1384,0,0.003305900
postgres,1,insert_texto,-,1385,0,0.003074800
postgres,1,insert_texto,-,1386,0,0.003279800
postgres,1,insert_texto,-,1387,0,0.003388800
postgres,1,insert_texto,-,1388,0,0.003357600
postgres,1,insert_texto,-,1389,0,0.003170100
postgres,1,insert_texto,-,1390,0,0.003426900
postgres,1,insert_texto,-,1391,0,0.003250800
postgres,1,insert_texto,-,1392,0,0.003332000
postgres,1,insert_texto,-,1393,0,0.003483000
postgres,1,insert_texto,-,1394,0,0.003332100
postgres,1,insert_texto,-,1395,0,0.003993200
postgres,1,insert_texto,-,1396,0,0.004861400
postgres,1,insert_texto,-,1397,0,0.003242900
postgres,1,insert_texto,-,1398,0,0.003161300
postgres,1,insert_texto,-,1399,0,0.003174200
postgres,1,insert_texto,-,1400,0,0.003124200
postgres,1,insert_texto,-,1401,0,0.002973300
postgres,1,insert_texto,-,1402,0,0.003006900
postgres,1,insert_texto,-,1403,0,0.003139100
postgres,1,insert_texto,-,1404,0,0.003118200
postgres,1,insert_texto,-,1405,0,0.002964300
postgres,1,insert_texto,-,1406,0,0.003172200
postgres,1,insert_texto,-,1407,0,0.003908400
postgres,1,insert_texto,-,1408,0,0.004395100
postgres,1,insert_texto,-,1409,0,0.004218100
postgres,1,insert_texto,-,1410,0,0.004195600
postgres,1,insert_texto,-,1411,0,0.004202400
postgres,1,insert_texto,-,1412,0,0.003525800
postgres,1,insert_texto,-,1413,0,0.003360300
postgres,1,insert_texto,-,1414,0,0.003173800
postgres,1,insert_texto,-,1415,0,0.003078800
postgres,1,insert_texto,-,1416,0,0.002682300
postgres,1,insert_texto,-,1417,0,0.002948900
postgres,1,insert_texto,-,1418,0,0.002827000
postgres,1,insert_texto,-,1419,0,0.002670600
postgres,1,insert_texto,-,1420,0,0.002955500
postgres,1,insert_texto,-,1421,0,0.003184000
postgres,1,insert_texto,-,1422,0,0.002856100
postgres,1,insert_texto,-,1423,0,0.002592600
postgres,1,insert_texto,-,1424,0,0.003612300
postgres,1,insert_texto,-,1425,0,0.002942700
postgres,1,insert_texto,-,1426,0,0.003232600
postgres,1,insert_texto,-,1427,0,0.003791000
postgres,1,insert_texto,-,1428,0,0.003196800
postgres,1,insert_texto,-,1429,0,0.003085400
postgres,1,insert_texto,-,1430,0,0.002864400
postgres,1,insert_texto,-,1431,0,0.002745200
postgres,1,insert_texto,-,1432,0,0.003725700
postgres,1,insert_texto,-,1433,0,0.003034200
postgres,1,insert_texto,-,1434,0,0.002912000
postgres,1,insert_texto,-,1435,0,0.002766200
postgres,1,insert_texto,-,1436,0,0.002681900
postgres,1,insert_texto,-,1437,0,0.003556600
postgres,1,insert_texto,-,1438,0,0.002551200
postgres,1,insert_texto,-,1439,0,0.002582700
postgres,1,insert_texto,-,1440,0,0.002673300
postgres,1,insert_texto,-,1441,0,0.003068900
postgres,1,insert_texto,-,1442,0,0.003087300
postgres,1,insert_texto,-,1443,0,0.003367900
postgres,1,insert_texto,-,1444,0,0.002625700
postgres,1,insert_texto,-,1445,0,0.003032600
postgres,1,insert_texto,-,1446,0,0.002680600
postgres,1,insert_texto,-,1447,0,0.002749800
postgres,1,insert_texto,-,1448,0,0.002998600
postgres,1,insert_texto,-,1449,0,0.002803200
postgres,1,insert_texto,-,1450,0,0.002827000
postgres,1,insert_texto,-,1451,0,0.002784400
postgres,1,insert_texto,-,1452,0,0.002618300
postgres,1,insert_texto,-,1453,0,0.002833100
postgres,1,insert_texto,-,1454,0,0.002959800
postgres,1,insert_texto,-,1455,0,0.002751500
postgres,1,insert_texto,-,1456,0,0.002915300
postgres,1,insert_texto,-,1457,0,0.002702800
postgres,1,insert_texto,-,1458,0,0.002596900
postgres,1,insert_texto,-,1459,0,0.004218900
postgres,1,insert_texto,-,1460,0,0.003074400
postgres,1,insert_texto,-,1461,0,0.002657300
postgres,1,insert_texto,-,1462,0,0.002509100
postgres,1,insert_texto,-,1463,0,0.002568600
postgres,1,insert_texto,-,1464,0,0.002675200
postgres,1,insert_texto,-,1465,0,0.002842600
postgres,1,insert_texto,-,1466,0,0.003196900
postgres,1,insert_texto,-,1467,0,0.002683600
postgres,1,insert_texto,-,1468,0,0.002601700
postgres,1,insert_texto,-,1469,0,0.002539800
postgres,1,insert_texto,-,1470,0,0.002571500
postgres,1,insert_texto,-,1471,0,0.002705400
postgres,1,insert_texto,-,1472,0,0.002755600
postgres,1,insert_texto,-,1473,0,0.002490300
postgres,1,insert_texto,-,1474,0,0.002722000
postgres,1,insert_texto,-,1475,0,0.002581500
postgres,1,insert_texto,-,1476,0,0.002787800
postgres,1,insert_texto,-,1477,0,0.002717700
postgres,1,insert_texto,-,1478,0,0.002688100
postgres,1,insert_texto,-,1479,0,0.002700600
postgres,1,insert_texto,-,1480,0,0.002822800
postgres,1,insert_texto,-,1481,0,0.002637400
postgres,1,insert_texto,-,1482,0,0.002672000
postgres,1,insert_texto,-,1483,0,0.002837500
postgres,1,insert_texto,-,1484,0,0.002720100
postgres,1,insert_texto,-,1485,0,0.002718500
postgres,1,insert_texto,-,1486,0,0.002816000
postgres,1,insert_texto,-,1487,0,0.002773200
postgres,1,insert_texto,-,1488,0,0.003280600
postgres,1,insert_texto,-,1489,0,0.002675200
postgres,1,insert_texto,-,1490,0,0.003467200
postgres,1,insert_texto,-,1491,0,0.002861400
postgres,1,insert_texto,-,1492,0,0.002654900
postgres,1,insert_texto,-,1493,0,0.003176200
postgres,1,insert_texto,-,1494,0,0.002924800
postgres,1,insert_texto,-,1495,0,0.002704000
postgres,1,insert_texto,-,1496,0,0.003513800
postgres,1,insert_texto,-,1497,0,0.002799900
postgres,1,insert_texto,-,1498,0,0.002703100
postgres,1,insert_texto,-,1499,0,0.003452800
postgres,1,insert_texto,-,1500,0,0.003244500
postgres,1,insert_texto,-,1501,0,0.003973300
postgres,1,insert_texto,-,1502,0,0.003019700
postgres,1,insert_texto,-,1503,0,0.003369700
postgres,1,insert_texto,-,1504,0,0.003088500
postgres,1,insert_texto,-,1505,0,0.003380800
postgres,1,insert_texto,-,1506,0,0.003959300
postgres,1,insert_texto,-,1507,0,0.002631700
postgres,1,insert_texto,-,1508,0,0.003177700
postgres,1,insert_texto,-,1509,0,0.002766000
postgres,1,insert_texto,-,1510,0,0.002651600
postgres,1,insert_texto,-,1511,0,0.003375000
postgres,1,insert_texto,-,1512,0,0.002867300
postgres,1,insert_texto,-,1513,0,0.002699700
postgres,1,insert_texto,-,1514,0,0.002770100
postgres,1,insert_texto,-,1515,0,0.002574600
postgres,1,insert_texto,-,1516,0,0.002758100
postgres,1,insert_texto,-,1517,0,0.003190700
postgres,1,insert_texto,-,1518,0,0.002722100
postgres,1,insert_texto,-,1519,0,0.003079500
postgres,1,insert_texto,-,1520,0,0.002677900
postgres,1,insert_texto,-,1521,0,0.002602200
postgres,1,insert_texto,-,1522,0,0.002928500
postgres,1,insert_texto,-,1523,0,0.003253200
postgres,1,insert_texto,-,1524,0,0.002672000
postgres,1,insert_texto,-,1525,0,0.002866300
postgres,1,insert_texto,-,1526,0,0.002657100
postgres,1,insert_texto,-,1527,0,0.002825400
postgres,1,insert_texto,-,1528,0,0.002851200
postgres,1,insert_texto,-,1529,0,0.003461100
postgres,1,insert_texto,-,1530,0,0.003324700
postgres,1,insert_texto,-,1531,0,0.002955200
postgres,1,insert_texto,-,1532,0,0.003010900
postgres,1,insert_texto,-,1533,0,0.002878500
postgres,1,insert_texto,-,1534,0,0.003523600
postgres,1,insert_texto,-,1535,0,0.002942900
postgres,1,insert_texto,-,1536,0,0.002715400
postgres,1,insert_texto,-,1537,0,0.002582000
postgres,1,insert_texto,-,1538,0,0.002744900
postgres,1,insert_texto,-,1539,0,0.002703700
postgres,1,insert_texto,-,1540,0,0.003007600
postgres,1,insert_texto,-,1541,0,0.003220500
postgres,1,insert_texto,-,1542,0,0.002906100
postgres,1,insert_texto,-,1543,0,0.002647200
postgres,1,insert_texto,-,1544,0,0.002636800
postgres,1,insert_texto,-,1545,0,0.002880600
postgres,1,insert_texto,-,1546,0,0.002797600
postgres,1,insert_texto,-,1547,0,0.002651400
postgres,1,insert_texto,-,1548,0,0.002502500
postgres,1,insert_texto,-,1549,0,0.002628700
postgres,1,insert_texto,-,1550,0,0.002540300
postgres,1,insert_texto,-,1551,0,0.002870400
postgres,1,insert_texto,-,1552,0,0.002739200
postgres,1,insert_texto,-,1553,0,0.002481500
postgres,1,insert_texto,-,1554,0,0.003032200
postgres,1,insert_texto,-,1555,0,0.002848700
postgres,1,insert_texto,-,1556,0,0.003308400
postgres,1,insert_texto,-,1557,0,0.002827700
postgres,1,insert_texto,-,1558,0,0.002784200
postgres,1,insert_texto,-,1559,0,0.002967700
postgres,1,insert_texto,-,1560,0,0.002459400
postgres,1,insert_texto,-,1561,0,0.002649300
postgres,1,insert_texto,-,1562,0,0.003111100
postgres,1,insert_texto,-,1563,0,0.002741300
postgres,1,insert_texto,-,1564,0,0.003471800
postgres,1,insert_texto,-,1565,0,0.003095700
postgres,1,insert_texto,-,1566,0,0.002652100
postgres,1,insert_texto,-,1567,0,0.002602500
postgres,1,insert_texto,-,1568,0,0.002545600
postgres,1,insert_texto,-,1569,0,0.002962300
postgres,1,insert_texto,-,1570,0,0.002698900
postgres,1,insert_texto,-,1571,0,0.002548400
postgres,1,insert_texto,-,1572,0,0.002551900
postgres,1,insert_texto,-,1573,0,0.002467200
postgres,1,insert_texto,-,1574,0,0.002482000
postgres,1,insert_texto,-,1575,0,0.002565500
postgres,1,insert_texto,-,1576,0,0.002726000
postgres,1,insert_texto,-,1577,0,0.002648000
postgres,1,insert_texto,-,1578,0,0.002749100
postgres,1,insert_texto,-,1579,0,0.002459400
postgres,1,insert_texto,-,1580,0,0.002484200
postgres,1,insert_texto,-,1581,0,0.003064100
postgres,1,insert_texto,-,1582,0,0.002821700
postgres,1,insert_texto,-,1583,0,0.002695100
postgres,1,insert_texto,-,1584,0,0.003121300
postgres,1,insert_texto,-,1585,0,0.002948800
postgres,1,insert_texto,-,1586,0,0.002964000
postgres,1,insert_texto,-,1587,0,0.002815700
postgres,1,insert_texto,-,1588,0,0.002973700
postgres,1,insert_texto,-,1589,0,0.002516000
postgres,1,insert_texto,-,1590,0,0.002585300
postgres,1,insert_texto,-,1591,0,0.002943200
postgres,1,insert_texto,-,1592,0,0.003026400
postgres,1,insert_texto,-,1593,0,0.002995100
postgres,1,insert_texto,-,1594,0,0.002819000
postgres,1,insert_texto,-,1595,0,0.003045300
postgres,1,insert_texto,-,1596,0,0.003027100
postgres,1,insert_texto,-,1597,0,0.003031400
postgres,1,insert_texto,-,1598,0,0.003535200
postgres,1,insert_texto,-,1599,0,0.002729900
postgres,1,insert_texto,-,1600,0,0.002781000
postgres,1,insert_texto,-,1601,0,0.002657900
postgres,1,insert_texto,-,1602,0,0.002603000
postgres,1,insert_texto,-,1603,0,0.002765700
postgres,1,insert_texto,-,1604,0,0.002840600
postgres,1,insert_texto,-,1605,0,0.002916600
postgres,1,insert_texto,-,1606,0,0.002911900
postgres,1,insert_texto,-,1607,0,0.002705800
postgres,1,insert_texto,-,1608,0,0.002587200
postgres,1,insert_texto,-,1609,0,0.002867100
postgres,1,insert_texto,-,1610,0,0.002626000
postgres,1,insert_texto,-,1611,0,0.002373500
postgres,1,insert_texto,-,1612,0,0.002513400
postgres,1,insert_texto,-,1613,0,0.002584200
postgres,1,insert_texto,-,1614,0,0.002471900
postgres,1,insert_texto,-,1615,0,0.002545500
postgres,1,insert_texto,-,1616,0,0.002483200
postgres,1,insert_texto,-,1617,0,0.002455200
postgres,1,insert_texto,-,1618,0,0.002581300
postgres,1,insert_texto,-,1619,0,0.002717500
postgres,1,insert_texto,-,1620,0,0.002692300
postgres,1,insert_texto,-,1621,0,0.002789000
postgres,1,insert_texto,-,1622,0,0.003687800
postgres,1,insert_texto,-,1623,0,0.002983500
postgres,1,insert_texto,-,1624,0,0.002690300
postgres,1,insert_texto,-,1625,0,0.002698600
postgres,1,insert_texto,-,1626,0,0.002803600
postgres,1,insert_texto,-,1627,0,0.003351800
postgres,1,insert_texto,-,1628,0,0.003467100
postgres,1,insert_texto,-,1629,0,0.002913300
postgres,1,insert_texto,-,1630,0,0.002665900
postgres,1,insert_texto,-,1631,0,0.002701000
postgres,1,insert_texto,-,1632,0,0.002863500
postgres,1,insert_texto,-,1633,0,0.003479400
postgres,1,insert_texto,-,1634,0,0.003733400
postgres,1,insert_texto,-,1635,0,0.003786100
postgres,1,insert_texto,-,1636,0,0.002954600
postgres,1,insert_texto,-,1637,0,0.003480600
postgres,1,insert_texto,-,1638,0,0.002539600
postgres,1,insert_texto,-,1639,0,0.002904900
postgres,1,insert_texto,-,1640,0,0.002791300
postgres,1,insert_texto,-,1641,0,0.002562100
postgres,1,insert_texto,-,1642,0,0.002594500
postgres,1,insert_texto,-,1643,0,0.002886800
postgres,1,insert_texto,-,1644,0,0.002603900
postgres,1,insert_texto,-,1645,0,0.003014900
postgres,1,insert_texto,-,1646,0,0.002783600
postgres,1,insert_texto,-,1647,0,0.002478000
postgres,1,insert_texto,-,1648,0,0.002631900
postgres,1,insert_texto,-,1649,0,0.002633000
postgres,1,insert_texto,-,1650,0,0.002637300
postgres,1,insert_texto,-,1651,0,0.003178500
postgres,1,insert_texto,-,1652,0,0.002704700
postgres,1,insert_texto,-,1653,0,0.002630600
postgres,1,insert_texto,-,1654,0,0.003077300
postgres,1,insert_texto,-,1655,0,0.002975100
postgres,1,insert_texto,-,1656,0,0.002671400
postgres,1,insert_texto,-,1657,0,0.002777800
postgres,1,insert_texto,-,1658,0,0.002692700
postgres,1,insert_texto,-,1659,0,0.002678600
postgres,1,insert_texto,-,1660,0,0.002646700
postgres,1,insert_texto,-,1661,0,0.002724800
postgres,1,insert_texto,-,1662,0,0.002551300
postgres,1,insert_texto,-,1663,0,0.002911500
postgres,1,insert_texto,-,1664,0,0.002688500
postgres,1,insert_texto,-,1665,0,0.002575900
postgres,1,insert_texto,-,1666,0,0.002532700
postgres,1,insert_texto,-,1667,0,0.002637800
postgres,1,insert_texto,-,1668,0,0.002693900
postgres,1,insert_texto,-,1669,0,0.002849200
postgres,1,insert_texto,-,1670,0,0.002928400
postgres,1,insert_texto,-,1671,0,0.002759500
postgres,1,insert_texto,-,1672,0,0.002679500
postgres,1,insert_texto,-,1673,0,0.002659000
postgres,1,insert_texto,-,1674,0,0.002974500
postgres,1,insert_texto,-,1675,0,0.003632600
postgres,1,insert_texto,-,1676,0,0.002663200
postgres,1,insert_texto,-,1677,0,0.002652700
postgres,1,insert_texto,-,1678,0,0.002632900
postgres,1,insert_texto,-,1679,0,0.002584700
postgres,1,insert_texto,-,1680,0,0.003383600
postgres,1,insert_texto,-,1681,0,0.003948200
postgres,1,insert_texto,-,1682,0,0.003044300
postgres,1,insert_texto,-,1683,0,0.002644400
postgres,1,insert_texto,-,1684,0,0.002438000
postgres,1,insert_texto,-,1685,0,0.002565400
postgres,1,insert_texto,-,1686,0,0.003003500
postgres,1,insert_texto,-,1687,0,0.003374700
postgres,1,insert_texto,-,1688,0,0.003027100
postgres,1,insert_texto,-,1689,0,0.003117000
postgres,1,insert_texto,-,1690,0,0.002919400
postgres,1,insert_texto,-,1691,0,0.003182400
postgres,1,insert_texto,-,1692,0,0.003160500
postgres,1,insert_texto,-,1693,0,0.003015700
postgres,1,insert_texto,-,1694,0,0.002763100
postgres,1,insert_texto,-,1695,0,0.002638800
postgres,1,insert_texto,-,1696,0,0.002610000
postgres,1,insert_texto,-,1697,0,0.002835100
postgres,1,insert_texto,-,1698,0,0.002872900
postgres,1,insert_texto,-,1699,0,0.002626200
postgres,1,insert_texto,-,1700,0,0.002794300
postgres,1,insert_texto,-,1701,0,0.002610700
postgres,1,insert_texto,-,1702,0,0.003563000
postgres,1,insert_texto,-,1703,0,0.004385800
postgres,1,insert_texto,-,1704,0,0.003152300
postgres,1,insert_texto,-,1705,0,0.003692100
postgres,1,insert_texto,-,1706,0,0.003382000
postgres,1,insert_texto,-,1707,0,0.004046600
postgres,1,insert_texto,-,1708,0,0.004647000
postgres,1,insert_texto,-,1709,0,0.004151600
postgres,1,insert_texto,-,1710,0,0.004006500
postgres,1,insert_texto,-,1711,0,0.003193100
postgres,1,insert_texto,-,1712,0,0.003771100
postgres,1,insert_texto,-,1713,0,0.003485400
postgres,1,insert_texto,-,1714,0,0.003529100
postgres,1,insert_texto,-,1715,0,0.003383900
postgres,1,insert_texto,-,1716,0,0.002570000
postgres,1,insert_texto,-,1717,0,0.003483200
postgres,1,insert_texto,-,1718,0,0.003075400
postgres,1,insert_texto,-,1719,0,0.003108700
postgres,1,insert_texto,-,1720,0,0.003353600
postgres,1,insert_texto,-,1721,0,0.003674400
postgres,1,insert_texto,-,1722,0,0.004302300
postgres,1,insert_texto,-,1723,0,0.003951900
postgres,1,insert_texto,-,1724,0,0.004247000
postgres,1,insert_texto,-,1725,0,0.003858700
postgres,1,insert_texto,-,1726,0,0.003210600
postgres,1,insert_texto,-,1727,0,0.003536400
postgres,1,insert_texto,-,1728,0,0.003495500
postgres,1,insert_texto,-,1729,0,0.003119000
postgres,1,insert_texto,-,1730,0,0.002968700
postgres,1,insert_texto,-,1731,0,0.002728700
postgres,1,insert_texto,-,1732,0,0.002783300
postgres,1,insert_texto,-,1733,0,0.002921800
postgres,1,insert_texto,-,1734,0,0.002805800
postgres,1,insert_texto,-,1735,0,0.002711700
postgres,1,insert_texto,-,1736,0,0.003085600
postgres,1,insert_texto,-,1737,0,0.002839200
postgres,1,insert_texto,-,1738,0,0.002722000
postgres,1,insert_texto,-,1739,0,0.002800100
postgres,1,insert_texto,-,1740,0,0.003119400
postgres,1,insert_texto,-,1741,0,0.003912500
postgres,1,insert_texto,-,1742,0,0.002925700
postgres,1,insert_texto,-,1743,0,0.003522700
postgres,1,insert_texto,-,1744,0,0.003573600
postgres,1,insert_texto,-,1745,0,0.002897900
postgres,1,insert_texto,-,1746,0,0.002850200
postgres,1,insert_texto,-,1747,0,0.002959100
postgres,1,insert_texto,-,1748,0,0.002947100
postgres,1,insert_texto,-,1749,0,0.002839600
postgres,1,insert_texto,-,1750,0,0.002929800
postgres,1,insert_texto,-,1751,0,0.003072200
postgres,1,insert_texto,-,1752,0,0.003023900
postgres,1,insert_texto,-,1753,0,0.002915900
postgres,1,insert_texto,-,1754,0,0.003017400
postgres,1,insert_texto,-,1755,0,0.003236000
postgres,1,insert_texto,-,1756,0,0.003155000
postgres,1,insert_texto,-,1757,0,0.003371500
postgres,1,insert_texto,-,1758,0,0.003092200
postgres,1,insert_texto,-,1759,0,0.003057900
postgres,1,insert_texto,-,1760,0,0.002805100
postgres,1,insert_texto,-,1761,0,0.002805200
postgres,1,insert_texto,-,1762,0,0.002986900
postgres,1,insert_texto,-,1763,0,0.003442300
postgres,1,insert_texto,-,1764,0,0.003430100
postgres,1,insert_texto,-,1765,0,0.003098300
postgres,1,insert_texto,-,1766,0,0.003386200
postgres,1,insert_texto,-,1767,0,0.003308000
postgres,1,insert_texto,-,1768,0,0.002907500
postgres,1,insert_texto,-,1769,0,0.002843100
postgres,1,insert_texto,-,1770,0,0.002756700
postgres,1,insert_texto,-,1771,0,0.002822700
postgres,1,insert_texto,-,1772,0,0.003265700
postgres,1,insert_texto,-,1773,0,0.003760600
postgres,1,insert_texto,-,1774,0,0.003162200
postgres,1,insert_texto,-,1775,0,0.003546900
postgres,1,insert_texto,-,1776,0,0.004232100
postgres,1,insert_texto,-,1777,0,0.004470500
postgres,1,insert_texto,-,1778,0,0.003700500
postgres,1,insert_texto,-,1779,0,0.003941300
postgres,1,insert_texto,-,1780,0,0.003721000
postgres,1,insert_texto,-,1781,0,0.004588300
postgres,1,insert_texto,-,1782,0,0.004080800
postgres,1,insert_texto,-,1783,0,0.004029900
postgres,1,insert_texto,-,1784,0,0.003309500
postgres,1,insert_texto,-,1785,0,0.003286300
postgres,1,insert_texto,-,1786,0,0.003133900
postgres,1,insert_texto,-,1787,0,0.002935000
postgres,1,insert_texto,-,1788,0,0.003119200
postgres,1,insert_texto,-,1789,0,0.002821400
postgres,1,insert_texto,-,1790,0,0.002659000
postgres,1,insert_texto,-,1791,0,0.002607200
postgres,1,insert_texto,-,1792,0,0.002469200
postgres,1,insert_texto,-,1793,0,0.002511000
postgres,1,insert_texto,-,1794,0,0.002587900
postgres,1,insert_texto,-,1795,0,0.002469600
postgres,1,insert_texto,-,1796,0,0.002597000
postgres,1,insert_texto,-,1797,0,0.002494600
postgres,1,insert_texto,-,1798,0,0.002571200
postgres,1,insert_texto,-,1799,0,0.002818600
postgres,1,insert_texto,-,1800,0,0.002664600
postgres,1,insert_texto,-,1801,0,0.002530700
postgres,1,insert_texto,-,1802,0,0.003192600
postgres,1,insert_texto,-,1803,0,0.002457500
postgres,1,insert_texto,-,1804,0,0.002492900
postgres,1,insert_texto,-,1805,0,0.002501400
postgres,1,insert_texto,-,1806,0,0.002691300
postgres,1,insert_texto,-,1807,0,0.003370800
postgres,1,insert_texto,-,1808,0,0.002688800
postgres,1,insert_texto,-,1809,0,0.002747800
postgres,1,insert_texto,-,1810,0,0.003323000
postgres,1,insert_texto,-,1811,0,0.003596700
postgres,1,insert_texto,-,1812,0,0.003345600
postgres,1,insert_texto,-,1813,0,0.003502800
postgres,1,insert_texto,-,1814,0,0.003703300
postgres,1,insert_texto,-,1815,0,0.003038100
postgres,1,insert_texto,-,1816,0,0.002784200
postgres,1,insert_texto,-,1817,0,0.002474300
postgres,1,insert_texto,-,1818,0,0.003256000
postgres,1,insert_texto,-,1819,0,0.003446800
postgres,1,insert_texto,-,1820,0,0.003397800
postgres,1,insert_texto,-,1821,0,0.003207000
postgres,1,insert_texto,-,1822,0,0.003055800
postgres,1,insert_texto,-,1823,0,0.002648500
postgres,1,insert_texto,-,1824,0,0.002563000
postgres,1,insert_texto,-,1825,0,0.002553500
postgres,1,insert_texto,-,1826,0,0.002476100
postgres,1,insert_texto,-,1827,0,0.002556400
postgres,1,insert_texto,-,1828,0,0.002446000
postgres,1,insert_texto,-,1829,0,0.002747600
postgres,1,insert_texto,-,1830,0,0.002599600
postgres,1,insert_texto,-,1831,0,0.002474400
postgres,1,insert_texto,-,1832,0,0.002551800
postgres,1,insert_texto,-,1833,0,0.002567400
postgres,1,insert_texto,-,1834,0,0.002674800
postgres,1,insert_texto,-,1835,0,0.002802100
postgres,1,insert_texto,-,1836,0,0.002726300
postgres,1,insert_texto,-,1837,0,0.002673400
postgres,1,insert_texto,-,1838,0,0.002625900
postgres,1,insert_texto,-,1839,0,0.002571900
postgres,1,insert_texto,-,1840,0,0.002521200
postgres,1,insert_texto,-,1841,0,0.003308600
postgres,1,insert_texto,-,1842,0,0.002514400
postgres,1,insert_texto,-,1843,0,0.002482500
postgres,1,insert_texto,-,1844,0,0.002645200
postgres,1,insert_texto,-,1845,0,0.002702500
postgres,1,insert_texto,-,1846,0,0.002448500
postgres,1,insert_texto,-,1847,0,0.003511000
postgres,1,insert_texto,-,1848,0,0.003374100
postgres,1,insert_texto,-,1849,0,0.003078100
postgres,1,insert_texto,-,1850,0,0.003382400
postgres,1,insert_texto,-,1851,0,0.003251800
postgres,1,insert_texto,-,1852,0,0.003165300
postgres,1,insert_texto,-,1853,0,0.002721700
postgres,1,insert_texto,-,1854,0,0.002556600
postgres,1,insert_texto,-,1855,0,0.002449100
postgres,1,insert_texto,-,1856,0,0.002492900
postgres,1,insert_texto,-,1857,0,0.002594800
postgres,1,insert_texto,-,1858,0,0.002816200
postgres,1,insert_texto,-,1859,0,0.002606500
postgres,1,insert_texto,-,1860,0,0.002529200
postgres,1,insert_texto,-,1861,0,0.002538100
postgres,1,insert_texto,-,1862,0,0.002579400
postgres,1,insert_texto,-,1863,0,0.002482100
postgres,1,insert_texto,-,1864,0,0.002516400
postgres,1,insert_texto,-,1865,0,0.002675000
postgres,1,insert_texto,-,1866,0,0.002381300
postgres,1,insert_texto,-,1867,0,0.002629100
postgres,1,insert_texto,-,1868,0,0.002563500
postgres,1,insert_texto,-,1869,0,0.002518900
postgres,1,insert_texto,-,1870,0,0.002744600
postgres,1,insert_texto,-,1871,0,0.002888700
postgres,1,insert_texto,-,1872,0,0.002500200
postgres,1,insert_texto,-,1873,0,0.002710200
postgres,1,insert_texto,-,1874,0,0.002707800
postgres,1,insert_texto,-,1875,0,0.002465400
postgres,1,insert_texto,-,1876,0,0.003044700
postgres,1,insert_texto,-,1877,0,0.002983000
postgres,1,insert_texto,-,1878,0,0.003048900
postgres,1,insert_texto,-,1879,0,0.002797200
postgres,1,insert_texto,-,1880,0,0.002912300
postgres,1,insert_texto,-,1881,0,0.003047800
postgres,1,insert_texto,-,1882,0,0.003304000
postgres,1,insert_texto,-,1883,0,0.002787800
postgres,1,insert_texto,-,1884,0,0.003073800
postgres,1,insert_texto,-,1885,0,0.002655600
postgres,1,insert_texto,-,1886,0,0.002499600
postgres,1,insert_texto,-,1887,0,0.003136200
postgres,1,insert_texto,-,1888,0,0.002709900
postgres,1,insert_texto,-,1889,0,0.002526400
postgres,1,insert_texto,-,1890,0,0.002532800
postgres,1,insert_texto,-,1891,0,0.002559300
postgres,1,insert_texto,-,1892,0,0.002484200
postgres,1,insert_texto,-,1893,0,0.002496500
postgres,1,insert_texto,-,1894,0,0.002680600
postgres,1,insert_texto,-,1895,0,0.002608400
postgres,1,insert_texto,-,1896,0,0.002727600
postgres,1,insert_texto,-,1897,0,0.002624500
postgres,1,insert_texto,-,1898,0,0.002434300
postgres,1,insert_texto,-,1899,0,0.002620400
postgres,1,insert_texto,-,1900,0,0.002525300
postgres,1,insert_texto,-,1901,0,0.002540100
postgres,1,insert_texto,-,1902,0,0.002620800
postgres,1,insert_texto,-,1903,0,0.002475000
postgres,1,insert_texto,-,1904,0,0.002538800
postgres,1,insert_texto,-,1905,0,0.002598600
postgres,1,insert_texto,-,1906,0,0.002477600
postgres,1,insert_texto,-,1907,0,0.002518300
postgres,1,insert_texto,-,1908,0,0.002595200
postgres,1,insert_texto,-,1909,0,0.002640300
postgres,1,insert_texto,-,1910,0,0.002520000
postgres,1,insert_texto,-,1911,0,0.002594800
postgres,1,insert_texto,-,1912,0,0.002545200
postgres,1,insert_texto,-,1913,0,0.002649900
postgres,1,insert_texto,-,1914,0,0.002487400
postgres,1,insert_texto,-,1915,0,0.002943300
postgres,1,insert_texto,-,1916,0,0.002497100
postgres,1,insert_texto,-,1917,0,0.002675000
postgres,1,insert_texto,-,1918,0,0.002481600
postgres,1,insert_texto,-,1919,0,0.002600900
postgres,1,insert_texto,-,1920,0,0.002585200
postgres,1,insert_texto,-,1921,0,0.002513200
postgres,1,insert_texto,-,1922,0,0.002775700
postgres,1,insert_texto,-,1923,0,0.002479000
postgres,1,insert_texto,-,1924,0,0.002532900
postgres,1,insert_texto,-,1925,0,0.002902800
postgres,1,insert_texto,-,1926,0,0.002541700
postgres,1,insert_texto,-,1927,0,0.002645300
postgres,1,insert_texto,-,1928,0,0.002902700
postgres,1,insert_texto,-,1929,0,0.002626200
postgres,1,insert_texto,-,1930,0,0.002560000
postgres,1,insert_texto,-,1931,0,0.002456000
postgres,1,insert_texto,-,1932,0,0.002520600
postgres,1,insert_texto,-,1933,0,0.002529100
postgres,1,insert_texto,-,1934,0,0.002615200
postgres,1,insert_texto,-,1935,0,0.002465800
postgres,1,insert_texto,-,1936,0,0.002479200
postgres,1,insert_texto,-,1937,0,0.002780000
postgres,1,insert_texto,-,1938,0,0.002518700
postgres,1,insert_texto,-,1939,0,0.002608300
postgres,1,insert_texto,-,1940,0,0.002589400
postgres,1,insert_texto,-,1941,0,0.002616600
postgres,1,insert_texto,-,1942,0,0.002605500
postgres,1,insert_texto,-,1943,0,0.002474700
postgres,1,insert_texto,-,1944,0,0.002606300
postgres,1,insert_texto,-,1945,0,0.002541500
postgres,1,insert_texto,-,1946,0,0.002712800
postgres,1,insert_texto,-,1947,0,0.004047300
postgres,1,insert_texto,-,1948,0,0.003585600
postgres,1,insert_texto,-,1949,0,0.003054200
postgres,1,insert_texto,-,1950,0,0.002724000
postgres,1,insert_texto,-,1951,0,0.002573200
postgres,1,insert_texto,-,1952,0,0.002782100
postgres,1,insert_texto,-,1953,0,0.002893100
postgres,1,insert_texto,-,1954,0,0.002918800
postgres,1,insert_texto,-,1955,0,0.003025200
postgres,1,insert_texto,-,1956,0,0.002740700
postgres,1,insert_texto,-,1957,0,0.002883800
postgres,1,insert_texto,-,1958,0,0.002984400
postgres,1,insert_texto,-,1959,0,0.002918900
postgres,1,insert_texto,-,1960,0,0.002747100
postgres,1,insert_texto,-,1961,0,0.002848200
postgres,1,insert_texto,-,1962,0,0.002759100
postgres,1,insert_texto,-,1963,0,0.002811400
postgres,1,insert_texto,-,1964,0,0.002722500
postgres,1,insert_texto,-,1965,0,0.002677400
postgres,1,insert_texto,-,1966,0,0.002677000
postgres,1,insert_texto,-,1967,0,0.002753400
postgres,1,insert_texto,-,1968,0,0.003084200
postgres,1,insert_texto,-,1969,0,0.003548600
postgres,1,insert_texto,-,1970,0,0.003081200
postgres,1,insert_texto,-,1971,0,0.003076500
postgres,1,insert_texto,-,1972,0,0.003405800
postgres,1,insert_texto,-,1973,0,0.003259300
postgres,1,insert_texto,-,1974,0,0.003166100
postgres,1,insert_texto,-,1975,0,0.002990600
postgres,1,insert_texto,-,1976,0,0.002727800
postgres,1,insert_texto,-,1977,0,0.002810500
postgres,1,insert_texto,-,1978,0,0.002959000
postgres,1,insert_texto,-,1979,0,0.002981900
postgres,1,insert_texto,-,1980,0,0.003113200
postgres,1,insert_texto,-,1981,0,0.003095000
postgres,1,insert_texto,-,1982,0,0.003018200
postgres,1,insert_texto,-,1983,0,0.002656800
postgres,1,insert_texto,-,1984,0,0.002961400
postgres,1,insert_texto,-,1985,0,0.002713600
postgres,1,insert_texto,-,1986,0,0.002624900
postgres,1,insert_texto,-,1987,0,0.002800200
postgres,1,insert_texto,-,1988,0,0.002838800
postgres,1,insert_texto,-,1989,0,0.002756600
postgres,1,insert_texto,-,1990,0,0.002597000
postgres,1,insert_texto,-,1991,0,0.002795600
postgres,1,insert_texto,-,1992,0,0.002530600
postgres,1,insert_texto,-,1993,0,0.002672200
postgres,1,insert_texto,-,1994,0,0.002786400
postgres,1,insert_texto,-,1995,0,0.002908800
postgres,1,insert_texto,-,1996,0,0.002757100
postgres,1,insert_texto,-,1997,0,0.002752500
postgres,1,insert_texto,-,1998,0,0.002767700
postgres,1,insert_texto,-,1999,0,0.002700800
postgres,1,insert_texto,-,2000,0,0.002844800
postgres,1,insert_texto,-,2001,0,0.002747100
postgres,1,insert_texto,-,2002,0,0.002796700
postgres,1,insert_texto,-,2003,0,0.002660200
postgres,1,insert_texto,-,2004,0,0.002790700
postgres,1,insert_texto,-,2005,0,0.002746200
postgres,1,insert_texto,-,2006,0,0.002594000
postgres,1,insert_texto,-,2007,0,0.002632900
postgres,1,insert_texto,-,2008,0,0.002606100
postgres,1,insert_texto,-,2009,0,0.002913200
postgres,1,insert_texto,-,2010,0,0.002809700
postgres,1,insert_texto,-,2011,0,0.002601100
postgres,1,insert_texto,-,2012,0,0.002974600
postgres,1,insert_texto,-,2013,0,0.002867700
postgres,1,insert_texto,-,2014,0,0.002914600
postgres,1,insert_texto,-,2015,0,0.002796100
postgres,1,insert_texto,-,2016,0,0.002907400
postgres,1,insert_texto,-,2017,0,0.002979900
postgres,1,insert_texto,-,2018,0,0.003233100
postgres,1,insert_texto,-,2019,0,0.002926400
postgres,1,insert_texto,-,2020,0,0.002883800
postgres,1,insert_texto,-,2021,0,0.002911700
postgres,1,insert_texto,-,2022,0,0.002883800
postgres,1,insert_texto,-,2023,0,0.002595500
postgres,1,insert_texto,-,2024,0,0.003193800
postgres,1,insert_texto,-,2025,0,0.002973600
postgres,1,insert_texto,-,2026,0,0.002840700
postgres,1,insert_texto,-,2027,0,0.002794900
postgres,1,insert_texto,-,2028,0,0.002692600
postgres,1,insert_texto,-,2029,0,0.003003900
postgres,1,insert_texto,-,2030,0,0.002789200
postgres,1,insert_texto,-,2031,0,0.002720000
postgres,1,insert_texto,-,2032,0,0.002907600
postgres,1,insert_texto,-,2033,0,0.002916600
postgres,1,insert_texto,-,2034,0,0.002671500
postgres,1,insert_texto,-,2035,0,0.003434900
postgres,1,insert_texto,-,2036,0,0.002928400
postgres,1,insert_texto,-,2037,0,0.002797600
postgres,1,insert_texto,-,2038,0,0.002747800
postgres,1,insert_texto,-,2039,0,0.002797600
postgres,1,insert_texto,-,2040,0,0.002730400
postgres,1,insert_texto,-,2041,0,0.002837900
postgres,1,insert_texto,-,2042,0,0.003082900
postgres,1,insert_texto,-,2043,0,0.003122800
postgres,1,insert_texto,-,2044,0,0.003275400
postgres,1,insert_texto,-,2045,0,0.002943700
postgres,1,insert_texto,-,2046,0,0.003046500
postgres,1,insert_texto,-,2047,0,0.003276900
postgres,1,insert_texto,-,2048,0,0.003196600
postgres,1,insert_texto,-,2049,0,0.002893700
postgres,1,insert_texto,-,2050,0,0.002656500
postgres,1,insert_texto,-,2051,0,0.002779700
postgres,1,insert_texto,-,2052,0,0.002669900
postgres,1,insert_texto,-,2053,0,0.002893900
postgres,1,insert_texto,-,2054,0,0.003342500
postgres,1,insert_texto,-,2055,0,0.002923900
postgres,1,insert_texto,-,2056,0,0.002978600
postgres,1,insert_texto,-,2057,0,0.003050100
postgres,1,insert_texto,-,2058,0,0.002680900
postgres,1,insert_texto,-,2059,0,0.002684300
postgres,1,insert_texto,-,2060,0,0.002741400
postgres,1,insert_texto,-,2061,0,0.002770600
postgres,1,insert_texto,-,2062,0,0.002877000
postgres,1,insert_texto,-,2063,0,0.003142500
postgres,1,insert_texto,-,2064,0,0.003235300
postgres,1,insert_texto,-,2065,0,0.003467100
postgres,1,insert_texto,-,2066,0,0.003150200
postgres,1,insert_texto,-,2067,0,0.003200700
postgres,1,insert_texto,-,2068,0,0.003057300
postgres,1,insert_texto,-,2069,0,0.003079400
postgres,1,insert_texto,-,2070,0,0.003197800
postgres,1,insert_texto,-,2071,0,0.002720700
postgres,1,insert_texto,-,2072,0,0.002667000
postgres,1,insert_texto,-,2073,0,0.002704200
postgres,1,insert_texto,-,2074,0,0.002704500
postgres,1,insert_texto,-,2075,0,0.002653100
postgres,1,insert_texto,-,2076,0,0.002826700
postgres,1,insert_texto,-,2077,0,0.002653600
postgres,1,insert_texto,-,2078,0,0.002670500
postgres,1,insert_texto,-,2079,0,0.002771600
postgres,1,insert_texto,-,2080,0,0.002720100
postgres,1,insert_texto,-,2081,0,0.002868200
postgres,1,insert_texto,-,2082,0,0.003127500
postgres,1,insert_texto,-,2083,0,0.002601200
postgres,1,insert_texto,-,2084,0,0.002782000
postgres,1,insert_texto,-,2085,0,0.002716700
postgres,1,insert_texto,-,2086,0,0.002672400
postgres,1,insert_texto,-,2087,0,0.002908100
postgres,1,insert_texto,-,2088,0,0.002849200
postgres,1,insert_texto,-,2089,0,0.002748400
postgres,1,insert_texto,-,2090,0,0.002713400
postgres,1,insert_texto,-,2091,0,0.002902200
postgres,1,insert_texto,-,2092,0,0.002769100
postgres,1,insert_texto,-,2093,0,0.002855700
postgres,1,insert_texto,-,2094,0,0.002730500
postgres,1,insert_texto,-,2095,0,0.002718600
postgres,1,insert_texto,-,2096,0,0.002658200
postgres,1,insert_texto,-,2097,0,0.003026800
postgres,1,insert_texto,-,2098,0,0.002748900
postgres,1,insert_texto,-,2099,0,0.002652800
postgres,1,insert_texto,-,2100,0,0.002699400
postgres,1,insert_texto,-,2101,0,0.002754300
postgres,1,insert_texto,-,2102,0,0.002738000
postgres,1,insert_texto,-,2103,0,0.002722500
postgres,1,insert_texto,-,2104,0,0.002805700
postgres,1,insert_texto,-,2105,0,0.002822500
postgres,1,insert_texto,-,2106,0,0.002612800
postgres,1,insert_texto,-,2107,0,0.002708800
postgres,1,insert_texto,-,2108,0,0.002720000
postgres,1,insert_texto,-,2109,0,0.002652200
postgres,1,insert_texto,-,2110,0,0.003042200
postgres,1,insert_texto,-,2111,0,0.002834100
postgres,1,insert_texto,-,2112,0,0.002706600
postgres,1,insert_texto,-,2113,0,0.002606200
postgres,1,insert_texto,-,2114,0,0.003082500
postgres,1,insert_texto,-,2115,0,0.002738300
postgres,1,insert_texto,-,2116,0,0.002722700
postgres,1,insert_texto,-,2117,0,0.002713000
postgres,1,insert_texto,-,2118,0,0.002636200
postgres,1,insert_texto,-,2119,0,0.002666400
postgres,1,insert_texto,-,2120,0,0.002711300
postgres,1,insert_texto,-,2121,0,0.002686100
postgres,1,insert_texto,-,2122,0,0.002703900
postgres,1,insert_texto,-,2123,0,0.002722900
postgres,1,insert_texto,-,2124,0,0.002673700
postgres,1,insert_texto,-,2125,0,0.002743600
postgres,1,insert_texto,-,2126,0,0.002623500
postgres,1,insert_texto,-,2127,0,0.003217900
postgres,1,insert_texto,-,2128,0,0.002724700
postgres,1,insert_texto,-,2129,0,0.002591500
postgres,1,insert_texto,-,2130,0,0.002922600
postgres,1,insert_texto,-,2131,0,0.002788200
postgres,1,insert_texto,-,2132,0,0.002660400
postgres,1,insert_texto,-,2133,0,0.002672400
postgres,1,insert_texto,-,2134,0,0.002721100
postgres,1,insert_texto,-,2135,0,0.002673800
postgres,1,insert_texto,-,2136,0,0.002663800
postgres,1,insert_texto,-,2137,0,0.002649400
postgres,1,insert_texto,-,2138,0,0.002751000
postgres,1,insert_texto,-,2139,0,0.002744600
postgres,1,insert_texto,-,2140,0,0.002616100
postgres,1,insert_texto,-,2141,0,0.002501700
postgres,1,insert_texto,-,2142,0,0.002680300
postgres,1,insert_texto,-,2143,0,0.002554400
postgres,1,insert_texto,-,2144,0,0.002645500
postgres,1,insert_texto,-,2145,0,0.002569900
postgres,1,insert_texto,-,2146,0,0.002686100
postgres,1,insert_texto,-,2147,0,0.002510300
postgres,1,insert_texto,-,2148,0,0.002594800
postgres,1,insert_texto,-,2149,0,0.002535200
postgres,1,insert_texto,-,2150,0,0.002586600
postgres,1,insert_texto,-,2151,0,0.002571800
postgres,1,insert_texto,-,2152,0,0.002642400
postgres,1,insert_texto,-,2153,0,0.002588900
postgres,1,insert_texto,-,2154,0,0.002695800
postgres,1,insert_texto,-,2155,0,0.002590600
postgres,1,insert_texto,-,2156,0,0.002584400
postgres,1,insert_texto,-,2157,0,0.002618200
postgres,1,insert_texto,-,2158,0,0.002863800
postgres,1,insert_texto,-,2159,0,0.002840900
postgres,1,insert_texto,-,2160,0,0.002923200
postgres,1,insert_texto,-,2161,0,0.003111100
postgres,1,insert_texto,-,2162,0,0.003231200
postgres,1,insert_texto,-,2163,0,0.002910500
postgres,1,insert_texto,-,2164,0,0.002936800
postgres,1,insert_texto,-,2165,0,0.002891400
postgres,1,insert_texto,-,2166,0,0.002713900
postgres,1,insert_texto,-,2167,0,0.002808000
postgres,1,insert_texto,-,2168,0,0.002602700
postgres,1,insert_texto,-,2169,0,0.002561500
postgres,1,insert_texto,-,2170,0,0.002552600
postgres,1,insert_texto,-,2171,0,0.002623900
postgres,1,insert_texto,-,2172,0,0.002622200
postgres,1,insert_texto,-,2173,0,0.002857500
postgres,1,insert_texto,-,2174,0,0.002663800
postgres,1,insert_texto,-,2175,0,0.002689300
postgres,1,insert_texto,-,2176,0,0.002479500
postgres,1,insert_texto,-,2177,0,0.002707900
postgres,1,insert_texto,-,2178,0,0.002492000
postgres,1,insert_texto,-,2179,0,0.002663800
postgres,1,insert_texto,-,2180,0,0.002691300
postgres,1,insert_texto,-,2181,0,0.002719400
postgres,1,insert_texto,-,2182,0,0.002618400
postgres,1,insert_texto,-,2183,0,0.002669800
postgres,1,insert_texto,-,2184,0,0.002533700
postgres,1,insert_texto,-,2185,0,0.002809800
postgres,1,insert_texto,-,2186,0,0.002624500
postgres,1,insert_texto,-,2187,0,0.002518200
postgres,1,insert_texto,-,2188,0,0.002525000
postgres,1,insert_texto,-,2189,0,0.002936700
postgres,1,insert_texto,-,2190,0,0.002670200
postgres,1,insert_texto,-,2191,0,0.002844100
postgres,1,insert_texto,-,2192,0,0.002713100
postgres,1,insert_texto,-,2193,0,0.002704700
postgres,1,insert_texto,-,2194,0,0.002647900
postgres,1,insert_texto,-,2195,0,0.002606400
postgres,1,insert_texto,-,2196,0,0.002838200
postgres,1,insert_texto,-,2197,0,0.003152900
postgres,1,insert_texto,-,2198,0,0.003229800
postgres,1,insert_texto,-,2199,0,0.004311400
postgres,1,insert_texto,-,2200,0,0.003746700
postgres,1,insert_texto,-,2201,0,0.004265000
postgres,1,insert_texto,-,2202,0,0.004525700
postgres,1,insert_texto,-,2203,0,0.004503000
postgres,1,insert_texto,-,2204,0,0.004707300
postgres,1,insert_texto,-,2205,0,0.002827100
postgres,1,insert_texto,-,2206,0,0.002954800
postgres,1,insert_texto,-,2207,0,0.003153300
postgres,1,insert_texto,-,2208,0,0.003428200
postgres,1,insert_texto,-,2209,0,0.003093900
postgres,1,insert_texto,-,2210,0,0.003392300
postgres,1,insert_texto,-,2211,0,0.003091700
postgres,1,insert_texto,-,2212,0,0.003424600
postgres,1,insert_texto,-,2213,0,0.003884200
postgres,1,insert_texto,-,2214,0,0.003445800
postgres,1,insert_texto,-,2215,0,0.003357900
postgres,1,insert_texto,-,2216,0,0.003514700
postgres,1,insert_texto,-,2217,0,0.003984700
postgres,1,insert_texto,-,2218,0,0.003581900
postgres,1,insert_texto,-,2219,0,0.004282800
postgres,1,insert_texto,-,2220,0,0.003934600
postgres,1,insert_texto,-,2221,0,0.003480200
postgres,1,insert_texto,-,2222,0,0.003062900
postgres,1,insert_texto,-,2223,0,0.003303700
postgres,1,insert_texto,-,2224,0,0.002769600
postgres,1,insert_texto,-,2225,0,0.002932700
postgres,1,insert_texto,-,2226,0,0.002924000
postgres,1,insert_texto,-,2227,0,0.003078600
postgres,1,insert_texto,-,2228,0,0.002847300
postgres,1,insert_texto,-,2229,0,0.002823500
postgres,1,insert_texto,-,2230,0,0.002705500
postgres,1,insert_texto,-,2231,0,0.003033500
postgres,1,insert_texto,-,2232,0,0.003018800
postgres,1,insert_texto,-,2233,0,0.002736800
postgres,1,insert_texto,-,2234,0,0.002900500
postgres,1,insert_texto,-,2235,0,0.002888200
postgres,1,insert_texto,-,2236,0,0.002989200
postgres,1,insert_texto,-,2237,0,0.003860100
postgres,1,insert_texto,-,2238,0,0.003768600
postgres,1,insert_texto,-,2239,0,0.003286900
postgres,1,insert_texto,-,2240,0,0.002990900
postgres,1,insert_texto,-,2241,0,0.002798900
postgres,1,insert_texto,-,2242,0,0.002871400
postgres,1,insert_texto,-,2243,0,0.002866700
postgres,1,insert_texto,-,2244,0,0.002800500
postgres,1,insert_texto,-,2245,0,0.002760000
postgres,1,insert_texto,-,2246,0,0.002988200
postgres,1,insert_texto,-,2247,0,0.002720300
postgres,1,insert_texto,-,2248,0,0.003227700
postgres,1,insert_texto,-,2249,0,0.002907300
postgres,1,insert_texto,-,2250,0,0.003402900
postgres,1,insert_texto,-,2251,0,0.003302100
postgres,1,insert_texto,-,2252,0,0.003816800
postgres,1,insert_texto,-,2253,0,0.003672300
postgres,1,insert_texto,-,2254,0,0.003480400
postgres,1,insert_texto,-,2255,0,0.003422600
postgres,1,insert_texto,-,2256,0,0.003278700
postgres,1,insert_texto,-,2257,0,0.003384000
postgres,1,insert_texto,-,2258,0,0.003621200
postgres,1,insert_texto,-,2259,0,0.003968800
postgres,1,insert_texto,-,2260,0,0.003404600
postgres,1,insert_texto,-,2261,0,0.004013400
postgres,1,insert_texto,-,2262,0,0.003921200
postgres,1,insert_texto,-,2263,0,0.004121700
postgres,1,insert_texto,-,2264,0,0.003402600
postgres,1,insert_texto,-,2265,0,0.003752900
postgres,1,insert_texto,-,2266,0,0.003785600
postgres,1,insert_texto,-,2267,0,0.004162400
postgres,1,insert_texto,-,2268,0,0.005548200
postgres,1,insert_texto,-,2269,0,0.005341500
postgres,1,insert_texto,-,2270,0,0.006042000
postgres,1,insert_texto,-,2271,0,0.005617700
postgres,1,insert_texto,-,2272,0,0.005698400
postgres,1,insert_texto,-,2273,0,0.005520800
postgres,1,insert_texto,-,2274,0,0.006224300
postgres,1,insert_texto,-,2275,0,0.005189900
postgres,1,insert_texto,-,2276,0,0.006576600
postgres,1,insert_texto,-,2277,0,0.005621200
postgres,1,insert_texto,-,2278,0,0.005226800
postgres,1,insert_texto,-,2279,0,0.004764700
postgres,1,insert_texto,-,2280,0,0.004043100
postgres,1,insert_texto,-,2281,0,0.003317600
postgres,1,insert_texto,-,2282,0,0.005229400
postgres,1,insert_texto,-,2283,0,0.005595200
postgres,1,insert_texto,-,2284,0,0.004518000
postgres,1,insert_texto,-,2285,0,0.003113500
postgres,1,insert_texto,-,2286,0,0.003174800
postgres,1,insert_texto,-,2287,0,0.003581200
postgres,1,insert_texto,-,2288,0,0.003272700
postgres,1,insert_texto,-,2289,0,0.003340700
postgres,1,insert_texto,-,2290,0,0.002817900
postgres,1,insert_texto,-,2291,0,0.002966000
postgres,1,insert_texto,-,2292,0,0.002953700
postgres,1,insert_texto,-,2293,0,0.003396700
postgres,1,insert_texto,-,2294,0,0.002762000
postgres,1,insert_texto,-,2295,0,0.002648300
postgres,1,insert_texto,-,2296,0,0.003068200
postgres,1,insert_texto,-,2297,0,0.002651300
postgres,1,insert_texto,-,2298,0,0.003128000
postgres,1,insert_texto,-,2299,0,0.002815100
postgres,1,insert_texto,-,2300,0,0.002782600
postgres,1,insert_texto,-,2301,0,0.002559500
postgres,1,insert_texto,-,2302,0,0.002837700
postgres,1,insert_texto,-,2303,0,0.002659600
postgres,1,insert_texto,-,2304,0,0.003696200
postgres,1,insert_texto,-,2305,0,0.002657600
postgres,1,insert_texto,-,2306,0,0.002762300
postgres,1,insert_texto,-,2307,0,0.002823400
postgres,1,insert_texto,-,2308,0,0.002669800
postgres,1,insert_texto,-,2309,0,0.002674300
postgres,1,insert_texto,-,2310,0,0.003513300
postgres,1,insert_texto,-,2311,0,0.003046700
postgres,1,insert_texto,-,2312,0,0.002771600
postgres,1,insert_texto,-,2313,0,0.002878100
postgres,1,insert_texto,-,2314,0,0.002932800
postgres,1,insert_texto,-,2315,0,0.003142400
postgres,1,insert_texto,-,2316,0,0.003244100
postgres,1,insert_texto,-,2317,0,0.002711900
postgres,1,insert_texto,-,2318,0,0.002807900
postgres,1,insert_texto,-,2319,0,0.002836200
postgres,1,insert_texto,-,2320,0,0.002739400
postgres,1,insert_texto,-,2321,0,0.003750600
postgres,1,insert_texto,-,2322,0,0.002801900
postgres,1,insert_texto,-,2323,0,0.002851500
postgres,1,insert_texto,-,2324,0,0.002714500
postgres,1,insert_texto,-,2325,0,0.002699300
postgres,1,insert_texto,-,2326,0,0.002946000
postgres,1,insert_texto,-,2327,0,0.003804400
postgres,1,insert_texto,-,2328,0,0.003547200
postgres,1,insert_texto,-,2329,0,0.003563400
postgres,1,insert_texto,-,2330,0,0.003446000
postgres,1,insert_texto,-,2331,0,0.003698500
postgres,1,insert_texto,-,2332,0,0.002707800
postgres,1,insert_texto,-,2333,0,0.002906200
postgres,1,insert_texto,-,2334,0,0.002903900
postgres,1,insert_texto,-,2335,0,0.002710200
postgres,1,insert_texto,-,2336,0,0.003113600
postgres,1,insert_texto,-,2337,0,0.003141100
postgres,1,insert_texto,-,2338,0,0.003050700
postgres,1,insert_texto,-,2339,0,0.003085400
postgres,1,insert_texto,-,2340,0,0.002710900
postgres,1,insert_texto,-,2341,0,0.002975000
postgres,1,insert_texto,-,2342,0,0.003130500
postgres,1,insert_texto,-,2343,0,0.002784300
postgres,1,insert_texto,-,2344,0,0.003012400
postgres,1,insert_texto,-,2345,0,0.003068900
postgres,1,insert_texto,-,2346,0,0.003112400
postgres,1,insert_texto,-,2347,0,0.003394800
postgres,1,insert_texto,-,2348,0,0.003326600
postgres,1,insert_texto,-,2349,0,0.003273900
postgres,1,insert_texto,-,2350,0,0.003078300
postgres,1,insert_texto,-,2351,0,0.003190000
postgres,1,insert_texto,-,2352,0,0.003310400
postgres,1,insert_texto,-,2353,0,0.003340600
postgres,1,insert_texto,-,2354,0,0.002817800
postgres,1,insert_texto,-,2355,0,0.002800500
postgres,1,insert_texto,-,2356,0,0.002717300
postgres,1,insert_texto,-,2357,0,0.003085300
postgres,1,insert_texto,-,2358,0,0.003176900
postgres,1,insert_texto,-,2359,0,0.002990800
postgres,1,insert_texto,-,2360,0,0.002870300
postgres,1,insert_texto,-,2361,0,0.002676900
postgres,1,insert_texto,-,2362,0,0.003160800
postgres,1,insert_texto,-,2363,0,0.002865700
postgres,1,insert_texto,-,2364,0,0.003243400
postgres,1,insert_texto,-,2365,0,0.003126000
postgres,1,insert_texto,-,2366,0,0.002683300
postgres,1,insert_texto,-,2367,0,0.002628400
postgres,1,insert_texto,-,2368,0,0.003202000
postgres,1,insert_texto,-,2369,0,0.002839200
postgres,1,insert_texto,-,2370,0,0.003190600
postgres,1,insert_texto,-,2371,0,0.002914600
postgres,1,insert_texto,-,2372,0,0.003032000
postgres,1,insert_texto,-,2373,0,0.002879900
postgres,1,insert_texto,-,2374,0,0.002714900
postgres,1,insert_texto,-,2375,0,0.003391400
postgres,1,insert_texto,-,2376,0,0.003406400
postgres,1,insert_texto,-,2377,0,0.003730500
postgres,1,insert_texto,-,2378,0,0.003425000
postgres,1,insert_texto,-,2379,0,0.002881600
postgres,1,insert_texto,-,2380,0,0.003137100
postgres,1,insert_texto,-,2381,0,0.002777800
postgres,1,insert_texto,-,2382,0,0.002703600
postgres,1,insert_texto,-,2383,0,0.002891800
postgres,1,insert_texto,-,2384,0,0.002714200
postgres,1,insert_texto,-,2385,0,0.002802300
postgres,1,insert_texto,-,2386,0,0.003101800
postgres,1,insert_texto,-,2387,0,0.002692900
postgres,1,insert_texto,-,2388,0,0.002578100
postgres,1,insert_texto,-,2389,0,0.002713200
postgres,1,insert_texto,-,2390,0,0.002530800
postgres,1,insert_texto,-,2391,0,0.002746400
postgres,1,insert_texto,-,2392,0,0.003111700
postgres,1,insert_texto,-,2393,0,0.002766200
postgres,1,insert_texto,-,2394,0,0.003570500
postgres,1,insert_texto,-,2395,0,0.002826600
postgres,1,insert_texto,-,2396,0,0.002581200
postgres,1,insert_texto,-,2397,0,0.002856800
postgres,1,insert_texto,-,2398,0,0.002786200
postgres,1,insert_texto,-,2399,0,0.002524600
postgres,1,insert_texto,-,2400,0,0.002694800
postgres,1,insert_texto,-,2401,0,0.002685900
postgres,1,insert_texto,-,2402,0,0.002649000
postgres,1,insert_texto,-,2403,0,0.002941500
postgres,1,insert_texto,-,2404,0,0.003133600
postgres,1,insert_texto,-,2405,0,0.002659300
postgres,1,insert_texto,-,2406,0,0.003054900
postgres,1,insert_texto,-,2407,0,0.002995900
postgres,1,insert_texto,-,2408,0,0.003008700
postgres,1,insert_texto,-,2409,0,0.002900500
postgres,1,insert_texto,-,2410,0,0.002782400
postgres,1,insert_texto,-,2411,0,0.003207300
postgres,1,insert_texto,-,2412,0,0.002775900
postgres,1,insert_texto,-,2413,0,0.002754300
postgres,1,insert_texto,-,2414,0,0.002780300
postgres,1,insert_texto,-,2415,0,0.003110500
postgres,1,insert_texto,-,2416,0,0.002801100
postgres,1,insert_texto,-,2417,0,0.003119200
postgres,1,insert_texto,-,2418,0,0.002655400
postgres,1,insert_texto,-,2419,0,0.003183300
postgres,1,insert_texto,-,2420,0,0.002751600
postgres,1,insert_texto,-,2421,0,0.002908500
postgres,1,insert_texto,-,2422,0,0.002889700
postgres,1,insert_texto,-,2423,0,0.003040100
postgres,1,insert_texto,-,2424,0,0.002791700
postgres,1,insert_texto,-,2425,0,0.002947400
postgres,1,insert_texto,-,2426,0,0.002834900
postgres,1,insert_texto,-,2427,0,0.002747300
postgres,1,insert_texto,-,2428,0,0.002556300
postgres,1,insert_texto,-,2429,0,0.002741700
postgres,1,insert_texto,-,2430,0,0.002683900
postgres,1,insert_texto,-,2431,0,0.002614300
postgres,1,insert_texto,-,2432,0,0.002651100
postgres,1,insert_texto,-,2433,0,0.002697000
postgres,1,insert_texto,-,2434,0,0.002495400
postgres,1,insert_texto,-,2435,0,0.002664100
postgres,1,insert_texto,-,2436,0,0.002488400
postgres,1,insert_texto,-,2437,0,0.002540500
postgres,1,insert_texto,-,2438,0,0.002791600
postgres,1,insert_texto,-,2439,0,0.003157300
postgres,1,insert_texto,-,2440,0,0.003021900
postgres,1,insert_texto,-,2441,0,0.003239200
postgres,1,insert_texto,-,2442,0,0.003096600
postgres,1,insert_texto,-,2443,0,0.003366700
postgres,1,insert_texto,-,2444,0,0.003192300
postgres,1,insert_texto,-,2445,0,0.003211900
postgres,1,insert_texto,-,2446,0,0.003161300
postgres,1,insert_texto,-,2447,0,0.003370700
postgres,1,insert_texto,-,2448,0,0.003198800
postgres,1,insert_texto,-,2449,0,0.002739300
postgres,1,insert_texto,-,2450,0,0.003007000
postgres,1,insert_texto,-,2451,0,0.004339300
postgres,1,insert_texto,-,2452,0,0.003698800
postgres,1,insert_texto,-,2453,0,0.003858300
postgres,1,insert_texto,-,2454,0,0.003128700
postgres,1,insert_texto,-,2455,0,0.002666700
postgres,1,insert_texto,-,2456,0,0.002788100
postgres,1,insert_texto,-,2457,0,0.002703400
postgres,1,insert_texto,-,2458,0,0.002826500
postgres,1,insert_texto,-,2459,0,0.003195600
postgres,1,insert_texto,-,2460,0,0.002875000
postgres,1,insert_texto,-,2461,0,0.002631800
postgres,1,insert_texto,-,2462,0,0.003089100
postgres,1,insert_texto,-,2463,0,0.002804800
postgres,1,insert_texto,-,2464,0,0.003251900
postgres,1,insert_texto,-,2465,0,0.003099500
postgres,1,insert_texto,-,2466,0,0.002828000
postgres,1,insert_texto,-,2467,0,0.002959000
postgres,1,insert_texto,-,2468,0,0.003098900
postgres,1,insert_texto,-,2469,0,0.002790500
postgres,1,insert_texto,-,2470,0,0.002839600
postgres,1,insert_texto,-,2471,0,0.003183900
postgres,1,insert_texto,-,2472,0,0.002766500
postgres,1,insert_texto,-,2473,0,0.002645400
postgres,1,insert_texto,-,2474,0,0.003010500
postgres,1,insert_texto,-,2475,0,0.002720300
postgres,1,insert_texto,-,2476,0,0.003598000
postgres,1,insert_texto,-,2477,0,0.003430800
postgres,1,insert_texto,-,2478,0,0.003918800
postgres,1,insert_texto,-,2479,0,0.003362300
postgres,1,insert_texto,-,2480,0,0.003589900
postgres,1,insert_texto,-,2481,0,0.002961600
postgres,1,insert_texto,-,2482,0,0.003386600
postgres,1,insert_texto,-,2483,0,0.003481800
postgres,1,insert_texto,-,2484,0,0.003754100
postgres,1,insert_texto,-,2485,0,0.003135000
postgres,1,insert_texto,-,2486,0,0.003194500
postgres,1,insert_texto,-,2487,0,0.002850800
postgres,1,insert_texto,-,2488,0,0.002784400
postgres,1,insert_texto,-,2489,0,0.002673600
postgres,1,insert_texto,-,2490,0,0.002672000
postgres,1,insert_texto,-,2491,0,0.002696400
postgres,1,insert_texto,-,2492,0,0.002975700
postgres,1,insert_texto,-,2493,0,0.002793900
postgres,1,insert_texto,-,2494,0,0.003046400
postgres,1,insert_texto,-,2495,0,0.002734800
postgres,1,insert_texto,-,2496,0,0.003077000
postgres,1,insert_texto,-,2497,0,0.002726000
postgres,1,insert_texto,-,2498,0,0.002944600
postgres,1,insert_texto,-,2499,0,0.002869500
postgres,1,insert_texto,-,2500,0,0.003123200
postgres,1,insert_texto,-,2501,0,0.002992900
postgres,1,insert_texto,-,2502,0,0.002966200
postgres,1,insert_texto,-,2503,0,0.002909900
postgres,1,insert_texto,-,2504,0,0.003091900
postgres,1,insert_texto,-,2505,0,0.002548300
postgres,1,insert_texto,-,2506,0,0.002555700
postgres,1,insert_texto,-,2507,0,0.002784100
postgres,1,insert_texto,-,2508,0,0.002957700
postgres,1,insert_texto,-,2509,0,0.002619400
postgres,1,insert_texto,-,2510,0,0.002882600
postgres,1,insert_texto,-,2511,0,0.002639000
postgres,1,insert_texto,-,2512,0,0.002827900
postgres,1,insert_texto,-,2513,0,0.003102100
postgres,1,insert_texto,-,2514,0,0.002715400
postgres,1,insert_texto,-,2515,0,0.003004300
postgres,1,insert_texto,-,2516,0,0.002830100
postgres,1,insert_texto,-,2517,0,0.002617600
postgres,1,insert_texto,-,2518,0,0.002604600
postgres,1,insert_texto,-,2519,0,0.002951500
postgres,1,insert_texto,-,2520,0,0.002631200
postgres,1,insert_texto,-,2521,0,0.003024700
postgres,1,insert_texto,-,2522,0,0.002734700
postgres,1,insert_texto,-,2523,0,0.002486100
postgres,1,insert_texto,-,2524,0,0.002981400
postgres,1,insert_texto,-,2525,0,0.002795200
postgres,1,insert_texto,-,2526,0,0.002569500
postgres,1,insert_texto,-,2527,0,0.003249900
postgres,1,insert_texto,-,2528,0,0.003075100
postgres,1,insert_texto,-,2529,0,0.004156500
postgres,1,insert_texto,-,2530,0,0.003416800
postgres,1,insert_texto,-,2531,0,0.002753300
postgres,1,insert_texto,-,2532,0,0.003336200
postgres,1,insert_texto,-,2533,0,0.003436000
postgres,1,insert_texto,-,2534,0,0.003909700
postgres,1,insert_texto,-,2535,0,0.002852000
postgres,1,insert_texto,-,2536,0,0.003047200
postgres,1,insert_texto,-,2537,0,0.003789100
postgres,1,insert_texto,-,2538,0,0.003663800
postgres,1,insert_texto,-,2539,0,0.003237600
postgres,1,insert_texto,-,2540,0,0.002970400
postgres,1,insert_texto,-,2541,0,0.003222200
postgres,1,insert_texto,-,2542,0,0.003774200
postgres,1,insert_texto,-,2543,0,0.003471400
postgres,1,insert_texto,-,2544,0,0.002656600
postgres,1,insert_texto,-,2545,0,0.002531700
postgres,1,insert_texto,-,2546,0,0.002853000
postgres,1,insert_texto,-,2547,0,0.002818300
postgres,1,insert_texto,-,2548,0,0.003421000
postgres,1,insert_texto,-,2549,0,0.002993700
postgres,1,insert_texto,-,2550,0,0.002723700
postgres,1,insert_texto,-,2551,0,0.002795900
postgres,1,insert_texto,-,2552,0,0.002698100
postgres,1,insert_texto,-,2553,0,0.003209500
postgres,1,insert_texto,-,2554,0,0.003415300
postgres,1,insert_texto,-,2555,0,0.002670000
postgres,1,insert_texto,-,2556,0,0.002554500
postgres,1,insert_texto,-,2557,0,0.002839100
postgres,1,insert_texto,-,2558,0,0.002753700
postgres,1,insert_texto,-,2559,0,0.003561900
postgres,1,insert_texto,-,2560,0,0.003313600
postgres,1,insert_texto,-,2561,0,0.002590400
postgres,1,insert_texto,-,2562,0,0.002486000
postgres,1,insert_texto,-,2563,0,0.002864200
postgres,1,insert_texto,-,2564,0,0.002759900
postgres,1,insert_texto,-,2565,0,0.003508700
postgres,1,insert_texto,-,2566,0,0.003119000
postgres,1,insert_texto,-,2567,0,0.002752400
postgres,1,insert_texto,-,2568,0,0.002694100
postgres,1,insert_texto,-,2569,0,0.002734300
postgres,1,insert_texto,-,2570,0,0.003214900
postgres,1,insert_texto,-,2571,0,0.003666100
postgres,1,insert_texto,-,2572,0,0.003388000
postgres,1,insert_texto,-,2573,0,0.002904600
postgres,1,insert_texto,-,2574,0,0.002819400
postgres,1,insert_texto,-,2575,0,0.002746400
postgres,1,insert_texto,-,2576,0,0.003919900
postgres,1,insert_texto,-,2577,0,0.003406400
postgres,1,insert_texto,-,2578,0,0.003286500
postgres,1,insert_texto,-,2579,0,0.002640300
postgres,1,insert_texto,-,2580,0,0.002695900
postgres,1,insert_texto,-,2581,0,0.003295900
postgres,1,insert_texto,-,2582,0,0.002871000
postgres,1,insert_texto,-,2583,0,0.002515000
postgres,1,insert_texto,-,2584,0,0.002886100
postgres,1,insert_texto,-,2585,0,0.002526600
postgres,1,insert_texto,-,2586,0,0.002725900
postgres,1,insert_texto,-,2587,0,0.003516100
postgres,1,insert_texto,-,2588,0,0.003813000
postgres,1,insert_texto,-,2589,0,0.003629400
postgres,1,insert_texto,-,2590,0,0.002567000
postgres,1,insert_texto,-,2591,0,0.002789500
postgres,1,insert_texto,-,2592,0,0.003265500
postgres,1,insert_texto,-,2593,0,0.003224400
postgres,1,insert_texto,-,2594,0,0.002823800
postgres,1,insert_texto,-,2595,0,0.002919800
postgres,1,insert_texto,-,2596,0,0.002591400
postgres,1,insert_texto,-,2597,0,0.003178600
postgres,1,insert_texto,-,2598,0,0.002944400
postgres,1,insert_texto,-,2599,0,0.002706800
postgres,1,insert_texto,-,2600,0,0.002844200
postgres,1,insert_texto,-,2601,0,0.002560500
postgres,1,insert_texto,-,2602,0,0.002575900
postgres,1,insert_texto,-,2603,0,0.003550600
postgres,1,insert_texto,-,2604,0,0.003043300
postgres,1,insert_texto,-,2605,0,0.003626400
postgres,1,insert_texto,-,2606,0,0.002632900
postgres,1,insert_texto,-,2607,0,0.002556300
postgres,1,insert_texto,-,2608,0,0.002952700
postgres,1,insert_texto,-,2609,0,0.002857600
postgres,1,insert_texto,-,2610,0,0.002937200
postgres,1,insert_texto,-,2611,0,0.002803200
postgres,1,insert_texto,-,2612,0,0.002722400
postgres,1,insert_texto,-,2613,0,0.002921900
postgres,1,insert_texto,-,2614,0,0.002863800
postgres,1,insert_texto,-,2615,0,0.002754100
postgres,1,insert_texto,-,2616,0,0.002926300
postgres,1,insert_texto,-,2617,0,0.002832300
postgres,1,insert_texto,-,2618,0,0.002654600
postgres,1,insert_texto,-,2619,0,0.002974300
postgres,1,insert_texto,-,2620,0,0.003123900
postgres,1,insert_texto,-,2621,0,0.002765700
postgres,1,insert_texto,-,2622,0,0.003040600
postgres,1,insert_texto,-,2623,0,0.002617400
postgres,1,insert_texto,-,2624,0,0.002664600
postgres,1,insert_texto,-,2625,0,0.002644200
postgres,1,insert_texto,-,2626,0,0.002949200
postgres,1,insert_texto,-,2627,0,0.002926600
postgres,1,insert_texto,-,2628,0,0.002890900
postgres,1,insert_texto,-,2629,0,0.002693700
postgres,1,insert_texto,-,2630,0,0.002950500
postgres,1,insert_texto,-,2631,0,0.003119400
postgres,1,insert_texto,-,2632,0,0.003318100
postgres,1,insert_texto,-,2633,0,0.003482700
postgres,1,insert_texto,-,2634,0,0.003028300
postgres,1,insert_texto,-,2635,0,0.003340200
postgres,1,insert_texto,-,2636,0,0.003082300
postgres,1,insert_texto,-,2637,0,0.003443600
postgres,1,insert_texto,-,2638,0,0.003398300
postgres,1,insert_texto,-,2639,0,0.002543800
postgres,1,insert_texto,-,2640,0,0.002784800
postgres,1,insert_texto,-,2641,0,0.002857800
postgres,1,insert_texto,-,2642,0,0.002703600
postgres,1,insert_texto,-,2643,0,0.002804200
postgres,1,insert_texto,-,2644,0,0.002722600
postgres,1,insert_texto,-,2645,0,0.002867200
postgres,1,insert_texto,-,2646,0,0.002957800
postgres,1,insert_texto,-,2647,0,0.002756700
postgres,1,insert_texto,-,2648,0,0.002929500
postgres,1,insert_texto,-,2649,0,0.002926400
postgres,1,insert_texto,-,2650,0,0.002516100
postgres,1,insert_texto,-,2651,0,0.002678600
postgres,1,insert_texto,-,2652,0,0.003030900
postgres,1,insert_texto,-,2653,0,0.002650700
postgres,1,insert_texto,-,2654,0,0.002844700
postgres,1,insert_texto,-,2655,0,0.002889300
postgres,1,insert_texto,-,2656,0,0.002660400
postgres,1,insert_texto,-,2657,0,0.002739600
postgres,1,insert_texto,-,2658,0,0.002747700
postgres,1,insert_texto,-,2659,0,0.002579100
postgres,1,insert_texto,-,2660,0,0.003716400
postgres,1,insert_texto,-,2661,0,0.002826900
postgres,1,insert_texto,-,2662,0,0.002512000
postgres,1,insert_texto,-,2663,0,0.002800600
postgres,1,insert_texto,-,2664,0,0.002879900
postgres,1,insert_texto,-,2665,0,0.002622100
postgres,1,insert_texto,-,2666,0,0.002955500
postgres,1,insert_texto,-,2667,0,0.002691600
postgres,1,insert_texto,-,2668,0,0.002825900
postgres,1,insert_texto,-,2669,0,0.002834600
postgres,1,insert_texto,-,2670,0,0.002679700
postgres,1,insert_texto,-,2671,0,0.002713200
postgres,1,insert_texto,-,2672,0,0.003092800
postgres,1,insert_texto,-,2673,0,0.002505100
postgres,1,insert_texto,-,2674,0,0.002927100
postgres,1,insert_texto,-,2675,0,0.002649400
postgres,1,insert_texto,-,2676,0,0.002729500
postgres,1,insert_texto,-,2677,0,0.003001800
postgres,1,insert_texto,-,2678,0,0.003791200
postgres,1,insert_texto,-,2679,0,0.002954400
postgres,1,insert_texto,-,2680,0,0.002760900
postgres,1,insert_texto,-,2681,0,0.002681200
postgres,1,insert_texto,-,2682,0,0.002631400
postgres,1,insert_texto,-,2683,0,0.003365600
postgres,1,insert_texto,-,2684,0,0.002701700
postgres,1,insert_texto,-,2685,0,0.003045800
postgres,1,insert_texto,-,2686,0,0.002638000
postgres,1,insert_texto,-,2687,0,0.002635100
postgres,1,insert_texto,-,2688,0,0.002738800
postgres,1,insert_texto,-,2689,0,0.002779300
postgres,1,insert_texto,-,2690,0,0.002792800
postgres,1,insert_texto,-,2691,0,0.003303200
postgres,1,insert_texto,-,2692,0,0.002963200
postgres,1,insert_texto,-,2693,0,0.002868900
postgres,1,insert_texto,-,2694,0,0.002678400
postgres,1,insert_texto,-,2695,0,0.002978600
postgres,1,insert_texto,-,2696,0,0.002865400
postgres,1,insert_texto,-,2697,0,0.002849300
postgres,1,insert_texto,-,2698,0,0.002617000
postgres,1,insert_texto,-,2699,0,0.002946900
postgres,1,insert_texto,-,2700,0,0.002765600
postgres,1,insert_texto,-,2701,0,0.003139600
postgres,1,insert_texto,-,2702,0,0.002912200
postgres,1,insert_texto,-,2703,0,0.002976300
postgres,1,insert_texto,-,2704,0,0.002765900
postgres,1,insert_texto,-,2705,0,0.002571300
postgres,1,insert_texto,-,2706,0,0.002593200
postgres,1,insert_texto,-,2707,0,0.003690000
postgres,1,insert_texto,-,2708,0,0.002696600
postgres,1,insert_texto,-,2709,0,0.002487500
postgres,1,insert_texto,-,2710,0,0.002554300
postgres,1,insert_texto,-,2711,0,0.002716200
postgres,1,insert_texto,-,2712,0,0.002907200
postgres,1,insert_texto,-,2713,0,0.003202100
postgres,1,insert_texto,-,2714,0,0.003369000
postgres,1,insert_texto,-,2715,0,0.002666000
postgres,1,insert_texto,-,2716,0,0.002904900
postgres,1,insert_texto,-,2717,0,0.002702400
postgres,1,insert_texto,-,2718,0,0.003452600
postgres,1,insert_texto,-,2719,0,0.003040100
postgres,1,insert_texto,-,2720,0,0.002864300
postgres,1,insert_texto,-,2721,0,0.002565500
postgres,1,insert_texto,-,2722,0,0.002745000
postgres,1,insert_texto,-,2723,0,0.003181900
postgres,1,insert_texto,-,2724,0,0.003488900
postgres,1,insert_texto,-,2725,0,0.003077400
postgres,1,insert_texto,-,2726,0,0.003165200
postgres,1,insert_texto,-,2727,0,0.003102800
postgres,1,insert_texto,-,2728,0,0.003004700
postgres,1,insert_texto,-,2729,0,0.003610400
postgres,1,insert_texto,-,2730,0,0.003377000
postgres,1,insert_texto,-,2731,0,0.002748200
postgres,1,insert_texto,-,2732,0,0.002643500
postgres,1,insert_texto,-,2733,0,0.002598700
postgres,1,insert_texto,-,2734,0,0.002886300
postgres,1,insert_texto,-,2735,0,0.002828300
postgres,1,insert_texto,-,2736,0,0.003132200
postgres,1,insert_texto,-,2737,0,0.002808300
postgres,1,insert_texto,-,2738,0,0.002640800
postgres,1,insert_texto,-,2739,0,0.002640800
postgres,1,insert_texto,-,2740,0,0.002808900
postgres,1,insert_texto,-,2741,0,0.003094400
postgres,1,insert_texto,-,2742,0,0.002852500
postgres,1,insert_texto,-,2743,0,0.002673200
postgres,1,insert_texto,-,2744,0,0.002589500
postgres,1,insert_texto,-,2745,0,0.002732800
postgres,1,insert_texto,-,2746,0,0.002756900
postgres,1,insert_texto,-,2747,0,0.002574500
postgres,1,insert_texto,-,2748,0,0.002668800
postgres,1,insert_texto,-,2749,0,0.002496800
postgres,1,insert_texto,-,2750,0,0.002588800
postgres,1,insert_texto,-,2751,0,0.002674600
postgres,1,insert_texto,-,2752,0,0.003113800
postgres,1,insert_texto,-,2753,0,0.002634700
postgres,1,insert_texto,-,2754,0,0.002501600
postgres,1,insert_texto,-,2755,0,0.002518000
postgres,1,insert_texto,-,2756,0,0.002473300
postgres,1,insert_texto,-,2757,0,0.002580200
postgres,1,insert_texto,-,2758,0,0.002458000
postgres,1,insert_texto,-,2759,0,0.002578000
postgres,1,insert_texto,-,2760,0,0.002686500
postgres,1,insert_texto,-,2761,0,0.003303300
postgres,1,insert_texto,-,2762,0,0.004772000
postgres,1,insert_texto,-,2763,0,0.003973000
postgres,1,insert_texto,-,2764,0,0.002988700
postgres,1,insert_texto,-,2765,0,0.002932700
postgres,1,insert_texto,-,2766,0,0.002722300
postgres,1,insert_texto,-,2767,0,0.002603300
postgres,1,insert_texto,-,2768,0,0.002679400
postgres,1,insert_texto,-,2769,0,0.002852100
postgres,1,insert_texto,-,2770,0,0.002706900
postgres,1,insert_texto,-,2771,0,0.002705900
postgres,1,insert_texto,-,2772,0,0.002589100
postgres,1,insert_texto,-,2773,0,0.002510500
postgres,1,insert_texto,-,2774,0,0.002539000
postgres,1,insert_texto,-,2775,0,0.002749800
postgres,1,insert_texto,-,2776,0,0.002760300
postgres,1,insert_texto,-,2777,0,0.002512300
postgres,1,insert_texto,-,2778,0,0.002642700
postgres,1,insert_texto,-,2779,0,0.002472700
postgres,1,insert_texto,-,2780,0,0.002561300
postgres,1,insert_texto,-,2781,0,0.002617800
postgres,1,insert_texto,-,2782,0,0.002702500
postgres,1,insert_texto,-,2783,0,0.002821000
postgres,1,insert_texto,-,2784,0,0.002914300
postgres,1,insert_texto,-,2785,0,0.002719500
postgres,1,insert_texto,-,2786,0,0.002760600
postgres,1,insert_texto,-,2787,0,0.002725100
postgres,1,insert_texto,-,2788,0,0.002821000
postgres,1,insert_texto,-,2789,0,0.002582600
postgres,1,insert_texto,-,2790,0,0.002730900
postgres,1,insert_texto,-,2791,0,0.002763100
postgres,1,insert_texto,-,2792,0,0.003320300
postgres,1,insert_texto,-,2793,0,0.002671400
postgres,1,insert_texto,-,2794,0,0.003278100
postgres,1,insert_texto,-,2795,0,0.003235800
postgres,1,insert_texto,-,2796,0,0.003234700
postgres,1,insert_texto,-,2797,0,0.003077400
postgres,1,insert_texto,-,2798,0,0.002664100
postgres,1,insert_texto,-,2799,0,0.003266600
postgres,1,insert_texto,-,2800,0,0.002662900
postgres,1,insert_texto,-,2801,0,0.002826000
postgres,1,insert_texto,-,2802,0,0.002692200
postgres,1,insert_texto,-,2803,0,0.002652500
postgres,1,insert_texto,-,2804,0,0.002688100
postgres,1,insert_texto,-,2805,0,0.002663100
postgres,1,insert_texto,-,2806,0,0.002742800
postgres,1,insert_texto,-,2807,0,0.002641000
postgres,1,insert_texto,-,2808,0,0.002663200
postgres,1,insert_texto,-,2809,0,0.002734500
postgres,1,insert_texto,-,2810,0,0.003018100
postgres,1,insert_texto,-,2811,0,0.002955600
postgres,1,insert_texto,-,2812,0,0.002752500
postgres,1,insert_texto,-,2813,0,0.002696700
postgres,1,insert_texto,-,2814,0,0.002820200
postgres,1,insert_texto,-,2815,0,0.002880000
postgres,1,insert_texto,-,2816,0,0.002889300
postgres,1,insert_texto,-,2817,0,0.002926200
postgres,1,insert_texto,-,2818,0,0.002989200
postgres,1,insert_texto,-,2819,0,0.003383500
postgres,1,insert_texto,-,2820,0,0.003298000
postgres,1,insert_texto,-,2821,0,0.003388000
postgres,1,insert_texto,-,2822,0,0.003617000
postgres,1,insert_texto,-,2823,0,0.003262500
postgres,1,insert_texto,-,2824,0,0.003236500
postgres,1,insert_texto,-,2825,0,0.003448000
postgres,1,insert_texto,-,2826,0,0.002879400
postgres,1,insert_texto,-,2827,0,0.002848800
postgres,1,insert_texto,-,2828,0,0.002786100
postgres,1,insert_texto,-,2829,0,0.002995600
postgres,1,insert_texto,-,2830,0,0.002745800
postgres,1,insert_texto,-,2831,0,0.002890900
postgres,1,insert_texto,-,2832,0,0.002675500
postgres,1,insert_texto,-,2833,0,0.002644900
postgres,1,insert_texto,-,2834,0,0.002879300
postgres,1,insert_texto,-,2835,0,0.002806000
postgres,1,insert_texto,-,2836,0,0.002769300
postgres,1,insert_texto,-,2837,0,0.003129300
postgres,1,insert_texto,-,2838,0,0.002948300
postgres,1,insert_texto,-,2839,0,0.002714500
postgres,1,insert_texto,-,2840,0,0.002615300
postgres,1,insert_texto,-,2841,0,0.002714700
postgres,1,insert_texto,-,2842,0,0.002811800
postgres,1,insert_texto,-,2843,0,0.003025100
postgres,1,insert_texto,-,2844,0,0.002793000
postgres,1,insert_texto,-,2845,0,0.002796800
postgres,1,insert_texto,-,2846,0,0.002708900
postgres,1,insert_texto,-,2847,0,0.002749000
postgres,1,insert_texto,-,2848,0,0.002835500
postgres,1,insert_texto,-,2849,0,0.002773500
postgres,1,insert_texto,-,2850,0,0.002702900
postgres,1,insert_texto,-,2851,0,0.002782000
postgres,1,insert_texto,-,2852,0,0.003094000
postgres,1,insert_texto,-,2853,0,0.002910000
postgres,1,insert_texto,-,2854,0,0.003272200
postgres,1,insert_texto,-,2855,0,0.002986000
postgres,1,insert_texto,-,2856,0,0.002976600
postgres,1,insert_texto,-,2857,0,0.002995300
postgres,1,insert_texto,-,2858,0,0.002606100
postgres,1,insert_texto,-,2859,0,0.002757300
postgres,1,insert_texto,-,2860,0,0.002934300
postgres,1,insert_texto,-,2861,0,0.002879500
postgres,1,insert_texto,-,2862,0,0.002776800
postgres,1,insert_texto,-,2863,0,0.002663700
postgres,1,insert_texto,-,2864,0,0.003009700
postgres,1,insert_texto,-,2865,0,0.002893700
postgres,1,insert_texto,-,2866,0,0.002686200
postgres,1,insert_texto,-,2867,0,0.002832100
postgres,1,insert_texto,-,2868,0,0.002729900
postgres,1,insert_texto,-,2869,0,0.002561700
postgres,1,insert_texto,-,2870,0,0.002769300
postgres,1,insert_texto,-,2871,0,0.002584200
postgres,1,insert_texto,-,2872,0,0.002818000
postgres,1,insert_texto,-,2873,0,0.002971200
postgres,1,insert_texto,-,2874,0,0.002919200
postgres,1,insert_texto,-,2875,0,0.002703900
postgres,1,insert_texto,-,2876,0,0.002603700
postgres,1,insert_texto,-,2877,0,0.002848100
postgres,1,insert_texto,-,2878,0,0.002934200
postgres,1,insert_texto,-,2879,0,0.002808300
postgres,1,insert_texto,-,2880,0,0.002928900
postgres,1,insert_texto,-,2881,0,0.002728400
postgres,1,insert_texto,-,2882,0,0.002812900
postgres,1,insert_texto,-,2883,0,0.002703700
postgres,1,insert_texto,-,2884,0,0.002903200
postgres,1,insert_texto,-,2885,0,0.002855000
postgres,1,insert_texto,-,2886,0,0.002831600
postgres,1,insert_texto,-,2887,0,0.002696600
postgres,1,insert_texto,-,2888,0,0.002786700
postgres,1,insert_texto,-,2889,0,0.002764500
postgres,1,insert_texto,-,2890,0,0.002773700
postgres,1,insert_texto,-,2891,0,0.002787100
postgres,1,insert_texto,-,2892,0,0.002947400
postgres,1,insert_texto,-,2893,0,0.002774200
postgres,1,insert_texto,-,2894,0,0.002861500
postgres,1,insert_texto,-,2895,0,0.002982000
postgres,1,insert_texto,-,2896,0,0.002738100
postgres,1,insert_texto,-,2897,0,0.002735700
postgres,1,insert_texto,-,2898,0,0.002780500
postgres,1,insert_texto,-,2899,0,0.002689900
postgres,1,insert_texto,-,2900,0,0.002757000
postgres,1,insert_texto,-,2901,0,0.002967700
postgres,1,insert_texto,-,2902,0,0.002860200
postgres,1,insert_texto,-,2903,0,0.002717500
postgres,1,insert_texto,-,2904,0,0.002605200
postgres,1,insert_texto,-,2905,0,0.002861000
postgres,1,insert_texto,-,2906,0,0.003226900
postgres,1,insert_texto,-,2907,0,0.003047400
postgres,1,insert_texto,-,2908,0,0.002819000
postgres,1,insert_texto,-,2909,0,0.002921200
postgres,1,insert_texto,-,2910,0,0.002629100
postgres,1,insert_texto,-,2911,0,0.002788200
postgres,1,insert_texto,-,2912,0,0.002735700
postgres,1,insert_texto,-,2913,0,0.003012500
postgres,1,insert_texto,-,2914,0,0.003303100
postgres,1,insert_texto,-,2915,0,0.002941400
postgres,1,insert_texto,-,2916,0,0.003031000
postgres,1,insert_texto,-,2917,0,0.003340300
postgres,1,insert_texto,-,2918,0,0.003332400
postgres,1,insert_texto,-,2919,0,0.003440000
postgres,1,insert_texto,-,2920,0,0.003352500
postgres,1,insert_texto,-,2921,0,0.002834900
postgres,1,insert_texto,-,2922,0,0.002797800
postgres,1,insert_texto,-,2923,0,0.002835100
postgres,1,insert_texto,-,2924,0,0.002614800
postgres,1,insert_texto,-,2925,0,0.002669700
postgres,1,insert_texto,-,2926,0,0.002680600
postgres,1,insert_texto,-,2927,0,0.002667400
postgres,1,insert_texto,-,2928,0,0.002772100
postgres,1,insert_texto,-,2929,0,0.002871600
postgres,1,insert_texto,-,2930,0,0.002609400
postgres,1,insert_texto,-,2931,0,0.002858200
postgres,1,insert_texto,-,2932,0,0.002644800
postgres,1,insert_texto,-,2933,0,0.002806000
postgres,1,insert_texto,-,2934,0,0.002879000
postgres,1,insert_texto,-,2935,0,0.002790900
postgres,1,insert_texto,-,2936,0,0.002691700
postgres,1,insert_texto,-,2937,0,0.002840200
postgres,1,insert_texto,-,2938,0,0.002918700
postgres,1,insert_texto,-,2939,0,0.003360800
postgres,1,insert_texto,-,2940,0,0.002764300
postgres,1,insert_texto,-,2941,0,0.002701200
postgres,1,insert_texto,-,2942,0,0.002707900
postgres,1,insert_texto,-,2943,0,0.002684100
postgres,1,insert_texto,-,2944,0,0.002955200
postgres,1,insert_texto,-,2945,0,0.002726400
postgres,1,insert_texto,-,2946,0,0.002962200
postgres,1,insert_texto,-,2947,0,0.002942200
postgres,1,insert_texto,-,2948,0,0.002594800
postgres,1,insert_texto,-,2949,0,0.002943500
postgres,1,insert_texto,-,2950,0,0.003150200
postgres,1,insert_texto,-,2951,0,0.002812700
postgres,1,insert_texto,-,2952,0,0.003115700
postgres,1,insert_texto,-,2953,0,0.002825100
postgres,1,insert_texto,-,2954,0,0.002767100
postgres,1,insert_texto,-,2955,0,0.003017100
postgres,1,insert_texto,-,2956,0,0.002724100
postgres,1,insert_texto,-,2957,0,0.002730400
postgres,1,insert_texto,-,2958,0,0.002830900
postgres,1,insert_texto,-,2959,0,0.002701300
postgres,1,insert_texto,-,2960,0,0.002713100
postgres,1,insert_texto,-,2961,0,0.002806200
postgres,1,insert_texto,-,2962,0,0.002891000
postgres,1,insert_texto,-,2963,0,0.002778600
postgres,1,insert_texto,-,2964,0,0.002870700
postgres,1,insert_texto,-,2965,0,0.002708700
postgres,1,insert_texto,-,2966,0,0.002760000
postgres,1,insert_texto,-,2967,0,0.003373400
postgres,1,insert_texto,-,2968,0,0.002948400
postgres,1,insert_texto,-,2969,0,0.002818200
postgres,1,insert_texto,-,2970,0,0.002948000
postgres,1,insert_texto,-,2971,0,0.002602100
postgres,1,insert_texto,-,2972,0,0.002698500
postgres,1,insert_texto,-,2973,0,0.002892900
postgres,1,insert_texto,-,2974,0,0.002675700
postgres,1,insert_texto,-,2975,0,0.002580100
postgres,1,insert_texto,-,2976,0,0.002923800
postgres,1,insert_texto,-,2977,0,0.002709500
postgres,1,insert_texto,-,2978,0,0.003193300
postgres,1,insert_texto,-,2979,0,0.002752700
postgres,1,insert_texto,-,2980,0,0.002697500
postgres,1,insert_texto,-,2981,0,0.002689600
postgres,1,insert_texto,-,2982,0,0.002777500
postgres,1,insert_texto,-,2983,0,0.003053300
postgres,1,insert_texto,-,2984,0,0.002904000
postgres,1,insert_texto,-,2985,0,0.002901000
postgres,1,insert_texto,-,2986,0,0.002680900
postgres,1,insert_texto,-,2987,0,0.003051800
postgres,1,insert_texto,-,2988,0,0.002654500
postgres,1,insert_texto,-,2989,0,0.002835900
postgres,1,insert_texto,-,2990,0,0.003094200
postgres,1,insert_texto,-,2991,0,0.002820300
postgres,1,insert_texto,-,2992,0,0.002574700
postgres,1,insert_texto,-,2993,0,0.002742000
postgres,1,insert_texto,-,2994,0,0.002843600
postgres,1,insert_texto,-,2995,0,0.003196600
postgres,1,insert_texto,-,2996,0,0.002846600
postgres,1,insert_texto,-,2997,0,0.002706100
postgres,1,insert_texto,-,2998,0,0.002713300
postgres,1,insert_texto,-,2999,0,0.002741900
postgres,1,insert_texto,-,3000,0,0.002871200
postgres,1,insert_texto,-,3001,0,0.002749800
postgres,1,insert_texto,-,3002,0,0.002771000
postgres,1,insert_texto,-,3003,0,0.002632400
postgres,1,insert_texto,-,3004,0,0.002742900
postgres,1,insert_texto,-,3005,0,0.002699500
postgres,1,insert_texto,-,3006,0,0.002757000
postgres,1,insert_texto,-,3007,0,0.003116000
postgres,1,insert_texto,-,3008,0,0.003107900
postgres,1,insert_texto,-,3009,0,0.003213400
postgres,1,insert_texto,-,3010,0,0.002977000
postgres,1,insert_texto,-,3011,0,0.002991100
postgres,1,insert_texto,-,3012,0,0.003078800
postgres,1,insert_texto,-,3013,0,0.003027000
postgres,1,insert_texto,-,3014,0,0.003198000
postgres,1,insert_texto,-,3015,0,0.003091100
postgres,1,insert_texto,-,3016,0,0.003267600
postgres,1,insert_texto,-,3017,0,0.002781800
postgres,1,insert_texto,-,3018,0,0.002632800
postgres,1,insert_texto,-,3019,0,0.002745300
postgres,1,insert_texto,-,3020,0,0.002693300
postgres,1,insert_texto,-,3021,0,0.002614000
postgres,1,insert_texto,-,3022,0,0.002698100
postgres,1,insert_texto,-,3023,0,0.002697200
postgres,1,insert_texto,-,3024,0,0.002869500
postgres,1,insert_texto,-,3025,0,0.002640100
postgres,1,insert_texto,-,3026,0,0.002748600
postgres,1,insert_texto,-,3027,0,0.002675800
postgres,1,insert_texto,-,3028,0,0.002894300
postgres,1,insert_texto,-,3029,0,0.002756100
postgres,1,insert_texto,-,3030,0,0.002716800
postgres,1,insert_texto,-,3031,0,0.002659300
postgres,1,insert_texto,-,3032,0,0.002692900
postgres,1,insert_texto,-,3033,0,0.002761800
postgres,1,insert_texto,-,3034,0,0.002700800
postgres,1,insert_texto,-,3035,0,0.002669900
postgres,1,insert_texto,-,3036,0,0.002764000
postgres,1,insert_texto,-,3037,0,0.002640800
postgres,1,insert_texto,-,3038,0,0.002684000
postgres,1,insert_texto,-,3039,0,0.003068500
postgres,1,insert_texto,-,3040,0,0.002963300
postgres,1,insert_texto,-,3041,0,0.002689600
postgres,1,insert_texto,-,3042,0,0.002988500
postgres,1,insert_texto,-,3043,0,0.002812400
postgres,1,insert_texto,-,3044,0,0.002901000
postgres,1,insert_texto,-,3045,0,0.002794400
postgres,1,insert_texto,-,3046,0,0.003031700
postgres,1,insert_texto,-,3047,0,0.002987600
postgres,1,insert_texto,-,3048,0,0.002754000
postgres,1,insert_texto,-,3049,0,0.002729800
postgres,1,insert_texto,-,3050,0,0.002810800
postgres,1,insert_texto,-,3051,0,0.002978100
postgres,1,insert_texto,-,3052,0,0.002747700
postgres,1,insert_texto,-,3053,0,0.002806300
postgres,1,insert_texto,-,3054,0,0.002608700
postgres,1,insert_texto,-,3055,0,0.002578800
postgres,1,insert_texto,-,3056,0,0.002937500
postgres,1,insert_texto,-,3057,0,0.002659500
postgres,1,insert_texto,-,3058,0,0.002638800
postgres,1,insert_texto,-,3059,0,0.002632100
postgres,1,insert_texto,-,3060,0,0.002669800
postgres,1,insert_texto,-,3061,0,0.002711100
postgres,1,insert_texto,-,3062,0,0.002784500
postgres,1,insert_texto,-,3063,0,0.002712100
postgres,1,insert_texto,-,3064,0,0.002590500
postgres,1,insert_texto,-,3065,0,0.003550000
postgres,1,insert_texto,-,3066,0,0.003023900
postgres,1,insert_texto,-,3067,0,0.002732800
postgres,1,insert_texto,-,3068,0,0.002752100
postgres,1,insert_texto,-,3069,0,0.002714800
postgres,1,insert_texto,-,3070,0,0.002709600
postgres,1,insert_texto,-,3071,0,0.002716600
postgres,1,insert_texto,-,3072,0,0.002591400
postgres,1,insert_texto,-,3073,0,0.002958100
postgres,1,insert_texto,-,3074,0,0.002608500
postgres,1,insert_texto,-,3075,0,0.002659800
postgres,1,insert_texto,-,3076,0,0.002718200
postgres,1,insert_texto,-,3077,0,0.002585400
postgres,1,insert_texto,-,3078,0,0.002941500
postgres,1,insert_texto,-,3079,0,0.002720700
postgres,1,insert_texto,-,3080,0,0.002766400
postgres,1,insert_texto,-,3081,0,0.002729900
postgres,1,insert_texto,-,3082,0,0.002742800
postgres,1,insert_texto,-,3083,0,0.002642500
postgres,1,insert_texto,-,3084,0,0.002771900
postgres,1,insert_texto,-,3085,0,0.002757100
postgres,1,insert_texto,-,3086,0,0.002887700
postgres,1,insert_texto,-,3087,0,0.002864900
postgres,1,insert_texto,-,3088,0,0.002629900
postgres,1,insert_texto,-,3089,0,0.002693700
postgres,1,insert_texto,-,3090,0,0.002859800
postgres,1,insert_texto,-,3091,0,0.002583000
postgres,1,insert_texto,-,3092,0,0.002815200
postgres,1,insert_texto,-,3093,0,0.002691400
postgres,1,insert_texto,-,3094,0,0.002631900
postgres,1,insert_texto,-,3095,0,0.002768900
postgres,1,insert_texto,-,3096,0,0.002767300
postgres,1,insert_texto,-,3097,0,0.002611800
postgres,1,insert_texto,-,3098,0,0.002889900
postgres,1,insert_texto,-,3099,0,0.002921600
postgres,1,insert_texto,-,3100,0,0.002745800
postgres,1,insert_texto,-,3101,0,0.002705600
postgres,1,insert_texto,-,3102,0,0.003088400
postgres,1,insert_texto,-,3103,0,0.003150900
postgres,1,insert_texto,-,3104,0,0.003368800
postgres,1,insert_texto,-,3105,0,0.003223100
postgres,1,insert_texto,-,3106,0,0.003252300
postgres,1,insert_texto,-,3107,0,0.003369500
postgres,1,insert_texto,-,3108,0,0.003328800
postgres,1,insert_texto,-,3109,0,0.003390900
postgres,1,insert_texto,-,3110,0,0.002897800
postgres,1,insert_texto,-,3111,0,0.002875200
postgres,1,insert_texto,-,3112,0,0.002871900
postgres,1,insert_texto,-,3113,0,0.002922500
postgres,1,insert_texto,-,3114,0,0.002721000
postgres,1,insert_texto,-,3115,0,0.002794700
postgres,1,insert_texto,-,3116,0,0.002638000
postgres,1,insert_texto,-,3117,0,0.003516700
postgres,1,insert_texto,-,3118,0,0.003148100
postgres,1,insert_texto,-,3119,0,0.003542200
postgres,1,insert_texto,-,3120,0,0.003401700
postgres,1,insert_texto,-,3121,0,0.002922100
postgres,1,insert_texto,-,3122,0,0.003015700
postgres,1,insert_texto,-,3123,0,0.002683300
postgres,1,insert_texto,-,3124,0,0.002756800
postgres,1,insert_texto,-,3125,0,0.002863300
postgres,1,insert_texto,-,3126,0,0.002817800
postgres,1,insert_texto,-,3127,0,0.003083200
postgres,1,insert_texto,-,3128,0,0.002860000
postgres,1,insert_texto,-,3129,0,0.002892700
postgres,1,insert_texto,-,3130,0,0.002771500
postgres,1,insert_texto,-,3131,0,0.002875200
postgres,1,insert_texto,-,3132,0,0.002949100
postgres,1,insert_texto,-,3133,0,0.002970800
postgres,1,insert_texto,-,3134,0,0.003035300
postgres,1,insert_texto,-,3135,0,0.003333000
postgres,1,insert_texto,-,3136,0,0.002950000
postgres,1,insert_texto,-,3137,0,0.002762600
postgres,1,insert_texto,-,3138,0,0.002814200
postgres,1,insert_texto,-,3139,0,0.002760000
postgres,1,insert_texto,-,3140,0,0.002716000
postgres,1,insert_texto,-,3141,0,0.002733200
postgres,1,insert_texto,-,3142,0,0.002889700
postgres,1,insert_texto,-,3143,0,0.002783900
postgres,1,insert_texto,-,3144,0,0.002730300
postgres,1,insert_texto,-,3145,0,0.003123700
postgres,1,insert_texto,-,3146,0,0.002956300
postgres,1,insert_texto,-,3147,0,0.003111100
postgres,1,insert_texto,-,3148,0,0.002890700
postgres,1,insert_texto,-,3149,0,0.002644700
postgres,1,insert_texto,-,3150,0,0.002684000
postgres,1,insert_texto,-,3151,0,0.002800900
postgres,1,insert_texto,-,3152,0,0.002857500
postgres,1,insert_texto,-,3153,0,0.002764200
postgres,1,insert_texto,-,3154,0,0.002726000
postgres,1,insert_texto,-,3155,0,0.002538900
postgres,1,insert_texto,-,3156,0,0.002770300
postgres,1,insert_texto,-,3157,0,0.002657800
postgres,1,insert_texto,-,3158,0,0.002597000
postgres,1,insert_texto,-,3159,0,0.002641000
postgres,1,insert_texto,-,3160,0,0.002642500
postgres,1,insert_texto,-,3161,0,0.002784600
postgres,1,insert_texto,-,3162,0,0.002944700
postgres,1,insert_texto,-,3163,0,0.002864100
postgres,1,insert_texto,-,3164,0,0.003175900
postgres,1,insert_texto,-,3165,0,0.002916200
postgres,1,insert_texto,-,3166,0,0.002890100
postgres,1,insert_texto,-,3167,0,0.002803900
postgres,1,insert_texto,-,3168,0,0.002761000
postgres,1,insert_texto,-,3169,0,0.002851100
postgres,1,insert_texto,-,3170,0,0.002768000
postgres,1,insert_texto,-,3171,0,0.002685500
postgres,1,insert_texto,-,3172,0,0.002571600
postgres,1,insert_texto,-,3173,0,0.002636700
postgres,1,insert_texto,-,3174,0,0.002720600
postgres,1,insert_texto,-,3175,0,0.002635600
postgres,1,insert_texto,-,3176,0,0.002793800
postgres,1,insert_texto,-,3177,0,0.002789700
postgres,1,insert_texto,-,3178,0,0.002716400
postgres,1,insert_texto,-,3179,0,0.002827700
postgres,1,insert_texto,-,3180,0,0.002766200
postgres,1,insert_texto,-,3181,0,0.003139600
postgres,1,insert_texto,-,3182,0,0.002679600
postgres,1,insert_texto,-,3183,0,0.002683600
postgres,1,insert_texto,-,3184,0,0.002686000
postgres,1,insert_texto,-,3185,0,0.002804600
postgres,1,insert_texto,-,3186,0,0.002940000
postgres,1,insert_texto,-,3187,0,0.002822600
postgres,1,insert_texto,-,3188,0,0.002689300
postgres,1,insert_texto,-,3189,0,0.002772200
postgres,1,insert_texto,-,3190,0,0.002727100
postgres,1,insert_texto,-,3191,0,0.002626700
postgres,1,insert_texto,-,3192,0,0.002979600
postgres,1,insert_texto,-,3193,0,0.002874800
postgres,1,insert_texto,-,3194,0,0.002929600
postgres,1,insert_texto,-,3195,0,0.002710700
postgres,1,insert_texto,-,3196,0,0.002936400
postgres,1,insert_texto,-,3197,0,0.003002800
postgres,1,insert_texto,-,3198,0,0.003770100
postgres,1,insert_texto,-,3199,0,0.003489300
postgres,1,insert_texto,-,3200,0,0.003282000
postgres,1,insert_texto,-,3201,0,0.003429400
postgres,1,insert_texto,-,3202,0,0.003323600
postgres,1,insert_texto,-,3203,0,0.003297500
postgres,1,insert_texto,-,3204,0,0.003379200
postgres,1,insert_texto,-,3205,0,0.003204600
postgres,1,insert_texto,-,3206,0,0.002861400
postgres,1,insert_texto,-,3207,0,0.002883500
postgres,1,insert_texto,-,3208,0,0.002867900
postgres,1,insert_texto,-,3209,0,0.002638600
postgres,1,insert_texto,-,3210,0,0.002987600
postgres,1,insert_texto,-,3211,0,0.002799100
postgres,1,insert_texto,-,3212,0,0.002770100
postgres,1,insert_texto,-,3213,0,0.003335300
postgres,1,insert_texto,-,3214,0,0.003025000
postgres,1,insert_texto,-,3215,0,0.002803900
postgres,1,insert_texto,-,3216,0,0.002886600
postgres,1,insert_texto,-,3217,0,0.002816400
postgres,1,insert_texto,-,3218,0,0.002743700
postgres,1,insert_texto,-,3219,0,0.002658900
postgres,1,insert_texto,-,3220,0,0.002720200
postgres,1,insert_texto,-,3221,0,0.002644200
postgres,1,insert_texto,-,3222,0,0.002645300
postgres,1,insert_texto,-,3223,0,0.002665500
postgres,1,insert_texto,-,3224,0,0.002898300
postgres,1,insert_texto,-,3225,0,0.002739800
postgres,1,insert_texto,-,3226,0,0.002655100
postgres,1,insert_texto,-,3227,0,0.002721900
postgres,1,insert_texto,-,3228,0,0.002770900
postgres,1,insert_texto,-,3229,0,0.002692400
postgres,1,insert_texto,-,3230,0,0.002665200
postgres,1,insert_texto,-,3231,0,0.002721100
postgres,1,insert_texto,-,3232,0,0.002681000
postgres,1,insert_texto,-,3233,0,0.002666200
postgres,1,insert_texto,-,3234,0,0.003070800
postgres,1,insert_texto,-,3235,0,0.002752400
postgres,1,insert_texto,-,3236,0,0.002875900
postgres,1,insert_texto,-,3237,0,0.002712100
postgres,1,insert_texto,-,3238,0,0.002736900
postgres,1,insert_texto,-,3239,0,0.002696600
postgres,1,insert_texto,-,3240,0,0.002652500
postgres,1,insert_texto,-,3241,0,0.002924500
postgres,1,insert_texto,-,3242,0,0.002714400
postgres,1,insert_texto,-,3243,0,0.002593800
postgres,1,insert_texto,-,3244,0,0.002779600
postgres,1,insert_texto,-,3245,0,0.003103300
postgres,1,insert_texto,-,3246,0,0.002820700
postgres,1,insert_texto,-,3247,0,0.003138500
postgres,1,insert_texto,-,3248,0,0.002980300
postgres,1,insert_texto,-,3249,0,0.003062300
postgres,1,insert_texto,-,3250,0,0.002878700
postgres,1,insert_texto,-,3251,0,0.002706500
postgres,1,insert_texto,-,3252,0,0.002898200
postgres,1,insert_texto,-,3253,0,0.003336600
postgres,1,insert_texto,-,3254,0,0.002749000
postgres,1,insert_texto,-,3255,0,0.002894800
postgres,1,insert_texto,-,3256,0,0.003032500
postgres,1,insert_texto,-,3257,0,0.002855200
postgres,1,insert_texto,-,3258,0,0.002663600
postgres,1,insert_texto,-,3259,0,0.002709700
postgres,1,insert_texto,-,3260,0,0.002670300
postgres,1,insert_texto,-,3261,0,0.002821100
postgres,1,insert_texto,-,3262,0,0.002750800
postgres,1,insert_texto,-,3263,0,0.002811800
postgres,1,insert_texto,-,3264,0,0.002695700
postgres,1,insert_texto,-,3265,0,0.002787600
postgres,1,insert_texto,-,3266,0,0.002666400
postgres,1,insert_texto,-,3267,0,0.002790300
postgres,1,insert_texto,-,3268,0,0.002806400
postgres,1,insert_texto,-,3269,0,0.002953600
postgres,1,insert_texto,-,3270,0,0.002745400
postgres,1,insert_texto,-,3271,0,0.002589600
postgres,1,insert_texto,-,3272,0,0.002982000
postgres,1,insert_texto,-,3273,0,0.002738300
postgres,1,insert_texto,-,3274,0,0.002877100
postgres,1,insert_texto,-,3275,0,0.003294900
postgres,1,insert_texto,-,3276,0,0.002775300
postgres,1,insert_texto,-,3277,0,0.003030600
postgres,1,insert_texto,-,3278,0,0.002849800
postgres,1,insert_texto,-,3279,0,0.002922100
postgres,1,insert_texto,-,3280,0,0.003480900
postgres,1,insert_texto,-,3281,0,0.002663400
postgres,1,insert_texto,-,3282,0,0.002713500
postgres,1,insert_texto,-,3283,0,0.003128800
postgres,1,insert_texto,-,3284,0,0.002751500
postgres,1,insert_texto,-,3285,0,0.003057200
postgres,1,insert_texto,-,3286,0,0.002800400
postgres,1,insert_texto,-,3287,0,0.002805800
postgres,1,insert_texto,-,3288,0,0.002572800
postgres,1,insert_texto,-,3289,0,0.002901700
postgres,1,insert_texto,-,3290,0,0.003217800
postgres,1,insert_texto,-,3291,0,0.003136200
postgres,1,insert_texto,-,3292,0,0.003029600
postgres,1,insert_texto,-,3293,0,0.003113600
postgres,1,insert_texto,-,3294,0,0.002990600
postgres,1,insert_texto,-,3295,0,0.003526200
postgres,1,insert_texto,-,3296,0,0.003165100
postgres,1,insert_texto,-,3297,0,0.003077800
postgres,1,insert_texto,-,3298,0,0.003434500
postgres,1,insert_texto,-,3299,0,0.003140900
postgres,1,insert_texto,-,3300,0,0.003154700
postgres,1,insert_texto,-,3301,0,0.003160800
postgres,1,insert_texto,-,3302,0,0.003006200
postgres,1,insert_texto,-,3303,0,0.002775700
postgres,1,insert_texto,-,3304,0,0.002924700
postgres,1,insert_texto,-,3305,0,0.002930800
postgres,1,insert_texto,-,3306,0,0.002788300
postgres,1,insert_texto,-,3307,0,0.002914400
postgres,1,insert_texto,-,3308,0,0.002797900
postgres,1,insert_texto,-,3309,0,0.002875800
postgres,1,insert_texto,-,3310,0,0.002843600
postgres,1,insert_texto,-,3311,0,0.002975400
postgres,1,insert_texto,-,3312,0,0.003202400
postgres,1,insert_texto,-,3313,0,0.002901800
postgres,1,insert_texto,-,3314,0,0.002815600
postgres,1,insert_texto,-,3315,0,0.003160300
postgres,1,insert_texto,-,3316,0,0.003292900
postgres,1,insert_texto,-,3317,0,0.003375000
postgres,1,insert_texto,-,3318,0,0.003147500
postgres,1,insert_texto,-,3319,0,0.003270200
postgres,1,insert_texto,-,3320,0,0.003222500
postgres,1,insert_texto,-,3321,0,0.003418200
postgres,1,insert_texto,-,3322,0,0.002896900
postgres,1,insert_texto,-,3323,0,0.003080900
postgres,1,insert_texto,-,3324,0,0.003062800
postgres,1,insert_texto,-,3325,0,0.003064300
postgres,1,insert_texto,-,3326,0,0.002906700
postgres,1,insert_texto,-,3327,0,0.002925900
postgres,1,insert_texto,-,3328,0,0.002956300
postgres,1,insert_texto,-,3329,0,0.002978600
postgres,1,insert_texto,-,3330,0,0.003104500
postgres,1,insert_texto,-,3331,0,0.003185800
postgres,1,insert_texto,-,3332,0,0.003279500
postgres,1,insert_texto,-,3333,0,0.003159700
postgres,1,insert_texto,-,3334,0,0.002905100
postgres,1,insert_texto,-,3335,0,0.002993300
postgres,1,insert_texto,-,3336,0,0.003017900
postgres,1,insert_texto,-,3337,0,0.003076500
postgres,1,insert_texto,-,3338,0,0.002980400
postgres,1,insert_texto,-,3339,0,0.002891800
postgres,1,insert_texto,-,3340,0,0.002953500
postgres,1,insert_texto,-,3341,0,0.002830100
postgres,1,insert_texto,-,3342,0,0.003228900
postgres,1,insert_texto,-,3343,0,0.002755400
postgres,1,insert_texto,-,3344,0,0.002770100
postgres,1,insert_texto,-,3345,0,0.002906800
postgres,1,insert_texto,-,3346,0,0.002951000
postgres,1,insert_texto,-,3347,0,0.002938600
postgres,1,insert_texto,-,3348,0,0.002977200
postgres,1,insert_texto,-,3349,0,0.002695800
postgres,1,insert_texto,-,3350,0,0.002723500
postgres,1,insert_texto,-,3351,0,0.002671700
postgres,1,insert_texto,-,3352,0,0.002775600
postgres,1,insert_texto,-,3353,0,0.002878800
postgres,1,insert_texto,-,3354,0,0.002972800
postgres,1,insert_texto,-,3355,0,0.002943900
postgres,1,insert_texto,-,3356,0,0.002706400
postgres,1,insert_texto,-,3357,0,0.003572000
postgres,1,insert_texto,-,3358,0,0.004118200
postgres,1,insert_texto,-,3359,0,0.003755700
postgres,1,insert_texto,-,3360,0,0.003973600
postgres,1,insert_texto,-,3361,0,0.003765400
postgres,1,insert_texto,-,3362,0,0.003739300
postgres,1,insert_texto,-,3363,0,0.003865900
postgres,1,insert_texto,-,3364,0,0.003879100
postgres,1,insert_texto,-,3365,0,0.003856700
postgres,1,insert_texto,-,3366,0,0.003731900
postgres,1,insert_texto,-,3367,0,0.003834300
postgres,1,insert_texto,-,3368,0,0.003695900
postgres,1,insert_texto,-,3369,0,0.003795600
postgres,1,insert_texto,-,3370,0,0.003736200
postgres,1,insert_texto,-,3371,0,0.003778900
postgres,1,insert_texto,-,3372,0,0.003487900
postgres,1,insert_texto,-,3373,0,0.003635000
postgres,1,insert_texto,-,3374,0,0.003696400
postgres,1,insert_texto,-,3375,0,0.003840200
postgres,1,insert_texto,-,3376,0,0.003718500
postgres,1,insert_texto,-,3377,0,0.003832100
postgres,1,insert_texto,-,3378,0,0.003876700
postgres,1,insert_texto,-,3379,0,0.003761600
postgres,1,insert_texto,-,3380,0,0.003557900
postgres,1,insert_texto,-,3381,0,0.003889700
postgres,1,insert_texto,-,3382,0,0.003789100
postgres,1,insert_texto,-,3383,0,0.003671400
postgres,1,insert_texto,-,3384,0,0.003864000
postgres,1,insert_texto,-,3385,0,0.004134200
postgres,1,insert_texto,-,3386,0,0.004339400
postgres,1,insert_texto,-,3387,0,0.003894000
postgres,1,insert_texto,-,3388,0,0.003360700
postgres,1,insert_texto,-,3389,0,0.003757800
postgres,1,insert_texto,-,3390,0,0.003792600
postgres,1,insert_texto,-,3391,0,0.005085900
postgres,1,insert_texto,-,3392,0,0.004437600
postgres,1,insert_texto,-,3393,0,0.004288300
postgres,1,insert_texto,-,3394,0,0.005496300
postgres,1,insert_texto,-,3395,0,0.003578600
postgres,1,insert_texto,-,3396,0,0.002634400
postgres,1,insert_texto,-,3397,0,0.002621900
postgres,1,insert_texto,-,3398,0,0.002975000
postgres,1,insert_texto,-,3399,0,0.003020000
postgres,1,insert_texto,-,3400,0,0.002752400
postgres,1,insert_texto,-,3401,0,0.002526900
postgres,1,insert_texto,-,3402,0,0.002555100
postgres,1,insert_texto,-,3403,0,0.002759200
postgres,1,insert_texto,-,3404,0,0.002835900
postgres,1,insert_texto,-,3405,0,0.002613200
postgres,1,insert_texto,-,3406,0,0.002663400
postgres,1,insert_texto,-,3407,0,0.002538200
postgres,1,insert_texto,-,3408,0,0.002704400
postgres,1,insert_texto,-,3409,0,0.002713100
postgres,1,insert_texto,-,3410,0,0.002661000
postgres,1,insert_texto,-,3411,0,0.002871500
postgres,1,insert_texto,-,3412,0,0.002758400
postgres,1,insert_texto,-,3413,0,0.002904300
postgres,1,insert_texto,-,3414,0,0.002981500
postgres,1,insert_texto,-,3415,0,0.002833400
postgres,1,insert_texto,-,3416,0,0.002735000
postgres,1,insert_texto,-,3417,0,0.003091600
postgres,1,insert_texto,-,3418,0,0.002755300
postgres,1,insert_texto,-,3419,0,0.002779100
postgres,1,insert_texto,-,3420,0,0.002991300
postgres,1,insert_texto,-,3421,0,0.003033100
postgres,1,insert_texto,-,3422,0,0.002907700
postgres,1,insert_texto,-,3423,0,0.003015800
postgres,1,insert_texto,-,3424,0,0.003081600
postgres,1,insert_texto,-,3425,0,0.003263600
postgres,1,insert_texto,-,3426,0,0.002829800
postgres,1,insert_texto,-,3427,0,0.002894200
postgres,1,insert_texto,-,3428,0,0.002853700
postgres,1,insert_texto,-,3429,0,0.002755500
postgres,1,insert_texto,-,3430,0,0.002903000
postgres,1,insert_texto,-,3431,0,0.002849100
postgres,1,insert_texto,-,3432,0,0.002792200
postgres,1,insert_texto,-,3433,0,0.002741300
postgres,1,insert_texto,-,3434,0,0.002790400
postgres,1,insert_texto,-,3435,0,0.002766700
postgres,1,insert_texto,-,3436,0,0.002747300
postgres,1,insert_texto,-,3437,0,0.002794100
postgres,1,insert_texto,-,3438,0,0.002760700
postgres,1,insert_texto,-,3439,0,0.002666900
postgres,1,insert_texto,-,3440,0,0.002877600
postgres,1,insert_texto,-,3441,0,0.002912700
postgres,1,insert_texto,-,3442,0,0.002731400
postgres,1,insert_texto,-,3443,0,0.002900600
postgres,1,insert_texto,-,3444,0,0.002838500
postgres,1,insert_texto,-,3445,0,0.002855700
postgres,1,insert_texto,-,3446,0,0.002784200
postgres,1,insert_texto,-,3447,0,0.002801500
postgres,1,insert_texto,-,3448,0,0.002905800
postgres,1,insert_texto,-,3449,0,0.003022800
postgres,1,insert_texto,-,3450,0,0.002692500
postgres,1,insert_texto,-,3451,0,0.002790700
postgres,1,insert_texto,-,3452,0,0.002813000
postgres,1,insert_texto,-,3453,0,0.002794900
postgres,1,insert_texto,-,3454,0,0.003071500
postgres,1,insert_texto,-,3455,0,0.002855900
postgres,1,insert_texto,-,3456,0,0.002740700
postgres,1,insert_texto,-,3457,0,0.002712700
postgres,1,insert_texto,-,3458,0,0.002954800
postgres,1,insert_texto,-,3459,0,0.002879500
postgres,1,insert_texto,-,3460,0,0.002889500
postgres,1,insert_texto,-,3461,0,0.002882800
postgres,1,insert_texto,-,3462,0,0.002841100
postgres,1,insert_texto,-,3463,0,0.002691800
postgres,1,insert_texto,-,3464,0,0.002756100
postgres,1,insert_texto,-,3465,0,0.003007800
postgres,1,insert_texto,-,3466,0,0.002909300
postgres,1,insert_texto,-,3467,0,0.002788200
postgres,1,insert_texto,-,3468,0,0.002824900
postgres,1,insert_texto,-,3469,0,0.002705400
postgres,1,insert_texto,-,3470,0,0.002857000
postgres,1,insert_texto,-,3471,0,0.002949800
postgres,1,insert_texto,-,3472,0,0.002834200
postgres,1,insert_texto,-,3473,0,0.002671800
postgres,1,insert_texto,-,3474,0,0.002710900
postgres,1,insert_texto,-,3475,0,0.002895900
postgres,1,insert_texto,-,3476,0,0.002680600
postgres,1,insert_texto,-,3477,0,0.002722800
postgres,1,insert_texto,-,3478,0,0.003082300
postgres,1,insert_texto,-,3479,0,0.003238400
postgres,1,insert_texto,-,3480,0,0.003050900
postgres,1,insert_texto,-,3481,0,0.003245600
postgres,1,insert_texto,-,3482,0,0.003589400
postgres,1,insert_texto,-,3483,0,0.003276400
postgres,1,insert_texto,-,3484,0,0.003532700
postgres,1,insert_texto,-,3485,0,0.003515400
postgres,1,insert_texto,-,3486,0,0.003820200
postgres,1,insert_texto,-,3487,0,0.003170000
postgres,1,insert_texto,-,3488,0,0.003058300
postgres,1,insert_texto,-,3489,0,0.003197900
postgres,1,insert_texto,-,3490,0,0.003175900
postgres,1,insert_texto,-,3491,0,0.003177800
postgres,1,insert_texto,-,3492,0,0.003006000
postgres,1,insert_texto,-,3493,0,0.003030700
postgres,1,insert_texto,-,3494,0,0.003313300
postgres,1,insert_texto,-,3495,0,0.003071600
postgres,1,insert_texto,-,3496,0,0.003108400
postgres,1,insert_texto,-,3497,0,0.002877400
postgres,1,insert_texto,-,3498,0,0.002824900
postgres,1,insert_texto,-,3499,0,0.002761300
postgres,1,insert_texto,-,3500,0,0.002829300
postgres,1,insert_texto,-,3501,0,0.002693000
postgres,1,insert_texto,-,3502,0,0.002694500
postgres,1,insert_texto,-,3503,0,0.002777600
postgres,1,insert_texto,-,3504,0,0.002749300
postgres,1,insert_texto,-,3505,0,0.002800800
postgres,1,insert_texto,-,3506,0,0.002778700
postgres,1,insert_texto,-,3507,0,0.002705900
postgres,1,insert_texto,-,3508,0,0.002570800
postgres,1,insert_texto,-,3509,0,0.002627700
postgres,1,insert_texto,-,3510,0,0.002643400
postgres,1,insert_texto,-,3511,0,0.002758200
postgres,1,insert_texto,-,3512,0,0.003089200
postgres,1,insert_texto,-,3513,0,0.002731200
postgres,1,insert_texto,-,3514,0,0.002618500
postgres,1,insert_texto,-,3515,0,0.002626600
postgres,1,insert_texto,-,3516,0,0.002775600
postgres,1,insert_texto,-,3517,0,0.002800800
postgres,1,insert_texto,-,3518,0,0.002948400
postgres,1,insert_texto,-,3519,0,0.002668600
postgres,1,insert_texto,-,3520,0,0.002572700
postgres,1,insert_texto,-,3521,0,0.002795300
postgres,1,insert_texto,-,3522,0,0.002923700
postgres,1,insert_texto,-,3523,0,0.002715500
postgres,1,insert_texto,-,3524,0,0.002662300
postgres,1,insert_texto,-,3525,0,0.002844500
postgres,1,insert_texto,-,3526,0,0.002780500
postgres,1,insert_texto,-,3527,0,0.002658300
postgres,1,insert_texto,-,3528,0,0.002912900
postgres,1,insert_texto,-,3529,0,0.002814800
postgres,1,insert_texto,-,3530,0,0.002894100
postgres,1,insert_texto,-,3531,0,0.002686800
postgres,1,insert_texto,-,3532,0,0.002858700
postgres,1,insert_texto,-,3533,0,0.002851700
postgres,1,insert_texto,-,3534,0,0.002639700
postgres,1,insert_texto,-,3535,0,0.002805900
postgres,1,insert_texto,-,3536,0,0.002840000
postgres,1,insert_texto,-,3537,0,0.002668300
postgres,1,insert_texto,-,3538,0,0.002816000
postgres,1,insert_texto,-,3539,0,0.002730600
postgres,1,insert_texto,-,3540,0,0.002753400
postgres,1,insert_texto,-,3541,0,0.002655300
postgres,1,insert_texto,-,3542,0,0.002757800
postgres,1,insert_texto,-,3543,0,0.002709900
postgres,1,insert_texto,-,3544,0,0.002541100
postgres,1,insert_texto,-,3545,0,0.003199100
postgres,1,insert_texto,-,3546,0,0.002853900
postgres,1,insert_texto,-,3547,0,0.002649200
postgres,1,insert_texto,-,3548,0,0.002780200
postgres,1,insert_texto,-,3549,0,0.002726900
postgres,1,insert_texto,-,3550,0,0.002548100
postgres,1,insert_texto,-,3551,0,0.002751900
postgres,1,insert_texto,-,3552,0,0.002935100
postgres,1,insert_texto,-,3553,0,0.002796600
postgres,1,insert_texto,-,3554,0,0.002575400
postgres,1,insert_texto,-,3555,0,0.002733400
postgres,1,insert_texto,-,3556,0,0.002760700
postgres,1,insert_texto,-,3557,0,0.002691300
postgres,1,insert_texto,-,3558,0,0.002700200
postgres,1,insert_texto,-,3559,0,0.002690000
postgres,1,insert_texto,-,3560,0,0.002716600
postgres,1,insert_texto,-,3561,0,0.002713800
postgres,1,insert_texto,-,3562,0,0.002928100
postgres,1,insert_texto,-,3563,0,0.002694700
postgres,1,insert_texto,-,3564,0,0.002796800
postgres,1,insert_texto,-,3565,0,0.002660400
postgres,1,insert_texto,-,3566,0,0.002578300
postgres,1,insert_texto,-,3567,0,0.003020100
postgres,1,insert_texto,-,3568,0,0.002846600
postgres,1,insert_texto,-,3569,0,0.002689700
postgres,1,insert_texto,-,3570,0,0.002675900
postgres,1,insert_texto,-,3571,0,0.002841400
postgres,1,insert_texto,-,3572,0,0.002637200
postgres,1,insert_texto,-,3573,0,0.002765800
postgres,1,insert_texto,-,3574,0,0.003036200
postgres,1,insert_texto,-,3575,0,0.003328000
postgres,1,insert_texto,-,3576,0,0.003029000
postgres,1,insert_texto,-,3577,0,0.003072200
postgres,1,insert_texto,-,3578,0,0.003421300
postgres,1,insert_texto,-,3579,0,0.003256800
postgres,1,insert_texto,-,3580,0,0.003148400
postgres,1,insert_texto,-,3581,0,0.003105600
postgres,1,insert_texto,-,3582,0,0.002685200
postgres,1,insert_texto,-,3583,0,0.002653500
postgres,1,insert_texto,-,3584,0,0.003269500
postgres,1,insert_texto,-,3585,0,0.002709700
postgres,1,insert_texto,-,3586,0,0.002715900
postgres,1,insert_texto,-,3587,0,0.002711700
postgres,1,insert_texto,-,3588,0,0.002761600
postgres,1,insert_texto,-,3589,0,0.002565300
postgres,1,insert_texto,-,3590,0,0.002719500
postgres,1,insert_texto,-,3591,0,0.002688700
postgres,1,insert_texto,-,3592,0,0.002709400
postgres,1,insert_texto,-,3593,0,0.002659900
postgres,1,insert_texto,-,3594,0,0.002795700
postgres,1,insert_texto,-,3595,0,0.002811700
postgres,1,insert_texto,-,3596,0,0.002793900
postgres,1,insert_texto,-,3597,0,0.002738900
postgres,1,insert_texto,-,3598,0,0.002649200
postgres,1,insert_texto,-,3599,0,0.002878300
postgres,1,insert_texto,-,3600,0,0.002851900
postgres,1,insert_texto,-,3601,0,0.002815100
postgres,1,insert_texto,-,3602,0,0.002859300
postgres,1,insert_texto,-,3603,0,0.002890600
postgres,1,insert_texto,-,3604,0,0.002701900
postgres,1,insert_texto,-,3605,0,0.002728100
postgres,1,insert_texto,-,3606,0,0.002831800
postgres,1,insert_texto,-,3607,0,0.003601800
postgres,1,insert_texto,-,3608,0,0.003805500
postgres,1,insert_texto,-,3609,0,0.003789500
postgres,1,insert_texto,-,3610,0,0.003741300
postgres,1,insert_texto,-,3611,0,0.004021900
postgres,1,insert_texto,-,3612,0,0.004058300
postgres,1,insert_texto,-,3613,0,0.003959300
postgres,1,insert_texto,-,3614,0,0.003772700
postgres,1,insert_texto,-,3615,0,0.003940100
postgres,1,insert_texto,-,3616,0,0.003637300
postgres,1,insert_texto,-,3617,0,0.003769800
postgres,1,insert_texto,-,3618,0,0.003770500
postgres,1,insert_texto,-,3619,0,0.003733500
postgres,1,insert_texto,-,3620,0,0.003628500
postgres,1,insert_texto,-,3621,0,0.003542100
postgres,1,insert_texto,-,3622,0,0.003718900
postgres,1,insert_texto,-,3623,0,0.003511300
postgres,1,insert_texto,-,3624,0,0.003711400
postgres,1,insert_texto,-,3625,0,0.003860600
postgres,1,insert_texto,-,3626,0,0.004429500
postgres,1,insert_texto,-,3627,0,0.004021100
postgres,1,insert_texto,-,3628,0,0.003311900
postgres,1,insert_texto,-,3629,0,0.003446700
postgres,1,insert_texto,-,3630,0,0.003345400
postgres,1,insert_texto,-,3631,0,0.003428300
postgres,1,insert_texto,-,3632,0,0.003397400
postgres,1,insert_texto,-,3633,0,0.003747300
postgres,1,insert_texto,-,3634,0,0.003906600
postgres,1,insert_texto,-,3635,0,0.003955900
postgres,1,insert_texto,-,3636,0,0.004108300
postgres,1,insert_texto,-,3637,0,0.004109900
postgres,1,insert_texto,-,3638,0,0.004013000
postgres,1,insert_texto,-,3639,0,0.003078900
postgres,1,insert_texto,-,3640,0,0.003214300
postgres,1,insert_texto,-,3641,0,0.003780200
postgres,1,insert_texto,-,3642,0,0.003965800
postgres,1,insert_texto,-,3643,0,0.003912400
postgres,1,insert_texto,-,3644,0,0.004004200
postgres,1,insert_texto,-,3645,0,0.003973500
postgres,1,insert_texto,-,3646,0,0.004410800
postgres,1,insert_texto,-,3647,0,0.003196000
postgres,1,insert_texto,-,3648,0,0.002817500
postgres,1,insert_texto,-,3649,0,0.002590900
postgres,1,insert_texto,-,3650,0,0.002556100
postgres,1,insert_texto,-,3651,0,0.002461200
postgres,1,insert_texto,-,3652,0,0.002598900
postgres,1,insert_texto,-,3653,0,0.002497100
postgres,1,insert_texto,-,3654,0,0.002309100
postgres,1,insert_texto,-,3655,0,0.002672800
postgres,1,insert_texto,-,3656,0,0.002403300
postgres,1,insert_texto,-,3657,0,0.002441700
postgres,1,insert_texto,-,3658,0,0.002369600
postgres,1,insert_texto,-,3659,0,0.002378100
postgres,1,insert_texto,-,3660,0,0.002701400
postgres,1,insert_texto,-,3661,0,0.002488700
postgres,1,insert_texto,-,3662,0,0.002533900
postgres,1,insert_texto,-,3663,0,0.002511100
postgres,1,insert_texto,-,3664,0,0.002251900
postgres,1,insert_texto,-,3665,0,0.002492600
postgres,1,insert_texto,-,3666,0,0.002429900
postgres,1,insert_texto,-,3667,0,0.002283900
postgres,1,insert_texto,-,3668,0,0.002855200
postgres,1,insert_texto,-,3669,0,0.002921800
postgres,1,insert_texto,-,3670,0,0.002634400
postgres,1,insert_texto,-,3671,0,0.002640100
postgres,1,insert_texto,-,3672,0,0.003084800
postgres,1,insert_texto,-,3673,0,0.002896800
postgres,1,insert_texto,-,3674,0,0.002635400
postgres,1,insert_texto,-,3675,0,0.002793800
postgres,1,insert_texto,-,3676,0,0.002632000
postgres,1,insert_texto,-,3677,0,0.002752700
postgres,1,insert_texto,-,3678,0,0.002297100
postgres,1,insert_texto,-,3679,0,0.002300400
postgres,1,insert_texto,-,3680,0,0.002241700
postgres,1,insert_texto,-,3681,0,0.002358500
postgres,1,insert_texto,-,3682,0,0.002265800
postgres,1,insert_texto,-,3683,0,0.002500500
postgres,1,insert_texto,-,3684,0,0.002433700
postgres,1,insert_texto,-,3685,0,0.002223700
postgres,1,insert_texto,-,3686,0,0.002352000
postgres,1,insert_texto,-,3687,0,0.002343800
postgres,1,insert_texto,-,3688,0,0.002320300
postgres,1,insert_texto,-,3689,0,0.002256500
postgres,1,insert_texto,-,3690,0,0.002531000
postgres,1,insert_texto,-,3691,0,0.002281900
postgres,1,insert_texto,-,3692,0,0.002325300
postgres,1,insert_texto,-,3693,0,0.002452000
postgres,1,insert_texto,-,3694,0,0.002302900
postgres,1,insert_texto,-,3695,0,0.002543600
postgres,1,insert_texto,-,3696,0,0.002313700
postgres,1,insert_texto,-,3697,0,0.002402100
postgres,1,insert_texto,-,3698,0,0.002402300
postgres,1,insert_texto,-,3699,0,0.002226800
postgres,1,insert_texto,-,3700,0,0.002359100
postgres,1,insert_texto,-,3701,0,0.002528900
postgres,1,insert_texto,-,3702,0,0.002249900
postgres,1,insert_texto,-,3703,0,0.002547900
postgres,1,insert_texto,-,3704,0,0.002652400
postgres,1,insert_texto,-,3705,0,0.002673700
postgres,1,insert_texto,-,3706,0,0.002343200
postgres,1,insert_texto,-,3707,0,0.002381800
postgres,1,insert_texto,-,3708,0,0.002433700
postgres,1,insert_texto,-,3709,0,0.002318800
postgres,1,insert_texto,-,3710,0,0.002351600
postgres,1,insert_texto,-,3711,0,0.002521200
postgres,1,insert_texto,-,3712,0,0.002238200
postgres,1,insert_texto,-,3713,0,0.002319100
postgres,1,insert_texto,-,3714,0,0.002351100
postgres,1,insert_texto,-,3715,0,0.002443600
postgres,1,insert_texto,-,3716,0,0.002387000
postgres,1,insert_texto,-,3717,0,0.002301400
postgres,1,insert_texto,-,3718,0,0.002399000
postgres,1,insert_texto,-,3719,0,0.002240100
postgres,1,insert_texto,-,3720,0,0.002409900
postgres,1,insert_texto,-,3721,0,0.002257800
postgres,1,insert_texto,-,3722,0,0.002309300
postgres,1,insert_texto,-,3723,0,0.002580700
postgres,1,insert_texto,-,3724,0,0.002270300
postgres,1,insert_texto,-,3725,0,0.002360600
postgres,1,insert_texto,-,3726,0,0.002253800
postgres,1,insert_texto,-,3727,0,0.002209600
postgres,1,insert_texto,-,3728,0,0.002248300
postgres,1,insert_texto,-,3729,0,0.002322900
postgres,1,insert_texto,-,3730,0,0.002718900
postgres,1,insert_texto,-,3731,0,0.002314600
postgres,1,insert_texto,-,3732,0,0.002503100
postgres,1,insert_texto,-,3733,0,0.002310200
postgres,1,insert_texto,-,3734,0,0.002269400
postgres,1,insert_texto,-,3735,0,0.002559500
postgres,1,insert_texto,-,3736,0,0.002437500
postgres,1,insert_texto,-,3737,0,0.002409800
postgres,1,insert_texto,-,3738,0,0.002278000
postgres,1,insert_texto,-,3739,0,0.002169400
postgres,1,insert_texto,-,3740,0,0.002292300
postgres,1,insert_texto,-,3741,0,0.002236600
postgres,1,insert_texto,-,3742,0,0.002492300
postgres,1,insert_texto,-,3743,0,0.002422600
postgres,1,insert_texto,-,3744,0,0.002291800
postgres,1,insert_texto,-,3745,0,0.002373700
postgres,1,insert_texto,-,3746,0,0.002228400
postgres,1,insert_texto,-,3747,0,0.002544500
postgres,1,insert_texto,-,3748,0,0.002305300
postgres,1,insert_texto,-,3749,0,0.002275800
postgres,1,insert_texto,-,3750,0,0.002758100
postgres,1,insert_texto,-,3751,0,0.002481600
postgres,1,insert_texto,-,3752,0,0.002282900
postgres,1,insert_texto,-,3753,0,0.002270100
postgres,1,insert_texto,-,3754,0,0.002252500
postgres,1,insert_texto,-,3755,0,0.002431200
postgres,1,insert_texto,-,3756,0,0.002329300
postgres,1,insert_texto,-,3757,0,0.002664300
postgres,1,insert_texto,-,3758,0,0.002396000
postgres,1,insert_texto,-,3759,0,0.002284300
postgres,1,insert_texto,-,3760,0,0.002304200
postgres,1,insert_texto,-,3761,0,0.002335700
postgres,1,insert_texto,-,3762,0,0.002362400
postgres,1,insert_texto,-,3763,0,0.002381000
postgres,1,insert_texto,-,3764,0,0.002604000
postgres,1,insert_texto,-,3765,0,0.002997000
postgres,1,insert_texto,-,3766,0,0.002675000
postgres,1,insert_texto,-,3767,0,0.002926900
postgres,1,insert_texto,-,3768,0,0.002861600
postgres,1,insert_texto,-,3769,0,0.002861600
postgres,1,insert_texto,-,3770,0,0.002567600
postgres,1,insert_texto,-,3771,0,0.002782600
postgres,1,insert_texto,-,3772,0,0.002680200
postgres,1,insert_texto,-,3773,0,0.002323900
postgres,1,insert_texto,-,3774,0,0.002407600
postgres,1,insert_texto,-,3775,0,0.002416800
postgres,1,insert_texto,-,3776,0,0.002421700
postgres,1,insert_texto,-,3777,0,0.002476300
postgres,1,insert_texto,-,3778,0,0.002274100
postgres,1,insert_texto,-,3779,0,0.002323500
postgres,1,insert_texto,-,3780,0,0.002386700
postgres,1,insert_texto,-,3781,0,0.002402400
postgres,1,insert_texto,-,3782,0,0.002391300
postgres,1,insert_texto,-,3783,0,0.002192300
postgres,1,insert_texto,-,3784,0,0.002236700
postgres,1,insert_texto,-,3785,0,0.002265600
postgres,1,insert_texto,-,3786,0,0.002248400
postgres,1,insert_texto,-,3787,0,0.002357900
postgres,1,insert_texto,-,3788,0,0.002637600
postgres,1,insert_texto,-,3789,0,0.002381100
postgres,1,insert_texto,-,3790,0,0.002265900
postgres,1,insert_texto,-,3791,0,0.002282900
postgres,1,insert_texto,-,3792,0,0.002292900
postgres,1,insert_texto,-,3793,0,0.002176400
postgres,1,insert_texto,-,3794,0,0.002367600
postgres,1,insert_texto,-,3795,0,0.002412900
postgres,1,insert_texto,-,3796,0,0.002169300
postgres,1,insert_texto,-,3797,0,0.002275100
postgres,1,insert_texto,-,3798,0,0.002249400
postgres,1,insert_texto,-,3799,0,0.002243200
postgres,1,insert_texto,-,3800,0,0.002283400
postgres,1,insert_texto,-,3801,0,0.002367800
postgres,1,insert_texto,-,3802,0,0.002549100
postgres,1,insert_texto,-,3803,0,0.002496200
postgres,1,insert_texto,-,3804,0,0.002299700
postgres,1,insert_texto,-,3805,0,0.002215700
postgres,1,insert_texto,-,3806,0,0.002480800
postgres,1,insert_texto,-,3807,0,0.002361100
postgres,1,insert_texto,-,3808,0,0.002340200
postgres,1,insert_texto,-,3809,0,0.002356700
postgres,1,insert_texto,-,3810,0,0.002463000
postgres,1,insert_texto,-,3811,0,0.002499800
postgres,1,insert_texto,-,3812,0,0.002321100
postgres,1,insert_texto,-,3813,0,0.002324500
postgres,1,insert_texto,-,3814,0,0.002406600
postgres,1,insert_texto,-,3815,0,0.002601600
postgres,1,insert_texto,-,3816,0,0.002519000
postgres,1,insert_texto,-,3817,0,0.002426400
postgres,1,insert_texto,-,3818,0,0.002237400
postgres,1,insert_texto,-,3819,0,0.002298200
postgres,1,insert_texto,-,3820,0,0.002249200
postgres,1,insert_texto,-,3821,0,0.002609600
postgres,1,insert_texto,-,3822,0,0.002617700
postgres,1,insert_texto,-,3823,0,0.002307600
postgres,1,insert_texto,-,3824,0,0.002317300
postgres,1,insert_texto,-,3825,0,0.002424000
postgres,1,insert_texto,-,3826,0,0.002356400
postgres,1,insert_texto,-,3827,0,0.002524900
postgres,1,insert_texto,-,3828,0,0.002356300
postgres,1,insert_texto,-,3829,0,0.002434700
postgres,1,insert_texto,-,3830,0,0.002249700
postgres,1,insert_texto,-,3831,0,0.002425400
postgres,1,insert_texto,-,3832,0,0.002541100
postgres,1,insert_texto,-,3833,0,0.002363900
postgres,1,insert_texto,-,3834,0,0.002377200
postgres,1,insert_texto,-,3835,0,0.002576100
postgres,1,insert_texto,-,3836,0,0.002472200
postgres,1,insert_texto,-,3837,0,0.002510600
postgres,1,insert_texto,-,3838,0,0.002389900
postgres,1,insert_texto,-,3839,0,0.002549800
postgres,1,insert_texto,-,3840,0,0.002439300
postgres,1,insert_texto,-,3841,0,0.002453200
postgres,1,insert_texto,-,3842,0,0.002442300
postgres,1,insert_texto,-,3843,0,0.002481200
postgres,1,insert_texto,-,3844,0,0.002566300
postgres,1,insert_texto,-,3845,0,0.002516500
postgres,1,insert_texto,-,3846,0,0.002413600
postgres,1,insert_texto,-,3847,0,0.002514400
postgres,1,insert_texto,-,3848,0,0.002481500
postgres,1,insert_texto,-,3849,0,0.002432400
postgres,1,insert_texto,-,3850,0,0.002557200
postgres,1,insert_texto,-,3851,0,0.002526300
postgres,1,insert_texto,-,3852,0,0.002445700
postgres,1,insert_texto,-,3853,0,0.002511300
postgres,1,insert_texto,-,3854,0,0.002493600
postgres,1,insert_texto,-,3855,0,0.002504000
postgres,1,insert_texto,-,3856,0,0.002463700
postgres,1,insert_texto,-,3857,0,0.002450600
postgres,1,insert_texto,-,3858,0,0.002550400
postgres,1,insert_texto,-,3859,0,0.002820400
postgres,1,insert_texto,-,3860,0,0.003058300
postgres,1,insert_texto,-,3861,0,0.002965000
postgres,1,insert_texto,-,3862,0,0.003067200
postgres,1,insert_texto,-,3863,0,0.003132200
postgres,1,insert_texto,-,3864,0,0.003022900
postgres,1,insert_texto,-,3865,0,0.003312400
postgres,1,insert_texto,-,3866,0,0.002793000
postgres,1,insert_texto,-,3867,0,0.002579800
postgres,1,insert_texto,-,3868,0,0.002452000
postgres,1,insert_texto,-,3869,0,0.002697200
postgres,1,insert_texto,-,3870,0,0.002464100
postgres,1,insert_texto,-,3871,0,0.002480200
postgres,1,insert_texto,-,3872,0,0.002530300
postgres,1,insert_texto,-,3873,0,0.002535400
postgres,1,insert_texto,-,3874,0,0.002486600
postgres,1,insert_texto,-,3875,0,0.002473800
postgres,1,insert_texto,-,3876,0,0.002396000
postgres,1,insert_texto,-,3877,0,0.003031700
postgres,1,insert_texto,-,3878,0,0.002636100
postgres,1,insert_texto,-,3879,0,0.002459900
postgres,1,insert_texto,-,3880,0,0.002699200
postgres,1,insert_texto,-,3881,0,0.002712000
postgres,1,insert_texto,-,3882,0,0.002418100
postgres,1,insert_texto,-,3883,0,0.002662200
postgres,1,insert_texto,-,3884,0,0.002476900
postgres,1,insert_texto,-,3885,0,0.002434700
postgres,1,insert_texto,-,3886,0,0.002504900
postgres,1,insert_texto,-,3887,0,0.002570900
postgres,1,insert_texto,-,3888,0,0.002646100
postgres,1,insert_texto,-,3889,0,0.002623800
postgres,1,insert_texto,-,3890,0,0.002422100
postgres,1,insert_texto,-,3891,0,0.002645000
postgres,1,insert_texto,-,3892,0,0.002541400
postgres,1,insert_texto,-,3893,0,0.002477700
postgres,1,insert_texto,-,3894,0,0.002539600
postgres,1,insert_texto,-,3895,0,0.002541600
postgres,1,insert_texto,-,3896,0,0.002448700
postgres,1,insert_texto,-,3897,0,0.002599900
postgres,1,insert_texto,-,3898,0,0.002562200
postgres,1,insert_texto,-,3899,0,0.002467900
postgres,1,insert_texto,-,3900,0,0.002860200
postgres,1,insert_texto,-,3901,0,0.002588700
postgres,1,insert_texto,-,3902,0,0.002679100
postgres,1,insert_texto,-,3903,0,0.002674600
postgres,1,insert_texto,-,3904,0,0.002648900
postgres,1,insert_texto,-,3905,0,0.002539500
postgres,1,insert_texto,-,3906,0,0.002772200
postgres,1,insert_texto,-,3907,0,0.002575700
postgres,1,insert_texto,-,3908,0,0.002473000
postgres,1,insert_texto,-,3909,0,0.002562900
postgres,1,insert_texto,-,3910,0,0.002659900
postgres,1,insert_texto,-,3911,0,0.003076600
postgres,1,insert_texto,-,3912,0,0.002693100
postgres,1,insert_texto,-,3913,0,0.002459100
postgres,1,insert_texto,-,3914,0,0.002582900
postgres,1,insert_texto,-,3915,0,0.002714500
postgres,1,insert_texto,-,3916,0,0.002560500
postgres,1,insert_texto,-,3917,0,0.002601400
postgres,1,insert_texto,-,3918,0,0.002834600
postgres,1,insert_texto,-,3919,0,0.002708300
postgres,1,insert_texto,-,3920,0,0.002629300
postgres,1,insert_texto,-,3921,0,0.002723000
postgres,1,insert_texto,-,3922,0,0.002731000
postgres,1,insert_texto,-,3923,0,0.002708300
postgres,1,insert_texto,-,3924,0,0.002599300
postgres,1,insert_texto,-,3925,0,0.002662600
postgres,1,insert_texto,-,3926,0,0.002599400
postgres,1,insert_texto,-,3927,0,0.002518900
postgres,1,insert_texto,-,3928,0,0.002745500
postgres,1,insert_texto,-,3929,0,0.002655900
postgres,1,insert_texto,-,3930,0,0.002756700
postgres,1,insert_texto,-,3931,0,0.002608700
postgres,1,insert_texto,-,3932,0,0.002536600
postgres,1,insert_texto,-,3933,0,0.002715800
postgres,1,insert_texto,-,3934,0,0.002456300
postgres,1,insert_texto,-,3935,0,0.002342100
postgres,1,insert_texto,-,3936,0,0.002385300
postgres,1,insert_texto,-,3937,0,0.002376900
postgres,1,insert_texto,-,3938,0,0.002681600
postgres,1,insert_texto,-,3939,0,0.002763900
postgres,1,insert_texto,-,3940,0,0.002410900
postgres,1,insert_texto,-,3941,0,0.002459100
postgres,1,insert_texto,-,3942,0,0.002812900
postgres,1,insert_texto,-,3943,0,0.002416100
postgres,1,insert_texto,-,3944,0,0.002465400
postgres,1,insert_texto,-,3945,0,0.002342600
postgres,1,insert_texto,-,3946,0,0.002532700
postgres,1,insert_texto,-,3947,0,0.002378100
postgres,1,insert_texto,-,3948,0,0.002539400
postgres,1,insert_texto,-,3949,0,0.002445500
postgres,1,insert_texto,-,3950,0,0.002538100
postgres,1,insert_texto,-,3951,0,0.002349900
postgres,1,insert_texto,-,3952,0,0.002298700
postgres,1,insert_texto,-,3953,0,0.002249700
postgres,1,insert_texto,-,3954,0,0.002694300
postgres,1,insert_texto,-,3955,0,0.003083200
postgres,1,insert_texto,-,3956,0,0.002767500
postgres,1,insert_texto,-,3957,0,0.002935700
postgres,1,insert_texto,-,3958,0,0.002791000
postgres,1,insert_texto,-,3959,0,0.002799200
postgres,1,insert_texto,-,3960,0,0.003492000
postgres,1,insert_texto,-,3961,0,0.002951400
postgres,1,insert_texto,-,3962,0,0.002628500
postgres,1,insert_texto,-,3963,0,0.002393300
postgres,1,insert_texto,-,3964,0,0.002502100
postgres,1,insert_texto,-,3965,0,0.002319800
postgres,1,insert_texto,-,3966,0,0.002425500
postgres,1,insert_texto,-,3967,0,0.002618700
postgres,1,insert_texto,-,3968,0,0.002473900
postgres,1,insert_texto,-,3969,0,0.002416200
postgres,1,insert_texto,-,3970,0,0.002527200
postgres,1,insert_texto,-,3971,0,0.002382900
postgres,1,insert_texto,-,3972,0,0.002460800
postgres,1,insert_texto,-,3973,0,0.002373700
postgres,1,insert_texto,-,3974,0,0.002391000
postgres,1,insert_texto,-,3975,0,0.002697300
postgres,1,insert_texto,-,3976,0,0.002258000
postgres,1,insert_texto,-,3977,0,0.002382500
postgres,1,insert_texto,-,3978,0,0.002433000
postgres,1,insert_texto,-,3979,0,0.002658600
postgres,1,insert_texto,-,3980,0,0.002494600
postgres,1,insert_texto,-,3981,0,0.002569600
postgres,1,insert_texto,-,3982,0,0.002519700
postgres,1,insert_texto,-,3983,0,0.002513300
postgres,1,insert_texto,-,3984,0,0.002480500
postgres,1,insert_texto,-,3985,0,0.002624000
postgres,1,insert_texto,-,3986,0,0.002488400
postgres,1,insert_texto,-,3987,0,0.002449800
postgres,1,insert_texto,-,3988,0,0.002401600
postgres,1,insert_texto,-,3989,0,0.002414100
postgres,1,insert_texto,-,3990,0,0.002566600
postgres,1,insert_texto,-,3991,0,0.002717800
postgres,1,insert_texto,-,3992,0,0.002426600
postgres,1,insert_texto,-,3993,0,0.002256000
postgres,1,insert_texto,-,3994,0,0.002250600
postgres,1,insert_texto,-,3995,0,0.002328200
postgres,1,insert_texto,-,3996,0,0.002496600
postgres,1,insert_texto,-,3997,0,0.002180400
postgres,1,insert_texto,-,3998,0,0.002438700
postgres,1,insert_texto,-,3999,0,0.002328400
postgres,1,insert_texto,-,4000,0,0.002186100
postgres,1,insert_texto,-,4001,0,0.002172100
postgres,1,insert_texto,-,4002,0,0.002270700
postgres,1,insert_texto,-,4003,0,0.002225500
postgres,1,insert_texto,-,4004,0,0.002129800
postgres,1,insert_texto,-,4005,0,0.002778800
postgres,1,insert_texto,-,4006,0,0.002649200
postgres,1,insert_texto,-,4007,0,0.002231000
postgres,1,insert_texto,-,4008,0,0.002404600
postgres,1,insert_texto,-,4009,0,0.002280200
postgres,1,insert_texto,-,4010,0,0.002241800
postgres,1,insert_texto,-,4011,0,0.002200900
postgres,1,insert_texto,-,4012,0,0.002381200
postgres,1,insert_texto,-,4013,0,0.002240200
postgres,1,insert_texto,-,4014,0,0.002064400
postgres,1,insert_texto,-,4015,0,0.002274700
postgres,1,insert_texto,-,4016,0,0.002165300
postgres,1,insert_texto,-,4017,0,0.002232200
postgres,1,insert_texto,-,4018,0,0.002275200
postgres,1,insert_texto,-,4019,0,0.002493500
postgres,1,insert_texto,-,4020,0,0.002272800
postgres,1,insert_texto,-,4021,0,0.002279000
postgres,1,insert_texto,-,4022,0,0.002168700
postgres,1,insert_texto,-,4023,0,0.002124500
postgres,1,insert_texto,-,4024,0,0.002249400
postgres,1,insert_texto,-,4025,0,0.002228500
postgres,1,insert_texto,-,4026,0,0.002467900
postgres,1,insert_texto,-,4027,0,0.002272100
postgres,1,insert_texto,-,4028,0,0.002401500
postgres,1,insert_texto,-,4029,0,0.002294400
postgres,1,insert_texto,-,4030,0,0.002462800
postgres,1,insert_texto,-,4031,0,0.002413700
postgres,1,insert_texto,-,4032,0,0.002301200
postgres,1,insert_texto,-,4033,0,0.002243200
postgres,1,insert_texto,-,4034,0,0.002401000
postgres,1,insert_texto,-,4035,0,0.002137200
postgres,1,insert_texto,-,4036,0,0.002267000
postgres,1,insert_texto,-,4037,0,0.002313700
postgres,1,insert_texto,-,4038,0,0.002207300
postgres,1,insert_texto,-,4039,0,0.002195400
postgres,1,insert_texto,-,4040,0,0.002245800
postgres,1,insert_texto,-,4041,0,0.002122800
postgres,1,insert_texto,-,4042,0,0.002190800
postgres,1,insert_texto,-,4043,0,0.002327500
postgres,1,insert_texto,-,4044,0,0.002045800
postgres,1,insert_texto,-,4045,0,0.002163100
postgres,1,insert_texto,-,4046,0,0.002288300
postgres,1,insert_texto,-,4047,0,0.002224400
postgres,1,insert_texto,-,4048,0,0.002274000
postgres,1,insert_texto,-,4049,0,0.002497300
postgres,1,insert_texto,-,4050,0,0.002816700
postgres,1,insert_texto,-,4051,0,0.002745200
postgres,1,insert_texto,-,4052,0,0.002609300
postgres,1,insert_texto,-,4053,0,0.002936100
postgres,1,insert_texto,-,4054,0,0.002782500
postgres,1,insert_texto,-,4055,0,0.002819400
postgres,1,insert_texto,-,4056,0,0.002666900
postgres,1,insert_texto,-,4057,0,0.002342000
postgres,1,insert_texto,-,4058,0,0.002378200
postgres,1,insert_texto,-,4059,0,0.002686200
postgres,1,insert_texto,-,4060,0,0.002498800
postgres,1,insert_texto,-,4061,0,0.002333200
postgres,1,insert_texto,-,4062,0,0.002664400
postgres,1,insert_texto,-,4063,0,0.002302300
postgres,1,insert_texto,-,4064,0,0.002571200
postgres,1,insert_texto,-,4065,0,0.002569000
postgres,1,insert_texto,-,4066,0,0.002729200
postgres,1,insert_texto,-,4067,0,0.002555800
postgres,1,insert_texto,-,4068,0,0.002735900
postgres,1,insert_texto,-,4069,0,0.002634200
postgres,1,insert_texto,-,4070,0,0.002651700
postgres,1,insert_texto,-,4071,0,0.003082700
postgres,1,insert_texto,-,4072,0,0.002644900
postgres,1,insert_texto,-,4073,0,0.002517000
postgres,1,insert_texto,-,4074,0,0.002683900
postgres,1,insert_texto,-,4075,0,0.002665400
postgres,1,insert_texto,-,4076,0,0.002603300
postgres,1,insert_texto,-,4077,0,0.003072600
postgres,1,insert_texto,-,4078,0,0.003394200
postgres,1,insert_texto,-,4079,0,0.003121900
postgres,1,insert_texto,-,4080,0,0.003343400
postgres,1,insert_texto,-,4081,0,0.003366900
postgres,1,insert_texto,-,4082,0,0.003308300
postgres,1,insert_texto,-,4083,0,0.002983700
postgres,1,insert_texto,-,4084,0,0.003277000
postgres,1,insert_texto,-,4085,0,0.003171900
postgres,1,insert_texto,-,4086,0,0.002978600
postgres,1,insert_texto,-,4087,0,0.003347600
postgres,1,insert_texto,-,4088,0,0.003191400
postgres,1,insert_texto,-,4089,0,0.002969400
postgres,1,insert_texto,-,4090,0,0.002945800
postgres,1,insert_texto,-,4091,0,0.003066900
postgres,1,insert_texto,-,4092,0,0.002818700
postgres,1,insert_texto,-,4093,0,0.003458900
postgres,1,insert_texto,-,4094,0,0.003626400
postgres,1,insert_texto,-,4095,0,0.003603000
postgres,1,insert_texto,-,4096,0,0.003705700
postgres,1,insert_texto,-,4097,0,0.003803000
postgres,1,insert_texto,-,4098,0,0.003608000
postgres,1,insert_texto,-,4099,0,0.003991900
postgres,1,insert_texto,-,4100,0,0.003539600
postgres,1,insert_texto,-,4101,0,0.003333900
postgres,1,insert_texto,-,4102,0,0.003812500
postgres,1,insert_texto,-,4103,0,0.003763100
postgres,1,insert_texto,-,4104,0,0.003821600
postgres,1,insert_texto,-,4105,0,0.003759300
postgres,1,insert_texto,-,4106,0,0.003510800
postgres,1,insert_texto,-,4107,0,0.003582100
postgres,1,insert_texto,-,4108,0,0.003428300
postgres,1,insert_texto,-,4109,0,0.003874700
postgres,1,insert_texto,-,4110,0,0.003217300
postgres,1,insert_texto,-,4111,0,0.002676300
postgres,1,insert_texto,-,4112,0,0.002565100
postgres,1,insert_texto,-,4113,0,0.002551400
postgres,1,insert_texto,-,4114,0,0.002379800
postgres,1,insert_texto,-,4115,0,0.002302600
postgres,1,insert_texto,-,4116,0,0.002334000
postgres,1,insert_texto,-,4117,0,0.002451600
postgres,1,insert_texto,-,4118,0,0.002442300
postgres,1,insert_texto,-,4119,0,0.002571600
postgres,1,insert_texto,-,4120,0,0.002350400
postgres,1,insert_texto,-,4121,0,0.002299700
postgres,1,insert_texto,-,4122,0,0.002347600
postgres,1,insert_texto,-,4123,0,0.002289600
postgres,1,insert_texto,-,4124,0,0.002454300
postgres,1,insert_texto,-,4125,0,0.002871200
postgres,1,insert_texto,-,4126,0,0.002293400
postgres,1,insert_texto,-,4127,0,0.002500700
postgres,1,insert_texto,-,4128,0,0.002309000
postgres,1,insert_texto,-,4129,0,0.002311400
postgres,1,insert_texto,-,4130,0,0.002273400
postgres,1,insert_texto,-,4131,0,0.002372400
postgres,1,insert_texto,-,4132,0,0.002424800
postgres,1,insert_texto,-,4133,0,0.002271100
postgres,1,insert_texto,-,4134,0,0.002373900
postgres,1,insert_texto,-,4135,0,0.002393900
postgres,1,insert_texto,-,4136,0,0.002558400
postgres,1,insert_texto,-,4137,0,0.002623200
postgres,1,insert_texto,-,4138,0,0.002342100
postgres,1,insert_texto,-,4139,0,0.002329200
postgres,1,insert_texto,-,4140,0,0.002305800
postgres,1,insert_texto,-,4141,0,0.002319900
postgres,1,insert_texto,-,4142,0,0.002404800
postgres,1,insert_texto,-,4143,0,0.002280300
postgres,1,insert_texto,-,4144,0,0.002718400
postgres,1,insert_texto,-,4145,0,0.003563500
postgres,1,insert_texto,-,4146,0,0.003338500
postgres,1,insert_texto,-,4147,0,0.003227900
postgres,1,insert_texto,-,4148,0,0.002882300
postgres,1,insert_texto,-,4149,0,0.003070600
postgres,1,insert_texto,-,4150,0,0.002719900
postgres,1,insert_texto,-,4151,0,0.003185700
postgres,1,insert_texto,-,4152,0,0.002469700
postgres,1,insert_texto,-,4153,0,0.002505000
postgres,1,insert_texto,-,4154,0,0.002245100
postgres,1,insert_texto,-,4155,0,0.002475300
postgres,1,insert_texto,-,4156,0,0.002356300
postgres,1,insert_texto,-,4157,0,0.002313900
postgres,1,insert_texto,-,4158,0,0.002548500
postgres,1,insert_texto,-,4159,0,0.002290900
postgres,1,insert_texto,-,4160,0,0.002665100
postgres,1,insert_texto,-,4161,0,0.002253900
postgres,1,insert_texto,-,4162,0,0.002453700
postgres,1,insert_texto,-,4163,0,0.002507300
postgres,1,insert_texto,-,4164,0,0.002329300
postgres,1,insert_texto,-,4165,0,0.002316700
postgres,1,insert_texto,-,4166,0,0.002305400
postgres,1,insert_texto,-,4167,0,0.002421400
postgres,1,insert_texto,-,4168,0,0.002890300
postgres,1,insert_texto,-,4169,0,0.002639100
postgres,1,insert_texto,-,4170,0,0.002455400
postgres,1,insert_texto,-,4171,0,0.002546000
postgres,1,insert_texto,-,4172,0,0.002353500
postgres,1,insert_texto,-,4173,0,0.002322000
postgres,1,insert_texto,-,4174,0,0.002643100
postgres,1,insert_texto,-,4175,0,0.002685200
postgres,1,insert_texto,-,4176,0,0.002620900
postgres,1,insert_texto,-,4177,0,0.002781900
postgres,1,insert_texto,-,4178,0,0.002550600
postgres,1,insert_texto,-,4179,0,0.002795500
postgres,1,insert_texto,-,4180,0,0.002621500
postgres,1,insert_texto,-,4181,0,0.002680300
postgres,1,insert_texto,-,4182,0,0.002347500
postgres,1,insert_texto,-,4183,0,0.002573200
postgres,1,insert_texto,-,4184,0,0.002684200
postgres,1,insert_texto,-,4185,0,0.002497400
postgres,1,insert_texto,-,4186,0,0.002509800
postgres,1,insert_texto,-,4187,0,0.002734500
postgres,1,insert_texto,-,4188,0,0.003259000
postgres,1,insert_texto,-,4189,0,0.003051900
postgres,1,insert_texto,-,4190,0,0.003630300
postgres,1,insert_texto,-,4191,0,0.003394400
postgres,1,insert_texto,-,4192,0,0.003513800
postgres,1,insert_texto,-,4193,0,0.003583100
postgres,1,insert_texto,-,4194,0,0.003326300
postgres,1,insert_texto,-,4195,0,0.003189600
postgres,1,insert_texto,-,4196,0,0.003278100
postgres,1,insert_texto,-,4197,0,0.003206600
postgres,1,insert_texto,-,4198,0,0.003303800
postgres,1,insert_texto,-,4199,0,0.002928100
postgres,1,insert_texto,-,4200,0,0.002739600
postgres,1,insert_texto,-,4201,0,0.002921900
postgres,1,insert_texto,-,4202,0,0.004200400
postgres,1,insert_texto,-,4203,0,0.003543300
postgres,1,insert_texto,-,4204,0,0.003884700
postgres,1,insert_texto,-,4205,0,0.003722000
postgres,1,insert_texto,-,4206,0,0.003649700
postgres,1,insert_texto,-,4207,0,0.003876200
postgres,1,insert_texto,-,4208,0,0.003525200
postgres,1,insert_texto,-,4209,0,0.003736400
postgres,1,insert_texto,-,4210,0,0.003856200
postgres,1,insert_texto,-,4211,0,0.003689700
postgres,1,insert_texto,-,4212,0,0.003883900
postgres,1,insert_texto,-,4213,0,0.004106700
postgres,1,insert_texto,-,4214,0,0.004260000
postgres,1,insert_texto,-,4215,0,0.003874000
postgres,1,insert_texto,-,4216,0,0.004000800
postgres,1,insert_texto,-,4217,0,0.004135200
postgres,1,insert_texto,-,4218,0,0.004237800
postgres,1,insert_texto,-,4219,0,0.003728900
postgres,1,insert_texto,-,4220,0,0.003160700
postgres,1,insert_texto,-,4221,0,0.003227800
postgres,1,insert_texto,-,4222,0,0.003271300
postgres,1,insert_texto,-,4223,0,0.002712800
postgres,1,insert_texto,-,4224,0,0.002930000
postgres,1,insert_texto,-,4225,0,0.002956900
postgres,1,insert_texto,-,4226,0,0.002872000
postgres,1,insert_texto,-,4227,0,0.002923700
postgres,1,insert_texto,-,4228,0,0.002748800
postgres,1,insert_texto,-,4229,0,0.002838200
postgres,1,insert_texto,-,4230,0,0.002749200
postgres,1,insert_texto,-,4231,0,0.002684900
postgres,1,insert_texto,-,4232,0,0.002949200
postgres,1,insert_texto,-,4233,0,0.002873300
postgres,1,insert_texto,-,4234,0,0.002747400
postgres,1,insert_texto,-,4235,0,0.002729100
postgres,1,insert_texto,-,4236,0,0.002741200
postgres,1,insert_texto,-,4237,0,0.002757600
postgres,1,insert_texto,-,4238,0,0.002813700
postgres,1,insert_texto,-,4239,0,0.002725500
postgres,1,insert_texto,-,4240,0,0.003054700
postgres,1,insert_texto,-,4241,0,0.003044100
postgres,1,insert_texto,-,4242,0,0.003028900
postgres,1,insert_texto,-,4243,0,0.003379000
postgres,1,insert_texto,-,4244,0,0.003522400
postgres,1,insert_texto,-,4245,0,0.003254200
postgres,1,insert_texto,-,4246,0,0.002791800
postgres,1,insert_texto,-,4247,0,0.002881200
postgres,1,insert_texto,-,4248,0,0.002923500
postgres,1,insert_texto,-,4249,0,0.002963300
postgres,1,insert_texto,-,4250,0,0.002732500
postgres,1,insert_texto,-,4251,0,0.002917800
postgres,1,insert_texto,-,4252,0,0.002814100
postgres,1,insert_texto,-,4253,0,0.002740200
postgres,1,insert_texto,-,4254,0,0.002855200
postgres,1,insert_texto,-,4255,0,0.002861600
postgres,1,insert_texto,-,4256,0,0.002914200
postgres,1,insert_texto,-,4257,0,0.002846000
postgres,1,insert_texto,-,4258,0,0.002936800
postgres,1,insert_texto,-,4259,0,0.002926000
postgres,1,insert_texto,-,4260,0,0.003201800
postgres,1,insert_texto,-,4261,0,0.002828100
postgres,1,insert_texto,-,4262,0,0.002833500
postgres,1,insert_texto,-,4263,0,0.002853100
postgres,1,insert_texto,-,4264,0,0.002904100
postgres,1,insert_texto,-,4265,0,0.002804900
postgres,1,insert_texto,-,4266,0,0.002878400
postgres,1,insert_texto,-,4267,0,0.002894100
postgres,1,insert_texto,-,4268,0,0.002891400
postgres,1,insert_texto,-,4269,0,0.003129100
postgres,1,insert_texto,-,4270,0,0.003596400
postgres,1,insert_texto,-,4271,0,0.003337000
postgres,1,insert_texto,-,4272,0,0.002640100
postgres,1,insert_texto,-,4273,0,0.002839400
postgres,1,insert_texto,-,4274,0,0.002949200
postgres,1,insert_texto,-,4275,0,0.002655400
postgres,1,insert_texto,-,4276,0,0.002709900
postgres,1,insert_texto,-,4277,0,0.002687300
postgres,1,insert_texto,-,4278,0,0.002573400
postgres,1,insert_texto,-,4279,0,0.002560600
postgres,1,insert_texto,-,4280,0,0.002653400
postgres,1,insert_texto,-,4281,0,0.002873700
postgres,1,insert_texto,-,4282,0,0.002660000
postgres,1,insert_texto,-,4283,0,0.002930300
postgres,1,insert_texto,-,4284,0,0.002829200
postgres,1,insert_texto,-,4285,0,0.002656600
postgres,1,insert_texto,-,4286,0,0.002938300
postgres,1,insert_texto,-,4287,0,0.002905600
postgres,1,insert_texto,-,4288,0,0.002858800
postgres,1,insert_texto,-,4289,0,0.002953500
postgres,1,insert_texto,-,4290,0,0.002977500
postgres,1,insert_texto,-,4291,0,0.002941300
postgres,1,insert_texto,-,4292,0,0.002774900
postgres,1,insert_texto,-,4293,0,0.002932200
postgres,1,insert_texto,-,4294,0,0.003097800
postgres,1,insert_texto,-,4295,0,0.002968200
postgres,1,insert_texto,-,4296,0,0.002941400
postgres,1,insert_texto,-,4297,0,0.002871800
postgres,1,insert_texto,-,4298,0,0.003157700
postgres,1,insert_texto,-,4299,0,0.003214700
postgres,1,insert_texto,-,4300,0,0.002966500
postgres,1,insert_texto,-,4301,0,0.002998300
postgres,1,insert_texto,-,4302,0,0.002978700
postgres,1,insert_texto,-,4303,0,0.003073400
postgres,1,insert_texto,-,4304,0,0.002869000
postgres,1,insert_texto,-,4305,0,0.003103600
postgres,1,insert_texto,-,4306,0,0.002792000
postgres,1,insert_texto,-,4307,0,0.003125100
postgres,1,insert_texto,-,4308,0,0.003000400
postgres,1,insert_texto,-,4309,0,0.002983500
postgres,1,insert_texto,-,4310,0,0.003047100
postgres,1,insert_texto,-,4311,0,0.003178900
postgres,1,insert_texto,-,4312,0,0.003028300
postgres,1,insert_texto,-,4313,0,0.003027900
postgres,1,insert_texto,-,4314,0,0.002978600
postgres,1,insert_texto,-,4315,0,0.002782800
postgres,1,insert_texto,-,4316,0,0.002917900
postgres,1,insert_texto,-,4317,0,0.003040500
postgres,1,insert_texto,-,4318,0,0.003202300
postgres,1,insert_texto,-,4319,0,0.002860800
postgres,1,insert_texto,-,4320,0,0.002954800
postgres,1,insert_texto,-,4321,0,0.002946000
postgres,1,insert_texto,-,4322,0,0.003063100
postgres,1,insert_texto,-,4323,0,0.003088900
postgres,1,insert_texto,-,4324,0,0.002895800
postgres,1,insert_texto,-,4325,0,0.002946200
postgres,1,insert_texto,-,4326,0,0.002996600
postgres,1,insert_texto,-,4327,0,0.002910300
postgres,1,insert_texto,-,4328,0,0.003055100
postgres,1,insert_texto,-,4329,0,0.003053500
postgres,1,insert_texto,-,4330,0,0.003009500
postgres,1,insert_texto,-,4331,0,0.003043500
postgres,1,insert_texto,-,4332,0,0.002870900
postgres,1,insert_texto,-,4333,0,0.003047900
postgres,1,insert_texto,-,4334,0,0.003211800
postgres,1,insert_texto,-,4335,0,0.003280300
postgres,1,insert_texto,-,4336,0,0.003539300
postgres,1,insert_texto,-,4337,0,0.003295100
postgres,1,insert_texto,-,4338,0,0.003493000
postgres,1,insert_texto,-,4339,0,0.003176600
postgres,1,insert_texto,-,4340,0,0.003200400
postgres,1,insert_texto,-,4341,0,0.003546700
postgres,1,insert_texto,-,4342,0,0.003042500
postgres,1,insert_texto,-,4343,0,0.003105400
postgres,1,insert_texto,-,4344,0,0.003042600
postgres,1,insert_texto,-,4345,0,0.003041900
postgres,1,insert_texto,-,4346,0,0.002898600
postgres,1,insert_texto,-,4347,0,0.002887100
postgres,1,insert_texto,-,4348,0,0.003083800
postgres,1,insert_texto,-,4349,0,0.002990000
postgres,1,insert_texto,-,4350,0,0.003060400
postgres,1,insert_texto,-,4351,0,0.002948600
postgres,1,insert_texto,-,4352,0,0.002946600
postgres,1,insert_texto,-,4353,0,0.003100700
postgres,1,insert_texto,-,4354,0,0.003048400
postgres,1,insert_texto,-,4355,0,0.003050600
postgres,1,insert_texto,-,4356,0,0.002906800
postgres,1,insert_texto,-,4357,0,0.002963600
postgres,1,insert_texto,-,4358,0,0.003132500
postgres,1,insert_texto,-,4359,0,0.003084800
postgres,1,insert_texto,-,4360,0,0.003068300
postgres,1,insert_texto,-,4361,0,0.003046300
postgres,1,insert_texto,-,4362,0,0.003126100
postgres,1,insert_texto,-,4363,0,0.003268000
postgres,1,insert_texto,-,4364,0,0.003176500
postgres,1,insert_texto,-,4365,0,0.003003500
postgres,1,insert_texto,-,4366,0,0.003003300
postgres,1,insert_texto,-,4367,0,0.003058400
postgres,1,insert_texto,-,4368,0,0.003043200
postgres,1,insert_texto,-,4369,0,0.003006000
postgres,1,insert_texto,-,4370,0,0.003057700
postgres,1,insert_texto,-,4371,0,0.002894800
postgres,1,insert_texto,-,4372,0,0.002916500
postgres,1,insert_texto,-,4373,0,0.003136300
postgres,1,insert_texto,-,4374,0,0.003038000
postgres,1,insert_texto,-,4375,0,0.002869300
postgres,1,insert_texto,-,4376,0,0.002920300
postgres,1,insert_texto,-,4377,0,0.003112000
postgres,1,insert_texto,-,4378,0,0.002889700
postgres,1,insert_texto,-,4379,0,0.002988100
postgres,1,insert_texto,-,4380,0,0.003301400
postgres,1,insert_texto,-,4381,0,0.003061600
postgres,1,insert_texto,-,4382,0,0.003047100
postgres,1,insert_texto,-,4383,0,0.002988600
postgres,1,insert_texto,-,4384,0,0.003050500
postgres,1,insert_texto,-,4385,0,0.003167500
postgres,1,insert_texto,-,4386,0,0.002883400
postgres,1,insert_texto,-,4387,0,0.002984400
postgres,1,insert_texto,-,4388,0,0.003097500
postgres,1,insert_texto,-,4389,0,0.002982000
postgres,1,insert_texto,-,4390,0,0.003010400
postgres,1,insert_texto,-,4391,0,0.002835200
postgres,1,insert_texto,-,4392,0,0.002896500
postgres,1,insert_texto,-,4393,0,0.003019600
postgres,1,insert_texto,-,4394,0,0.002967400
postgres,1,insert_texto,-,4395,0,0.003006100
postgres,1,insert_texto,-,4396,0,0.002922300
postgres,1,insert_texto,-,4397,0,0.002902500
postgres,1,insert_texto,-,4398,0,0.002859500
postgres,1,insert_texto,-,4399,0,0.003139300
postgres,1,insert_texto,-,4400,0,0.002943100
postgres,1,insert_texto,-,4401,0,0.003209900
postgres,1,insert_texto,-,4402,0,0.002981400
postgres,1,insert_texto,-,4403,0,0.003084600
postgres,1,insert_texto,-,4404,0,0.002941200
postgres,1,insert_texto,-,4405,0,0.003176300
postgres,1,insert_texto,-,4406,0,0.002993400
postgres,1,insert_texto,-,4407,0,0.002876900
postgres,1,insert_texto,-,4408,0,0.003102900
postgres,1,insert_texto,-,4409,0,0.002944100
postgres,1,insert_texto,-,4410,0,0.003058700
postgres,1,insert_texto,-,4411,0,0.002950800
postgres,1,insert_texto,-,4412,0,0.003003300
postgres,1,insert_texto,-,4413,0,0.002827800
postgres,1,insert_texto,-,4414,0,0.002754100
postgres,1,insert_texto,-,4415,0,0.003020400
postgres,1,insert_texto,-,4416,0,0.003362500
postgres,1,insert_texto,-,4417,0,0.002918200
postgres,1,insert_texto,-,4418,0,0.002935400
postgres,1,insert_texto,-,4419,0,0.002865100
postgres,1,insert_texto,-,4420,0,0.003027900
postgres,1,insert_texto,-,4421,0,0.003021200
postgres,1,insert_texto,-,4422,0,0.002936700
postgres,1,insert_texto,-,4423,0,0.002942400
postgres,1,insert_texto,-,4424,0,0.002839300
postgres,1,insert_texto,-,4425,0,0.002847600
postgres,1,insert_texto,-,4426,0,0.002816200
postgres,1,insert_texto,-,4427,0,0.003079000
postgres,1,insert_texto,-,4428,0,0.002946600
postgres,1,insert_texto,-,4429,0,0.003413000
postgres,1,insert_texto,-,4430,0,0.003345400
postgres,1,insert_texto,-,4431,0,0.003165200
postgres,1,insert_texto,-,4432,0,0.003391400
postgres,1,insert_texto,-,4433,0,0.003603700
postgres,1,insert_texto,-,4434,0,0.003209600
postgres,1,insert_texto,-,4435,0,0.003548000
postgres,1,insert_texto,-,4436,0,0.003726600
postgres,1,insert_texto,-,4437,0,0.003298300
postgres,1,insert_texto,-,4438,0,0.002963100
postgres,1,insert_texto,-,4439,0,0.002932800
postgres,1,insert_texto,-,4440,0,0.002995900
postgres,1,insert_texto,-,4441,0,0.002847500
postgres,1,insert_texto,-,4442,0,0.002997100
postgres,1,insert_texto,-,4443,0,0.003011500
postgres,1,insert_texto,-,4444,0,0.003012000
postgres,1,insert_texto,-,4445,0,0.003277800
postgres,1,insert_texto,-,4446,0,0.002941600
postgres,1,insert_texto,-,4447,0,0.003262200
postgres,1,insert_texto,-,4448,0,0.003663300
postgres,1,insert_texto,-,4449,0,0.004085100
postgres,1,insert_texto,-,4450,0,0.004059100
postgres,1,insert_texto,-,4451,0,0.003785400
postgres,1,insert_texto,-,4452,0,0.003450500
postgres,1,insert_texto,-,4453,0,0.002820000
postgres,1,insert_texto,-,4454,0,0.002457000
postgres,1,insert_texto,-,4455,0,0.002571600
postgres,1,insert_texto,-,4456,0,0.002752200
postgres,1,insert_texto,-,4457,0,0.002359900
postgres,1,insert_texto,-,4458,0,0.003003400
postgres,1,insert_texto,-,4459,0,0.002659900
postgres,1,insert_texto,-,4460,0,0.002521200
postgres,1,insert_texto,-,4461,0,0.002905300
postgres,1,insert_texto,-,4462,0,0.002452100
postgres,1,insert_texto,-,4463,0,0.002736800
postgres,1,insert_texto,-,4464,0,0.002801100
postgres,1,insert_texto,-,4465,0,0.002615500
postgres,1,insert_texto,-,4466,0,0.002616100
postgres,1,insert_texto,-,4467,0,0.002595900
postgres,1,insert_texto,-,4468,0,0.002543100
postgres,1,insert_texto,-,4469,0,0.003038600
postgres,1,insert_texto,-,4470,0,0.002981900
postgres,1,insert_texto,-,4471,0,0.002734800
postgres,1,insert_texto,-,4472,0,0.002500600
postgres,1,insert_texto,-,4473,0,0.002517600
postgres,1,insert_texto,-,4474,0,0.002605500
postgres,1,insert_texto,-,4475,0,0.002553900
postgres,1,insert_texto,-,4476,0,0.002506400
postgres,1,insert_texto,-,4477,0,0.002985200
postgres,1,insert_texto,-,4478,0,0.002884600
postgres,1,insert_texto,-,4479,0,0.002553200
postgres,1,insert_texto,-,4480,0,0.002719600
postgres,1,insert_texto,-,4481,0,0.002639900
postgres,1,insert_texto,-,4482,0,0.002524800
postgres,1,insert_texto,-,4483,0,0.003086100
postgres,1,insert_texto,-,4484,0,0.003069100
postgres,1,insert_texto,-,4485,0,0.002819400
postgres,1,insert_texto,-,4486,0,0.002987500
postgres,1,insert_texto,-,4487,0,0.002575800
postgres,1,insert_texto,-,4488,0,0.002728000
postgres,1,insert_texto,-,4489,0,0.002596400
postgres,1,insert_texto,-,4490,0,0.002503700
postgres,1,insert_texto,-,4491,0,0.002588500
postgres,1,insert_texto,-,4492,0,0.002448600
postgres,1,insert_texto,-,4493,0,0.002867800
postgres,1,insert_texto,-,4494,0,0.002654600
postgres,1,insert_texto,-,4495,0,0.002441100
postgres,1,insert_texto,-,4496,0,0.002734600
postgres,1,insert_texto,-,4497,0,0.002755300
postgres,1,insert_texto,-,4498,0,0.002597100
postgres,1,insert_texto,-,4499,0,0.002749000
postgres,1,insert_texto,-,4500,0,0.002770700
postgres,1,insert_texto,-,4501,0,0.002950500
postgres,1,insert_texto,-,4502,0,0.002877000
postgres,1,insert_texto,-,4503,0,0.002624900
postgres,1,insert_texto,-,4504,0,0.002656100
postgres,1,insert_texto,-,4505,0,0.002521400
postgres,1,insert_texto,-,4506,0,0.002409100
postgres,1,insert_texto,-,4507,0,0.002566700
postgres,1,insert_texto,-,4508,0,0.002493900
postgres,1,insert_texto,-,4509,0,0.002495600
postgres,1,insert_texto,-,4510,0,0.002364100
postgres,1,insert_texto,-,4511,0,0.002963600
postgres,1,insert_texto,-,4512,0,0.002773300
postgres,1,insert_texto,-,4513,0,0.002751900
postgres,1,insert_texto,-,4514,0,0.002457100
postgres,1,insert_texto,-,4515,0,0.002312900
postgres,1,insert_texto,-,4516,0,0.002789700
postgres,1,insert_texto,-,4517,0,0.002613100
postgres,1,insert_texto,-,4518,0,0.002736000
postgres,1,insert_texto,-,4519,0,0.002525700
postgres,1,insert_texto,-,4520,0,0.002989400
postgres,1,insert_texto,-,4521,0,0.002998500
postgres,1,insert_texto,-,4522,0,0.002655100
postgres,1,insert_texto,-,4523,0,0.002695500
postgres,1,insert_texto,-,4524,0,0.003285600
postgres,1,insert_texto,-,4525,0,0.003397800
postgres,1,insert_texto,-,4526,0,0.003054300
postgres,1,insert_texto,-,4527,0,0.002885500
postgres,1,insert_texto,-,4528,0,0.003135600
postgres,1,insert_texto,-,4529,0,0.003148200
postgres,1,insert_texto,-,4530,0,0.003029600
postgres,1,insert_texto,-,4531,0,0.002908100
postgres,1,insert_texto,-,4532,0,0.002894400
postgres,1,insert_texto,-,4533,0,0.002676400
postgres,1,insert_texto,-,4534,0,0.002641600
postgres,1,insert_texto,-,4535,0,0.002981100
postgres,1,insert_texto,-,4536,0,0.002694700
postgres,1,insert_texto,-,4537,0,0.002678200
postgres,1,insert_texto,-,4538,0,0.002984200
postgres,1,insert_texto,-,4539,0,0.002633000
postgres,1,insert_texto,-,4540,0,0.002754500
postgres,1,insert_texto,-,4541,0,0.002567500
postgres,1,insert_texto,-,4542,0,0.002623000
postgres,1,insert_texto,-,4543,0,0.002794700
postgres,1,insert_texto,-,4544,0,0.002505600
postgres,1,insert_texto,-,4545,0,0.002590100
postgres,1,insert_texto,-,4546,0,0.002675000
postgres,1,insert_texto,-,4547,0,0.002910100
postgres,1,insert_texto,-,4548,0,0.002813300
postgres,1,insert_texto,-,4549,0,0.002826300
postgres,1,insert_texto,-,4550,0,0.002749100
postgres,1,insert_texto,-,4551,0,0.002860000
postgres,1,insert_texto,-,4552,0,0.002852300
postgres,1,insert_texto,-,4553,0,0.002650400
postgres,1,insert_texto,-,4554,0,0.002601700
postgres,1,insert_texto,-,4555,0,0.002478600
postgres,1,insert_texto,-,4556,0,0.002384800
postgres,1,insert_texto,-,4557,0,0.002590700
postgres,1,insert_texto,-,4558,0,0.002596300
postgres,1,insert_texto,-,4559,0,0.002503200
postgres,1,insert_texto,-,4560,0,0.002487500
postgres,1,insert_texto,-,4561,0,0.002513200
postgres,1,insert_texto,-,4562,0,0.002511500
postgres,1,insert_texto,-,4563,0,0.002760100
postgres,1,insert_texto,-,4564,0,0.002861500
postgres,1,insert_texto,-,4565,0,0.002753900
postgres,1,insert_texto,-,4566,0,0.002430100
postgres,1,insert_texto,-,4567,0,0.002379600
postgres,1,insert_texto,-,4568,0,0.002593300
postgres,1,insert_texto,-,4569,0,0.002815000
postgres,1,insert_texto,-,4570,0,0.002776700
postgres,1,insert_texto,-,4571,0,0.002661700
postgres,1,insert_texto,-,4572,0,0.002571800
postgres,1,insert_texto,-,4573,0,0.002593000
postgres,1,insert_texto,-,4574,0,0.002838100
postgres,1,insert_texto,-,4575,0,0.002568000
postgres,1,insert_texto,-,4576,0,0.002664700
postgres,1,insert_texto,-,4577,0,0.002559300
postgres,1,insert_texto,-,4578,0,0.002633400
postgres,1,insert_texto,-,4579,0,0.002605200
postgres,1,insert_texto,-,4580,0,0.002709800
postgres,1,insert_texto,-,4581,0,0.002654100
postgres,1,insert_texto,-,4582,0,0.002613100
postgres,1,insert_texto,-,4583,0,0.002896500
postgres,1,insert_texto,-,4584,0,0.002624100
postgres,1,insert_texto,-,4585,0,0.002482100
postgres,1,insert_texto,-,4586,0,0.002565900
postgres,1,insert_texto,-,4587,0,0.002694100
postgres,1,insert_texto,-,4588,0,0.002774200
postgres,1,insert_texto,-,4589,0,0.002858300
postgres,1,insert_texto,-,4590,0,0.002689200
postgres,1,insert_texto,-,4591,0,0.002856800
postgres,1,insert_texto,-,4592,0,0.003161800
postgres,1,insert_texto,-,4593,0,0.002547100
postgres,1,insert_texto,-,4594,0,0.002484600
postgres,1,insert_texto,-,4595,0,0.002505300
postgres,1,insert_texto,-,4596,0,0.002495600
postgres,1,insert_texto,-,4597,0,0.002374300
postgres,1,insert_texto,-,4598,0,0.002822200
postgres,1,insert_texto,-,4599,0,0.002598000
postgres,1,insert_texto,-,4600,0,0.002844100
postgres,1,insert_texto,-,4601,0,0.002945000
postgres,1,insert_texto,-,4602,0,0.002716800
postgres,1,insert_texto,-,4603,0,0.002578900
postgres,1,insert_texto,-,4604,0,0.002467100
postgres,1,insert_texto,-,4605,0,0.002562400
postgres,1,insert_texto,-,4606,0,0.002720100
postgres,1,insert_texto,-,4607,0,0.002541000
postgres,1,insert_texto,-,4608,0,0.002629900
postgres,1,insert_texto,-,4609,0,0.002627300
postgres,1,insert_texto,-,4610,0,0.002549800
postgres,1,insert_texto,-,4611,0,0.002506800
postgres,1,insert_texto,-,4612,0,0.002676500
postgres,1,insert_texto,-,4613,0,0.002846400
postgres,1,insert_texto,-,4614,0,0.002647800
postgres,1,insert_texto,-,4615,0,0.002757500
postgres,1,insert_texto,-,4616,0,0.002752100
postgres,1,insert_texto,-,4617,0,0.002964000
postgres,1,insert_texto,-,4618,0,0.002954700
postgres,1,insert_texto,-,4619,0,0.002953600
postgres,1,insert_texto,-,4620,0,0.002973800
postgres,1,insert_texto,-,4621,0,0.003129900
postgres,1,insert_texto,-,4622,0,0.003198400
postgres,1,insert_texto,-,4623,0,0.002812800
postgres,1,insert_texto,-,4624,0,0.002854900
postgres,1,insert_texto,-,4625,0,0.002969500
postgres,1,insert_texto,-,4626,0,0.003320500
postgres,1,insert_texto,-,4627,0,0.002419900
postgres,1,insert_texto,-,4628,0,0.003279400
postgres,1,insert_texto,-,4629,0,0.002737200
postgres,1,insert_texto,-,4630,0,0.002690900
postgres,1,insert_texto,-,4631,0,0.002622000
postgres,1,insert_texto,-,4632,0,0.002801400
postgres,1,insert_texto,-,4633,0,0.002382300
postgres,1,insert_texto,-,4634,0,0.002916300
postgres,1,insert_texto,-,4635,0,0.002666200
postgres,1,insert_texto,-,4636,0,0.002640600
postgres,1,insert_texto,-,4637,0,0.002762900
postgres,1,insert_texto,-,4638,0,0.003124400
postgres,1,insert_texto,-,4639,0,0.002825500
postgres,1,insert_texto,-,4640,0,0.002748000
postgres,1,insert_texto,-,4641,0,0.002570600
postgres,1,insert_texto,-,4642,0,0.002730500
postgres,1,insert_texto,-,4643,0,0.002829000
postgres,1,insert_texto,-,4644,0,0.002576100
postgres,1,insert_texto,-,4645,0,0.002470400
postgres,1,insert_texto,-,4646,0,0.002497700
postgres,1,insert_texto,-,4647,0,0.002492600
postgres,1,insert_texto,-,4648,0,0.002875300
postgres,1,insert_texto,-,4649,0,0.002591700
postgres,1,insert_texto,-,4650,0,0.002983000
postgres,1,insert_texto,-,4651,0,0.002627100
postgres,1,insert_texto,-,4652,0,0.002887000
postgres,1,insert_texto,-,4653,0,0.002776300
postgres,1,insert_texto,-,4654,0,0.002598300
postgres,1,insert_texto,-,4655,0,0.002862200
postgres,1,insert_texto,-,4656,0,0.002612500
postgres,1,insert_texto,-,4657,0,0.002683600
postgres,1,insert_texto,-,4658,0,0.002674100
postgres,1,insert_texto,-,4659,0,0.002422000
postgres,1,insert_texto,-,4660,0,0.002733300
postgres,1,insert_texto,-,4661,0,0.003352100
postgres,1,insert_texto,-,4662,0,0.002898200
postgres,1,insert_texto,-,4663,0,0.002977000
postgres,1,insert_texto,-,4664,0,0.002837600
postgres,1,insert_texto,-,4665,0,0.003033500
postgres,1,insert_texto,-,4666,0,0.003009000
postgres,1,insert_texto,-,4667,0,0.002667600
postgres,1,insert_texto,-,4668,0,0.002567000
postgres,1,insert_texto,-,4669,0,0.002512900
postgres,1,insert_texto,-,4670,0,0.002566100
postgres,1,insert_texto,-,4671,0,0.002978300
postgres,1,insert_texto,-,4672,0,0.002801800
postgres,1,insert_texto,-,4673,0,0.002716600
postgres,1,insert_texto,-,4674,0,0.002523400
postgres,1,insert_texto,-,4675,0,0.002325300
postgres,1,insert_texto,-,4676,0,0.002392200
postgres,1,insert_texto,-,4677,0,0.002283500
postgres,1,insert_texto,-,4678,0,0.002356300
postgres,1,insert_texto,-,4679,0,0.002414500
postgres,1,insert_texto,-,4680,0,0.002482700
postgres,1,insert_texto,-,4681,0,0.002668000
postgres,1,insert_texto,-,4682,0,0.002530100
postgres,1,insert_texto,-,4683,0,0.002498200
postgres,1,insert_texto,-,4684,0,0.002544700
postgres,1,insert_texto,-,4685,0,0.002405800
postgres,1,insert_texto,-,4686,0,0.002416800
postgres,1,insert_texto,-,4687,0,0.002512300
postgres,1,insert_texto,-,4688,0,0.002215900
postgres,1,insert_texto,-,4689,0,0.002338600
postgres,1,insert_texto,-,4690,0,0.002821800
postgres,1,insert_texto,-,4691,0,0.002698400
postgres,1,insert_texto,-,4692,0,0.002915800
postgres,1,insert_texto,-,4693,0,0.002597100
postgres,1,insert_texto,-,4694,0,0.002537100
postgres,1,insert_texto,-,4695,0,0.002504700
postgres,1,insert_texto,-,4696,0,0.002707400
postgres,1,insert_texto,-,4697,0,0.002754400
postgres,1,insert_texto,-,4698,0,0.002633800
postgres,1,insert_texto,-,4699,0,0.002735400
postgres,1,insert_texto,-,4700,0,0.002617900
postgres,1,insert_texto,-,4701,0,0.002629900
postgres,1,insert_texto,-,4702,0,0.002535900
postgres,1,insert_texto,-,4703,0,0.002515800
postgres,1,insert_texto,-,4704,0,0.002507600
postgres,1,insert_texto,-,4705,0,0.002306100
postgres,1,insert_texto,-,4706,0,0.002680400
postgres,1,insert_texto,-,4707,0,0.002500800
postgres,1,insert_texto,-,4708,0,0.002392800
postgres,1,insert_texto,-,4709,0,0.002809700
postgres,1,insert_texto,-,4710,0,0.002586700
postgres,1,insert_texto,-,4711,0,0.002755400
postgres,1,insert_texto,-,4712,0,0.002557000
postgres,1,insert_texto,-,4713,0,0.002484100
postgres,1,insert_texto,-,4714,0,0.002910500
postgres,1,insert_texto,-,4715,0,0.003277300
postgres,1,insert_texto,-,4716,0,0.002732100
postgres,1,insert_texto,-,4717,0,0.003179300
postgres,1,insert_texto,-,4718,0,0.002597300
postgres,1,insert_texto,-,4719,0,0.003036000
postgres,1,insert_texto,-,4720,0,0.003137500
postgres,1,insert_texto,-,4721,0,0.002886800
postgres,1,insert_texto,-,4722,0,0.002742200
postgres,1,insert_texto,-,4723,0,0.002603500
postgres,1,insert_texto,-,4724,0,0.002526900
postgres,1,insert_texto,-,4725,0,0.002588500
postgres,1,insert_texto,-,4726,0,0.002519000
postgres,1,insert_texto,-,4727,0,0.002793400
postgres,1,insert_texto,-,4728,0,0.002396700
postgres,1,insert_texto,-,4729,0,0.002449700
postgres,1,insert_texto,-,4730,0,0.002451200
postgres,1,insert_texto,-,4731,0,0.002270800
postgres,1,insert_texto,-,4732,0,0.002338500
postgres,1,insert_texto,-,4733,0,0.002516000
postgres,1,insert_texto,-,4734,0,0.002329700
postgres,1,insert_texto,-,4735,0,0.002450200
postgres,1,insert_texto,-,4736,0,0.002350000
postgres,1,insert_texto,-,4737,0,0.002546000
postgres,1,insert_texto,-,4738,0,0.002402500
postgres,1,insert_texto,-,4739,0,0.002256000
postgres,1,insert_texto,-,4740,0,0.002202300
postgres,1,insert_texto,-,4741,0,0.002345300
postgres,1,insert_texto,-,4742,0,0.002147000
postgres,1,insert_texto,-,4743,0,0.002444500
postgres,1,insert_texto,-,4744,0,0.002380800
postgres,1,insert_texto,-,4745,0,0.002398700
postgres,1,insert_texto,-,4746,0,0.002270300
postgres,1,insert_texto,-,4747,0,0.002229100
postgres,1,insert_texto,-,4748,0,0.002527600
postgres,1,insert_texto,-,4749,0,0.002412300
postgres,1,insert_texto,-,4750,0,0.002398200
postgres,1,insert_texto,-,4751,0,0.002189300
postgres,1,insert_texto,-,4752,0,0.002203900
postgres,1,insert_texto,-,4753,0,0.002796400
postgres,1,insert_texto,-,4754,0,0.002413800
postgres,1,insert_texto,-,4755,0,0.002810300
postgres,1,insert_texto,-,4756,0,0.002456800
postgres,1,insert_texto,-,4757,0,0.002419700
postgres,1,insert_texto,-,4758,0,0.002378700
postgres,1,insert_texto,-,4759,0,0.002280300
postgres,1,insert_texto,-,4760,0,0.002384600
postgres,1,insert_texto,-,4761,0,0.002251100
postgres,1,insert_texto,-,4762,0,0.002169100
postgres,1,insert_texto,-,4763,0,0.002301700
postgres,1,insert_texto,-,4764,0,0.002321500
postgres,1,insert_texto,-,4765,0,0.002365000
postgres,1,insert_texto,-,4766,0,0.002549800
postgres,1,insert_texto,-,4767,0,0.002184200
postgres,1,insert_texto,-,4768,0,0.002291000
postgres,1,insert_texto,-,4769,0,0.002437800
postgres,1,insert_texto,-,4770,0,0.002420200
postgres,1,insert_texto,-,4771,0,0.002227600
postgres,1,insert_texto,-,4772,0,0.002127000
postgres,1,insert_texto,-,4773,0,0.002767300
postgres,1,insert_texto,-,4774,0,0.002448400
postgres,1,insert_texto,-,4775,0,0.002272500
postgres,1,insert_texto,-,4776,0,0.002405400
postgres,1,insert_texto,-,4777,0,0.002448000
postgres,1,insert_texto,-,4778,0,0.002383100
postgres,1,insert_texto,-,4779,0,0.002400100
postgres,1,insert_texto,-,4780,0,0.002446900
postgres,1,insert_texto,-,4781,0,0.002503300
postgres,1,insert_texto,-,4782,0,0.002175700
postgres,1,insert_texto,-,4783,0,0.002223900
postgres,1,insert_texto,-,4784,0,0.002508200
postgres,1,insert_texto,-,4785,0,0.002359400
postgres,1,insert_texto,-,4786,0,0.002603000
postgres,1,insert_texto,-,4787,0,0.002324000
postgres,1,insert_texto,-,4788,0,0.002334800
postgres,1,insert_texto,-,4789,0,0.002542300
postgres,1,insert_texto,-,4790,0,0.002357100
postgres,1,insert_texto,-,4791,0,0.002357500
postgres,1,insert_texto,-,4792,0,0.002249200
postgres,1,insert_texto,-,4793,0,0.002621400
postgres,1,insert_texto,-,4794,0,0.002378000
postgres,1,insert_texto,-,4795,0,0.002512700
postgres,1,insert_texto,-,4796,0,0.002286200
postgres,1,insert_texto,-,4797,0,0.002285000
postgres,1,insert_texto,-,4798,0,0.002218600
postgres,1,insert_texto,-,4799,0,0.002571600
postgres,1,insert_texto,-,4800,0,0.002228900
postgres,1,insert_texto,-,4801,0,0.002277800
postgres,1,insert_texto,-,4802,0,0.002324300
postgres,1,insert_texto,-,4803,0,0.002328500
postgres,1,insert_texto,-,4804,0,0.002321200
postgres,1,insert_texto,-,4805,0,0.002244700
postgres,1,insert_texto,-,4806,0,0.002624600
postgres,1,insert_texto,-,4807,0,0.002258000
postgres,1,insert_texto,-,4808,0,0.002538100
postgres,1,insert_texto,-,4809,0,0.002674700
postgres,1,insert_texto,-,4810,0,0.002588800
postgres,1,insert_texto,-,4811,0,0.002621500
postgres,1,insert_texto,-,4812,0,0.002832900
postgres,1,insert_texto,-,4813,0,0.002621000
postgres,1,insert_texto,-,4814,0,0.002544500
postgres,1,insert_texto,-,4815,0,0.002751000
postgres,1,insert_texto,-,4816,0,0.002691300
postgres,1,insert_texto,-,4817,0,0.002796900
postgres,1,insert_texto,-,4818,0,0.002679400
postgres,1,insert_texto,-,4819,0,0.002446700
postgres,1,insert_texto,-,4820,0,0.002141900
postgres,1,insert_texto,-,4821,0,0.002170600
postgres,1,insert_texto,-,4822,0,0.002313900
postgres,1,insert_texto,-,4823,0,0.002246000
postgres,1,insert_texto,-,4824,0,0.002282200
postgres,1,insert_texto,-,4825,0,0.002267400
postgres,1,insert_texto,-,4826,0,0.002203000
postgres,1,insert_texto,-,4827,0,0.003600700
postgres,1,insert_texto,-,4828,0,0.003759500
postgres,1,insert_texto,-,4829,0,0.003609200
postgres,1,insert_texto,-,4830,0,0.003577300
postgres,1,insert_texto,-,4831,0,0.003301400
postgres,1,insert_texto,-,4832,0,0.003220000
postgres,1,insert_texto,-,4833,0,0.003098600
postgres,1,insert_texto,-,4834,0,0.003410700
postgres,1,insert_texto,-,4835,0,0.002735900
postgres,1,insert_texto,-,4836,0,0.002606400
postgres,1,insert_texto,-,4837,0,0.002811700
postgres,1,insert_texto,-,4838,0,0.003264200
postgres,1,insert_texto,-,4839,0,0.003008000
postgres,1,insert_texto,-,4840,0,0.003326200
postgres,1,insert_texto,-,4841,0,0.003293800
postgres,1,insert_texto,-,4842,0,0.003057600
postgres,1,insert_texto,-,4843,0,0.003448900
postgres,1,insert_texto,-,4844,0,0.003206200
postgres,1,insert_texto,-,4845,0,0.003657600
postgres,1,insert_texto,-,4846,0,0.003413200
postgres,1,insert_texto,-,4847,0,0.003090200
postgres,1,insert_texto,-,4848,0,0.003173500
postgres,1,insert_texto,-,4849,0,0.002767500
postgres,1,insert_texto,-,4850,0,0.002991200
postgres,1,insert_texto,-,4851,0,0.002732200
postgres,1,insert_texto,-,4852,0,0.003039500
postgres,1,insert_texto,-,4853,0,0.003084100
postgres,1,insert_texto,-,4854,0,0.002777700
postgres,1,insert_texto,-,4855,0,0.002659900
postgres,1,insert_texto,-,4856,0,0.002954600
postgres,1,insert_texto,-,4857,0,0.003016600
postgres,1,insert_texto,-,4858,0,0.002971300
postgres,1,insert_texto,-,4859,0,0.003664900
postgres,1,insert_texto,-,4860,0,0.002986100
postgres,1,insert_texto,-,4861,0,0.003027800
postgres,1,insert_texto,-,4862,0,0.002682600
postgres,1,insert_texto,-,4863,0,0.002961500
postgres,1,insert_texto,-,4864,0,0.002898000
postgres,1,insert_texto,-,4865,0,0.002758400
postgres,1,insert_texto,-,4866,0,0.002693700
postgres,1,insert_texto,-,4867,0,0.002881200
postgres,1,insert_texto,-,4868,0,0.002870400
postgres,1,insert_texto,-,4869,0,0.002824800
postgres,1,insert_texto,-,4870,0,0.002692800
postgres,1,insert_texto,-,4871,0,0.002923800
postgres,1,insert_texto,-,4872,0,0.002773300
postgres,1,insert_texto,-,4873,0,0.002977100
postgres,1,insert_texto,-,4874,0,0.002794400
postgres,1,insert_texto,-,4875,0,0.002994400
postgres,1,insert_texto,-,4876,0,0.002767900
postgres,1,insert_texto,-,4877,0,0.002677300
postgres,1,insert_texto,-,4878,0,0.002860600
postgres,1,insert_texto,-,4879,0,0.002725800
postgres,1,insert_texto,-,4880,0,0.002981400
postgres,1,insert_texto,-,4881,0,0.002796300
postgres,1,insert_texto,-,4882,0,0.002847000
postgres,1,insert_texto,-,4883,0,0.002655900
postgres,1,insert_texto,-,4884,0,0.002727600
postgres,1,insert_texto,-,4885,0,0.002664500
postgres,1,insert_texto,-,4886,0,0.002972200
postgres,1,insert_texto,-,4887,0,0.002646800
postgres,1,insert_texto,-,4888,0,0.002693800
postgres,1,insert_texto,-,4889,0,0.002658400
postgres,1,insert_texto,-,4890,0,0.002551300
postgres,1,insert_texto,-,4891,0,0.002835900
postgres,1,insert_texto,-,4892,0,0.002884000
postgres,1,insert_texto,-,4893,0,0.002874900
postgres,1,insert_texto,-,4894,0,0.002836300
postgres,1,insert_texto,-,4895,0,0.002759500
postgres,1,insert_texto,-,4896,0,0.002830200
postgres,1,insert_texto,-,4897,0,0.002969600
postgres,1,insert_texto,-,4898,0,0.002800100
postgres,1,insert_texto,-,4899,0,0.002671600
postgres,1,insert_texto,-,4900,0,0.002595700
postgres,1,insert_texto,-,4901,0,0.003115800
postgres,1,insert_texto,-,4902,0,0.003535300
postgres,1,insert_texto,-,4903,0,0.004317300
postgres,1,insert_texto,-,4904,0,0.003761700
postgres,1,insert_texto,-,4905,0,0.003032800
postgres,1,insert_texto,-,4906,0,0.003313500
postgres,1,insert_texto,-,4907,0,0.002859600
postgres,1,insert_texto,-,4908,0,0.002902100
postgres,1,insert_texto,-,4909,0,0.002809900
postgres,1,insert_texto,-,4910,0,0.002777600
postgres,1,insert_texto,-,4911,0,0.002717700
postgres,1,insert_texto,-,4912,0,0.002840900
postgres,1,insert_texto,-,4913,0,0.002736300
postgres,1,insert_texto,-,4914,0,0.002715800
postgres,1,insert_texto,-,4915,0,0.002930200
postgres,1,insert_texto,-,4916,0,0.002956600
postgres,1,insert_texto,-,4917,0,0.002791900
postgres,1,insert_texto,-,4918,0,0.002988100
postgres,1,insert_texto,-,4919,0,0.003019400
postgres,1,insert_texto,-,4920,0,0.002805900
postgres,1,insert_texto,-,4921,0,0.002765500
postgres,1,insert_texto,-,4922,0,0.002815600
postgres,1,insert_texto,-,4923,0,0.002688500
postgres,1,insert_texto,-,4924,0,0.002935800
postgres,1,insert_texto,-,4925,0,0.002713800
postgres,1,insert_texto,-,4926,0,0.002718200
postgres,1,insert_texto,-,4927,0,0.002651400
postgres,1,insert_texto,-,4928,0,0.002624600
postgres,1,insert_texto,-,4929,0,0.002703600
postgres,1,insert_texto,-,4930,0,0.002838400
postgres,1,insert_texto,-,4931,0,0.002744000
postgres,1,insert_texto,-,4932,0,0.002828300
postgres,1,insert_texto,-,4933,0,0.002700700
postgres,1,insert_texto,-,4934,0,0.002629300
postgres,1,insert_texto,-,4935,0,0.002812700
postgres,1,insert_texto,-,4936,0,0.002721800
postgres,1,insert_texto,-,4937,0,0.002767100
postgres,1,insert_texto,-,4938,0,0.002826100
postgres,1,insert_texto,-,4939,0,0.002797600
postgres,1,insert_texto,-,4940,0,0.002591200
postgres,1,insert_texto,-,4941,0,0.003185700
postgres,1,insert_texto,-,4942,0,0.002971700
postgres,1,insert_texto,-,4943,0,0.002853300
postgres,1,insert_texto,-,4944,0,0.002903200
postgres,1,insert_texto,-,4945,0,0.002747300
postgres,1,insert_texto,-,4946,0,0.002784600
postgres,1,insert_texto,-,4947,0,0.002715200
postgres,1,insert_texto,-,4948,0,0.002703500
postgres,1,insert_texto,-,4949,0,0.002859000
postgres,1,insert_texto,-,4950,0,0.002869700
postgres,1,insert_texto,-,4951,0,0.002770200
postgres,1,insert_texto,-,4952,0,0.002768300
postgres,1,insert_texto,-,4953,0,0.002721400
postgres,1,insert_texto,-,4954,0,0.002697300
postgres,1,insert_texto,-,4955,0,0.002831500
postgres,1,insert_texto,-,4956,0,0.002867700
postgres,1,insert_texto,-,4957,0,0.002604200
postgres,1,insert_texto,-,4958,0,0.002893500
postgres,1,insert_texto,-,4959,0,0.002802300
postgres,1,insert_texto,-,4960,0,0.002656800
postgres,1,insert_texto,-,4961,0,0.002547700
postgres,1,insert_texto,-,4962,0,0.002650300
postgres,1,insert_texto,-,4963,0,0.002627300
postgres,1,insert_texto,-,4964,0,0.002820400
postgres,1,insert_texto,-,4965,0,0.002778700
postgres,1,insert_texto,-,4966,0,0.002761000
postgres,1,insert_texto,-,4967,0,0.002606600
postgres,1,insert_texto,-,4968,0,0.002767300
postgres,1,insert_texto,-,4969,0,0.002641500
postgres,1,insert_texto,-,4970,0,0.002737100
postgres,1,insert_texto,-,4971,0,0.002731000
postgres,1,insert_texto,-,4972,0,0.002530600
postgres,1,insert_texto,-,4973,0,0.002601000
postgres,1,insert_texto,-,4974,0,0.002706800
postgres,1,insert_texto,-,4975,0,0.002579100
postgres,1,insert_texto,-,4976,0,0.002750300
postgres,1,insert_texto,-,4977,0,0.002714200
postgres,1,insert_texto,-,4978,0,0.002577700
postgres,1,insert_texto,-,4979,0,0.002607000
postgres,1,insert_texto,-,4980,0,0.002597200
postgres,1,insert_texto,-,4981,0,0.002639700
postgres,1,insert_texto,-,4982,0,0.002658900
postgres,1,insert_texto,-,4983,0,0.002779700
postgres,1,insert_texto,-,4984,0,0.002586300
postgres,1,insert_texto,-,4985,0,0.002602900
postgres,1,insert_texto,-,4986,0,0.002671500
postgres,1,insert_texto,-,4987,0,0.002633300
postgres,1,insert_texto,-,4988,0,0.002937700
postgres,1,insert_texto,-,4989,0,0.002643600
postgres,1,insert_texto,-,4990,0,0.002609700
postgres,1,insert_texto,-,4991,0,0.002616400
postgres,1,insert_texto,-,4992,0,0.002776300
postgres,1,insert_texto,-,4993,0,0.002685800
postgres,1,insert_texto,-,4994,0,0.003025500
postgres,1,insert_texto,-,4995,0,0.003322700
postgres,1,insert_texto,-,4996,0,0.002967500
postgres,1,insert_texto,-,4997,0,0.002895000
postgres,1,insert_texto,-,4998,0,0.003127200
postgres,1,insert_texto,-,4999,0,0.003124100
postgres,1,insert_texto,-,5000,0,0.003025300
postgres,1,insert_texto,-,5001,0,0.002992500
postgres,1,insert_texto,-,5002,0,0.002647000
postgres,1,insert_texto,-,5003,0,0.002578600
postgres,1,insert_texto,-,5004,0,0.002770500
postgres,1,insert_texto,-,5005,0,0.002675200
postgres,1,insert_texto,-,5006,0,0.002616500
postgres,1,insert_texto,-,5007,0,0.002578100
postgres,1,insert_texto,-,5008,0,0.002639800
postgres,1,insert_texto,-,5009,0,0.002895200
postgres,1,insert_texto,-,5010,0,0.002990900
postgres,1,insert_texto,-,5011,0,0.002811000
postgres,1,insert_texto,-,5012,0,0.003237200
postgres,1,insert_texto,-,5013,0,0.002908200
postgres,1,insert_texto,-,5014,0,0.002953800
postgres,1,insert_texto,-,5015,0,0.002838500
postgres,1,insert_texto,-,5016,0,0.002894800
postgres,1,insert_texto,-,5017,0,0.002771400
postgres,1,insert_texto,-,5018,0,0.002872300
postgres,1,insert_texto,-,5019,0,0.002617600
postgres,1,insert_texto,-,5020,0,0.002802100
postgres,1,insert_texto,-,5021,0,0.002671000
postgres,1,insert_texto,-,5022,0,0.002719600
postgres,1,insert_texto,-,5023,0,0.002726800
postgres,1,insert_texto,-,5024,0,0.003170200
postgres,1,insert_texto,-,5025,0,0.002715500
postgres,1,insert_texto,-,5026,0,0.002811000
postgres,1,insert_texto,-,5027,0,0.002683900
postgres,1,insert_texto,-,5028,0,0.002732300
postgres,1,insert_texto,-,5029,0,0.002768500
postgres,1,insert_texto,-,5030,0,0.002779400
postgres,1,insert_texto,-,5031,0,0.003023300
postgres,1,insert_texto,-,5032,0,0.002814700
postgres,1,insert_texto,-,5033,0,0.002789100
postgres,1,insert_texto,-,5034,0,0.002736700
postgres,1,insert_texto,-,5035,0,0.003053200
postgres,1,insert_texto,-,5036,0,0.002920800
postgres,1,insert_texto,-,5037,0,0.002730600
postgres,1,insert_texto,-,5038,0,0.002598500
postgres,1,insert_texto,-,5039,0,0.002614700
postgres,1,insert_texto,-,5040,0,0.002759000
postgres,1,insert_texto,-,5041,0,0.002658400
postgres,1,insert_texto,-,5042,0,0.002633100
postgres,1,insert_texto,-,5043,0,0.002643600
postgres,1,insert_texto,-,5044,0,0.002823600
postgres,1,insert_texto,-,5045,0,0.002604500
postgres,1,insert_texto,-,5046,0,0.002550100
postgres,1,insert_texto,-,5047,0,0.002776100
postgres,1,insert_texto,-,5048,0,0.002689400
postgres,1,insert_texto,-,5049,0,0.002759800
postgres,1,insert_texto,-,5050,0,0.002780400
postgres,1,insert_texto,-,5051,0,0.002611600
postgres,1,insert_texto,-,5052,0,0.002831700
postgres,1,insert_texto,-,5053,0,0.002669200
postgres,1,insert_texto,-,5054,0,0.002686800
postgres,1,insert_texto,-,5055,0,0.002651200
postgres,1,insert_texto,-,5056,0,0.002705800
postgres,1,insert_texto,-,5057,0,0.002707500
postgres,1,insert_texto,-,5058,0,0.002801200
postgres,1,insert_texto,-,5059,0,0.002632000
postgres,1,insert_texto,-,5060,0,0.002608600
postgres,1,insert_texto,-,5061,0,0.002776200
postgres,1,insert_texto,-,5062,0,0.002662400
postgres,1,insert_texto,-,5063,0,0.002817100
postgres,1,insert_texto,-,5064,0,0.002722800
postgres,1,insert_texto,-,5065,0,0.002644000
postgres,1,insert_texto,-,5066,0,0.002948100
postgres,1,insert_texto,-,5067,0,0.002677400
postgres,1,insert_texto,-,5068,0,0.002589000
postgres,1,insert_texto,-,5069,0,0.002845800
postgres,1,insert_texto,-,5070,0,0.002810000
postgres,1,insert_texto,-,5071,0,0.002786000
postgres,1,insert_texto,-,5072,0,0.002737900
postgres,1,insert_texto,-,5073,0,0.002617800
postgres,1,insert_texto,-,5074,0,0.002655000
postgres,1,insert_texto,-,5075,0,0.002742600
postgres,1,insert_texto,-,5076,0,0.002904700
postgres,1,insert_texto,-,5077,0,0.003141900
postgres,1,insert_texto,-,5078,0,0.002959800
postgres,1,insert_texto,-,5079,0,0.002993100
postgres,1,insert_texto,-,5080,0,0.003217900
postgres,1,insert_texto,-,5081,0,0.003160500
postgres,1,insert_texto,-,5082,0,0.002797400
postgres,1,insert_texto,-,5083,0,0.002788700
postgres,1,insert_texto,-,5084,0,0.002762600
postgres,1,insert_texto,-,5085,0,0.002808100
postgres,1,insert_texto,-,5086,0,0.003195300
postgres,1,insert_texto,-,5087,0,0.003206200
postgres,1,insert_texto,-,5088,0,0.003166700
postgres,1,insert_texto,-,5089,0,0.003319100
postgres,1,insert_texto,-,5090,0,0.003241600
postgres,1,insert_texto,-,5091,0,0.003203000
postgres,1,insert_texto,-,5092,0,0.003444000
postgres,1,insert_texto,-,5093,0,0.003355100
postgres,1,insert_texto,-,5094,0,0.002674900
postgres,1,insert_texto,-,5095,0,0.002716100
postgres,1,insert_texto,-,5096,0,0.003065900
postgres,1,insert_texto,-,5097,0,0.002944200
postgres,1,insert_texto,-,5098,0,0.002836900
postgres,1,insert_texto,-,5099,0,0.002788600
postgres,1,insert_texto,-,5100,0,0.003164600
postgres,1,insert_texto,-,5101,0,0.003200200
postgres,1,insert_texto,-,5102,0,0.003060500
postgres,1,insert_texto,-,5103,0,0.002957200
postgres,1,insert_texto,-,5104,0,0.002824900
postgres,1,insert_texto,-,5105,0,0.003288800
postgres,1,insert_texto,-,5106,0,0.002941000
postgres,1,insert_texto,-,5107,0,0.003319100
postgres,1,insert_texto,-,5108,0,0.002786200
postgres,1,insert_texto,-,5109,0,0.003016000
postgres,1,insert_texto,-,5110,0,0.002969700
postgres,1,insert_texto,-,5111,0,0.002775900
postgres,1,insert_texto,-,5112,0,0.003081900
postgres,1,insert_texto,-,5113,0,0.002955700
postgres,1,insert_texto,-,5114,0,0.003003800
postgres,1,insert_texto,-,5115,0,0.002871900
postgres,1,insert_texto,-,5116,0,0.002836500
postgres,1,insert_texto,-,5117,0,0.002842300
postgres,1,insert_texto,-,5118,0,0.002981600
postgres,1,insert_texto,-,5119,0,0.003014300
postgres,1,insert_texto,-,5120,0,0.003217500
postgres,1,insert_texto,-,5121,0,0.002786000
postgres,1,insert_texto,-,5122,0,0.003129900
postgres,1,insert_texto,-,5123,0,0.005281000
postgres,1,insert_texto,-,5124,0,0.004658400
postgres,1,insert_texto,-,5125,0,0.004180300
postgres,1,insert_texto,-,5126,0,0.004797600
postgres,1,insert_texto,-,5127,0,0.004677200
postgres,1,insert_texto,-,5128,0,0.004681000
postgres,1,insert_texto,-,5129,0,0.004161300
postgres,1,insert_texto,-,5130,0,0.005214400
postgres,1,insert_texto,-,5131,0,0.004597100
postgres,1,insert_texto,-,5132,0,0.004069500
postgres,1,insert_texto,-,5133,0,0.004126500
postgres,1,insert_texto,-,5134,0,0.003089300
postgres,1,insert_texto,-,5135,0,0.003664000
postgres,1,insert_texto,-,5136,0,0.003676400
postgres,1,insert_texto,-,5137,0,0.004993900
postgres,1,insert_texto,-,5138,0,0.003618100
postgres,1,insert_texto,-,5139,0,0.003420100
postgres,1,insert_texto,-,5140,0,0.002711500
postgres,1,insert_texto,-,5141,0,0.002700300
postgres,1,insert_texto,-,5142,0,0.002862500
postgres,1,insert_texto,-,5143,0,0.002749500
postgres,1,insert_texto,-,5144,0,0.002623800
postgres,1,insert_texto,-,5145,0,0.002833800
postgres,1,insert_texto,-,5146,0,0.002762100
postgres,1,insert_texto,-,5147,0,0.002815800
postgres,1,insert_texto,-,5148,0,0.002755700
postgres,1,insert_texto,-,5149,0,0.002870900
postgres,1,insert_texto,-,5150,0,0.002644900
postgres,1,insert_texto,-,5151,0,0.002745800
postgres,1,insert_texto,-,5152,0,0.002710500
postgres,1,insert_texto,-,5153,0,0.002816700
postgres,1,insert_texto,-,5154,0,0.002700600
postgres,1,insert_texto,-,5155,0,0.002617100
postgres,1,insert_texto,-,5156,0,0.002798200
postgres,1,insert_texto,-,5157,0,0.002741500
postgres,1,insert_texto,-,5158,0,0.002803700
postgres,1,insert_texto,-,5159,0,0.002917800
postgres,1,insert_texto,-,5160,0,0.002737100
postgres,1,insert_texto,-,5161,0,0.002758000
postgres,1,insert_texto,-,5162,0,0.002781800
postgres,1,insert_texto,-,5163,0,0.003182800
postgres,1,insert_texto,-,5164,0,0.002809800
postgres,1,insert_texto,-,5165,0,0.002908800
postgres,1,insert_texto,-,5166,0,0.002991700
postgres,1,insert_texto,-,5167,0,0.002944600
postgres,1,insert_texto,-,5168,0,0.002917600
postgres,1,insert_texto,-,5169,0,0.002968800
postgres,1,insert_texto,-,5170,0,0.003204500
postgres,1,insert_texto,-,5171,0,0.003093600
postgres,1,insert_texto,-,5172,0,0.002981700
postgres,1,insert_texto,-,5173,0,0.002818900
postgres,1,insert_texto,-,5174,0,0.002925500
postgres,1,insert_texto,-,5175,0,0.002783100
postgres,1,insert_texto,-,5176,0,0.002775700
postgres,1,insert_texto,-,5177,0,0.002917400
postgres,1,insert_texto,-,5178,0,0.002902700
postgres,1,insert_texto,-,5179,0,0.003069700
postgres,1,insert_texto,-,5180,0,0.003066800
postgres,1,insert_texto,-,5181,0,0.003695500
postgres,1,insert_texto,-,5182,0,0.003349800
postgres,1,insert_texto,-,5183,0,0.003404200
postgres,1,insert_texto,-,5184,0,0.003152200
postgres,1,insert_texto,-,5185,0,0.003914500
postgres,1,insert_texto,-,5186,0,0.003341600
postgres,1,insert_texto,-,5187,0,0.003361300
postgres,1,insert_texto,-,5188,0,0.003339500
postgres,1,insert_texto,-,5189,0,0.003043600
postgres,1,insert_texto,-,5190,0,0.003220700
postgres,1,insert_texto,-,5191,0,0.003081400
postgres,1,insert_texto,-,5192,0,0.002855400
postgres,1,insert_texto,-,5193,0,0.003237900
postgres,1,insert_texto,-,5194,0,0.002924500
postgres,1,insert_texto,-,5195,0,0.002915700
postgres,1,insert_texto,-,5196,0,0.002722700
postgres,1,insert_texto,-,5197,0,0.002729000
postgres,1,insert_texto,-,5198,0,0.002764600
postgres,1,insert_texto,-,5199,0,0.003171400
postgres,1,insert_texto,-,5200,0,0.002825000
postgres,1,insert_texto,-,5201,0,0.002857300
postgres,1,insert_texto,-,5202,0,0.002851000
postgres,1,insert_texto,-,5203,0,0.002844600
postgres,1,insert_texto,-,5204,0,0.002853100
postgres,1,insert_texto,-,5205,0,0.002913900
postgres,1,insert_texto,-,5206,0,0.003080800
postgres,1,insert_texto,-,5207,0,0.002795200
postgres,1,insert_texto,-,5208,0,0.003039100
postgres,1,insert_texto,-,5209,0,0.003047700
postgres,1,insert_texto,-,5210,0,0.003011900
postgres,1,insert_texto,-,5211,0,0.002799700
postgres,1,insert_texto,-,5212,0,0.003082000
postgres,1,insert_texto,-,5213,0,0.003011800
postgres,1,insert_texto,-,5214,0,0.003034600
postgres,1,insert_texto,-,5215,0,0.002942900
postgres,1,insert_texto,-,5216,0,0.003027000
postgres,1,insert_texto,-,5217,0,0.003155700
postgres,1,insert_texto,-,5218,0,0.003018400
postgres,1,insert_texto,-,5219,0,0.003123300
postgres,1,insert_texto,-,5220,0,0.003122500
postgres,1,insert_texto,-,5221,0,0.002925000
postgres,1,insert_texto,-,5222,0,0.002870100
postgres,1,insert_texto,-,5223,0,0.002788600
postgres,1,insert_texto,-,5224,0,0.003288600
postgres,1,insert_texto,-,5225,0,0.003154700
postgres,1,insert_texto,-,5226,0,0.002909200
postgres,1,insert_texto,-,5227,0,0.002813500
postgres,1,insert_texto,-,5228,0,0.003051900
postgres,1,insert_texto,-,5229,0,0.002822400
postgres,1,insert_texto,-,5230,0,0.002829200
postgres,1,insert_texto,-,5231,0,0.002839100
postgres,1,insert_texto,-,5232,0,0.002867600
postgres,1,insert_texto,-,5233,0,0.002830700
postgres,1,insert_texto,-,5234,0,0.002789500
postgres,1,insert_texto,-,5235,0,0.002884000
postgres,1,insert_texto,-,5236,0,0.002941800
postgres,1,insert_texto,-,5237,0,0.002784400
postgres,1,insert_texto,-,5238,0,0.002852200
postgres,1,insert_texto,-,5239,0,0.002965100
postgres,1,insert_texto,-,5240,0,0.003076200
postgres,1,insert_texto,-,5241,0,0.002874500
postgres,1,insert_texto,-,5242,0,0.002850300
postgres,1,insert_texto,-,5243,0,0.002936800
postgres,1,insert_texto,-,5244,0,0.003309400
postgres,1,insert_texto,-,5245,0,0.003122300
postgres,1,insert_texto,-,5246,0,0.002808800
postgres,1,insert_texto,-,5247,0,0.003666600
postgres,1,insert_texto,-,5248,0,0.002956900
postgres,1,insert_texto,-,5249,0,0.002930300
postgres,1,insert_texto,-,5250,0,0.003028500
postgres,1,insert_texto,-,5251,0,0.002837400
postgres,1,insert_texto,-,5252,0,0.002880700
postgres,1,insert_texto,-,5253,0,0.003060400
postgres,1,insert_texto,-,5254,0,0.002856600
postgres,1,insert_texto,-,5255,0,0.003093500
postgres,1,insert_texto,-,5256,0,0.002833000
postgres,1,insert_texto,-,5257,0,0.002799900
postgres,1,insert_texto,-,5258,0,0.002851500
postgres,1,insert_texto,-,5259,0,0.002854300
postgres,1,insert_texto,-,5260,0,0.002943700
postgres,1,insert_texto,-,5261,0,0.002794300
postgres,1,insert_texto,-,5262,0,0.002753400
postgres,1,insert_texto,-,5263,0,0.003038200
postgres,1,insert_texto,-,5264,0,0.002728700
postgres,1,insert_texto,-,5265,0,0.002744400
postgres,1,insert_texto,-,5266,0,0.002768400
postgres,1,insert_texto,-,5267,0,0.002790900
postgres,1,insert_texto,-,5268,0,0.002823700
postgres,1,insert_texto,-,5269,0,0.002854800
postgres,1,insert_texto,-,5270,0,0.003164800
postgres,1,insert_texto,-,5271,0,0.002852700
postgres,1,insert_texto,-,5272,0,0.002735800
postgres,1,insert_texto,-,5273,0,0.002755200
postgres,1,insert_texto,-,5274,0,0.002911000
postgres,1,insert_texto,-,5275,0,0.002830000
postgres,1,insert_texto,-,5276,0,0.003127200
postgres,1,insert_texto,-,5277,0,0.003233500
postgres,1,insert_texto,-,5278,0,0.003374300
postgres,1,insert_texto,-,5279,0,0.003411200
postgres,1,insert_texto,-,5280,0,0.003343000
postgres,1,insert_texto,-,5281,0,0.003236100
postgres,1,insert_texto,-,5282,0,0.003438100
postgres,1,insert_texto,-,5283,0,0.003414300
postgres,1,insert_texto,-,5284,0,0.003546100
postgres,1,insert_texto,-,5285,0,0.002895700
postgres,1,insert_texto,-,5286,0,0.002991900
postgres,1,insert_texto,-,5287,0,0.002859000
postgres,1,insert_texto,-,5288,0,0.002858400
postgres,1,insert_texto,-,5289,0,0.002775800
postgres,1,insert_texto,-,5290,0,0.003031500
postgres,1,insert_texto,-,5291,0,0.002990100
postgres,1,insert_texto,-,5292,0,0.002857800
postgres,1,insert_texto,-,5293,0,0.002906500
postgres,1,insert_texto,-,5294,0,0.002905100
postgres,1,insert_texto,-,5295,0,0.003121000
postgres,1,insert_texto,-,5296,0,0.002953000
postgres,1,insert_texto,-,5297,0,0.002850100
postgres,1,insert_texto,-,5298,0,0.002799000
postgres,1,insert_texto,-,5299,0,0.002897600
postgres,1,insert_texto,-,5300,0,0.002768300
postgres,1,insert_texto,-,5301,0,0.002771300
postgres,1,insert_texto,-,5302,0,0.003138400
postgres,1,insert_texto,-,5303,0,0.003212700
postgres,1,insert_texto,-,5304,0,0.003060300
postgres,1,insert_texto,-,5305,0,0.002938200
postgres,1,insert_texto,-,5306,0,0.002835400
postgres,1,insert_texto,-,5307,0,0.002823100
postgres,1,insert_texto,-,5308,0,0.003127100
postgres,1,insert_texto,-,5309,0,0.002840600
postgres,1,insert_texto,-,5310,0,0.002970500
postgres,1,insert_texto,-,5311,0,0.002828200
postgres,1,insert_texto,-,5312,0,0.002796000
postgres,1,insert_texto,-,5313,0,0.002811200
postgres,1,insert_texto,-,5314,0,0.002869200
postgres,1,insert_texto,-,5315,0,0.002842400
postgres,1,insert_texto,-,5316,0,0.002808600
postgres,1,insert_texto,-,5317,0,0.002741200
postgres,1,insert_texto,-,5318,0,0.002839600
postgres,1,insert_texto,-,5319,0,0.002802100
postgres,1,insert_texto,-,5320,0,0.002830600
postgres,1,insert_texto,-,5321,0,0.002797300
postgres,1,insert_texto,-,5322,0,0.002824500
postgres,1,insert_texto,-,5323,0,0.003096000
postgres,1,insert_texto,-,5324,0,0.002945300
postgres,1,insert_texto,-,5325,0,0.002904400
postgres,1,insert_texto,-,5326,0,0.002940900
postgres,1,insert_texto,-,5327,0,0.002904500
postgres,1,insert_texto,-,5328,0,0.003057000
postgres,1,insert_texto,-,5329,0,0.002999800
postgres,1,insert_texto,-,5330,0,0.002844300
postgres,1,insert_texto,-,5331,0,0.002996200
postgres,1,insert_texto,-,5332,0,0.003262400
postgres,1,insert_texto,-,5333,0,0.002923500
postgres,1,insert_texto,-,5334,0,0.003038400
postgres,1,insert_texto,-,5335,0,0.002975500
postgres,1,insert_texto,-,5336,0,0.002950100
postgres,1,insert_texto,-,5337,0,0.002842900
postgres,1,insert_texto,-,5338,0,0.002965900
postgres,1,insert_texto,-,5339,0,0.002859100
postgres,1,insert_texto,-,5340,0,0.002977500
postgres,1,insert_texto,-,5341,0,0.002909100
postgres,1,insert_texto,-,5342,0,0.002896200
postgres,1,insert_texto,-,5343,0,0.004026500
postgres,1,insert_texto,-,5344,0,0.005077700
postgres,1,insert_texto,-,5345,0,0.004463500
postgres,1,insert_texto,-,5346,0,0.004497300
postgres,1,insert_texto,-,5347,0,0.004342600
postgres,1,insert_texto,-,5348,0,0.004559000
postgres,1,insert_texto,-,5349,0,0.004722800
postgres,1,insert_texto,-,5350,0,0.004667000
postgres,1,insert_texto,-,5351,0,0.004753900
postgres,1,insert_texto,-,5352,0,0.004248800
postgres,1,insert_texto,-,5353,0,0.003154200
postgres,1,insert_texto,-,5354,0,0.003216600
postgres,1,insert_texto,-,5355,0,0.004687100
postgres,1,insert_texto,-,5356,0,0.004044100
postgres,1,insert_texto,-,5357,0,0.003605600
postgres,1,insert_texto,-,5358,0,0.003305200
postgres,1,insert_texto,-,5359,0,0.003229000
postgres,1,insert_texto,-,5360,0,0.003255100
postgres,1,insert_texto,-,5361,0,0.003441000
postgres,1,insert_texto,-,5362,0,0.003451700
postgres,1,insert_texto,-,5363,0,0.003275600
postgres,1,insert_texto,-,5364,0,0.002999900
postgres,1,insert_texto,-,5365,0,0.003145900
postgres,1,insert_texto,-,5366,0,0.002895200
postgres,1,insert_texto,-,5367,0,0.002865900
postgres,1,insert_texto,-,5368,0,0.002758900
postgres,1,insert_texto,-,5369,0,0.002798700
postgres,1,insert_texto,-,5370,0,0.002739200
postgres,1,insert_texto,-,5371,0,0.003365700
postgres,1,insert_texto,-,5372,0,0.003187500
postgres,1,insert_texto,-,5373,0,0.003317900
postgres,1,insert_texto,-,5374,0,0.003431900
postgres,1,insert_texto,-,5375,0,0.003416100
postgres,1,insert_texto,-,5376,0,0.003232500
postgres,1,insert_texto,-,5377,0,0.003470100
postgres,1,insert_texto,-,5378,0,0.003171600
postgres,1,insert_texto,-,5379,0,0.003118200
postgres,1,insert_texto,-,5380,0,0.002879500
postgres,1,insert_texto,-,5381,0,0.002944600
postgres,1,insert_texto,-,5382,0,0.002813500
postgres,1,insert_texto,-,5383,0,0.002928900
postgres,1,insert_texto,-,5384,0,0.003011000
postgres,1,insert_texto,-,5385,0,0.002859000
postgres,1,insert_texto,-,5386,0,0.002904300
postgres,1,insert_texto,-,5387,0,0.002828900
postgres,1,insert_texto,-,5388,0,0.003082900
postgres,1,insert_texto,-,5389,0,0.002987000
postgres,1,insert_texto,-,5390,0,0.002694500
postgres,1,insert_texto,-,5391,0,0.002937800
postgres,1,insert_texto,-,5392,0,0.002821100
postgres,1,insert_texto,-,5393,0,0.002792100
postgres,1,insert_texto,-,5394,0,0.002957100
postgres,1,insert_texto,-,5395,0,0.002750000
postgres,1,insert_texto,-,5396,0,0.002802200
postgres,1,insert_texto,-,5397,0,0.002958700
postgres,1,insert_texto,-,5398,0,0.002880700
postgres,1,insert_texto,-,5399,0,0.002716800
postgres,1,insert_texto,-,5400,0,0.002984700
postgres,1,insert_texto,-,5401,0,0.002696900
postgres,1,insert_texto,-,5402,0,0.003460000
postgres,1,insert_texto,-,5403,0,0.002881100
postgres,1,insert_texto,-,5404,0,0.002783300
postgres,1,insert_texto,-,5405,0,0.002829400
postgres,1,insert_texto,-,5406,0,0.002773000
postgres,1,insert_texto,-,5407,0,0.002847800
postgres,1,insert_texto,-,5408,0,0.002746000
postgres,1,insert_texto,-,5409,0,0.002824400
postgres,1,insert_texto,-,5410,0,0.002653100
postgres,1,insert_texto,-,5411,0,0.002749000
postgres,1,insert_texto,-,5412,0,0.002746200
postgres,1,insert_texto,-,5413,0,0.002875300
postgres,1,insert_texto,-,5414,0,0.002813900
postgres,1,insert_texto,-,5415,0,0.003256600
postgres,1,insert_texto,-,5416,0,0.002956300
postgres,1,insert_texto,-,5417,0,0.002886300
postgres,1,insert_texto,-,5418,0,0.002666100
postgres,1,insert_texto,-,5419,0,0.002917300
postgres,1,insert_texto,-,5420,0,0.002896600
postgres,1,insert_texto,-,5421,0,0.002691300
postgres,1,insert_texto,-,5422,0,0.002822900
postgres,1,insert_texto,-,5423,0,0.003036400
postgres,1,insert_texto,-,5424,0,0.002822400
postgres,1,insert_texto,-,5425,0,0.002670600
postgres,1,insert_texto,-,5426,0,0.003032200
postgres,1,insert_texto,-,5427,0,0.002886200
postgres,1,insert_texto,-,5428,0,0.002963500
postgres,1,insert_texto,-,5429,0,0.002849800
postgres,1,insert_texto,-,5430,0,0.002924800
postgres,1,insert_texto,-,5431,0,0.002607500
postgres,1,insert_texto,-,5432,0,0.002703600
postgres,1,insert_texto,-,5433,0,0.002879500
postgres,1,insert_texto,-,5434,0,0.002983900
postgres,1,insert_texto,-,5435,0,0.002837200
postgres,1,insert_texto,-,5436,0,0.002758700
postgres,1,insert_texto,-,5437,0,0.002700800
postgres,1,insert_texto,-,5438,0,0.002690000
postgres,1,insert_texto,-,5439,0,0.002861600
postgres,1,insert_texto,-,5440,0,0.002724500
postgres,1,insert_texto,-,5441,0,0.002690500
postgres,1,insert_texto,-,5442,0,0.002644500
postgres,1,insert_texto,-,5443,0,0.003087000
postgres,1,insert_texto,-,5444,0,0.003052600
postgres,1,insert_texto,-,5445,0,0.002942600
postgres,1,insert_texto,-,5446,0,0.002799900
postgres,1,insert_texto,-,5447,0,0.002889600
postgres,1,insert_texto,-,5448,0,0.002979100
postgres,1,insert_texto,-,5449,0,0.002874700
postgres,1,insert_texto,-,5450,0,0.002918600
postgres,1,insert_texto,-,5451,0,0.002857000
postgres,1,insert_texto,-,5452,0,0.003331600
postgres,1,insert_texto,-,5453,0,0.003216400
postgres,1,insert_texto,-,5454,0,0.002929000
postgres,1,insert_texto,-,5455,0,0.003637100
postgres,1,insert_texto,-,5456,0,0.003924500
postgres,1,insert_texto,-,5457,0,0.003112000
postgres,1,insert_texto,-,5458,0,0.014078100
postgres,1,insert_texto,-,5459,0,0.003838300
postgres,1,insert_texto,-,5460,0,0.003847800
postgres,1,insert_texto,-,5461,0,0.003822900
postgres,1,insert_texto,-,5462,0,0.004035600
postgres,1,insert_texto,-,5463,0,0.003682600
postgres,1,insert_texto,-,5464,0,0.003571200
postgres,1,insert_texto,-,5465,0,0.003450100
postgres,1,insert_texto,-,5466,0,0.003683800
postgres,1,insert_texto,-,5467,0,0.003193400
postgres,1,insert_texto,-,5468,0,0.002841200
postgres,1,insert_texto,-,5469,0,0.002924600
postgres,1,insert_texto,-,5470,0,0.003240500
postgres,1,insert_texto,-,5471,0,0.003126900
postgres,1,insert_texto,-,5472,0,0.003327000
postgres,1,insert_texto,-,5473,0,0.002741300
postgres,1,insert_texto,-,5474,0,0.002667800
postgres,1,insert_texto,-,5475,0,0.002668800
postgres,1,insert_texto,-,5476,0,0.002796000
postgres,1,insert_texto,-,5477,0,0.002915900
postgres,1,insert_texto,-,5478,0,0.003073700
postgres,1,insert_texto,-,5479,0,0.003079400
postgres,1,insert_texto,-,5480,0,0.002850800
postgres,1,insert_texto,-,5481,0,0.002929300
postgres,1,insert_texto,-,5482,0,0.002958000
postgres,1,insert_texto,-,5483,0,0.003144300
postgres,1,insert_texto,-,5484,0,0.002862300
postgres,1,insert_texto,-,5485,0,0.002867300
postgres,1,insert_texto,-,5486,0,0.002915400
postgres,1,insert_texto,-,5487,0,0.002832200
postgres,1,insert_texto,-,5488,0,0.002870900
postgres,1,insert_texto,-,5489,0,0.002859900
postgres,1,insert_texto,-,5490,0,0.002897600
postgres,1,insert_texto,-,5491,0,0.002814600
postgres,1,insert_texto,-,5492,0,0.002987100
postgres,1,insert_texto,-,5493,0,0.002973800
postgres,1,insert_texto,-,5494,0,0.002955700
postgres,1,insert_texto,-,5495,0,0.002808500
postgres,1,insert_texto,-,5496,0,0.002658400
postgres,1,insert_texto,-,5497,0,0.002677500
postgres,1,insert_texto,-,5498,0,0.002687900
postgres,1,insert_texto,-,5499,0,0.002712300
postgres,1,insert_texto,-,5500,0,0.002590700
postgres,1,insert_texto,-,5501,0,0.002559000
postgres,1,insert_texto,-,5502,0,0.002630500
postgres,1,insert_texto,-,5503,0,0.002919300
postgres,1,insert_texto,-,5504,0,0.003307000
postgres,1,insert_texto,-,5505,0,0.003250800
postgres,1,insert_texto,-,5506,0,0.002944500
postgres,1,insert_texto,-,5507,0,0.003117800
postgres,1,insert_texto,-,5508,0,0.002791400
postgres,1,insert_texto,-,5509,0,0.003122600
postgres,1,insert_texto,-,5510,0,0.002955800
postgres,1,insert_texto,-,5511,0,0.002870300
postgres,1,insert_texto,-,5512,0,0.002711800
postgres,1,insert_texto,-,5513,0,0.002723600
postgres,1,insert_texto,-,5514,0,0.002742600
postgres,1,insert_texto,-,5515,0,0.002661800
postgres,1,insert_texto,-,5516,0,0.003639700
postgres,1,insert_texto,-,5517,0,0.002725900
postgres,1,insert_texto,-,5518,0,0.002914000
postgres,1,insert_texto,-,5519,0,0.002598400
postgres,1,insert_texto,-,5520,0,0.002533200
postgres,1,insert_texto,-,5521,0,0.002993500
postgres,1,insert_texto,-,5522,0,0.002885800
postgres,1,insert_texto,-,5523,0,0.002445500
postgres,1,insert_texto,-,5524,0,0.002436600
postgres,1,insert_texto,-,5525,0,0.002680200
postgres,1,insert_texto,-,5526,0,0.002752400
postgres,1,insert_texto,-,5527,0,0.002524900
postgres,1,insert_texto,-,5528,0,0.002480300
postgres,1,insert_texto,-,5529,0,0.002705800
postgres,1,insert_texto,-,5530,0,0.002666300
postgres,1,insert_texto,-,5531,0,0.002667800
postgres,1,insert_texto,-,5532,0,0.002394400
postgres,1,insert_texto,-,5533,0,0.003227200
postgres,1,insert_texto,-,5534,0,0.002697500
postgres,1,insert_texto,-,5535,0,0.002370000
postgres,1,insert_texto,-,5536,0,0.002499600
postgres,1,insert_texto,-,5537,0,0.002555200
postgres,1,insert_texto,-,5538,0,0.002576800
postgres,1,insert_texto,-,5539,0,0.003250500
postgres,1,insert_texto,-,5540,0,0.002540500
postgres,1,insert_texto,-,5541,0,0.002503500
postgres,1,insert_texto,-,5542,0,0.002532500
postgres,1,insert_texto,-,5543,0,0.002737600
postgres,1,insert_texto,-,5544,0,0.002751700
postgres,1,insert_texto,-,5545,0,0.002895300
postgres,1,insert_texto,-,5546,0,0.002560800
postgres,1,insert_texto,-,5547,0,0.002576800
postgres,1,insert_texto,-,5548,0,0.002702500
postgres,1,insert_texto,-,5549,0,0.002749200
postgres,1,insert_texto,-,5550,0,0.002751500
postgres,1,insert_texto,-,5551,0,0.002715000
postgres,1,insert_texto,-,5552,0,0.002676600
postgres,1,insert_texto,-,5553,0,0.002797200
postgres,1,insert_texto,-,5554,0,0.002986700
postgres,1,insert_texto,-,5555,0,0.003307000
postgres,1,insert_texto,-,5556,0,0.003119200
postgres,1,insert_texto,-,5557,0,0.003038100
postgres,1,insert_texto,-,5558,0,0.002950900
postgres,1,insert_texto,-,5559,0,0.003174200
postgres,1,insert_texto,-,5560,0,0.003058000
postgres,1,insert_texto,-,5561,0,0.002479900
postgres,1,insert_texto,-,5562,0,0.002473700
postgres,1,insert_texto,-,5563,0,0.002420800
postgres,1,insert_texto,-,5564,0,0.002417300
postgres,1,insert_texto,-,5565,0,0.002622900
postgres,1,insert_texto,-,5566,0,0.003007900
postgres,1,insert_texto,-,5567,0,0.002731600
postgres,1,insert_texto,-,5568,0,0.002511200
postgres,1,insert_texto,-,5569,0,0.002720300
postgres,1,insert_texto,-,5570,0,0.002511400
postgres,1,insert_texto,-,5571,0,0.002590600
postgres,1,insert_texto,-,5572,0,0.002555900
postgres,1,insert_texto,-,5573,0,0.002505200
postgres,1,insert_texto,-,5574,0,0.002520300
postgres,1,insert_texto,-,5575,0,0.002680100
postgres,1,insert_texto,-,5576,0,0.002392500
postgres,1,insert_texto,-,5577,0,0.003119800
postgres,1,insert_texto,-,5578,0,0.002498100
postgres,1,insert_texto,-,5579,0,0.002402300
postgres,1,insert_texto,-,5580,0,0.002555000
postgres,1,insert_texto,-,5581,0,0.002512200
postgres,1,insert_texto,-,5582,0,0.002526100
postgres,1,insert_texto,-,5583,0,0.002719900
postgres,1,insert_texto,-,5584,0,0.002595000
postgres,1,insert_texto,-,5585,0,0.002705500
postgres,1,insert_texto,-,5586,0,0.002697800
postgres,1,insert_texto,-,5587,0,0.002559600
postgres,1,insert_texto,-,5588,0,0.002472200
postgres,1,insert_texto,-,5589,0,0.002468600
postgres,1,insert_texto,-,5590,0,0.002776700
postgres,1,insert_texto,-,5591,0,0.002560300
postgres,1,insert_texto,-,5592,0,0.002449700
postgres,1,insert_texto,-,5593,0,0.002426500
postgres,1,insert_texto,-,5594,0,0.002734400
postgres,1,insert_texto,-,5595,0,0.002871700
postgres,1,insert_texto,-,5596,0,0.002723300
postgres,1,insert_texto,-,5597,0,0.002566400
postgres,1,insert_texto,-,5598,0,0.002863700
postgres,1,insert_texto,-,5599,0,0.002832700
postgres,1,insert_texto,-,5600,0,0.002362200
postgres,1,insert_texto,-,5601,0,0.002499400
postgres,1,insert_texto,-,5602,0,0.002471100
postgres,1,insert_texto,-,5603,0,0.002632800
postgres,1,insert_texto,-,5604,0,0.002604800
postgres,1,insert_texto,-,5605,0,0.002339900
postgres,1,insert_texto,-,5606,0,0.002400200
postgres,1,insert_texto,-,5607,0,0.002626300
postgres,1,insert_texto,-,5608,0,0.002572700
postgres,1,insert_texto,-,5609,0,0.002446900
postgres,1,insert_texto,-,5610,0,0.002785000
postgres,1,insert_texto,-,5611,0,0.002574800
postgres,1,insert_texto,-,5612,0,0.002670200
postgres,1,insert_texto,-,5613,0,0.002447800
postgres,1,insert_texto,-,5614,0,0.002570700
postgres,1,insert_texto,-,5615,0,0.002739200
postgres,1,insert_texto,-,5616,0,0.002612000
postgres,1,insert_texto,-,5617,0,0.002510800
postgres,1,insert_texto,-,5618,0,0.002690800
postgres,1,insert_texto,-,5619,0,0.002544800
postgres,1,insert_texto,-,5620,0,0.002758000
postgres,1,insert_texto,-,5621,0,0.002591700
postgres,1,insert_texto,-,5622,0,0.002470400
postgres,1,insert_texto,-,5623,0,0.002815800
postgres,1,insert_texto,-,5624,0,0.002394500
postgres,1,insert_texto,-,5625,0,0.002384800
postgres,1,insert_texto,-,5626,0,0.002822300
postgres,1,insert_texto,-,5627,0,0.002492000
postgres,1,insert_texto,-,5628,0,0.002424700
postgres,1,insert_texto,-,5629,0,0.002461400
postgres,1,insert_texto,-,5630,0,0.002494200
postgres,1,insert_texto,-,5631,0,0.002517000
postgres,1,insert_texto,-,5632,0,0.002817700
postgres,1,insert_texto,-,5633,0,0.002629000
postgres,1,insert_texto,-,5634,0,0.002451700
postgres,1,insert_texto,-,5635,0,0.002366900
postgres,1,insert_texto,-,5636,0,0.002428400
postgres,1,insert_texto,-,5637,0,0.002551900
postgres,1,insert_texto,-,5638,0,0.002620300
postgres,1,insert_texto,-,5639,0,0.002562400
postgres,1,insert_texto,-,5640,0,0.002577200
postgres,1,insert_texto,-,5641,0,0.002419700
postgres,1,insert_texto,-,5642,0,0.002457800
postgres,1,insert_texto,-,5643,0,0.002519700
postgres,1,insert_texto,-,5644,0,0.002391200
postgres,1,insert_texto,-,5645,0,0.002788700
postgres,1,insert_texto,-,5646,0,0.002545700
postgres,1,insert_texto,-,5647,0,0.002510200
postgres,1,insert_texto,-,5648,0,0.002827800
postgres,1,insert_texto,-,5649,0,0.002735400
postgres,1,insert_texto,-,5650,0,0.003007300
postgres,1,insert_texto,-,5651,0,0.003076500
postgres,1,insert_texto,-,5652,0,0.003232100
postgres,1,insert_texto,-,5653,0,0.002760400
postgres,1,insert_texto,-,5654,0,0.002870000
postgres,1,insert_texto,-,5655,0,0.002974700
postgres,1,insert_texto,-,5656,0,0.002775700
postgres,1,insert_texto,-,5657,0,0.002586100
postgres,1,insert_texto,-,5658,0,0.002415700
postgres,1,insert_texto,-,5659,0,0.002782600
postgres,1,insert_texto,-,5660,0,0.002483600
postgres,1,insert_texto,-,5661,0,0.002465400
postgres,1,insert_texto,-,5662,0,0.002926500
postgres,1,insert_texto,-,5663,0,0.002627000
postgres,1,insert_texto,-,5664,0,0.002573200
postgres,1,insert_texto,-,5665,0,0.002654800
postgres,1,insert_texto,-,5666,0,0.002527800
postgres,1,insert_texto,-,5667,0,0.002733400
postgres,1,insert_texto,-,5668,0,0.002616900
postgres,1,insert_texto,-,5669,0,0.002665000
postgres,1,insert_texto,-,5670,0,0.002536600
postgres,1,insert_texto,-,5671,0,0.002689400
postgres,1,insert_texto,-,5672,0,0.002490300
postgres,1,insert_texto,-,5673,0,0.002582600
postgres,1,insert_texto,-,5674,0,0.002591500
postgres,1,insert_texto,-,5675,0,0.002577900
postgres,1,insert_texto,-,5676,0,0.002624000
postgres,1,insert_texto,-,5677,0,0.002433100
postgres,1,insert_texto,-,5678,0,0.002464800
postgres,1,insert_texto,-,5679,0,0.002587800
postgres,1,insert_texto,-,5680,0,0.002549200
postgres,1,insert_texto,-,5681,0,0.002575600
postgres,1,insert_texto,-,5682,0,0.002770600
postgres,1,insert_texto,-,5683,0,0.002761600
postgres,1,insert_texto,-,5684,0,0.002649100
postgres,1,insert_texto,-,5685,0,0.002741200
postgres,1,insert_texto,-,5686,0,0.002961300
postgres,1,insert_texto,-,5687,0,0.002611400
postgres,1,insert_texto,-,5688,0,0.002568900
postgres,1,insert_texto,-,5689,0,0.002611300
postgres,1,insert_texto,-,5690,0,0.002346300
postgres,1,insert_texto,-,5691,0,0.002496800
postgres,1,insert_texto,-,5692,0,0.002600200
postgres,1,insert_texto,-,5693,0,0.002448700
postgres,1,insert_texto,-,5694,0,0.002502100
postgres,1,insert_texto,-,5695,0,0.002641400
postgres,1,insert_texto,-,5696,0,0.002648000
postgres,1,insert_texto,-,5697,0,0.002456400
postgres,1,insert_texto,-,5698,0,0.002520200
postgres,1,insert_texto,-,5699,0,0.002520600
postgres,1,insert_texto,-,5700,0,0.002695900
postgres,1,insert_texto,-,5701,0,0.002363500
postgres,1,insert_texto,-,5702,0,0.002475400
postgres,1,insert_texto,-,5703,0,0.002625300
postgres,1,insert_texto,-,5704,0,0.002795600
postgres,1,insert_texto,-,5705,0,0.002500900
postgres,1,insert_texto,-,5706,0,0.002501000
postgres,1,insert_texto,-,5707,0,0.002535500
postgres,1,insert_texto,-,5708,0,0.002526700
postgres,1,insert_texto,-,5709,0,0.002472600
postgres,1,insert_texto,-,5710,0,0.002576000
postgres,1,insert_texto,-,5711,0,0.002901600
postgres,1,insert_texto,-,5712,0,0.002288000
postgres,1,insert_texto,-,5713,0,0.002448200
postgres,1,insert_texto,-,5714,0,0.002593400
postgres,1,insert_texto,-,5715,0,0.002677000
postgres,1,insert_texto,-,5716,0,0.002639000
postgres,1,insert_texto,-,5717,0,0.003281600
postgres,1,insert_texto,-,5718,0,0.002460100
postgres,1,insert_texto,-,5719,0,0.002431000
postgres,1,insert_texto,-,5720,0,0.002448000
postgres,1,insert_texto,-,5721,0,0.002569500
postgres,1,insert_texto,-,5722,0,0.002706400
postgres,1,insert_texto,-,5723,0,0.002901100
postgres,1,insert_texto,-,5724,0,0.002671300
postgres,1,insert_texto,-,5725,0,0.002708700
postgres,1,insert_texto,-,5726,0,0.002533500
postgres,1,insert_texto,-,5727,0,0.002427900
postgres,1,insert_texto,-,5728,0,0.002816400
postgres,1,insert_texto,-,5729,0,0.002621900
postgres,1,insert_texto,-,5730,0,0.002441100
postgres,1,insert_texto,-,5731,0,0.002590900
postgres,1,insert_texto,-,5732,0,0.002487500
postgres,1,insert_texto,-,5733,0,0.002521900
postgres,1,insert_texto,-,5734,0,0.002749600
postgres,1,insert_texto,-,5735,0,0.003233700
postgres,1,insert_texto,-,5736,0,0.002606600
postgres,1,insert_texto,-,5737,0,0.002721700
postgres,1,insert_texto,-,5738,0,0.002475400
postgres,1,insert_texto,-,5739,0,0.002535400
postgres,1,insert_texto,-,5740,0,0.002743800
postgres,1,insert_texto,-,5741,0,0.003083700
postgres,1,insert_texto,-,5742,0,0.002762800
postgres,1,insert_texto,-,5743,0,0.002840700
postgres,1,insert_texto,-,5744,0,0.003157100
postgres,1,insert_texto,-,5745,0,0.002779500
postgres,1,insert_texto,-,5746,0,0.002925800
postgres,1,insert_texto,-,5747,0,0.003257600
postgres,1,insert_texto,-,5748,0,0.003285000
postgres,1,insert_texto,-,5749,0,0.003451400
postgres,1,insert_texto,-,5750,0,0.002905300
postgres,1,insert_texto,-,5751,0,0.002712900
postgres,1,insert_texto,-,5752,0,0.002594100
postgres,1,insert_texto,-,5753,0,0.002539400
postgres,1,insert_texto,-,5754,0,0.002663500
postgres,1,insert_texto,-,5755,0,0.002858200
postgres,1,insert_texto,-,5756,0,0.002552800
postgres,1,insert_texto,-,5757,0,0.002632500
postgres,1,insert_texto,-,5758,0,0.002658500
postgres,1,insert_texto,-,5759,0,0.002501600
postgres,1,insert_texto,-,5760,0,0.002463300
postgres,1,insert_texto,-,5761,0,0.002954700
postgres,1,insert_texto,-,5762,0,0.002583500
postgres,1,insert_texto,-,5763,0,0.002725100
postgres,1,insert_texto,-,5764,0,0.002745000
postgres,1,insert_texto,-,5765,0,0.002636100
postgres,1,insert_texto,-,5766,0,0.002500700
postgres,1,insert_texto,-,5767,0,0.002549500
postgres,1,insert_texto,-,5768,0,0.002532400
postgres,1,insert_texto,-,5769,0,0.002569400
postgres,1,insert_texto,-,5770,0,0.002689500
postgres,1,insert_texto,-,5771,0,0.002613900
postgres,1,insert_texto,-,5772,0,0.002618000
postgres,1,insert_texto,-,5773,0,0.002732500
postgres,1,insert_texto,-,5774,0,0.002530900
postgres,1,insert_texto,-,5775,0,0.002603800
postgres,1,insert_texto,-,5776,0,0.002660700
postgres,1,insert_texto,-,5777,0,0.002699400
postgres,1,insert_texto,-,5778,0,0.002611200
postgres,1,insert_texto,-,5779,0,0.002756300
postgres,1,insert_texto,-,5780,0,0.002630200
postgres,1,insert_texto,-,5781,0,0.002502800
postgres,1,insert_texto,-,5782,0,0.002744300
postgres,1,insert_texto,-,5783,0,0.002726500
postgres,1,insert_texto,-,5784,0,0.002566600
postgres,1,insert_texto,-,5785,0,0.002655000
postgres,1,insert_texto,-,5786,0,0.002435400
postgres,1,insert_texto,-,5787,0,0.002653100
postgres,1,insert_texto,-,5788,0,0.002711600
postgres,1,insert_texto,-,5789,0,0.002495300
postgres,1,insert_texto,-,5790,0,0.002847600
postgres,1,insert_texto,-,5791,0,0.002762500
postgres,1,insert_texto,-,5792,0,0.002616800
postgres,1,insert_texto,-,5793,0,0.002580600
postgres,1,insert_texto,-,5794,0,0.002571400
postgres,1,insert_texto,-,5795,0,0.002439000
postgres,1,insert_texto,-,5796,0,0.002487000
postgres,1,insert_texto,-,5797,0,0.002734000
postgres,1,insert_texto,-,5798,0,0.002752000
postgres,1,insert_texto,-,5799,0,0.002547500
postgres,1,insert_texto,-,5800,0,0.002688200
postgres,1,insert_texto,-,5801,0,0.002406400
postgres,1,insert_texto,-,5802,0,0.003251300
postgres,1,insert_texto,-,5803,0,0.002703100
postgres,1,insert_texto,-,5804,0,0.002411300
postgres,1,insert_texto,-,5805,0,0.002344200
postgres,1,insert_texto,-,5806,0,0.002404600
postgres,1,insert_texto,-,5807,0,0.002224200
postgres,1,insert_texto,-,5808,0,0.002564700
postgres,1,insert_texto,-,5809,0,0.002497100
postgres,1,insert_texto,-,5810,0,0.002315900
postgres,1,insert_texto,-,5811,0,0.002407800
postgres,1,insert_texto,-,5812,0,0.002336000
postgres,1,insert_texto,-,5813,0,0.002388300
postgres,1,insert_texto,-,5814,0,0.002184000
postgres,1,insert_texto,-,5815,0,0.002725300
postgres,1,insert_texto,-,5816,0,0.002569300
postgres,1,insert_texto,-,5817,0,0.002444600
postgres,1,insert_texto,-,5818,0,0.002553400
postgres,1,insert_texto,-,5819,0,0.002467700
postgres,1,insert_texto,-,5820,0,0.002456500
postgres,1,insert_texto,-,5821,0,0.002468600
postgres,1,insert_texto,-,5822,0,0.002639300
postgres,1,insert_texto,-,5823,0,0.002371700
postgres,1,insert_texto,-,5824,0,0.002619600
postgres,1,insert_texto,-,5825,0,0.002358000
postgres,1,insert_texto,-,5826,0,0.002478800
postgres,1,insert_texto,-,5827,0,0.002494300
postgres,1,insert_texto,-,5828,0,0.002531600
postgres,1,insert_texto,-,5829,0,0.002413700
postgres,1,insert_texto,-,5830,0,0.002318000
postgres,1,insert_texto,-,5831,0,0.002711600
postgres,1,insert_texto,-,5832,0,0.002399600
postgres,1,insert_texto,-,5833,0,0.002346600
postgres,1,insert_texto,-,5834,0,0.002711400
postgres,1,insert_texto,-,5835,0,0.002961000
postgres,1,insert_texto,-,5836,0,0.002470600
postgres,1,insert_texto,-,5837,0,0.002246500
postgres,1,insert_texto,-,5838,0,0.002701000
postgres,1,insert_texto,-,5839,0,0.002819700
postgres,1,insert_texto,-,5840,0,0.002918000
postgres,1,insert_texto,-,5841,0,0.002761400
postgres,1,insert_texto,-,5842,0,0.002868500
postgres,1,insert_texto,-,5843,0,0.002717400
postgres,1,insert_texto,-,5844,0,0.002723500
postgres,1,insert_texto,-,5845,0,0.002682700
postgres,1,insert_texto,-,5846,0,0.002393500
postgres,1,insert_texto,-,5847,0,0.002441600
postgres,1,insert_texto,-,5848,0,0.002303300
postgres,1,insert_texto,-,5849,0,0.002970500
postgres,1,insert_texto,-,5850,0,0.002486500
postgres,1,insert_texto,-,5851,0,0.002484500
postgres,1,insert_texto,-,5852,0,0.002350100
postgres,1,insert_texto,-,5853,0,0.002277600
postgres,1,insert_texto,-,5854,0,0.002391200
postgres,1,insert_texto,-,5855,0,0.002530700
postgres,1,insert_texto,-,5856,0,0.002237200
postgres,1,insert_texto,-,5857,0,0.002516700
postgres,1,insert_texto,-,5858,0,0.002243200
postgres,1,insert_texto,-,5859,0,0.002306100
postgres,1,insert_texto,-,5860,0,0.003124700
postgres,1,insert_texto,-,5861,0,0.002594300
postgres,1,insert_texto,-,5862,0,0.002378400
postgres,1,insert_texto,-,5863,0,0.002544500
postgres,1,insert_texto,-,5864,0,0.002309900
postgres,1,insert_texto,-,5865,0,0.002568500
postgres,1,insert_texto,-,5866,0,0.002711800
postgres,1,insert_texto,-,5867,0,0.002438100
postgres,1,insert_texto,-,5868,0,0.002511400
postgres,1,insert_texto,-,5869,0,0.002384400
postgres,1,insert_texto,-,5870,0,0.002385400
postgres,1,insert_texto,-,5871,0,0.002444200
postgres,1,insert_texto,-,5872,0,0.002639900
postgres,1,insert_texto,-,5873,0,0.002411600
postgres,1,insert_texto,-,5874,0,0.002332200
postgres,1,insert_texto,-,5875,0,0.002310300
postgres,1,insert_texto,-,5876,0,0.002533400
postgres,1,insert_texto,-,5877,0,0.002549100
postgres,1,insert_texto,-,5878,0,0.002485500
postgres,1,insert_texto,-,5879,0,0.002487200
postgres,1,insert_texto,-,5880,0,0.002545900
postgres,1,insert_texto,-,5881,0,0.002363900
postgres,1,insert_texto,-,5882,0,0.002332600
postgres,1,insert_texto,-,5883,0,0.002238100
postgres,1,insert_texto,-,5884,0,0.002406200
postgres,1,insert_texto,-,5885,0,0.002819400
postgres,1,insert_texto,-,5886,0,0.002570900
postgres,1,insert_texto,-,5887,0,0.002218400
postgres,1,insert_texto,-,5888,0,0.002271800
postgres,1,insert_texto,-,5889,0,0.002540200
postgres,1,insert_texto,-,5890,0,0.002286700
postgres,1,insert_texto,-,5891,0,0.002663900
postgres,1,insert_texto,-,5892,0,0.002425500
postgres,1,insert_texto,-,5893,0,0.002502900
postgres,1,insert_texto,-,5894,0,0.002474200
postgres,1,insert_texto,-,5895,0,0.003105000
postgres,1,insert_texto,-,5896,0,0.002611800
postgres,1,insert_texto,-,5897,0,0.002572300
postgres,1,insert_texto,-,5898,0,0.002732400
postgres,1,insert_texto,-,5899,0,0.002909900
postgres,1,insert_texto,-,5900,0,0.002534200
postgres,1,insert_texto,-,5901,0,0.002588000
postgres,1,insert_texto,-,5902,0,0.002439900
postgres,1,insert_texto,-,5903,0,0.002469200
postgres,1,insert_texto,-,5904,0,0.002615400
postgres,1,insert_texto,-,5905,0,0.003206000
postgres,1,insert_texto,-,5906,0,0.002359500
postgres,1,insert_texto,-,5907,0,0.002393100
postgres,1,insert_texto,-,5908,0,0.002249100
postgres,1,insert_texto,-,5909,0,0.002304300
postgres,1,insert_texto,-,5910,0,0.002324600
postgres,1,insert_texto,-,5911,0,0.002550800
postgres,1,insert_texto,-,5912,0,0.002395100
postgres,1,insert_texto,-,5913,0,0.002330800
postgres,1,insert_texto,-,5914,0,0.002964100
postgres,1,insert_texto,-,5915,0,0.002467000
postgres,1,insert_texto,-,5916,0,0.002315400
postgres,1,insert_texto,-,5917,0,0.002642900
postgres,1,insert_texto,-,5918,0,0.002874900
postgres,1,insert_texto,-,5919,0,0.002349100
postgres,1,insert_texto,-,5920,0,0.002506200
postgres,1,insert_texto,-,5921,0,0.002428300
postgres,1,insert_texto,-,5922,0,0.002465500
postgres,1,insert_texto,-,5923,0,0.002269100
postgres,1,insert_texto,-,5924,0,0.002725800
postgres,1,insert_texto,-,5925,0,0.002567700
postgres,1,insert_texto,-,5926,0,0.002864000
postgres,1,insert_texto,-,5927,0,0.002729000
postgres,1,insert_texto,-,5928,0,0.002887000
postgres,1,insert_texto,-,5929,0,0.003133500
postgres,1,insert_texto,-,5930,0,0.003072600
postgres,1,insert_texto,-,5931,0,0.003042700
postgres,1,insert_texto,-,5932,0,0.002738200
postgres,1,insert_texto,-,5933,0,0.003090400
postgres,1,insert_texto,-,5934,0,0.002570900
postgres,1,insert_texto,-,5935,0,0.002624800
postgres,1,insert_texto,-,5936,0,0.002492600
postgres,1,insert_texto,-,5937,0,0.002311000
postgres,1,insert_texto,-,5938,0,0.002531300
postgres,1,insert_texto,-,5939,0,0.002336100
postgres,1,insert_texto,-,5940,0,0.002682200
postgres,1,insert_texto,-,5941,0,0.002385400
postgres,1,insert_texto,-,5942,0,0.002955100
postgres,1,insert_texto,-,5943,0,0.002844800
postgres,1,insert_texto,-,5944,0,0.002641900
postgres,1,insert_texto,-,5945,0,0.002443700
postgres,1,insert_texto,-,5946,0,0.002690900
postgres,1,insert_texto,-,5947,0,0.002560400
postgres,1,insert_texto,-,5948,0,0.002454200
postgres,1,insert_texto,-,5949,0,0.002665800
postgres,1,insert_texto,-,5950,0,0.002621900
postgres,1,insert_texto,-,5951,0,0.002477700
postgres,1,insert_texto,-,5952,0,0.002399100
postgres,1,insert_texto,-,5953,0,0.002355400
postgres,1,insert_texto,-,5954,0,0.002339900
postgres,1,insert_texto,-,5955,0,0.002423900
postgres,1,insert_texto,-,5956,0,0.002522800
postgres,1,insert_texto,-,5957,0,0.002575400
postgres,1,insert_texto,-,5958,0,0.002436600
postgres,1,insert_texto,-,5959,0,0.002468500
postgres,1,insert_texto,-,5960,0,0.002650000
postgres,1,insert_texto,-,5961,0,0.002487100
postgres,1,insert_texto,-,5962,0,0.002866300
postgres,1,insert_texto,-,5963,0,0.002585800
postgres,1,insert_texto,-,5964,0,0.002471300
postgres,1,insert_texto,-,5965,0,0.002353900
postgres,1,insert_texto,-,5966,0,0.002425700
postgres,1,insert_texto,-,5967,0,0.002594200
postgres,1,insert_texto,-,5968,0,0.002646400
postgres,1,insert_texto,-,5969,0,0.002572700
postgres,1,insert_texto,-,5970,0,0.002593400
postgres,1,insert_texto,-,5971,0,0.002494400
postgres,1,insert_texto,-,5972,0,0.002522100
postgres,1,insert_texto,-,5973,0,0.002518300
postgres,1,insert_texto,-,5974,0,0.002557000
postgres,1,insert_texto,-,5975,0,0.002473400
postgres,1,insert_texto,-,5976,0,0.002454500
postgres,1,insert_texto,-,5977,0,0.002376500
postgres,1,insert_texto,-,5978,0,0.002390300
postgres,1,insert_texto,-,5979,0,0.002626500
postgres,1,insert_texto,-,5980,0,0.002579600
postgres,1,insert_texto,-,5981,0,0.002580400
postgres,1,insert_texto,-,5982,0,0.002743100
postgres,1,insert_texto,-,5983,0,0.002685000
postgres,1,insert_texto,-,5984,0,0.002588600
postgres,1,insert_texto,-,5985,0,0.002441100
postgres,1,insert_texto,-,5986,0,0.002618100
postgres,1,insert_texto,-,5987,0,0.002591800
postgres,1,insert_texto,-,5988,0,0.002300700
postgres,1,insert_texto,-,5989,0,0.002607300
postgres,1,insert_texto,-,5990,0,0.002423600
postgres,1,insert_texto,-,5991,0,0.002374200
postgres,1,insert_texto,-,5992,0,0.002475900
postgres,1,insert_texto,-,5993,0,0.002640200
postgres,1,insert_texto,-,5994,0,0.002419100
postgres,1,insert_texto,-,5995,0,0.002371000
postgres,1,insert_texto,-,5996,0,0.002432900
postgres,1,insert_texto,-,5997,0,0.002686500
postgres,1,insert_texto,-,5998,0,0.002466700
postgres,1,insert_texto,-,5999,0,0.002532400
postgres,1,insert_texto,-,6000,0,0.002494800
postgres,1,insert_texto,-,6001,0,0.002427300
postgres,1,insert_texto,-,6002,0,0.002454500
postgres,1,insert_texto,-,6003,0,0.002410500
postgres,1,insert_texto,-,6004,0,0.002470200
postgres,1,insert_texto,-,6005,0,0.002625500
postgres,1,insert_texto,-,6006,0,0.002565100
postgres,1,insert_texto,-,6007,0,0.002499100
postgres,1,insert_texto,-,6008,0,0.002494000
postgres,1,insert_texto,-,6009,0,0.002605300
postgres,1,insert_texto,-,6010,0,0.002400400
postgres,1,insert_texto,-,6011,0,0.002477200
postgres,1,insert_texto,-,6012,0,0.002542100
postgres,1,insert_texto,-,6013,0,0.002433600
postgres,1,insert_texto,-,6014,0,0.002376900
postgres,1,insert_texto,-,6015,0,0.002483900
postgres,1,insert_texto,-,6016,0,0.002603300
postgres,1,insert_texto,-,6017,0,0.003223200
postgres,1,insert_texto,-,6018,0,0.002535800
postgres,1,insert_texto,-,6019,0,0.002396300
postgres,1,insert_texto,-,6020,0,0.002504900
postgres,1,insert_texto,-,6021,0,0.002559900
postgres,1,insert_texto,-,6022,0,0.002933000
postgres,1,insert_texto,-,6023,0,0.002780900
postgres,1,insert_texto,-,6024,0,0.002822200
postgres,1,insert_texto,-,6025,0,0.002980400
postgres,1,insert_texto,-,6026,0,0.003451800
postgres,1,insert_texto,-,6027,0,0.003350400
postgres,1,insert_texto,-,6028,0,0.002713600
postgres,1,insert_texto,-,6029,0,0.002366100
postgres,1,insert_texto,-,6030,0,0.002467000
postgres,1,insert_texto,-,6031,0,0.002389100
postgres,1,insert_texto,-,6032,0,0.002586300
postgres,1,insert_texto,-,6033,0,0.002476200
postgres,1,insert_texto,-,6034,0,0.002480000
postgres,1,insert_texto,-,6035,0,0.002584400
postgres,1,insert_texto,-,6036,0,0.002755000
postgres,1,insert_texto,-,6037,0,0.002402200
postgres,1,insert_texto,-,6038,0,0.002466000
postgres,1,insert_texto,-,6039,0,0.002493600
postgres,1,insert_texto,-,6040,0,0.002492200
postgres,1,insert_texto,-,6041,0,0.002677000
postgres,1,insert_texto,-,6042,0,0.002663900
postgres,1,insert_texto,-,6043,0,0.002577900
postgres,1,insert_texto,-,6044,0,0.002600400
postgres,1,insert_texto,-,6045,0,0.002610600
postgres,1,insert_texto,-,6046,0,0.002601200
postgres,1,insert_texto,-,6047,0,0.002477000
postgres,1,insert_texto,-,6048,0,0.002443200
postgres,1,insert_texto,-,6049,0,0.002607200
postgres,1,insert_texto,-,6050,0,0.002675500
postgres,1,insert_texto,-,6051,0,0.002486100
postgres,1,insert_texto,-,6052,0,0.002458300
postgres,1,insert_texto,-,6053,0,0.002468300
postgres,1,insert_texto,-,6054,0,0.002411000
postgres,1,insert_texto,-,6055,0,0.002344300
postgres,1,insert_texto,-,6056,0,0.002430000
postgres,1,insert_texto,-,6057,0,0.002610300
postgres,1,insert_texto,-,6058,0,0.002859700
postgres,1,insert_texto,-,6059,0,0.002539600
postgres,1,insert_texto,-,6060,0,0.002649600
postgres,1,insert_texto,-,6061,0,0.002663400
postgres,1,insert_texto,-,6062,0,0.002589900
postgres,1,insert_texto,-,6063,0,0.002624000
postgres,1,insert_texto,-,6064,0,0.002811500
postgres,1,insert_texto,-,6065,0,0.002419000
postgres,1,insert_texto,-,6066,0,0.002607600
postgres,1,insert_texto,-,6067,0,0.002490100
postgres,1,insert_texto,-,6068,0,0.002382400
postgres,1,insert_texto,-,6069,0,0.002376800
postgres,1,insert_texto,-,6070,0,0.002482900
postgres,1,insert_texto,-,6071,0,0.002473300
postgres,1,insert_texto,-,6072,0,0.002397000
postgres,1,insert_texto,-,6073,0,0.002417300
postgres,1,insert_texto,-,6074,0,0.002403000
postgres,1,insert_texto,-,6075,0,0.002436400
postgres,1,insert_texto,-,6076,0,0.002504100
postgres,1,insert_texto,-,6077,0,0.002457300
postgres,1,insert_texto,-,6078,0,0.002438500
postgres,1,insert_texto,-,6079,0,0.002467000
postgres,1,insert_texto,-,6080,0,0.002400700
postgres,1,insert_texto,-,6081,0,0.002586600
postgres,1,insert_texto,-,6082,0,0.002445000
postgres,1,insert_texto,-,6083,0,0.002332400
postgres,1,insert_texto,-,6084,0,0.002376500
postgres,1,insert_texto,-,6085,0,0.002415600
postgres,1,insert_texto,-,6086,0,0.002467000
postgres,1,insert_texto,-,6087,0,0.002682800
postgres,1,insert_texto,-,6088,0,0.002396200
postgres,1,insert_texto,-,6089,0,0.002568900
postgres,1,insert_texto,-,6090,0,0.002578500
postgres,1,insert_texto,-,6091,0,0.002454700
postgres,1,insert_texto,-,6092,0,0.002482600
postgres,1,insert_texto,-,6093,0,0.002670800
postgres,1,insert_texto,-,6094,0,0.002438600
postgres,1,insert_texto,-,6095,0,0.002589900
postgres,1,insert_texto,-,6096,0,0.002426400
postgres,1,insert_texto,-,6097,0,0.002388200
postgres,1,insert_texto,-,6098,0,0.002395200
postgres,1,insert_texto,-,6099,0,0.002434100
postgres,1,insert_texto,-,6100,0,0.002478500
postgres,1,insert_texto,-,6101,0,0.002414600
postgres,1,insert_texto,-,6102,0,0.002506600
postgres,1,insert_texto,-,6103,0,0.002434700
postgres,1,insert_texto,-,6104,0,0.002681200
postgres,1,insert_texto,-,6105,0,0.002427000
postgres,1,insert_texto,-,6106,0,0.002475000
postgres,1,insert_texto,-,6107,0,0.002532200
postgres,1,insert_texto,-,6108,0,0.003219300
postgres,1,insert_texto,-,6109,0,0.002569600
postgres,1,insert_texto,-,6110,0,0.002545400
postgres,1,insert_texto,-,6111,0,0.002252100
postgres,1,insert_texto,-,6112,0,0.002381000
postgres,1,insert_texto,-,6113,0,0.002392700
postgres,1,insert_texto,-,6114,0,0.002596600
postgres,1,insert_texto,-,6115,0,0.002553600
postgres,1,insert_texto,-,6116,0,0.002538500
postgres,1,insert_texto,-,6117,0,0.002676400
postgres,1,insert_texto,-,6118,0,0.002902400
postgres,1,insert_texto,-,6119,0,0.002988800
postgres,1,insert_texto,-,6120,0,0.002912000
postgres,1,insert_texto,-,6121,0,0.002888200
postgres,1,insert_texto,-,6122,0,0.003032800
postgres,1,insert_texto,-,6123,0,0.003318500
postgres,1,insert_texto,-,6124,0,0.002925400
postgres,1,insert_texto,-,6125,0,0.002799700
postgres,1,insert_texto,-,6126,0,0.002673400
postgres,1,insert_texto,-,6127,0,0.002653500
postgres,1,insert_texto,-,6128,0,0.002598700
postgres,1,insert_texto,-,6129,0,0.002593800
postgres,1,insert_texto,-,6130,0,0.002745900
postgres,1,insert_texto,-,6131,0,0.002709500
postgres,1,insert_texto,-,6132,0,0.002439500
postgres,1,insert_texto,-,6133,0,0.002355400
postgres,1,insert_texto,-,6134,0,0.002599800
postgres,1,insert_texto,-,6135,0,0.002382600
postgres,1,insert_texto,-,6136,0,0.002426200
postgres,1,insert_texto,-,6137,0,0.002388700
postgres,1,insert_texto,-,6138,0,0.002378600
postgres,1,insert_texto,-,6139,0,0.002437000
postgres,1,insert_texto,-,6140,0,0.002453000
postgres,1,insert_texto,-,6141,0,0.002557000
postgres,1,insert_texto,-,6142,0,0.002434200
postgres,1,insert_texto,-,6143,0,0.002263600
postgres,1,insert_texto,-,6144,0,0.002735300
postgres,1,insert_texto,-,6145,0,0.002535500
postgres,1,insert_texto,-,6146,0,0.002512800
postgres,1,insert_texto,-,6147,0,0.002441800
postgres,1,insert_texto,-,6148,0,0.002467500
postgres,1,insert_texto,-,6149,0,0.002626900
postgres,1,insert_texto,-,6150,0,0.002667500
postgres,1,insert_texto,-,6151,0,0.002817300
postgres,1,insert_texto,-,6152,0,0.002526200
postgres,1,insert_texto,-,6153,0,0.002384100
postgres,1,insert_texto,-,6154,0,0.002731500
postgres,1,insert_texto,-,6155,0,0.002710300
postgres,1,insert_texto,-,6156,0,0.002428300
postgres,1,insert_texto,-,6157,0,0.002640700
postgres,1,insert_texto,-,6158,0,0.002651000
postgres,1,insert_texto,-,6159,0,0.002430700
postgres,1,insert_texto,-,6160,0,0.002303500
postgres,1,insert_texto,-,6161,0,0.002302600
postgres,1,insert_texto,-,6162,0,0.002507300
postgres,1,insert_texto,-,6163,0,0.002829400
postgres,1,insert_texto,-,6164,0,0.002427400
postgres,1,insert_texto,-,6165,0,0.002553000
postgres,1,insert_texto,-,6166,0,0.002302600
postgres,1,insert_texto,-,6167,0,0.002465600
postgres,1,insert_texto,-,6168,0,0.002420500
postgres,1,insert_texto,-,6169,0,0.002765100
postgres,1,insert_texto,-,6170,0,0.002617700
postgres,1,insert_texto,-,6171,0,0.002364400
postgres,1,insert_texto,-,6172,0,0.002391500
postgres,1,insert_texto,-,6173,0,0.002506600
postgres,1,insert_texto,-,6174,0,0.002743300
postgres,1,insert_texto,-,6175,0,0.002577200
postgres,1,insert_texto,-,6176,0,0.002986400
postgres,1,insert_texto,-,6177,0,0.002569900
postgres,1,insert_texto,-,6178,0,0.002579900
postgres,1,insert_texto,-,6179,0,0.002447600
postgres,1,insert_texto,-,6180,0,0.002323500
postgres,1,insert_texto,-,6181,0,0.002292000
postgres,1,insert_texto,-,6182,0,0.002447000
postgres,1,insert_texto,-,6183,0,0.002461800
postgres,1,insert_texto,-,6184,0,0.002741400
postgres,1,insert_texto,-,6185,0,0.002515100
postgres,1,insert_texto,-,6186,0,0.002528200
postgres,1,insert_texto,-,6187,0,0.002345800
postgres,1,insert_texto,-,6188,0,0.002475000
postgres,1,insert_texto,-,6189,0,0.002600400
postgres,1,insert_texto,-,6190,0,0.002277200
postgres,1,insert_texto,-,6191,0,0.002565500
postgres,1,insert_texto,-,6192,0,0.002472700
postgres,1,insert_texto,-,6193,0,0.002497000
postgres,1,insert_texto,-,6194,0,0.002710400
postgres,1,insert_texto,-,6195,0,0.002557600
postgres,1,insert_texto,-,6196,0,0.002298800
postgres,1,insert_texto,-,6197,0,0.002203400
postgres,1,insert_texto,-,6198,0,0.002372700
postgres,1,insert_texto,-,6199,0,0.002336600
postgres,1,insert_texto,-,6200,0,0.002263800
postgres,1,insert_texto,-,6201,0,0.002408200
postgres,1,insert_texto,-,6202,0,0.002444200
postgres,1,insert_texto,-,6203,0,0.002579200
postgres,1,insert_texto,-,6204,0,0.002568500
postgres,1,insert_texto,-,6205,0,0.002373600
postgres,1,insert_texto,-,6206,0,0.002691400
postgres,1,insert_texto,-,6207,0,0.002575400
postgres,1,insert_texto,-,6208,0,0.003393400
postgres,1,insert_texto,-,6209,0,0.002864600
postgres,1,insert_texto,-,6210,0,0.002612200
postgres,1,insert_texto,-,6211,0,0.002698200
postgres,1,insert_texto,-,6212,0,0.002937400
postgres,1,insert_texto,-,6213,0,0.003225200
postgres,1,insert_texto,-,6214,0,0.002905500
postgres,1,insert_texto,-,6215,0,0.003072500
postgres,1,insert_texto,-,6216,0,0.002865300
postgres,1,insert_texto,-,6217,0,0.003155400
postgres,1,insert_texto,-,6218,0,0.003149600
postgres,1,insert_texto,-,6219,0,0.003108900
postgres,1,insert_texto,-,6220,0,0.002969100
postgres,1,insert_texto,-,6221,0,0.002650500
postgres,1,insert_texto,-,6222,0,0.002884800
postgres,1,insert_texto,-,6223,0,0.002850500
postgres,1,insert_texto,-,6224,0,0.002689300
postgres,1,insert_texto,-,6225,0,0.002594500
postgres,1,insert_texto,-,6226,0,0.002726100
postgres,1,insert_texto,-,6227,0,0.002822800
postgres,1,insert_texto,-,6228,0,0.002646500
postgres,1,insert_texto,-,6229,0,0.002638800
postgres,1,insert_texto,-,6230,0,0.002867600
postgres,1,insert_texto,-,6231,0,0.002571800
postgres,1,insert_texto,-,6232,0,0.002681900
postgres,1,insert_texto,-,6233,0,0.002628700
postgres,1,insert_texto,-,6234,0,0.002625200
postgres,1,insert_texto,-,6235,0,0.002338100
postgres,1,insert_texto,-,6236,0,0.002699000
postgres,1,insert_texto,-,6237,0,0.002438200
postgres,1,insert_texto,-,6238,0,0.002955600
postgres,1,insert_texto,-,6239,0,0.002901700
postgres,1,insert_texto,-,6240,0,0.002531400
postgres,1,insert_texto,-,6241,0,0.002348100
postgres,1,insert_texto,-,6242,0,0.002452400
postgres,1,insert_texto,-,6243,0,0.002418900
postgres,1,insert_texto,-,6244,0,0.002758300
postgres,1,insert_texto,-,6245,0,0.002770900
postgres,1,insert_texto,-,6246,0,0.002714600
postgres,1,insert_texto,-,6247,0,0.002735400
postgres,1,insert_texto,-,6248,0,0.002968800
postgres,1,insert_texto,-,6249,0,0.002523700
postgres,1,insert_texto,-,6250,0,0.002572400
postgres,1,insert_texto,-,6251,0,0.002368200
postgres,1,insert_texto,-,6252,0,0.003053000
postgres,1,insert_texto,-,6253,0,0.002537800
postgres,1,insert_texto,-,6254,0,0.002746700
postgres,1,insert_texto,-,6255,0,0.002955100
postgres,1,insert_texto,-,6256,0,0.002715500
postgres,1,insert_texto,-,6257,0,0.002723100
postgres,1,insert_texto,-,6258,0,0.002744200
postgres,1,insert_texto,-,6259,0,0.002713500
postgres,1,insert_texto,-,6260,0,0.002478600
postgres,1,insert_texto,-,6261,0,0.002386500
postgres,1,insert_texto,-,6262,0,0.002628000
postgres,1,insert_texto,-,6263,0,0.002846900
postgres,1,insert_texto,-,6264,0,0.002502400
postgres,1,insert_texto,-,6265,0,0.002663200
postgres,1,insert_texto,-,6266,0,0.002655300
postgres,1,insert_texto,-,6267,0,0.002501400
postgres,1,insert_texto,-,6268,0,0.002801600
postgres,1,insert_texto,-,6269,0,0.002823800
postgres,1,insert_texto,-,6270,0,0.002471900
postgres,1,insert_texto,-,6271,0,0.002555800
postgres,1,insert_texto,-,6272,0,0.002627500
postgres,1,insert_texto,-,6273,0,0.002873100
postgres,1,insert_texto,-,6274,0,0.002772400
postgres,1,insert_texto,-,6275,0,0.002721300
postgres,1,insert_texto,-,6276,0,0.002661400
postgres,1,insert_texto,-,6277,0,0.002546500
postgres,1,insert_texto,-,6278,0,0.002983300
postgres,1,insert_texto,-,6279,0,0.002677000
postgres,1,insert_texto,-,6280,0,0.002704200
postgres,1,insert_texto,-,6281,0,0.002408900
postgres,1,insert_texto,-,6282,0,0.002728600
postgres,1,insert_texto,-,6283,0,0.002567000
postgres,1,insert_texto,-,6284,0,0.002643900
postgres,1,insert_texto,-,6285,0,0.002562200
postgres,1,insert_texto,-,6286,0,0.002439200
postgres,1,insert_texto,-,6287,0,0.002498600
postgres,1,insert_texto,-,6288,0,0.002738600
postgres,1,insert_texto,-,6289,0,0.002566900
postgres,1,insert_texto,-,6290,0,0.002707600
postgres,1,insert_texto,-,6291,0,0.002860000
postgres,1,insert_texto,-,6292,0,0.002694600
postgres,1,insert_texto,-,6293,0,0.002528700
postgres,1,insert_texto,-,6294,0,0.002531900
postgres,1,insert_texto,-,6295,0,0.002745600
postgres,1,insert_texto,-,6296,0,0.003218000
postgres,1,insert_texto,-,6297,0,0.002836200
postgres,1,insert_texto,-,6298,0,0.002601600
postgres,1,insert_texto,-,6299,0,0.002600900
postgres,1,insert_texto,-,6300,0,0.002886800
postgres,1,insert_texto,-,6301,0,0.002728800
postgres,1,insert_texto,-,6302,0,0.002665600
postgres,1,insert_texto,-,6303,0,0.002538600
postgres,1,insert_texto,-,6304,0,0.002626400
postgres,1,insert_texto,-,6305,0,0.002532400
postgres,1,insert_texto,-,6306,0,0.002553000
postgres,1,insert_texto,-,6307,0,0.003041800
postgres,1,insert_texto,-,6308,0,0.002791600
postgres,1,insert_texto,-,6309,0,0.002722900
postgres,1,insert_texto,-,6310,0,0.003404400
postgres,1,insert_texto,-,6311,0,0.002861900
postgres,1,insert_texto,-,6312,0,0.003158200
postgres,1,insert_texto,-,6313,0,0.003292100
postgres,1,insert_texto,-,6314,0,0.003075100
postgres,1,insert_texto,-,6315,0,0.003137900
postgres,1,insert_texto,-,6316,0,0.002654300
postgres,1,insert_texto,-,6317,0,0.002422200
postgres,1,insert_texto,-,6318,0,0.002546500
postgres,1,insert_texto,-,6319,0,0.002432600
postgres,1,insert_texto,-,6320,0,0.002323200
postgres,1,insert_texto,-,6321,0,0.002745200
postgres,1,insert_texto,-,6322,0,0.002802800
postgres,1,insert_texto,-,6323,0,0.002708900
postgres,1,insert_texto,-,6324,0,0.002930500
postgres,1,insert_texto,-,6325,0,0.002591100
postgres,1,insert_texto,-,6326,0,0.002537600
postgres,1,insert_texto,-,6327,0,0.002453800
postgres,1,insert_texto,-,6328,0,0.002475600
postgres,1,insert_texto,-,6329,0,0.002436300
postgres,1,insert_texto,-,6330,0,0.002600600
postgres,1,insert_texto,-,6331,0,0.002390700
postgres,1,insert_texto,-,6332,0,0.002299000
postgres,1,insert_texto,-,6333,0,0.002411200
postgres,1,insert_texto,-,6334,0,0.002552300
postgres,1,insert_texto,-,6335,0,0.002318300
postgres,1,insert_texto,-,6336,0,0.002476900
postgres,1,insert_texto,-,6337,0,0.002561100
postgres,1,insert_texto,-,6338,0,0.002482000
postgres,1,insert_texto,-,6339,0,0.002354300
postgres,1,insert_texto,-,6340,0,0.002342800
postgres,1,insert_texto,-,6341,0,0.002447900
postgres,1,insert_texto,-,6342,0,0.002493400
postgres,1,insert_texto,-,6343,0,0.002689200
postgres,1,insert_texto,-,6344,0,0.002348500
postgres,1,insert_texto,-,6345,0,0.002472500
postgres,1,insert_texto,-,6346,0,0.002521100
postgres,1,insert_texto,-,6347,0,0.002473300
postgres,1,insert_texto,-,6348,0,0.002397700
postgres,1,insert_texto,-,6349,0,0.002335500
postgres,1,insert_texto,-,6350,0,0.002718400
postgres,1,insert_texto,-,6351,0,0.002620500
postgres,1,insert_texto,-,6352,0,0.002793200
postgres,1,insert_texto,-,6353,0,0.002653900
postgres,1,insert_texto,-,6354,0,0.002687200
postgres,1,insert_texto,-,6355,0,0.002518200
postgres,1,insert_texto,-,6356,0,0.002491200
postgres,1,insert_texto,-,6357,0,0.002694300
postgres,1,insert_texto,-,6358,0,0.002635800
postgres,1,insert_texto,-,6359,0,0.002483500
postgres,1,insert_texto,-,6360,0,0.002421000
postgres,1,insert_texto,-,6361,0,0.002364300
postgres,1,insert_texto,-,6362,0,0.002337000
postgres,1,insert_texto,-,6363,0,0.002321000
postgres,1,insert_texto,-,6364,0,0.002695300
postgres,1,insert_texto,-,6365,0,0.002455600
postgres,1,insert_texto,-,6366,0,0.002426900
postgres,1,insert_texto,-,6367,0,0.002709200
postgres,1,insert_texto,-,6368,0,0.002474600
postgres,1,insert_texto,-,6369,0,0.002713300
postgres,1,insert_texto,-,6370,0,0.002441000
postgres,1,insert_texto,-,6371,0,0.002693200
postgres,1,insert_texto,-,6372,0,0.002663300
postgres,1,insert_texto,-,6373,0,0.002559000
postgres,1,insert_texto,-,6374,0,0.002614600
postgres,1,insert_texto,-,6375,0,0.002607600
postgres,1,insert_texto,-,6376,0,0.002294300
postgres,1,insert_texto,-,6377,0,0.002576100
postgres,1,insert_texto,-,6378,0,0.002412500
postgres,1,insert_texto,-,6379,0,0.002261500
postgres,1,insert_texto,-,6380,0,0.002229800
postgres,1,insert_texto,-,6381,0,0.002651700
postgres,1,insert_texto,-,6382,0,0.002595800
postgres,1,insert_texto,-,6383,0,0.002665900
postgres,1,insert_texto,-,6384,0,0.002675800
postgres,1,insert_texto,-,6385,0,0.002380400
postgres,1,insert_texto,-,6386,0,0.002605600
postgres,1,insert_texto,-,6387,0,0.002475100
postgres,1,insert_texto,-,6388,0,0.002363200
postgres,1,insert_texto,-,6389,0,0.002564700
postgres,1,insert_texto,-,6390,0,0.002631600
postgres,1,insert_texto,-,6391,0,0.002506900
postgres,1,insert_texto,-,6392,0,0.002892500
postgres,1,insert_texto,-,6393,0,0.002469400
postgres,1,insert_texto,-,6394,0,0.002394300
postgres,1,insert_texto,-,6395,0,0.002322400
postgres,1,insert_texto,-,6396,0,0.002512100
postgres,1,insert_texto,-,6397,0,0.002583300
postgres,1,insert_texto,-,6398,0,0.002426900
postgres,1,insert_texto,-,6399,0,0.002324100
postgres,1,insert_texto,-,6400,0,0.002456500
postgres,1,insert_texto,-,6401,0,0.002726500
postgres,1,insert_texto,-,6402,0,0.002970800
postgres,1,insert_texto,-,6403,0,0.002780000
postgres,1,insert_texto,-,6404,0,0.003053700
postgres,1,insert_texto,-,6405,0,0.003280100
postgres,1,insert_texto,-,6406,0,0.002676900
postgres,1,insert_texto,-,6407,0,0.002706100
postgres,1,insert_texto,-,6408,0,0.002832000
postgres,1,insert_texto,-,6409,0,0.002837900
postgres,1,insert_texto,-,6410,0,0.002270000
postgres,1,insert_texto,-,6411,0,0.002531300
postgres,1,insert_texto,-,6412,0,0.002560200
postgres,1,insert_texto,-,6413,0,0.002456300
postgres,1,insert_texto,-,6414,0,0.002628100
postgres,1,insert_texto,-,6415,0,0.002648500
postgres,1,insert_texto,-,6416,0,0.002596400
postgres,1,insert_texto,-,6417,0,0.002436400
postgres,1,insert_texto,-,6418,0,0.002486200
postgres,1,insert_texto,-,6419,0,0.002403500
postgres,1,insert_texto,-,6420,0,0.002429200
postgres,1,insert_texto,-,6421,0,0.002391200
postgres,1,insert_texto,-,6422,0,0.002354300
postgres,1,insert_texto,-,6423,0,0.002585300
postgres,1,insert_texto,-,6424,0,0.002578200
postgres,1,insert_texto,-,6425,0,0.002391300
postgres,1,insert_texto,-,6426,0,0.002680800
postgres,1,insert_texto,-,6427,0,0.002486600
postgres,1,insert_texto,-,6428,0,0.002546800
postgres,1,insert_texto,-,6429,0,0.002526900
postgres,1,insert_texto,-,6430,0,0.002470400
postgres,1,insert_texto,-,6431,0,0.002623700
postgres,1,insert_texto,-,6432,0,0.002653200
postgres,1,insert_texto,-,6433,0,0.002647500
postgres,1,insert_texto,-,6434,0,0.002608100
postgres,1,insert_texto,-,6435,0,0.002699300
postgres,1,insert_texto,-,6436,0,0.002623400
postgres,1,insert_texto,-,6437,0,0.002571400
postgres,1,insert_texto,-,6438,0,0.002778500
postgres,1,insert_texto,-,6439,0,0.002510900
postgres,1,insert_texto,-,6440,0,0.002593100
postgres,1,insert_texto,-,6441,0,0.002687400
postgres,1,insert_texto,-,6442,0,0.002561100
postgres,1,insert_texto,-,6443,0,0.002540600
postgres,1,insert_texto,-,6444,0,0.002586200
postgres,1,insert_texto,-,6445,0,0.002662800
postgres,1,insert_texto,-,6446,0,0.002503200
postgres,1,insert_texto,-,6447,0,0.002457700
postgres,1,insert_texto,-,6448,0,0.002553100
postgres,1,insert_texto,-,6449,0,0.002576400
postgres,1,insert_texto,-,6450,0,0.003198700
postgres,1,insert_texto,-,6451,0,0.002466300
postgres,1,insert_texto,-,6452,0,0.002503800
postgres,1,insert_texto,-,6453,0,0.002502600
postgres,1,insert_texto,-,6454,0,0.002436000
postgres,1,insert_texto,-,6455,0,0.002567800
postgres,1,insert_texto,-,6456,0,0.002433300
postgres,1,insert_texto,-,6457,0,0.002469400
postgres,1,insert_texto,-,6458,0,0.002430100
postgres,1,insert_texto,-,6459,0,0.002700000
postgres,1,insert_texto,-,6460,0,0.002383100
postgres,1,insert_texto,-,6461,0,0.002283300
postgres,1,insert_texto,-,6462,0,0.002345100
postgres,1,insert_texto,-,6463,0,0.002578000
postgres,1,insert_texto,-,6464,0,0.002387700
postgres,1,insert_texto,-,6465,0,0.002448700
postgres,1,insert_texto,-,6466,0,0.002546900
postgres,1,insert_texto,-,6467,0,0.002564300
postgres,1,insert_texto,-,6468,0,0.002499600
postgres,1,insert_texto,-,6469,0,0.002621400
postgres,1,insert_texto,-,6470,0,0.002437700
postgres,1,insert_texto,-,6471,0,0.002587500
postgres,1,insert_texto,-,6472,0,0.002495500
postgres,1,insert_texto,-,6473,0,0.002597700
postgres,1,insert_texto,-,6474,0,0.002488900
postgres,1,insert_texto,-,6475,0,0.002508900
postgres,1,insert_texto,-,6476,0,0.002234800
postgres,1,insert_texto,-,6477,0,0.002433100
postgres,1,insert_texto,-,6478,0,0.002396000
postgres,1,insert_texto,-,6479,0,0.002405100
postgres,1,insert_texto,-,6480,0,0.002236000
postgres,1,insert_texto,-,6481,0,0.002482100
postgres,1,insert_texto,-,6482,0,0.002441700
postgres,1,insert_texto,-,6483,0,0.002272700
postgres,1,insert_texto,-,6484,0,0.002384100
postgres,1,insert_texto,-,6485,0,0.002258000
postgres,1,insert_texto,-,6486,0,0.002324400
postgres,1,insert_texto,-,6487,0,0.002482700
postgres,1,insert_texto,-,6488,0,0.002567700
postgres,1,insert_texto,-,6489,0,0.002594800
postgres,1,insert_texto,-,6490,0,0.002196700
postgres,1,insert_texto,-,6491,0,0.002211300
postgres,1,insert_texto,-,6492,0,0.002389200
postgres,1,insert_texto,-,6493,0,0.002442000
postgres,1,insert_texto,-,6494,0,0.002523600
postgres,1,insert_texto,-,6495,0,0.003044900
postgres,1,insert_texto,-,6496,0,0.002500800
postgres,1,insert_texto,-,6497,0,0.002727900
postgres,1,insert_texto,-,6498,0,0.002782500
postgres,1,insert_texto,-,6499,0,0.002789900
postgres,1,insert_texto,-,6500,0,0.003023100
postgres,1,insert_texto,-,6501,0,0.002864500
postgres,1,insert_texto,-,6502,0,0.002699000
postgres,1,insert_texto,-,6503,0,0.002919900
postgres,1,insert_texto,-,6504,0,0.002850600
postgres,1,insert_texto,-,6505,0,0.002759700
postgres,1,insert_texto,-,6506,0,0.002654800
postgres,1,insert_texto,-,6507,0,0.002423600
postgres,1,insert_texto,-,6508,0,0.002155800
postgres,1,insert_texto,-,6509,0,0.002251800
postgres,1,insert_texto,-,6510,0,0.002482200
postgres,1,insert_texto,-,6511,0,0.002480800
postgres,1,insert_texto,-,6512,0,0.002590600
postgres,1,insert_texto,-,6513,0,0.002942200
postgres,1,insert_texto,-,6514,0,0.002556200
postgres,1,insert_texto,-,6515,0,0.002331600
postgres,1,insert_texto,-,6516,0,0.002148100
postgres,1,insert_texto,-,6517,0,0.002477900
postgres,1,insert_texto,-,6518,0,0.002457500
postgres,1,insert_texto,-,6519,0,0.002693700
postgres,1,insert_texto,-,6520,0,0.002411600
postgres,1,insert_texto,-,6521,0,0.002325800
postgres,1,insert_texto,-,6522,0,0.002868400
postgres,1,insert_texto,-,6523,0,0.002580100
postgres,1,insert_texto,-,6524,0,0.002506300
postgres,1,insert_texto,-,6525,0,0.002344800
postgres,1,insert_texto,-,6526,0,0.002515200
postgres,1,insert_texto,-,6527,0,0.002444100
postgres,1,insert_texto,-,6528,0,0.002326500
postgres,1,insert_texto,-,6529,0,0.002544600
postgres,1,insert_texto,-,6530,0,0.002593500
postgres,1,insert_texto,-,6531,0,0.002723800
postgres,1,insert_texto,-,6532,0,0.002362500
postgres,1,insert_texto,-,6533,0,0.002261200
postgres,1,insert_texto,-,6534,0,0.002331400
postgres,1,insert_texto,-,6535,0,0.002434300
postgres,1,insert_texto,-,6536,0,0.002544900
postgres,1,insert_texto,-,6537,0,0.002676700
postgres,1,insert_texto,-,6538,0,0.003447300
postgres,1,insert_texto,-,6539,0,0.002550700
postgres,1,insert_texto,-,6540,0,0.002396800
postgres,1,insert_texto,-,6541,0,0.002466400
postgres,1,insert_texto,-,6542,0,0.002361000
postgres,1,insert_texto,-,6543,0,0.002431000
postgres,1,insert_texto,-,6544,0,0.002685000
postgres,1,insert_texto,-,6545,0,0.002481500
postgres,1,insert_texto,-,6546,0,0.002337600
postgres,1,insert_texto,-,6547,0,0.002522700
postgres,1,insert_texto,-,6548,0,0.002577500
postgres,1,insert_texto,-,6549,0,0.002586800
postgres,1,insert_texto,-,6550,0,0.002582500
postgres,1,insert_texto,-,6551,0,0.002425500
postgres,1,insert_texto,-,6552,0,0.002564000
postgres,1,insert_texto,-,6553,0,0.002487900
postgres,1,insert_texto,-,6554,0,0.002633500
postgres,1,insert_texto,-,6555,0,0.002538300
postgres,1,insert_texto,-,6556,0,0.002564200
postgres,1,insert_texto,-,6557,0,0.002593700
postgres,1,insert_texto,-,6558,0,0.002318700
postgres,1,insert_texto,-,6559,0,0.002285300
postgres,1,insert_texto,-,6560,0,0.002263500
postgres,1,insert_texto,-,6561,0,0.002791500
postgres,1,insert_texto,-,6562,0,0.002294100
postgres,1,insert_texto,-,6563,0,0.002954500
postgres,1,insert_texto,-,6564,0,0.002533600
postgres,1,insert_texto,-,6565,0,0.002408500
postgres,1,insert_texto,-,6566,0,0.002502900
postgres,1,insert_texto,-,6567,0,0.002699600
postgres,1,insert_texto,-,6568,0,0.002350000
postgres,1,insert_texto,-,6569,0,0.002439100
postgres,1,insert_texto,-,6570,0,0.002466500
postgres,1,insert_texto,-,6571,0,0.002427300
postgres,1,insert_texto,-,6572,0,0.002430200
postgres,1,insert_texto,-,6573,0,0.002314200
postgres,1,insert_texto,-,6574,0,0.002701000
postgres,1,insert_texto,-,6575,0,0.002534200
postgres,1,insert_texto,-,6576,0,0.002669800
postgres,1,insert_texto,-,6577,0,0.002468400
postgres,1,insert_texto,-,6578,0,0.002522400
postgres,1,insert_texto,-,6579,0,0.002625700
postgres,1,insert_texto,-,6580,0,0.002628200
postgres,1,insert_texto,-,6581,0,0.002702900
postgres,1,insert_texto,-,6582,0,0.002419800
postgres,1,insert_texto,-,6583,0,0.002546300
postgres,1,insert_texto,-,6584,0,0.002392500
postgres,1,insert_texto,-,6585,0,0.002753100
postgres,1,insert_texto,-,6586,0,0.002974000
postgres,1,insert_texto,-,6587,0,0.002456400
postgres,1,insert_texto,-,6588,0,0.002779800
postgres,1,insert_texto,-,6589,0,0.003108800
postgres,1,insert_texto,-,6590,0,0.002772300
postgres,1,insert_texto,-,6591,0,0.002808600
postgres,1,insert_texto,-,6592,0,0.002768400
postgres,1,insert_texto,-,6593,0,0.002884200
postgres,1,insert_texto,-,6594,0,0.002866300
postgres,1,insert_texto,-,6595,0,0.003072400
postgres,1,insert_texto,-,6596,0,0.002846200
postgres,1,insert_texto,-,6597,0,0.002897600
postgres,1,insert_texto,-,6598,0,0.002684100
postgres,1,insert_texto,-,6599,0,0.002464100
postgres,1,insert_texto,-,6600,0,0.002459700
postgres,1,insert_texto,-,6601,0,0.002617700
postgres,1,insert_texto,-,6602,0,0.002531700
postgres,1,insert_texto,-,6603,0,0.002588800
postgres,1,insert_texto,-,6604,0,0.002517100
postgres,1,insert_texto,-,6605,0,0.002600800
postgres,1,insert_texto,-,6606,0,0.002318000
postgres,1,insert_texto,-,6607,0,0.002253000
postgres,1,insert_texto,-,6608,0,0.002443900
postgres,1,insert_texto,-,6609,0,0.002705300
postgres,1,insert_texto,-,6610,0,0.002805900
postgres,1,insert_texto,-,6611,0,0.002730700
postgres,1,insert_texto,-,6612,0,0.002646800
postgres,1,insert_texto,-,6613,0,0.002481600
postgres,1,insert_texto,-,6614,0,0.002495000
postgres,1,insert_texto,-,6615,0,0.002493200
postgres,1,insert_texto,-,6616,0,0.002610200
postgres,1,insert_texto,-,6617,0,0.002260600
postgres,1,insert_texto,-,6618,0,0.002441300
postgres,1,insert_texto,-,6619,0,0.002515100
postgres,1,insert_texto,-,6620,0,0.002597300
postgres,1,insert_texto,-,6621,0,0.002575600
postgres,1,insert_texto,-,6622,0,0.002561200
postgres,1,insert_texto,-,6623,0,0.002519600
postgres,1,insert_texto,-,6624,0,0.002694300
postgres,1,insert_texto,-,6625,0,0.002505900
postgres,1,insert_texto,-,6626,0,0.002599200
postgres,1,insert_texto,-,6627,0,0.002538000
postgres,1,insert_texto,-,6628,0,0.002679300
postgres,1,insert_texto,-,6629,0,0.002821000
postgres,1,insert_texto,-,6630,0,0.002708500
postgres,1,insert_texto,-,6631,0,0.002608500
postgres,1,insert_texto,-,6632,0,0.002614900
postgres,1,insert_texto,-,6633,0,0.002533900
postgres,1,insert_texto,-,6634,0,0.002355500
postgres,1,insert_texto,-,6635,0,0.002515400
postgres,1,insert_texto,-,6636,0,0.002542100
postgres,1,insert_texto,-,6637,0,0.002451100
postgres,1,insert_texto,-,6638,0,0.002448500
postgres,1,insert_texto,-,6639,0,0.002645100
postgres,1,insert_texto,-,6640,0,0.003357900
postgres,1,insert_texto,-,6641,0,0.002412800
postgres,1,insert_texto,-,6642,0,0.002494400
postgres,1,insert_texto,-,6643,0,0.002493700
postgres,1,insert_texto,-,6644,0,0.002439300
postgres,1,insert_texto,-,6645,0,0.002697800
postgres,1,insert_texto,-,6646,0,0.002675800
postgres,1,insert_texto,-,6647,0,0.002473300
postgres,1,insert_texto,-,6648,0,0.002461200
postgres,1,insert_texto,-,6649,0,0.002706500
postgres,1,insert_texto,-,6650,0,0.002402300
postgres,1,insert_texto,-,6651,0,0.002221200
postgres,1,insert_texto,-,6652,0,0.002658200
postgres,1,insert_texto,-,6653,0,0.002571700
postgres,1,insert_texto,-,6654,0,0.003010200
postgres,1,insert_texto,-,6655,0,0.002425100
postgres,1,insert_texto,-,6656,0,0.002468700
postgres,1,insert_texto,-,6657,0,0.002559700
postgres,1,insert_texto,-,6658,0,0.002382100
postgres,1,insert_texto,-,6659,0,0.002672900
postgres,1,insert_texto,-,6660,0,0.002603300
postgres,1,insert_texto,-,6661,0,0.002752200
postgres,1,insert_texto,-,6662,0,0.002539400
postgres,1,insert_texto,-,6663,0,0.002386600
postgres,1,insert_texto,-,6664,0,0.002614900
postgres,1,insert_texto,-,6665,0,0.002511400
postgres,1,insert_texto,-,6666,0,0.002430100
postgres,1,insert_texto,-,6667,0,0.002438400
postgres,1,insert_texto,-,6668,0,0.002776400
postgres,1,insert_texto,-,6669,0,0.002904500
postgres,1,insert_texto,-,6670,0,0.002550400
postgres,1,insert_texto,-,6671,0,0.002428800
postgres,1,insert_texto,-,6672,0,0.002491000
postgres,1,insert_texto,-,6673,0,0.002472300
postgres,1,insert_texto,-,6674,0,0.002511600
postgres,1,insert_texto,-,6675,0,0.002424600
postgres,1,insert_texto,-,6676,0,0.002395900
postgres,1,insert_texto,-,6677,0,0.003438800
postgres,1,insert_texto,-,6678,0,0.002523300
postgres,1,insert_texto,-,6679,0,0.002547400
postgres,1,insert_texto,-,6680,0,0.002490000
postgres,1,insert_texto,-,6681,0,0.002741100
postgres,1,insert_texto,-,6682,0,0.003053700
postgres,1,insert_texto,-,6683,0,0.002972700
postgres,1,insert_texto,-,6684,0,0.003044000
postgres,1,insert_texto,-,6685,0,0.002735400
postgres,1,insert_texto,-,6686,0,0.002893600
postgres,1,insert_texto,-,6687,0,0.002853000
postgres,1,insert_texto,-,6688,0,0.003249100
postgres,1,insert_texto,-,6689,0,0.002881000
postgres,1,insert_texto,-,6690,0,0.002477700
postgres,1,insert_texto,-,6691,0,0.002372800
postgres,1,insert_texto,-,6692,0,0.002506200
postgres,1,insert_texto,-,6693,0,0.002350700
postgres,1,insert_texto,-,6694,0,0.002543200
postgres,1,insert_texto,-,6695,0,0.002544100
postgres,1,insert_texto,-,6696,0,0.002759900
postgres,1,insert_texto,-,6697,0,0.002683300
postgres,1,insert_texto,-,6698,0,0.002574200
postgres,1,insert_texto,-,6699,0,0.002455100
postgres,1,insert_texto,-,6700,0,0.002488200
postgres,1,insert_texto,-,6701,0,0.002353500
postgres,1,insert_texto,-,6702,0,0.002248600
postgres,1,insert_texto,-,6703,0,0.002533200
postgres,1,insert_texto,-,6704,0,0.002639500
postgres,1,insert_texto,-,6705,0,0.002414100
postgres,1,insert_texto,-,6706,0,0.002572600
postgres,1,insert_texto,-,6707,0,0.002536200
postgres,1,insert_texto,-,6708,0,0.002388900
postgres,1,insert_texto,-,6709,0,0.002444800
postgres,1,insert_texto,-,6710,0,0.002321900
postgres,1,insert_texto,-,6711,0,0.002505400
postgres,1,insert_texto,-,6712,0,0.002880800
postgres,1,insert_texto,-,6713,0,0.002490500
postgres,1,insert_texto,-,6714,0,0.002509000
postgres,1,insert_texto,-,6715,0,0.002515800
postgres,1,insert_texto,-,6716,0,0.002385300
postgres,1,insert_texto,-,6717,0,0.002256800
postgres,1,insert_texto,-,6718,0,0.002345800
postgres,1,insert_texto,-,6719,0,0.002649000
postgres,1,insert_texto,-,6720,0,0.002505600
postgres,1,insert_texto,-,6721,0,0.002515900
postgres,1,insert_texto,-,6722,0,0.002234600
postgres,1,insert_texto,-,6723,0,0.002255600
postgres,1,insert_texto,-,6724,0,0.002390800
postgres,1,insert_texto,-,6725,0,0.002590800
postgres,1,insert_texto,-,6726,0,0.002704100
postgres,1,insert_texto,-,6727,0,0.002465900
postgres,1,insert_texto,-,6728,0,0.002513600
postgres,1,insert_texto,-,6729,0,0.002504100
postgres,1,insert_texto,-,6730,0,0.002305700
postgres,1,insert_texto,-,6731,0,0.002543500
postgres,1,insert_texto,-,6732,0,0.002640000
postgres,1,insert_texto,-,6733,0,0.002553800
postgres,1,insert_texto,-,6734,0,0.002430200
postgres,1,insert_texto,-,6735,0,0.002497700
postgres,1,insert_texto,-,6736,0,0.002535800
postgres,1,insert_texto,-,6737,0,0.002572200
postgres,1,insert_texto,-,6738,0,0.002754500
postgres,1,insert_texto,-,6739,0,0.002603200
postgres,1,insert_texto,-,6740,0,0.002464500
postgres,1,insert_texto,-,6741,0,0.002318800
postgres,1,insert_texto,-,6742,0,0.002830200
postgres,1,insert_texto,-,6743,0,0.002402800
postgres,1,insert_texto,-,6744,0,0.002859100
postgres,1,insert_texto,-,6745,0,0.002548000
postgres,1,insert_texto,-,6746,0,0.002586800
postgres,1,insert_texto,-,6747,0,0.002321300
postgres,1,insert_texto,-,6748,0,0.002375700
postgres,1,insert_texto,-,6749,0,0.002429500
postgres,1,insert_texto,-,6750,0,0.002609100
postgres,1,insert_texto,-,6751,0,0.002480200
postgres,1,insert_texto,-,6752,0,0.002528100
postgres,1,insert_texto,-,6753,0,0.002476100
postgres,1,insert_texto,-,6754,0,0.002452500
postgres,1,insert_texto,-,6755,0,0.002523300
postgres,1,insert_texto,-,6756,0,0.002497800
postgres,1,insert_texto,-,6757,0,0.002427200
postgres,1,insert_texto,-,6758,0,0.002412600
postgres,1,insert_texto,-,6759,0,0.002483300
postgres,1,insert_texto,-,6760,0,0.002393700
postgres,1,insert_texto,-,6761,0,0.002792100
postgres,1,insert_texto,-,6762,0,0.002347300
postgres,1,insert_texto,-,6763,0,0.003081700
postgres,1,insert_texto,-,6764,0,0.002400900
postgres,1,insert_texto,-,6765,0,0.002357000
postgres,1,insert_texto,-,6766,0,0.002321700
postgres,1,insert_texto,-,6767,0,0.002749700
postgres,1,insert_texto,-,6768,0,0.002491800
postgres,1,insert_texto,-,6769,0,0.002699700
postgres,1,insert_texto,-,6770,0,0.002457500
postgres,1,insert_texto,-,6771,0,0.002236900
postgres,1,insert_texto,-,6772,0,0.002262900
postgres,1,insert_texto,-,6773,0,0.002369000
postgres,1,insert_texto,-,6774,0,0.004151400
postgres,1,insert_texto,-,6775,0,0.003724000
postgres,1,insert_texto,-,6776,0,0.003457800
postgres,1,insert_texto,-,6777,0,0.002987800
postgres,1,insert_texto,-,6778,0,0.002926900
postgres,1,insert_texto,-,6779,0,0.002987600
postgres,1,insert_texto,-,6780,0,0.002853900
postgres,1,insert_texto,-,6781,0,0.002684300
postgres,1,insert_texto,-,6782,0,0.002952300
postgres,1,insert_texto,-,6783,0,0.003040400
postgres,1,insert_texto,-,6784,0,0.003137300
postgres,1,insert_texto,-,6785,0,0.002629000
postgres,1,insert_texto,-,6786,0,0.002898200
postgres,1,insert_texto,-,6787,0,0.002845300
postgres,1,insert_texto,-,6788,0,0.002502600
postgres,1,insert_texto,-,6789,0,0.002586300
postgres,1,insert_texto,-,6790,0,0.002631200
postgres,1,insert_texto,-,6791,0,0.002678700
postgres,1,insert_texto,-,6792,0,0.002674700
postgres,1,insert_texto,-,6793,0,0.002640900
postgres,1,insert_texto,-,6794,0,0.002850800
postgres,1,insert_texto,-,6795,0,0.002864900
postgres,1,insert_texto,-,6796,0,0.002533400
postgres,1,insert_texto,-,6797,0,0.002593100
postgres,1,insert_texto,-,6798,0,0.002548700
postgres,1,insert_texto,-,6799,0,0.002596500
postgres,1,insert_texto,-,6800,0,0.002718400
postgres,1,insert_texto,-,6801,0,0.003031800
postgres,1,insert_texto,-,6802,0,0.002537900
postgres,1,insert_texto,-,6803,0,0.002620100
postgres,1,insert_texto,-,6804,0,0.002760600
postgres,1,insert_texto,-,6805,0,0.002797400
postgres,1,insert_texto,-,6806,0,0.002738800
postgres,1,insert_texto,-,6807,0,0.003008400
postgres,1,insert_texto,-,6808,0,0.002704700
postgres,1,insert_texto,-,6809,0,0.002771400
postgres,1,insert_texto,-,6810,0,0.002587300
postgres,1,insert_texto,-,6811,0,0.002489800
postgres,1,insert_texto,-,6812,0,0.002758400
postgres,1,insert_texto,-,6813,0,0.002708000
postgres,1,insert_texto,-,6814,0,0.002831000
postgres,1,insert_texto,-,6815,0,0.002307700
postgres,1,insert_texto,-,6816,0,0.002510900
postgres,1,insert_texto,-,6817,0,0.002766200
postgres,1,insert_texto,-,6818,0,0.002630500
postgres,1,insert_texto,-,6819,0,0.002880100
postgres,1,insert_texto,-,6820,0,0.002865400
postgres,1,insert_texto,-,6821,0,0.002319800
postgres,1,insert_texto,-,6822,0,0.002448900
postgres,1,insert_texto,-,6823,0,0.002713000
postgres,1,insert_texto,-,6824,0,0.002701500
postgres,1,insert_texto,-,6825,0,0.002525600
postgres,1,insert_texto,-,6826,0,0.002668400
postgres,1,insert_texto,-,6827,0,0.002623200
postgres,1,insert_texto,-,6828,0,0.002781500
postgres,1,insert_texto,-,6829,0,0.002807600
postgres,1,insert_texto,-,6830,0,0.002693900
postgres,1,insert_texto,-,6831,0,0.002599700
postgres,1,insert_texto,-,6832,0,0.002829300
postgres,1,insert_texto,-,6833,0,0.002587500
postgres,1,insert_texto,-,6834,0,0.002524000
postgres,1,insert_texto,-,6835,0,0.002488500
postgres,1,insert_texto,-,6836,0,0.002818800
postgres,1,insert_texto,-,6837,0,0.002556800
postgres,1,insert_texto,-,6838,0,0.002597400
postgres,1,insert_texto,-,6839,0,0.002595800
postgres,1,insert_texto,-,6840,0,0.002688700
postgres,1,insert_texto,-,6841,0,0.002568200
postgres,1,insert_texto,-,6842,0,0.002592200
postgres,1,insert_texto,-,6843,0,0.002631500
postgres,1,insert_texto,-,6844,0,0.002773200
postgres,1,insert_texto,-,6845,0,0.002500500
postgres,1,insert_texto,-,6846,0,0.002612000
postgres,1,insert_texto,-,6847,0,0.002904800
postgres,1,insert_texto,-,6848,0,0.002840100
postgres,1,insert_texto,-,6849,0,0.002799000
postgres,1,insert_texto,-,6850,0,0.002745900
postgres,1,insert_texto,-,6851,0,0.002739200
postgres,1,insert_texto,-,6852,0,0.002621800
postgres,1,insert_texto,-,6853,0,0.002694800
postgres,1,insert_texto,-,6854,0,0.002767200
postgres,1,insert_texto,-,6855,0,0.002530600
postgres,1,insert_texto,-,6856,0,0.002658500
postgres,1,insert_texto,-,6857,0,0.002551900
postgres,1,insert_texto,-,6858,0,0.002661900
postgres,1,insert_texto,-,6859,0,0.002737400
postgres,1,insert_texto,-,6860,0,0.002931200
postgres,1,insert_texto,-,6861,0,0.003000000
postgres,1,insert_texto,-,6862,0,0.002586300
postgres,1,insert_texto,-,6863,0,0.002416000
postgres,1,insert_texto,-,6864,0,0.002501400
postgres,1,insert_texto,-,6865,0,0.002467500
postgres,1,insert_texto,-,6866,0,0.002684400
postgres,1,insert_texto,-,6867,0,0.002764800
postgres,1,insert_texto,-,6868,0,0.002512700
postgres,1,insert_texto,-,6869,0,0.002411400
postgres,1,insert_texto,-,6870,0,0.002873500
postgres,1,insert_texto,-,6871,0,0.003254100
postgres,1,insert_texto,-,6872,0,0.003197800
postgres,1,insert_texto,-,6873,0,0.002982000
postgres,1,insert_texto,-,6874,0,0.003148900
postgres,1,insert_texto,-,6875,0,0.002801100
postgres,1,insert_texto,-,6876,0,0.003234500
postgres,1,insert_texto,-,6877,0,0.003567000
postgres,1,insert_texto,-,6878,0,0.002573600
postgres,1,insert_texto,-,6879,0,0.002537400
postgres,1,insert_texto,-,6880,0,0.002437500
postgres,1,insert_texto,-,6881,0,0.003160100
postgres,1,insert_texto,-,6882,0,0.002842600
postgres,1,insert_texto,-,6883,0,0.002910600
postgres,1,insert_texto,-,6884,0,0.002865800
postgres,1,insert_texto,-,6885,0,0.002892800
postgres,1,insert_texto,-,6886,0,0.002627800
postgres,1,insert_texto,-,6887,0,0.002415000
postgres,1,insert_texto,-,6888,0,0.002503700
postgres,1,insert_texto,-,6889,0,0.002574100
postgres,1,insert_texto,-,6890,0,0.002688500
postgres,1,insert_texto,-,6891,0,0.002846200
postgres,1,insert_texto,-,6892,0,0.002746300
postgres,1,insert_texto,-,6893,0,0.002671000
postgres,1,insert_texto,-,6894,0,0.002414300
postgres,1,insert_texto,-,6895,0,0.002603800
postgres,1,insert_texto,-,6896,0,0.002454600
postgres,1,insert_texto,-,6897,0,0.002384700
postgres,1,insert_texto,-,6898,0,0.002433000
postgres,1,insert_texto,-,6899,0,0.002482600
postgres,1,insert_texto,-,6900,0,0.002498300
postgres,1,insert_texto,-,6901,0,0.002354000
postgres,1,insert_texto,-,6902,0,0.002294700
postgres,1,insert_texto,-,6903,0,0.002397400
postgres,1,insert_texto,-,6904,0,0.002474700
postgres,1,insert_texto,-,6905,0,0.002591700
postgres,1,insert_texto,-,6906,0,0.002649800
postgres,1,insert_texto,-,6907,0,0.002330000
postgres,1,insert_texto,-,6908,0,0.002412000
postgres,1,insert_texto,-,6909,0,0.002513200
postgres,1,insert_texto,-,6910,0,0.002296400
postgres,1,insert_texto,-,6911,0,0.002591100
postgres,1,insert_texto,-,6912,0,0.003435700
postgres,1,insert_texto,-,6913,0,0.002708300
postgres,1,insert_texto,-,6914,0,0.002830900
postgres,1,insert_texto,-,6915,0,0.002432500
postgres,1,insert_texto,-,6916,0,0.002591200
postgres,1,insert_texto,-,6917,0,0.002503300
postgres,1,insert_texto,-,6918,0,0.002308300
postgres,1,insert_texto,-,6919,0,0.002431000
postgres,1,insert_texto,-,6920,0,0.002595100
postgres,1,insert_texto,-,6921,0,0.002480400
postgres,1,insert_texto,-,6922,0,0.002554800
postgres,1,insert_texto,-,6923,0,0.002288900
postgres,1,insert_texto,-,6924,0,0.002873800
postgres,1,insert_texto,-,6925,0,0.002683900
postgres,1,insert_texto,-,6926,0,0.002624300
postgres,1,insert_texto,-,6927,0,0.002699900
postgres,1,insert_texto,-,6928,0,0.002546500
postgres,1,insert_texto,-,6929,0,0.002586300
postgres,1,insert_texto,-,6930,0,0.002440600
postgres,1,insert_texto,-,6931,0,0.002751700
postgres,1,insert_texto,-,6932,0,0.002513600
postgres,1,insert_texto,-,6933,0,0.002447900
postgres,1,insert_texto,-,6934,0,0.002519100
postgres,1,insert_texto,-,6935,0,0.002691100
postgres,1,insert_texto,-,6936,0,0.002689500
postgres,1,insert_texto,-,6937,0,0.002725600
postgres,1,insert_texto,-,6938,0,0.002578300
postgres,1,insert_texto,-,6939,0,0.002648100
postgres,1,insert_texto,-,6940,0,0.002625500
postgres,1,insert_texto,-,6941,0,0.002538500
postgres,1,insert_texto,-,6942,0,0.002454100
postgres,1,insert_texto,-,6943,0,0.002867700
postgres,1,insert_texto,-,6944,0,0.002601300
postgres,1,insert_texto,-,6945,0,0.002579700
postgres,1,insert_texto,-,6946,0,0.002488500
postgres,1,insert_texto,-,6947,0,0.002730600
postgres,1,insert_texto,-,6948,0,0.002747000
postgres,1,insert_texto,-,6949,0,0.003181700
postgres,1,insert_texto,-,6950,0,0.002447500
postgres,1,insert_texto,-,6951,0,0.002570900
postgres,1,insert_texto,-,6952,0,0.002466700
postgres,1,insert_texto,-,6953,0,0.002520000
postgres,1,insert_texto,-,6954,0,0.002831300
postgres,1,insert_texto,-,6955,0,0.002765100
postgres,1,insert_texto,-,6956,0,0.002507400
postgres,1,insert_texto,-,6957,0,0.002519400
postgres,1,insert_texto,-,6958,0,0.002503200
postgres,1,insert_texto,-,6959,0,0.002548600
postgres,1,insert_texto,-,6960,0,0.003049600
postgres,1,insert_texto,-,6961,0,0.002994800
postgres,1,insert_texto,-,6962,0,0.002506100
postgres,1,insert_texto,-,6963,0,0.002554700
postgres,1,insert_texto,-,6964,0,0.002566400
postgres,1,insert_texto,-,6965,0,0.003145900
postgres,1,insert_texto,-,6966,0,0.003089600
postgres,1,insert_texto,-,6967,0,0.002905900
postgres,1,insert_texto,-,6968,0,0.002763400
postgres,1,insert_texto,-,6969,0,0.002896400
postgres,1,insert_texto,-,6970,0,0.003363300
postgres,1,insert_texto,-,6971,0,0.002916000
postgres,1,insert_texto,-,6972,0,0.002758100
postgres,1,insert_texto,-,6973,0,0.002586600
postgres,1,insert_texto,-,6974,0,0.002721100
postgres,1,insert_texto,-,6975,0,0.002375800
postgres,1,insert_texto,-,6976,0,0.003086700
postgres,1,insert_texto,-,6977,0,0.002695300
postgres,1,insert_texto,-,6978,0,0.002723600
postgres,1,insert_texto,-,6979,0,0.002516100
postgres,1,insert_texto,-,6980,0,0.002543200
postgres,1,insert_texto,-,6981,0,0.002532200
postgres,1,insert_texto,-,6982,0,0.002729900
postgres,1,insert_texto,-,6983,0,0.002703800
postgres,1,insert_texto,-,6984,0,0.002432200
postgres,1,insert_texto,-,6985,0,0.002537500
postgres,1,insert_texto,-,6986,0,0.002546500
postgres,1,insert_texto,-,6987,0,0.002720900
postgres,1,insert_texto,-,6988,0,0.002915300
postgres,1,insert_texto,-,6989,0,0.002755600
postgres,1,insert_texto,-,6990,0,0.002431000
postgres,1,insert_texto,-,6991,0,0.002476100
postgres,1,insert_texto,-,6992,0,0.002717000
postgres,1,insert_texto,-,6993,0,0.002455900
postgres,1,insert_texto,-,6994,0,0.002665400
postgres,1,insert_texto,-,6995,0,0.002786700
postgres,1,insert_texto,-,6996,0,0.002511500
postgres,1,insert_texto,-,6997,0,0.002316500
postgres,1,insert_texto,-,6998,0,0.002531400
postgres,1,insert_texto,-,6999,0,0.002683500
postgres,1,insert_texto,-,7000,0,0.002646400
postgres,1,insert_texto,-,7001,0,0.002789500
postgres,1,insert_texto,-,7002,0,0.002637600
postgres,1,insert_texto,-,7003,0,0.002706700
postgres,1,insert_texto,-,7004,0,0.002607400
postgres,1,insert_texto,-,7005,0,0.003104300
postgres,1,insert_texto,-,7006,0,0.002455700
postgres,1,insert_texto,-,7007,0,0.002345600
postgres,1,insert_texto,-,7008,0,0.002682700
postgres,1,insert_texto,-,7009,0,0.002562300
postgres,1,insert_texto,-,7010,0,0.002520400
postgres,1,insert_texto,-,7011,0,0.002730900
postgres,1,insert_texto,-,7012,0,0.002446300
postgres,1,insert_texto,-,7013,0,0.002431500
postgres,1,insert_texto,-,7014,0,0.002569800
postgres,1,insert_texto,-,7015,0,0.002739000
postgres,1,insert_texto,-,7016,0,0.002466200
postgres,1,insert_texto,-,7017,0,0.002510500
postgres,1,insert_texto,-,7018,0,0.003017400
postgres,1,insert_texto,-,7019,0,0.002524600
postgres,1,insert_texto,-,7020,0,0.002601700
postgres,1,insert_texto,-,7021,0,0.002511800
postgres,1,insert_texto,-,7022,0,0.002354500
postgres,1,insert_texto,-,7023,0,0.002621000
postgres,1,insert_texto,-,7024,0,0.002923100
postgres,1,insert_texto,-,7025,0,0.002787300
postgres,1,insert_texto,-,7026,0,0.002660700
postgres,1,insert_texto,-,7027,0,0.002496700
postgres,1,insert_texto,-,7028,0,0.002403100
postgres,1,insert_texto,-,7029,0,0.002473500
postgres,1,insert_texto,-,7030,0,0.002528000
postgres,1,insert_texto,-,7031,0,0.002578900
postgres,1,insert_texto,-,7032,0,0.002869100
postgres,1,insert_texto,-,7033,0,0.002613800
postgres,1,insert_texto,-,7034,0,0.002628200
postgres,1,insert_texto,-,7035,0,0.002508500
postgres,1,insert_texto,-,7036,0,0.002766400
postgres,1,insert_texto,-,7037,0,0.003008800
postgres,1,insert_texto,-,7038,0,0.002482100
postgres,1,insert_texto,-,7039,0,0.002734500
postgres,1,insert_texto,-,7040,0,0.002797200
postgres,1,insert_texto,-,7041,0,0.002690000
postgres,1,insert_texto,-,7042,0,0.003051400
postgres,1,insert_texto,-,7043,0,0.003063800
postgres,1,insert_texto,-,7044,0,0.002701400
postgres,1,insert_texto,-,7045,0,0.002996100
postgres,1,insert_texto,-,7046,0,0.002695700
postgres,1,insert_texto,-,7047,0,0.002905600
postgres,1,insert_texto,-,7048,0,0.002704700
postgres,1,insert_texto,-,7049,0,0.002775100
postgres,1,insert_texto,-,7050,0,0.002667000
postgres,1,insert_texto,-,7051,0,0.002476200
postgres,1,insert_texto,-,7052,0,0.002653000
postgres,1,insert_texto,-,7053,0,0.002734400
postgres,1,insert_texto,-,7054,0,0.002537900
postgres,1,insert_texto,-,7055,0,0.002505300
postgres,1,insert_texto,-,7056,0,0.002616000
postgres,1,insert_texto,-,7057,0,0.002597200
postgres,1,insert_texto,-,7058,0,0.002644500
postgres,1,insert_texto,-,7059,0,0.002940400
postgres,1,insert_texto,-,7060,0,0.002881500
postgres,1,insert_texto,-,7061,0,0.002832700
postgres,1,insert_texto,-,7062,0,0.002785200
postgres,1,insert_texto,-,7063,0,0.002856600
postgres,1,insert_texto,-,7064,0,0.003370700
postgres,1,insert_texto,-,7065,0,0.003104700
postgres,1,insert_texto,-,7066,0,0.002803200
postgres,1,insert_texto,-,7067,0,0.002883200
postgres,1,insert_texto,-,7068,0,0.002638900
postgres,1,insert_texto,-,7069,0,0.002714000
postgres,1,insert_texto,-,7070,0,0.002674800
postgres,1,insert_texto,-,7071,0,0.002508600
postgres,1,insert_texto,-,7072,0,0.002735300
postgres,1,insert_texto,-,7073,0,0.002461900
postgres,1,insert_texto,-,7074,0,0.002719000
postgres,1,insert_texto,-,7075,0,0.002517000
postgres,1,insert_texto,-,7076,0,0.002545400
postgres,1,insert_texto,-,7077,0,0.002676800
postgres,1,insert_texto,-,7078,0,0.002461400
postgres,1,insert_texto,-,7079,0,0.002389700
postgres,1,insert_texto,-,7080,0,0.002479900
postgres,1,insert_texto,-,7081,0,0.002641200
postgres,1,insert_texto,-,7082,0,0.002621200
postgres,1,insert_texto,-,7083,0,0.002665000
postgres,1,insert_texto,-,7084,0,0.002589600
postgres,1,insert_texto,-,7085,0,0.002440300
postgres,1,insert_texto,-,7086,0,0.002694200
postgres,1,insert_texto,-,7087,0,0.002355200
postgres,1,insert_texto,-,7088,0,0.002652500
postgres,1,insert_texto,-,7089,0,0.002640500
postgres,1,insert_texto,-,7090,0,0.002374200
postgres,1,insert_texto,-,7091,0,0.002650100
postgres,1,insert_texto,-,7092,0,0.002462600
postgres,1,insert_texto,-,7093,0,0.002693700
postgres,1,insert_texto,-,7094,0,0.002865300
postgres,1,insert_texto,-,7095,0,0.002579400
postgres,1,insert_texto,-,7096,0,0.002743700
postgres,1,insert_texto,-,7097,0,0.002665400
postgres,1,insert_texto,-,7098,0,0.002714500
postgres,1,insert_texto,-,7099,0,0.002783300
postgres,1,insert_texto,-,7100,0,0.003057500
postgres,1,insert_texto,-,7101,0,0.002648500
postgres,1,insert_texto,-,7102,0,0.002434900
postgres,1,insert_texto,-,7103,0,0.002683000
postgres,1,insert_texto,-,7104,0,0.002893700
postgres,1,insert_texto,-,7105,0,0.002435400
postgres,1,insert_texto,-,7106,0,0.002580600
postgres,1,insert_texto,-,7107,0,0.002748200
postgres,1,insert_texto,-,7108,0,0.002459800
postgres,1,insert_texto,-,7109,0,0.002648300
postgres,1,insert_texto,-,7110,0,0.002568800
postgres,1,insert_texto,-,7111,0,0.002684300
postgres,1,insert_texto,-,7112,0,0.002587400
postgres,1,insert_texto,-,7113,0,0.002638600
postgres,1,insert_texto,-,7114,0,0.002589900
postgres,1,insert_texto,-,7115,0,0.002987200
postgres,1,insert_texto,-,7116,0,0.002883500
postgres,1,insert_texto,-,7117,0,0.002601000
postgres,1,insert_texto,-,7118,0,0.002706300
postgres,1,insert_texto,-,7119,0,0.002491300
postgres,1,insert_texto,-,7120,0,0.002559600
postgres,1,insert_texto,-,7121,0,0.002822300
postgres,1,insert_texto,-,7122,0,0.002892700
postgres,1,insert_texto,-,7123,0,0.002712600
postgres,1,insert_texto,-,7124,0,0.002516000
postgres,1,insert_texto,-,7125,0,0.002631500
postgres,1,insert_texto,-,7126,0,0.002581200
postgres,1,insert_texto,-,7127,0,0.002427200
postgres,1,insert_texto,-,7128,0,0.002689400
postgres,1,insert_texto,-,7129,0,0.002443700
postgres,1,insert_texto,-,7130,0,0.002835900
postgres,1,insert_texto,-,7131,0,0.002672300
postgres,1,insert_texto,-,7132,0,0.002456400
postgres,1,insert_texto,-,7133,0,0.002814800
postgres,1,insert_texto,-,7134,0,0.002653100
postgres,1,insert_texto,-,7135,0,0.002550100
postgres,1,insert_texto,-,7136,0,0.003197100
postgres,1,insert_texto,-,7137,0,0.002884300
postgres,1,insert_texto,-,7138,0,0.002597600
postgres,1,insert_texto,-,7139,0,0.002613800
postgres,1,insert_texto,-,7140,0,0.002527400
postgres,1,insert_texto,-,7141,0,0.002556200
postgres,1,insert_texto,-,7142,0,0.002620900
postgres,1,insert_texto,-,7143,0,0.003117400
postgres,1,insert_texto,-,7144,0,0.002777200
postgres,1,insert_texto,-,7145,0,0.002612700
postgres,1,insert_texto,-,7146,0,0.002541600
postgres,1,insert_texto,-,7147,0,0.002574200
postgres,1,insert_texto,-,7148,0,0.002610200
postgres,1,insert_texto,-,7149,0,0.002664200
postgres,1,insert_texto,-,7150,0,0.002935700
postgres,1,insert_texto,-,7151,0,0.002679600
postgres,1,insert_texto,-,7152,0,0.002700600
postgres,1,insert_texto,-,7153,0,0.002656500
postgres,1,insert_texto,-,7154,0,0.003024300
postgres,1,insert_texto,-,7155,0,0.002967100
postgres,1,insert_texto,-,7156,0,0.003418600
postgres,1,insert_texto,-,7157,0,0.002869900
postgres,1,insert_texto,-,7158,0,0.003239100
postgres,1,insert_texto,-,7159,0,0.002992600
postgres,1,insert_texto,-,7160,0,0.003080200
postgres,1,insert_texto,-,7161,0,0.002917000
postgres,1,insert_texto,-,7162,0,0.003082600
postgres,1,insert_texto,-,7163,0,0.002397600
postgres,1,insert_texto,-,7164,0,0.003150800
postgres,1,insert_texto,-,7165,0,0.002478000
postgres,1,insert_texto,-,7166,0,0.002757700
postgres,1,insert_texto,-,7167,0,0.002546200
postgres,1,insert_texto,-,7168,0,0.002903700
postgres,1,insert_texto,-,7169,0,0.002638400
postgres,1,insert_texto,-,7170,0,0.002784500
postgres,1,insert_texto,-,7171,0,0.002446200
postgres,1,insert_texto,-,7172,0,0.002659100
postgres,1,insert_texto,-,7173,0,0.002844300
postgres,1,insert_texto,-,7174,0,0.002518500
postgres,1,insert_texto,-,7175,0,0.002434400
postgres,1,insert_texto,-,7176,0,0.002579900
postgres,1,insert_texto,-,7177,0,0.002492100
postgres,1,insert_texto,-,7178,0,0.002528400
postgres,1,insert_texto,-,7179,0,0.003249200
postgres,1,insert_texto,-,7180,0,0.002777700
postgres,1,insert_texto,-,7181,0,0.002418100
postgres,1,insert_texto,-,7182,0,0.002490500
postgres,1,insert_texto,-,7183,0,0.002475400
postgres,1,insert_texto,-,7184,0,0.002530100
postgres,1,insert_texto,-,7185,0,0.002872900
postgres,1,insert_texto,-,7186,0,0.002583100
postgres,1,insert_texto,-,7187,0,0.002513700
postgres,1,insert_texto,-,7188,0,0.002953100
postgres,1,insert_texto,-,7189,0,0.002734000
postgres,1,insert_texto,-,7190,0,0.002741600
postgres,1,insert_texto,-,7191,0,0.002712400
postgres,1,insert_texto,-,7192,0,0.002502500
postgres,1,insert_texto,-,7193,0,0.002771100
postgres,1,insert_texto,-,7194,0,0.002501900
postgres,1,insert_texto,-,7195,0,0.002815500
postgres,1,insert_texto,-,7196,0,0.002732200
postgres,1,insert_texto,-,7197,0,0.002640500
postgres,1,insert_texto,-,7198,0,0.002449300
postgres,1,insert_texto,-,7199,0,0.002865500
postgres,1,insert_texto,-,7200,0,0.002538700
postgres,1,insert_texto,-,7201,0,0.002683700
postgres,1,insert_texto,-,7202,0,0.002721400
postgres,1,insert_texto,-,7203,0,0.002838500
postgres,1,insert_texto,-,7204,0,0.002561200
postgres,1,insert_texto,-,7205,0,0.002769000
postgres,1,insert_texto,-,7206,0,0.002466200
postgres,1,insert_texto,-,7207,0,0.002437000
postgres,1,insert_texto,-,7208,0,0.002963700
postgres,1,insert_texto,-,7209,0,0.002830900
postgres,1,insert_texto,-,7210,0,0.002406700
postgres,1,insert_texto,-,7211,0,0.002662300
postgres,1,insert_texto,-,7212,0,0.002584900
postgres,1,insert_texto,-,7213,0,0.002569700
postgres,1,insert_texto,-,7214,0,0.002514100
postgres,1,insert_texto,-,7215,0,0.002605900
postgres,1,insert_texto,-,7216,0,0.002831300
postgres,1,insert_texto,-,7217,0,0.002349600
postgres,1,insert_texto,-,7218,0,0.002539000
postgres,1,insert_texto,-,7219,0,0.002495800
postgres,1,insert_texto,-,7220,0,0.002510900
postgres,1,insert_texto,-,7221,0,0.003034700
postgres,1,insert_texto,-,7222,0,0.002461600
postgres,1,insert_texto,-,7223,0,0.002570700
postgres,1,insert_texto,-,7224,0,0.002626800
postgres,1,insert_texto,-,7225,0,0.002470400
postgres,1,insert_texto,-,7226,0,0.002637000
postgres,1,insert_texto,-,7227,0,0.002720300
postgres,1,insert_texto,-,7228,0,0.002476400
postgres,1,insert_texto,-,7229,0,0.002678400
postgres,1,insert_texto,-,7230,0,0.002484600
postgres,1,insert_texto,-,7231,0,0.002841700
postgres,1,insert_texto,-,7232,0,0.002560100
postgres,1,insert_texto,-,7233,0,0.002718700
postgres,1,insert_texto,-,7234,0,0.002476800
postgres,1,insert_texto,-,7235,0,0.002630400
postgres,1,insert_texto,-,7236,0,0.002542300
postgres,1,insert_texto,-,7237,0,0.002394300
postgres,1,insert_texto,-,7238,0,0.002588100
postgres,1,insert_texto,-,7239,0,0.002855700
postgres,1,insert_texto,-,7240,0,0.002634200
postgres,1,insert_texto,-,7241,0,0.002789000
postgres,1,insert_texto,-,7242,0,0.002568900
postgres,1,insert_texto,-,7243,0,0.002525300
postgres,1,insert_texto,-,7244,0,0.002612400
postgres,1,insert_texto,-,7245,0,0.002739300
postgres,1,insert_texto,-,7246,0,0.002772100
postgres,1,insert_texto,-,7247,0,0.002835400
postgres,1,insert_texto,-,7248,0,0.002560700
postgres,1,insert_texto,-,7249,0,0.002483300
postgres,1,insert_texto,-,7250,0,0.003032300
postgres,1,insert_texto,-,7251,0,0.003363500
postgres,1,insert_texto,-,7252,0,0.002897900
postgres,1,insert_texto,-,7253,0,0.003128300
postgres,1,insert_texto,-,7254,0,0.002867900
postgres,1,insert_texto,-,7255,0,0.002949900
postgres,1,insert_texto,-,7256,0,0.003131200
postgres,1,insert_texto,-,7257,0,0.003187700
postgres,1,insert_texto,-,7258,0,0.002499100
postgres,1,insert_texto,-,7259,0,0.002550900
postgres,1,insert_texto,-,7260,0,0.002703300
postgres,1,insert_texto,-,7261,0,0.002574000
postgres,1,insert_texto,-,7262,0,0.002693600
postgres,1,insert_texto,-,7263,0,0.002856600
postgres,1,insert_texto,-,7264,0,0.002536900
postgres,1,insert_texto,-,7265,0,0.002728900
postgres,1,insert_texto,-,7266,0,0.002732100
postgres,1,insert_texto,-,7267,0,0.002542800
postgres,1,insert_texto,-,7268,0,0.002681600
postgres,1,insert_texto,-,7269,0,0.003044000
postgres,1,insert_texto,-,7270,0,0.002666400
postgres,1,insert_texto,-,7271,0,0.002660800
postgres,1,insert_texto,-,7272,0,0.002456100
postgres,1,insert_texto,-,7273,0,0.002832600
postgres,1,insert_texto,-,7274,0,0.002724500
postgres,1,insert_texto,-,7275,0,0.002472500
postgres,1,insert_texto,-,7276,0,0.002727600
postgres,1,insert_texto,-,7277,0,0.002551400
postgres,1,insert_texto,-,7278,0,0.002456000
postgres,1,insert_texto,-,7279,0,0.002650800
postgres,1,insert_texto,-,7280,0,0.002733900
postgres,1,insert_texto,-,7281,0,0.002494900
postgres,1,insert_texto,-,7282,0,0.002448300
postgres,1,insert_texto,-,7283,0,0.002851300
postgres,1,insert_texto,-,7284,0,0.003467200
postgres,1,insert_texto,-,7285,0,0.003110000
postgres,1,insert_texto,-,7286,0,0.002836200
postgres,1,insert_texto,-,7287,0,0.002615100
postgres,1,insert_texto,-,7288,0,0.002640100
postgres,1,insert_texto,-,7289,0,0.002554500
postgres,1,insert_texto,-,7290,0,0.002755000
postgres,1,insert_texto,-,7291,0,0.002783400
postgres,1,insert_texto,-,7292,0,0.002509700
postgres,1,insert_texto,-,7293,0,0.002675700
postgres,1,insert_texto,-,7294,0,0.002875100
postgres,1,insert_texto,-,7295,0,0.002343500
postgres,1,insert_texto,-,7296,0,0.002675900
postgres,1,insert_texto,-,7297,0,0.002791800
postgres,1,insert_texto,-,7298,0,0.002546100
postgres,1,insert_texto,-,7299,0,0.002610300
postgres,1,insert_texto,-,7300,0,0.002690100
postgres,1,insert_texto,-,7301,0,0.002531700
postgres,1,insert_texto,-,7302,0,0.002490400
postgres,1,insert_texto,-,7303,0,0.002566000
postgres,1,insert_texto,-,7304,0,0.002777700
postgres,1,insert_texto,-,7305,0,0.002966400
postgres,1,insert_texto,-,7306,0,0.002831400
postgres,1,insert_texto,-,7307,0,0.002439100
postgres,1,insert_texto,-,7308,0,0.002459900
postgres,1,insert_texto,-,7309,0,0.002824500
postgres,1,insert_texto,-,7310,0,0.002548500
postgres,1,insert_texto,-,7311,0,0.002663000
postgres,1,insert_texto,-,7312,0,0.002474200
postgres,1,insert_texto,-,7313,0,0.002369200
postgres,1,insert_texto,-,7314,0,0.002469000
postgres,1,insert_texto,-,7315,0,0.002522200
postgres,1,insert_texto,-,7316,0,0.002551900
postgres,1,insert_texto,-,7317,0,0.002674200
postgres,1,insert_texto,-,7318,0,0.002532900
postgres,1,insert_texto,-,7319,0,0.002513500
postgres,1,insert_texto,-,7320,0,0.002667300
postgres,1,insert_texto,-,7321,0,0.002575900
postgres,1,insert_texto,-,7322,0,0.002399000
postgres,1,insert_texto,-,7323,0,0.002740200
postgres,1,insert_texto,-,7324,0,0.002546900
postgres,1,insert_texto,-,7325,0,0.002729600
postgres,1,insert_texto,-,7326,0,0.002567300
postgres,1,insert_texto,-,7327,0,0.002630900
postgres,1,insert_texto,-,7328,0,0.002715100
postgres,1,insert_texto,-,7329,0,0.002659100
postgres,1,insert_texto,-,7330,0,0.002543200
postgres,1,insert_texto,-,7331,0,0.002640200
postgres,1,insert_texto,-,7332,0,0.002370100
postgres,1,insert_texto,-,7333,0,0.002712000
postgres,1,insert_texto,-,7334,0,0.002521200
postgres,1,insert_texto,-,7335,0,0.002654300
postgres,1,insert_texto,-,7336,0,0.002572000
postgres,1,insert_texto,-,7337,0,0.002491300
postgres,1,insert_texto,-,7338,0,0.002599400
postgres,1,insert_texto,-,7339,0,0.002692600
postgres,1,insert_texto,-,7340,0,0.002776000
postgres,1,insert_texto,-,7341,0,0.002416100
postgres,1,insert_texto,-,7342,0,0.002496600
postgres,1,insert_texto,-,7343,0,0.002751000
postgres,1,insert_texto,-,7344,0,0.002678200
postgres,1,insert_texto,-,7345,0,0.002640000
postgres,1,insert_texto,-,7346,0,0.002921800
postgres,1,insert_texto,-,7347,0,0.003142200
postgres,1,insert_texto,-,7348,0,0.003063700
postgres,1,insert_texto,-,7349,0,0.003277900
postgres,1,insert_texto,-,7350,0,0.002878200
postgres,1,insert_texto,-,7351,0,0.003353400
postgres,1,insert_texto,-,7352,0,0.002927500
postgres,1,insert_texto,-,7353,0,0.002612600
postgres,1,insert_texto,-,7354,0,0.002767000
postgres,1,insert_texto,-,7355,0,0.002775500
postgres,1,insert_texto,-,7356,0,0.002572100
postgres,1,insert_texto,-,7357,0,0.002484700
postgres,1,insert_texto,-,7358,0,0.002524600
postgres,1,insert_texto,-,7359,0,0.002556600
postgres,1,insert_texto,-,7360,0,0.002934900
postgres,1,insert_texto,-,7361,0,0.002651000
postgres,1,insert_texto,-,7362,0,0.002627400
postgres,1,insert_texto,-,7363,0,0.002502600
postgres,1,insert_texto,-,7364,0,0.002850300
postgres,1,insert_texto,-,7365,0,0.002619800
postgres,1,insert_texto,-,7366,0,0.002567600
postgres,1,insert_texto,-,7367,0,0.002736000
postgres,1,insert_texto,-,7368,0,0.002581300
postgres,1,insert_texto,-,7369,0,0.002573400
postgres,1,insert_texto,-,7370,0,0.002649500
postgres,1,insert_texto,-,7371,0,0.002660900
postgres,1,insert_texto,-,7372,0,0.002884500
postgres,1,insert_texto,-,7373,0,0.002876100
postgres,1,insert_texto,-,7374,0,0.002434000
postgres,1,insert_texto,-,7375,0,0.002471500
postgres,1,insert_texto,-,7376,0,0.002682800
postgres,1,insert_texto,-,7377,0,0.002882000
postgres,1,insert_texto,-,7378,0,0.002546100
postgres,1,insert_texto,-,7379,0,0.002739700
postgres,1,insert_texto,-,7380,0,0.002551500
postgres,1,insert_texto,-,7381,0,0.002641100
postgres,1,insert_texto,-,7382,0,0.002651900
postgres,1,insert_texto,-,7383,0,0.002683100
postgres,1,insert_texto,-,7384,0,0.002517400
postgres,1,insert_texto,-,7385,0,0.002371500
postgres,1,insert_texto,-,7386,0,0.002538200
postgres,1,insert_texto,-,7387,0,0.002543700
postgres,1,insert_texto,-,7388,0,0.002517400
postgres,1,insert_texto,-,7389,0,0.002783600
postgres,1,insert_texto,-,7390,0,0.002639400
postgres,1,insert_texto,-,7391,0,0.002711200
postgres,1,insert_texto,-,7392,0,0.002737400
postgres,1,insert_texto,-,7393,0,0.002567500
postgres,1,insert_texto,-,7394,0,0.002562500
postgres,1,insert_texto,-,7395,0,0.003033600
postgres,1,insert_texto,-,7396,0,0.002728700
postgres,1,insert_texto,-,7397,0,0.002666500
postgres,1,insert_texto,-,7398,0,0.002548900
postgres,1,insert_texto,-,7399,0,0.002638400
postgres,1,insert_texto,-,7400,0,0.002521100
postgres,1,insert_texto,-,7401,0,0.002934800
postgres,1,insert_texto,-,7402,0,0.002608800
postgres,1,insert_texto,-,7403,0,0.002545100
postgres,1,insert_texto,-,7404,0,0.002535300
postgres,1,insert_texto,-,7405,0,0.002566100
postgres,1,insert_texto,-,7406,0,0.002685100
postgres,1,insert_texto,-,7407,0,0.002896300
postgres,1,insert_texto,-,7408,0,0.002727100
postgres,1,insert_texto,-,7409,0,0.002680300
postgres,1,insert_texto,-,7410,0,0.002849600
postgres,1,insert_texto,-,7411,0,0.002929800
postgres,1,insert_texto,-,7412,0,0.002695500
postgres,1,insert_texto,-,7413,0,0.002731500
postgres,1,insert_texto,-,7414,0,0.002717200
postgres,1,insert_texto,-,7415,0,0.002672800
postgres,1,insert_texto,-,7416,0,0.002945100
postgres,1,insert_texto,-,7417,0,0.002800500
postgres,1,insert_texto,-,7418,0,0.002689300
postgres,1,insert_texto,-,7419,0,0.003138300
postgres,1,insert_texto,-,7420,0,0.002886000
postgres,1,insert_texto,-,7421,0,0.002519400
postgres,1,insert_texto,-,7422,0,0.002527300
postgres,1,insert_texto,-,7423,0,0.002424400
postgres,1,insert_texto,-,7424,0,0.002684500
postgres,1,insert_texto,-,7425,0,0.002483700
postgres,1,insert_texto,-,7426,0,0.002529400
postgres,1,insert_texto,-,7427,0,0.002543500
postgres,1,insert_texto,-,7428,0,0.002711700
postgres,1,insert_texto,-,7429,0,0.002806500
postgres,1,insert_texto,-,7430,0,0.002910300
postgres,1,insert_texto,-,7431,0,0.002582700
postgres,1,insert_texto,-,7432,0,0.002718100
postgres,1,insert_texto,-,7433,0,0.002648700
postgres,1,insert_texto,-,7434,0,0.002672400
postgres,1,insert_texto,-,7435,0,0.002689200
postgres,1,insert_texto,-,7436,0,0.003017100
postgres,1,insert_texto,-,7437,0,0.002523100
postgres,1,insert_texto,-,7438,0,0.002616900
postgres,1,insert_texto,-,7439,0,0.002557500
postgres,1,insert_texto,-,7440,0,0.002472700
postgres,1,insert_texto,-,7441,0,0.002975900
postgres,1,insert_texto,-,7442,0,0.003330800
postgres,1,insert_texto,-,7443,0,0.003011000
postgres,1,insert_texto,-,7444,0,0.003145500
postgres,1,insert_texto,-,7445,0,0.002987500
postgres,1,insert_texto,-,7446,0,0.003036800
postgres,1,insert_texto,-,7447,0,0.003124100
postgres,1,insert_texto,-,7448,0,0.003186300
postgres,1,insert_texto,-,7449,0,0.002511200
postgres,1,insert_texto,-,7450,0,0.002633700
postgres,1,insert_texto,-,7451,0,0.002500200
postgres,1,insert_texto,-,7452,0,0.003126700
postgres,1,insert_texto,-,7453,0,0.003267000
postgres,1,insert_texto,-,7454,0,0.002691000
postgres,1,insert_texto,-,7455,0,0.002667000
postgres,1,insert_texto,-,7456,0,0.002594900
postgres,1,insert_texto,-,7457,0,0.002901100
postgres,1,insert_texto,-,7458,0,0.003172300
postgres,1,insert_texto,-,7459,0,0.002693700
postgres,1,insert_texto,-,7460,0,0.002901600
postgres,1,insert_texto,-,7461,0,0.002505400
postgres,1,insert_texto,-,7462,0,0.002549700
postgres,1,insert_texto,-,7463,0,0.002667400
postgres,1,insert_texto,-,7464,0,0.002658200
postgres,1,insert_texto,-,7465,0,0.002420100
postgres,1,insert_texto,-,7466,0,0.002590100
postgres,1,insert_texto,-,7467,0,0.002572300
postgres,1,insert_texto,-,7468,0,0.002813000
postgres,1,insert_texto,-,7469,0,0.002611200
postgres,1,insert_texto,-,7470,0,0.002762300
postgres,1,insert_texto,-,7471,0,0.002645400
postgres,1,insert_texto,-,7472,0,0.002613500
postgres,1,insert_texto,-,7473,0,0.002578600
postgres,1,insert_texto,-,7474,0,0.002729000
postgres,1,insert_texto,-,7475,0,0.002493000
postgres,1,insert_texto,-,7476,0,0.002541000
postgres,1,insert_texto,-,7477,0,0.002556700
postgres,1,insert_texto,-,7478,0,0.002475400
postgres,1,insert_texto,-,7479,0,0.002726200
postgres,1,insert_texto,-,7480,0,0.002358400
postgres,1,insert_texto,-,7481,0,0.002539100
postgres,1,insert_texto,-,7482,0,0.002760000
postgres,1,insert_texto,-,7483,0,0.002439700
postgres,1,insert_texto,-,7484,0,0.002512800
postgres,1,insert_texto,-,7485,0,0.002536900
postgres,1,insert_texto,-,7486,0,0.002784200
postgres,1,insert_texto,-,7487,0,0.002510200
postgres,1,insert_texto,-,7488,0,0.002555800
postgres,1,insert_texto,-,7489,0,0.002474600
postgres,1,insert_texto,-,7490,0,0.002472000
postgres,1,insert_texto,-,7491,0,0.002494600
postgres,1,insert_texto,-,7492,0,0.002599400
postgres,1,insert_texto,-,7493,0,0.002441100
postgres,1,insert_texto,-,7494,0,0.002463900
postgres,1,insert_texto,-,7495,0,0.002615700
postgres,1,insert_texto,-,7496,0,0.002331700
postgres,1,insert_texto,-,7497,0,0.002499600
postgres,1,insert_texto,-,7498,0,0.002550300
postgres,1,insert_texto,-,7499,0,0.002457000
postgres,1,insert_texto,-,7500,0,0.002410000
postgres,1,insert_texto,-,7501,0,0.002373200
postgres,1,insert_texto,-,7502,0,0.002656600
postgres,1,insert_texto,-,7503,0,0.002451500
postgres,1,insert_texto,-,7504,0,0.002430200
postgres,1,insert_texto,-,7505,0,0.002441700
postgres,1,insert_texto,-,7506,0,0.002551400
postgres,1,insert_texto,-,7507,0,0.002546100
postgres,1,insert_texto,-,7508,0,0.002380700
postgres,1,insert_texto,-,7509,0,0.002404300
postgres,1,insert_texto,-,7510,0,0.002529600
postgres,1,insert_texto,-,7511,0,0.002680600
postgres,1,insert_texto,-,7512,0,0.002370800
postgres,1,insert_texto,-,7513,0,0.002907000
postgres,1,insert_texto,-,7514,0,0.002793400
postgres,1,insert_texto,-,7515,0,0.002529300
postgres,1,insert_texto,-,7516,0,0.002599800
postgres,1,insert_texto,-,7517,0,0.002509400
postgres,1,insert_texto,-,7518,0,0.002502700
postgres,1,insert_texto,-,7519,0,0.002871400
postgres,1,insert_texto,-,7520,0,0.002466300
postgres,1,insert_texto,-,7521,0,0.002394000
postgres,1,insert_texto,-,7522,0,0.002545900
postgres,1,insert_texto,-,7523,0,0.002660200
postgres,1,insert_texto,-,7524,0,0.002466000
postgres,1,insert_texto,-,7525,0,0.002808800
postgres,1,insert_texto,-,7526,0,0.002470900
postgres,1,insert_texto,-,7527,0,0.002366900
postgres,1,insert_texto,-,7528,0,0.002365200
postgres,1,insert_texto,-,7529,0,0.002452300
postgres,1,insert_texto,-,7530,0,0.002486000
postgres,1,insert_texto,-,7531,0,0.002471400
postgres,1,insert_texto,-,7532,0,0.002356500
postgres,1,insert_texto,-,7533,0,0.002852600
postgres,1,insert_texto,-,7534,0,0.002471400
postgres,1,insert_texto,-,7535,0,0.002539100
postgres,1,insert_texto,-,7536,0,0.002930200
postgres,1,insert_texto,-,7537,0,0.002799300
postgres,1,insert_texto,-,7538,0,0.002753300
postgres,1,insert_texto,-,7539,0,0.003098900
postgres,1,insert_texto,-,7540,0,0.002997900
postgres,1,insert_texto,-,7541,0,0.002859300
postgres,1,insert_texto,-,7542,0,0.003093400
postgres,1,insert_texto,-,7543,0,0.003401100
postgres,1,insert_texto,-,7544,0,0.002858900
postgres,1,insert_texto,-,7545,0,0.002531100
postgres,1,insert_texto,-,7546,0,0.002508600
postgres,1,insert_texto,-,7547,0,0.002612300
postgres,1,insert_texto,-,7548,0,0.002693300
postgres,1,insert_texto,-,7549,0,0.002636400
postgres,1,insert_texto,-,7550,0,0.002581700
postgres,1,insert_texto,-,7551,0,0.002411500
postgres,1,insert_texto,-,7552,0,0.002538700
postgres,1,insert_texto,-,7553,0,0.002697600
postgres,1,insert_texto,-,7554,0,0.002395400
postgres,1,insert_texto,-,7555,0,0.002424100
postgres,1,insert_texto,-,7556,0,0.002419200
postgres,1,insert_texto,-,7557,0,0.002504600
postgres,1,insert_texto,-,7558,0,0.002657300
postgres,1,insert_texto,-,7559,0,0.002447700
postgres,1,insert_texto,-,7560,0,0.002593200
postgres,1,insert_texto,-,7561,0,0.002634200
postgres,1,insert_texto,-,7562,0,0.002510900
postgres,1,insert_texto,-,7563,0,0.002566000
postgres,1,insert_texto,-,7564,0,0.002477600
postgres,1,insert_texto,-,7565,0,0.002461200
postgres,1,insert_texto,-,7566,0,0.002666000
postgres,1,insert_texto,-,7567,0,0.002390300
postgres,1,insert_texto,-,7568,0,0.002370300
postgres,1,insert_texto,-,7569,0,0.002675300
postgres,1,insert_texto,-,7570,0,0.002326700
postgres,1,insert_texto,-,7571,0,0.002554100
postgres,1,insert_texto,-,7572,0,0.002630200
postgres,1,insert_texto,-,7573,0,0.002579500
postgres,1,insert_texto,-,7574,0,0.002598500
postgres,1,insert_texto,-,7575,0,0.002522300
postgres,1,insert_texto,-,7576,0,0.002666100
postgres,1,insert_texto,-,7577,0,0.002493600
postgres,1,insert_texto,-,7578,0,0.002780800
postgres,1,insert_texto,-,7579,0,0.002616000
postgres,1,insert_texto,-,7580,0,0.002474300
postgres,1,insert_texto,-,7581,0,0.002718000
postgres,1,insert_texto,-,7582,0,0.002516300
postgres,1,insert_texto,-,7583,0,0.002646200
postgres,1,insert_texto,-,7584,0,0.002870000
postgres,1,insert_texto,-,7585,0,0.002524600
postgres,1,insert_texto,-,7586,0,0.002387400
postgres,1,insert_texto,-,7587,0,0.002435900
postgres,1,insert_texto,-,7588,0,0.002603300
postgres,1,insert_texto,-,7589,0,0.002411300
postgres,1,insert_texto,-,7590,0,0.002419100
postgres,1,insert_texto,-,7591,0,0.002494200
postgres,1,insert_texto,-,7592,0,0.002490400
postgres,1,insert_texto,-,7593,0,0.002440900
postgres,1,insert_texto,-,7594,0,0.002682500
postgres,1,insert_texto,-,7595,0,0.002444500
postgres,1,insert_texto,-,7596,0,0.002458700
postgres,1,insert_texto,-,7597,0,0.002607800
postgres,1,insert_texto,-,7598,0,0.002486600
postgres,1,insert_texto,-,7599,0,0.002521900
postgres,1,insert_texto,-,7600,0,0.002522300
postgres,1,insert_texto,-,7601,0,0.002497300
postgres,1,insert_texto,-,7602,0,0.002666200
postgres,1,insert_texto,-,7603,0,0.002558000
postgres,1,insert_texto,-,7604,0,0.002464700
postgres,1,insert_texto,-,7605,0,0.002701600
postgres,1,insert_texto,-,7606,0,0.002512400
postgres,1,insert_texto,-,7607,0,0.002472000
postgres,1,insert_texto,-,7608,0,0.002515500
postgres,1,insert_texto,-,7609,0,0.002940700
postgres,1,insert_texto,-,7610,0,0.002534600
postgres,1,insert_texto,-,7611,0,0.002790800
postgres,1,insert_texto,-,7612,0,0.002412200
postgres,1,insert_texto,-,7613,0,0.002486500
postgres,1,insert_texto,-,7614,0,0.002498200
postgres,1,insert_texto,-,7615,0,0.002471100
postgres,1,insert_texto,-,7616,0,0.002493500
postgres,1,insert_texto,-,7617,0,0.002379900
postgres,1,insert_texto,-,7618,0,0.002446500
postgres,1,insert_texto,-,7619,0,0.002448100
postgres,1,insert_texto,-,7620,0,0.002582000
postgres,1,insert_texto,-,7621,0,0.002817500
postgres,1,insert_texto,-,7622,0,0.003042200
postgres,1,insert_texto,-,7623,0,0.003105300
postgres,1,insert_texto,-,7624,0,0.002918800
postgres,1,insert_texto,-,7625,0,0.003307300
postgres,1,insert_texto,-,7626,0,0.003330100
postgres,1,insert_texto,-,7627,0,0.002876400
postgres,1,insert_texto,-,7628,0,0.002469500
postgres,1,insert_texto,-,7629,0,0.002545300
postgres,1,insert_texto,-,7630,0,0.002604300
postgres,1,insert_texto,-,7631,0,0.002793600
postgres,1,insert_texto,-,7632,0,0.002874900
postgres,1,insert_texto,-,7633,0,0.003178300
postgres,1,insert_texto,-,7634,0,0.002890700
postgres,1,insert_texto,-,7635,0,0.002870900
postgres,1,insert_texto,-,7636,0,0.003155300
postgres,1,insert_texto,-,7637,0,0.003253400
postgres,1,insert_texto,-,7638,0,0.003286700
postgres,1,insert_texto,-,7639,0,0.002817300
postgres,1,insert_texto,-,7640,0,0.002612500
postgres,1,insert_texto,-,7641,0,0.002826700
postgres,1,insert_texto,-,7642,0,0.002518200
postgres,1,insert_texto,-,7643,0,0.002586900
postgres,1,insert_texto,-,7644,0,0.002535800
postgres,1,insert_texto,-,7645,0,0.002457300
postgres,1,insert_texto,-,7646,0,0.002395100
postgres,1,insert_texto,-,7647,0,0.002375700
postgres,1,insert_texto,-,7648,0,0.002431600
postgres,1,insert_texto,-,7649,0,0.002662900
postgres,1,insert_texto,-,7650,0,0.002453500
postgres,1,insert_texto,-,7651,0,0.002465900
postgres,1,insert_texto,-,7652,0,0.002489400
postgres,1,insert_texto,-,7653,0,0.002375200
postgres,1,insert_texto,-,7654,0,0.002629400
postgres,1,insert_texto,-,7655,0,0.002554700
postgres,1,insert_texto,-,7656,0,0.002363900
postgres,1,insert_texto,-,7657,0,0.002482200
postgres,1,insert_texto,-,7658,0,0.002414900
postgres,1,insert_texto,-,7659,0,0.002421800
postgres,1,insert_texto,-,7660,0,0.002798100
postgres,1,insert_texto,-,7661,0,0.002519200
postgres,1,insert_texto,-,7662,0,0.002514100
postgres,1,insert_texto,-,7663,0,0.002410900
postgres,1,insert_texto,-,7664,0,0.002299800
postgres,1,insert_texto,-,7665,0,0.002696200
postgres,1,insert_texto,-,7666,0,0.002426600
postgres,1,insert_texto,-,7667,0,0.002335600
postgres,1,insert_texto,-,7668,0,0.002628200
postgres,1,insert_texto,-,7669,0,0.002555800
postgres,1,insert_texto,-,7670,0,0.002301900
postgres,1,insert_texto,-,7671,0,0.002379800
postgres,1,insert_texto,-,7672,0,0.002344300
postgres,1,insert_texto,-,7673,0,0.002409000
postgres,1,insert_texto,-,7674,0,0.002398000
postgres,1,insert_texto,-,7675,0,0.002473000
postgres,1,insert_texto,-,7676,0,0.002781200
postgres,1,insert_texto,-,7677,0,0.002279800
postgres,1,insert_texto,-,7678,0,0.002759000
postgres,1,insert_texto,-,7679,0,0.002763700
postgres,1,insert_texto,-,7680,0,0.002606700
postgres,1,insert_texto,-,7681,0,0.002803900
postgres,1,insert_texto,-,7682,0,0.003029400
postgres,1,insert_texto,-,7683,0,0.002534300
postgres,1,insert_texto,-,7684,0,0.002691900
postgres,1,insert_texto,-,7685,0,0.002749000
postgres,1,insert_texto,-,7686,0,0.003077000
postgres,1,insert_texto,-,7687,0,0.002810300
postgres,1,insert_texto,-,7688,0,0.003183800
postgres,1,insert_texto,-,7689,0,0.003298300
postgres,1,insert_texto,-,7690,0,0.003078500
postgres,1,insert_texto,-,7691,0,0.003356300
postgres,1,insert_texto,-,7692,0,0.003463400
postgres,1,insert_texto,-,7693,0,0.003346300
postgres,1,insert_texto,-,7694,0,0.002980600
postgres,1,insert_texto,-,7695,0,0.002695700
postgres,1,insert_texto,-,7696,0,0.002923900
postgres,1,insert_texto,-,7697,0,0.002673200
postgres,1,insert_texto,-,7698,0,0.002886200
postgres,1,insert_texto,-,7699,0,0.002615900
postgres,1,insert_texto,-,7700,0,0.002729200
postgres,1,insert_texto,-,7701,0,0.002809900
postgres,1,insert_texto,-,7702,0,0.002703900
postgres,1,insert_texto,-,7703,0,0.002836800
postgres,1,insert_texto,-,7704,0,0.002972600
postgres,1,insert_texto,-,7705,0,0.002592600
postgres,1,insert_texto,-,7706,0,0.002631200
postgres,1,insert_texto,-,7707,0,0.003135400
postgres,1,insert_texto,-,7708,0,0.002905300
postgres,1,insert_texto,-,7709,0,0.003064500
postgres,1,insert_texto,-,7710,0,0.002624200
postgres,1,insert_texto,-,7711,0,0.002889700
postgres,1,insert_texto,-,7712,0,0.002786100
postgres,1,insert_texto,-,7713,0,0.003122000
postgres,1,insert_texto,-,7714,0,0.002886500
postgres,1,insert_texto,-,7715,0,0.002791800
postgres,1,insert_texto,-,7716,0,0.002661100
postgres,1,insert_texto,-,7717,0,0.002924000
postgres,1,insert_texto,-,7718,0,0.002693800
postgres,1,insert_texto,-,7719,0,0.003044000
postgres,1,insert_texto,-,7720,0,0.003694900
postgres,1,insert_texto,-,7721,0,0.003260300
postgres,1,insert_texto,-,7722,0,0.003808600
postgres,1,insert_texto,-,7723,0,0.003740900
postgres,1,insert_texto,-,7724,0,0.003141800
postgres,1,insert_texto,-,7725,0,0.003262600
postgres,1,insert_texto,-,7726,0,0.003429300
postgres,1,insert_texto,-,7727,0,0.003619700
postgres,1,insert_texto,-,7728,0,0.003206100
postgres,1,insert_texto,-,7729,0,0.003755600
postgres,1,insert_texto,-,7730,0,0.003956800
postgres,1,insert_texto,-,7731,0,0.003278700
postgres,1,insert_texto,-,7732,0,0.003255900
postgres,1,insert_texto,-,7733,0,0.003539500
postgres,1,insert_texto,-,7734,0,0.003896700
postgres,1,insert_texto,-,7735,0,0.003676500
postgres,1,insert_texto,-,7736,0,0.003812300
postgres,1,insert_texto,-,7737,0,0.003605600
postgres,1,insert_texto,-,7738,0,0.003940600
postgres,1,insert_texto,-,7739,0,0.003810200
postgres,1,insert_texto,-,7740,0,0.003718000
postgres,1,insert_texto,-,7741,0,0.003771900
postgres,1,insert_texto,-,7742,0,0.003687900
postgres,1,insert_texto,-,7743,0,0.003978500
postgres,1,insert_texto,-,7744,0,0.003959100
postgres,1,insert_texto,-,7745,0,0.003898200
postgres,1,insert_texto,-,7746,0,0.003453000
postgres,1,insert_texto,-,7747,0,0.003894700
postgres,1,insert_texto,-,7748,0,0.003758400
postgres,1,insert_texto,-,7749,0,0.003951900
postgres,1,insert_texto,-,7750,0,0.003627200
postgres,1,insert_texto,-,7751,0,0.002788200
postgres,1,insert_texto,-,7752,0,0.002722800
postgres,1,insert_texto,-,7753,0,0.002609400
postgres,1,insert_texto,-,7754,0,0.002726100
postgres,1,insert_texto,-,7755,0,0.002477800
postgres,1,insert_texto,-,7756,0,0.002456500
postgres,1,insert_texto,-,7757,0,0.002595800
postgres,1,insert_texto,-,7758,0,0.002477800
postgres,1,insert_texto,-,7759,0,0.002706900
postgres,1,insert_texto,-,7760,0,0.002626100
postgres,1,insert_texto,-,7761,0,0.002397400
postgres,1,insert_texto,-,7762,0,0.002411200
postgres,1,insert_texto,-,7763,0,0.002594700
postgres,1,insert_texto,-,7764,0,0.002969600
postgres,1,insert_texto,-,7765,0,0.002534600
postgres,1,insert_texto,-,7766,0,0.002809400
postgres,1,insert_texto,-,7767,0,0.002609400
postgres,1,insert_texto,-,7768,0,0.002714100
postgres,1,insert_texto,-,7769,0,0.002787100
postgres,1,insert_texto,-,7770,0,0.002566400
postgres,1,insert_texto,-,7771,0,0.002581100
postgres,1,insert_texto,-,7772,0,0.002867600
postgres,1,insert_texto,-,7773,0,0.002516300
postgres,1,insert_texto,-,7774,0,0.002580400
postgres,1,insert_texto,-,7775,0,0.002727500
postgres,1,insert_texto,-,7776,0,0.002577400
postgres,1,insert_texto,-,7777,0,0.002603700
postgres,1,insert_texto,-,7778,0,0.002740900
postgres,1,insert_texto,-,7779,0,0.002666700
postgres,1,insert_texto,-,7780,0,0.002674300
postgres,1,insert_texto,-,7781,0,0.002511700
postgres,1,insert_texto,-,7782,0,0.002646200
postgres,1,insert_texto,-,7783,0,0.002865800
postgres,1,insert_texto,-,7784,0,0.002783800
postgres,1,insert_texto,-,7785,0,0.002550500
postgres,1,insert_texto,-,7786,0,0.002552300
postgres,1,insert_texto,-,7787,0,0.002483600
postgres,1,insert_texto,-,7788,0,0.002682200
postgres,1,insert_texto,-,7789,0,0.002919800
postgres,1,insert_texto,-,7790,0,0.002768100
postgres,1,insert_texto,-,7791,0,0.002548200
postgres,1,insert_texto,-,7792,0,0.002596100
postgres,1,insert_texto,-,7793,0,0.002623600
postgres,1,insert_texto,-,7794,0,0.002726000
postgres,1,insert_texto,-,7795,0,0.002695100
postgres,1,insert_texto,-,7796,0,0.002843700
postgres,1,insert_texto,-,7797,0,0.002629900
postgres,1,insert_texto,-,7798,0,0.002605700
postgres,1,insert_texto,-,7799,0,0.002868700
postgres,1,insert_texto,-,7800,0,0.002844900
postgres,1,insert_texto,-,7801,0,0.002378700
postgres,1,insert_texto,-,7802,0,0.002783000
postgres,1,insert_texto,-,7803,0,0.002618600
postgres,1,insert_texto,-,7804,0,0.002541800
postgres,1,insert_texto,-,7805,0,0.002662100
postgres,1,insert_texto,-,7806,0,0.002605900
postgres,1,insert_texto,-,7807,0,0.002606200
postgres,1,insert_texto,-,7808,0,0.002678400
postgres,1,insert_texto,-,7809,0,0.002634800
postgres,1,insert_texto,-,7810,0,0.002628000
postgres,1,insert_texto,-,7811,0,0.002549500
postgres,1,insert_texto,-,7812,0,0.002588200
postgres,1,insert_texto,-,7813,0,0.002881300
postgres,1,insert_texto,-,7814,0,0.002550500
postgres,1,insert_texto,-,7815,0,0.002708600
postgres,1,insert_texto,-,7816,0,0.002553100
postgres,1,insert_texto,-,7817,0,0.002632700
postgres,1,insert_texto,-,7818,0,0.003183100
postgres,1,insert_texto,-,7819,0,0.002898500
postgres,1,insert_texto,-,7820,0,0.002616900
postgres,1,insert_texto,-,7821,0,0.002885300
postgres,1,insert_texto,-,7822,0,0.003263600
postgres,1,insert_texto,-,7823,0,0.003222000
postgres,1,insert_texto,-,7824,0,0.003879100
postgres,1,insert_texto,-,7825,0,0.003540300
postgres,1,insert_texto,-,7826,0,0.004012300
postgres,1,insert_texto,-,7827,0,0.003962600
postgres,1,insert_texto,-,7828,0,0.003540800
postgres,1,insert_texto,-,7829,0,0.003353600
postgres,1,insert_texto,-,7830,0,0.003243500
postgres,1,insert_texto,-,7831,0,0.002992800
postgres,1,insert_texto,-,7832,0,0.003558800
postgres,1,insert_texto,-,7833,0,0.003223000
postgres,1,insert_texto,-,7834,0,0.003016300
postgres,1,insert_texto,-,7835,0,0.003053200
postgres,1,insert_texto,-,7836,0,0.002985500
postgres,1,insert_texto,-,7837,0,0.003356200
postgres,1,insert_texto,-,7838,0,0.003980600
postgres,1,insert_texto,-,7839,0,0.003542100
postgres,1,insert_texto,-,7840,0,0.003746800
postgres,1,insert_texto,-,7841,0,0.003658800
postgres,1,insert_texto,-,7842,0,0.003618800
postgres,1,insert_texto,-,7843,0,0.003731100
postgres,1,insert_texto,-,7844,0,0.003722000
postgres,1,insert_texto,-,7845,0,0.004062700
postgres,1,insert_texto,-,7846,0,0.003719600
postgres,1,insert_texto,-,7847,0,0.003536900
postgres,1,insert_texto,-,7848,0,0.003605000
postgres,1,insert_texto,-,7849,0,0.004035100
postgres,1,insert_texto,-,7850,0,0.003582400
postgres,1,insert_texto,-,7851,0,0.003625700
postgres,1,insert_texto,-,7852,0,0.003386500
postgres,1,insert_texto,-,7853,0,0.003832800
postgres,1,insert_texto,-,7854,0,0.003917900
postgres,1,insert_texto,-,7855,0,0.002812200
postgres,1,insert_texto,-,7856,0,0.002718400
postgres,1,insert_texto,-,7857,0,0.002742000
postgres,1,insert_texto,-,7858,0,0.002578700
postgres,1,insert_texto,-,7859,0,0.002963400
postgres,1,insert_texto,-,7860,0,0.002544500
postgres,1,insert_texto,-,7861,0,0.002537900
postgres,1,insert_texto,-,7862,0,0.002719800
postgres,1,insert_texto,-,7863,0,0.002668700
postgres,1,insert_texto,-,7864,0,0.002612000
postgres,1,insert_texto,-,7865,0,0.003313200
postgres,1,insert_texto,-,7866,0,0.002765900
postgres,1,insert_texto,-,7867,0,0.002670500
postgres,1,insert_texto,-,7868,0,0.002749200
postgres,1,insert_texto,-,7869,0,0.002699300
postgres,1,insert_texto,-,7870,0,0.002768800
postgres,1,insert_texto,-,7871,0,0.002801700
postgres,1,insert_texto,-,7872,0,0.002883800
postgres,1,insert_texto,-,7873,0,0.002769700
postgres,1,insert_texto,-,7874,0,0.002670400
postgres,1,insert_texto,-,7875,0,0.002842000
postgres,1,insert_texto,-,7876,0,0.003161600
postgres,1,insert_texto,-,7877,0,0.002999000
postgres,1,insert_texto,-,7878,0,0.002810600
postgres,1,insert_texto,-,7879,0,0.002716300
postgres,1,insert_texto,-,7880,0,0.002931100
postgres,1,insert_texto,-,7881,0,0.002668000
postgres,1,insert_texto,-,7882,0,0.002942600
postgres,1,insert_texto,-,7883,0,0.002787300
postgres,1,insert_texto,-,7884,0,0.002663100
postgres,1,insert_texto,-,7885,0,0.002759300
postgres,1,insert_texto,-,7886,0,0.002856400
postgres,1,insert_texto,-,7887,0,0.003123400
postgres,1,insert_texto,-,7888,0,0.002659200
postgres,1,insert_texto,-,7889,0,0.002795200
postgres,1,insert_texto,-,7890,0,0.002786900
postgres,1,insert_texto,-,7891,0,0.002721500
postgres,1,insert_texto,-,7892,0,0.003149200
postgres,1,insert_texto,-,7893,0,0.002845000
postgres,1,insert_texto,-,7894,0,0.002801200
postgres,1,insert_texto,-,7895,0,0.002704400
postgres,1,insert_texto,-,7896,0,0.002862100
postgres,1,insert_texto,-,7897,0,0.002594300
postgres,1,insert_texto,-,7898,0,0.002994500
postgres,1,insert_texto,-,7899,0,0.002749500
postgres,1,insert_texto,-,7900,0,0.002767100
postgres,1,insert_texto,-,7901,0,0.002657500
postgres,1,insert_texto,-,7902,0,0.002804400
postgres,1,insert_texto,-,7903,0,0.002563900
postgres,1,insert_texto,-,7904,0,0.002859000
postgres,1,insert_texto,-,7905,0,0.002618100
postgres,1,insert_texto,-,7906,0,0.002707300
postgres,1,insert_texto,-,7907,0,0.002685100
postgres,1,insert_texto,-,7908,0,0.002628200
postgres,1,insert_texto,-,7909,0,0.002797800
postgres,1,insert_texto,-,7910,0,0.002838100
postgres,1,insert_texto,-,7911,0,0.002701000
postgres,1,insert_texto,-,7912,0,0.002845900
postgres,1,insert_texto,-,7913,0,0.002595600
postgres,1,insert_texto,-,7914,0,0.002743200
postgres,1,insert_texto,-,7915,0,0.003099700
postgres,1,insert_texto,-,7916,0,0.003014100
postgres,1,insert_texto,-,7917,0,0.003157200
postgres,1,insert_texto,-,7918,0,0.003062000
postgres,1,insert_texto,-,7919,0,0.003165400
postgres,1,insert_texto,-,7920,0,0.003083100
postgres,1,insert_texto,-,7921,0,0.003039100
postgres,1,insert_texto,-,7922,0,0.003130200
postgres,1,insert_texto,-,7923,0,0.002814000
postgres,1,insert_texto,-,7924,0,0.002855400
postgres,1,insert_texto,-,7925,0,0.002723300
postgres,1,insert_texto,-,7926,0,0.002849800
postgres,1,insert_texto,-,7927,0,0.002827600
postgres,1,insert_texto,-,7928,0,0.002693300
postgres,1,insert_texto,-,7929,0,0.002629400
postgres,1,insert_texto,-,7930,0,0.002834700
postgres,1,insert_texto,-,7931,0,0.002777500
postgres,1,insert_texto,-,7932,0,0.002533300
postgres,1,insert_texto,-,7933,0,0.002547800
postgres,1,insert_texto,-,7934,0,0.002541300
postgres,1,insert_texto,-,7935,0,0.002482100
postgres,1,insert_texto,-,7936,0,0.002614100
postgres,1,insert_texto,-,7937,0,0.002554700
postgres,1,insert_texto,-,7938,0,0.002497100
postgres,1,insert_texto,-,7939,0,0.002676700
postgres,1,insert_texto,-,7940,0,0.002519900
postgres,1,insert_texto,-,7941,0,0.002518200
postgres,1,insert_texto,-,7942,0,0.002479900
postgres,1,insert_texto,-,7943,0,0.002553300
postgres,1,insert_texto,-,7944,0,0.002606200
postgres,1,insert_texto,-,7945,0,0.002713800
postgres,1,insert_texto,-,7946,0,0.002440200
postgres,1,insert_texto,-,7947,0,0.002580300
postgres,1,insert_texto,-,7948,0,0.002684400
postgres,1,insert_texto,-,7949,0,0.002568600
postgres,1,insert_texto,-,7950,0,0.002518700
postgres,1,insert_texto,-,7951,0,0.002534200
postgres,1,insert_texto,-,7952,0,0.002439900
postgres,1,insert_texto,-,7953,0,0.002514300
postgres,1,insert_texto,-,7954,0,0.002481200
postgres,1,insert_texto,-,7955,0,0.002466100
postgres,1,insert_texto,-,7956,0,0.002417100
postgres,1,insert_texto,-,7957,0,0.002178400
postgres,1,insert_texto,-,7958,0,0.002443900
postgres,1,insert_texto,-,7959,0,0.002420300
postgres,1,insert_texto,-,7960,0,0.002373900
postgres,1,insert_texto,-,7961,0,0.002270900
postgres,1,insert_texto,-,7962,0,0.002496800
postgres,1,insert_texto,-,7963,0,0.002608900
postgres,1,insert_texto,-,7964,0,0.002507800
postgres,1,insert_texto,-,7965,0,0.002431900
postgres,1,insert_texto,-,7966,0,0.002422700
postgres,1,insert_texto,-,7967,0,0.002592500
postgres,1,insert_texto,-,7968,0,0.003311200
postgres,1,insert_texto,-,7969,0,0.003193800
postgres,1,insert_texto,-,7970,0,0.002448200
postgres,1,insert_texto,-,7971,0,0.002269500
postgres,1,insert_texto,-,7972,0,0.002275900
postgres,1,insert_texto,-,7973,0,0.002375200
postgres,1,insert_texto,-,7974,0,0.002877100
postgres,1,insert_texto,-,7975,0,0.002351900
postgres,1,insert_texto,-,7976,0,0.002459800
postgres,1,insert_texto,-,7977,0,0.002454600
postgres,1,insert_texto,-,7978,0,0.002381800
postgres,1,insert_texto,-,7979,0,0.002391300
postgres,1,insert_texto,-,7980,0,0.002775600
postgres,1,insert_texto,-,7981,0,0.002478900
postgres,1,insert_texto,-,7982,0,0.002379200
postgres,1,insert_texto,-,7983,0,0.002476200
postgres,1,insert_texto,-,7984,0,0.002416100
postgres,1,insert_texto,-,7985,0,0.002454100
postgres,1,insert_texto,-,7986,0,0.002582500
postgres,1,insert_texto,-,7987,0,0.002406000
postgres,1,insert_texto,-,7988,0,0.002673200
postgres,1,insert_texto,-,7989,0,0.002446800
postgres,1,insert_texto,-,7990,0,0.002460500
postgres,1,insert_texto,-,7991,0,0.002457400
postgres,1,insert_texto,-,7992,0,0.002404200
postgres,1,insert_texto,-,7993,0,0.002436700
postgres,1,insert_texto,-,7994,0,0.002299600
postgres,1,insert_texto,-,7995,0,0.002459700
postgres,1,insert_texto,-,7996,0,0.002426000
postgres,1,insert_texto,-,7997,0,0.002239400
postgres,1,insert_texto,-,7998,0,0.002546400
postgres,1,insert_texto,-,7999,0,0.002613700
postgres,1,insert_texto,-,8000,0,0.002618900
postgres,1,insert_texto,-,8001,0,0.002539500
postgres,1,insert_texto,-,8002,0,0.002449000
postgres,1,insert_texto,-,8003,0,0.002485900
postgres,1,insert_texto,-,8004,0,0.002645200
postgres,1,insert_texto,-,8005,0,0.002445400
postgres,1,insert_texto,-,8006,0,0.002335700
postgres,1,insert_texto,-,8007,0,0.002408400
postgres,1,insert_texto,-,8008,0,0.002800300
postgres,1,insert_texto,-,8009,0,0.002932500
postgres,1,insert_texto,-,8010,0,0.003124200
postgres,1,insert_texto,-,8011,0,0.003164400
postgres,1,insert_texto,-,8012,0,0.002621300
postgres,1,insert_texto,-,8013,0,0.003131400
postgres,1,insert_texto,-,8014,0,0.003166800
postgres,1,insert_texto,-,8015,0,0.002964600
postgres,1,insert_texto,-,8016,0,0.002669600
postgres,1,insert_texto,-,8017,0,0.002512800
postgres,1,insert_texto,-,8018,0,0.002541900
postgres,1,insert_texto,-,8019,0,0.002531900
postgres,1,insert_texto,-,8020,0,0.002734800
postgres,1,insert_texto,-,8021,0,0.002680800
postgres,1,insert_texto,-,8022,0,0.002514400
postgres,1,insert_texto,-,8023,0,0.002620200
postgres,1,insert_texto,-,8024,0,0.002439700
postgres,1,insert_texto,-,8025,0,0.002475300
postgres,1,insert_texto,-,8026,0,0.002377800
postgres,1,insert_texto,-,8027,0,0.002404900
postgres,1,insert_texto,-,8028,0,0.002835700
postgres,1,insert_texto,-,8029,0,0.002467900
postgres,1,insert_texto,-,8030,0,0.002384200
postgres,1,insert_texto,-,8031,0,0.002508600
postgres,1,insert_texto,-,8032,0,0.002442400
postgres,1,insert_texto,-,8033,0,0.002414600
postgres,1,insert_texto,-,8034,0,0.002326600
postgres,1,insert_texto,-,8035,0,0.002621900
postgres,1,insert_texto,-,8036,0,0.002430500
postgres,1,insert_texto,-,8037,0,0.002448700
postgres,1,insert_texto,-,8038,0,0.002463700
postgres,1,insert_texto,-,8039,0,0.002603300
postgres,1,insert_texto,-,8040,0,0.002381300
postgres,1,insert_texto,-,8041,0,0.002585900
postgres,1,insert_texto,-,8042,0,0.002530000
postgres,1,insert_texto,-,8043,0,0.002584100
postgres,1,insert_texto,-,8044,0,0.002538300
postgres,1,insert_texto,-,8045,0,0.002925300
postgres,1,insert_texto,-,8046,0,0.002718100
postgres,1,insert_texto,-,8047,0,0.002635000
postgres,1,insert_texto,-,8048,0,0.002587500
postgres,1,insert_texto,-,8049,0,0.002718700
postgres,1,insert_texto,-,8050,0,0.002542800
postgres,1,insert_texto,-,8051,0,0.002640700
postgres,1,insert_texto,-,8052,0,0.002559300
postgres,1,insert_texto,-,8053,0,0.002732400
postgres,1,insert_texto,-,8054,0,0.002629600
postgres,1,insert_texto,-,8055,0,0.002528400
postgres,1,insert_texto,-,8056,0,0.002625300
postgres,1,insert_texto,-,8057,0,0.002504200
postgres,1,insert_texto,-,8058,0,0.002522900
postgres,1,insert_texto,-,8059,0,0.002710500
postgres,1,insert_texto,-,8060,0,0.002638400
postgres,1,insert_texto,-,8061,0,0.002784600
postgres,1,insert_texto,-,8062,0,0.002532100
postgres,1,insert_texto,-,8063,0,0.002557400
postgres,1,insert_texto,-,8064,0,0.002603300
postgres,1,insert_texto,-,8065,0,0.002722700
postgres,1,insert_texto,-,8066,0,0.002739800
postgres,1,insert_texto,-,8067,0,0.002662400
postgres,1,insert_texto,-,8068,0,0.002557700
postgres,1,insert_texto,-,8069,0,0.002615200
postgres,1,insert_texto,-,8070,0,0.002644800
postgres,1,insert_texto,-,8071,0,0.002737500
postgres,1,insert_texto,-,8072,0,0.002609100
postgres,1,insert_texto,-,8073,0,0.002735500
postgres,1,insert_texto,-,8074,0,0.002548600
postgres,1,insert_texto,-,8075,0,0.002529800
postgres,1,insert_texto,-,8076,0,0.002596900
postgres,1,insert_texto,-,8077,0,0.002730500
postgres,1,insert_texto,-,8078,0,0.002658400
postgres,1,insert_texto,-,8079,0,0.002555500
postgres,1,insert_texto,-,8080,0,0.002576900
postgres,1,insert_texto,-,8081,0,0.002578600
postgres,1,insert_texto,-,8082,0,0.002642800
postgres,1,insert_texto,-,8083,0,0.002840500
postgres,1,insert_texto,-,8084,0,0.002535100
postgres,1,insert_texto,-,8085,0,0.002514900
postgres,1,insert_texto,-,8086,0,0.002756300
postgres,1,insert_texto,-,8087,0,0.002554900
postgres,1,insert_texto,-,8088,0,0.002491500
postgres,1,insert_texto,-,8089,0,0.002626500
postgres,1,insert_texto,-,8090,0,0.002528700
postgres,1,insert_texto,-,8091,0,0.002557200
postgres,1,insert_texto,-,8092,0,0.002661800
postgres,1,insert_texto,-,8093,0,0.002776100
postgres,1,insert_texto,-,8094,0,0.002596100
postgres,1,insert_texto,-,8095,0,0.002605100
postgres,1,insert_texto,-,8096,0,0.002708800
postgres,1,insert_texto,-,8097,0,0.002521600
postgres,1,insert_texto,-,8098,0,0.002554700
postgres,1,insert_texto,-,8099,0,0.002567300
postgres,1,insert_texto,-,8100,0,0.002558200
postgres,1,insert_texto,-,8101,0,0.002585100
postgres,1,insert_texto,-,8102,0,0.002587400
postgres,1,insert_texto,-,8103,0,0.002884800
postgres,1,insert_texto,-,8104,0,0.002989900
postgres,1,insert_texto,-,8105,0,0.002966000
postgres,1,insert_texto,-,8106,0,0.002860200
postgres,1,insert_texto,-,8107,0,0.003211600
postgres,1,insert_texto,-,8108,0,0.003060400
postgres,1,insert_texto,-,8109,0,0.002978100
postgres,1,insert_texto,-,8110,0,0.002823400
postgres,1,insert_texto,-,8111,0,0.002740100
postgres,1,insert_texto,-,8112,0,0.002800700
postgres,1,insert_texto,-,8113,0,0.002859600
postgres,1,insert_texto,-,8114,0,0.003266400
postgres,1,insert_texto,-,8115,0,0.003395000
postgres,1,insert_texto,-,8116,0,0.003603100
postgres,1,insert_texto,-,8117,0,0.003556800
postgres,1,insert_texto,-,8118,0,0.002834000
postgres,1,insert_texto,-,8119,0,0.002572500
postgres,1,insert_texto,-,8120,0,0.002630300
postgres,1,insert_texto,-,8121,0,0.002533800
postgres,1,insert_texto,-,8122,0,0.002887200
postgres,1,insert_texto,-,8123,0,0.002666800
postgres,1,insert_texto,-,8124,0,0.002458000
postgres,1,insert_texto,-,8125,0,0.002468100
postgres,1,insert_texto,-,8126,0,0.002513300
postgres,1,insert_texto,-,8127,0,0.002613500
postgres,1,insert_texto,-,8128,0,0.002448500
postgres,1,insert_texto,-,8129,0,0.002414200
postgres,1,insert_texto,-,8130,0,0.002496500
postgres,1,insert_texto,-,8131,0,0.002788700
postgres,1,insert_texto,-,8132,0,0.002406400
postgres,1,insert_texto,-,8133,0,0.002462500
postgres,1,insert_texto,-,8134,0,0.002707500
postgres,1,insert_texto,-,8135,0,0.002382100
postgres,1,insert_texto,-,8136,0,0.002387300
postgres,1,insert_texto,-,8137,0,0.002393600
postgres,1,insert_texto,-,8138,0,0.002333100
postgres,1,insert_texto,-,8139,0,0.002623600
postgres,1,insert_texto,-,8140,0,0.002557300
postgres,1,insert_texto,-,8141,0,0.002350700
postgres,1,insert_texto,-,8142,0,0.002356400
postgres,1,insert_texto,-,8143,0,0.002278000
postgres,1,insert_texto,-,8144,0,0.002375100
postgres,1,insert_texto,-,8145,0,0.002335200
postgres,1,insert_texto,-,8146,0,0.002529100
postgres,1,insert_texto,-,8147,0,0.002935600
postgres,1,insert_texto,-,8148,0,0.002529900
postgres,1,insert_texto,-,8149,0,0.002533100
postgres,1,insert_texto,-,8150,0,0.002461800
postgres,1,insert_texto,-,8151,0,0.002224100
postgres,1,insert_texto,-,8152,0,0.002691200
postgres,1,insert_texto,-,8153,0,0.003037300
postgres,1,insert_texto,-,8154,0,0.002560000
postgres,1,insert_texto,-,8155,0,0.002377200
postgres,1,insert_texto,-,8156,0,0.002369800
postgres,1,insert_texto,-,8157,0,0.002301400
postgres,1,insert_texto,-,8158,0,0.002587800
postgres,1,insert_texto,-,8159,0,0.002811900
postgres,1,insert_texto,-,8160,0,0.002729100
postgres,1,insert_texto,-,8161,0,0.002530900
postgres,1,insert_texto,-,8162,0,0.002658700
postgres,1,insert_texto,-,8163,0,0.002663700
postgres,1,insert_texto,-,8164,0,0.002688600
postgres,1,insert_texto,-,8165,0,0.002588200
postgres,1,insert_texto,-,8166,0,0.002487200
postgres,1,insert_texto,-,8167,0,0.002363800
postgres,1,insert_texto,-,8168,0,0.002464200
postgres,1,insert_texto,-,8169,0,0.002233700
postgres,1,insert_texto,-,8170,0,0.002293600
postgres,1,insert_texto,-,8171,0,0.002566600
postgres,1,insert_texto,-,8172,0,0.002442100
postgres,1,insert_texto,-,8173,0,0.002629400
postgres,1,insert_texto,-,8174,0,0.002288500
postgres,1,insert_texto,-,8175,0,0.002487400
postgres,1,insert_texto,-,8176,0,0.002225800
postgres,1,insert_texto,-,8177,0,0.002568400
postgres,1,insert_texto,-,8178,0,0.002398300
postgres,1,insert_texto,-,8179,0,0.002424200
postgres,1,insert_texto,-,8180,0,0.002209400
postgres,1,insert_texto,-,8181,0,0.002268000
postgres,1,insert_texto,-,8182,0,0.002376200
postgres,1,insert_texto,-,8183,0,0.002227500
postgres,1,insert_texto,-,8184,0,0.002709200
postgres,1,insert_texto,-,8185,0,0.002359300
postgres,1,insert_texto,-,8186,0,0.002372000
postgres,1,insert_texto,-,8187,0,0.002498800
postgres,1,insert_texto,-,8188,0,0.002434300
postgres,1,insert_texto,-,8189,0,0.002435300
postgres,1,insert_texto,-,8190,0,0.002725400
postgres,1,insert_texto,-,8191,0,0.002682200
postgres,1,insert_texto,-,8192,0,0.002523000
postgres,1,insert_texto,-,8193,0,0.002550400
postgres,1,insert_texto,-,8194,0,0.002331300
postgres,1,insert_texto,-,8195,0,0.002397200
postgres,1,insert_texto,-,8196,0,0.002414000
postgres,1,insert_texto,-,8197,0,0.002432600
postgres,1,insert_texto,-,8198,0,0.002690300
postgres,1,insert_texto,-,8199,0,0.002830700
postgres,1,insert_texto,-,8200,0,0.002883000
postgres,1,insert_texto,-,8201,0,0.002880500
postgres,1,insert_texto,-,8202,0,0.002764500
postgres,1,insert_texto,-,8203,0,0.002745400
postgres,1,insert_texto,-,8204,0,0.002921900
postgres,1,insert_texto,-,8205,0,0.002919800
postgres,1,insert_texto,-,8206,0,0.002709000
postgres,1,insert_texto,-,8207,0,0.002562400
postgres,1,insert_texto,-,8208,0,0.002719600
postgres,1,insert_texto,-,8209,0,0.002519100
postgres,1,insert_texto,-,8210,0,0.002509400
postgres,1,insert_texto,-,8211,0,0.002677100
postgres,1,insert_texto,-,8212,0,0.002540200
postgres,1,insert_texto,-,8213,0,0.002523200
postgres,1,insert_texto,-,8214,0,0.003042100
postgres,1,insert_texto,-,8215,0,0.002603600
postgres,1,insert_texto,-,8216,0,0.002496200
postgres,1,insert_texto,-,8217,0,0.002668200
postgres,1,insert_texto,-,8218,0,0.002522000
postgres,1,insert_texto,-,8219,0,0.002582800
postgres,1,insert_texto,-,8220,0,0.003000500
postgres,1,insert_texto,-,8221,0,0.002587700
postgres,1,insert_texto,-,8222,0,0.002485800
postgres,1,insert_texto,-,8223,0,0.002613800
postgres,1,insert_texto,-,8224,0,0.002550900
postgres,1,insert_texto,-,8225,0,0.002667100
postgres,1,insert_texto,-,8226,0,0.002563300
postgres,1,insert_texto,-,8227,0,0.002577200
postgres,1,insert_texto,-,8228,0,0.002493100
postgres,1,insert_texto,-,8229,0,0.002529200
postgres,1,insert_texto,-,8230,0,0.002491600
postgres,1,insert_texto,-,8231,0,0.002945000
postgres,1,insert_texto,-,8232,0,0.002845200
postgres,1,insert_texto,-,8233,0,0.002502600
postgres,1,insert_texto,-,8234,0,0.002636400
postgres,1,insert_texto,-,8235,0,0.002538700
postgres,1,insert_texto,-,8236,0,0.002494500
postgres,1,insert_texto,-,8237,0,0.002617100
postgres,1,insert_texto,-,8238,0,0.002643200
postgres,1,insert_texto,-,8239,0,0.002443400
postgres,1,insert_texto,-,8240,0,0.002507400
postgres,1,insert_texto,-,8241,0,0.002579900
postgres,1,insert_texto,-,8242,0,0.002690100
postgres,1,insert_texto,-,8243,0,0.002722000
postgres,1,insert_texto,-,8244,0,0.002782500
postgres,1,insert_texto,-,8245,0,0.002483200
postgres,1,insert_texto,-,8246,0,0.002700100
postgres,1,insert_texto,-,8247,0,0.002588100
postgres,1,insert_texto,-,8248,0,0.002560100
postgres,1,insert_texto,-,8249,0,0.002479100
postgres,1,insert_texto,-,8250,0,0.002571000
postgres,1,insert_texto,-,8251,0,0.002466900
postgres,1,insert_texto,-,8252,0,0.002552300
postgres,1,insert_texto,-,8253,0,0.002644300
postgres,1,insert_texto,-,8254,0,0.002649500
postgres,1,insert_texto,-,8255,0,0.002498800
postgres,1,insert_texto,-,8256,0,0.002886400
postgres,1,insert_texto,-,8257,0,0.002696600
postgres,1,insert_texto,-,8258,0,0.002650700
postgres,1,insert_texto,-,8259,0,0.002530000
postgres,1,insert_texto,-,8260,0,0.002757400
postgres,1,insert_texto,-,8261,0,0.002580400
postgres,1,insert_texto,-,8262,0,0.002960400
postgres,1,insert_texto,-,8263,0,0.002487100
postgres,1,insert_texto,-,8264,0,0.002566500
postgres,1,insert_texto,-,8265,0,0.002537900
postgres,1,insert_texto,-,8266,0,0.002729000
postgres,1,insert_texto,-,8267,0,0.002547400
postgres,1,insert_texto,-,8268,0,0.002974000
postgres,1,insert_texto,-,8269,0,0.002596700
postgres,1,insert_texto,-,8270,0,0.002527500
postgres,1,insert_texto,-,8271,0,0.002500500
postgres,1,insert_texto,-,8272,0,0.002832300
postgres,1,insert_texto,-,8273,0,0.002548000
postgres,1,insert_texto,-,8274,0,0.002812500
postgres,1,insert_texto,-,8275,0,0.002483400
postgres,1,insert_texto,-,8276,0,0.002559700
postgres,1,insert_texto,-,8277,0,0.002870700
postgres,1,insert_texto,-,8278,0,0.002692500
postgres,1,insert_texto,-,8279,0,0.002463300
postgres,1,insert_texto,-,8280,0,0.002787200
postgres,1,insert_texto,-,8281,0,0.002721400
postgres,1,insert_texto,-,8282,0,0.002576900
postgres,1,insert_texto,-,8283,0,0.002559900
postgres,1,insert_texto,-,8284,0,0.002689500
postgres,1,insert_texto,-,8285,0,0.002592200
postgres,1,insert_texto,-,8286,0,0.002730500
postgres,1,insert_texto,-,8287,0,0.002655300
postgres,1,insert_texto,-,8288,0,0.002605000
postgres,1,insert_texto,-,8289,0,0.002441000
postgres,1,insert_texto,-,8290,0,0.002470000
postgres,1,insert_texto,-,8291,0,0.002582900
postgres,1,insert_texto,-,8292,0,0.002763900
postgres,1,insert_texto,-,8293,0,0.002929600
postgres,1,insert_texto,-,8294,0,0.003067500
postgres,1,insert_texto,-,8295,0,0.003097900
postgres,1,insert_texto,-,8296,0,0.002908300
postgres,1,insert_texto,-,8297,0,0.003297700
postgres,1,insert_texto,-,8298,0,0.003069200
postgres,1,insert_texto,-,8299,0,0.003225200
postgres,1,insert_texto,-,8300,0,0.002945300
postgres,1,insert_texto,-,8301,0,0.002517200
postgres,1,insert_texto,-,8302,0,0.002861100
postgres,1,insert_texto,-,8303,0,0.002577600
postgres,1,insert_texto,-,8304,0,0.002474100
postgres,1,insert_texto,-,8305,0,0.002501400
postgres,1,insert_texto,-,8306,0,0.002520800
postgres,1,insert_texto,-,8307,0,0.002703300
postgres,1,insert_texto,-,8308,0,0.002942800
postgres,1,insert_texto,-,8309,0,0.002707700
postgres,1,insert_texto,-,8310,0,0.002482800
postgres,1,insert_texto,-,8311,0,0.002540000
postgres,1,insert_texto,-,8312,0,0.002701600
postgres,1,insert_texto,-,8313,0,0.002481700
postgres,1,insert_texto,-,8314,0,0.002710000
postgres,1,insert_texto,-,8315,0,0.002622500
postgres,1,insert_texto,-,8316,0,0.002662100
postgres,1,insert_texto,-,8317,0,0.002512600
postgres,1,insert_texto,-,8318,0,0.002492200
postgres,1,insert_texto,-,8319,0,0.002627700
postgres,1,insert_texto,-,8320,0,0.002557000
postgres,1,insert_texto,-,8321,0,0.002480700
postgres,1,insert_texto,-,8322,0,0.002578000
postgres,1,insert_texto,-,8323,0,0.002658100
postgres,1,insert_texto,-,8324,0,0.002437100
postgres,1,insert_texto,-,8325,0,0.002541300
postgres,1,insert_texto,-,8326,0,0.002527000
postgres,1,insert_texto,-,8327,0,0.003093400
postgres,1,insert_texto,-,8328,0,0.002581100
postgres,1,insert_texto,-,8329,0,0.002454100
postgres,1,insert_texto,-,8330,0,0.002406200
postgres,1,insert_texto,-,8331,0,0.002562100
postgres,1,insert_texto,-,8332,0,0.002498900
postgres,1,insert_texto,-,8333,0,0.002638100
postgres,1,insert_texto,-,8334,0,0.002721700
postgres,1,insert_texto,-,8335,0,0.002487100
postgres,1,insert_texto,-,8336,0,0.002682800
postgres,1,insert_texto,-,8337,0,0.002643700
postgres,1,insert_texto,-,8338,0,0.002627200
postgres,1,insert_texto,-,8339,0,0.002632400
postgres,1,insert_texto,-,8340,0,0.002580000
postgres,1,insert_texto,-,8341,0,0.002586500
postgres,1,insert_texto,-,8342,0,0.002539100
postgres,1,insert_texto,-,8343,0,0.002722000
postgres,1,insert_texto,-,8344,0,0.002650900
postgres,1,insert_texto,-,8345,0,0.002511700
postgres,1,insert_texto,-,8346,0,0.002509000
postgres,1,insert_texto,-,8347,0,0.002567600
postgres,1,insert_texto,-,8348,0,0.002484900
postgres,1,insert_texto,-,8349,0,0.002900100
postgres,1,insert_texto,-,8350,0,0.002896000
postgres,1,insert_texto,-,8351,0,0.002642600
postgres,1,insert_texto,-,8352,0,0.002540700
postgres,1,insert_texto,-,8353,0,0.002582800
postgres,1,insert_texto,-,8354,0,0.002572400
postgres,1,insert_texto,-,8355,0,0.003243900
postgres,1,insert_texto,-,8356,0,0.002512500
postgres,1,insert_texto,-,8357,0,0.002619900
postgres,1,insert_texto,-,8358,0,0.002532200
postgres,1,insert_texto,-,8359,0,0.002582200
postgres,1,insert_texto,-,8360,0,0.002644900
postgres,1,insert_texto,-,8361,0,0.002578700
postgres,1,insert_texto,-,8362,0,0.002523800
postgres,1,insert_texto,-,8363,0,0.002788600
postgres,1,insert_texto,-,8364,0,0.003144300
postgres,1,insert_texto,-,8365,0,0.002864600
postgres,1,insert_texto,-,8366,0,0.002941200
postgres,1,insert_texto,-,8367,0,0.002725800
postgres,1,insert_texto,-,8368,0,0.002524500
postgres,1,insert_texto,-,8369,0,0.002478600
postgres,1,insert_texto,-,8370,0,0.002461400
postgres,1,insert_texto,-,8371,0,0.002479500
postgres,1,insert_texto,-,8372,0,0.002518300
postgres,1,insert_texto,-,8373,0,0.002541300
postgres,1,insert_texto,-,8374,0,0.002580300
postgres,1,insert_texto,-,8375,0,0.002611300
postgres,1,insert_texto,-,8376,0,0.002718500
postgres,1,insert_texto,-,8377,0,0.002533800
postgres,1,insert_texto,-,8378,0,0.002594000
postgres,1,insert_texto,-,8379,0,0.002541300
postgres,1,insert_texto,-,8380,0,0.002550200
postgres,1,insert_texto,-,8381,0,0.002667200
postgres,1,insert_texto,-,8382,0,0.002671700
postgres,1,insert_texto,-,8383,0,0.002489500
postgres,1,insert_texto,-,8384,0,0.002725200
postgres,1,insert_texto,-,8385,0,0.002368400
postgres,1,insert_texto,-,8386,0,0.002715800
postgres,1,insert_texto,-,8387,0,0.002339700
postgres,1,insert_texto,-,8388,0,0.002599100
postgres,1,insert_texto,-,8389,0,0.002814300
postgres,1,insert_texto,-,8390,0,0.002969300
postgres,1,insert_texto,-,8391,0,0.002739300
postgres,1,insert_texto,-,8392,0,0.002628400
postgres,1,insert_texto,-,8393,0,0.002915500
postgres,1,insert_texto,-,8394,0,0.002906200
postgres,1,insert_texto,-,8395,0,0.002768700
postgres,1,insert_texto,-,8396,0,0.002778300
postgres,1,insert_texto,-,8397,0,0.002484100
postgres,1,insert_texto,-,8398,0,0.002351500
postgres,1,insert_texto,-,8399,0,0.002652700
postgres,1,insert_texto,-,8400,0,0.002371900
postgres,1,insert_texto,-,8401,0,0.002322700
postgres,1,insert_texto,-,8402,0,0.002551500
postgres,1,insert_texto,-,8403,0,0.002320500
postgres,1,insert_texto,-,8404,0,0.002469300
postgres,1,insert_texto,-,8405,0,0.002519200
postgres,1,insert_texto,-,8406,0,0.002425000
postgres,1,insert_texto,-,8407,0,0.002382000
postgres,1,insert_texto,-,8408,0,0.002278900
postgres,1,insert_texto,-,8409,0,0.002374500
postgres,1,insert_texto,-,8410,0,0.002509100
postgres,1,insert_texto,-,8411,0,0.002324100
postgres,1,insert_texto,-,8412,0,0.002458300
postgres,1,insert_texto,-,8413,0,0.002296300
postgres,1,insert_texto,-,8414,0,0.002492100
postgres,1,insert_texto,-,8415,0,0.002624000
postgres,1,insert_texto,-,8416,0,0.002363800
postgres,1,insert_texto,-,8417,0,0.002458000
postgres,1,insert_texto,-,8418,0,0.002314200
postgres,1,insert_texto,-,8419,0,0.002296600
postgres,1,insert_texto,-,8420,0,0.002494200
postgres,1,insert_texto,-,8421,0,0.002449700
postgres,1,insert_texto,-,8422,0,0.002321800
postgres,1,insert_texto,-,8423,0,0.002495000
postgres,1,insert_texto,-,8424,0,0.002347500
postgres,1,insert_texto,-,8425,0,0.002470900
postgres,1,insert_texto,-,8426,0,0.002356900
postgres,1,insert_texto,-,8427,0,0.002467400
postgres,1,insert_texto,-,8428,0,0.002382700
postgres,1,insert_texto,-,8429,0,0.002348200
postgres,1,insert_texto,-,8430,0,0.002407200
postgres,1,insert_texto,-,8431,0,0.002387300
postgres,1,insert_texto,-,8432,0,0.002360300
postgres,1,insert_texto,-,8433,0,0.002246600
postgres,1,insert_texto,-,8434,0,0.002403900
postgres,1,insert_texto,-,8435,0,0.002420800
postgres,1,insert_texto,-,8436,0,0.002363100
postgres,1,insert_texto,-,8437,0,0.002586900
postgres,1,insert_texto,-,8438,0,0.002700600
postgres,1,insert_texto,-,8439,0,0.002397300
postgres,1,insert_texto,-,8440,0,0.002512300
postgres,1,insert_texto,-,8441,0,0.002307600
postgres,1,insert_texto,-,8442,0,0.002337600
postgres,1,insert_texto,-,8443,0,0.002751400
postgres,1,insert_texto,-,8444,0,0.002510200
postgres,1,insert_texto,-,8445,0,0.002368100
postgres,1,insert_texto,-,8446,0,0.002349500
postgres,1,insert_texto,-,8447,0,0.002564200
postgres,1,insert_texto,-,8448,0,0.002394900
postgres,1,insert_texto,-,8449,0,0.002281700
postgres,1,insert_texto,-,8450,0,0.002600800
postgres,1,insert_texto,-,8451,0,0.002467800
postgres,1,insert_texto,-,8452,0,0.002581100
postgres,1,insert_texto,-,8453,0,0.002496100
postgres,1,insert_texto,-,8454,0,0.002526400
postgres,1,insert_texto,-,8455,0,0.002277900
postgres,1,insert_texto,-,8456,0,0.002362700
postgres,1,insert_texto,-,8457,0,0.002241200
postgres,1,insert_texto,-,8458,0,0.002586500
postgres,1,insert_texto,-,8459,0,0.002572600
postgres,1,insert_texto,-,8460,0,0.002486100
postgres,1,insert_texto,-,8461,0,0.002579300
postgres,1,insert_texto,-,8462,0,0.002614400
postgres,1,insert_texto,-,8463,0,0.002325100
postgres,1,insert_texto,-,8464,0,0.002572400
postgres,1,insert_texto,-,8465,0,0.002365500
postgres,1,insert_texto,-,8466,0,0.002385700
postgres,1,insert_texto,-,8467,0,0.002301200
postgres,1,insert_texto,-,8468,0,0.002579800
postgres,1,insert_texto,-,8469,0,0.002524100
postgres,1,insert_texto,-,8470,0,0.002324800
postgres,1,insert_texto,-,8471,0,0.002445000
postgres,1,insert_texto,-,8472,0,0.002245400
postgres,1,insert_texto,-,8473,0,0.002694000
postgres,1,insert_texto,-,8474,0,0.002497000
postgres,1,insert_texto,-,8475,0,0.002433800
postgres,1,insert_texto,-,8476,0,0.002527300
postgres,1,insert_texto,-,8477,0,0.002544000
postgres,1,insert_texto,-,8478,0,0.002376000
postgres,1,insert_texto,-,8479,0,0.002402100
postgres,1,insert_texto,-,8480,0,0.002447500
postgres,1,insert_texto,-,8481,0,0.002285200
postgres,1,insert_texto,-,8482,0,0.002502500
postgres,1,insert_texto,-,8483,0,0.002751500
postgres,1,insert_texto,-,8484,0,0.002884100
postgres,1,insert_texto,-,8485,0,0.003213700
postgres,1,insert_texto,-,8486,0,0.002923400
postgres,1,insert_texto,-,8487,0,0.002857100
postgres,1,insert_texto,-,8488,0,0.003026700
postgres,1,insert_texto,-,8489,0,0.002812000
postgres,1,insert_texto,-,8490,0,0.003109100
postgres,1,insert_texto,-,8491,0,0.002549600
postgres,1,insert_texto,-,8492,0,0.002350600
postgres,1,insert_texto,-,8493,0,0.002272900
postgres,1,insert_texto,-,8494,0,0.002305800
postgres,1,insert_texto,-,8495,0,0.002460500
postgres,1,insert_texto,-,8496,0,0.002472600
postgres,1,insert_texto,-,8497,0,0.002495800
postgres,1,insert_texto,-,8498,0,0.002469900
postgres,1,insert_texto,-,8499,0,0.002516100
postgres,1,insert_texto,-,8500,0,0.003250300
postgres,1,insert_texto,-,8501,0,0.003563800
postgres,1,insert_texto,-,8502,0,0.003575200
postgres,1,insert_texto,-,8503,0,0.003657700
postgres,1,insert_texto,-,8504,0,0.002854700
postgres,1,insert_texto,-,8505,0,0.003073700
postgres,1,insert_texto,-,8506,0,0.003092700
postgres,1,insert_texto,-,8507,0,0.002763200
postgres,1,insert_texto,-,8508,0,0.003090100
postgres,1,insert_texto,-,8509,0,0.003006800
postgres,1,insert_texto,-,8510,0,0.002870600
postgres,1,insert_texto,-,8511,0,0.002764700
postgres,1,insert_texto,-,8512,0,0.002850400
postgres,1,insert_texto,-,8513,0,0.003152400
postgres,1,insert_texto,-,8514,0,0.002901900
postgres,1,insert_texto,-,8515,0,0.002810800
postgres,1,insert_texto,-,8516,0,0.002766800
postgres,1,insert_texto,-,8517,0,0.002958200
postgres,1,insert_texto,-,8518,0,0.002889200
postgres,1,insert_texto,-,8519,0,0.002919500
postgres,1,insert_texto,-,8520,0,0.003070300
postgres,1,insert_texto,-,8521,0,0.002833800
postgres,1,insert_texto,-,8522,0,0.002825400
postgres,1,insert_texto,-,8523,0,0.002739900
postgres,1,insert_texto,-,8524,0,0.002447700
postgres,1,insert_texto,-,8525,0,0.002177300
postgres,1,insert_texto,-,8526,0,0.002350400
postgres,1,insert_texto,-,8527,0,0.002271400
postgres,1,insert_texto,-,8528,0,0.002440500
postgres,1,insert_texto,-,8529,0,0.002655400
postgres,1,insert_texto,-,8530,0,0.002496400
postgres,1,insert_texto,-,8531,0,0.002447900
postgres,1,insert_texto,-,8532,0,0.002346600
postgres,1,insert_texto,-,8533,0,0.002335400
postgres,1,insert_texto,-,8534,0,0.002383200
postgres,1,insert_texto,-,8535,0,0.002301700
postgres,1,insert_texto,-,8536,0,0.002910000
postgres,1,insert_texto,-,8537,0,0.004477500
postgres,1,insert_texto,-,8538,0,0.002910100
postgres,1,insert_texto,-,8539,0,0.002581600
postgres,1,insert_texto,-,8540,0,0.002413400
postgres,1,insert_texto,-,8541,0,0.002812500
postgres,1,insert_texto,-,8542,0,0.002672400
postgres,1,insert_texto,-,8543,0,0.002714000
postgres,1,insert_texto,-,8544,0,0.002775100
postgres,1,insert_texto,-,8545,0,0.002546300
postgres,1,insert_texto,-,8546,0,0.002620300
postgres,1,insert_texto,-,8547,0,0.002875600
postgres,1,insert_texto,-,8548,0,0.002631500
postgres,1,insert_texto,-,8549,0,0.002751900
postgres,1,insert_texto,-,8550,0,0.002505800
postgres,1,insert_texto,-,8551,0,0.002603700
postgres,1,insert_texto,-,8552,0,0.002506200
postgres,1,insert_texto,-,8553,0,0.002751400
postgres,1,insert_texto,-,8554,0,0.002586800
postgres,1,insert_texto,-,8555,0,0.002435400
postgres,1,insert_texto,-,8556,0,0.002539300
postgres,1,insert_texto,-,8557,0,0.002388100
postgres,1,insert_texto,-,8558,0,0.002437800
postgres,1,insert_texto,-,8559,0,0.002472000
postgres,1,insert_texto,-,8560,0,0.002389200
postgres,1,insert_texto,-,8561,0,0.002574400
postgres,1,insert_texto,-,8562,0,0.002357000
postgres,1,insert_texto,-,8563,0,0.002632100
postgres,1,insert_texto,-,8564,0,0.002573200
postgres,1,insert_texto,-,8565,0,0.002309900
postgres,1,insert_texto,-,8566,0,0.002425700
postgres,1,insert_texto,-,8567,0,0.002444700
postgres,1,insert_texto,-,8568,0,0.002458200
postgres,1,insert_texto,-,8569,0,0.002654600
postgres,1,insert_texto,-,8570,0,0.002571600
postgres,1,insert_texto,-,8571,0,0.002420500
postgres,1,insert_texto,-,8572,0,0.002722600
postgres,1,insert_texto,-,8573,0,0.002594500
postgres,1,insert_texto,-,8574,0,0.002703900
postgres,1,insert_texto,-,8575,0,0.002887100
postgres,1,insert_texto,-,8576,0,0.003025300
postgres,1,insert_texto,-,8577,0,0.002916600
postgres,1,insert_texto,-,8578,0,0.003005000
postgres,1,insert_texto,-,8579,0,0.003379700
postgres,1,insert_texto,-,8580,0,0.002967900
postgres,1,insert_texto,-,8581,0,0.003142900
postgres,1,insert_texto,-,8582,0,0.002781200
postgres,1,insert_texto,-,8583,0,0.003075700
postgres,1,insert_texto,-,8584,0,0.002823500
postgres,1,insert_texto,-,8585,0,0.002775000
postgres,1,insert_texto,-,8586,0,0.002542600
postgres,1,insert_texto,-,8587,0,0.002517600
postgres,1,insert_texto,-,8588,0,0.002384700
postgres,1,insert_texto,-,8589,0,0.003509100
postgres,1,insert_texto,-,8590,0,0.002569100
postgres,1,insert_texto,-,8591,0,0.002427900
postgres,1,insert_texto,-,8592,0,0.002615600
postgres,1,insert_texto,-,8593,0,0.002293000
postgres,1,insert_texto,-,8594,0,0.002418700
postgres,1,insert_texto,-,8595,0,0.002709800
postgres,1,insert_texto,-,8596,0,0.002461000
postgres,1,insert_texto,-,8597,0,0.002387800
postgres,1,insert_texto,-,8598,0,0.002687400
postgres,1,insert_texto,-,8599,0,0.002430200
postgres,1,insert_texto,-,8600,0,0.002557500
postgres,1,insert_texto,-,8601,0,0.002487900
postgres,1,insert_texto,-,8602,0,0.002607100
postgres,1,insert_texto,-,8603,0,0.002271300
postgres,1,insert_texto,-,8604,0,0.002429300
postgres,1,insert_texto,-,8605,0,0.002422800
postgres,1,insert_texto,-,8606,0,0.002498500
postgres,1,insert_texto,-,8607,0,0.002536200
postgres,1,insert_texto,-,8608,0,0.002401900
postgres,1,insert_texto,-,8609,0,0.002428400
postgres,1,insert_texto,-,8610,0,0.002380000
postgres,1,insert_texto,-,8611,0,0.002467800
postgres,1,insert_texto,-,8612,0,0.002430900
postgres,1,insert_texto,-,8613,0,0.002259500
postgres,1,insert_texto,-,8614,0,0.002368000
postgres,1,insert_texto,-,8615,0,0.002465100
postgres,1,insert_texto,-,8616,0,0.002399800
postgres,1,insert_texto,-,8617,0,0.002341600
postgres,1,insert_texto,-,8618,0,0.002630400
postgres,1,insert_texto,-,8619,0,0.002512200
postgres,1,insert_texto,-,8620,0,0.002602900
postgres,1,insert_texto,-,8621,0,0.002569600
postgres,1,insert_texto,-,8622,0,0.002359500
postgres,1,insert_texto,-,8623,0,0.002279400
postgres,1,insert_texto,-,8624,0,0.002768200
postgres,1,insert_texto,-,8625,0,0.002324600
postgres,1,insert_texto,-,8626,0,0.002524000
postgres,1,insert_texto,-,8627,0,0.002541200
postgres,1,insert_texto,-,8628,0,0.002238800
postgres,1,insert_texto,-,8629,0,0.002372900
postgres,1,insert_texto,-,8630,0,0.002297000
postgres,1,insert_texto,-,8631,0,0.002421600
postgres,1,insert_texto,-,8632,0,0.002518200
postgres,1,insert_texto,-,8633,0,0.003070200
postgres,1,insert_texto,-,8634,0,0.002447000
postgres,1,insert_texto,-,8635,0,0.002770600
postgres,1,insert_texto,-,8636,0,0.002649100
postgres,1,insert_texto,-,8637,0,0.002641100
postgres,1,insert_texto,-,8638,0,0.002732800
postgres,1,insert_texto,-,8639,0,0.002774900
postgres,1,insert_texto,-,8640,0,0.002375100
postgres,1,insert_texto,-,8641,0,0.002680600
postgres,1,insert_texto,-,8642,0,0.002616300
postgres,1,insert_texto,-,8643,0,0.002733500
postgres,1,insert_texto,-,8644,0,0.002688200
postgres,1,insert_texto,-,8645,0,0.002703600
postgres,1,insert_texto,-,8646,0,0.002729900
postgres,1,insert_texto,-,8647,0,0.002547200
postgres,1,insert_texto,-,8648,0,0.002543600
postgres,1,insert_texto,-,8649,0,0.002440500
postgres,1,insert_texto,-,8650,0,0.002868200
postgres,1,insert_texto,-,8651,0,0.002708500
postgres,1,insert_texto,-,8652,0,0.002659300
postgres,1,insert_texto,-,8653,0,0.003002900
postgres,1,insert_texto,-,8654,0,0.002537300
postgres,1,insert_texto,-,8655,0,0.002419000
postgres,1,insert_texto,-,8656,0,0.002608100
postgres,1,insert_texto,-,8657,0,0.002974800
postgres,1,insert_texto,-,8658,0,0.002550800
postgres,1,insert_texto,-,8659,0,0.002628700
postgres,1,insert_texto,-,8660,0,0.002471500
postgres,1,insert_texto,-,8661,0,0.002542600
postgres,1,insert_texto,-,8662,0,0.002706700
postgres,1,insert_texto,-,8663,0,0.003047800
postgres,1,insert_texto,-,8664,0,0.002535600
postgres,1,insert_texto,-,8665,0,0.002626100
postgres,1,insert_texto,-,8666,0,0.002547600
postgres,1,insert_texto,-,8667,0,0.002627800
postgres,1,insert_texto,-,8668,0,0.003079900
postgres,1,insert_texto,-,8669,0,0.002895200
postgres,1,insert_texto,-,8670,0,0.002983700
postgres,1,insert_texto,-,8671,0,0.003300100
postgres,1,insert_texto,-,8672,0,0.003154200
postgres,1,insert_texto,-,8673,0,0.003219700
postgres,1,insert_texto,-,8674,0,0.003107500
postgres,1,insert_texto,-,8675,0,0.003073900
postgres,1,insert_texto,-,8676,0,0.002579100
postgres,1,insert_texto,-,8677,0,0.002733600
postgres,1,insert_texto,-,8678,0,0.002620700
postgres,1,insert_texto,-,8679,0,0.002835800
postgres,1,insert_texto,-,8680,0,0.002704700
postgres,1,insert_texto,-,8681,0,0.002515800
postgres,1,insert_texto,-,8682,0,0.002860300
postgres,1,insert_texto,-,8683,0,0.002851200
postgres,1,insert_texto,-,8684,0,0.002516200
postgres,1,insert_texto,-,8685,0,0.002549900
postgres,1,insert_texto,-,8686,0,0.002802100
postgres,1,insert_texto,-,8687,0,0.002487300
postgres,1,insert_texto,-,8688,0,0.002647700
postgres,1,insert_texto,-,8689,0,0.002678800
postgres,1,insert_texto,-,8690,0,0.002534400
postgres,1,insert_texto,-,8691,0,0.002892000
postgres,1,insert_texto,-,8692,0,0.002862100
postgres,1,insert_texto,-,8693,0,0.002466700
postgres,1,insert_texto,-,8694,0,0.002497000
postgres,1,insert_texto,-,8695,0,0.002930800
postgres,1,insert_texto,-,8696,0,0.002516400
postgres,1,insert_texto,-,8697,0,0.002979000
postgres,1,insert_texto,-,8698,0,0.002759400
postgres,1,insert_texto,-,8699,0,0.002498700
postgres,1,insert_texto,-,8700,0,0.002559200
postgres,1,insert_texto,-,8701,0,0.002497900
postgres,1,insert_texto,-,8702,0,0.002526600
postgres,1,insert_texto,-,8703,0,0.002932000
postgres,1,insert_texto,-,8704,0,0.002751100
postgres,1,insert_texto,-,8705,0,0.002738200
postgres,1,insert_texto,-,8706,0,0.002625400
postgres,1,insert_texto,-,8707,0,0.002869700
postgres,1,insert_texto,-,8708,0,0.002576300
postgres,1,insert_texto,-,8709,0,0.002542300
postgres,1,insert_texto,-,8710,0,0.002464900
postgres,1,insert_texto,-,8711,0,0.002748600
postgres,1,insert_texto,-,8712,0,0.002443400
postgres,1,insert_texto,-,8713,0,0.002665800
postgres,1,insert_texto,-,8714,0,0.002529800
postgres,1,insert_texto,-,8715,0,0.002520000
postgres,1,insert_texto,-,8716,0,0.002739400
postgres,1,insert_texto,-,8717,0,0.002552400
postgres,1,insert_texto,-,8718,0,0.002367300
postgres,1,insert_texto,-,8719,0,0.002591600
postgres,1,insert_texto,-,8720,0,0.002496100
postgres,1,insert_texto,-,8721,0,0.002724800
postgres,1,insert_texto,-,8722,0,0.002583000
postgres,1,insert_texto,-,8723,0,0.003080100
postgres,1,insert_texto,-,8724,0,0.002769300
postgres,1,insert_texto,-,8725,0,0.002603600
postgres,1,insert_texto,-,8726,0,0.002604800
postgres,1,insert_texto,-,8727,0,0.003142500
postgres,1,insert_texto,-,8728,0,0.002572100
postgres,1,insert_texto,-,8729,0,0.002633600
postgres,1,insert_texto,-,8730,0,0.002550600
postgres,1,insert_texto,-,8731,0,0.002758000
postgres,1,insert_texto,-,8732,0,0.002843300
postgres,1,insert_texto,-,8733,0,0.002478600
postgres,1,insert_texto,-,8734,0,0.002484400
postgres,1,insert_texto,-,8735,0,0.002542000
postgres,1,insert_texto,-,8736,0,0.003152400
postgres,1,insert_texto,-,8737,0,0.002705200
postgres,1,insert_texto,-,8738,0,0.002398200
postgres,1,insert_texto,-,8739,0,0.002380300
postgres,1,insert_texto,-,8740,0,0.002189100
postgres,1,insert_texto,-,8741,0,0.002308900
postgres,1,insert_texto,-,8742,0,0.002834500
postgres,1,insert_texto,-,8743,0,0.002439600
postgres,1,insert_texto,-,8744,0,0.002234900
postgres,1,insert_texto,-,8745,0,0.002219600
postgres,1,insert_texto,-,8746,0,0.002156000
postgres,1,insert_texto,-,8747,0,0.002397700
postgres,1,insert_texto,-,8748,0,0.002415800
postgres,1,insert_texto,-,8749,0,0.002387200
postgres,1,insert_texto,-,8750,0,0.002501100
postgres,1,insert_texto,-,8751,0,0.002416500
postgres,1,insert_texto,-,8752,0,0.002430000
postgres,1,insert_texto,-,8753,0,0.002432200
postgres,1,insert_texto,-,8754,0,0.002370600
postgres,1,insert_texto,-,8755,0,0.002444200
postgres,1,insert_texto,-,8756,0,0.002487700
postgres,1,insert_texto,-,8757,0,0.002542800
postgres,1,insert_texto,-,8758,0,0.002622700
postgres,1,insert_texto,-,8759,0,0.002397300
postgres,1,insert_texto,-,8760,0,0.002690800
postgres,1,insert_texto,-,8761,0,0.003200000
postgres,1,insert_texto,-,8762,0,0.002959000
postgres,1,insert_texto,-,8763,0,0.003063700
postgres,1,insert_texto,-,8764,0,0.003277200
postgres,1,insert_texto,-,8765,0,0.002912800
postgres,1,insert_texto,-,8766,0,0.002820800
postgres,1,insert_texto,-,8767,0,0.003958200
postgres,1,insert_texto,-,8768,0,0.003247200
postgres,1,insert_texto,-,8769,0,0.003161700
postgres,1,insert_texto,-,8770,0,0.003175900
postgres,1,insert_texto,-,8771,0,0.002515300
postgres,1,insert_texto,-,8772,0,0.002266800
postgres,1,insert_texto,-,8773,0,0.002409800
postgres,1,insert_texto,-,8774,0,0.002380600
postgres,1,insert_texto,-,8775,0,0.002369500
postgres,1,insert_texto,-,8776,0,0.002318600
postgres,1,insert_texto,-,8777,0,0.002315100
postgres,1,insert_texto,-,8778,0,0.002464200
postgres,1,insert_texto,-,8779,0,0.002331500
postgres,1,insert_texto,-,8780,0,0.002334200
postgres,1,insert_texto,-,8781,0,0.002526000
postgres,1,insert_texto,-,8782,0,0.002340200
postgres,1,insert_texto,-,8783,0,0.002541200
postgres,1,insert_texto,-,8784,0,0.002577900
postgres,1,insert_texto,-,8785,0,0.002590800
postgres,1,insert_texto,-,8786,0,0.002362500
postgres,1,insert_texto,-,8787,0,0.002449700
postgres,1,insert_texto,-,8788,0,0.002778000
postgres,1,insert_texto,-,8789,0,0.002779400
postgres,1,insert_texto,-,8790,0,0.002603500
postgres,1,insert_texto,-,8791,0,0.002610700
postgres,1,insert_texto,-,8792,0,0.002650100
postgres,1,insert_texto,-,8793,0,0.002516300
postgres,1,insert_texto,-,8794,0,0.002832800
postgres,1,insert_texto,-,8795,0,0.002493000
postgres,1,insert_texto,-,8796,0,0.002511800
postgres,1,insert_texto,-,8797,0,0.002625200
postgres,1,insert_texto,-,8798,0,0.002462000
postgres,1,insert_texto,-,8799,0,0.002364000
postgres,1,insert_texto,-,8800,0,0.002482600
postgres,1,insert_texto,-,8801,0,0.002380900
postgres,1,insert_texto,-,8802,0,0.002794100
postgres,1,insert_texto,-,8803,0,0.002530800
postgres,1,insert_texto,-,8804,0,0.002449200
postgres,1,insert_texto,-,8805,0,0.002460500
postgres,1,insert_texto,-,8806,0,0.002649900
postgres,1,insert_texto,-,8807,0,0.002270300
postgres,1,insert_texto,-,8808,0,0.002563600
postgres,1,insert_texto,-,8809,0,0.002526000
postgres,1,insert_texto,-,8810,0,0.002422900
postgres,1,insert_texto,-,8811,0,0.002497700
postgres,1,insert_texto,-,8812,0,0.002541500
postgres,1,insert_texto,-,8813,0,0.002443600
postgres,1,insert_texto,-,8814,0,0.002444800
postgres,1,insert_texto,-,8815,0,0.002690000
postgres,1,insert_texto,-,8816,0,0.002562000
postgres,1,insert_texto,-,8817,0,0.002400500
postgres,1,insert_texto,-,8818,0,0.002465300
postgres,1,insert_texto,-,8819,0,0.002522800
postgres,1,insert_texto,-,8820,0,0.002785000
postgres,1,insert_texto,-,8821,0,0.002690800
postgres,1,insert_texto,-,8822,0,0.002574800
postgres,1,insert_texto,-,8823,0,0.002515100
postgres,1,insert_texto,-,8824,0,0.002407300
postgres,1,insert_texto,-,8825,0,0.002798000
postgres,1,insert_texto,-,8826,0,0.002751600
postgres,1,insert_texto,-,8827,0,0.002606600
postgres,1,insert_texto,-,8828,0,0.002673300
postgres,1,insert_texto,-,8829,0,0.002500900
postgres,1,insert_texto,-,8830,0,0.002453300
postgres,1,insert_texto,-,8831,0,0.002528000
postgres,1,insert_texto,-,8832,0,0.002446300
postgres,1,insert_texto,-,8833,0,0.002831500
postgres,1,insert_texto,-,8834,0,0.002442700
postgres,1,insert_texto,-,8835,0,0.002411400
postgres,1,insert_texto,-,8836,0,0.002665200
postgres,1,insert_texto,-,8837,0,0.002470000
postgres,1,insert_texto,-,8838,0,0.002562400
postgres,1,insert_texto,-,8839,0,0.002741200
postgres,1,insert_texto,-,8840,0,0.002528200
postgres,1,insert_texto,-,8841,0,0.002483400
postgres,1,insert_texto,-,8842,0,0.002610900
postgres,1,insert_texto,-,8843,0,0.002414200
postgres,1,insert_texto,-,8844,0,0.002734400
postgres,1,insert_texto,-,8845,0,0.002726800
postgres,1,insert_texto,-,8846,0,0.002384400
postgres,1,insert_texto,-,8847,0,0.002636000
postgres,1,insert_texto,-,8848,0,0.002562100
postgres,1,insert_texto,-,8849,0,0.002532600
postgres,1,insert_texto,-,8850,0,0.002576200
postgres,1,insert_texto,-,8851,0,0.002451100
postgres,1,insert_texto,-,8852,0,0.002582500
postgres,1,insert_texto,-,8853,0,0.002481400
postgres,1,insert_texto,-,8854,0,0.002495600
postgres,1,insert_texto,-,8855,0,0.002866200
postgres,1,insert_texto,-,8856,0,0.003223200
postgres,1,insert_texto,-,8857,0,0.003099300
postgres,1,insert_texto,-,8858,0,0.003054100
postgres,1,insert_texto,-,8859,0,0.002993500
postgres,1,insert_texto,-,8860,0,0.003145300
postgres,1,insert_texto,-,8861,0,0.002967400
postgres,1,insert_texto,-,8862,0,0.003209300
postgres,1,insert_texto,-,8863,0,0.003035700
postgres,1,insert_texto,-,8864,0,0.002562600
postgres,1,insert_texto,-,8865,0,0.002608800
postgres,1,insert_texto,-,8866,0,0.002670200
postgres,1,insert_texto,-,8867,0,0.002511000
postgres,1,insert_texto,-,8868,0,0.002635200
postgres,1,insert_texto,-,8869,0,0.002829700
postgres,1,insert_texto,-,8870,0,0.002588300
postgres,1,insert_texto,-,8871,0,0.002619300
postgres,1,insert_texto,-,8872,0,0.003075100
postgres,1,insert_texto,-,8873,0,0.002650100
postgres,1,insert_texto,-,8874,0,0.002847200
postgres,1,insert_texto,-,8875,0,0.002549100
postgres,1,insert_texto,-,8876,0,0.002542900
postgres,1,insert_texto,-,8877,0,0.002701400
postgres,1,insert_texto,-,8878,0,0.002590500
postgres,1,insert_texto,-,8879,0,0.002764500
postgres,1,insert_texto,-,8880,0,0.002904200
postgres,1,insert_texto,-,8881,0,0.002791200
postgres,1,insert_texto,-,8882,0,0.002595700
postgres,1,insert_texto,-,8883,0,0.002747000
postgres,1,insert_texto,-,8884,0,0.002748200
postgres,1,insert_texto,-,8885,0,0.002703000
postgres,1,insert_texto,-,8886,0,0.002625500
postgres,1,insert_texto,-,8887,0,0.002532100
postgres,1,insert_texto,-,8888,0,0.002449200
postgres,1,insert_texto,-,8889,0,0.002639300
postgres,1,insert_texto,-,8890,0,0.002548700
postgres,1,insert_texto,-,8891,0,0.002478000
postgres,1,insert_texto,-,8892,0,0.002634400
postgres,1,insert_texto,-,8893,0,0.002464300
postgres,1,insert_texto,-,8894,0,0.002741200
postgres,1,insert_texto,-,8895,0,0.002727100
postgres,1,insert_texto,-,8896,0,0.002443300
postgres,1,insert_texto,-,8897,0,0.002660100
postgres,1,insert_texto,-,8898,0,0.002661200
postgres,1,insert_texto,-,8899,0,0.002572900
postgres,1,insert_texto,-,8900,0,0.002579200
postgres,1,insert_texto,-,8901,0,0.002572100
postgres,1,insert_texto,-,8902,0,0.002787000
postgres,1,insert_texto,-,8903,0,0.002537300
postgres,1,insert_texto,-,8904,0,0.003228000
postgres,1,insert_texto,-,8905,0,0.002719900
postgres,1,insert_texto,-,8906,0,0.002714700
postgres,1,insert_texto,-,8907,0,0.003376800
postgres,1,insert_texto,-,8908,0,0.003037600
postgres,1,insert_texto,-,8909,0,0.002469700
postgres,1,insert_texto,-,8910,0,0.002610200
postgres,1,insert_texto,-,8911,0,0.002633100
postgres,1,insert_texto,-,8912,0,0.002446100
postgres,1,insert_texto,-,8913,0,0.002727000
postgres,1,insert_texto,-,8914,0,0.002868400
postgres,1,insert_texto,-,8915,0,0.002596200
postgres,1,insert_texto,-,8916,0,0.002553300
postgres,1,insert_texto,-,8917,0,0.002709600
postgres,1,insert_texto,-,8918,0,0.002652500
postgres,1,insert_texto,-,8919,0,0.002528100
postgres,1,insert_texto,-,8920,0,0.002891600
postgres,1,insert_texto,-,8921,0,0.002715000
postgres,1,insert_texto,-,8922,0,0.002571300
postgres,1,insert_texto,-,8923,0,0.002531300
postgres,1,insert_texto,-,8924,0,0.002479500
postgres,1,insert_texto,-,8925,0,0.002573500
postgres,1,insert_texto,-,8926,0,0.002607700
postgres,1,insert_texto,-,8927,0,0.003071000
postgres,1,insert_texto,-,8928,0,0.002612100
postgres,1,insert_texto,-,8929,0,0.002660000
postgres,1,insert_texto,-,8930,0,0.002665600
postgres,1,insert_texto,-,8931,0,0.002706400
postgres,1,insert_texto,-,8932,0,0.002689100
postgres,1,insert_texto,-,8933,0,0.002556200
postgres,1,insert_texto,-,8934,0,0.002608500
postgres,1,insert_texto,-,8935,0,0.002704400
postgres,1,insert_texto,-,8936,0,0.002393100
postgres,1,insert_texto,-,8937,0,0.002840800
postgres,1,insert_texto,-,8938,0,0.002766800
postgres,1,insert_texto,-,8939,0,0.002511400
postgres,1,insert_texto,-,8940,0,0.002820600
postgres,1,insert_texto,-,8941,0,0.002547500
postgres,1,insert_texto,-,8942,0,0.002379900
postgres,1,insert_texto,-,8943,0,0.002860700
postgres,1,insert_texto,-,8944,0,0.002477600
postgres,1,insert_texto,-,8945,0,0.002421700
postgres,1,insert_texto,-,8946,0,0.002492800
postgres,1,insert_texto,-,8947,0,0.002710700
postgres,1,insert_texto,-,8948,0,0.002286900
postgres,1,insert_texto,-,8949,0,0.002575600
postgres,1,insert_texto,-,8950,0,0.002744000
postgres,1,insert_texto,-,8951,0,0.003179000
postgres,1,insert_texto,-,8952,0,0.002905600
postgres,1,insert_texto,-,8953,0,0.002940600
postgres,1,insert_texto,-,8954,0,0.002905700
postgres,1,insert_texto,-,8955,0,0.002984800
postgres,1,insert_texto,-,8956,0,0.003193300
postgres,1,insert_texto,-,8957,0,0.003004700
postgres,1,insert_texto,-,8958,0,0.002804700
postgres,1,insert_texto,-,8959,0,0.002505600
postgres,1,insert_texto,-,8960,0,0.002899100
postgres,1,insert_texto,-,8961,0,0.002820000
postgres,1,insert_texto,-,8962,0,0.002616200
postgres,1,insert_texto,-,8963,0,0.002595400
postgres,1,insert_texto,-,8964,0,0.002584400
postgres,1,insert_texto,-,8965,0,0.002893500
postgres,1,insert_texto,-,8966,0,0.002787000
postgres,1,insert_texto,-,8967,0,0.002894900
postgres,1,insert_texto,-,8968,0,0.002725400
postgres,1,insert_texto,-,8969,0,0.002594400
postgres,1,insert_texto,-,8970,0,0.002599600
postgres,1,insert_texto,-,8971,0,0.002695500
postgres,1,insert_texto,-,8972,0,0.002636200
postgres,1,insert_texto,-,8973,0,0.002643800
postgres,1,insert_texto,-,8974,0,0.002485100
postgres,1,insert_texto,-,8975,0,0.002465300
postgres,1,insert_texto,-,8976,0,0.002544800
postgres,1,insert_texto,-,8977,0,0.002241600
postgres,1,insert_texto,-,8978,0,0.002914900
postgres,1,insert_texto,-,8979,0,0.002556000
postgres,1,insert_texto,-,8980,0,0.002421600
postgres,1,insert_texto,-,8981,0,0.002669900
postgres,1,insert_texto,-,8982,0,0.002443700
postgres,1,insert_texto,-,8983,0,0.002564000
postgres,1,insert_texto,-,8984,0,0.002503200
postgres,1,insert_texto,-,8985,0,0.002590100
postgres,1,insert_texto,-,8986,0,0.002529900
postgres,1,insert_texto,-,8987,0,0.002735900
postgres,1,insert_texto,-,8988,0,0.002684700
postgres,1,insert_texto,-,8989,0,0.002340900
postgres,1,insert_texto,-,8990,0,0.002729600
postgres,1,insert_texto,-,8991,0,0.002432200
postgres,1,insert_texto,-,8992,0,0.002691800
postgres,1,insert_texto,-,8993,0,0.002437900
postgres,1,insert_texto,-,8994,0,0.002562400
postgres,1,insert_texto,-,8995,0,0.002569300
postgres,1,insert_texto,-,8996,0,0.002514600
postgres,1,insert_texto,-,8997,0,0.002472200
postgres,1,insert_texto,-,8998,0,0.002372900
postgres,1,insert_texto,-,8999,0,0.002347000
postgres,1,insert_texto,-,9000,0,0.002620700
postgres,1,insert_texto,-,9001,0,0.002792300
postgres,1,insert_texto,-,9002,0,0.002673100
postgres,1,insert_texto,-,9003,0,0.002593700
postgres,1,insert_texto,-,9004,0,0.002533300
postgres,1,insert_texto,-,9005,0,0.002480200
postgres,1,insert_texto,-,9006,0,0.002580000
postgres,1,insert_texto,-,9007,0,0.002357500
postgres,1,insert_texto,-,9008,0,0.002545600
postgres,1,insert_texto,-,9009,0,0.002639500
postgres,1,insert_texto,-,9010,0,0.002545000
postgres,1,insert_texto,-,9011,0,0.002531300
postgres,1,insert_texto,-,9012,0,0.002903000
postgres,1,insert_texto,-,9013,0,0.002614000
postgres,1,insert_texto,-,9014,0,0.002722700
postgres,1,insert_texto,-,9015,0,0.002652900
postgres,1,insert_texto,-,9016,0,0.002553600
postgres,1,insert_texto,-,9017,0,0.002441900
postgres,1,insert_texto,-,9018,0,0.002877300
postgres,1,insert_texto,-,9019,0,0.002585900
postgres,1,insert_texto,-,9020,0,0.002581900
postgres,1,insert_texto,-,9021,0,0.002733700
postgres,1,insert_texto,-,9022,0,0.002560200
postgres,1,insert_texto,-,9023,0,0.002444500
postgres,1,insert_texto,-,9024,0,0.002616900
postgres,1,insert_texto,-,9025,0,0.002275200
postgres,1,insert_texto,-,9026,0,0.002721500
postgres,1,insert_texto,-,9027,0,0.002536500
postgres,1,insert_texto,-,9028,0,0.002447600
postgres,1,insert_texto,-,9029,0,0.002681000
postgres,1,insert_texto,-,9030,0,0.002565300
postgres,1,insert_texto,-,9031,0,0.002338600
postgres,1,insert_texto,-,9032,0,0.002791000
postgres,1,insert_texto,-,9033,0,0.002579300
postgres,1,insert_texto,-,9034,0,0.002431500
postgres,1,insert_texto,-,9035,0,0.002787400
postgres,1,insert_texto,-,9036,0,0.002479600
postgres,1,insert_texto,-,9037,0,0.002375900
postgres,1,insert_texto,-,9038,0,0.002657200
postgres,1,insert_texto,-,9039,0,0.002489200
postgres,1,insert_texto,-,9040,0,0.002722300
postgres,1,insert_texto,-,9041,0,0.002513800
postgres,1,insert_texto,-,9042,0,0.002493700
postgres,1,insert_texto,-,9043,0,0.002616000
postgres,1,insert_texto,-,9044,0,0.002658400
postgres,1,insert_texto,-,9045,0,0.003179700
postgres,1,insert_texto,-,9046,0,0.002884600
postgres,1,insert_texto,-,9047,0,0.002952600
postgres,1,insert_texto,-,9048,0,0.002876500
postgres,1,insert_texto,-,9049,0,0.003184600
postgres,1,insert_texto,-,9050,0,0.003240600
postgres,1,insert_texto,-,9051,0,0.003297800
postgres,1,insert_texto,-,9052,0,0.002999500
postgres,1,insert_texto,-,9053,0,0.002664400
postgres,1,insert_texto,-,9054,0,0.002444500
postgres,1,insert_texto,-,9055,0,0.003018100
postgres,1,insert_texto,-,9056,0,0.002574700
postgres,1,insert_texto,-,9057,0,0.002861800
postgres,1,insert_texto,-,9058,0,0.002826800
postgres,1,insert_texto,-,9059,0,0.002800400
postgres,1,insert_texto,-,9060,0,0.003054100
postgres,1,insert_texto,-,9061,0,0.002588500
postgres,1,insert_texto,-,9062,0,0.002364500
postgres,1,insert_texto,-,9063,0,0.002627000
postgres,1,insert_texto,-,9064,0,0.002812800
postgres,1,insert_texto,-,9065,0,0.002542500
postgres,1,insert_texto,-,9066,0,0.002626500
postgres,1,insert_texto,-,9067,0,0.002907700
postgres,1,insert_texto,-,9068,0,0.002475500
postgres,1,insert_texto,-,9069,0,0.003127100
postgres,1,insert_texto,-,9070,0,0.002683900
postgres,1,insert_texto,-,9071,0,0.002684200
postgres,1,insert_texto,-,9072,0,0.002468600
postgres,1,insert_texto,-,9073,0,0.002653200
postgres,1,insert_texto,-,9074,0,0.002497900
postgres,1,insert_texto,-,9075,0,0.002657700
postgres,1,insert_texto,-,9076,0,0.002584000
postgres,1,insert_texto,-,9077,0,0.002529500
postgres,1,insert_texto,-,9078,0,0.002425900
postgres,1,insert_texto,-,9079,0,0.002654900
postgres,1,insert_texto,-,9080,0,0.002623300
postgres,1,insert_texto,-,9081,0,0.002378700
postgres,1,insert_texto,-,9082,0,0.002620400
postgres,1,insert_texto,-,9083,0,0.002344500
postgres,1,insert_texto,-,9084,0,0.002726000
postgres,1,insert_texto,-,9085,0,0.002545500
postgres,1,insert_texto,-,9086,0,0.002723800
postgres,1,insert_texto,-,9087,0,0.002496200
postgres,1,insert_texto,-,9088,0,0.002419800
postgres,1,insert_texto,-,9089,0,0.002466800
postgres,1,insert_texto,-,9090,0,0.002621600
postgres,1,insert_texto,-,9091,0,0.002918900
postgres,1,insert_texto,-,9092,0,0.002729500
postgres,1,insert_texto,-,9093,0,0.002654800
postgres,1,insert_texto,-,9094,0,0.002580200
postgres,1,insert_texto,-,9095,0,0.002524500
postgres,1,insert_texto,-,9096,0,0.002549400
postgres,1,insert_texto,-,9097,0,0.002616000
postgres,1,insert_texto,-,9098,0,0.002551800
postgres,1,insert_texto,-,9099,0,0.002741000
postgres,1,insert_texto,-,9100,0,0.002462600
postgres,1,insert_texto,-,9101,0,0.002632600
postgres,1,insert_texto,-,9102,0,0.002904900
postgres,1,insert_texto,-,9103,0,0.002629900
postgres,1,insert_texto,-,9104,0,0.002481800
postgres,1,insert_texto,-,9105,0,0.002590700
postgres,1,insert_texto,-,9106,0,0.002486500
postgres,1,insert_texto,-,9107,0,0.002951000
postgres,1,insert_texto,-,9108,0,0.002959000
postgres,1,insert_texto,-,9109,0,0.002658100
postgres,1,insert_texto,-,9110,0,0.002569600
postgres,1,insert_texto,-,9111,0,0.002589100
postgres,1,insert_texto,-,9112,0,0.002703700
postgres,1,insert_texto,-,9113,0,0.002704100
postgres,1,insert_texto,-,9114,0,0.002867100
postgres,1,insert_texto,-,9115,0,0.003215100
postgres,1,insert_texto,-,9116,0,0.003346100
postgres,1,insert_texto,-,9117,0,0.003139200
postgres,1,insert_texto,-,9118,0,0.002994700
postgres,1,insert_texto,-,9119,0,0.002915400
postgres,1,insert_texto,-,9120,0,0.003035000
postgres,1,insert_texto,-,9121,0,0.003137300
postgres,1,insert_texto,-,9122,0,0.003058500
postgres,1,insert_texto,-,9123,0,0.003248400
postgres,1,insert_texto,-,9124,0,0.003016200
postgres,1,insert_texto,-,9125,0,0.003077800
postgres,1,insert_texto,-,9126,0,0.003001300
postgres,1,insert_texto,-,9127,0,0.002866200
postgres,1,insert_texto,-,9128,0,0.002977700
postgres,1,insert_texto,-,9129,0,0.003395400
postgres,1,insert_texto,-,9130,0,0.002979700
postgres,1,insert_texto,-,9131,0,0.003068900
postgres,1,insert_texto,-,9132,0,0.003110200
postgres,1,insert_texto,-,9133,0,0.002914000
postgres,1,insert_texto,-,9134,0,0.003007300
postgres,1,insert_texto,-,9135,0,0.003159400
postgres,1,insert_texto,-,9136,0,0.003078800
postgres,1,insert_texto,-,9137,0,0.003041800
postgres,1,insert_texto,-,9138,0,0.003095100
postgres,1,insert_texto,-,9139,0,0.003346700
postgres,1,insert_texto,-,9140,0,0.003431900
postgres,1,insert_texto,-,9141,0,0.003484300
postgres,1,insert_texto,-,9142,0,0.003730400
postgres,1,insert_texto,-,9143,0,0.004048100
postgres,1,insert_texto,-,9144,0,0.003803500
postgres,1,insert_texto,-,9145,0,0.003795900
postgres,1,insert_texto,-,9146,0,0.003748500
postgres,1,insert_texto,-,9147,0,0.003301700
postgres,1,insert_texto,-,9148,0,0.002777100
postgres,1,insert_texto,-,9149,0,0.002960500
postgres,1,insert_texto,-,9150,0,0.002992900
postgres,1,insert_texto,-,9151,0,0.003060400
postgres,1,insert_texto,-,9152,0,0.002941100
postgres,1,insert_texto,-,9153,0,0.003481300
postgres,1,insert_texto,-,9154,0,0.002947500
postgres,1,insert_texto,-,9155,0,0.003210400
postgres,1,insert_texto,-,9156,0,0.003180900
postgres,1,insert_texto,-,9157,0,0.002976300
postgres,1,insert_texto,-,9158,0,0.003889600
postgres,1,insert_texto,-,9159,0,0.004525600
postgres,1,insert_texto,-,9160,0,0.002941100
postgres,1,insert_texto,-,9161,0,0.002768300
postgres,1,insert_texto,-,9162,0,0.002875900
postgres,1,insert_texto,-,9163,0,0.002708600
postgres,1,insert_texto,-,9164,0,0.002686000
postgres,1,insert_texto,-,9165,0,0.002680500
postgres,1,insert_texto,-,9166,0,0.002666000
postgres,1,insert_texto,-,9167,0,0.002650000
postgres,1,insert_texto,-,9168,0,0.002786900
postgres,1,insert_texto,-,9169,0,0.002806900
postgres,1,insert_texto,-,9170,0,0.002752400
postgres,1,insert_texto,-,9171,0,0.002893300
postgres,1,insert_texto,-,9172,0,0.002432900
postgres,1,insert_texto,-,9173,0,0.002245900
postgres,1,insert_texto,-,9174,0,0.002650600
postgres,1,insert_texto,-,9175,0,0.002557800
postgres,1,insert_texto,-,9176,0,0.002405000
postgres,1,insert_texto,-,9177,0,0.002788000
postgres,1,insert_texto,-,9178,0,0.002391100
postgres,1,insert_texto,-,9179,0,0.002588200
postgres,1,insert_texto,-,9180,0,0.002675800
postgres,1,insert_texto,-,9181,0,0.002244800
postgres,1,insert_texto,-,9182,0,0.002397500
postgres,1,insert_texto,-,9183,0,0.002407000
postgres,1,insert_texto,-,9184,0,0.002366200
postgres,1,insert_texto,-,9185,0,0.002626000
postgres,1,insert_texto,-,9186,0,0.002411100
postgres,1,insert_texto,-,9187,0,0.002682100
postgres,1,insert_texto,-,9188,0,0.002444700
postgres,1,insert_texto,-,9189,0,0.002304700
postgres,1,insert_texto,-,9190,0,0.002435000
postgres,1,insert_texto,-,9191,0,0.002651800
postgres,1,insert_texto,-,9192,0,0.002445000
postgres,1,insert_texto,-,9193,0,0.002546200
postgres,1,insert_texto,-,9194,0,0.002603400
postgres,1,insert_texto,-,9195,0,0.002573800
postgres,1,insert_texto,-,9196,0,0.002553700
postgres,1,insert_texto,-,9197,0,0.002373400
postgres,1,insert_texto,-,9198,0,0.002468700
postgres,1,insert_texto,-,9199,0,0.002782800
postgres,1,insert_texto,-,9200,0,0.002594100
postgres,1,insert_texto,-,9201,0,0.002596700
postgres,1,insert_texto,-,9202,0,0.002564200
postgres,1,insert_texto,-,9203,0,0.002532400
postgres,1,insert_texto,-,9204,0,0.002742800
postgres,1,insert_texto,-,9205,0,0.002622700
postgres,1,insert_texto,-,9206,0,0.002488500
postgres,1,insert_texto,-,9207,0,0.002600300
postgres,1,insert_texto,-,9208,0,0.002498600
postgres,1,insert_texto,-,9209,0,0.002371800
postgres,1,insert_texto,-,9210,0,0.002297000
postgres,1,insert_texto,-,9211,0,0.002210300
postgres,1,insert_texto,-,9212,0,0.002828300
postgres,1,insert_texto,-,9213,0,0.002803400
postgres,1,insert_texto,-,9214,0,0.002485800
postgres,1,insert_texto,-,9215,0,0.002597000
postgres,1,insert_texto,-,9216,0,0.002843800
postgres,1,insert_texto,-,9217,0,0.002509000
postgres,1,insert_texto,-,9218,0,0.002691200
postgres,1,insert_texto,-,9219,0,0.002890100
postgres,1,insert_texto,-,9220,0,0.002730500
postgres,1,insert_texto,-,9221,0,0.002629800
postgres,1,insert_texto,-,9222,0,0.002527700
postgres,1,insert_texto,-,9223,0,0.002553800
postgres,1,insert_texto,-,9224,0,0.002810800
postgres,1,insert_texto,-,9225,0,0.002702500
postgres,1,insert_texto,-,9226,0,0.002694100
postgres,1,insert_texto,-,9227,0,0.002531600
postgres,1,insert_texto,-,9228,0,0.002565400
postgres,1,insert_texto,-,9229,0,0.002761900
postgres,1,insert_texto,-,9230,0,0.002721000
postgres,1,insert_texto,-,9231,0,0.002523100
postgres,1,insert_texto,-,9232,0,0.002828500
postgres,1,insert_texto,-,9233,0,0.002966700
postgres,1,insert_texto,-,9234,0,0.002780300
postgres,1,insert_texto,-,9235,0,0.003197700
postgres,1,insert_texto,-,9236,0,0.003172600
postgres,1,insert_texto,-,9237,0,0.003046600
postgres,1,insert_texto,-,9238,0,0.003497100
postgres,1,insert_texto,-,9239,0,0.003156400
postgres,1,insert_texto,-,9240,0,0.003213500
postgres,1,insert_texto,-,9241,0,0.002882500
postgres,1,insert_texto,-,9242,0,0.002631000
postgres,1,insert_texto,-,9243,0,0.002592000
postgres,1,insert_texto,-,9244,0,0.002616200
postgres,1,insert_texto,-,9245,0,0.002536900
postgres,1,insert_texto,-,9246,0,0.002866300
postgres,1,insert_texto,-,9247,0,0.003117700
postgres,1,insert_texto,-,9248,0,0.002828800
postgres,1,insert_texto,-,9249,0,0.002974700
postgres,1,insert_texto,-,9250,0,0.002797400
postgres,1,insert_texto,-,9251,0,0.002944100
postgres,1,insert_texto,-,9252,0,0.002703400
postgres,1,insert_texto,-,9253,0,0.002755200
postgres,1,insert_texto,-,9254,0,0.002970000
postgres,1,insert_texto,-,9255,0,0.002646400
postgres,1,insert_texto,-,9256,0,0.002922700
postgres,1,insert_texto,-,9257,0,0.002659300
postgres,1,insert_texto,-,9258,0,0.002768700
postgres,1,insert_texto,-,9259,0,0.002807400
postgres,1,insert_texto,-,9260,0,0.002842800
postgres,1,insert_texto,-,9261,0,0.002830800
postgres,1,insert_texto,-,9262,0,0.002831500
postgres,1,insert_texto,-,9263,0,0.002646900
postgres,1,insert_texto,-,9264,0,0.002882800
postgres,1,insert_texto,-,9265,0,0.002828700
postgres,1,insert_texto,-,9266,0,0.003018300
postgres,1,insert_texto,-,9267,0,0.003158200
postgres,1,insert_texto,-,9268,0,0.003302300
postgres,1,insert_texto,-,9269,0,0.002658000
postgres,1,insert_texto,-,9270,0,0.002843000
postgres,1,insert_texto,-,9271,0,0.002807900
postgres,1,insert_texto,-,9272,0,0.003109800
postgres,1,insert_texto,-,9273,0,0.002869000
postgres,1,insert_texto,-,9274,0,0.002894700
postgres,1,insert_texto,-,9275,0,0.002962100
postgres,1,insert_texto,-,9276,0,0.003119700
postgres,1,insert_texto,-,9277,0,0.002621400
postgres,1,insert_texto,-,9278,0,0.002598700
postgres,1,insert_texto,-,9279,0,0.002939200
postgres,1,insert_texto,-,9280,0,0.002898000
postgres,1,insert_texto,-,9281,0,0.002981500
postgres,1,insert_texto,-,9282,0,0.002913500
postgres,1,insert_texto,-,9283,0,0.002598300
postgres,1,insert_texto,-,9284,0,0.002842200
postgres,1,insert_texto,-,9285,0,0.002854800
postgres,1,insert_texto,-,9286,0,0.002659800
postgres,1,insert_texto,-,9287,0,0.002692400
postgres,1,insert_texto,-,9288,0,0.002903700
postgres,1,insert_texto,-,9289,0,0.002713000
postgres,1,insert_texto,-,9290,0,0.002882200
postgres,1,insert_texto,-,9291,0,0.002850100
postgres,1,insert_texto,-,9292,0,0.002811900
postgres,1,insert_texto,-,9293,0,0.002826200
postgres,1,insert_texto,-,9294,0,0.002604000
postgres,1,insert_texto,-,9295,0,0.002637500
postgres,1,insert_texto,-,9296,0,0.002942200
postgres,1,insert_texto,-,9297,0,0.002680700
postgres,1,insert_texto,-,9298,0,0.002981600
postgres,1,insert_texto,-,9299,0,0.002913000
postgres,1,insert_texto,-,9300,0,0.002524500
postgres,1,insert_texto,-,9301,0,0.002790700
postgres,1,insert_texto,-,9302,0,0.002919500
postgres,1,insert_texto,-,9303,0,0.002659600
postgres,1,insert_texto,-,9304,0,0.002538000
postgres,1,insert_texto,-,9305,0,0.002862100
postgres,1,insert_texto,-,9306,0,0.002554600
postgres,1,insert_texto,-,9307,0,0.002790500
postgres,1,insert_texto,-,9308,0,0.002823800
postgres,1,insert_texto,-,9309,0,0.002881200
postgres,1,insert_texto,-,9310,0,0.002823000
postgres,1,insert_texto,-,9311,0,0.002786400
postgres,1,insert_texto,-,9312,0,0.002830800
postgres,1,insert_texto,-,9313,0,0.003059000
postgres,1,insert_texto,-,9314,0,0.002690700
postgres,1,insert_texto,-,9315,0,0.003065000
postgres,1,insert_texto,-,9316,0,0.003107600
postgres,1,insert_texto,-,9317,0,0.002696200
postgres,1,insert_texto,-,9318,0,0.003223900
postgres,1,insert_texto,-,9319,0,0.003226100
postgres,1,insert_texto,-,9320,0,0.002795900
postgres,1,insert_texto,-,9321,0,0.002664400
postgres,1,insert_texto,-,9322,0,0.003333000
postgres,1,insert_texto,-,9323,0,0.002774800
postgres,1,insert_texto,-,9324,0,0.002903900
postgres,1,insert_texto,-,9325,0,0.002679500
postgres,1,insert_texto,-,9326,0,0.002817100
postgres,1,insert_texto,-,9327,0,0.002858300
postgres,1,insert_texto,-,9328,0,0.003182900
postgres,1,insert_texto,-,9329,0,0.002959900
postgres,1,insert_texto,-,9330,0,0.003317100
postgres,1,insert_texto,-,9331,0,0.003520700
postgres,1,insert_texto,-,9332,0,0.003268400
postgres,1,insert_texto,-,9333,0,0.003299400
postgres,1,insert_texto,-,9334,0,0.002965100
postgres,1,insert_texto,-,9335,0,0.003571100
postgres,1,insert_texto,-,9336,0,0.002984800
postgres,1,insert_texto,-,9337,0,0.002789800
postgres,1,insert_texto,-,9338,0,0.002723100
postgres,1,insert_texto,-,9339,0,0.002785400
postgres,1,insert_texto,-,9340,0,0.002996100
postgres,1,insert_texto,-,9341,0,0.002952200
postgres,1,insert_texto,-,9342,0,0.002702800
postgres,1,insert_texto,-,9343,0,0.003076800
postgres,1,insert_texto,-,9344,0,0.002718500
postgres,1,insert_texto,-,9345,0,0.002948500
postgres,1,insert_texto,-,9346,0,0.002636200
postgres,1,insert_texto,-,9347,0,0.002935100
postgres,1,insert_texto,-,9348,0,0.002778200
postgres,1,insert_texto,-,9349,0,0.002752900
postgres,1,insert_texto,-,9350,0,0.002949300
postgres,1,insert_texto,-,9351,0,0.002817000
postgres,1,insert_texto,-,9352,0,0.002804000
postgres,1,insert_texto,-,9353,0,0.002722000
postgres,1,insert_texto,-,9354,0,0.002932300
postgres,1,insert_texto,-,9355,0,0.002568000
postgres,1,insert_texto,-,9356,0,0.002532300
postgres,1,insert_texto,-,9357,0,0.002764400
postgres,1,insert_texto,-,9358,0,0.002511300
postgres,1,insert_texto,-,9359,0,0.002544400
postgres,1,insert_texto,-,9360,0,0.002604300
postgres,1,insert_texto,-,9361,0,0.002491000
postgres,1,insert_texto,-,9362,0,0.002913600
postgres,1,insert_texto,-,9363,0,0.002761700
postgres,1,insert_texto,-,9364,0,0.002419000
postgres,1,insert_texto,-,9365,0,0.002886500
postgres,1,insert_texto,-,9366,0,0.002842100
postgres,1,insert_texto,-,9367,0,0.002784900
postgres,1,insert_texto,-,9368,0,0.002568600
postgres,1,insert_texto,-,9369,0,0.002614000
postgres,1,insert_texto,-,9370,0,0.002580500
postgres,1,insert_texto,-,9371,0,0.002476800
postgres,1,insert_texto,-,9372,0,0.002953800
postgres,1,insert_texto,-,9373,0,0.002641800
postgres,1,insert_texto,-,9374,0,0.002513800
postgres,1,insert_texto,-,9375,0,0.002870200
postgres,1,insert_texto,-,9376,0,0.002659500
postgres,1,insert_texto,-,9377,0,0.002573800
postgres,1,insert_texto,-,9378,0,0.002703000
postgres,1,insert_texto,-,9379,0,0.002789300
postgres,1,insert_texto,-,9380,0,0.002550000
postgres,1,insert_texto,-,9381,0,0.002993900
postgres,1,insert_texto,-,9382,0,0.002744200
postgres,1,insert_texto,-,9383,0,0.002775500
postgres,1,insert_texto,-,9384,0,0.002694100
postgres,1,insert_texto,-,9385,0,0.002520700
postgres,1,insert_texto,-,9386,0,0.002617900
postgres,1,insert_texto,-,9387,0,0.002868500
postgres,1,insert_texto,-,9388,0,0.002482800
postgres,1,insert_texto,-,9389,0,0.002583300
postgres,1,insert_texto,-,9390,0,0.002640300
postgres,1,insert_texto,-,9391,0,0.002477700
postgres,1,insert_texto,-,9392,0,0.002475000
postgres,1,insert_texto,-,9393,0,0.002472100
postgres,1,insert_texto,-,9394,0,0.002559300
postgres,1,insert_texto,-,9395,0,0.002496900
postgres,1,insert_texto,-,9396,0,0.002826500
postgres,1,insert_texto,-,9397,0,0.002311200
postgres,1,insert_texto,-,9398,0,0.002516000
postgres,1,insert_texto,-,9399,0,0.002401500
postgres,1,insert_texto,-,9400,0,0.002663700
postgres,1,insert_texto,-,9401,0,0.002522800
postgres,1,insert_texto,-,9402,0,0.002811500
postgres,1,insert_texto,-,9403,0,0.002495100
postgres,1,insert_texto,-,9404,0,0.002440100
postgres,1,insert_texto,-,9405,0,0.002689600
postgres,1,insert_texto,-,9406,0,0.002422700
postgres,1,insert_texto,-,9407,0,0.002559000
postgres,1,insert_texto,-,9408,0,0.002368400
postgres,1,insert_texto,-,9409,0,0.002769400
postgres,1,insert_texto,-,9410,0,0.002670800
postgres,1,insert_texto,-,9411,0,0.002313600
postgres,1,insert_texto,-,9412,0,0.002523600
postgres,1,insert_texto,-,9413,0,0.002530100
postgres,1,insert_texto,-,9414,0,0.002444900
postgres,1,insert_texto,-,9415,0,0.002501800
postgres,1,insert_texto,-,9416,0,0.002415400
postgres,1,insert_texto,-,9417,0,0.002456500
postgres,1,insert_texto,-,9418,0,0.002279100
postgres,1,insert_texto,-,9419,0,0.002754500
postgres,1,insert_texto,-,9420,0,0.002568800
postgres,1,insert_texto,-,9421,0,0.002662800
postgres,1,insert_texto,-,9422,0,0.002892100
postgres,1,insert_texto,-,9423,0,0.002745700
postgres,1,insert_texto,-,9424,0,0.002644300
postgres,1,insert_texto,-,9425,0,0.003082600
postgres,1,insert_texto,-,9426,0,0.002732300
postgres,1,insert_texto,-,9427,0,0.003209000
postgres,1,insert_texto,-,9428,0,0.003083600
postgres,1,insert_texto,-,9429,0,0.002961600
postgres,1,insert_texto,-,9430,0,0.002569700
postgres,1,insert_texto,-,9431,0,0.002794900
postgres,1,insert_texto,-,9432,0,0.002389500
postgres,1,insert_texto,-,9433,0,0.002406200
postgres,1,insert_texto,-,9434,0,0.002471400
postgres,1,insert_texto,-,9435,0,0.002552800
postgres,1,insert_texto,-,9436,0,0.002461800
postgres,1,insert_texto,-,9437,0,0.002597900
postgres,1,insert_texto,-,9438,0,0.002730300
postgres,1,insert_texto,-,9439,0,0.002537900
postgres,1,insert_texto,-,9440,0,0.003087300
postgres,1,insert_texto,-,9441,0,0.002506900
postgres,1,insert_texto,-,9442,0,0.002412700
postgres,1,insert_texto,-,9443,0,0.002343900
postgres,1,insert_texto,-,9444,0,0.002419500
postgres,1,insert_texto,-,9445,0,0.002547300
postgres,1,insert_texto,-,9446,0,0.002383500
postgres,1,insert_texto,-,9447,0,0.002594800
postgres,1,insert_texto,-,9448,0,0.002407400
postgres,1,insert_texto,-,9449,0,0.002635000
postgres,1,insert_texto,-,9450,0,0.002537400
postgres,1,insert_texto,-,9451,0,0.002354100
postgres,1,insert_texto,-,9452,0,0.002273800
postgres,1,insert_texto,-,9453,0,0.002866200
postgres,1,insert_texto,-,9454,0,0.002321900
postgres,1,insert_texto,-,9455,0,0.002475400
postgres,1,insert_texto,-,9456,0,0.002320900
postgres,1,insert_texto,-,9457,0,0.002391800
postgres,1,insert_texto,-,9458,0,0.002444300
postgres,1,insert_texto,-,9459,0,0.002387500
postgres,1,insert_texto,-,9460,0,0.002424100
postgres,1,insert_texto,-,9461,0,0.002354600
postgres,1,insert_texto,-,9462,0,0.002286500
postgres,1,insert_texto,-,9463,0,0.002512200
postgres,1,insert_texto,-,9464,0,0.002368100
postgres,1,insert_texto,-,9465,0,0.002556200
postgres,1,insert_texto,-,9466,0,0.002375700
postgres,1,insert_texto,-,9467,0,0.002302300
postgres,1,insert_texto,-,9468,0,0.002624600
postgres,1,insert_texto,-,9469,0,0.002716300
postgres,1,insert_texto,-,9470,0,0.002568400
postgres,1,insert_texto,-,9471,0,0.002295700
postgres,1,insert_texto,-,9472,0,0.002346500
postgres,1,insert_texto,-,9473,0,0.002440600
postgres,1,insert_texto,-,9474,0,0.002340700
postgres,1,insert_texto,-,9475,0,0.002314400
postgres,1,insert_texto,-,9476,0,0.002668500
postgres,1,insert_texto,-,9477,0,0.002536900
postgres,1,insert_texto,-,9478,0,0.002439900
postgres,1,insert_texto,-,9479,0,0.003142700
postgres,1,insert_texto,-,9480,0,0.002562300
postgres,1,insert_texto,-,9481,0,0.002408100
postgres,1,insert_texto,-,9482,0,0.002686900
postgres,1,insert_texto,-,9483,0,0.002355600
postgres,1,insert_texto,-,9484,0,0.002328800
postgres,1,insert_texto,-,9485,0,0.002474900
postgres,1,insert_texto,-,9486,0,0.002335400
postgres,1,insert_texto,-,9487,0,0.002450500
postgres,1,insert_texto,-,9488,0,0.002368000
postgres,1,insert_texto,-,9489,0,0.002533300
postgres,1,insert_texto,-,9490,0,0.002463000
postgres,1,insert_texto,-,9491,0,0.002349700
postgres,1,insert_texto,-,9492,0,0.002526700
postgres,1,insert_texto,-,9493,0,0.002602800
postgres,1,insert_texto,-,9494,0,0.002406600
postgres,1,insert_texto,-,9495,0,0.002516600
postgres,1,insert_texto,-,9496,0,0.002367400
postgres,1,insert_texto,-,9497,0,0.002801800
postgres,1,insert_texto,-,9498,0,0.002573900
postgres,1,insert_texto,-,9499,0,0.002320500
postgres,1,insert_texto,-,9500,0,0.002540000
postgres,1,insert_texto,-,9501,0,0.002605700
postgres,1,insert_texto,-,9502,0,0.002330200
postgres,1,insert_texto,-,9503,0,0.002506400
postgres,1,insert_texto,-,9504,0,0.002641800
postgres,1,insert_texto,-,9505,0,0.002406500
postgres,1,insert_texto,-,9506,0,0.002550600
postgres,1,insert_texto,-,9507,0,0.002743500
postgres,1,insert_texto,-,9508,0,0.002442200
postgres,1,insert_texto,-,9509,0,0.002378000
postgres,1,insert_texto,-,9510,0,0.002657000
postgres,1,insert_texto,-,9511,0,0.002560800
postgres,1,insert_texto,-,9512,0,0.002722400
postgres,1,insert_texto,-,9513,0,0.002282700
postgres,1,insert_texto,-,9514,0,0.002563700
postgres,1,insert_texto,-,9515,0,0.002406100
postgres,1,insert_texto,-,9516,0,0.002430400
postgres,1,insert_texto,-,9517,0,0.002434600
postgres,1,insert_texto,-,9518,0,0.002331000
postgres,1,insert_texto,-,9519,0,0.002839700
postgres,1,insert_texto,-,9520,0,0.003188200
postgres,1,insert_texto,-,9521,0,0.002945000
postgres,1,insert_texto,-,9522,0,0.003062500
postgres,1,insert_texto,-,9523,0,0.003398500
postgres,1,insert_texto,-,9524,0,0.003054300
postgres,1,insert_texto,-,9525,0,0.002743900
postgres,1,insert_texto,-,9526,0,0.002645200
postgres,1,insert_texto,-,9527,0,0.002748900
postgres,1,insert_texto,-,9528,0,0.002594600
postgres,1,insert_texto,-,9529,0,0.002364000
postgres,1,insert_texto,-,9530,0,0.002883000
postgres,1,insert_texto,-,9531,0,0.002901500
postgres,1,insert_texto,-,9532,0,0.002526600
postgres,1,insert_texto,-,9533,0,0.002740600
postgres,1,insert_texto,-,9534,0,0.002916900
postgres,1,insert_texto,-,9535,0,0.003037200
postgres,1,insert_texto,-,9536,0,0.002597100
postgres,1,insert_texto,-,9537,0,0.002734500
postgres,1,insert_texto,-,9538,0,0.002561800
postgres,1,insert_texto,-,9539,0,0.002711200
postgres,1,insert_texto,-,9540,0,0.002629400
postgres,1,insert_texto,-,9541,0,0.002572300
postgres,1,insert_texto,-,9542,0,0.002539100
postgres,1,insert_texto,-,9543,0,0.002621500
postgres,1,insert_texto,-,9544,0,0.002902600
postgres,1,insert_texto,-,9545,0,0.002470600
postgres,1,insert_texto,-,9546,0,0.002941600
postgres,1,insert_texto,-,9547,0,0.002575800
postgres,1,insert_texto,-,9548,0,0.002574100
postgres,1,insert_texto,-,9549,0,0.002717300
postgres,1,insert_texto,-,9550,0,0.002514800
postgres,1,insert_texto,-,9551,0,0.002515300
postgres,1,insert_texto,-,9552,0,0.002524500
postgres,1,insert_texto,-,9553,0,0.002392900
postgres,1,insert_texto,-,9554,0,0.002568500
postgres,1,insert_texto,-,9555,0,0.002608400
postgres,1,insert_texto,-,9556,0,0.002495400
postgres,1,insert_texto,-,9557,0,0.002988500
postgres,1,insert_texto,-,9558,0,0.003021200
postgres,1,insert_texto,-,9559,0,0.002908100
postgres,1,insert_texto,-,9560,0,0.002482900
postgres,1,insert_texto,-,9561,0,0.002744000
postgres,1,insert_texto,-,9562,0,0.002545700
postgres,1,insert_texto,-,9563,0,0.002767300
postgres,1,insert_texto,-,9564,0,0.002654200
postgres,1,insert_texto,-,9565,0,0.002518200
postgres,1,insert_texto,-,9566,0,0.002551900
postgres,1,insert_texto,-,9567,0,0.002564200
postgres,1,insert_texto,-,9568,0,0.002362700
postgres,1,insert_texto,-,9569,0,0.002314000
postgres,1,insert_texto,-,9570,0,0.002661600
postgres,1,insert_texto,-,9571,0,0.002427100
postgres,1,insert_texto,-,9572,0,0.002382700
postgres,1,insert_texto,-,9573,0,0.002550700
postgres,1,insert_texto,-,9574,0,0.002509900
postgres,1,insert_texto,-,9575,0,0.002328200
postgres,1,insert_texto,-,9576,0,0.002474000
postgres,1,insert_texto,-,9577,0,0.002872700
postgres,1,insert_texto,-,9578,0,0.002338100
postgres,1,insert_texto,-,9579,0,0.002328300
postgres,1,insert_texto,-,9580,0,0.002579600
postgres,1,insert_texto,-,9581,0,0.002385400
postgres,1,insert_texto,-,9582,0,0.002460500
postgres,1,insert_texto,-,9583,0,0.002402100
postgres,1,insert_texto,-,9584,0,0.002315800
postgres,1,insert_texto,-,9585,0,0.002319900
postgres,1,insert_texto,-,9586,0,0.002656400
postgres,1,insert_texto,-,9587,0,0.002465500
postgres,1,insert_texto,-,9588,0,0.002540200
postgres,1,insert_texto,-,9589,0,0.002631500
postgres,1,insert_texto,-,9590,0,0.002497600
postgres,1,insert_texto,-,9591,0,0.002658200
postgres,1,insert_texto,-,9592,0,0.002263100
postgres,1,insert_texto,-,9593,0,0.002574100
postgres,1,insert_texto,-,9594,0,0.002406700
postgres,1,insert_texto,-,9595,0,0.002512000
postgres,1,insert_texto,-,9596,0,0.002465000
postgres,1,insert_texto,-,9597,0,0.002436100
postgres,1,insert_texto,-,9598,0,0.002421000
postgres,1,insert_texto,-,9599,0,0.002495300
postgres,1,insert_texto,-,9600,0,0.002597600
postgres,1,insert_texto,-,9601,0,0.002536000
postgres,1,insert_texto,-,9602,0,0.002383000
postgres,1,insert_texto,-,9603,0,0.002499400
postgres,1,insert_texto,-,9604,0,0.002483700
postgres,1,insert_texto,-,9605,0,0.002329300
postgres,1,insert_texto,-,9606,0,0.002485100
postgres,1,insert_texto,-,9607,0,0.002407800
postgres,1,insert_texto,-,9608,0,0.002715700
postgres,1,insert_texto,-,9609,0,0.002589100
postgres,1,insert_texto,-,9610,0,0.002391600
postgres,1,insert_texto,-,9611,0,0.002419300
postgres,1,insert_texto,-,9612,0,0.002700400
postgres,1,insert_texto,-,9613,0,0.002429700
postgres,1,insert_texto,-,9614,0,0.002891000
postgres,1,insert_texto,-,9615,0,0.003078600
postgres,1,insert_texto,-,9616,0,0.002936400
postgres,1,insert_texto,-,9617,0,0.003223300
postgres,1,insert_texto,-,9618,0,0.002887800
postgres,1,insert_texto,-,9619,0,0.003292400
postgres,1,insert_texto,-,9620,0,0.003050400
postgres,1,insert_texto,-,9621,0,0.003088500
postgres,1,insert_texto,-,9622,0,0.002611100
postgres,1,insert_texto,-,9623,0,0.002609700
postgres,1,insert_texto,-,9624,0,0.002680500
postgres,1,insert_texto,-,9625,0,0.002754200
postgres,1,insert_texto,-,9626,0,0.002498500
postgres,1,insert_texto,-,9627,0,0.002756900
postgres,1,insert_texto,-,9628,0,0.002497800
postgres,1,insert_texto,-,9629,0,0.002519500
postgres,1,insert_texto,-,9630,0,0.002550700
postgres,1,insert_texto,-,9631,0,0.002429300
postgres,1,insert_texto,-,9632,0,0.002514800
postgres,1,insert_texto,-,9633,0,0.002335700
postgres,1,insert_texto,-,9634,0,0.002482400
postgres,1,insert_texto,-,9635,0,0.002423300
postgres,1,insert_texto,-,9636,0,0.002504900
postgres,1,insert_texto,-,9637,0,0.002556000
postgres,1,insert_texto,-,9638,0,0.002411500
postgres,1,insert_texto,-,9639,0,0.002498000
postgres,1,insert_texto,-,9640,0,0.002440500
postgres,1,insert_texto,-,9641,0,0.002733200
postgres,1,insert_texto,-,9642,0,0.002436600
postgres,1,insert_texto,-,9643,0,0.002379300
postgres,1,insert_texto,-,9644,0,0.002573400
postgres,1,insert_texto,-,9645,0,0.002422400
postgres,1,insert_texto,-,9646,0,0.002592600
postgres,1,insert_texto,-,9647,0,0.002448300
postgres,1,insert_texto,-,9648,0,0.002683500
postgres,1,insert_texto,-,9649,0,0.002307200
postgres,1,insert_texto,-,9650,0,0.002872200
postgres,1,insert_texto,-,9651,0,0.002709200
postgres,1,insert_texto,-,9652,0,0.002474700
postgres,1,insert_texto,-,9653,0,0.002311100
postgres,1,insert_texto,-,9654,0,0.002482400
postgres,1,insert_texto,-,9655,0,0.002554600
postgres,1,insert_texto,-,9656,0,0.002867500
postgres,1,insert_texto,-,9657,0,0.002584000
postgres,1,insert_texto,-,9658,0,0.002493200
postgres,1,insert_texto,-,9659,0,0.002971000
postgres,1,insert_texto,-,9660,0,0.002623800
postgres,1,insert_texto,-,9661,0,0.002554600
postgres,1,insert_texto,-,9662,0,0.002767500
postgres,1,insert_texto,-,9663,0,0.002424300
postgres,1,insert_texto,-,9664,0,0.002256300
postgres,1,insert_texto,-,9665,0,0.002673400
postgres,1,insert_texto,-,9666,0,0.002385400
postgres,1,insert_texto,-,9667,0,0.002619300
postgres,1,insert_texto,-,9668,0,0.002465500
postgres,1,insert_texto,-,9669,0,0.002640900
postgres,1,insert_texto,-,9670,0,0.002523600
postgres,1,insert_texto,-,9671,0,0.002367800
postgres,1,insert_texto,-,9672,0,0.002278500
postgres,1,insert_texto,-,9673,0,0.002792700
postgres,1,insert_texto,-,9674,0,0.002470200
postgres,1,insert_texto,-,9675,0,0.002612900
postgres,1,insert_texto,-,9676,0,0.002566600
postgres,1,insert_texto,-,9677,0,0.002570200
postgres,1,insert_texto,-,9678,0,0.002633700
postgres,1,insert_texto,-,9679,0,0.002493600
postgres,1,insert_texto,-,9680,0,0.002678900
postgres,1,insert_texto,-,9681,0,0.002433300
postgres,1,insert_texto,-,9682,0,0.002373500
postgres,1,insert_texto,-,9683,0,0.002503500
postgres,1,insert_texto,-,9684,0,0.002677100
postgres,1,insert_texto,-,9685,0,0.002435400
postgres,1,insert_texto,-,9686,0,0.002629800
postgres,1,insert_texto,-,9687,0,0.002772800
postgres,1,insert_texto,-,9688,0,0.002397600
postgres,1,insert_texto,-,9689,0,0.002445200
postgres,1,insert_texto,-,9690,0,0.002522300
postgres,1,insert_texto,-,9691,0,0.002777900
postgres,1,insert_texto,-,9692,0,0.002257500
postgres,1,insert_texto,-,9693,0,0.002589800
postgres,1,insert_texto,-,9694,0,0.002438700
postgres,1,insert_texto,-,9695,0,0.002485200
postgres,1,insert_texto,-,9696,0,0.002343700
postgres,1,insert_texto,-,9697,0,0.002514600
postgres,1,insert_texto,-,9698,0,0.002393300
postgres,1,insert_texto,-,9699,0,0.002527300
postgres,1,insert_texto,-,9700,0,0.002557100
postgres,1,insert_texto,-,9701,0,0.002525700
postgres,1,insert_texto,-,9702,0,0.002459700
postgres,1,insert_texto,-,9703,0,0.002674300
postgres,1,insert_texto,-,9704,0,0.002380200
postgres,1,insert_texto,-,9705,0,0.002498300
postgres,1,insert_texto,-,9706,0,0.002454000
postgres,1,insert_texto,-,9707,0,0.002337000
postgres,1,insert_texto,-,9708,0,0.002490300
postgres,1,insert_texto,-,9709,0,0.003029500
postgres,1,insert_texto,-,9710,0,0.003421100
postgres,1,insert_texto,-,9711,0,0.003128600
postgres,1,insert_texto,-,9712,0,0.002942200
postgres,1,insert_texto,-,9713,0,0.003016700
postgres,1,insert_texto,-,9714,0,0.003234400
postgres,1,insert_texto,-,9715,0,0.003172500
postgres,1,insert_texto,-,9716,0,0.003287100
postgres,1,insert_texto,-,9717,0,0.003163700
postgres,1,insert_texto,-,9718,0,0.002480500
postgres,1,insert_texto,-,9719,0,0.002422800
postgres,1,insert_texto,-,9720,0,0.002702200
postgres,1,insert_texto,-,9721,0,0.002441500
postgres,1,insert_texto,-,9722,0,0.002247700
postgres,1,insert_texto,-,9723,0,0.002605100
postgres,1,insert_texto,-,9724,0,0.002403400
postgres,1,insert_texto,-,9725,0,0.002423100
postgres,1,insert_texto,-,9726,0,0.002678700
postgres,1,insert_texto,-,9727,0,0.002330100
postgres,1,insert_texto,-,9728,0,0.002549100
postgres,1,insert_texto,-,9729,0,0.002442800
postgres,1,insert_texto,-,9730,0,0.002411600
postgres,1,insert_texto,-,9731,0,0.002507600
postgres,1,insert_texto,-,9732,0,0.002595800
postgres,1,insert_texto,-,9733,0,0.002366300
postgres,1,insert_texto,-,9734,0,0.002458500
postgres,1,insert_texto,-,9735,0,0.002344000
postgres,1,insert_texto,-,9736,0,0.002615100
postgres,1,insert_texto,-,9737,0,0.002627200
postgres,1,insert_texto,-,9738,0,0.002440600
postgres,1,insert_texto,-,9739,0,0.002713100
postgres,1,insert_texto,-,9740,0,0.002398600
postgres,1,insert_texto,-,9741,0,0.002402500
postgres,1,insert_texto,-,9742,0,0.002395600
postgres,1,insert_texto,-,9743,0,0.002322700
postgres,1,insert_texto,-,9744,0,0.002610500
postgres,1,insert_texto,-,9745,0,0.002393700
postgres,1,insert_texto,-,9746,0,0.002453300
postgres,1,insert_texto,-,9747,0,0.002500300
postgres,1,insert_texto,-,9748,0,0.002649800
postgres,1,insert_texto,-,9749,0,0.002291100
postgres,1,insert_texto,-,9750,0,0.002425200
postgres,1,insert_texto,-,9751,0,0.002415900
postgres,1,insert_texto,-,9752,0,0.002479000
postgres,1,insert_texto,-,9753,0,0.002227100
postgres,1,insert_texto,-,9754,0,0.002220400
postgres,1,insert_texto,-,9755,0,0.002274400
postgres,1,insert_texto,-,9756,0,0.002295500
postgres,1,insert_texto,-,9757,0,0.002313000
postgres,1,insert_texto,-,9758,0,0.002349900
postgres,1,insert_texto,-,9759,0,0.002502200
postgres,1,insert_texto,-,9760,0,0.002257900
postgres,1,insert_texto,-,9761,0,0.002310300
postgres,1,insert_texto,-,9762,0,0.002314800
postgres,1,insert_texto,-,9763,0,0.002248600
postgres,1,insert_texto,-,9764,0,0.002356100
postgres,1,insert_texto,-,9765,0,0.002328600
postgres,1,insert_texto,-,9766,0,0.002238900
postgres,1,insert_texto,-,9767,0,0.002183900
postgres,1,insert_texto,-,9768,0,0.002304400
postgres,1,insert_texto,-,9769,0,0.002364800
postgres,1,insert_texto,-,9770,0,0.002318700
postgres,1,insert_texto,-,9771,0,0.002486600
postgres,1,insert_texto,-,9772,0,0.002628500
postgres,1,insert_texto,-,9773,0,0.002286500
postgres,1,insert_texto,-,9774,0,0.002249000
postgres,1,insert_texto,-,9775,0,0.002185700
postgres,1,insert_texto,-,9776,0,0.002476700
postgres,1,insert_texto,-,9777,0,0.002259700
postgres,1,insert_texto,-,9778,0,0.002320200
postgres,1,insert_texto,-,9779,0,0.002306700
postgres,1,insert_texto,-,9780,0,0.002373000
postgres,1,insert_texto,-,9781,0,0.002477100
postgres,1,insert_texto,-,9782,0,0.002339000
postgres,1,insert_texto,-,9783,0,0.002217400
postgres,1,insert_texto,-,9784,0,0.002207000
postgres,1,insert_texto,-,9785,0,0.002438600
postgres,1,insert_texto,-,9786,0,0.002507200
postgres,1,insert_texto,-,9787,0,0.002267200
postgres,1,insert_texto,-,9788,0,0.002701900
postgres,1,insert_texto,-,9789,0,0.002323900
postgres,1,insert_texto,-,9790,0,0.002320500
postgres,1,insert_texto,-,9791,0,0.002430500
postgres,1,insert_texto,-,9792,0,0.002515100
postgres,1,insert_texto,-,9793,0,0.002231000
postgres,1,insert_texto,-,9794,0,0.002273900
postgres,1,insert_texto,-,9795,0,0.002263700
postgres,1,insert_texto,-,9796,0,0.002188100
postgres,1,insert_texto,-,9797,0,0.002174700
postgres,1,insert_texto,-,9798,0,0.002337100
postgres,1,insert_texto,-,9799,0,0.002960400
postgres,1,insert_texto,-,9800,0,0.002536700
postgres,1,insert_texto,-,9801,0,0.002440100
postgres,1,insert_texto,-,9802,0,0.002552500
postgres,1,insert_texto,-,9803,0,0.002351600
postgres,1,insert_texto,-,9804,0,0.002626300
postgres,1,insert_texto,-,9805,0,0.002801600
postgres,1,insert_texto,-,9806,0,0.003024200
postgres,1,insert_texto,-,9807,0,0.002825900
postgres,1,insert_texto,-,9808,0,0.002978500
postgres,1,insert_texto,-,9809,0,0.002821800
postgres,1,insert_texto,-,9810,0,0.003473900
postgres,1,insert_texto,-,9811,0,0.003192800
postgres,1,insert_texto,-,9812,0,0.002517800
postgres,1,insert_texto,-,9813,0,0.002402700
postgres,1,insert_texto,-,9814,0,0.002650600
postgres,1,insert_texto,-,9815,0,0.002354800
postgres,1,insert_texto,-,9816,0,0.002577200
postgres,1,insert_texto,-,9817,0,0.002351400
postgres,1,insert_texto,-,9818,0,0.002208300
postgres,1,insert_texto,-,9819,0,0.002361400
postgres,1,insert_texto,-,9820,0,0.002243600
postgres,1,insert_texto,-,9821,0,0.002315300
postgres,1,insert_texto,-,9822,0,0.002381500
postgres,1,insert_texto,-,9823,0,0.002451700
postgres,1,insert_texto,-,9824,0,0.002226900
postgres,1,insert_texto,-,9825,0,0.002160100
postgres,1,insert_texto,-,9826,0,0.002450900
postgres,1,insert_texto,-,9827,0,0.002247700
postgres,1,insert_texto,-,9828,0,0.002324500
postgres,1,insert_texto,-,9829,0,0.002605300
postgres,1,insert_texto,-,9830,0,0.002302600
postgres,1,insert_texto,-,9831,0,0.002421800
postgres,1,insert_texto,-,9832,0,0.002412500
postgres,1,insert_texto,-,9833,0,0.002271100
postgres,1,insert_texto,-,9834,0,0.002320700
postgres,1,insert_texto,-,9835,0,0.002139400
postgres,1,insert_texto,-,9836,0,0.002867400
postgres,1,insert_texto,-,9837,0,0.002339200
postgres,1,insert_texto,-,9838,0,0.002260600
postgres,1,insert_texto,-,9839,0,0.002513900
postgres,1,insert_texto,-,9840,0,0.002316900
postgres,1,insert_texto,-,9841,0,0.002392200
postgres,1,insert_texto,-,9842,0,0.002309100
postgres,1,insert_texto,-,9843,0,0.002523300
postgres,1,insert_texto,-,9844,0,0.002585500
postgres,1,insert_texto,-,9845,0,0.002260100
postgres,1,insert_texto,-,9846,0,0.002349700
postgres,1,insert_texto,-,9847,0,0.002258500
postgres,1,insert_texto,-,9848,0,0.002321100
postgres,1,insert_texto,-,9849,0,0.002694000
postgres,1,insert_texto,-,9850,0,0.002339700
postgres,1,insert_texto,-,9851,0,0.002351400
postgres,1,insert_texto,-,9852,0,0.002291400
postgres,1,insert_texto,-,9853,0,0.002341500
postgres,1,insert_texto,-,9854,0,0.002534400
postgres,1,insert_texto,-,9855,0,0.002238700
postgres,1,insert_texto,-,9856,0,0.002480100
postgres,1,insert_texto,-,9857,0,0.002323400
postgres,1,insert_texto,-,9858,0,0.002555800
postgres,1,insert_texto,-,9859,0,0.002582900
postgres,1,insert_texto,-,9860,0,0.002520900
postgres,1,insert_texto,-,9861,0,0.002325300
postgres,1,insert_texto,-,9862,0,0.002452700
postgres,1,insert_texto,-,9863,0,0.002516700
postgres,1,insert_texto,-,9864,0,0.002445100
postgres,1,insert_texto,-,9865,0,0.002523700
postgres,1,insert_texto,-,9866,0,0.002575000
postgres,1,insert_texto,-,9867,0,0.002452900
postgres,1,insert_texto,-,9868,0,0.002349600
postgres,1,insert_texto,-,9869,0,0.002503600
postgres,1,insert_texto,-,9870,0,0.002407200
postgres,1,insert_texto,-,9871,0,0.002518000
postgres,1,insert_texto,-,9872,0,0.002641700
postgres,1,insert_texto,-,9873,0,0.002395800
postgres,1,insert_texto,-,9874,0,0.002443800
postgres,1,insert_texto,-,9875,0,0.003211100
postgres,1,insert_texto,-,9876,0,0.002662400
postgres,1,insert_texto,-,9877,0,0.002559200
postgres,1,insert_texto,-,9878,0,0.002624900
postgres,1,insert_texto,-,9879,0,0.002476800
postgres,1,insert_texto,-,9880,0,0.002424700
postgres,1,insert_texto,-,9881,0,0.002906900
postgres,1,insert_texto,-,9882,0,0.002538200
postgres,1,insert_texto,-,9883,0,0.002455600
postgres,1,insert_texto,-,9884,0,0.002623300
postgres,1,insert_texto,-,9885,0,0.002503900
postgres,1,insert_texto,-,9886,0,0.002442200
postgres,1,insert_texto,-,9887,0,0.002441100
postgres,1,insert_texto,-,9888,0,0.002458400
postgres,1,insert_texto,-,9889,0,0.002548700
postgres,1,insert_texto,-,9890,0,0.002577400
postgres,1,insert_texto,-,9891,0,0.002644200
postgres,1,insert_texto,-,9892,0,0.002561200
postgres,1,insert_texto,-,9893,0,0.002521600
postgres,1,insert_texto,-,9894,0,0.002281300
postgres,1,insert_texto,-,9895,0,0.002463200
postgres,1,insert_texto,-,9896,0,0.002344700
postgres,1,insert_texto,-,9897,0,0.002478300
postgres,1,insert_texto,-,9898,0,0.002539100
postgres,1,insert_texto,-,9899,0,0.002798800
postgres,1,insert_texto,-,9900,0,0.002907100
postgres,1,insert_texto,-,9901,0,0.002963200
postgres,1,insert_texto,-,9902,0,0.002880500
postgres,1,insert_texto,-,9903,0,0.003099000
postgres,1,insert_texto,-,9904,0,0.003225000
postgres,1,insert_texto,-,9905,0,0.002950300
postgres,1,insert_texto,-,9906,0,0.002973600
postgres,1,insert_texto,-,9907,0,0.002601600
postgres,1,insert_texto,-,9908,0,0.002671100
postgres,1,insert_texto,-,9909,0,0.002628000
postgres,1,insert_texto,-,9910,0,0.002408500
postgres,1,insert_texto,-,9911,0,0.002771600
postgres,1,insert_texto,-,9912,0,0.002384500
postgres,1,insert_texto,-,9913,0,0.002619300
postgres,1,insert_texto,-,9914,0,0.002447300
postgres,1,insert_texto,-,9915,0,0.002256600
postgres,1,insert_texto,-,9916,0,0.002458100
postgres,1,insert_texto,-,9917,0,0.003035600
postgres,1,insert_texto,-,9918,0,0.002605500
postgres,1,insert_texto,-,9919,0,0.002470400
postgres,1,insert_texto,-,9920,0,0.002458900
postgres,1,insert_texto,-,9921,0,0.002424000
postgres,1,insert_texto,-,9922,0,0.002627200
postgres,1,insert_texto,-,9923,0,0.002987900
postgres,1,insert_texto,-,9924,0,0.002440400
postgres,1,insert_texto,-,9925,0,0.002602500
postgres,1,insert_texto,-,9926,0,0.002345600
postgres,1,insert_texto,-,9927,0,0.002491600
postgres,1,insert_texto,-,9928,0,0.002523400
postgres,1,insert_texto,-,9929,0,0.002362200
postgres,1,insert_texto,-,9930,0,0.002378700
postgres,1,insert_texto,-,9931,0,0.002260200
postgres,1,insert_texto,-,9932,0,0.002266700
postgres,1,insert_texto,-,9933,0,0.002267100
postgres,1,insert_texto,-,9934,0,0.002501000
postgres,1,insert_texto,-,9935,0,0.002366900
postgres,1,insert_texto,-,9936,0,0.002223300
postgres,1,insert_texto,-,9937,0,0.002318500
postgres,1,insert_texto,-,9938,0,0.002438500
postgres,1,insert_texto,-,9939,0,0.002192900
postgres,1,insert_texto,-,9940,0,0.002499300
postgres,1,insert_texto,-,9941,0,0.002573000
postgres,1,insert_texto,-,9942,0,0.002282100
postgres,1,insert_texto,-,9943,0,0.002278900
postgres,1,insert_texto,-,9944,0,0.002318100
postgres,1,insert_texto,-,9945,0,0.002534900
postgres,1,insert_texto,-,9946,0,0.002286900
postgres,1,insert_texto,-,9947,0,0.002309500
postgres,1,insert_texto,-,9948,0,0.002577700
postgres,1,insert_texto,-,9949,0,0.002216100
postgres,1,insert_texto,-,9950,0,0.002345400
postgres,1,insert_texto,-,9951,0,0.002212500
postgres,1,insert_texto,-,9952,0,0.002377200
postgres,1,insert_texto,-,9953,0,0.002257300
postgres,1,insert_texto,-,9954,0,0.002275900
postgres,1,insert_texto,-,9955,0,0.002308300
postgres,1,insert_texto,-,9956,0,0.002184400
postgres,1,insert_texto,-,9957,0,0.002313300
postgres,1,insert_texto,-,9958,0,0.002254200
postgres,1,insert_texto,-,9959,0,0.002320200
postgres,1,insert_texto,-,9960,0,0.002360500
postgres,1,insert_texto,-,9961,0,0.002563800
postgres,1,insert_texto,-,9962,0,0.002350100
postgres,1,insert_texto,-,9963,0,0.002278600
postgres,1,insert_texto,-,9964,0,0.002380600
postgres,1,insert_texto,-,9965,0,0.002251100
postgres,1,insert_texto,-,9966,0,0.002270800
postgres,1,insert_texto,-,9967,0,0.002354600
postgres,1,insert_texto,-,9968,0,0.002388400
postgres,1,insert_texto,-,9969,0,0.002618800
postgres,1,insert_texto,-,9970,0,0.002269900
postgres,1,insert_texto,-,9971,0,0.002355900
postgres,1,insert_texto,-,9972,0,0.002264300
postgres,1,insert_texto,-,9973,0,0.002337900
postgres,1,insert_texto,-,9974,0,0.002576700
postgres,1,insert_texto,-,9975,0,0.002588800
postgres,1,insert_texto,-,9976,0,0.002242600
postgres,1,insert_texto,-,9977,0,0.002253900
postgres,1,insert_texto,-,9978,0,0.002337900
postgres,1,insert_texto,-,9979,0,0.002317700
postgres,1,insert_texto,-,9980,0,0.002108100
postgres,1,insert_texto,-,9981,0,0.002178300
postgres,1,insert_texto,-,9982,0,0.002219100
postgres,1,insert_texto,-,9983,0,0.002232700
postgres,1,insert_texto,-,9984,0,0.002292000
postgres,1,insert_texto,-,9985,0,0.002240500
postgres,1,insert_texto,-,9986,0,0.002274300
postgres,1,insert_texto,-,9987,0,0.002253600
postgres,1,insert_texto,-,9988,0,0.002651100
postgres,1,insert_texto,-,9989,0,0.002174800
postgres,1,insert_texto,-,9990,0,0.002283100
postgres,1,insert_texto,-,9991,0,0.002222400
postgres,1,insert_texto,-,9992,0,0.002256900
postgres,1,insert_texto,-,9993,0,0.002246800
postgres,1,insert_texto,-,9994,0,0.002347100
postgres,1,insert_texto,-,9995,0,0.002739300
postgres,1,insert_texto,-,9996,0,0.002623900
postgres,1,insert_texto,-,9997,0,0.002470100
postgres,1,insert_texto,-,9998,0,0.002812600
postgres,1,insert_texto,-,9999,0,0.002864900
postgres,10,insert_texto,-,0,0,0.004908700
postgres,10,insert_texto,-,1,0,0.003331800
postgres,10,insert_texto,-,2,0,0.003170400
postgres,10,insert_texto,-,3,0,0.002970500
postgres,10,insert_texto,-,4,0,0.002635700
postgres,10,insert_texto,-,5,0,0.003048000
postgres,10,insert_texto,-,6,0,0.003352000
postgres,10,insert_texto,-,7,0,0.003134400
postgres,10,insert_texto,-,8,0,0.002808200
postgres,10,insert_texto,-,9,0,0.002886200
postgres,10,insert_texto,-,10,0,0.003173300
postgres,10,insert_texto,-,11,0,0.003001900
postgres,10,insert_texto,-,12,0,0.003249100
postgres,10,insert_texto,-,13,0,0.002801000
postgres,10,insert_texto,-,14,0,0.002890000
postgres,10,insert_texto,-,15,0,0.002837200
postgres,10,insert_texto,-,16,0,0.003281300
postgres,10,insert_texto,-,17,0,0.002752200
postgres,10,insert_texto,-,18,0,0.002792800
postgres,10,insert_texto,-,19,0,0.002708400
postgres,10,insert_texto,-,20,0,0.002384900
postgres,10,insert_texto,-,21,0,0.002601100
postgres,10,insert_texto,-,22,0,0.002779400
postgres,10,insert_texto,-,23,0,0.002649700
postgres,10,insert_texto,-,24,0,0.002590100
postgres,10,insert_texto,-,25,0,0.002417400
postgres,10,insert_texto,-,26,0,0.002626800
postgres,10,insert_texto,-,27,0,0.002664000
postgres,10,insert_texto,-,28,0,0.002690100
postgres,10,insert_texto,-,29,0,0.002571900
postgres,10,insert_texto,-,30,0,0.002860400
postgres,10,insert_texto,-,31,0,0.002709300
postgres,10,insert_texto,-,32,0,0.002545800
postgres,10,insert_texto,-,33,0,0.002512700
postgres,10,insert_texto,-,34,0,0.002754800
postgres,10,insert_texto,-,35,0,0.003258700
postgres,10,insert_texto,-,36,0,0.002828200
postgres,10,insert_texto,-,37,0,0.002647300
postgres,10,insert_texto,-,38,0,0.002690100
postgres,10,insert_texto,-,39,0,0.002493600
postgres,10,insert_texto,-,40,0,0.002756800
postgres,10,insert_texto,-,41,0,0.002817800
postgres,10,insert_texto,-,42,0,0.002747700
postgres,10,insert_texto,-,43,0,0.002592700
postgres,10,insert_texto,-,44,0,0.002736500
postgres,10,insert_texto,-,45,0,0.002721800
postgres,10,insert_texto,-,46,0,0.002901600
postgres,10,insert_texto,-,47,0,0.003023600
postgres,10,insert_texto,-,48,0,0.002694500
postgres,10,insert_texto,-,49,0,0.002783100
postgres,10,insert_texto,-,50,0,0.002631900
postgres,10,insert_texto,-,51,0,0.002636500
postgres,10,insert_texto,-,52,0,0.002825800
postgres,10,insert_texto,-,53,0,0.002803800
postgres,10,insert_texto,-,54,0,0.002756100
postgres,10,insert_texto,-,55,0,0.002831000
postgres,10,insert_texto,-,56,0,0.002819700
postgres,10,insert_texto,-,57,0,0.002603600
postgres,10,insert_texto,-,58,0,0.002692000
postgres,10,insert_texto,-,59,0,0.003039500
postgres,10,insert_texto,-,60,0,0.002821200
postgres,10,insert_texto,-,61,0,0.002472200
postgres,10,insert_texto,-,62,0,0.002678500
postgres,10,insert_texto,-,63,0,0.002704200
postgres,10,insert_texto,-,64,0,0.002541400
postgres,10,insert_texto,-,65,0,0.002513100
postgres,10,insert_texto,-,66,0,0.002850000
postgres,10,insert_texto,-,67,0,0.002771600
postgres,10,insert_texto,-,68,0,0.002558300
postgres,10,insert_texto,-,69,0,0.002599300
postgres,10,insert_texto,-,70,0,0.002919800
postgres,10,insert_texto,-,71,0,0.002663600
postgres,10,insert_texto,-,72,0,0.002476200
postgres,10,insert_texto,-,73,0,0.002475800
postgres,10,insert_texto,-,74,0,0.002806600
postgres,10,insert_texto,-,75,0,0.002555400
postgres,10,insert_texto,-,76,0,0.002570000
postgres,10,insert_texto,-,77,0,0.002846200
postgres,10,insert_texto,-,78,0,0.002545100
postgres,10,insert_texto,-,79,0,0.002422100
postgres,10,insert_texto,-,80,0,0.002691900
postgres,10,insert_texto,-,81,0,0.003075700
postgres,10,insert_texto,-,82,0,0.002876100
postgres,10,insert_texto,-,83,0,0.003135500
postgres,10,insert_texto,-,84,0,0.003283700
postgres,10,insert_texto,-,85,0,0.003079000
postgres,10,insert_texto,-,86,0,0.003144000
postgres,10,insert_texto,-,87,0,0.003009600
postgres,10,insert_texto,-,88,0,0.003218600
postgres,10,insert_texto,-,89,0,0.002572500
postgres,10,insert_texto,-,90,0,0.002571100
postgres,10,insert_texto,-,91,0,0.002525200
postgres,10,insert_texto,-,92,0,0.002753700
postgres,10,insert_texto,-,93,0,0.002741100
postgres,10,insert_texto,-,94,0,0.002926400
postgres,10,insert_texto,-,95,0,0.002609400
postgres,10,insert_texto,-,96,0,0.002740200
postgres,10,insert_texto,-,97,0,0.002519600
postgres,10,insert_texto,-,98,0,0.003045900
postgres,10,insert_texto,-,99,0,0.002518800
postgres,10,insert_texto,-,100,0,0.002545700
postgres,10,insert_texto,-,101,0,0.002645900
postgres,10,insert_texto,-,102,0,0.002825000
postgres,10,insert_texto,-,103,0,0.002513700
postgres,10,insert_texto,-,104,0,0.003160300
postgres,10,insert_texto,-,105,0,0.002587300
postgres,10,insert_texto,-,106,0,0.002449200
postgres,10,insert_texto,-,107,0,0.002884700
postgres,10,insert_texto,-,108,0,0.002790000
postgres,10,insert_texto,-,109,0,0.002651400
postgres,10,insert_texto,-,110,0,0.002543500
postgres,10,insert_texto,-,111,0,0.002739000
postgres,10,insert_texto,-,112,0,0.002580300
postgres,10,insert_texto,-,113,0,0.002656100
postgres,10,insert_texto,-,114,0,0.002633100
postgres,10,insert_texto,-,115,0,0.002757700
postgres,10,insert_texto,-,116,0,0.002904200
postgres,10,insert_texto,-,117,0,0.002543700
postgres,10,insert_texto,-,118,0,0.002599200
postgres,10,insert_texto,-,119,0,0.003052900
postgres,10,insert_texto,-,120,0,0.002590700
postgres,10,insert_texto,-,121,0,0.002650700
postgres,10,insert_texto,-,122,0,0.002622200
postgres,10,insert_texto,-,123,0,0.002713900
postgres,10,insert_texto,-,124,0,0.002630900
postgres,10,insert_texto,-,125,0,0.002592800
postgres,10,insert_texto,-,126,0,0.002870900
postgres,10,insert_texto,-,127,0,0.002679800
postgres,10,insert_texto,-,128,0,0.002615400
postgres,10,insert_texto,-,129,0,0.002542800
postgres,10,insert_texto,-,130,0,0.002616100
postgres,10,insert_texto,-,131,0,0.002560800
postgres,10,insert_texto,-,132,0,0.002962900
postgres,10,insert_texto,-,133,0,0.002591400
postgres,10,insert_texto,-,134,0,0.002605500
postgres,10,insert_texto,-,135,0,0.002627400
postgres,10,insert_texto,-,136,0,0.002468600
postgres,10,insert_texto,-,137,0,0.002738300
postgres,10,insert_texto,-,138,0,0.002792000
postgres,10,insert_texto,-,139,0,0.002491600
postgres,10,insert_texto,-,140,0,0.002682200
postgres,10,insert_texto,-,141,0,0.002606900
postgres,10,insert_texto,-,142,0,0.002618600
postgres,10,insert_texto,-,143,0,0.002864600
postgres,10,insert_texto,-,144,0,0.002613700
postgres,10,insert_texto,-,145,0,0.002630700
postgres,10,insert_texto,-,146,0,0.002594400
postgres,10,insert_texto,-,147,0,0.002706900
postgres,10,insert_texto,-,148,0,0.002593000
postgres,10,insert_texto,-,149,0,0.002627600
postgres,10,insert_texto,-,150,0,0.002807400
postgres,10,insert_texto,-,151,0,0.002500800
postgres,10,insert_texto,-,152,0,0.002453500
postgres,10,insert_texto,-,153,0,0.002408700
postgres,10,insert_texto,-,154,0,0.002540700
postgres,10,insert_texto,-,155,0,0.002578900
postgres,10,insert_texto,-,156,0,0.002597700
postgres,10,insert_texto,-,157,0,0.002323100
postgres,10,insert_texto,-,158,0,0.002807000
postgres,10,insert_texto,-,159,0,0.002638400
postgres,10,insert_texto,-,160,0,0.002516300
postgres,10,insert_texto,-,161,0,0.002944900
postgres,10,insert_texto,-,162,0,0.002737600
postgres,10,insert_texto,-,163,0,0.002308400
postgres,10,insert_texto,-,164,0,0.002442500
postgres,10,insert_texto,-,165,0,0.002567200
postgres,10,insert_texto,-,166,0,0.002610500
postgres,10,insert_texto,-,167,0,0.002511400
postgres,10,insert_texto,-,168,0,0.002566000
postgres,10,insert_texto,-,169,0,0.002454100
postgres,10,insert_texto,-,170,0,0.002720300
postgres,10,insert_texto,-,171,0,0.002281200
postgres,10,insert_texto,-,172,0,0.002362100
postgres,10,insert_texto,-,173,0,0.002560100
postgres,10,insert_texto,-,174,0,0.002808900
postgres,10,insert_texto,-,175,0,0.002717800
postgres,10,insert_texto,-,176,0,0.002745300
postgres,10,insert_texto,-,177,0,0.002960100
postgres,10,insert_texto,-,178,0,0.003246000
postgres,10,insert_texto,-,179,0,0.003206400
postgres,10,insert_texto,-,180,0,0.002755200
postgres,10,insert_texto,-,181,0,0.002845100
postgres,10,insert_texto,-,182,0,0.002860300
postgres,10,insert_texto,-,183,0,0.003176200
postgres,10,insert_texto,-,184,0,0.002829100
postgres,10,insert_texto,-,185,0,0.002708200
postgres,10,insert_texto,-,186,0,0.002634500
postgres,10,insert_texto,-,187,0,0.002683000
postgres,10,insert_texto,-,188,0,0.002628200
postgres,10,insert_texto,-,189,0,0.003035800
postgres,10,insert_texto,-,190,0,0.002733300
postgres,10,insert_texto,-,191,0,0.002599000
postgres,10,insert_texto,-,192,0,0.002772600
postgres,10,insert_texto,-,193,0,0.002888900
postgres,10,insert_texto,-,194,0,0.002705000
postgres,10,insert_texto,-,195,0,0.002548400
postgres,10,insert_texto,-,196,0,0.003287100
postgres,10,insert_texto,-,197,0,0.002799000
postgres,10,insert_texto,-,198,0,0.002516000
postgres,10,insert_texto,-,199,0,0.002673000
postgres,10,insert_texto,-,200,0,0.002590500
postgres,10,insert_texto,-,201,0,0.002815900
postgres,10,insert_texto,-,202,0,0.002926100
postgres,10,insert_texto,-,203,0,0.002572000
postgres,10,insert_texto,-,204,0,0.002748500
postgres,10,insert_texto,-,205,0,0.002744100
postgres,10,insert_texto,-,206,0,0.002676100
postgres,10,insert_texto,-,207,0,0.002800600
postgres,10,insert_texto,-,208,0,0.003054900
postgres,10,insert_texto,-,209,0,0.002633900
postgres,10,insert_texto,-,210,0,0.002389700
postgres,10,insert_texto,-,211,0,0.002367400
postgres,10,insert_texto,-,212,0,0.002719600
postgres,10,insert_texto,-,213,0,0.002640600
postgres,10,insert_texto,-,214,0,0.002505100
postgres,10,insert_texto,-,215,0,0.002361600
postgres,10,insert_texto,-,216,0,0.002431700
postgres,10,insert_texto,-,217,0,0.002474100
postgres,10,insert_texto,-,218,0,0.002314700
postgres,10,insert_texto,-,219,0,0.002430600
postgres,10,insert_texto,-,220,0,0.002642600
postgres,10,insert_texto,-,221,0,0.002411600
postgres,10,insert_texto,-,222,0,0.002318200
postgres,10,insert_texto,-,223,0,0.002520800
postgres,10,insert_texto,-,224,0,0.002751900
postgres,10,insert_texto,-,225,0,0.002528700
postgres,10,insert_texto,-,226,0,0.002409200
postgres,10,insert_texto,-,227,0,0.002347500
postgres,10,insert_texto,-,228,0,0.002646600
postgres,10,insert_texto,-,229,0,0.002468300
postgres,10,insert_texto,-,230,0,0.002193900
postgres,10,insert_texto,-,231,0,0.002516900
postgres,10,insert_texto,-,232,0,0.002467100
postgres,10,insert_texto,-,233,0,0.002364200
postgres,10,insert_texto,-,234,0,0.002634200
postgres,10,insert_texto,-,235,0,0.002320200
postgres,10,insert_texto,-,236,0,0.002215600
postgres,10,insert_texto,-,237,0,0.002230800
postgres,10,insert_texto,-,238,0,0.002405200
postgres,10,insert_texto,-,239,0,0.002348900
postgres,10,insert_texto,-,240,0,0.002349100
postgres,10,insert_texto,-,241,0,0.002353900
postgres,10,insert_texto,-,242,0,0.002660300
postgres,10,insert_texto,-,243,0,0.002932000
postgres,10,insert_texto,-,244,0,0.002401900
postgres,10,insert_texto,-,245,0,0.002857900
postgres,10,insert_texto,-,246,0,0.002562700
postgres,10,insert_texto,-,247,0,0.002406200
postgres,10,insert_texto,-,248,0,0.002416500
postgres,10,insert_texto,-,249,0,0.002448700
postgres,10,insert_texto,-,250,0,0.002566400
postgres,10,insert_texto,-,251,0,0.002568500
postgres,10,insert_texto,-,252,0,0.002434400
postgres,10,insert_texto,-,253,0,0.002374000
postgres,10,insert_texto,-,254,0,0.002750000
postgres,10,insert_texto,-,255,0,0.002446100
postgres,10,insert_texto,-,256,0,0.002333800
postgres,10,insert_texto,-,257,0,0.002569200
postgres,10,insert_texto,-,258,0,0.002439000
postgres,10,insert_texto,-,259,0,0.002336700
postgres,10,insert_texto,-,260,0,0.002591900
postgres,10,insert_texto,-,261,0,0.002622700
postgres,10,insert_texto,-,262,0,0.002617900
postgres,10,insert_texto,-,263,0,0.002706300
postgres,10,insert_texto,-,264,0,0.002354600
postgres,10,insert_texto,-,265,0,0.002799100
postgres,10,insert_texto,-,266,0,0.002538600
postgres,10,insert_texto,-,267,0,0.002385000
postgres,10,insert_texto,-,268,0,0.002634600
postgres,10,insert_texto,-,269,0,0.002481500
postgres,10,insert_texto,-,270,0,0.002828600
postgres,10,insert_texto,-,271,0,0.002739000
postgres,10,insert_texto,-,272,0,0.002874700
postgres,10,insert_texto,-,273,0,0.002606800
postgres,10,insert_texto,-,274,0,0.003161400
postgres,10,insert_texto,-,275,0,0.003470600
postgres,10,insert_texto,-,276,0,0.003287500
postgres,10,insert_texto,-,277,0,0.003147100
postgres,10,insert_texto,-,278,0,0.002795800
postgres,10,insert_texto,-,279,0,0.002523700
postgres,10,insert_texto,-,280,0,0.002564400
postgres,10,insert_texto,-,281,0,0.002554400
postgres,10,insert_texto,-,282,0,0.002362000
postgres,10,insert_texto,-,283,0,0.002388200
postgres,10,insert_texto,-,284,0,0.002448400
postgres,10,insert_texto,-,285,0,0.002438700
postgres,10,insert_texto,-,286,0,0.002360400
postgres,10,insert_texto,-,287,0,0.002756000
postgres,10,insert_texto,-,288,0,0.002460100
postgres,10,insert_texto,-,289,0,0.002450200
postgres,10,insert_texto,-,290,0,0.002451000
postgres,10,insert_texto,-,291,0,0.002522100
postgres,10,insert_texto,-,292,0,0.002457100
postgres,10,insert_texto,-,293,0,0.002600800
postgres,10,insert_texto,-,294,0,0.002466100
postgres,10,insert_texto,-,295,0,0.002670600
postgres,10,insert_texto,-,296,0,0.002500200
postgres,10,insert_texto,-,297,0,0.002393100
postgres,10,insert_texto,-,298,0,0.002762000
postgres,10,insert_texto,-,299,0,0.002856100
postgres,10,insert_texto,-,300,0,0.002909200
postgres,10,insert_texto,-,301,0,0.003076400
postgres,10,insert_texto,-,302,0,0.003405700
postgres,10,insert_texto,-,303,0,0.002716600
postgres,10,insert_texto,-,304,0,0.002559100
postgres,10,insert_texto,-,305,0,0.002422800
postgres,10,insert_texto,-,306,0,0.002581900
postgres,10,insert_texto,-,307,0,0.002557300
postgres,10,insert_texto,-,308,0,0.002417300
postgres,10,insert_texto,-,309,0,0.002416000
postgres,10,insert_texto,-,310,0,0.002610500
postgres,10,insert_texto,-,311,0,0.002782800
postgres,10,insert_texto,-,312,0,0.002332100
postgres,10,insert_texto,-,313,0,0.002568200
postgres,10,insert_texto,-,314,0,0.002841300
postgres,10,insert_texto,-,315,0,0.002847800
postgres,10,insert_texto,-,316,0,0.002532200
postgres,10,insert_texto,-,317,0,0.002965700
postgres,10,insert_texto,-,318,0,0.002793700
postgres,10,insert_texto,-,319,0,0.002447400
postgres,10,insert_texto,-,320,0,0.002477400
postgres,10,insert_texto,-,321,0,0.002411700
postgres,10,insert_texto,-,322,0,0.003083500
postgres,10,insert_texto,-,323,0,0.002531000
postgres,10,insert_texto,-,324,0,0.002258100
postgres,10,insert_texto,-,325,0,0.002660600
postgres,10,insert_texto,-,326,0,0.002375000
postgres,10,insert_texto,-,327,0,0.002374200
postgres,10,insert_texto,-,328,0,0.002718200
postgres,10,insert_texto,-,329,0,0.002679300
postgres,10,insert_texto,-,330,0,0.002417300
postgres,10,insert_texto,-,331,0,0.002239500
postgres,10,insert_texto,-,332,0,0.002324600
postgres,10,insert_texto,-,333,0,0.002874800
postgres,10,insert_texto,-,334,0,0.002419400
postgres,10,insert_texto,-,335,0,0.002439800
postgres,10,insert_texto,-,336,0,0.002267900
postgres,10,insert_texto,-,337,0,0.002649700
postgres,10,insert_texto,-,338,0,0.002322000
postgres,10,insert_texto,-,339,0,0.002529300
postgres,10,insert_texto,-,340,0,0.002465200
postgres,10,insert_texto,-,341,0,0.002670700
postgres,10,insert_texto,-,342,0,0.002503100
postgres,10,insert_texto,-,343,0,0.002351200
postgres,10,insert_texto,-,344,0,0.002349200
postgres,10,insert_texto,-,345,0,0.002386600
postgres,10,insert_texto,-,346,0,0.003063400
postgres,10,insert_texto,-,347,0,0.002371800
postgres,10,insert_texto,-,348,0,0.002258000
postgres,10,insert_texto,-,349,0,0.002815800
postgres,10,insert_texto,-,350,0,0.002463600
postgres,10,insert_texto,-,351,0,0.002355600
postgres,10,insert_texto,-,352,0,0.002424800
postgres,10,insert_texto,-,353,0,0.002447500
postgres,10,insert_texto,-,354,0,0.002453300
postgres,10,insert_texto,-,355,0,0.002428700
postgres,10,insert_texto,-,356,0,0.002341500
postgres,10,insert_texto,-,357,0,0.002708800
postgres,10,insert_texto,-,358,0,0.002435100
postgres,10,insert_texto,-,359,0,0.002419600
postgres,10,insert_texto,-,360,0,0.002686600
postgres,10,insert_texto,-,361,0,0.002575900
postgres,10,insert_texto,-,362,0,0.002426200
postgres,10,insert_texto,-,363,0,0.002356700
postgres,10,insert_texto,-,364,0,0.002533100
postgres,10,insert_texto,-,365,0,0.002642800
postgres,10,insert_texto,-,366,0,0.003163200
postgres,10,insert_texto,-,367,0,0.002645800
postgres,10,insert_texto,-,368,0,0.002976500
postgres,10,insert_texto,-,369,0,0.002762300
postgres,10,insert_texto,-,370,0,0.002799900
postgres,10,insert_texto,-,371,0,0.002713400
postgres,10,insert_texto,-,372,0,0.003692000
postgres,10,insert_texto,-,373,0,0.003039900
postgres,10,insert_texto,-,374,0,0.002818300
postgres,10,insert_texto,-,375,0,0.002736400
postgres,10,insert_texto,-,376,0,0.002775200
postgres,10,insert_texto,-,377,0,0.002483900
postgres,10,insert_texto,-,378,0,0.002428000
postgres,10,insert_texto,-,379,0,0.002545700
postgres,10,insert_texto,-,380,0,0.002444900
postgres,10,insert_texto,-,381,0,0.002334400
postgres,10,insert_texto,-,382,0,0.002355700
postgres,10,insert_texto,-,383,0,0.002550000
postgres,10,insert_texto,-,384,0,0.002588900
postgres,10,insert_texto,-,385,0,0.002515100
postgres,10,insert_texto,-,386,0,0.002402200
postgres,10,insert_texto,-,387,0,0.002496700
postgres,10,insert_texto,-,388,0,0.002384300
postgres,10,insert_texto,-,389,0,0.002528600
postgres,10,insert_texto,-,390,0,0.002547500
postgres,10,insert_texto,-,391,0,0.002367700
postgres,10,insert_texto,-,392,0,0.002473600
postgres,10,insert_texto,-,393,0,0.002398600
postgres,10,insert_texto,-,394,0,0.002233700
postgres,10,insert_texto,-,395,0,0.002475800
postgres,10,insert_texto,-,396,0,0.002268900
postgres,10,insert_texto,-,397,0,0.002449300
postgres,10,insert_texto,-,398,0,0.002476700
postgres,10,insert_texto,-,399,0,0.002269900
postgres,10,insert_texto,-,400,0,0.002155600
postgres,10,insert_texto,-,401,0,0.002590400
postgres,10,insert_texto,-,402,0,0.002467300
postgres,10,insert_texto,-,403,0,0.002450300
postgres,10,insert_texto,-,404,0,0.002440900
postgres,10,insert_texto,-,405,0,0.002654700
postgres,10,insert_texto,-,406,0,0.002609600
postgres,10,insert_texto,-,407,0,0.002429400
postgres,10,insert_texto,-,408,0,0.002331400
postgres,10,insert_texto,-,409,0,0.002505100
postgres,10,insert_texto,-,410,0,0.002567500
postgres,10,insert_texto,-,411,0,0.002508900
postgres,10,insert_texto,-,412,0,0.002599100
postgres,10,insert_texto,-,413,0,0.002395900
postgres,10,insert_texto,-,414,0,0.002389800
postgres,10,insert_texto,-,415,0,0.002683700
postgres,10,insert_texto,-,416,0,0.003145300
postgres,10,insert_texto,-,417,0,0.002613700
postgres,10,insert_texto,-,418,0,0.002510000
postgres,10,insert_texto,-,419,0,0.002559300
postgres,10,insert_texto,-,420,0,0.002419700
postgres,10,insert_texto,-,421,0,0.002228300
postgres,10,insert_texto,-,422,0,0.003238200
postgres,10,insert_texto,-,423,0,0.002689500
postgres,10,insert_texto,-,424,0,0.002301300
postgres,10,insert_texto,-,425,0,0.002483900
postgres,10,insert_texto,-,426,0,0.002315000
postgres,10,insert_texto,-,427,0,0.002446800
postgres,10,insert_texto,-,428,0,0.002787700
postgres,10,insert_texto,-,429,0,0.002390200
postgres,10,insert_texto,-,430,0,0.002388800
postgres,10,insert_texto,-,431,0,0.002374200
postgres,10,insert_texto,-,432,0,0.002523300
postgres,10,insert_texto,-,433,0,0.002405400
postgres,10,insert_texto,-,434,0,0.002511000
postgres,10,insert_texto,-,435,0,0.002583000
postgres,10,insert_texto,-,436,0,0.002272200
postgres,10,insert_texto,-,437,0,0.002336200
postgres,10,insert_texto,-,438,0,0.002321100
postgres,10,insert_texto,-,439,0,0.002336500
postgres,10,insert_texto,-,440,0,0.002297000
postgres,10,insert_texto,-,441,0,0.002270100
postgres,10,insert_texto,-,442,0,0.002561400
postgres,10,insert_texto,-,443,0,0.002609200
postgres,10,insert_texto,-,444,0,0.002426800
postgres,10,insert_texto,-,445,0,0.002536100
postgres,10,insert_texto,-,446,0,0.002519400
postgres,10,insert_texto,-,447,0,0.002445700
postgres,10,insert_texto,-,448,0,0.002434700
postgres,10,insert_texto,-,449,0,0.002695500
postgres,10,insert_texto,-,450,0,0.002369800
postgres,10,insert_texto,-,451,0,0.002425200
postgres,10,insert_texto,-,452,0,0.002331600
postgres,10,insert_texto,-,453,0,0.002524500
postgres,10,insert_texto,-,454,0,0.002961800
postgres,10,insert_texto,-,455,0,0.002501100
postgres,10,insert_texto,-,456,0,0.002464400
postgres,10,insert_texto,-,457,0,0.002369500
postgres,10,insert_texto,-,458,0,0.002171700
postgres,10,insert_texto,-,459,0,0.002383200
postgres,10,insert_texto,-,460,0,0.003067800
postgres,10,insert_texto,-,461,0,0.002941200
postgres,10,insert_texto,-,462,0,0.002567500
postgres,10,insert_texto,-,463,0,0.002611800
postgres,10,insert_texto,-,464,0,0.002974900
postgres,10,insert_texto,-,465,0,0.002780400
postgres,10,insert_texto,-,466,0,0.002957500
postgres,10,insert_texto,-,467,0,0.002985800
postgres,10,insert_texto,-,468,0,0.003052700
postgres,10,insert_texto,-,469,0,0.002549700
postgres,10,insert_texto,-,470,0,0.002487000
postgres,10,insert_texto,-,471,0,0.002714300
postgres,10,insert_texto,-,472,0,0.002804900
postgres,10,insert_texto,-,473,0,0.002304600
postgres,10,insert_texto,-,474,0,0.002340900
postgres,10,insert_texto,-,475,0,0.002487300
postgres,10,insert_texto,-,476,0,0.002461100
postgres,10,insert_texto,-,477,0,0.002320500
postgres,10,insert_texto,-,478,0,0.002326700
postgres,10,insert_texto,-,479,0,0.002701000
postgres,10,insert_texto,-,480,0,0.002379100
postgres,10,insert_texto,-,481,0,0.002321700
postgres,10,insert_texto,-,482,0,0.002707500
postgres,10,insert_texto,-,483,0,0.002556800
postgres,10,insert_texto,-,484,0,0.002865400
postgres,10,insert_texto,-,485,0,0.002308600
postgres,10,insert_texto,-,486,0,0.002420500
postgres,10,insert_texto,-,487,0,0.002420700
postgres,10,insert_texto,-,488,0,0.002510200
postgres,10,insert_texto,-,489,0,0.002364300
postgres,10,insert_texto,-,490,0,0.002461300
postgres,10,insert_texto,-,491,0,0.002586300
postgres,10,insert_texto,-,492,0,0.002526700
postgres,10,insert_texto,-,493,0,0.002427000
postgres,10,insert_texto,-,494,0,0.002358500
postgres,10,insert_texto,-,495,0,0.002387200
postgres,10,insert_texto,-,496,0,0.002705800
postgres,10,insert_texto,-,497,0,0.002316400
postgres,10,insert_texto,-,498,0,0.002526200
postgres,10,insert_texto,-,499,0,0.002655800
postgres,10,insert_texto,-,500,0,0.002389500
postgres,10,insert_texto,-,501,0,0.002584600
postgres,10,insert_texto,-,502,0,0.002246100
postgres,10,insert_texto,-,503,0,0.002724300
postgres,10,insert_texto,-,504,0,0.002357700
postgres,10,insert_texto,-,505,0,0.002376600
postgres,10,insert_texto,-,506,0,0.002467500
postgres,10,insert_texto,-,507,0,0.002483900
postgres,10,insert_texto,-,508,0,0.002349100
postgres,10,insert_texto,-,509,0,0.002408700
postgres,10,insert_texto,-,510,0,0.002612000
postgres,10,insert_texto,-,511,0,0.002681200
postgres,10,insert_texto,-,512,0,0.002385100
postgres,10,insert_texto,-,513,0,0.002382400
postgres,10,insert_texto,-,514,0,0.002356700
postgres,10,insert_texto,-,515,0,0.002435300
postgres,10,insert_texto,-,516,0,0.002410600
postgres,10,insert_texto,-,517,0,0.002339100
postgres,10,insert_texto,-,518,0,0.002401300
postgres,10,insert_texto,-,519,0,0.002245700
postgres,10,insert_texto,-,520,0,0.002271900
postgres,10,insert_texto,-,521,0,0.002408400
postgres,10,insert_texto,-,522,0,0.002540300
postgres,10,insert_texto,-,523,0,0.002380200
postgres,10,insert_texto,-,524,0,0.002434500
postgres,10,insert_texto,-,525,0,0.002321200
postgres,10,insert_texto,-,526,0,0.002709700
postgres,10,insert_texto,-,527,0,0.002285200
postgres,10,insert_texto,-,528,0,0.002271900
postgres,10,insert_texto,-,529,0,0.003056200
postgres,10,insert_texto,-,530,0,0.002460900
postgres,10,insert_texto,-,531,0,0.002497400
postgres,10,insert_texto,-,532,0,0.002591300
postgres,10,insert_texto,-,533,0,0.002333900
postgres,10,insert_texto,-,534,0,0.002470900
postgres,10,insert_texto,-,535,0,0.002878300
postgres,10,insert_texto,-,536,0,0.002339800
postgres,10,insert_texto,-,537,0,0.002633700
postgres,10,insert_texto,-,538,0,0.002613500
postgres,10,insert_texto,-,539,0,0.002737300
postgres,10,insert_texto,-,540,0,0.002721200
postgres,10,insert_texto,-,541,0,0.002480900
postgres,10,insert_texto,-,542,0,0.002574700
postgres,10,insert_texto,-,543,0,0.002368500
postgres,10,insert_texto,-,544,0,0.002595100
postgres,10,insert_texto,-,545,0,0.002825200
postgres,10,insert_texto,-,546,0,0.002758300
postgres,10,insert_texto,-,547,0,0.002513600
postgres,10,insert_texto,-,548,0,0.002622600
postgres,10,insert_texto,-,549,0,0.002469500
postgres,10,insert_texto,-,550,0,0.002756000
postgres,10,insert_texto,-,551,0,0.002552800
postgres,10,insert_texto,-,552,0,0.002692200
postgres,10,insert_texto,-,553,0,0.002734700
postgres,10,insert_texto,-,554,0,0.002546600
postgres,10,insert_texto,-,555,0,0.002693600
postgres,10,insert_texto,-,556,0,0.002908000
postgres,10,insert_texto,-,557,0,0.003023500
postgres,10,insert_texto,-,558,0,0.002935400
postgres,10,insert_texto,-,559,0,0.003223500
postgres,10,insert_texto,-,560,0,0.003209700
postgres,10,insert_texto,-,561,0,0.002932200
postgres,10,insert_texto,-,562,0,0.002695100
postgres,10,insert_texto,-,563,0,0.002506600
postgres,10,insert_texto,-,564,0,0.002589600
postgres,10,insert_texto,-,565,0,0.002372100
postgres,10,insert_texto,-,566,0,0.002310000
postgres,10,insert_texto,-,567,0,0.002293600
postgres,10,insert_texto,-,568,0,0.002747500
postgres,10,insert_texto,-,569,0,0.002473000
postgres,10,insert_texto,-,570,0,0.002393400
postgres,10,insert_texto,-,571,0,0.002332600
postgres,10,insert_texto,-,572,0,0.002590900
postgres,10,insert_texto,-,573,0,0.002496400
postgres,10,insert_texto,-,574,0,0.002474200
postgres,10,insert_texto,-,575,0,0.002485400
postgres,10,insert_texto,-,576,0,0.002678700
postgres,10,insert_texto,-,577,0,0.002215000
postgres,10,insert_texto,-,578,0,0.002406400
postgres,10,insert_texto,-,579,0,0.002314600
postgres,10,insert_texto,-,580,0,0.002557300
postgres,10,insert_texto,-,581,0,0.002654900
postgres,10,insert_texto,-,582,0,0.002539300
postgres,10,insert_texto,-,583,0,0.002426900
postgres,10,insert_texto,-,584,0,0.002448900
postgres,10,insert_texto,-,585,0,0.002320000
postgres,10,insert_texto,-,586,0,0.002289400
postgres,10,insert_texto,-,587,0,0.002758300
postgres,10,insert_texto,-,588,0,0.002462800
postgres,10,insert_texto,-,589,0,0.002736200
postgres,10,insert_texto,-,590,0,0.002546400
postgres,10,insert_texto,-,591,0,0.002593400
postgres,10,insert_texto,-,592,0,0.002600600
postgres,10,insert_texto,-,593,0,0.002848800
postgres,10,insert_texto,-,594,0,0.002607000
postgres,10,insert_texto,-,595,0,0.002954600
postgres,10,insert_texto,-,596,0,0.002463800
postgres,10,insert_texto,-,597,0,0.002489100
postgres,10,insert_texto,-,598,0,0.002801700
postgres,10,insert_texto,-,599,0,0.002865900
postgres,10,insert_texto,-,600,0,0.002420300
postgres,10,insert_texto,-,601,0,0.002487300
postgres,10,insert_texto,-,602,0,0.002665000
postgres,10,insert_texto,-,603,0,0.002379800
postgres,10,insert_texto,-,604,0,0.002382600
postgres,10,insert_texto,-,605,0,0.002438000
postgres,10,insert_texto,-,606,0,0.002665900
postgres,10,insert_texto,-,607,0,0.002465100
postgres,10,insert_texto,-,608,0,0.002348800
postgres,10,insert_texto,-,609,0,0.002439500
postgres,10,insert_texto,-,610,0,0.002555400
postgres,10,insert_texto,-,611,0,0.002612500
postgres,10,insert_texto,-,612,0,0.002529000
postgres,10,insert_texto,-,613,0,0.002420500
postgres,10,insert_texto,-,614,0,0.002724900
postgres,10,insert_texto,-,615,0,0.003161700
postgres,10,insert_texto,-,616,0,0.002572000
postgres,10,insert_texto,-,617,0,0.002722200
postgres,10,insert_texto,-,618,0,0.003005900
postgres,10,insert_texto,-,619,0,0.002659600
postgres,10,insert_texto,-,620,0,0.002576500
postgres,10,insert_texto,-,621,0,0.002450200
postgres,10,insert_texto,-,622,0,0.002648700
postgres,10,insert_texto,-,623,0,0.002754600
postgres,10,insert_texto,-,624,0,0.002736600
postgres,10,insert_texto,-,625,0,0.002501100
postgres,10,insert_texto,-,626,0,0.002661300
postgres,10,insert_texto,-,627,0,0.002599200
postgres,10,insert_texto,-,628,0,0.002483300
postgres,10,insert_texto,-,629,0,0.002480800
postgres,10,insert_texto,-,630,0,0.002769200
postgres,10,insert_texto,-,631,0,0.002456900
postgres,10,insert_texto,-,632,0,0.002311200
postgres,10,insert_texto,-,633,0,0.002353500
postgres,10,insert_texto,-,634,0,0.002547600
postgres,10,insert_texto,-,635,0,0.002927400
postgres,10,insert_texto,-,636,0,0.002710400
postgres,10,insert_texto,-,637,0,0.002330500
postgres,10,insert_texto,-,638,0,0.002587900
postgres,10,insert_texto,-,639,0,0.002477100
postgres,10,insert_texto,-,640,0,0.002563700
postgres,10,insert_texto,-,641,0,0.002533100
postgres,10,insert_texto,-,642,0,0.002518600
postgres,10,insert_texto,-,643,0,0.002327000
postgres,10,insert_texto,-,644,0,0.002509400
postgres,10,insert_texto,-,645,0,0.002439500
postgres,10,insert_texto,-,646,0,0.002592400
postgres,10,insert_texto,-,647,0,0.002607600
postgres,10,insert_texto,-,648,0,0.002477200
postgres,10,insert_texto,-,649,0,0.002406300
postgres,10,insert_texto,-,650,0,0.002843100
postgres,10,insert_texto,-,651,0,0.002868700
postgres,10,insert_texto,-,652,0,0.003241300
postgres,10,insert_texto,-,653,0,0.003069200
postgres,10,insert_texto,-,654,0,0.003819100
postgres,10,insert_texto,-,655,0,0.003201000
postgres,10,insert_texto,-,656,0,0.002838600
postgres,10,insert_texto,-,657,0,0.002655300
postgres,10,insert_texto,-,658,0,0.002580600
postgres,10,insert_texto,-,659,0,0.002515200
postgres,10,insert_texto,-,660,0,0.002892300
postgres,10,insert_texto,-,661,0,0.002552800
postgres,10,insert_texto,-,662,0,0.002534000
postgres,10,insert_texto,-,663,0,0.002430300
postgres,10,insert_texto,-,664,0,0.002620300
postgres,10,insert_texto,-,665,0,0.002620600
postgres,10,insert_texto,-,666,0,0.002381600
postgres,10,insert_texto,-,667,0,0.002343100
postgres,10,insert_texto,-,668,0,0.002397200
postgres,10,insert_texto,-,669,0,0.002473700
postgres,10,insert_texto,-,670,0,0.002414000
postgres,10,insert_texto,-,671,0,0.002854300
postgres,10,insert_texto,-,672,0,0.002476900
postgres,10,insert_texto,-,673,0,0.002420400
postgres,10,insert_texto,-,674,0,0.002414400
postgres,10,insert_texto,-,675,0,0.002417400
postgres,10,insert_texto,-,676,0,0.002631100
postgres,10,insert_texto,-,677,0,0.002564500
postgres,10,insert_texto,-,678,0,0.002404100
postgres,10,insert_texto,-,679,0,0.002555500
postgres,10,insert_texto,-,680,0,0.002479900
postgres,10,insert_texto,-,681,0,0.002423000
postgres,10,insert_texto,-,682,0,0.002555700
postgres,10,insert_texto,-,683,0,0.002567600
postgres,10,insert_texto,-,684,0,0.002533900
postgres,10,insert_texto,-,685,0,0.002469200
postgres,10,insert_texto,-,686,0,0.002388700
postgres,10,insert_texto,-,687,0,0.002585300
postgres,10,insert_texto,-,688,0,0.002509700
postgres,10,insert_texto,-,689,0,0.002482200
postgres,10,insert_texto,-,690,0,0.002428900
postgres,10,insert_texto,-,691,0,0.002279300
postgres,10,insert_texto,-,692,0,0.002698400
postgres,10,insert_texto,-,693,0,0.002611700
postgres,10,insert_texto,-,694,0,0.002293500
postgres,10,insert_texto,-,695,0,0.002497900
postgres,10,insert_texto,-,696,0,0.002742000
postgres,10,insert_texto,-,697,0,0.002587000
postgres,10,insert_texto,-,698,0,0.002547400
postgres,10,insert_texto,-,699,0,0.002569800
postgres,10,insert_texto,-,700,0,0.002431400
postgres,10,insert_texto,-,701,0,0.002458700
postgres,10,insert_texto,-,702,0,0.002718000
postgres,10,insert_texto,-,703,0,0.002441200
postgres,10,insert_texto,-,704,0,0.002362100
postgres,10,insert_texto,-,705,0,0.002303900
postgres,10,insert_texto,-,706,0,0.002589800
postgres,10,insert_texto,-,707,0,0.002759100
postgres,10,insert_texto,-,708,0,0.002726200
postgres,10,insert_texto,-,709,0,0.002726400
postgres,10,insert_texto,-,710,0,0.002458800
postgres,10,insert_texto,-,711,0,0.002421100
postgres,10,insert_texto,-,712,0,0.002483700
postgres,10,insert_texto,-,713,0,0.002528200
postgres,10,insert_texto,-,714,0,0.002355100
postgres,10,insert_texto,-,715,0,0.002408700
postgres,10,insert_texto,-,716,0,0.002528400
postgres,10,insert_texto,-,717,0,0.002502500
postgres,10,insert_texto,-,718,0,0.002714800
postgres,10,insert_texto,-,719,0,0.003200700
postgres,10,insert_texto,-,720,0,0.003247000
postgres,10,insert_texto,-,721,0,0.002778800
postgres,10,insert_texto,-,722,0,0.002586000
postgres,10,insert_texto,-,723,0,0.002508900
postgres,10,insert_texto,-,724,0,0.002395200
postgres,10,insert_texto,-,725,0,0.002360700
postgres,10,insert_texto,-,726,0,0.002482100
postgres,10,insert_texto,-,727,0,0.003049000
postgres,10,insert_texto,-,728,0,0.002374100
postgres,10,insert_texto,-,729,0,0.002557000
postgres,10,insert_texto,-,730,0,0.002569900
postgres,10,insert_texto,-,731,0,0.002706900
postgres,10,insert_texto,-,732,0,0.002380600
postgres,10,insert_texto,-,733,0,0.002683200
postgres,10,insert_texto,-,734,0,0.002375100
postgres,10,insert_texto,-,735,0,0.002512400
postgres,10,insert_texto,-,736,0,0.002572100
postgres,10,insert_texto,-,737,0,0.002835800
postgres,10,insert_texto,-,738,0,0.002687800
postgres,10,insert_texto,-,739,0,0.002752700
postgres,10,insert_texto,-,740,0,0.002628100
postgres,10,insert_texto,-,741,0,0.002630400
postgres,10,insert_texto,-,742,0,0.002819200
postgres,10,insert_texto,-,743,0,0.002772900
postgres,10,insert_texto,-,744,0,0.002662800
postgres,10,insert_texto,-,745,0,0.003005800
postgres,10,insert_texto,-,746,0,0.003149600
postgres,10,insert_texto,-,747,0,0.002898700
postgres,10,insert_texto,-,748,0,0.002993500
postgres,10,insert_texto,-,749,0,0.002956500
postgres,10,insert_texto,-,750,0,0.003007400
postgres,10,insert_texto,-,751,0,0.003044500
postgres,10,insert_texto,-,752,0,0.003204500
postgres,10,insert_texto,-,753,0,0.002567100
postgres,10,insert_texto,-,754,0,0.002604500
postgres,10,insert_texto,-,755,0,0.002621000
postgres,10,insert_texto,-,756,0,0.002625500
postgres,10,insert_texto,-,757,0,0.002439900
postgres,10,insert_texto,-,758,0,0.002825600
postgres,10,insert_texto,-,759,0,0.002741200
postgres,10,insert_texto,-,760,0,0.002659200
postgres,10,insert_texto,-,761,0,0.002582000
postgres,10,insert_texto,-,762,0,0.002566100
postgres,10,insert_texto,-,763,0,0.002834800
postgres,10,insert_texto,-,764,0,0.002959200
postgres,10,insert_texto,-,765,0,0.002915000
postgres,10,insert_texto,-,766,0,0.002878900
postgres,10,insert_texto,-,767,0,0.002801800
postgres,10,insert_texto,-,768,0,0.002973600
postgres,10,insert_texto,-,769,0,0.002862400
postgres,10,insert_texto,-,770,0,0.003013200
postgres,10,insert_texto,-,771,0,0.002753900
postgres,10,insert_texto,-,772,0,0.002790900
postgres,10,insert_texto,-,773,0,0.002706300
postgres,10,insert_texto,-,774,0,0.002720600
postgres,10,insert_texto,-,775,0,0.002798700
postgres,10,insert_texto,-,776,0,0.002885000
postgres,10,insert_texto,-,777,0,0.002669100
postgres,10,insert_texto,-,778,0,0.002679200
postgres,10,insert_texto,-,779,0,0.002700100
postgres,10,insert_texto,-,780,0,0.002953300
postgres,10,insert_texto,-,781,0,0.003160700
postgres,10,insert_texto,-,782,0,0.002874400
postgres,10,insert_texto,-,783,0,0.002757600
postgres,10,insert_texto,-,784,0,0.002886700
postgres,10,insert_texto,-,785,0,0.003062700
postgres,10,insert_texto,-,786,0,0.002872600
postgres,10,insert_texto,-,787,0,0.002712400
postgres,10,insert_texto,-,788,0,0.002825500
postgres,10,insert_texto,-,789,0,0.003115100
postgres,10,insert_texto,-,790,0,0.002834900
postgres,10,insert_texto,-,791,0,0.002854700
postgres,10,insert_texto,-,792,0,0.002787800
postgres,10,insert_texto,-,793,0,0.002908200
postgres,10,insert_texto,-,794,0,0.003169200
postgres,10,insert_texto,-,795,0,0.003159100
postgres,10,insert_texto,-,796,0,0.003156700
postgres,10,insert_texto,-,797,0,0.003086000
postgres,10,insert_texto,-,798,0,0.003102900
postgres,10,insert_texto,-,799,0,0.002727500
postgres,10,insert_texto,-,800,0,0.002844400
postgres,10,insert_texto,-,801,0,0.002849500
postgres,10,insert_texto,-,802,0,0.002914700
postgres,10,insert_texto,-,803,0,0.002744500
postgres,10,insert_texto,-,804,0,0.002906900
postgres,10,insert_texto,-,805,0,0.002687800
postgres,10,insert_texto,-,806,0,0.002817300
postgres,10,insert_texto,-,807,0,0.002889100
postgres,10,insert_texto,-,808,0,0.002899500
postgres,10,insert_texto,-,809,0,0.003059200
postgres,10,insert_texto,-,810,0,0.003005400
postgres,10,insert_texto,-,811,0,0.002523200
postgres,10,insert_texto,-,812,0,0.002619500
postgres,10,insert_texto,-,813,0,0.002585700
postgres,10,insert_texto,-,814,0,0.002739700
postgres,10,insert_texto,-,815,0,0.003000600
postgres,10,insert_texto,-,816,0,0.002701500
postgres,10,insert_texto,-,817,0,0.002611000
postgres,10,insert_texto,-,818,0,0.002784100
postgres,10,insert_texto,-,819,0,0.002810000
postgres,10,insert_texto,-,820,0,0.002833900
postgres,10,insert_texto,-,821,0,0.002828800
postgres,10,insert_texto,-,822,0,0.002616800
postgres,10,insert_texto,-,823,0,0.002684500
postgres,10,insert_texto,-,824,0,0.002831900
postgres,10,insert_texto,-,825,0,0.002597800
postgres,10,insert_texto,-,826,0,0.002655200
postgres,10,insert_texto,-,827,0,0.002755400
postgres,10,insert_texto,-,828,0,0.002612700
postgres,10,insert_texto,-,829,0,0.002975700
postgres,10,insert_texto,-,830,0,0.002647400
postgres,10,insert_texto,-,831,0,0.002886000
postgres,10,insert_texto,-,832,0,0.003002100
postgres,10,insert_texto,-,833,0,0.002725000
postgres,10,insert_texto,-,834,0,0.002935700
postgres,10,insert_texto,-,835,0,0.002696200
postgres,10,insert_texto,-,836,0,0.002667200
postgres,10,insert_texto,-,837,0,0.002653100
postgres,10,insert_texto,-,838,0,0.002845500
postgres,10,insert_texto,-,839,0,0.002646900
postgres,10,insert_texto,-,840,0,0.003149000
postgres,10,insert_texto,-,841,0,0.003633100
postgres,10,insert_texto,-,842,0,0.003449300
postgres,10,insert_texto,-,843,0,0.003473400
postgres,10,insert_texto,-,844,0,0.002932100
postgres,10,insert_texto,-,845,0,0.003349200
postgres,10,insert_texto,-,846,0,0.003355900
postgres,10,insert_texto,-,847,0,0.003317100
postgres,10,insert_texto,-,848,0,0.003152600
postgres,10,insert_texto,-,849,0,0.002944300
postgres,10,insert_texto,-,850,0,0.002878100
postgres,10,insert_texto,-,851,0,0.002828300
postgres,10,insert_texto,-,852,0,0.002829400
postgres,10,insert_texto,-,853,0,0.003061600
postgres,10,insert_texto,-,854,0,0.002764200
postgres,10,insert_texto,-,855,0,0.003033100
postgres,10,insert_texto,-,856,0,0.002760300
postgres,10,insert_texto,-,857,0,0.002608600
postgres,10,insert_texto,-,858,0,0.002822500
postgres,10,insert_texto,-,859,0,0.002877700
postgres,10,insert_texto,-,860,0,0.002849900
postgres,10,insert_texto,-,861,0,0.002474500
postgres,10,insert_texto,-,862,0,0.002665800
postgres,10,insert_texto,-,863,0,0.002549800
postgres,10,insert_texto,-,864,0,0.003092700
postgres,10,insert_texto,-,865,0,0.002900400
postgres,10,insert_texto,-,866,0,0.002906700
postgres,10,insert_texto,-,867,0,0.002939900
postgres,10,insert_texto,-,868,0,0.002661800
postgres,10,insert_texto,-,869,0,0.002644300
postgres,10,insert_texto,-,870,0,0.003002600
postgres,10,insert_texto,-,871,0,0.002812400
postgres,10,insert_texto,-,872,0,0.002925800
postgres,10,insert_texto,-,873,0,0.002890200
postgres,10,insert_texto,-,874,0,0.002802100
postgres,10,insert_texto,-,875,0,0.002712500
postgres,10,insert_texto,-,876,0,0.002684300
postgres,10,insert_texto,-,877,0,0.002712000
postgres,10,insert_texto,-,878,0,0.002654700
postgres,10,insert_texto,-,879,0,0.002613100
postgres,10,insert_texto,-,880,0,0.002782300
postgres,10,insert_texto,-,881,0,0.002784000
postgres,10,insert_texto,-,882,0,0.002917400
postgres,10,insert_texto,-,883,0,0.002693900
postgres,10,insert_texto,-,884,0,0.002838200
postgres,10,insert_texto,-,885,0,0.002961600
postgres,10,insert_texto,-,886,0,0.002962800
postgres,10,insert_texto,-,887,0,0.003005200
postgres,10,insert_texto,-,888,0,0.002739000
postgres,10,insert_texto,-,889,0,0.002540200
postgres,10,insert_texto,-,890,0,0.002642700
postgres,10,insert_texto,-,891,0,0.002639800
postgres,10,insert_texto,-,892,0,0.002715800
postgres,10,insert_texto,-,893,0,0.002638300
postgres,10,insert_texto,-,894,0,0.002719900
postgres,10,insert_texto,-,895,0,0.002776800
postgres,10,insert_texto,-,896,0,0.002618700
postgres,10,insert_texto,-,897,0,0.002684500
postgres,10,insert_texto,-,898,0,0.003045800
postgres,10,insert_texto,-,899,0,0.002844800
postgres,10,insert_texto,-,900,0,0.002924700
postgres,10,insert_texto,-,901,0,0.002755700
postgres,10,insert_texto,-,902,0,0.002857800
postgres,10,insert_texto,-,903,0,0.002624800
postgres,10,insert_texto,-,904,0,0.002848700
postgres,10,insert_texto,-,905,0,0.002967600
postgres,10,insert_texto,-,906,0,0.002813200
postgres,10,insert_texto,-,907,0,0.002587100
postgres,10,insert_texto,-,908,0,0.002599700
postgres,10,insert_texto,-,909,0,0.002650600
postgres,10,insert_texto,-,910,0,0.002704000
postgres,10,insert_texto,-,911,0,0.002774900
postgres,10,insert_texto,-,912,0,0.002757300
postgres,10,insert_texto,-,913,0,0.002617700
postgres,10,insert_texto,-,914,0,0.002746000
postgres,10,insert_texto,-,915,0,0.003124200
postgres,10,insert_texto,-,916,0,0.003248200
postgres,10,insert_texto,-,917,0,0.002708800
postgres,10,insert_texto,-,918,0,0.002885400
postgres,10,insert_texto,-,919,0,0.002933800
postgres,10,insert_texto,-,920,0,0.002640900
postgres,10,insert_texto,-,921,0,0.002999800
postgres,10,insert_texto,-,922,0,0.002789500
postgres,10,insert_texto,-,923,0,0.002610100
postgres,10,insert_texto,-,924,0,0.003137300
postgres,10,insert_texto,-,925,0,0.002829000
postgres,10,insert_texto,-,926,0,0.003066500
postgres,10,insert_texto,-,927,0,0.002847700
postgres,10,insert_texto,-,928,0,0.002956900
postgres,10,insert_texto,-,929,0,0.002969800
postgres,10,insert_texto,-,930,0,0.002842600
postgres,10,insert_texto,-,931,0,0.002637700
postgres,10,insert_texto,-,932,0,0.002695400
postgres,10,insert_texto,-,933,0,0.002802600
postgres,10,insert_texto,-,934,0,0.002736800
postgres,10,insert_texto,-,935,0,0.003384000
postgres,10,insert_texto,-,936,0,0.003401700
postgres,10,insert_texto,-,937,0,0.003205600
postgres,10,insert_texto,-,938,0,0.003602000
postgres,10,insert_texto,-,939,0,0.003307800
postgres,10,insert_texto,-,940,0,0.003109300
postgres,10,insert_texto,-,941,0,0.003180300
postgres,10,insert_texto,-,942,0,0.003357600
postgres,10,insert_texto,-,943,0,0.002879900
postgres,10,insert_texto,-,944,0,0.002577500
postgres,10,insert_texto,-,945,0,0.002930100
postgres,10,insert_texto,-,946,0,0.002971900
postgres,10,insert_texto,-,947,0,0.002994200
postgres,10,insert_texto,-,948,0,0.002933300
postgres,10,insert_texto,-,949,0,0.002948500
postgres,10,insert_texto,-,950,0,0.003562100
postgres,10,insert_texto,-,951,0,0.003037300
postgres,10,insert_texto,-,952,0,0.002999100
postgres,10,insert_texto,-,953,0,0.003094100
postgres,10,insert_texto,-,954,0,0.003011300
postgres,10,insert_texto,-,955,0,0.003250400
postgres,10,insert_texto,-,956,0,0.002903300
postgres,10,insert_texto,-,957,0,0.003128100
postgres,10,insert_texto,-,958,0,0.002891700
postgres,10,insert_texto,-,959,0,0.002805400
postgres,10,insert_texto,-,960,0,0.002941100
postgres,10,insert_texto,-,961,0,0.002963500
postgres,10,insert_texto,-,962,0,0.003237500
postgres,10,insert_texto,-,963,0,0.003354100
postgres,10,insert_texto,-,964,0,0.002983200
postgres,10,insert_texto,-,965,0,0.002866700
postgres,10,insert_texto,-,966,0,0.002735100
postgres,10,insert_texto,-,967,0,0.002873700
postgres,10,insert_texto,-,968,0,0.002933600
postgres,10,insert_texto,-,969,0,0.003033400
postgres,10,insert_texto,-,970,0,0.002938600
postgres,10,insert_texto,-,971,0,0.002908900
postgres,10,insert_texto,-,972,0,0.003097300
postgres,10,insert_texto,-,973,0,0.002951800
postgres,10,insert_texto,-,974,0,0.002997700
postgres,10,insert_texto,-,975,0,0.002910300
postgres,10,insert_texto,-,976,0,0.003187300
postgres,10,insert_texto,-,977,0,0.002895700
postgres,10,insert_texto,-,978,0,0.002802100
postgres,10,insert_texto,-,979,0,0.002838200
postgres,10,insert_texto,-,980,0,0.003141000
postgres,10,insert_texto,-,981,0,0.003030400
postgres,10,insert_texto,-,982,0,0.002793900
postgres,10,insert_texto,-,983,0,0.002855000
postgres,10,insert_texto,-,984,0,0.003019200
postgres,10,insert_texto,-,985,0,0.002947700
postgres,10,insert_texto,-,986,0,0.003085100
postgres,10,insert_texto,-,987,0,0.003049900
postgres,10,insert_texto,-,988,0,0.003355000
postgres,10,insert_texto,-,989,0,0.002857100
postgres,10,insert_texto,-,990,0,0.002801200
postgres,10,insert_texto,-,991,0,0.002949900
postgres,10,insert_texto,-,992,0,0.003689600
postgres,10,insert_texto,-,993,0,0.003025700
postgres,10,insert_texto,-,994,0,0.002877300
postgres,10,insert_texto,-,995,0,0.002966800
postgres,10,insert_texto,-,996,0,0.003030200
postgres,10,insert_texto,-,997,0,0.002986700
postgres,10,insert_texto,-,998,0,0.002893200
postgres,10,insert_texto,-,999,0,0.002846700
postgres,100,insert_texto,-,0,0,0.004987800
postgres,100,insert_texto,-,1,0,0.004441000
postgres,100,insert_texto,-,2,0,0.004350900
postgres,100,insert_texto,-,3,0,0.003527300
postgres,100,insert_texto,-,4,0,0.003670400
postgres,100,insert_texto,-,5,0,0.004247000
postgres,100,insert_texto,-,6,0,0.003863800
postgres,100,insert_texto,-,7,0,0.003753100
postgres,100,insert_texto,-,8,0,0.003575700
postgres,100,insert_texto,-,9,0,0.003859400
postgres,100,insert_texto,-,10,0,0.003487700
postgres,100,insert_texto,-,11,0,0.003862000
postgres,100,insert_texto,-,12,0,0.003560700
postgres,100,insert_texto,-,13,0,0.003700000
postgres,100,insert_texto,-,14,0,0.003576100
postgres,100,insert_texto,-,15,0,0.003743100
postgres,100,insert_texto,-,16,0,0.003513200
postgres,100,insert_texto,-,17,0,0.003798800
postgres,100,insert_texto,-,18,0,0.003555700
postgres,100,insert_texto,-,19,0,0.003630800
postgres,100,insert_texto,-,20,0,0.003892600
postgres,100,insert_texto,-,21,0,0.003679200
postgres,100,insert_texto,-,22,0,0.004386300
postgres,100,insert_texto,-,23,0,0.004146800
postgres,100,insert_texto,-,24,0,0.004601500
postgres,100,insert_texto,-,25,0,0.004485600
postgres,100,insert_texto,-,26,0,0.005242400
postgres,100,insert_texto,-,27,0,0.004699900
postgres,100,insert_texto,-,28,0,0.004902100
postgres,100,insert_texto,-,29,0,0.004477000
postgres,100,insert_texto,-,30,0,0.004297200
postgres,100,insert_texto,-,31,0,0.003785300
postgres,100,insert_texto,-,32,0,0.003525000
postgres,100,insert_texto,-,33,0,0.003879600
postgres,100,insert_texto,-,34,0,0.004177800
postgres,100,insert_texto,-,35,0,0.004493200
postgres,100,insert_texto,-,36,0,0.004357700
postgres,100,insert_texto,-,37,0,0.003852000
postgres,100,insert_texto,-,38,0,0.004286300
postgres,100,insert_texto,-,39,0,0.003906000
postgres,100,insert_texto,-,40,0,0.003958400
postgres,100,insert_texto,-,41,0,0.004504500
postgres,100,insert_texto,-,42,0,0.003987800
postgres,100,insert_texto,-,43,0,0.004295200
postgres,100,insert_texto,-,44,0,0.004715100
postgres,100,insert_texto,-,45,0,0.004178100
postgres,100,insert_texto,-,46,0,0.004613600
postgres,100,insert_texto,-,47,0,0.004275200
postgres,100,insert_texto,-,48,0,0.004095000
postgres,100,insert_texto,-,49,0,0.004229300
postgres,100,insert_texto,-,50,0,0.004658400
postgres,100,insert_texto,-,51,0,0.004258500
postgres,100,insert_texto,-,52,0,0.004571500
postgres,100,insert_texto,-,53,0,0.004080600
postgres,100,insert_texto,-,54,0,0.004113300
postgres,100,insert_texto,-,55,0,0.003879900
postgres,100,insert_texto,-,56,0,0.003705000
postgres,100,insert_texto,-,57,0,0.003865100
postgres,100,insert_texto,-,58,0,0.003934000
postgres,100,insert_texto,-,59,0,0.003943200
postgres,100,insert_texto,-,60,0,0.004316900
postgres,100,insert_texto,-,61,0,0.004216600
postgres,100,insert_texto,-,62,0,0.004761500
postgres,100,insert_texto,-,63,0,0.004291400
postgres,100,insert_texto,-,64,0,0.003997500
postgres,100,insert_texto,-,65,0,0.004530800
postgres,100,insert_texto,-,66,0,0.004046500
postgres,100,insert_texto,-,67,0,0.003879100
postgres,100,insert_texto,-,68,0,0.004018300
postgres,100,insert_texto,-,69,0,0.004144600
postgres,100,insert_texto,-,70,0,0.003899900
postgres,100,insert_texto,-,71,0,0.004238200
postgres,100,insert_texto,-,72,0,0.003984700
postgres,100,insert_texto,-,73,0,0.004075500
postgres,100,insert_texto,-,74,0,0.004606600
postgres,100,insert_texto,-,75,0,0.003573300
postgres,100,insert_texto,-,76,0,0.004443100
postgres,100,insert_texto,-,77,0,0.004075700
postgres,100,insert_texto,-,78,0,0.003695800
postgres,100,insert_texto,-,79,0,0.003857600
postgres,100,insert_texto,-,80,0,0.004100700
postgres,100,insert_texto,-,81,0,0.004215900
postgres,100,insert_texto,-,82,0,0.004149400
postgres,100,insert_texto,-,83,0,0.003670800
postgres,100,insert_texto,-,84,0,0.004152100
postgres,100,insert_texto,-,85,0,0.004141100
postgres,100,insert_texto,-,86,0,0.003640200
postgres,100,insert_texto,-,87,0,0.003702400
postgres,100,insert_texto,-,88,0,0.004486300
postgres,100,insert_texto,-,89,0,0.004221000
postgres,100,insert_texto,-,90,0,0.003870600
postgres,100,insert_texto,-,91,0,0.004162900
postgres,100,insert_texto,-,92,0,0.003963900
postgres,100,insert_texto,-,93,0,0.003970800
postgres,100,insert_texto,-,94,0,0.003724000
postgres,100,insert_texto,-,95,0,0.003882400
postgres,100,insert_texto,-,96,0,0.003949300
postgres,100,insert_texto,-,97,0,0.004047800
postgres,100,insert_texto,-,98,0,0.004133700
postgres,100,insert_texto,-,99,0,0.004563300
postgres,500,insert_texto,-,0,0,0.052855400
postgres,500,insert_texto,-,1,0,0.051776700
postgres,500,insert_texto,-,2,0,0.052012700
postgres,500,insert_texto,-,3,0,0.052832300
postgres,500,insert_texto,-,4,0,0.052212100
postgres,500,insert_texto,-,5,0,0.052406900
postgres,500,insert_texto,-,6,0,0.049073500
postgres,500,insert_texto,-,7,0,0.053097800
postgres,500,insert_texto,-,8,0,0.052515500
postgres,500,insert_texto,-,9,0,0.051744900
postgres,500,insert_texto,-,10,0,0.051622700
postgres,500,insert_texto,-,11,0,0.052150700
postgres,500,insert_texto,-,12,0,0.053130300
postgres,500,insert_texto,-,13,0,0.050995100
postgres,500,insert_texto,-,14,0,0.049520100
postgres,500,insert_texto,-,15,0,0.048001400
postgres,500,insert_texto,-,16,0,0.048318900
postgres,500,insert_texto,-,17,0,0.050077600
postgres,500,insert_texto,-,18,0,0.051042400
postgres,500,insert_texto,-,19,0,0.052101000
postgres,2000,insert_texto,-,0,0,0.018409100
postgres,2000,insert_texto,-,1,0,0.060681200
postgres,2000,insert_texto,-,2,0,0.017088700
postgres,2000,insert_texto,-,3,0,0.059282400
postgres,2000,insert_texto,-,4,0,0.061697200
postgres,5000,insert_texto,-,0,0,0.079785200
postgres,5000,insert_texto,-,1,0,0.034310400
postgres,10000,insert_texto,-,0,0,0.066507000
