sistema,tam_chunk,operacion,metrica,muestra,repeticion,segundos
pgvector,1,generar_emb,-,0,0,0.023434100
pgvector,1,insert_emb,-,0,0,0.006727000
pgvector,1,generar_emb,-,1,0,0.016754100
pgvector,1,insert_emb,-,1,0,0.004248400
pgvector,1,generar_emb,-,2,0,0.013379500
pgvector,1,insert_emb,-,2,0,0.004826400
pgvector,1,generar_emb,-,3,0,0.014871400
pgvector,1,insert_emb,-,3,0,0.004524900
pgvector,1,generar_emb,-,4,0,0.011505600
pgvector,1,insert_emb,-,4,0,0.005033700
pgvector,1,generar_emb,-,5,0,0.012507100
pgvector,1,insert_emb,-,5,0,0.005260500
pgvector,1,generar_emb,-,6,0,0.012250200
pgvector,1,insert_emb,-,6,0,0.004469900
pgvector,1,generar_emb,-,7,0,0.012867500
pgvector,1,insert_emb,-,7,0,0.003797700
pgvector,1,generar_emb,-,8,0,0.011975300
pgvector,1,insert_emb,-,8,0,0.003875900
pgvector,1,generar_emb,-,9,0,0.010835800
pgvector,1,insert_emb,-,9,0,0.003754000
pgvector,1,generar_emb,-,10,0,0.013981900
pgvector,1,insert_emb,-,10,0,0.003791100
pgvector,1,generar_emb,-,11,0,0.013965300
pgvector,1,insert_emb,-,11,0,0.003782700
pgvector,1,generar_emb,-,12,0,0.011288800
pgvector,1,insert_emb,-,12,0,0.003676200
pgvector,1,generar_emb,-,13,0,0.012692900
pgvector,1,insert_emb,-,13,0,0.003866800
pgvector,1,generar_emb,-,14,0,0.011066100
pgvector,1,insert_emb,-,14,0,0.003786800
pgvector,1,generar_emb,-,15,0,0.013818100
pgvector,1,insert_emb,-,15,0,0.004518500
pgvector,1,generar_emb,-,16,0,0.010689400
pgvector,1,insert_emb,-,16,0,0.004235300
pgvector,1,generar_emb,-,17,0,0.013138900
pgvector,1,insert_emb,-,17,0,0.004006400
pgvector,1,generar_emb,-,18,0,0.014581900
pgvector,1,insert_emb,-,18,0,0.004043900
pgvector,1,generar_emb,-,19,0,0.012210100
pgvector,1,insert_emb,-,19,0,0.004435200
pgvector,1,generar_emb,-,20,0,0.010938800
pgvector,1,insert_emb,-,20,0,0.003743500
pgvector,1,generar_emb,-,21,0,0.013306500
pgvector,1,insert_emb,-,21,0,0.004386300
pgvector,1,generar_emb,-,22,0,0.011029800
pgvector,1,insert_emb,-,22,0,0.004514300
pgvector,1,generar_emb,-,23,0,0.011151500
pgvector,1,insert_emb,-,23,0,0.004300500
pgvector,1,generar_emb,-,24,0,0.011035600
pgvector,1,insert_emb,-,24,0,0.004347100
pgvector,1,generar_emb,-,25,0,0.012689700
pgvector,1,insert_emb,-,25,0,0.004558600
pgvector,1,generar_emb,-,26,0,0.013446800
pgvector,1,insert_emb,-,26,0,0.004323200
pgvector,1,generar_emb,-,27,0,0.014017600
pgvector,1,insert_emb,-,27,0,0.004143600
pgvector,1,generar_emb,-,28,0,0.014007500
pgvector,1,insert_emb,-,28,0,0.004125700
pgvector,1,generar_emb,-,29,0,0.013703000
pgvector,1,insert_emb,-,29,0,0.004403700
pgvector,1,generar_emb,-,30,0,0.016017400
pgvector,1,insert_emb,-,30,0,0.004462800
pgvector,1,generar_emb,-,31,0,0.016996900
pgvector,1,insert_emb,-,31,0,0.004240100
pgvector,1,generar_emb,-,32,0,0.013403000
pgvector,1,insert_emb,-,32,0,0.004465200
pgvector,1,generar_emb,-,33,0,0.016917600
pgvector,1,insert_emb,-,33,0,0.004614000
pgvector,1,generar_emb,-,34,0,0.015524100
pgvector,1,insert_emb,-,34,0,0.005043700
pgvector,1,generar_emb,-,35,0,0.013386100
pgvector,1,insert_emb,-,35,0,0.004551000
pgvector,1,generar_emb,-,36,0,0.015268000
pgvector,1,insert_emb,-,36,0,0.004777000
pgvector,1,generar_emb,-,37,0,0.012382500
pgvector,1,insert_emb,-,37,0,0.004687700
pgvector,1,generar_emb,-,38,0,0.016092800
pgvector,1,insert_emb,-,38,0,0.004754200
pgvector,1,generar_emb,-,39,0,0.014697600
pgvector,1,insert_emb,-,39,0,0.004817700
pgvector,1,generar_emb,-,40,0,0.013704400
pgvector,1,insert_emb,-,40,0,0.004918600
pgvector,1,generar_emb,-,41,0,0.012445700
pgvector,1,insert_emb,-,41,0,0.004737900
pgvector,1,generar_emb,-,42,0,0.020275200
pgvector,1,insert_emb,-,42,0,0.004826300
pgvector,1,generar_emb,-,43,0,0.015664500
pgvector,1,insert_emb,-,43,0,0.004931800
pgvector,1,generar_emb,-,44,0,0.014855000
pgvector,1,insert_emb,-,44,0,0.004242900
pgvector,1,generar_emb,-,45,0,0.014211800
pgvector,1,insert_emb,-,45,0,0.004710800
pgvector,1,generar_emb,-,46,0,0.013528300
pgvector,1,insert_emb,-,46,0,0.004518300
pgvector,1,generar_emb,-,47,0,0.016247200
pgvector,1,insert_emb,-,47,0,0.005264400
pgvector,1,generar_emb,-,48,0,0.014372200
pgvector,1,insert_emb,-,48,0,0.004739800
pgvector,1,generar_emb,-,49,0,0.015186500
pgvector,1,insert_emb,-,49,0,0.004609300
pgvector,1,generar_emb,-,50,0,0.013193300
pgvector,1,insert_emb,-,50,0,0.004532200
pgvector,1,generar_emb,-,51,0,0.014444100
pgvector,1,insert_emb,-,51,0,0.004533500
pgvector,1,generar_emb,-,52,0,0.013121800
pgvector,1,insert_emb,-,52,0,0.004852000
pgvector,1,generar_emb,-,53,0,0.016939300
pgvector,1,insert_emb,-,53,0,0.004541000
pgvector,1,generar_emb,-,54,0,0.018157700
pgvector,1,insert_emb,-,54,0,0.004959500
pgvector,1,generar_emb,-,55,0,0.013229000
pgvector,1,insert_emb,-,55,0,0.004697500
pgvector,1,generar_emb,-,56,0,0.015904700
pgvector,1,insert_emb,-,56,0,0.004753300
pgvector,1,generar_emb,-,57,0,0.017391800
pgvector,1,insert_emb,-,57,0,0.004965500
pgvector,1,generar_emb,-,58,0,0.013514100
pgvector,1,insert_emb,-,58,0,0.004326300
pgvector,1,generar_emb,-,59,0,0.014521800
pgvector,1,insert_emb,-,59,0,0.004699500
pgvector,1,generar_emb,-,60,0,0.016862100
pgvector,1,insert_emb,-,60,0,0.004488400
pgvector,1,generar_emb,-,61,0,0.015025700
pgvector,1,insert_emb,-,61,0,0.004792800
pgvector,1,generar_emb,-,62,0,0.016179200
pgvector,1,insert_emb,-,62,0,0.004560300
pgvector,1,generar_emb,-,63,0,0.017256900
pgvector,1,insert_emb,-,63,0,0.004368600
pgvector,1,generar_emb,-,64,0,0.014084700
pgvector,1,insert_emb,-,64,0,0.004332600
pgvector,1,generar_emb,-,65,0,0.015931200
pgvector,1,insert_emb,-,65,0,0.005891600
pgvector,1,generar_emb,-,66,0,0.018609100
pgvector,1,insert_emb,-,66,0,0.004586200
pgvector,1,generar_emb,-,67,0,0.013018500
pgvector,1,insert_emb,-,67,0,0.004203500
pgvector,1,generar_emb,-,68,0,0.013836900
pgvector,1,insert_emb,-,68,0,0.003979400
pgvector,1,generar_emb,-,69,0,0.016607900
pgvector,1,insert_emb,-,69,0,0.004185000
pgvector,1,generar_emb,-,70,0,0.013202500
pgvector,1,insert_emb,-,70,0,0.004718800
pgvector,1,generar_emb,-,71,0,0.011865900
pgvector,1,insert_emb,-,71,0,0.004202700
pgvector,1,generar_emb,-,72,0,0.013604900
pgvector,1,insert_emb,-,72,0,0.004157800
pgvector,1,generar_emb,-,73,0,0.012586500
pgvector,1,insert_emb,-,73,0,0.004198700
pgvector,1,generar_emb,-,74,0,0.010764500
pgvector,1,insert_emb,-,74,0,0.004522600
pgvector,1,generar_emb,-,75,0,0.014779300
pgvector,1,insert_emb,-,75,0,0.004441100
pgvector,1,generar_emb,-,76,0,0.014474700
pgvector,1,insert_emb,-,76,0,0.004335300
pgvector,1,generar_emb,-,77,0,0.013428100
pgvector,1,insert_emb,-,77,0,0.004450700
pgvector,1,generar_emb,-,78,0,0.011904800
pgvector,1,insert_emb,-,78,0,0.004838800
pgvector,1,generar_emb,-,79,0,0.012321100
pgvector,1,insert_emb,-,79,0,0.004697600
pgvector,1,generar_emb,-,80,0,0.013123600
pgvector,1,insert_emb,-,80,0,0.004335100
pgvector,1,generar_emb,-,81,0,0.011852000
pgvector,1,insert_emb,-,81,0,0.004014200
pgvector,1,generar_emb,-,82,0,0.013927700
pgvector,1,insert_emb,-,82,0,0.004535400
pgvector,1,generar_emb,-,83,0,0.012955300
pgvector,1,insert_emb,-,83,0,0.004576400
pgvector,1,generar_emb,-,84,0,0.011661600
pgvector,1,insert_emb,-,84,0,0.004797700
pgvector,1,generar_emb,-,85,0,0.013990900
pgvector,1,insert_emb,-,85,0,0.005457300
pgvector,1,generar_emb,-,86,0,0.019290400
pgvector,1,insert_emb,-,86,0,0.004850500
pgvector,1,generar_emb,-,87,0,0.014466300
pgvector,1,insert_emb,-,87,0,0.004974300
pgvector,1,generar_emb,-,88,0,0.016117200
pgvector,1,insert_emb,-,88,0,0.005031400
pgvector,1,generar_emb,-,89,0,0.015602000
pgvector,1,insert_emb,-,89,0,0.004713900
pgvector,1,generar_emb,-,90,0,0.014018000
pgvector,1,insert_emb,-,90,0,0.004612300
pgvector,1,generar_emb,-,91,0,0.012214800
pgvector,1,insert_emb,-,91,0,0.004294100
pgvector,1,generar_emb,-,92,0,0.011549300
pgvector,1,insert_emb,-,92,0,0.004198800
pgvector,1,generar_emb,-,93,0,0.011579100
pgvector,1,insert_emb,-,93,0,0.004652900
pgvector,1,generar_emb,-,94,0,0.015231300
pgvector,1,insert_emb,-,94,0,0.004445300
pgvector,1,generar_emb,-,95,0,0.013577000
pgvector,1,insert_emb,-,95,0,0.004329100
pgvector,1,generar_emb,-,96,0,0.013885800
pgvector,1,insert_emb,-,96,0,0.004292700
pgvector,1,generar_emb,-,97,0,0.013398800
pgvector,1,insert_emb,-,97,0,0.004040200
pgvector,1,generar_emb,-,98,0,0.015122600
pgvector,1,insert_emb,-,98,0,0.004421900
pgvector,1,generar_emb,-,99,0,0.015799500
pgvector,1,insert_emb,-,99,0,0.004317600
pgvector,1,generar_emb,-,100,0,0.012852200
pgvector,1,insert_emb,-,100,0,0.004229400
pgvector,1,generar_emb,-,101,0,0.016450500
pgvector,1,insert_emb,-,101,0,0.004750600
pgvector,1,generar_emb,-,102,0,0.013486600
pgvector,1,insert_emb,-,102,0,0.004452300
pgvector,1,generar_emb,-,103,0,0.013116000
pgvector,1,insert_emb,-,103,0,0.004383600
pgvector,1,generar_emb,-,104,0,0.012724000
pgvector,1,insert_emb,-,104,0,0.004384300
pgvector,1,generar_emb,-,105,0,0.013537700
pgvector,1,insert_emb,-,105,0,0.004619500
pgvector,1,generar_emb,-,106,0,0.013269200
pgvector,1,insert_emb,-,106,0,0.004610600
pgvector,1,generar_emb,-,107,0,0.012846600
pgvector,1,insert_emb,-,107,0,0.004536800
pgvector,1,generar_emb,-,108,0,0.015708800
pgvector,1,insert_emb,-,108,0,0.004092900
pgvector,1,generar_emb,-,109,0,0.012453400
pgvector,1,insert_emb,-,109,0,0.004165000
pgvector,1,generar_emb,-,110,0,0.011013400
pgvector,1,insert_emb,-,110,0,0.004392400
pgvector,1,generar_emb,-,111,0,0.014614800
pgvector,1,insert_emb,-,111,0,0.004390000
pgvector,1,generar_emb,-,112,0,0.010721600
pgvector,1,insert_emb,-,112,0,0.004248300
pgvector,1,generar_emb,-,113,0,0.013396500
pgvector,1,insert_emb,-,113,0,0.004235200
pgvector,1,generar_emb,-,114,0,0.013301700
pgvector,1,insert_emb,-,114,0,0.004374500
pgvector,1,generar_emb,-,115,0,0.013578200
pgvector,1,insert_emb,-,115,0,0.004632900
pgvector,1,generar_emb,-,116,0,0.010930900
pgvector,1,insert_emb,-,116,0,0.004135500
pgvector,1,generar_emb,-,117,0,0.011675000
pgvector,1,insert_emb,-,117,0,0.004126400
pgvector,1,generar_emb,-,118,0,0.015819600
pgvector,1,insert_emb,-,118,0,0.004512100
pgvector,1,generar_emb,-,119,0,0.014153000
pgvector,1,insert_emb,-,119,0,0.004479400
pgvector,1,generar_emb,-,120,0,0.015104700
pgvector,1,insert_emb,-,120,0,0.004318000
pgvector,1,generar_emb,-,121,0,0.015611100
pgvector,1,insert_emb,-,121,0,0.004447400
pgvector,1,generar_emb,-,122,0,0.012549600
pgvector,1,insert_emb,-,122,0,0.004278300
pgvector,1,generar_emb,-,123,0,0.014128500
pgvector,1,insert_emb,-,123,0,0.004222500
pgvector,1,generar_emb,-,124,0,0.016714300
pgvector,1,insert_emb,-,124,0,0.004486400
pgvector,1,generar_emb,-,125,0,0.012898200
pgvector,1,insert_emb,-,125,0,0.004261500
pgvector,1,generar_emb,-,126,0,0.013642900
pgvector,1,insert_emb,-,126,0,0.004186100
pgvector,1,generar_emb,-,127,0,0.015352500
pgvector,1,insert_emb,-,127,0,0.004198700
pgvector,1,generar_emb,-,128,0,0.013296500
pgvector,1,insert_emb,-,128,0,0.004352400
pgvector,1,generar_emb,-,129,0,0.014907200
pgvector,1,insert_emb,-,129,0,0.004683500
pgvector,1,generar_emb,-,130,0,0.013100100
pgvector,1,insert_emb,-,130,0,0.004563800
pgvector,1,generar_emb,-,131,0,0.011619300
pgvector,1,insert_emb,-,131,0,0.004282700
pgvector,1,generar_emb,-,132,0,0.013312600
pgvector,1,insert_emb,-,132,0,0.004137500
pgvector,1,generar_emb,-,133,0,0.012754700
pgvector,1,insert_emb,-,133,0,0.004359800
pgvector,1,generar_emb,-,134,0,0.012075700
pgvector,1,insert_emb,-,134,0,0.004457200
pgvector,1,generar_emb,-,135,0,0.012372000
pgvector,1,insert_emb,-,135,0,0.004568500
pgvector,1,generar_emb,-,136,0,0.011692700
pgvector,1,insert_emb,-,136,0,0.004542900
pgvector,1,generar_emb,-,137,0,0.013748800
pgvector,1,insert_emb,-,137,0,0.004424300
pgvector,1,generar_emb,-,138,0,0.011640200
pgvector,1,insert_emb,-,138,0,0.004262000
pgvector,1,generar_emb,-,139,0,0.013387700
pgvector,1,insert_emb,-,139,0,0.004119200
pgvector,1,generar_emb,-,140,0,0.013695100
pgvector,1,insert_emb,-,140,0,0.004330300
pgvector,1,generar_emb,-,141,0,0.014448400
pgvector,1,insert_emb,-,141,0,0.004852800
pgvector,1,generar_emb,-,142,0,0.015233000
pgvector,1,insert_emb,-,142,0,0.004014700
pgvector,1,generar_emb,-,143,0,0.012165100
pgvector,1,insert_emb,-,143,0,0.004043900
pgvector,1,generar_emb,-,144,0,0.012084100
pgvector,1,insert_emb,-,144,0,0.004486500
pgvector,1,generar_emb,-,145,0,0.013986900
pgvector,1,insert_emb,-,145,0,0.004463800
pgvector,1,generar_emb,-,146,0,0.013357500
pgvector,1,insert_emb,-,146,0,0.004355900
pgvector,1,generar_emb,-,147,0,0.012067900
pgvector,1,insert_emb,-,147,0,0.004701400
pgvector,1,generar_emb,-,148,0,0.012676100
pgvector,1,insert_emb,-,148,0,0.004651500
pgvector,1,generar_emb,-,149,0,0.012132800
pgvector,1,insert_emb,-,149,0,0.004302800
pgvector,1,generar_emb,-,150,0,0.012522400
pgvector,1,insert_emb,-,150,0,0.004666700
pgvector,1,generar_emb,-,151,0,0.013349900
pgvector,1,insert_emb,-,151,0,0.004134900
pgvector,1,generar_emb,-,152,0,0.012310600
pgvector,1,insert_emb,-,152,0,0.004242000
pgvector,1,generar_emb,-,153,0,0.012047700
pgvector,1,insert_emb,-,153,0,0.004525600
pgvector,1,generar_emb,-,154,0,0.011457900
pgvector,1,insert_emb,-,154,0,0.004627800
pgvector,1,generar_emb,-,155,0,0.010777200
pgvector,1,insert_emb,-,155,0,0.004752500
pgvector,1,generar_emb,-,156,0,0.012396900
pgvector,1,insert_emb,-,156,0,0.004654000
pgvector,1,generar_emb,-,157,0,0.011704300
pgvector,1,insert_emb,-,157,0,0.004801000
pgvector,1,generar_emb,-,158,0,0.012323100
pgvector,1,insert_emb,-,158,0,0.004381300
pgvector,1,generar_emb,-,159,0,0.012490800
pgvector,1,insert_emb,-,159,0,0.004697200
pgvector,1,generar_emb,-,160,0,0.010870700
pgvector,1,insert_emb,-,160,0,0.004286800
pgvector,1,generar_emb,-,161,0,0.012770100
pgvector,1,insert_emb,-,161,0,0.004272100
pgvector,1,generar_emb,-,162,0,0.010332900
pgvector,1,insert_emb,-,162,0,0.004407800
pgvector,1,generar_emb,-,163,0,0.011470600
pgvector,1,insert_emb,-,163,0,0.004374200
pgvector,1,generar_emb,-,164,0,0.012185700
pgvector,1,insert_emb,-,164,0,0.004235000
pgvector,1,generar_emb,-,165,0,0.013129200
pgvector,1,insert_emb,-,165,0,0.004484000
pgvector,1,generar_emb,-,166,0,0.011051600
pgvector,1,insert_emb,-,166,0,0.004480800
pgvector,1,generar_emb,-,167,0,0.012241100
pgvector,1,insert_emb,-,167,0,0.004647800
pgvector,1,generar_emb,-,168,0,0.012545800
pgvector,1,insert_emb,-,168,0,0.004360400
pgvector,1,generar_emb,-,169,0,0.012197100
pgvector,1,insert_emb,-,169,0,0.004079100
pgvector,1,generar_emb,-,170,0,0.011624200
pgvector,1,insert_emb,-,170,0,0.004474400
pgvector,1,generar_emb,-,171,0,0.011342200
pgvector,1,insert_emb,-,171,0,0.004326700
pgvector,1,generar_emb,-,172,0,0.013180000
pgvector,1,insert_emb,-,172,0,0.004721400
pgvector,1,generar_emb,-,173,0,0.014703300
pgvector,1,insert_emb,-,173,0,0.004073500
pgvector,1,generar_emb,-,174,0,0.013715000
pgvector,1,insert_emb,-,174,0,0.004269900
pgvector,1,generar_emb,-,175,0,0.013193000
pgvector,1,insert_emb,-,175,0,0.004404000
pgvector,1,generar_emb,-,176,0,0.013399900
pgvector,1,insert_emb,-,176,0,0.004510900
pgvector,1,generar_emb,-,177,0,0.013997900
pgvector,1,insert_emb,-,177,0,0.004679300
pgvector,1,generar_emb,-,178,0,0.011998000
pgvector,1,insert_emb,-,178,0,0.004630400
pgvector,1,generar_emb,-,179,0,0.013318400
pgvector,1,insert_emb,-,179,0,0.004822800
pgvector,1,generar_emb,-,180,0,0.012852900
pgvector,1,insert_emb,-,180,0,0.004727500
pgvector,1,generar_emb,-,181,0,0.013514600
pgvector,1,insert_emb,-,181,0,0.004558300
pgvector,1,generar_emb,-,182,0,0.013980900
pgvector,1,insert_emb,-,182,0,0.004659900
pgvector,1,generar_emb,-,183,0,0.012530900
pgvector,1,insert_emb,-,183,0,0.004511900
pgvector,1,generar_emb,-,184,0,0.013478100
pgvector,1,insert_emb,-,184,0,0.004957500
pgvector,1,generar_emb,-,185,0,0.013624700
pgvector,1,insert_emb,-,185,0,0.004321700
pgvector,1,generar_emb,-,186,0,0.011616700
pgvector,1,insert_emb,-,186,0,0.004191200
pgvector,1,generar_emb,-,187,0,0.011274000
pgvector,1,insert_emb,-,187,0,0.004109500
pgvector,1,generar_emb,-,188,0,0.011727300
pgvector,1,insert_emb,-,188,0,0.004469000
pgvector,1,generar_emb,-,189,0,0.012774700
pgvector,1,insert_emb,-,189,0,0.004376000
pgvector,1,generar_emb,-,190,0,0.015748600
pgvector,1,insert_emb,-,190,0,0.004756900
pgvector,1,generar_emb,-,191,0,0.012629300
pgvector,1,insert_emb,-,191,0,0.004017300
pgvector,1,generar_emb,-,192,0,0.010799000
pgvector,1,insert_emb,-,192,0,0.004113100
pgvector,1,generar_emb,-,193,0,0.011099000
pgvector,1,insert_emb,-,193,0,0.004287300
pgvector,1,generar_emb,-,194,0,0.012648100
pgvector,1,insert_emb,-,194,0,0.004081400
pgvector,1,generar_emb,-,195,0,0.013352200
pgvector,1,insert_emb,-,195,0,0.004545400
pgvector,1,generar_emb,-,196,0,0.014188800
pgvector,1,insert_emb,-,196,0,0.004144700
pgvector,1,generar_emb,-,197,0,0.011070000
pgvector,1,insert_emb,-,197,0,0.004146700
pgvector,1,generar_emb,-,198,0,0.013833100
pgvector,1,insert_emb,-,198,0,0.004715600
pgvector,1,generar_emb,-,199,0,0.012913400
pgvector,1,insert_emb,-,199,0,0.004253900
pgvector,1,generar_emb,-,200,0,0.011668000
pgvector,1,insert_emb,-,200,0,0.004725300
pgvector,1,generar_emb,-,201,0,0.011458200
pgvector,1,insert_emb,-,201,0,0.004421100
pgvector,1,generar_emb,-,202,0,0.015174600
pgvector,1,insert_emb,-,202,0,0.004723600
pgvector,1,generar_emb,-,203,0,0.015750700
pgvector,1,insert_emb,-,203,0,0.004402800
pgvector,1,generar_emb,-,204,0,0.012454900
pgvector,1,insert_emb,-,204,0,0.004489300
pgvector,1,generar_emb,-,205,0,0.011776700
pgvector,1,insert_emb,-,205,0,0.004422300
pgvector,1,generar_emb,-,206,0,0.011126500
pgvector,1,insert_emb,-,206,0,0.004168300
pgvector,1,generar_emb,-,207,0,0.012388100
pgvector,1,insert_emb,-,207,0,0.004352300
pgvector,1,generar_emb,-,208,0,0.011112400
pgvector,1,insert_emb,-,208,0,0.004388200
pgvector,1,generar_emb,-,209,0,0.013565000
pgvector,1,insert_emb,-,209,0,0.004516100
pgvector,1,generar_emb,-,210,0,0.011313100
pgvector,1,insert_emb,-,210,0,0.004194600
pgvector,1,generar_emb,-,211,0,0.010660800
pgvector,1,insert_emb,-,211,0,0.004086800
pgvector,1,generar_emb,-,212,0,0.011581000
pgvector,1,insert_emb,-,212,0,0.004183300
pgvector,1,generar_emb,-,213,0,0.011179600
pgvector,1,insert_emb,-,213,0,0.004273000
pgvector,1,generar_emb,-,214,0,0.011400700
pgvector,1,insert_emb,-,214,0,0.004274600
pgvector,1,generar_emb,-,215,0,0.012238100
pgvector,1,insert_emb,-,215,0,0.004323400
pgvector,1,generar_emb,-,216,0,0.011381700
pgvector,1,insert_emb,-,216,0,0.004385500
pgvector,1,generar_emb,-,217,0,0.012520200
pgvector,1,insert_emb,-,217,0,0.004289500
pgvector,1,generar_emb,-,218,0,0.012577200
pgvector,1,insert_emb,-,218,0,0.004399300
pgvector,1,generar_emb,-,219,0,0.010738300
pgvector,1,insert_emb,-,219,0,0.004260000
pgvector,1,generar_emb,-,220,0,0.012130400
pgvector,1,insert_emb,-,220,0,0.004382700
pgvector,1,generar_emb,-,221,0,0.012137300
pgvector,1,insert_emb,-,221,0,0.004335900
pgvector,1,generar_emb,-,222,0,0.014072000
pgvector,1,insert_emb,-,222,0,0.004817700
pgvector,1,generar_emb,-,223,0,0.014814700
pgvector,1,insert_emb,-,223,0,0.004691400
pgvector,1,generar_emb,-,224,0,0.013256900
pgvector,1,insert_emb,-,224,0,0.004647700
pgvector,1,generar_emb,-,225,0,0.012349400
pgvector,1,insert_emb,-,225,0,0.004758000
pgvector,1,generar_emb,-,226,0,0.015681600
pgvector,1,insert_emb,-,226,0,0.004402900
pgvector,1,generar_emb,-,227,0,0.014743600
pgvector,1,insert_emb,-,227,0,0.004880700
pgvector,1,generar_emb,-,228,0,0.014334600
pgvector,1,insert_emb,-,228,0,0.004311200
pgvector,1,generar_emb,-,229,0,0.013697900
pgvector,1,insert_emb,-,229,0,0.004217100
pgvector,1,generar_emb,-,230,0,0.014294500
pgvector,1,insert_emb,-,230,0,0.004318400
pgvector,1,generar_emb,-,231,0,0.014326700
pgvector,1,insert_emb,-,231,0,0.004262500
pgvector,1,generar_emb,-,232,0,0.013235700
pgvector,1,insert_emb,-,232,0,0.004184400
pgvector,1,generar_emb,-,233,0,0.014484000
pgvector,1,insert_emb,-,233,0,0.004920600
pgvector,1,generar_emb,-,234,0,0.014005100
pgvector,1,insert_emb,-,234,0,0.004133700
pgvector,1,generar_emb,-,235,0,0.014985000
pgvector,1,insert_emb,-,235,0,0.004305100
pgvector,1,generar_emb,-,236,0,0.013552900
pgvector,1,insert_emb,-,236,0,0.004201800
pgvector,1,generar_emb,-,237,0,0.013414700
pgvector,1,insert_emb,-,237,0,0.004620400
pgvector,1,generar_emb,-,238,0,0.015517800
pgvector,1,insert_emb,-,238,0,0.004526100
pgvector,1,generar_emb,-,239,0,0.012943800
pgvector,1,insert_emb,-,239,0,0.004626100
pgvector,1,generar_emb,-,240,0,0.013377200
pgvector,1,insert_emb,-,240,0,0.004589800
pgvector,1,generar_emb,-,241,0,0.013064800
pgvector,1,insert_emb,-,241,0,0.004240000
pgvector,1,generar_emb,-,242,0,0.013459600
pgvector,1,insert_emb,-,242,0,0.004351000
pgvector,1,generar_emb,-,243,0,0.012541800
pgvector,1,insert_emb,-,243,0,0.004172100
pgvector,1,generar_emb,-,244,0,0.012295900
pgvector,1,insert_emb,-,244,0,0.004239800
pgvector,1,generar_emb,-,245,0,0.013432200
pgvector,1,insert_emb,-,245,0,0.004473000
pgvector,1,generar_emb,-,246,0,0.013927000
pgvector,1,insert_emb,-,246,0,0.004361100
pgvector,1,generar_emb,-,247,0,0.015597200
pgvector,1,insert_emb,-,247,0,0.004443300
pgvector,1,generar_emb,-,248,0,0.013392300
pgvector,1,insert_emb,-,248,0,0.004250700
pgvector,1,generar_emb,-,249,0,0.012979300
pgvector,1,insert_emb,-,249,0,0.004321600
pgvector,1,generar_emb,-,250,0,0.011774600
pgvector,1,insert_emb,-,250,0,0.004326000
pgvector,1,generar_emb,-,251,0,0.010783400
pgvector,1,insert_emb,-,251,0,0.004284000
pgvector,1,generar_emb,-,252,0,0.014235100
pgvector,1,insert_emb,-,252,0,0.004196600
pgvector,1,generar_emb,-,253,0,0.011948700
pgvector,1,insert_emb,-,253,0,0.004474100
pgvector,1,generar_emb,-,254,0,0.013425700
pgvector,1,insert_emb,-,254,0,0.004408300
pgvector,1,generar_emb,-,255,0,0.011690800
pgvector,1,insert_emb,-,255,0,0.004629200
pgvector,1,generar_emb,-,256,0,0.013359900
pgvector,1,insert_emb,-,256,0,0.004411800
pgvector,1,generar_emb,-,257,0,0.012101000
pgvector,1,insert_emb,-,257,0,0.004251400
pgvector,1,generar_emb,-,258,0,0.012267400
pgvector,1,insert_emb,-,258,0,0.004107400
pgvector,1,generar_emb,-,259,0,0.013602800
pgvector,1,insert_emb,-,259,0,0.004193500
pgvector,1,generar_emb,-,260,0,0.013498300
pgvector,1,insert_emb,-,260,0,0.004328600
pgvector,1,generar_emb,-,261,0,0.011034900
pgvector,1,insert_emb,-,261,0,0.004333600
pgvector,1,generar_emb,-,262,0,0.013604600
pgvector,1,insert_emb,-,262,0,0.004456800
pgvector,1,generar_emb,-,263,0,0.012558600
pgvector,1,insert_emb,-,263,0,0.004343000
pgvector,1,generar_emb,-,264,0,0.012075700
pgvector,1,insert_emb,-,264,0,0.004599000
pgvector,1,generar_emb,-,265,0,0.012491200
pgvector,1,insert_emb,-,265,0,0.004611400
pgvector,1,generar_emb,-,266,0,0.012485100
pgvector,1,insert_emb,-,266,0,0.003997900
pgvector,1,generar_emb,-,267,0,0.013771500
pgvector,1,insert_emb,-,267,0,0.004221000
pgvector,1,generar_emb,-,268,0,0.014769900
pgvector,1,insert_emb,-,268,0,0.004460800
pgvector,1,generar_emb,-,269,0,0.011708800
pgvector,1,insert_emb,-,269,0,0.004411100
pgvector,1,generar_emb,-,270,0,0.012065800
pgvector,1,insert_emb,-,270,0,0.004438800
pgvector,1,generar_emb,-,271,0,0.012942400
pgvector,1,insert_emb,-,271,0,0.004917200
pgvector,1,generar_emb,-,272,0,0.014045700
pgvector,1,insert_emb,-,272,0,0.004740000
pgvector,1,generar_emb,-,273,0,0.013715700
pgvector,1,insert_emb,-,273,0,0.004761200
pgvector,1,generar_emb,-,274,0,0.013195700
pgvector,1,insert_emb,-,274,0,0.004611700
pgvector,1,generar_emb,-,275,0,0.013970700
pgvector,1,insert_emb,-,275,0,0.004682700
pgvector,1,generar_emb,-,276,0,0.012945800
pgvector,1,insert_emb,-,276,0,0.004532500
pgvector,1,generar_emb,-,277,0,0.013755300
pgvector,1,insert_emb,-,277,0,0.005028800
pgvector,1,generar_emb,-,278,0,0.012243600
pgvector,1,insert_emb,-,278,0,0.004762100
pgvector,1,generar_emb,-,279,0,0.012279000
pgvector,1,insert_emb,-,279,0,0.004172100
pgvector,1,generar_emb,-,280,0,0.012277500
pgvector,1,insert_emb,-,280,0,0.005014600
pgvector,1,generar_emb,-,281,0,0.013957400
pgvector,1,insert_emb,-,281,0,0.004530900
pgvector,1,generar_emb,-,282,0,0.012496900
pgvector,1,insert_emb,-,282,0,0.004306000
pgvector,1,generar_emb,-,283,0,0.013288600
pgvector,1,insert_emb,-,283,0,0.003920700
pgvector,1,generar_emb,-,284,0,0.014673000
pgvector,1,insert_emb,-,284,0,0.004274200
pgvector,1,generar_emb,-,285,0,0.014521100
pgvector,1,insert_emb,-,285,0,0.004530900
pgvector,1,generar_emb,-,286,0,0.013842900
pgvector,1,insert_emb,-,286,0,0.004383200
pgvector,1,generar_emb,-,287,0,0.011002700
pgvector,1,insert_emb,-,287,0,0.004372600
pgvector,1,generar_emb,-,288,0,0.012555100
pgvector,1,insert_emb,-,288,0,0.004487900
pgvector,1,generar_emb,-,289,0,0.011472200
pgvector,1,insert_emb,-,289,0,0.004378300
pgvector,1,generar_emb,-,290,0,0.012613400
pgvector,1,insert_emb,-,290,0,0.004231200
pgvector,1,generar_emb,-,291,0,0.012925100
pgvector,1,insert_emb,-,291,0,0.004175500
pgvector,1,generar_emb,-,292,0,0.012003500
pgvector,1,insert_emb,-,292,0,0.004331100
pgvector,1,generar_emb,-,293,0,0.010816000
pgvector,1,insert_emb,-,293,0,0.004287400
pgvector,1,generar_emb,-,294,0,0.010591500
pgvector,1,insert_emb,-,294,0,0.004239300
pgvector,1,generar_emb,-,295,0,0.016631700
pgvector,1,insert_emb,-,295,0,0.004465100
pgvector,1,generar_emb,-,296,0,0.012214300
pgvector,1,insert_emb,-,296,0,0.004318200
pgvector,1,generar_emb,-,297,0,0.011426700
pgvector,1,insert_emb,-,297,0,0.004200000
pgvector,1,generar_emb,-,298,0,0.010917200
pgvector,1,insert_emb,-,298,0,0.004006200
pgvector,1,generar_emb,-,299,0,0.011588600
pgvector,1,insert_emb,-,299,0,0.004197100
pgvector,1,generar_emb,-,300,0,0.011302500
pgvector,1,insert_emb,-,300,0,0.004556400
pgvector,1,generar_emb,-,301,0,0.010852000
pgvector,1,insert_emb,-,301,0,0.004167800
pgvector,1,generar_emb,-,302,0,0.010968000
pgvector,1,insert_emb,-,302,0,0.004092400
pgvector,1,generar_emb,-,303,0,0.010964400
pgvector,1,insert_emb,-,303,0,0.004465900
pgvector,1,generar_emb,-,304,0,0.014168600
pgvector,1,insert_emb,-,304,0,0.004082700
pgvector,1,generar_emb,-,305,0,0.013145200
pgvector,1,insert_emb,-,305,0,0.004282300
pgvector,1,generar_emb,-,306,0,0.013973500
pgvector,1,insert_emb,-,306,0,0.004519700
pgvector,1,generar_emb,-,307,0,0.012859300
pgvector,1,insert_emb,-,307,0,0.004370900
pgvector,1,generar_emb,-,308,0,0.011787400
pgvector,1,insert_emb,-,308,0,0.004291700
pgvector,1,generar_emb,-,309,0,0.011519900
pgvector,1,insert_emb,-,309,0,0.004196000
pgvector,1,generar_emb,-,310,0,0.014670900
pgvector,1,insert_emb,-,310,0,0.004347000
pgvector,1,generar_emb,-,311,0,0.013500100
pgvector,1,insert_emb,-,311,0,0.004344100
pgvector,1,generar_emb,-,312,0,0.013583800
pgvector,1,insert_emb,-,312,0,0.004177700
pgvector,1,generar_emb,-,313,0,0.012897900
pgvector,1,insert_emb,-,313,0,0.004102300
pgvector,1,generar_emb,-,314,0,0.015023800
pgvector,1,insert_emb,-,314,0,0.004464600
pgvector,1,generar_emb,-,315,0,0.012748100
pgvector,1,insert_emb,-,315,0,0.004513600
pgvector,1,generar_emb,-,316,0,0.012615500
pgvector,1,insert_emb,-,316,0,0.004417800
pgvector,1,generar_emb,-,317,0,0.011891100
pgvector,1,insert_emb,-,317,0,0.004584900
pgvector,1,generar_emb,-,318,0,0.014315400
pgvector,1,insert_emb,-,318,0,0.004374100
pgvector,1,generar_emb,-,319,0,0.012531500
pgvector,1,insert_emb,-,319,0,0.004751000
pgvector,1,generar_emb,-,320,0,0.010868200
pgvector,1,insert_emb,-,320,0,0.004750900
pgvector,1,generar_emb,-,321,0,0.010848600
pgvector,1,insert_emb,-,321,0,0.004330000
pgvector,1,generar_emb,-,322,0,0.011059300
pgvector,1,insert_emb,-,322,0,0.004255400
pgvector,1,generar_emb,-,323,0,0.014625400
pgvector,1,insert_emb,-,323,0,0.004056500
pgvector,1,generar_emb,-,324,0,0.013193900
pgvector,1,insert_emb,-,324,0,0.004359200
pgvector,1,generar_emb,-,325,0,0.011809100
pgvector,1,insert_emb,-,325,0,0.004476200
pgvector,1,generar_emb,-,326,0,0.013038700
pgvector,1,insert_emb,-,326,0,0.004403600
pgvector,1,generar_emb,-,327,0,0.013274700
pgvector,1,insert_emb,-,327,0,0.004452000
pgvector,1,generar_emb,-,328,0,0.013082100
pgvector,1,insert_emb,-,328,0,0.004416400
pgvector,1,generar_emb,-,329,0,0.016538700
pgvector,1,insert_emb,-,329,0,0.004273700
pgvector,1,generar_emb,-,330,0,0.012918900
pgvector,1,insert_emb,-,330,0,0.004428600
pgvector,1,generar_emb,-,331,0,0.011620500
pgvector,1,insert_emb,-,331,0,0.004361400
pgvector,1,generar_emb,-,332,0,0.010987500
pgvector,1,insert_emb,-,332,0,0.004313000
pgvector,1,generar_emb,-,333,0,0.012527400
pgvector,1,insert_emb,-,333,0,0.004420900
pgvector,1,generar_emb,-,334,0,0.012683600
pgvector,1,insert_emb,-,334,0,0.004170800
pgvector,1,generar_emb,-,335,0,0.013022600
pgvector,1,insert_emb,-,335,0,0.004336700
pgvector,1,generar_emb,-,336,0,0.010833000
pgvector,1,insert_emb,-,336,0,0.004502700
pgvector,1,generar_emb,-,337,0,0.012037400
pgvector,1,insert_emb,-,337,0,0.004470000
pgvector,1,generar_emb,-,338,0,0.015266400
pgvector,1,insert_emb,-,338,0,0.005914700
pgvector,1,generar_emb,-,339,0,0.017916800
pgvector,1,insert_emb,-,339,0,0.005443000
pgvector,1,generar_emb,-,340,0,0.016546400
pgvector,1,insert_emb,-,340,0,0.005986400
pgvector,1,generar_emb,-,341,0,0.014477700
pgvector,1,insert_emb,-,341,0,0.005638800
pgvector,1,generar_emb,-,342,0,0.023485100
pgvector,1,insert_emb,-,342,0,0.005810500
pgvector,1,generar_emb,-,343,0,0.026614700
pgvector,1,insert_emb,-,343,0,0.006828300
pgvector,1,generar_emb,-,344,0,0.022339600
pgvector,1,insert_emb,-,344,0,0.006435600
pgvector,1,generar_emb,-,345,0,0.022740100
pgvector,1,insert_emb,-,345,0,0.004897900
pgvector,1,generar_emb,-,346,0,0.011507100
pgvector,1,insert_emb,-,346,0,0.004667900
pgvector,1,generar_emb,-,347,0,0.014776600
pgvector,1,insert_emb,-,347,0,0.004582400
pgvector,1,generar_emb,-,348,0,0.012998700
pgvector,1,insert_emb,-,348,0,0.004635400
pgvector,1,generar_emb,-,349,0,0.012493200
pgvector,1,insert_emb,-,349,0,0.004597500
pgvector,1,generar_emb,-,350,0,0.013532600
pgvector,1,insert_emb,-,350,0,0.004710800
pgvector,1,generar_emb,-,351,0,0.013062200
pgvector,1,insert_emb,-,351,0,0.004547100
pgvector,1,generar_emb,-,352,0,0.013682300
pgvector,1,insert_emb,-,352,0,0.004776800
pgvector,1,generar_emb,-,353,0,0.014241900
pgvector,1,insert_emb,-,353,0,0.004651600
pgvector,1,generar_emb,-,354,0,0.013020600
pgvector,1,insert_emb,-,354,0,0.004352900
pgvector,1,generar_emb,-,355,0,0.014245700
pgvector,1,insert_emb,-,355,0,0.004735300
pgvector,1,generar_emb,-,356,0,0.014550800
pgvector,1,insert_emb,-,356,0,0.004730500
pgvector,1,generar_emb,-,357,0,0.014249800
pgvector,1,insert_emb,-,357,0,0.004522900
pgvector,1,generar_emb,-,358,0,0.012652800
pgvector,1,insert_emb,-,358,0,0.004921400
pgvector,1,generar_emb,-,359,0,0.017359900
pgvector,1,insert_emb,-,359,0,0.004952100
pgvector,1,generar_emb,-,360,0,0.014486900
pgvector,1,insert_emb,-,360,0,0.005091400
pgvector,1,generar_emb,-,361,0,0.014516800
pgvector,1,insert_emb,-,361,0,0.004712700
pgvector,1,generar_emb,-,362,0,0.016702400
pgvector,1,insert_emb,-,362,0,0.004632600
pgvector,1,generar_emb,-,363,0,0.014444600
pgvector,1,insert_emb,-,363,0,0.004284300
pgvector,1,generar_emb,-,364,0,0.012993400
pgvector,1,insert_emb,-,364,0,0.004257200
pgvector,1,generar_emb,-,365,0,0.011293700
pgvector,1,insert_emb,-,365,0,0.004239700
pgvector,1,generar_emb,-,366,0,0.012819400
pgvector,1,insert_emb,-,366,0,0.004239700
pgvector,1,generar_emb,-,367,0,0.012414500
pgvector,1,insert_emb,-,367,0,0.004213200
pgvector,1,generar_emb,-,368,0,0.013421000
pgvector,1,insert_emb,-,368,0,0.004617200
pgvector,1,generar_emb,-,369,0,0.010975300
pgvector,1,insert_emb,-,369,0,0.004146700
pgvector,1,generar_emb,-,370,0,0.010860400
pgvector,1,insert_emb,-,370,0,0.004150800
pgvector,1,generar_emb,-,371,0,0.012022600
pgvector,1,insert_emb,-,371,0,0.004122700
pgvector,1,generar_emb,-,372,0,0.010716200
pgvector,1,insert_emb,-,372,0,0.004240900
pgvector,1,generar_emb,-,373,0,0.011827300
pgvector,1,insert_emb,-,373,0,0.004091200
pgvector,1,generar_emb,-,374,0,0.011658500
pgvector,1,insert_emb,-,374,0,0.004161900
pgvector,1,generar_emb,-,375,0,0.014313800
pgvector,1,insert_emb,-,375,0,0.004142200
pgvector,1,generar_emb,-,376,0,0.012448500
pgvector,1,insert_emb,-,376,0,0.004420500
pgvector,1,generar_emb,-,377,0,0.012100400
pgvector,1,insert_emb,-,377,0,0.004471900
pgvector,1,generar_emb,-,378,0,0.013324800
pgvector,1,insert_emb,-,378,0,0.004896600
pgvector,1,generar_emb,-,379,0,0.011654300
pgvector,1,insert_emb,-,379,0,0.004594800
pgvector,1,generar_emb,-,380,0,0.012716200
pgvector,1,insert_emb,-,380,0,0.004222600
pgvector,1,generar_emb,-,381,0,0.011589600
pgvector,1,insert_emb,-,381,0,0.004115700
pgvector,1,generar_emb,-,382,0,0.011495900
pgvector,1,insert_emb,-,382,0,0.004291500
pgvector,1,generar_emb,-,383,0,0.011499300
pgvector,1,insert_emb,-,383,0,0.004568300
pgvector,1,generar_emb,-,384,0,0.011937500
pgvector,1,insert_emb,-,384,0,0.004794300
pgvector,1,generar_emb,-,385,0,0.012865900
pgvector,1,insert_emb,-,385,0,0.004599300
pgvector,1,generar_emb,-,386,0,0.011867400
pgvector,1,insert_emb,-,386,0,0.004499600
pgvector,1,generar_emb,-,387,0,0.010823200
pgvector,1,insert_emb,-,387,0,0.004381800
pgvector,1,generar_emb,-,388,0,0.012809800
pgvector,1,insert_emb,-,388,0,0.004602300
pgvector,1,generar_emb,-,389,0,0.013810000
pgvector,1,insert_emb,-,389,0,0.004309700
pgvector,1,generar_emb,-,390,0,0.011642900
pgvector,1,insert_emb,-,390,0,0.004381300
pgvector,1,generar_emb,-,391,0,0.012273300
pgvector,1,insert_emb,-,391,0,0.004543000
pgvector,1,generar_emb,-,392,0,0.013140900
pgvector,1,insert_emb,-,392,0,0.004503100
pgvector,1,generar_emb,-,393,0,0.013284800
pgvector,1,insert_emb,-,393,0,0.004403800
pgvector,1,generar_emb,-,394,0,0.013209500
pgvector,1,insert_emb,-,394,0,0.004645100
pgvector,1,generar_emb,-,395,0,0.013957300
pgvector,1,insert_emb,-,395,0,0.004175400
pgvector,1,generar_emb,-,396,0,0.013594900
pgvector,1,insert_emb,-,396,0,0.004240300
pgvector,1,generar_emb,-,397,0,0.013322600
pgvector,1,insert_emb,-,397,0,0.004141200
pgvector,1,generar_emb,-,398,0,0.011918400
pgvector,1,insert_emb,-,398,0,0.004247400
pgvector,1,generar_emb,-,399,0,0.013459100
pgvector,1,insert_emb,-,399,0,0.004232100
pgvector,1,generar_emb,-,400,0,0.012905400
pgvector,1,insert_emb,-,400,0,0.004446600
pgvector,1,generar_emb,-,401,0,0.014066300
pgvector,1,insert_emb,-,401,0,0.004323800
pgvector,1,generar_emb,-,402,0,0.017518400
pgvector,1,insert_emb,-,402,0,0.005210600
pgvector,1,generar_emb,-,403,0,0.019821200
pgvector,1,insert_emb,-,403,0,0.004833500
pgvector,1,generar_emb,-,404,0,0.014648900
pgvector,1,insert_emb,-,404,0,0.004674900
pgvector,1,generar_emb,-,405,0,0.014512300
pgvector,1,insert_emb,-,405,0,0.004509800
pgvector,1,generar_emb,-,406,0,0.011812800
pgvector,1,insert_emb,-,406,0,0.004661100
pgvector,1,generar_emb,-,407,0,0.011964800
pgvector,1,insert_emb,-,407,0,0.004847400
pgvector,1,generar_emb,-,408,0,0.012249100
pgvector,1,insert_emb,-,408,0,0.004238100
pgvector,1,generar_emb,-,409,0,0.012653500
pgvector,1,insert_emb,-,409,0,0.004219600
pgvector,1,generar_emb,-,410,0,0.011558300
pgvector,1,insert_emb,-,410,0,0.004431200
pgvector,1,generar_emb,-,411,0,0.013236700
pgvector,1,insert_emb,-,411,0,0.004335300
pgvector,1,generar_emb,-,412,0,0.011409700
pgvector,1,insert_emb,-,412,0,0.004258700
pgvector,1,generar_emb,-,413,0,0.013647800
pgvector,1,insert_emb,-,413,0,0.004359300
pgvector,1,generar_emb,-,414,0,0.013460800
pgvector,1,insert_emb,-,414,0,0.004128900
pgvector,1,generar_emb,-,415,0,0.013206300
pgvector,1,insert_emb,-,415,0,0.004240800
pgvector,1,generar_emb,-,416,0,0.013858700
pgvector,1,insert_emb,-,416,0,0.004637100
pgvector,1,generar_emb,-,417,0,0.012812300
pgvector,1,insert_emb,-,417,0,0.004108100
pgvector,1,generar_emb,-,418,0,0.012668100
pgvector,1,insert_emb,-,418,0,0.004741700
pgvector,1,generar_emb,-,419,0,0.009960700
pgvector,1,insert_emb,-,419,0,0.004302100
pgvector,1,generar_emb,-,420,0,0.012898600
pgvector,1,insert_emb,-,420,0,0.004501200
pgvector,1,generar_emb,-,421,0,0.015807300
pgvector,1,insert_emb,-,421,0,0.004440500
pgvector,1,generar_emb,-,422,0,0.011689400
pgvector,1,insert_emb,-,422,0,0.004251200
pgvector,1,generar_emb,-,423,0,0.014323100
pgvector,1,insert_emb,-,423,0,0.004213700
pgvector,1,generar_emb,-,424,0,0.013535600
pgvector,1,insert_emb,-,424,0,0.004550200
pgvector,1,generar_emb,-,425,0,0.012151700
pgvector,1,insert_emb,-,425,0,0.004410100
pgvector,1,generar_emb,-,426,0,0.013485000
pgvector,1,insert_emb,-,426,0,0.004373600
pgvector,1,generar_emb,-,427,0,0.011617800
pgvector,1,insert_emb,-,427,0,0.004187000
pgvector,1,generar_emb,-,428,0,0.013118900
pgvector,1,insert_emb,-,428,0,0.004383700
pgvector,1,generar_emb,-,429,0,0.013108000
pgvector,1,insert_emb,-,429,0,0.004222500
pgvector,1,generar_emb,-,430,0,0.013777800
pgvector,1,insert_emb,-,430,0,0.004397500
pgvector,1,generar_emb,-,431,0,0.012301700
pgvector,1,insert_emb,-,431,0,0.004062800
pgvector,1,generar_emb,-,432,0,0.013506200
pgvector,1,insert_emb,-,432,0,0.004258600
pgvector,1,generar_emb,-,433,0,0.011709100
pgvector,1,insert_emb,-,433,0,0.004117600
pgvector,1,generar_emb,-,434,0,0.011567600
pgvector,1,insert_emb,-,434,0,0.004337200
pgvector,1,generar_emb,-,435,0,0.012126500
pgvector,1,insert_emb,-,435,0,0.004666600
pgvector,1,generar_emb,-,436,0,0.011019300
pgvector,1,insert_emb,-,436,0,0.004742600
pgvector,1,generar_emb,-,437,0,0.011714600
pgvector,1,insert_emb,-,437,0,0.004713100
pgvector,1,generar_emb,-,438,0,0.013255900
pgvector,1,insert_emb,-,438,0,0.004939400
pgvector,1,generar_emb,-,439,0,0.011861000
pgvector,1,insert_emb,-,439,0,0.005037100
pgvector,1,generar_emb,-,440,0,0.013518300
pgvector,1,insert_emb,-,440,0,0.004837500
pgvector,1,generar_emb,-,441,0,0.012468100
pgvector,1,insert_emb,-,441,0,0.004576200
pgvector,1,generar_emb,-,442,0,0.012650300
pgvector,1,insert_emb,-,442,0,0.004682800
pgvector,1,generar_emb,-,443,0,0.013619600
pgvector,1,insert_emb,-,443,0,0.004425800
pgvector,1,generar_emb,-,444,0,0.013849300
pgvector,1,insert_emb,-,444,0,0.004198900
pgvector,1,generar_emb,-,445,0,0.019853900
pgvector,1,insert_emb,-,445,0,0.005080000
pgvector,1,generar_emb,-,446,0,0.013141400
pgvector,1,insert_emb,-,446,0,0.004227000
pgvector,1,generar_emb,-,447,0,0.014709600
pgvector,1,insert_emb,-,447,0,0.004303800
pgvector,1,generar_emb,-,448,0,0.014192100
pgvector,1,insert_emb,-,448,0,0.004083700
pgvector,1,generar_emb,-,449,0,0.016636300
pgvector,1,insert_emb,-,449,0,0.004474300
pgvector,1,generar_emb,-,450,0,0.016113000
pgvector,1,insert_emb,-,450,0,0.004533900
pgvector,1,generar_emb,-,451,0,0.011708000
pgvector,1,insert_emb,-,451,0,0.004556600
pgvector,1,generar_emb,-,452,0,0.012451100
pgvector,1,insert_emb,-,452,0,0.004082800
pgvector,1,generar_emb,-,453,0,0.015692600
pgvector,1,insert_emb,-,453,0,0.004477800
pgvector,1,generar_emb,-,454,0,0.015051600
pgvector,1,insert_emb,-,454,0,0.004327400
pgvector,1,generar_emb,-,455,0,0.016408100
pgvector,1,insert_emb,-,455,0,0.005033000
pgvector,1,generar_emb,-,456,0,0.015580100
pgvector,1,insert_emb,-,456,0,0.004104500
pgvector,1,generar_emb,-,457,0,0.015350700
pgvector,1,insert_emb,-,457,0,0.004528200
pgvector,1,generar_emb,-,458,0,0.015699600
pgvector,1,insert_emb,-,458,0,0.004634000
pgvector,1,generar_emb,-,459,0,0.018649600
pgvector,1,insert_emb,-,459,0,0.004547400
pgvector,1,generar_emb,-,460,0,0.013241200
pgvector,1,insert_emb,-,460,0,0.004651900
pgvector,1,generar_emb,-,461,0,0.016038900
pgvector,1,insert_emb,-,461,0,0.004653700
pgvector,1,generar_emb,-,462,0,0.012453700
pgvector,1,insert_emb,-,462,0,0.004573500
pgvector,1,generar_emb,-,463,0,0.012807200
pgvector,1,insert_emb,-,463,0,0.004643400
pgvector,1,generar_emb,-,464,0,0.013784200
pgvector,1,insert_emb,-,464,0,0.004405500
pgvector,1,generar_emb,-,465,0,0.012179400
pgvector,1,insert_emb,-,465,0,0.004576900
pgvector,1,generar_emb,-,466,0,0.012495800
pgvector,1,insert_emb,-,466,0,0.004441200
pgvector,1,generar_emb,-,467,0,0.010957300
pgvector,1,insert_emb,-,467,0,0.004105800
pgvector,1,generar_emb,-,468,0,0.012511400
pgvector,1,insert_emb,-,468,0,0.004199600
pgvector,1,generar_emb,-,469,0,0.010994300
pgvector,1,insert_emb,-,469,0,0.004065700
pgvector,1,generar_emb,-,470,0,0.012798700
pgvector,1,insert_emb,-,470,0,0.004149300
pgvector,1,generar_emb,-,471,0,0.011768000
pgvector,1,insert_emb,-,471,0,0.004854600
pgvector,1,generar_emb,-,472,0,0.012794500
pgvector,1,insert_emb,-,472,0,0.004554400
pgvector,1,generar_emb,-,473,0,0.012125200
pgvector,1,insert_emb,-,473,0,0.004430600
pgvector,1,generar_emb,-,474,0,0.014117800
pgvector,1,insert_emb,-,474,0,0.004798400
pgvector,1,generar_emb,-,475,0,0.012576500
pgvector,1,insert_emb,-,475,0,0.004371600
pgvector,1,generar_emb,-,476,0,0.011418600
pgvector,1,insert_emb,-,476,0,0.004363600
pgvector,1,generar_emb,-,477,0,0.011312000
pgvector,1,insert_emb,-,477,0,0.004227400
pgvector,1,generar_emb,-,478,0,0.014421100
pgvector,1,insert_emb,-,478,0,0.004405900
pgvector,1,generar_emb,-,479,0,0.012768500
pgvector,1,insert_emb,-,479,0,0.004331800
pgvector,1,generar_emb,-,480,0,0.010896600
pgvector,1,insert_emb,-,480,0,0.004620300
pgvector,1,generar_emb,-,481,0,0.011773300
pgvector,1,insert_emb,-,481,0,0.004363700
pgvector,1,generar_emb,-,482,0,0.011517300
pgvector,1,insert_emb,-,482,0,0.004238200
pgvector,1,generar_emb,-,483,0,0.011695400
pgvector,1,insert_emb,-,483,0,0.004176200
pgvector,1,generar_emb,-,484,0,0.011551600
pgvector,1,insert_emb,-,484,0,0.004265700
pgvector,1,generar_emb,-,485,0,0.011583400
pgvector,1,insert_emb,-,485,0,0.004279400
pgvector,1,generar_emb,-,486,0,0.011768300
pgvector,1,insert_emb,-,486,0,0.004270400
pgvector,1,generar_emb,-,487,0,0.011450800
pgvector,1,insert_emb,-,487,0,0.004337200
pgvector,1,generar_emb,-,488,0,0.013193400
pgvector,1,insert_emb,-,488,0,0.004308700
pgvector,1,generar_emb,-,489,0,0.013813300
pgvector,1,insert_emb,-,489,0,0.004234100
pgvector,1,generar_emb,-,490,0,0.013166600
pgvector,1,insert_emb,-,490,0,0.004291500
pgvector,1,generar_emb,-,491,0,0.013100700
pgvector,1,insert_emb,-,491,0,0.004301200
pgvector,1,generar_emb,-,492,0,0.013326400
pgvector,1,insert_emb,-,492,0,0.004352000
pgvector,1,generar_emb,-,493,0,0.011303400
pgvector,1,insert_emb,-,493,0,0.004155600
pgvector,1,generar_emb,-,494,0,0.013383000
pgvector,1,insert_emb,-,494,0,0.004213500
pgvector,1,generar_emb,-,495,0,0.011027900
pgvector,1,insert_emb,-,495,0,0.004396900
pgvector,1,generar_emb,-,496,0,0.012060300
pgvector,1,insert_emb,-,496,0,0.004327500
pgvector,1,generar_emb,-,497,0,0.010814600
pgvector,1,insert_emb,-,497,0,0.004198800
pgvector,1,generar_emb,-,498,0,0.011253500
pgvector,1,insert_emb,-,498,0,0.004176900
pgvector,1,generar_emb,-,499,0,0.011221600
pgvector,1,insert_emb,-,499,0,0.004361200
pgvector,1,generar_emb,-,500,0,0.012465800
pgvector,1,insert_emb,-,500,0,0.004698800
pgvector,1,generar_emb,-,501,0,0.012527800
pgvector,1,insert_emb,-,501,0,0.004462600
pgvector,1,generar_emb,-,502,0,0.010928700
pgvector,1,insert_emb,-,502,0,0.004857100
pgvector,1,generar_emb,-,503,0,0.011919700
pgvector,1,insert_emb,-,503,0,0.004560900
pgvector,1,generar_emb,-,504,0,0.014013800
pgvector,1,insert_emb,-,504,0,0.004381800
pgvector,1,generar_emb,-,505,0,0.011175800
pgvector,1,insert_emb,-,505,0,0.004395900
pgvector,1,generar_emb,-,506,0,0.012660200
pgvector,1,insert_emb,-,506,0,0.004148900
pgvector,1,generar_emb,-,507,0,0.011265200
pgvector,1,insert_emb,-,507,0,0.004487900
pgvector,1,generar_emb,-,508,0,0.013087000
pgvector,1,insert_emb,-,508,0,0.004626500
pgvector,1,generar_emb,-,509,0,0.015024600
pgvector,1,insert_emb,-,509,0,0.004724200
pgvector,1,generar_emb,-,510,0,0.012749100
pgvector,1,insert_emb,-,510,0,0.004363000
pgvector,1,generar_emb,-,511,0,0.011854800
pgvector,1,insert_emb,-,511,0,0.004067000
pgvector,1,generar_emb,-,512,0,0.012711500
pgvector,1,insert_emb,-,512,0,0.004124000
pgvector,1,generar_emb,-,513,0,0.013205700
pgvector,1,insert_emb,-,513,0,0.004343400
pgvector,1,generar_emb,-,514,0,0.014148000
pgvector,1,insert_emb,-,514,0,0.004233300
pgvector,1,generar_emb,-,515,0,0.012394000
pgvector,1,insert_emb,-,515,0,0.004375800
pgvector,1,generar_emb,-,516,0,0.010875400
pgvector,1,insert_emb,-,516,0,0.004157000
pgvector,1,generar_emb,-,517,0,0.011609900
pgvector,1,insert_emb,-,517,0,0.004470400
pgvector,1,generar_emb,-,518,0,0.012241500
pgvector,1,insert_emb,-,518,0,0.004361100
pgvector,1,generar_emb,-,519,0,0.014806000
pgvector,1,insert_emb,-,519,0,0.004251900
pgvector,1,generar_emb,-,520,0,0.014582700
pgvector,1,insert_emb,-,520,0,0.004355100
pgvector,1,generar_emb,-,521,0,0.012303900
pgvector,1,insert_emb,-,521,0,0.004287200
pgvector,1,generar_emb,-,522,0,0.011817700
pgvector,1,insert_emb,-,522,0,0.003997900
pgvector,1,generar_emb,-,523,0,0.014190400
pgvector,1,insert_emb,-,523,0,0.004328300
pgvector,1,generar_emb,-,524,0,0.015597300
pgvector,1,insert_emb,-,524,0,0.004197500
pgvector,1,generar_emb,-,525,0,0.013426200
pgvector,1,insert_emb,-,525,0,0.004153400
pgvector,1,generar_emb,-,526,0,0.016619400
pgvector,1,insert_emb,-,526,0,0.004174800
pgvector,1,generar_emb,-,527,0,0.013741700
pgvector,1,insert_emb,-,527,0,0.004790700
pgvector,1,generar_emb,-,528,0,0.012119700
pgvector,1,insert_emb,-,528,0,0.004729300
pgvector,1,generar_emb,-,529,0,0.012000100
pgvector,1,insert_emb,-,529,0,0.004485400
pgvector,1,generar_emb,-,530,0,0.012393600
pgvector,1,insert_emb,-,530,0,0.005035700
pgvector,1,generar_emb,-,531,0,0.013712000
pgvector,1,insert_emb,-,531,0,0.004781500
pgvector,1,generar_emb,-,532,0,0.011703000
pgvector,1,insert_emb,-,532,0,0.004657700
pgvector,1,generar_emb,-,533,0,0.012325700
pgvector,1,insert_emb,-,533,0,0.004791300
pgvector,1,generar_emb,-,534,0,0.011474400
pgvector,1,insert_emb,-,534,0,0.004976200
pgvector,1,generar_emb,-,535,0,0.012728900
pgvector,1,insert_emb,-,535,0,0.004904800
pgvector,1,generar_emb,-,536,0,0.011441700
pgvector,1,insert_emb,-,536,0,0.004799300
pgvector,1,generar_emb,-,537,0,0.011253100
pgvector,1,insert_emb,-,537,0,0.004970500
pgvector,1,generar_emb,-,538,0,0.011585800
pgvector,1,insert_emb,-,538,0,0.004537900
pgvector,1,generar_emb,-,539,0,0.012193300
pgvector,1,insert_emb,-,539,0,0.004207000
pgvector,1,generar_emb,-,540,0,0.010554500
pgvector,1,insert_emb,-,540,0,0.004125300
pgvector,1,generar_emb,-,541,0,0.013450100
pgvector,1,insert_emb,-,541,0,0.004262600
pgvector,1,generar_emb,-,542,0,0.010992000
pgvector,1,insert_emb,-,542,0,0.004417900
pgvector,1,generar_emb,-,543,0,0.012818000
pgvector,1,insert_emb,-,543,0,0.004370400
pgvector,1,generar_emb,-,544,0,0.016123500
pgvector,1,insert_emb,-,544,0,0.004724100
pgvector,1,generar_emb,-,545,0,0.014786500
pgvector,1,insert_emb,-,545,0,0.004395300
pgvector,1,generar_emb,-,546,0,0.013230800
pgvector,1,insert_emb,-,546,0,0.004949100
pgvector,1,generar_emb,-,547,0,0.011626500
pgvector,1,insert_emb,-,547,0,0.004903100
pgvector,1,generar_emb,-,548,0,0.012487800
pgvector,1,insert_emb,-,548,0,0.004554700
pgvector,1,generar_emb,-,549,0,0.013750300
pgvector,1,insert_emb,-,549,0,0.004524200
pgvector,1,generar_emb,-,550,0,0.011193800
pgvector,1,insert_emb,-,550,0,0.004337300
pgvector,1,generar_emb,-,551,0,0.012067700
pgvector,1,insert_emb,-,551,0,0.004084800
pgvector,1,generar_emb,-,552,0,0.012740200
pgvector,1,insert_emb,-,552,0,0.004350200
pgvector,1,generar_emb,-,553,0,0.013132200
pgvector,1,insert_emb,-,553,0,0.004196700
pgvector,1,generar_emb,-,554,0,0.013805600
pgvector,1,insert_emb,-,554,0,0.004425600
pgvector,1,generar_emb,-,555,0,0.014997100
pgvector,1,insert_emb,-,555,0,0.004624700
pgvector,1,generar_emb,-,556,0,0.016046600
pgvector,1,insert_emb,-,556,0,0.004265900
pgvector,1,generar_emb,-,557,0,0.012834300
pgvector,1,insert_emb,-,557,0,0.004209400
pgvector,1,generar_emb,-,558,0,0.018583500
pgvector,1,insert_emb,-,558,0,0.004160700
pgvector,1,generar_emb,-,559,0,0.012581800
pgvector,1,insert_emb,-,559,0,0.004262000
pgvector,1,generar_emb,-,560,0,0.012472500
pgvector,1,insert_emb,-,560,0,0.004366800
pgvector,1,generar_emb,-,561,0,0.015920800
pgvector,1,insert_emb,-,561,0,0.004572300
pgvector,1,generar_emb,-,562,0,0.012446500
pgvector,1,insert_emb,-,562,0,0.004323800
pgvector,1,generar_emb,-,563,0,0.015963900
pgvector,1,insert_emb,-,563,0,0.004194900
pgvector,1,generar_emb,-,564,0,0.012464000
pgvector,1,insert_emb,-,564,0,0.004561600
pgvector,1,generar_emb,-,565,0,0.016565600
pgvector,1,insert_emb,-,565,0,0.004081800
pgvector,1,generar_emb,-,566,0,0.014316500
pgvector,1,insert_emb,-,566,0,0.004232900
pgvector,1,generar_emb,-,567,0,0.014030500
pgvector,1,insert_emb,-,567,0,0.004289700
pgvector,1,generar_emb,-,568,0,0.012970500
pgvector,1,insert_emb,-,568,0,0.004148900
pgvector,1,generar_emb,-,569,0,0.015741000
pgvector,1,insert_emb,-,569,0,0.005034600
pgvector,1,generar_emb,-,570,0,0.016786500
pgvector,1,insert_emb,-,570,0,0.004639000
pgvector,1,generar_emb,-,571,0,0.012541100
pgvector,1,insert_emb,-,571,0,0.004006900
pgvector,1,generar_emb,-,572,0,0.016319900
pgvector,1,insert_emb,-,572,0,0.004369600
pgvector,1,generar_emb,-,573,0,0.013639200
pgvector,1,insert_emb,-,573,0,0.004701500
pgvector,1,generar_emb,-,574,0,0.012994100
pgvector,1,insert_emb,-,574,0,0.004429600
pgvector,1,generar_emb,-,575,0,0.012592400
pgvector,1,insert_emb,-,575,0,0.004671500
pgvector,1,generar_emb,-,576,0,0.012131400
pgvector,1,insert_emb,-,576,0,0.004376600
pgvector,1,generar_emb,-,577,0,0.012266800
pgvector,1,insert_emb,-,577,0,0.004496200
pgvector,1,generar_emb,-,578,0,0.015984500
pgvector,1,insert_emb,-,578,0,0.004456600
pgvector,1,generar_emb,-,579,0,0.011725500
pgvector,1,insert_emb,-,579,0,0.004147900
pgvector,1,generar_emb,-,580,0,0.016466100
pgvector,1,insert_emb,-,580,0,0.004414500
pgvector,1,generar_emb,-,581,0,0.015521500
pgvector,1,insert_emb,-,581,0,0.004269800
pgvector,1,generar_emb,-,582,0,0.012722400
pgvector,1,insert_emb,-,582,0,0.004181100
pgvector,1,generar_emb,-,583,0,0.013064000
pgvector,1,insert_emb,-,583,0,0.004191500
pgvector,1,generar_emb,-,584,0,0.012061800
pgvector,1,insert_emb,-,584,0,0.004145900
pgvector,1,generar_emb,-,585,0,0.013834800
pgvector,1,insert_emb,-,585,0,0.004369800
pgvector,1,generar_emb,-,586,0,0.011925100
pgvector,1,insert_emb,-,586,0,0.004225300
pgvector,1,generar_emb,-,587,0,0.016529600
pgvector,1,insert_emb,-,587,0,0.004207400
pgvector,1,generar_emb,-,588,0,0.014160900
pgvector,1,insert_emb,-,588,0,0.004189200
pgvector,1,generar_emb,-,589,0,0.019852000
pgvector,1,insert_emb,-,589,0,0.004610700
pgvector,1,generar_emb,-,590,0,0.013640500
pgvector,1,insert_emb,-,590,0,0.004184800
pgvector,1,generar_emb,-,591,0,0.014761200
pgvector,1,insert_emb,-,591,0,0.004061400
pgvector,1,generar_emb,-,592,0,0.013285400
pgvector,1,insert_emb,-,592,0,0.004301100
pgvector,1,generar_emb,-,593,0,0.017058700
pgvector,1,insert_emb,-,593,0,0.004751000
pgvector,1,generar_emb,-,594,0,0.012277000
pgvector,1,insert_emb,-,594,0,0.004247000
pgvector,1,generar_emb,-,595,0,0.013570500
pgvector,1,insert_emb,-,595,0,0.004353400
pgvector,1,generar_emb,-,596,0,0.015180800
pgvector,1,insert_emb,-,596,0,0.004334900
pgvector,1,generar_emb,-,597,0,0.014618600
pgvector,1,insert_emb,-,597,0,0.004719700
pgvector,1,generar_emb,-,598,0,0.015877900
pgvector,1,insert_emb,-,598,0,0.004410300
pgvector,1,generar_emb,-,599,0,0.018394100
pgvector,1,insert_emb,-,599,0,0.004777100
pgvector,1,generar_emb,-,600,0,0.014350100
pgvector,1,insert_emb,-,600,0,0.004461200
pgvector,1,generar_emb,-,601,0,0.012548900
pgvector,1,insert_emb,-,601,0,0.004298100
pgvector,1,generar_emb,-,602,0,0.012428700
pgvector,1,insert_emb,-,602,0,0.004089500
pgvector,1,generar_emb,-,603,0,0.013653000
pgvector,1,insert_emb,-,603,0,0.004197500
pgvector,1,generar_emb,-,604,0,0.013246400
pgvector,1,insert_emb,-,604,0,0.004342900
pgvector,1,generar_emb,-,605,0,0.015385300
pgvector,1,insert_emb,-,605,0,0.004632200
pgvector,1,generar_emb,-,606,0,0.015083500
pgvector,1,insert_emb,-,606,0,0.004311800
pgvector,1,generar_emb,-,607,0,0.012856400
pgvector,1,insert_emb,-,607,0,0.004183400
pgvector,1,generar_emb,-,608,0,0.016988700
pgvector,1,insert_emb,-,608,0,0.004181900
pgvector,1,generar_emb,-,609,0,0.012852700
pgvector,1,insert_emb,-,609,0,0.004447300
pgvector,1,generar_emb,-,610,0,0.013736500
pgvector,1,insert_emb,-,610,0,0.004167300
pgvector,1,generar_emb,-,611,0,0.016223300
pgvector,1,insert_emb,-,611,0,0.004521400
pgvector,1,generar_emb,-,612,0,0.016217100
pgvector,1,insert_emb,-,612,0,0.004449700
pgvector,1,generar_emb,-,613,0,0.016145100
pgvector,1,insert_emb,-,613,0,0.004253700
pgvector,1,generar_emb,-,614,0,0.012820200
pgvector,1,insert_emb,-,614,0,0.004437600
pgvector,1,generar_emb,-,615,0,0.012537100
pgvector,1,insert_emb,-,615,0,0.004311500
pgvector,1,generar_emb,-,616,0,0.012652000
pgvector,1,insert_emb,-,616,0,0.004546700
pgvector,1,generar_emb,-,617,0,0.013393100
pgvector,1,insert_emb,-,617,0,0.004531700
pgvector,1,generar_emb,-,618,0,0.012996500
pgvector,1,insert_emb,-,618,0,0.004505600
pgvector,1,generar_emb,-,619,0,0.017113200
pgvector,1,insert_emb,-,619,0,0.004784700
pgvector,1,generar_emb,-,620,0,0.012703500
pgvector,1,insert_emb,-,620,0,0.004599300
pgvector,1,generar_emb,-,621,0,0.011595800
pgvector,1,insert_emb,-,621,0,0.004456200
pgvector,1,generar_emb,-,622,0,0.012820400
pgvector,1,insert_emb,-,622,0,0.004775700
pgvector,1,generar_emb,-,623,0,0.012025800
pgvector,1,insert_emb,-,623,0,0.004795500
pgvector,1,generar_emb,-,624,0,0.014408900
pgvector,1,insert_emb,-,624,0,0.004323400
pgvector,1,generar_emb,-,625,0,0.013530600
pgvector,1,insert_emb,-,625,0,0.004248900
pgvector,1,generar_emb,-,626,0,0.010810100
pgvector,1,insert_emb,-,626,0,0.004188700
pgvector,1,generar_emb,-,627,0,0.012610200
pgvector,1,insert_emb,-,627,0,0.004228300
pgvector,1,generar_emb,-,628,0,0.013622500
pgvector,1,insert_emb,-,628,0,0.004907900
pgvector,1,generar_emb,-,629,0,0.013545100
pgvector,1,insert_emb,-,629,0,0.004649900
pgvector,1,generar_emb,-,630,0,0.013656800
pgvector,1,insert_emb,-,630,0,0.004770000
pgvector,1,generar_emb,-,631,0,0.011693800
pgvector,1,insert_emb,-,631,0,0.004401900
pgvector,1,generar_emb,-,632,0,0.010470100
pgvector,1,insert_emb,-,632,0,0.004814800
pgvector,1,generar_emb,-,633,0,0.011805100
pgvector,1,insert_emb,-,633,0,0.004609500
pgvector,1,generar_emb,-,634,0,0.011676400
pgvector,1,insert_emb,-,634,0,0.004507200
pgvector,1,generar_emb,-,635,0,0.012122700
pgvector,1,insert_emb,-,635,0,0.004514000
pgvector,1,generar_emb,-,636,0,0.012569400
pgvector,1,insert_emb,-,636,0,0.004198800
pgvector,1,generar_emb,-,637,0,0.013696400
pgvector,1,insert_emb,-,637,0,0.004243800
pgvector,1,generar_emb,-,638,0,0.012432200
pgvector,1,insert_emb,-,638,0,0.004425400
pgvector,1,generar_emb,-,639,0,0.012405000
pgvector,1,insert_emb,-,639,0,0.004341100
pgvector,1,generar_emb,-,640,0,0.011533000
pgvector,1,insert_emb,-,640,0,0.004408000
pgvector,1,generar_emb,-,641,0,0.013405600
pgvector,1,insert_emb,-,641,0,0.004182400
pgvector,1,generar_emb,-,642,0,0.012678700
pgvector,1,insert_emb,-,642,0,0.004373400
pgvector,1,generar_emb,-,643,0,0.012778000
pgvector,1,insert_emb,-,643,0,0.004227200
pgvector,1,generar_emb,-,644,0,0.011399100
pgvector,1,insert_emb,-,644,0,0.004248700
pgvector,1,generar_emb,-,645,0,0.011394200
pgvector,1,insert_emb,-,645,0,0.004227200
pgvector,1,generar_emb,-,646,0,0.012596600
pgvector,1,insert_emb,-,646,0,0.003979500
pgvector,1,generar_emb,-,647,0,0.013571900
pgvector,1,insert_emb,-,647,0,0.004458100
pgvector,1,generar_emb,-,648,0,0.012666800
pgvector,1,insert_emb,-,648,0,0.004396600
pgvector,1,generar_emb,-,649,0,0.013179300
pgvector,1,insert_emb,-,649,0,0.004237900
pgvector,1,generar_emb,-,650,0,0.013842800
pgvector,1,insert_emb,-,650,0,0.004804400
pgvector,1,generar_emb,-,651,0,0.012280100
pgvector,1,insert_emb,-,651,0,0.004381500
pgvector,1,generar_emb,-,652,0,0.012332700
pgvector,1,insert_emb,-,652,0,0.004286800
pgvector,1,generar_emb,-,653,0,0.012308900
pgvector,1,insert_emb,-,653,0,0.004428300
pgvector,1,generar_emb,-,654,0,0.012873900
pgvector,1,insert_emb,-,654,0,0.004159300
pgvector,1,generar_emb,-,655,0,0.012430600
pgvector,1,insert_emb,-,655,0,0.004251700
pgvector,1,generar_emb,-,656,0,0.011600400
pgvector,1,insert_emb,-,656,0,0.004314800
pgvector,1,generar_emb,-,657,0,0.014110400
pgvector,1,insert_emb,-,657,0,0.004496200
pgvector,1,generar_emb,-,658,0,0.014999800
pgvector,1,insert_emb,-,658,0,0.004413900
pgvector,1,generar_emb,-,659,0,0.014172100
pgvector,1,insert_emb,-,659,0,0.004544900
pgvector,1,generar_emb,-,660,0,0.013943700
pgvector,1,insert_emb,-,660,0,0.004752800
pgvector,1,generar_emb,-,661,0,0.014660500
pgvector,1,insert_emb,-,661,0,0.004678200
pgvector,1,generar_emb,-,662,0,0.013745700
pgvector,1,insert_emb,-,662,0,0.004488400
pgvector,1,generar_emb,-,663,0,0.012675800
pgvector,1,insert_emb,-,663,0,0.004553700
pgvector,1,generar_emb,-,664,0,0.012670500
pgvector,1,insert_emb,-,664,0,0.004279800
pgvector,1,generar_emb,-,665,0,0.011812700
pgvector,1,insert_emb,-,665,0,0.004423200
pgvector,1,generar_emb,-,666,0,0.011280400
pgvector,1,insert_emb,-,666,0,0.004546800
pgvector,1,generar_emb,-,667,0,0.014526900
pgvector,1,insert_emb,-,667,0,0.004165500
pgvector,1,generar_emb,-,668,0,0.012391300
pgvector,1,insert_emb,-,668,0,0.004377000
pgvector,1,generar_emb,-,669,0,0.017886200
pgvector,1,insert_emb,-,669,0,0.004335400
pgvector,1,generar_emb,-,670,0,0.013280700
pgvector,1,insert_emb,-,670,0,0.004413000
pgvector,1,generar_emb,-,671,0,0.013615300
pgvector,1,insert_emb,-,671,0,0.004345200
pgvector,1,generar_emb,-,672,0,0.013605600
pgvector,1,insert_emb,-,672,0,0.004794500
pgvector,1,generar_emb,-,673,0,0.013238200
pgvector,1,insert_emb,-,673,0,0.004246900
pgvector,1,generar_emb,-,674,0,0.013923200
pgvector,1,insert_emb,-,674,0,0.004227600
pgvector,1,generar_emb,-,675,0,0.012430800
pgvector,1,insert_emb,-,675,0,0.004738600
pgvector,1,generar_emb,-,676,0,0.011774200
pgvector,1,insert_emb,-,676,0,0.004250500
pgvector,1,generar_emb,-,677,0,0.012734500
pgvector,1,insert_emb,-,677,0,0.004199200
pgvector,1,generar_emb,-,678,0,0.013458800
pgvector,1,insert_emb,-,678,0,0.004237900
pgvector,1,generar_emb,-,679,0,0.012822600
pgvector,1,insert_emb,-,679,0,0.004444200
pgvector,1,generar_emb,-,680,0,0.012399500
pgvector,1,insert_emb,-,680,0,0.004350400
pgvector,1,generar_emb,-,681,0,0.012471600
pgvector,1,insert_emb,-,681,0,0.004117100
pgvector,1,generar_emb,-,682,0,0.012890900
pgvector,1,insert_emb,-,682,0,0.004230000
pgvector,1,generar_emb,-,683,0,0.012969000
pgvector,1,insert_emb,-,683,0,0.004070700
pgvector,1,generar_emb,-,684,0,0.012722400
pgvector,1,insert_emb,-,684,0,0.004302900
pgvector,1,generar_emb,-,685,0,0.013193400
pgvector,1,insert_emb,-,685,0,0.004447300
pgvector,1,generar_emb,-,686,0,0.011612100
pgvector,1,insert_emb,-,686,0,0.004527800
pgvector,1,generar_emb,-,687,0,0.012547400
pgvector,1,insert_emb,-,687,0,0.004272100
pgvector,1,generar_emb,-,688,0,0.013763600
pgvector,1,insert_emb,-,688,0,0.004470300
pgvector,1,generar_emb,-,689,0,0.011452700
pgvector,1,insert_emb,-,689,0,0.004244700
pgvector,1,generar_emb,-,690,0,0.014309000
pgvector,1,insert_emb,-,690,0,0.004133100
pgvector,1,generar_emb,-,691,0,0.014751700
pgvector,1,insert_emb,-,691,0,0.004383700
pgvector,1,generar_emb,-,692,0,0.011618500
pgvector,1,insert_emb,-,692,0,0.004450800
pgvector,1,generar_emb,-,693,0,0.012846700
pgvector,1,insert_emb,-,693,0,0.004202000
pgvector,1,generar_emb,-,694,0,0.011604500
pgvector,1,insert_emb,-,694,0,0.004178000
pgvector,1,generar_emb,-,695,0,0.013522700
pgvector,1,insert_emb,-,695,0,0.004417300
pgvector,1,generar_emb,-,696,0,0.012104800
pgvector,1,insert_emb,-,696,0,0.004168700
pgvector,1,generar_emb,-,697,0,0.011890600
pgvector,1,insert_emb,-,697,0,0.004178800
pgvector,1,generar_emb,-,698,0,0.011992900
pgvector,1,insert_emb,-,698,0,0.004766900
pgvector,1,generar_emb,-,699,0,0.013850600
pgvector,1,insert_emb,-,699,0,0.004140400
pgvector,1,generar_emb,-,700,0,0.013453900
pgvector,1,insert_emb,-,700,0,0.004331900
pgvector,1,generar_emb,-,701,0,0.010544800
pgvector,1,insert_emb,-,701,0,0.004244800
pgvector,1,generar_emb,-,702,0,0.011254200
pgvector,1,insert_emb,-,702,0,0.004142400
pgvector,1,generar_emb,-,703,0,0.012348800
pgvector,1,insert_emb,-,703,0,0.004074900
pgvector,1,generar_emb,-,704,0,0.012127500
pgvector,1,insert_emb,-,704,0,0.004338800
pgvector,1,generar_emb,-,705,0,0.012102700
pgvector,1,insert_emb,-,705,0,0.004465200
pgvector,1,generar_emb,-,706,0,0.011426300
pgvector,1,insert_emb,-,706,0,0.004285200
pgvector,1,generar_emb,-,707,0,0.013723700
pgvector,1,insert_emb,-,707,0,0.004244800
pgvector,1,generar_emb,-,708,0,0.012042800
pgvector,1,insert_emb,-,708,0,0.004530900
pgvector,1,generar_emb,-,709,0,0.013565700
pgvector,1,insert_emb,-,709,0,0.004141200
pgvector,1,generar_emb,-,710,0,0.012821400
pgvector,1,insert_emb,-,710,0,0.004404400
pgvector,1,generar_emb,-,711,0,0.011279100
pgvector,1,insert_emb,-,711,0,0.004748100
pgvector,1,generar_emb,-,712,0,0.012261600
pgvector,1,insert_emb,-,712,0,0.004755700
pgvector,1,generar_emb,-,713,0,0.014886000
pgvector,1,insert_emb,-,713,0,0.004624200
pgvector,1,generar_emb,-,714,0,0.011682800
pgvector,1,insert_emb,-,714,0,0.004467200
pgvector,1,generar_emb,-,715,0,0.010956000
pgvector,1,insert_emb,-,715,0,0.004533800
pgvector,1,generar_emb,-,716,0,0.012866600
pgvector,1,insert_emb,-,716,0,0.004403000
pgvector,1,generar_emb,-,717,0,0.010660600
pgvector,1,insert_emb,-,717,0,0.004135100
pgvector,1,generar_emb,-,718,0,0.012442900
pgvector,1,insert_emb,-,718,0,0.004777100
pgvector,1,generar_emb,-,719,0,0.012789600
pgvector,1,insert_emb,-,719,0,0.004186400
pgvector,1,generar_emb,-,720,0,0.012983500
pgvector,1,insert_emb,-,720,0,0.004567100
pgvector,1,generar_emb,-,721,0,0.011655900
pgvector,1,insert_emb,-,721,0,0.004507900
pgvector,1,generar_emb,-,722,0,0.011468000
pgvector,1,insert_emb,-,722,0,0.004058000
pgvector,1,generar_emb,-,723,0,0.012872400
pgvector,1,insert_emb,-,723,0,0.004102000
pgvector,1,generar_emb,-,724,0,0.012817900
pgvector,1,insert_emb,-,724,0,0.004032700
pgvector,1,generar_emb,-,725,0,0.012257300
pgvector,1,insert_emb,-,725,0,0.004693800
pgvector,1,generar_emb,-,726,0,0.011653200
pgvector,1,insert_emb,-,726,0,0.004174400
pgvector,1,generar_emb,-,727,0,0.012732900
pgvector,1,insert_emb,-,727,0,0.004595400
pgvector,1,generar_emb,-,728,0,0.013178400
pgvector,1,insert_emb,-,728,0,0.004446200
pgvector,1,generar_emb,-,729,0,0.013191600
pgvector,1,insert_emb,-,729,0,0.004447000
pgvector,1,generar_emb,-,730,0,0.012293400
pgvector,1,insert_emb,-,730,0,0.004346500
pgvector,1,generar_emb,-,731,0,0.013536700
pgvector,1,insert_emb,-,731,0,0.004623100
pgvector,1,generar_emb,-,732,0,0.011884700
pgvector,1,insert_emb,-,732,0,0.004128200
pgvector,1,generar_emb,-,733,0,0.012585900
pgvector,1,insert_emb,-,733,0,0.004195500
pgvector,1,generar_emb,-,734,0,0.012148500
pgvector,1,insert_emb,-,734,0,0.004262400
pgvector,1,generar_emb,-,735,0,0.012792700
pgvector,1,insert_emb,-,735,0,0.004435100
pgvector,1,generar_emb,-,736,0,0.012649100
pgvector,1,insert_emb,-,736,0,0.004636500
pgvector,1,generar_emb,-,737,0,0.014442500
pgvector,1,insert_emb,-,737,0,0.004283000
pgvector,1,generar_emb,-,738,0,0.014165900
pgvector,1,insert_emb,-,738,0,0.004222700
pgvector,1,generar_emb,-,739,0,0.012047300
pgvector,1,insert_emb,-,739,0,0.004253800
pgvector,1,generar_emb,-,740,0,0.014481600
pgvector,1,insert_emb,-,740,0,0.004300700
pgvector,1,generar_emb,-,741,0,0.011408200
pgvector,1,insert_emb,-,741,0,0.004324500
pgvector,1,generar_emb,-,742,0,0.011154100
pgvector,1,insert_emb,-,742,0,0.004380700
pgvector,1,generar_emb,-,743,0,0.011055700
pgvector,1,insert_emb,-,743,0,0.004382000
pgvector,1,generar_emb,-,744,0,0.011975500
pgvector,1,insert_emb,-,744,0,0.004193200
pgvector,1,generar_emb,-,745,0,0.011727200
pgvector,1,insert_emb,-,745,0,0.004541600
pgvector,1,generar_emb,-,746,0,0.011982900
pgvector,1,insert_emb,-,746,0,0.004350300
pgvector,1,generar_emb,-,747,0,0.013122900
pgvector,1,insert_emb,-,747,0,0.004466700
pgvector,1,generar_emb,-,748,0,0.012564500
pgvector,1,insert_emb,-,748,0,0.004187500
pgvector,1,generar_emb,-,749,0,0.011741500
pgvector,1,insert_emb,-,749,0,0.004088800
pgvector,1,generar_emb,-,750,0,0.011946900
pgvector,1,insert_emb,-,750,0,0.004379300
pgvector,1,generar_emb,-,751,0,0.012526700
pgvector,1,insert_emb,-,751,0,0.004003300
pgvector,1,generar_emb,-,752,0,0.012397500
pgvector,1,insert_emb,-,752,0,0.004109500
pgvector,1,generar_emb,-,753,0,0.012282300
pgvector,1,insert_emb,-,753,0,0.004241100
pgvector,1,generar_emb,-,754,0,0.013360800
pgvector,1,insert_emb,-,754,0,0.004181300
pgvector,1,generar_emb,-,755,0,0.010735500
pgvector,1,insert_emb,-,755,0,0.004161800
pgvector,1,generar_emb,-,756,0,0.011069900
pgvector,1,insert_emb,-,756,0,0.004137900
pgvector,1,generar_emb,-,757,0,0.011747600
pgvector,1,insert_emb,-,757,0,0.004219000
pgvector,1,generar_emb,-,758,0,0.012547100
pgvector,1,insert_emb,-,758,0,0.004572000
pgvector,1,generar_emb,-,759,0,0.016829500
pgvector,1,insert_emb,-,759,0,0.004357400
pgvector,1,generar_emb,-,760,0,0.010691400
pgvector,1,insert_emb,-,760,0,0.004300300
pgvector,1,generar_emb,-,761,0,0.012861900
pgvector,1,insert_emb,-,761,0,0.004185100
pgvector,1,generar_emb,-,762,0,0.011850700
pgvector,1,insert_emb,-,762,0,0.004170800
pgvector,1,generar_emb,-,763,0,0.012259900
pgvector,1,insert_emb,-,763,0,0.004160700
pgvector,1,generar_emb,-,764,0,0.012759000
pgvector,1,insert_emb,-,764,0,0.004510600
pgvector,1,generar_emb,-,765,0,0.011066200
pgvector,1,insert_emb,-,765,0,0.004329600
pgvector,1,generar_emb,-,766,0,0.011580300
pgvector,1,insert_emb,-,766,0,0.004079200
pgvector,1,generar_emb,-,767,0,0.011493900
pgvector,1,insert_emb,-,767,0,0.004091800
pgvector,1,generar_emb,-,768,0,0.011607100
pgvector,1,insert_emb,-,768,0,0.004353800
pgvector,1,generar_emb,-,769,0,0.013665600
pgvector,1,insert_emb,-,769,0,0.004231500
pgvector,1,generar_emb,-,770,0,0.012575400
pgvector,1,insert_emb,-,770,0,0.004567700
pgvector,1,generar_emb,-,771,0,0.019250700
pgvector,1,insert_emb,-,771,0,0.004595500
pgvector,1,generar_emb,-,772,0,0.014589000
pgvector,1,insert_emb,-,772,0,0.004533600
pgvector,1,generar_emb,-,773,0,0.012145300
pgvector,1,insert_emb,-,773,0,0.004621600
pgvector,1,generar_emb,-,774,0,0.012478600
pgvector,1,insert_emb,-,774,0,0.004478200
pgvector,1,generar_emb,-,775,0,0.013358400
pgvector,1,insert_emb,-,775,0,0.004627400
pgvector,1,generar_emb,-,776,0,0.011768600
pgvector,1,insert_emb,-,776,0,0.004809100
pgvector,1,generar_emb,-,777,0,0.012916800
pgvector,1,insert_emb,-,777,0,0.004101300
pgvector,1,generar_emb,-,778,0,0.013129600
pgvector,1,insert_emb,-,778,0,0.004292800
pgvector,1,generar_emb,-,779,0,0.012821600
pgvector,1,insert_emb,-,779,0,0.004159800
pgvector,1,generar_emb,-,780,0,0.012316100
pgvector,1,insert_emb,-,780,0,0.004258900
pgvector,1,generar_emb,-,781,0,0.012477300
pgvector,1,insert_emb,-,781,0,0.004214000
pgvector,1,generar_emb,-,782,0,0.014606700
pgvector,1,insert_emb,-,782,0,0.004425100
pgvector,1,generar_emb,-,783,0,0.011909100
pgvector,1,insert_emb,-,783,0,0.004084900
pgvector,1,generar_emb,-,784,0,0.013236500
pgvector,1,insert_emb,-,784,0,0.004183100
pgvector,1,generar_emb,-,785,0,0.012429400
pgvector,1,insert_emb,-,785,0,0.004134100
pgvector,1,generar_emb,-,786,0,0.012061100
pgvector,1,insert_emb,-,786,0,0.004052200
pgvector,1,generar_emb,-,787,0,0.013478800
pgvector,1,insert_emb,-,787,0,0.004494700
pgvector,1,generar_emb,-,788,0,0.015202600
pgvector,1,insert_emb,-,788,0,0.004340900
pgvector,1,generar_emb,-,789,0,0.015413400
pgvector,1,insert_emb,-,789,0,0.004440600
pgvector,1,generar_emb,-,790,0,0.015757800
pgvector,1,insert_emb,-,790,0,0.004676400
pgvector,1,generar_emb,-,791,0,0.016424300
pgvector,1,insert_emb,-,791,0,0.004375000
pgvector,1,generar_emb,-,792,0,0.013894400
pgvector,1,insert_emb,-,792,0,0.004481200
pgvector,1,generar_emb,-,793,0,0.014487200
pgvector,1,insert_emb,-,793,0,0.004486000
pgvector,1,generar_emb,-,794,0,0.012921700
pgvector,1,insert_emb,-,794,0,0.004428800
pgvector,1,generar_emb,-,795,0,0.012712200
pgvector,1,insert_emb,-,795,0,0.004771400
pgvector,1,generar_emb,-,796,0,0.016440500
pgvector,1,insert_emb,-,796,0,0.004459100
pgvector,1,generar_emb,-,797,0,0.015226900
pgvector,1,insert_emb,-,797,0,0.004431600
pgvector,1,generar_emb,-,798,0,0.015203800
pgvector,1,insert_emb,-,798,0,0.004444900
pgvector,1,generar_emb,-,799,0,0.013917600
pgvector,1,insert_emb,-,799,0,0.004417400
pgvector,1,generar_emb,-,800,0,0.014247500
pgvector,1,insert_emb,-,800,0,0.004665500
pgvector,1,generar_emb,-,801,0,0.012072700
pgvector,1,insert_emb,-,801,0,0.004728600
pgvector,1,generar_emb,-,802,0,0.014366200
pgvector,1,insert_emb,-,802,0,0.004365300
pgvector,1,generar_emb,-,803,0,0.014995000
pgvector,1,insert_emb,-,803,0,0.005370200
pgvector,1,generar_emb,-,804,0,0.012215000
pgvector,1,insert_emb,-,804,0,0.004695400
pgvector,1,generar_emb,-,805,0,0.014643300
pgvector,1,insert_emb,-,805,0,0.004992500
pgvector,1,generar_emb,-,806,0,0.011796800
pgvector,1,insert_emb,-,806,0,0.004786300
pgvector,1,generar_emb,-,807,0,0.014960700
pgvector,1,insert_emb,-,807,0,0.004630200
pgvector,1,generar_emb,-,808,0,0.013350000
pgvector,1,insert_emb,-,808,0,0.004345000
pgvector,1,generar_emb,-,809,0,0.011536200
pgvector,1,insert_emb,-,809,0,0.004456600
pgvector,1,generar_emb,-,810,0,0.014136400
pgvector,1,insert_emb,-,810,0,0.004648600
pgvector,1,generar_emb,-,811,0,0.013812300
pgvector,1,insert_emb,-,811,0,0.004487100
pgvector,1,generar_emb,-,812,0,0.014566600
pgvector,1,insert_emb,-,812,0,0.004452000
pgvector,1,generar_emb,-,813,0,0.013047400
pgvector,1,insert_emb,-,813,0,0.004524700
pgvector,1,generar_emb,-,814,0,0.013613400
pgvector,1,insert_emb,-,814,0,0.004687800
pgvector,1,generar_emb,-,815,0,0.015988500
pgvector,1,insert_emb,-,815,0,0.004429100
pgvector,1,generar_emb,-,816,0,0.019567600
pgvector,1,insert_emb,-,816,0,0.004682200
pgvector,1,generar_emb,-,817,0,0.012938500
pgvector,1,insert_emb,-,817,0,0.004156600
pgvector,1,generar_emb,-,818,0,0.014900300
pgvector,1,insert_emb,-,818,0,0.004106300
pgvector,1,generar_emb,-,819,0,0.011613300
pgvector,1,insert_emb,-,819,0,0.004415900
pgvector,1,generar_emb,-,820,0,0.015291200
pgvector,1,insert_emb,-,820,0,0.004354200
pgvector,1,generar_emb,-,821,0,0.011612400
pgvector,1,insert_emb,-,821,0,0.004078000
pgvector,1,generar_emb,-,822,0,0.013359600
pgvector,1,insert_emb,-,822,0,0.004310500
pgvector,1,generar_emb,-,823,0,0.012931100
pgvector,1,insert_emb,-,823,0,0.004248900
pgvector,1,generar_emb,-,824,0,0.014733100
pgvector,1,insert_emb,-,824,0,0.004501400
pgvector,1,generar_emb,-,825,0,0.013109800
pgvector,1,insert_emb,-,825,0,0.004213600
pgvector,1,generar_emb,-,826,0,0.012727100
pgvector,1,insert_emb,-,826,0,0.004257200
pgvector,1,generar_emb,-,827,0,0.014481100
pgvector,1,insert_emb,-,827,0,0.004404700
pgvector,1,generar_emb,-,828,0,0.012076600
pgvector,1,insert_emb,-,828,0,0.004165700
pgvector,1,generar_emb,-,829,0,0.013143900
pgvector,1,insert_emb,-,829,0,0.004269300
pgvector,1,generar_emb,-,830,0,0.011340400
pgvector,1,insert_emb,-,830,0,0.004223400
pgvector,1,generar_emb,-,831,0,0.011102700
pgvector,1,insert_emb,-,831,0,0.004457100
pgvector,1,generar_emb,-,832,0,0.010207300
pgvector,1,insert_emb,-,832,0,0.004647900
pgvector,1,generar_emb,-,833,0,0.012961100
pgvector,1,insert_emb,-,833,0,0.004158500
pgvector,1,generar_emb,-,834,0,0.013531700
pgvector,1,insert_emb,-,834,0,0.004285200
pgvector,1,generar_emb,-,835,0,0.012589900
pgvector,1,insert_emb,-,835,0,0.004713500
pgvector,1,generar_emb,-,836,0,0.012712100
pgvector,1,insert_emb,-,836,0,0.004237800
pgvector,1,generar_emb,-,837,0,0.012793000
pgvector,1,insert_emb,-,837,0,0.004103000
pgvector,1,generar_emb,-,838,0,0.012750200
pgvector,1,insert_emb,-,838,0,0.004443800
pgvector,1,generar_emb,-,839,0,0.012119700
pgvector,1,insert_emb,-,839,0,0.004430600
pgvector,1,generar_emb,-,840,0,0.012618200
pgvector,1,insert_emb,-,840,0,0.004461700
pgvector,1,generar_emb,-,841,0,0.013181400
pgvector,1,insert_emb,-,841,0,0.004568700
pgvector,1,generar_emb,-,842,0,0.012948700
pgvector,1,insert_emb,-,842,0,0.004457900
pgvector,1,generar_emb,-,843,0,0.012733000
pgvector,1,insert_emb,-,843,0,0.004226400
pgvector,1,generar_emb,-,844,0,0.014181900
pgvector,1,insert_emb,-,844,0,0.004360200
pgvector,1,generar_emb,-,845,0,0.014788800
pgvector,1,insert_emb,-,845,0,0.004755600
pgvector,1,generar_emb,-,846,0,0.014136800
pgvector,1,insert_emb,-,846,0,0.004467200
pgvector,1,generar_emb,-,847,0,0.015257600
pgvector,1,insert_emb,-,847,0,0.004749900
pgvector,1,generar_emb,-,848,0,0.012428200
pgvector,1,insert_emb,-,848,0,0.004420800
pgvector,1,generar_emb,-,849,0,0.012792100
pgvector,1,insert_emb,-,849,0,0.004749800
pgvector,1,generar_emb,-,850,0,0.016519900
pgvector,1,insert_emb,-,850,0,0.005132900
pgvector,1,generar_emb,-,851,0,0.012307700
pgvector,1,insert_emb,-,851,0,0.004387100
pgvector,1,generar_emb,-,852,0,0.014060200
pgvector,1,insert_emb,-,852,0,0.004600500
pgvector,1,generar_emb,-,853,0,0.012189400
pgvector,1,insert_emb,-,853,0,0.004430900
pgvector,1,generar_emb,-,854,0,0.014187800
pgvector,1,insert_emb,-,854,0,0.004836700
pgvector,1,generar_emb,-,855,0,0.014642000
pgvector,1,insert_emb,-,855,0,0.004663700
pgvector,1,generar_emb,-,856,0,0.011260100
pgvector,1,insert_emb,-,856,0,0.004241900
pgvector,1,generar_emb,-,857,0,0.011365500
pgvector,1,insert_emb,-,857,0,0.004623700
pgvector,1,generar_emb,-,858,0,0.012293500
pgvector,1,insert_emb,-,858,0,0.004053100
pgvector,1,generar_emb,-,859,0,0.010498700
pgvector,1,insert_emb,-,859,0,0.004419900
pgvector,1,generar_emb,-,860,0,0.013917300
pgvector,1,insert_emb,-,860,0,0.004170600
pgvector,1,generar_emb,-,861,0,0.011759700
pgvector,1,insert_emb,-,861,0,0.004146200
pgvector,1,generar_emb,-,862,0,0.012216300
pgvector,1,insert_emb,-,862,0,0.004043100
pgvector,1,generar_emb,-,863,0,0.010774200
pgvector,1,insert_emb,-,863,0,0.004086000
pgvector,1,generar_emb,-,864,0,0.014133100
pgvector,1,insert_emb,-,864,0,0.004188000
pgvector,1,generar_emb,-,865,0,0.011462900
pgvector,1,insert_emb,-,865,0,0.004471600
pgvector,1,generar_emb,-,866,0,0.011224700
pgvector,1,insert_emb,-,866,0,0.004503900
pgvector,1,generar_emb,-,867,0,0.014669400
pgvector,1,insert_emb,-,867,0,0.004417100
pgvector,1,generar_emb,-,868,0,0.011872900
pgvector,1,insert_emb,-,868,0,0.004322500
pgvector,1,generar_emb,-,869,0,0.013625500
pgvector,1,insert_emb,-,869,0,0.004380800
pgvector,1,generar_emb,-,870,0,0.011356600
pgvector,1,insert_emb,-,870,0,0.004607300
pgvector,1,generar_emb,-,871,0,0.011981900
pgvector,1,insert_emb,-,871,0,0.004624900
pgvector,1,generar_emb,-,872,0,0.013412100
pgvector,1,insert_emb,-,872,0,0.004958200
pgvector,1,generar_emb,-,873,0,0.013451900
pgvector,1,insert_emb,-,873,0,0.004549000
pgvector,1,generar_emb,-,874,0,0.013432400
pgvector,1,insert_emb,-,874,0,0.004562500
pgvector,1,generar_emb,-,875,0,0.014092600
pgvector,1,insert_emb,-,875,0,0.004902000
pgvector,1,generar_emb,-,876,0,0.011595700
pgvector,1,insert_emb,-,876,0,0.004658000
pgvector,1,generar_emb,-,877,0,0.014402000
pgvector,1,insert_emb,-,877,0,0.004710300
pgvector,1,generar_emb,-,878,0,0.012952500
pgvector,1,insert_emb,-,878,0,0.004479200
pgvector,1,generar_emb,-,879,0,0.012228200
pgvector,1,insert_emb,-,879,0,0.004243600
pgvector,1,generar_emb,-,880,0,0.013673400
pgvector,1,insert_emb,-,880,0,0.004350400
pgvector,1,generar_emb,-,881,0,0.013425800
pgvector,1,insert_emb,-,881,0,0.004389200
pgvector,1,generar_emb,-,882,0,0.014535900
pgvector,1,insert_emb,-,882,0,0.004273500
pgvector,1,generar_emb,-,883,0,0.013256000
pgvector,1,insert_emb,-,883,0,0.004309000
pgvector,1,generar_emb,-,884,0,0.011564700
pgvector,1,insert_emb,-,884,0,0.004455600
pgvector,1,generar_emb,-,885,0,0.013296600
pgvector,1,insert_emb,-,885,0,0.004552300
pgvector,1,generar_emb,-,886,0,0.011805100
pgvector,1,insert_emb,-,886,0,0.004580700
pgvector,1,generar_emb,-,887,0,0.012705100
pgvector,1,insert_emb,-,887,0,0.004556500
pgvector,1,generar_emb,-,888,0,0.011638100
pgvector,1,insert_emb,-,888,0,0.004354200
pgvector,1,generar_emb,-,889,0,0.011374300
pgvector,1,insert_emb,-,889,0,0.004150100
pgvector,1,generar_emb,-,890,0,0.011387800
pgvector,1,insert_emb,-,890,0,0.004201200
pgvector,1,generar_emb,-,891,0,0.012385700
pgvector,1,insert_emb,-,891,0,0.004379700
pgvector,1,generar_emb,-,892,0,0.012318900
pgvector,1,insert_emb,-,892,0,0.004110400
pgvector,1,generar_emb,-,893,0,0.011553100
pgvector,1,insert_emb,-,893,0,0.004129700
pgvector,1,generar_emb,-,894,0,0.012858800
pgvector,1,insert_emb,-,894,0,0.004374300
pgvector,1,generar_emb,-,895,0,0.012612100
pgvector,1,insert_emb,-,895,0,0.004337400
pgvector,1,generar_emb,-,896,0,0.012575700
pgvector,1,insert_emb,-,896,0,0.004300400
pgvector,1,generar_emb,-,897,0,0.016037900
pgvector,1,insert_emb,-,897,0,0.004541200
pgvector,1,generar_emb,-,898,0,0.011797700
pgvector,1,insert_emb,-,898,0,0.004494100
pgvector,1,generar_emb,-,899,0,0.012967800
pgvector,1,insert_emb,-,899,0,0.004223200
pgvector,1,generar_emb,-,900,0,0.012908000
pgvector,1,insert_emb,-,900,0,0.004311400
pgvector,1,generar_emb,-,901,0,0.011642700
pgvector,1,insert_emb,-,901,0,0.004057700
pgvector,1,generar_emb,-,902,0,0.012662600
pgvector,1,insert_emb,-,902,0,0.004078400
pgvector,1,generar_emb,-,903,0,0.011968000
pgvector,1,insert_emb,-,903,0,0.004275800
pgvector,1,generar_emb,-,904,0,0.011115700
pgvector,1,insert_emb,-,904,0,0.004277100
pgvector,1,generar_emb,-,905,0,0.011163400
pgvector,1,insert_emb,-,905,0,0.004576100
pgvector,1,generar_emb,-,906,0,0.016919800
pgvector,1,insert_emb,-,906,0,0.005486200
pgvector,1,generar_emb,-,907,0,0.017068100
pgvector,1,insert_emb,-,907,0,0.005208600
pgvector,1,generar_emb,-,908,0,0.016826500
pgvector,1,insert_emb,-,908,0,0.005211000
pgvector,1,generar_emb,-,909,0,0.015607900
pgvector,1,insert_emb,-,909,0,0.005763700
pgvector,1,generar_emb,-,910,0,0.020767700
pgvector,1,insert_emb,-,910,0,0.006020400
pgvector,1,generar_emb,-,911,0,0.025687800
pgvector,1,insert_emb,-,911,0,0.005518100
pgvector,1,generar_emb,-,912,0,0.025017500
pgvector,1,insert_emb,-,912,0,0.006931000
pgvector,1,generar_emb,-,913,0,0.017958600
pgvector,1,insert_emb,-,913,0,0.004579300
pgvector,1,generar_emb,-,914,0,0.011307700
pgvector,1,insert_emb,-,914,0,0.004555300
pgvector,1,generar_emb,-,915,0,0.012594500
pgvector,1,insert_emb,-,915,0,0.004297900
pgvector,1,generar_emb,-,916,0,0.011546200
pgvector,1,insert_emb,-,916,0,0.004301700
pgvector,1,generar_emb,-,917,0,0.012026200
pgvector,1,insert_emb,-,917,0,0.004159800
pgvector,1,generar_emb,-,918,0,0.013095400
pgvector,1,insert_emb,-,918,0,0.004076600
pgvector,1,generar_emb,-,919,0,0.011624100
pgvector,1,insert_emb,-,919,0,0.004057700
pgvector,1,generar_emb,-,920,0,0.011155800
pgvector,1,insert_emb,-,920,0,0.004275700
pgvector,1,generar_emb,-,921,0,0.011094100
pgvector,1,insert_emb,-,921,0,0.004260500
pgvector,1,generar_emb,-,922,0,0.010521700
pgvector,1,insert_emb,-,922,0,0.004263600
pgvector,1,generar_emb,-,923,0,0.011187400
pgvector,1,insert_emb,-,923,0,0.004089000
pgvector,1,generar_emb,-,924,0,0.010636500
pgvector,1,insert_emb,-,924,0,0.004248400
pgvector,1,generar_emb,-,925,0,0.012900100
pgvector,1,insert_emb,-,925,0,0.004671800
pgvector,1,generar_emb,-,926,0,0.015147900
pgvector,1,insert_emb,-,926,0,0.004671600
pgvector,1,generar_emb,-,927,0,0.012565300
pgvector,1,insert_emb,-,927,0,0.004020800
pgvector,1,generar_emb,-,928,0,0.012587500
pgvector,1,insert_emb,-,928,0,0.004610200
pgvector,1,generar_emb,-,929,0,0.011162300
pgvector,1,insert_emb,-,929,0,0.004562900
pgvector,1,generar_emb,-,930,0,0.016042100
pgvector,1,insert_emb,-,930,0,0.004549800
pgvector,1,generar_emb,-,931,0,0.012603900
pgvector,1,insert_emb,-,931,0,0.004346900
pgvector,1,generar_emb,-,932,0,0.011629700
pgvector,1,insert_emb,-,932,0,0.004487500
pgvector,1,generar_emb,-,933,0,0.010378200
pgvector,1,insert_emb,-,933,0,0.003863000
pgvector,1,generar_emb,-,934,0,0.010722400
pgvector,1,insert_emb,-,934,0,0.004260100
pgvector,1,generar_emb,-,935,0,0.011085000
pgvector,1,insert_emb,-,935,0,0.004103800
pgvector,1,generar_emb,-,936,0,0.010983600
pgvector,1,insert_emb,-,936,0,0.004059800
pgvector,1,generar_emb,-,937,0,0.011507700
pgvector,1,insert_emb,-,937,0,0.004245300
pgvector,1,generar_emb,-,938,0,0.011007100
pgvector,1,insert_emb,-,938,0,0.004110800
pgvector,1,generar_emb,-,939,0,0.014117400
pgvector,1,insert_emb,-,939,0,0.004561600
pgvector,1,generar_emb,-,940,0,0.013486000
pgvector,1,insert_emb,-,940,0,0.004638600
pgvector,1,generar_emb,-,941,0,0.012170300
pgvector,1,insert_emb,-,941,0,0.004471200
pgvector,1,generar_emb,-,942,0,0.010882800
pgvector,1,insert_emb,-,942,0,0.004300200
pgvector,1,generar_emb,-,943,0,0.010815400
pgvector,1,insert_emb,-,943,0,0.004541900
pgvector,1,generar_emb,-,944,0,0.011183500
pgvector,1,insert_emb,-,944,0,0.004242700
pgvector,1,generar_emb,-,945,0,0.012459000
pgvector,1,insert_emb,-,945,0,0.004717000
pgvector,1,generar_emb,-,946,0,0.011503800
pgvector,1,insert_emb,-,946,0,0.004212000
pgvector,1,generar_emb,-,947,0,0.013487800
pgvector,1,insert_emb,-,947,0,0.004495700
pgvector,1,generar_emb,-,948,0,0.013204900
pgvector,1,insert_emb,-,948,0,0.004135600
pgvector,1,generar_emb,-,949,0,0.011694100
pgvector,1,insert_emb,-,949,0,0.004260500
pgvector,1,generar_emb,-,950,0,0.011724600
pgvector,1,insert_emb,-,950,0,0.004416200
pgvector,1,generar_emb,-,951,0,0.012706300
pgvector,1,insert_emb,-,951,0,0.004508500
pgvector,1,generar_emb,-,952,0,0.012854000
pgvector,1,insert_emb,-,952,0,0.004458800
pgvector,1,generar_emb,-,953,0,0.011960500
pgvector,1,insert_emb,-,953,0,0.004116400
pgvector,1,generar_emb,-,954,0,0.011032900
pgvector,1,insert_emb,-,954,0,0.004346100
pgvector,1,generar_emb,-,955,0,0.011941400
pgvector,1,insert_emb,-,955,0,0.004158700
pgvector,1,generar_emb,-,956,0,0.012407000
pgvector,1,insert_emb,-,956,0,0.004526100
pgvector,1,generar_emb,-,957,0,0.011820000
pgvector,1,insert_emb,-,957,0,0.004180000
pgvector,1,generar_emb,-,958,0,0.014011400
pgvector,1,insert_emb,-,958,0,0.003904900
pgvector,1,generar_emb,-,959,0,0.012116200
pgvector,1,insert_emb,-,959,0,0.004351200
pgvector,1,generar_emb,-,960,0,0.012768800
pgvector,1,insert_emb,-,960,0,0.004464100
pgvector,1,generar_emb,-,961,0,0.012872600
pgvector,1,insert_emb,-,961,0,0.004519700
pgvector,1,generar_emb,-,962,0,0.012610500
pgvector,1,insert_emb,-,962,0,0.004202500
pgvector,1,generar_emb,-,963,0,0.011936400
pgvector,1,insert_emb,-,963,0,0.004156200
pgvector,1,generar_emb,-,964,0,0.012764300
pgvector,1,insert_emb,-,964,0,0.004365100
pgvector,1,generar_emb,-,965,0,0.013548400
pgvector,1,insert_emb,-,965,0,0.004686700
pgvector,1,generar_emb,-,966,0,0.011427600
pgvector,1,insert_emb,-,966,0,0.004589900
pgvector,1,generar_emb,-,967,0,0.011573800
pgvector,1,insert_emb,-,967,0,0.004691200
pgvector,1,generar_emb,-,968,0,0.010808600
pgvector,1,insert_emb,-,968,0,0.004726600
pgvector,1,generar_emb,-,969,0,0.011631200
pgvector,1,insert_emb,-,969,0,0.004625200
pgvector,1,generar_emb,-,970,0,0.010641600
pgvector,1,insert_emb,-,970,0,0.004713600
pgvector,1,generar_emb,-,971,0,0.013566000
pgvector,1,insert_emb,-,971,0,0.004881800
pgvector,1,generar_emb,-,972,0,0.013097700
pgvector,1,insert_emb,-,972,0,0.004504500
pgvector,1,generar_emb,-,973,0,0.013939700
pgvector,1,insert_emb,-,973,0,0.005345100
pgvector,1,generar_emb,-,974,0,0.015597200
pgvector,1,insert_emb,-,974,0,0.004590000
pgvector,1,generar_emb,-,975,0,0.017014700
pgvector,1,insert_emb,-,975,0,0.004784000
pgvector,1,generar_emb,-,976,0,0.013708900
pgvector,1,insert_emb,-,976,0,0.004726900
pgvector,1,generar_emb,-,977,0,0.015391300
pgvector,1,insert_emb,-,977,0,0.004637200
pgvector,1,generar_emb,-,978,0,0.013696300
pgvector,1,insert_emb,-,978,0,0.004330900
pgvector,1,generar_emb,-,979,0,0.013242500
pgvector,1,insert_emb,-,979,0,0.004565000
pgvector,1,generar_emb,-,980,0,0.013833000
pgvector,1,insert_emb,-,980,0,0.004548200
pgvector,1,generar_emb,-,981,0,0.011759700
pgvector,1,insert_emb,-,981,0,0.004165800
pgvector,1,generar_emb,-,982,0,0.011850000
pgvector,1,insert_emb,-,982,0,0.004132900
pgvector,1,generar_emb,-,983,0,0.015281700
pgvector,1,insert_emb,-,983,0,0.004220200
pgvector,1,generar_emb,-,984,0,0.015094200
pgvector,1,insert_emb,-,984,0,0.004417400
pgvector,1,generar_emb,-,985,0,0.015964500
pgvector,1,insert_emb,-,985,0,0.004845400
pgvector,1,generar_emb,-,986,0,0.016599300
pgvector,1,insert_emb,-,986,0,0.005164700
pgvector,1,generar_emb,-,987,0,0.013577200
pgvector,1,insert_emb,-,987,0,0.004374900
pgvector,1,generar_emb,-,988,0,0.015090500
pgvector,1,insert_emb,-,988,0,0.004251100
pgvector,1,generar_emb,-,989,0,0.013207500
pgvector,1,insert_emb,-,989,0,0.004727300
pgvector,1,generar_emb,-,990,0,0.012047400
pgvector,1,insert_emb,-,990,0,0.004478500
pgvector,1,generar_emb,-,991,0,0.015824500
pgvector,1,insert_emb,-,991,0,0.004416500
pgvector,1,generar_emb,-,992,0,0.012291000
pgvector,1,insert_emb,-,992,0,0.004377100
pgvector,1,generar_emb,-,993,0,0.011431900
pgvector,1,insert_emb,-,993,0,0.004354300
pgvector,1,generar_emb,-,994,0,0.010376000
pgvector,1,insert_emb,-,994,0,0.004255000
pgvector,1,generar_emb,-,995,0,0.013212500
pgvector,1,insert_emb,-,995,0,0.004469000
pgvector,1,generar_emb,-,996,0,0.014469200
pgvector,1,insert_emb,-,996,0,0.004358900
pgvector,1,generar_emb,-,997,0,0.013702900
pgvector,1,insert_emb,-,997,0,0.004408400
pgvector,1,generar_emb,-,998,0,0.013072000
pgvector,1,insert_emb,-,998,0,0.004347700
pgvector,1,generar_emb,-,999,0,0.011648800
pgvector,1,insert_emb,-,999,0,0.004373600
pgvector,1,generar_emb,-,1000,0,0.012747500
pgvector,1,insert_emb,-,1000,0,0.004237200
pgvector,1,generar_emb,-,1001,0,0.012314900
pgvector,1,insert_emb,-,1001,0,0.004025100
pgvector,1,generar_emb,-,1002,0,0.013801300
pgvector,1,insert_emb,-,1002,0,0.004642400
pgvector,1,generar_emb,-,1003,0,0.013369300
pgvector,1,insert_emb,-,1003,0,0.004229900
pgvector,1,generar_emb,-,1004,0,0.014261500
pgvector,1,insert_emb,-,1004,0,0.004299900
pgvector,1,generar_emb,-,1005,0,0.015695300
pgvector,1,insert_emb,-,1005,0,0.004732400
pgvector,1,generar_emb,-,1006,0,0.016298900
pgvector,1,insert_emb,-,1006,0,0.004487500
pgvector,1,generar_emb,-,1007,0,0.012257800
pgvector,1,insert_emb,-,1007,0,0.004243900
pgvector,1,generar_emb,-,1008,0,0.013442300
pgvector,1,insert_emb,-,1008,0,0.004125400
pgvector,1,generar_emb,-,1009,0,0.011965700
pgvector,1,insert_emb,-,1009,0,0.004325300
pgvector,1,generar_emb,-,1010,0,0.013340100
pgvector,1,insert_emb,-,1010,0,0.004236700
pgvector,1,generar_emb,-,1011,0,0.010736400
pgvector,1,insert_emb,-,1011,0,0.004117100
pgvector,1,generar_emb,-,1012,0,0.011330200
pgvector,1,insert_emb,-,1012,0,0.004231700
pgvector,1,generar_emb,-,1013,0,0.012480500
pgvector,1,insert_emb,-,1013,0,0.004136000
pgvector,1,generar_emb,-,1014,0,0.012162000
pgvector,1,insert_emb,-,1014,0,0.004005200
pgvector,1,generar_emb,-,1015,0,0.011974500
pgvector,1,insert_emb,-,1015,0,0.004378500
pgvector,1,generar_emb,-,1016,0,0.010862000
pgvector,1,insert_emb,-,1016,0,0.004171900
pgvector,1,generar_emb,-,1017,0,0.012124200
pgvector,1,insert_emb,-,1017,0,0.004394100
pgvector,1,generar_emb,-,1018,0,0.011190400
pgvector,1,insert_emb,-,1018,0,0.004671900
pgvector,1,generar_emb,-,1019,0,0.013533800
pgvector,1,insert_emb,-,1019,0,0.004197800
pgvector,1,generar_emb,-,1020,0,0.011694100
pgvector,1,insert_emb,-,1020,0,0.004467700
pgvector,1,generar_emb,-,1021,0,0.012395600
pgvector,1,insert_emb,-,1021,0,0.004243600
pgvector,1,generar_emb,-,1022,0,0.011867700
pgvector,1,insert_emb,-,1022,0,0.003994100
pgvector,1,generar_emb,-,1023,0,0.010667800
pgvector,1,insert_emb,-,1023,0,0.004502700
pgvector,1,generar_emb,-,1024,0,0.011924700
pgvector,1,insert_emb,-,1024,0,0.004627100
pgvector,1,generar_emb,-,1025,0,0.013206500
pgvector,1,insert_emb,-,1025,0,0.004306300
pgvector,1,generar_emb,-,1026,0,0.011783800
pgvector,1,insert_emb,-,1026,0,0.004180200
pgvector,1,generar_emb,-,1027,0,0.011426400
pgvector,1,insert_emb,-,1027,0,0.004058400
pgvector,1,generar_emb,-,1028,0,0.011822300
pgvector,1,insert_emb,-,1028,0,0.004298400
pgvector,1,generar_emb,-,1029,0,0.010805400
pgvector,1,insert_emb,-,1029,0,0.004137600
pgvector,1,generar_emb,-,1030,0,0.012310600
pgvector,1,insert_emb,-,1030,0,0.005257500
pgvector,1,generar_emb,-,1031,0,0.017448600
pgvector,1,insert_emb,-,1031,0,0.004471200
pgvector,1,generar_emb,-,1032,0,0.014071000
pgvector,1,insert_emb,-,1032,0,0.004218200
pgvector,1,generar_emb,-,1033,0,0.013676700
pgvector,1,insert_emb,-,1033,0,0.004243900
pgvector,1,generar_emb,-,1034,0,0.014102200
pgvector,1,insert_emb,-,1034,0,0.004672800
pgvector,1,generar_emb,-,1035,0,0.010882500
pgvector,1,insert_emb,-,1035,0,0.004591800
pgvector,1,generar_emb,-,1036,0,0.011137100
pgvector,1,insert_emb,-,1036,0,0.004537600
pgvector,1,generar_emb,-,1037,0,0.011633400
pgvector,1,insert_emb,-,1037,0,0.004362300
pgvector,1,generar_emb,-,1038,0,0.011831800
pgvector,1,insert_emb,-,1038,0,0.004318700
pgvector,1,generar_emb,-,1039,0,0.013572700
pgvector,1,insert_emb,-,1039,0,0.004472800
pgvector,1,generar_emb,-,1040,0,0.011405600
pgvector,1,insert_emb,-,1040,0,0.004345600
pgvector,1,generar_emb,-,1041,0,0.013012900
pgvector,1,insert_emb,-,1041,0,0.004216800
pgvector,1,generar_emb,-,1042,0,0.013132500
pgvector,1,insert_emb,-,1042,0,0.004330600
pgvector,1,generar_emb,-,1043,0,0.010697100
pgvector,1,insert_emb,-,1043,0,0.004314100
pgvector,1,generar_emb,-,1044,0,0.020098300
pgvector,1,insert_emb,-,1044,0,0.004430800
pgvector,1,generar_emb,-,1045,0,0.014665400
pgvector,1,insert_emb,-,1045,0,0.004260800
pgvector,1,generar_emb,-,1046,0,0.012655000
pgvector,1,insert_emb,-,1046,0,0.004357500
pgvector,1,generar_emb,-,1047,0,0.013332400
pgvector,1,insert_emb,-,1047,0,0.004628600
pgvector,1,generar_emb,-,1048,0,0.011807100
pgvector,1,insert_emb,-,1048,0,0.004962300
pgvector,1,generar_emb,-,1049,0,0.010889300
pgvector,1,insert_emb,-,1049,0,0.004627400
pgvector,1,generar_emb,-,1050,0,0.012154500
pgvector,1,insert_emb,-,1050,0,0.004465000
pgvector,1,generar_emb,-,1051,0,0.011411400
pgvector,1,insert_emb,-,1051,0,0.004895600
pgvector,1,generar_emb,-,1052,0,0.015869700
pgvector,1,insert_emb,-,1052,0,0.004838500
pgvector,1,generar_emb,-,1053,0,0.012855900
pgvector,1,insert_emb,-,1053,0,0.004577900
pgvector,1,generar_emb,-,1054,0,0.014504000
pgvector,1,insert_emb,-,1054,0,0.004762500
pgvector,1,generar_emb,-,1055,0,0.011678700
pgvector,1,insert_emb,-,1055,0,0.004816300
pgvector,1,generar_emb,-,1056,0,0.012396800
pgvector,1,insert_emb,-,1056,0,0.004633300
pgvector,1,generar_emb,-,1057,0,0.013542600
pgvector,1,insert_emb,-,1057,0,0.004757100
pgvector,1,generar_emb,-,1058,0,0.011120100
pgvector,1,insert_emb,-,1058,0,0.004880200
pgvector,1,generar_emb,-,1059,0,0.013258400
pgvector,1,insert_emb,-,1059,0,0.004187200
pgvector,1,generar_emb,-,1060,0,0.011233100
pgvector,1,insert_emb,-,1060,0,0.004252800
pgvector,1,generar_emb,-,1061,0,0.012822100
pgvector,1,insert_emb,-,1061,0,0.004230600
pgvector,1,generar_emb,-,1062,0,0.012165000
pgvector,1,insert_emb,-,1062,0,0.004378600
pgvector,1,generar_emb,-,1063,0,0.014733100
pgvector,1,insert_emb,-,1063,0,0.004230800
pgvector,1,generar_emb,-,1064,0,0.011396700
pgvector,1,insert_emb,-,1064,0,0.004138800
pgvector,1,generar_emb,-,1065,0,0.014840000
pgvector,1,insert_emb,-,1065,0,0.004380800
pgvector,1,generar_emb,-,1066,0,0.010569400
pgvector,1,insert_emb,-,1066,0,0.004169500
pgvector,1,generar_emb,-,1067,0,0.010507200
pgvector,1,insert_emb,-,1067,0,0.004169500
pgvector,1,generar_emb,-,1068,0,0.012761500
pgvector,1,insert_emb,-,1068,0,0.004420700
pgvector,1,generar_emb,-,1069,0,0.011762900
pgvector,1,insert_emb,-,1069,0,0.004725400
pgvector,1,generar_emb,-,1070,0,0.014797900
pgvector,1,insert_emb,-,1070,0,0.004534400
pgvector,1,generar_emb,-,1071,0,0.054956300
pgvector,1,insert_emb,-,1071,0,0.030846100
pgvector,1,generar_emb,-,1072,0,0.010416600
pgvector,1,insert_emb,-,1072,0,0.004336800
pgvector,1,generar_emb,-,1073,0,0.010922400
pgvector,1,insert_emb,-,1073,0,0.004777300
pgvector,1,generar_emb,-,1074,0,0.012378800
pgvector,1,insert_emb,-,1074,0,0.004129500
pgvector,1,generar_emb,-,1075,0,0.011480800
pgvector,1,insert_emb,-,1075,0,0.004750400
pgvector,1,generar_emb,-,1076,0,0.013229000
pgvector,1,insert_emb,-,1076,0,0.004169100
pgvector,1,generar_emb,-,1077,0,0.011922000
pgvector,1,insert_emb,-,1077,0,0.004188800
pgvector,1,generar_emb,-,1078,0,0.013364000
pgvector,1,insert_emb,-,1078,0,0.004170100
pgvector,1,generar_emb,-,1079,0,0.012054000
pgvector,1,insert_emb,-,1079,0,0.004088300
pgvector,1,generar_emb,-,1080,0,0.011776600
pgvector,1,insert_emb,-,1080,0,0.004479300
pgvector,1,generar_emb,-,1081,0,0.013129500
pgvector,1,insert_emb,-,1081,0,0.004215000
pgvector,1,generar_emb,-,1082,0,0.012654000
pgvector,1,insert_emb,-,1082,0,0.004279000
pgvector,1,generar_emb,-,1083,0,0.015535300
pgvector,1,insert_emb,-,1083,0,0.004399300
pgvector,1,generar_emb,-,1084,0,0.012258800
pgvector,1,insert_emb,-,1084,0,0.004118600
pgvector,1,generar_emb,-,1085,0,0.012853100
pgvector,1,insert_emb,-,1085,0,0.004445200
pgvector,1,generar_emb,-,1086,0,0.012884600
pgvector,1,insert_emb,-,1086,0,0.004488900
pgvector,1,generar_emb,-,1087,0,0.012978200
pgvector,1,insert_emb,-,1087,0,0.004239200
pgvector,1,generar_emb,-,1088,0,0.012455200
pgvector,1,insert_emb,-,1088,0,0.004335100
pgvector,1,generar_emb,-,1089,0,0.012818900
pgvector,1,insert_emb,-,1089,0,0.004581700
pgvector,1,generar_emb,-,1090,0,0.015386300
pgvector,1,insert_emb,-,1090,0,0.004338400
pgvector,1,generar_emb,-,1091,0,0.012804800
pgvector,1,insert_emb,-,1091,0,0.004063300
pgvector,1,generar_emb,-,1092,0,0.012838100
pgvector,1,insert_emb,-,1092,0,0.004093200
pgvector,1,generar_emb,-,1093,0,0.014561100
pgvector,1,insert_emb,-,1093,0,0.004380500
pgvector,1,generar_emb,-,1094,0,0.013577300
pgvector,1,insert_emb,-,1094,0,0.004296900
pgvector,1,generar_emb,-,1095,0,0.013525700
pgvector,1,insert_emb,-,1095,0,0.004540700
pgvector,1,generar_emb,-,1096,0,0.016307300
pgvector,1,insert_emb,-,1096,0,0.004037800
pgvector,1,generar_emb,-,1097,0,0.011260500
pgvector,1,insert_emb,-,1097,0,0.004170400
pgvector,1,generar_emb,-,1098,0,0.012498800
pgvector,1,insert_emb,-,1098,0,0.004074100
pgvector,1,generar_emb,-,1099,0,0.012226000
pgvector,1,insert_emb,-,1099,0,0.004403100
pgvector,1,generar_emb,-,1100,0,0.014450200
pgvector,1,insert_emb,-,1100,0,0.004459100
pgvector,1,generar_emb,-,1101,0,0.011972100
pgvector,1,insert_emb,-,1101,0,0.003958100
pgvector,1,generar_emb,-,1102,0,0.012726200
pgvector,1,insert_emb,-,1102,0,0.004180800
pgvector,1,generar_emb,-,1103,0,0.012901100
pgvector,1,insert_emb,-,1103,0,0.004244000
pgvector,1,generar_emb,-,1104,0,0.013294400
pgvector,1,insert_emb,-,1104,0,0.004422400
pgvector,1,generar_emb,-,1105,0,0.012152000
pgvector,1,insert_emb,-,1105,0,0.004313200
pgvector,1,generar_emb,-,1106,0,0.013431900
pgvector,1,insert_emb,-,1106,0,0.004470200
pgvector,1,generar_emb,-,1107,0,0.012108000
pgvector,1,insert_emb,-,1107,0,0.004475500
pgvector,1,generar_emb,-,1108,0,0.012637900
pgvector,1,insert_emb,-,1108,0,0.004568200
pgvector,1,generar_emb,-,1109,0,0.012676900
pgvector,1,insert_emb,-,1109,0,0.004356100
pgvector,1,generar_emb,-,1110,0,0.012387600
pgvector,1,insert_emb,-,1110,0,0.004677800
pgvector,1,generar_emb,-,1111,0,0.012791100
pgvector,1,insert_emb,-,1111,0,0.004464000
pgvector,1,generar_emb,-,1112,0,0.012045700
pgvector,1,insert_emb,-,1112,0,0.004304100
pgvector,1,generar_emb,-,1113,0,0.011072100
pgvector,1,insert_emb,-,1113,0,0.004231500
pgvector,1,generar_emb,-,1114,0,0.013579500
pgvector,1,insert_emb,-,1114,0,0.004396600
pgvector,1,generar_emb,-,1115,0,0.011974000
pgvector,1,insert_emb,-,1115,0,0.004061800
pgvector,1,generar_emb,-,1116,0,0.013477300
pgvector,1,insert_emb,-,1116,0,0.004357400
pgvector,1,generar_emb,-,1117,0,0.011894400
pgvector,1,insert_emb,-,1117,0,0.004303800
pgvector,1,generar_emb,-,1118,0,0.012752400
pgvector,1,insert_emb,-,1118,0,0.004025200
pgvector,1,generar_emb,-,1119,0,0.013991000
pgvector,1,insert_emb,-,1119,0,0.004204400
pgvector,1,generar_emb,-,1120,0,0.011897000
pgvector,1,insert_emb,-,1120,0,0.004249200
pgvector,1,generar_emb,-,1121,0,0.016784700
pgvector,1,insert_emb,-,1121,0,0.004287400
pgvector,1,generar_emb,-,1122,0,0.011800000
pgvector,1,insert_emb,-,1122,0,0.004310700
pgvector,1,generar_emb,-,1123,0,0.012298400
pgvector,1,insert_emb,-,1123,0,0.004528400
pgvector,1,generar_emb,-,1124,0,0.011913100
pgvector,1,insert_emb,-,1124,0,0.004263200
pgvector,1,generar_emb,-,1125,0,0.011447700
pgvector,1,insert_emb,-,1125,0,0.004278100
pgvector,1,generar_emb,-,1126,0,0.013041400
pgvector,1,insert_emb,-,1126,0,0.004112500
pgvector,1,generar_emb,-,1127,0,0.012712400
pgvector,1,insert_emb,-,1127,0,0.004469800
pgvector,1,generar_emb,-,1128,0,0.011411200
pgvector,1,insert_emb,-,1128,0,0.004203600
pgvector,1,generar_emb,-,1129,0,0.011795100
pgvector,1,insert_emb,-,1129,0,0.004266800
pgvector,1,generar_emb,-,1130,0,0.013132500
pgvector,1,insert_emb,-,1130,0,0.004725500
pgvector,1,generar_emb,-,1131,0,0.011667400
pgvector,1,insert_emb,-,1131,0,0.004234500
pgvector,1,generar_emb,-,1132,0,0.011369700
pgvector,1,insert_emb,-,1132,0,0.004443500
pgvector,1,generar_emb,-,1133,0,0.012642800
pgvector,1,insert_emb,-,1133,0,0.004382100
pgvector,1,generar_emb,-,1134,0,0.013302200
pgvector,1,insert_emb,-,1134,0,0.004332000
pgvector,1,generar_emb,-,1135,0,0.011196800
pgvector,1,insert_emb,-,1135,0,0.004437900
pgvector,1,generar_emb,-,1136,0,0.013335300
pgvector,1,insert_emb,-,1136,0,0.004679700
pgvector,1,generar_emb,-,1137,0,0.014722800
pgvector,1,insert_emb,-,1137,0,0.004289900
pgvector,1,generar_emb,-,1138,0,0.010978700
pgvector,1,insert_emb,-,1138,0,0.004261300
pgvector,1,generar_emb,-,1139,0,0.011452700
pgvector,1,insert_emb,-,1139,0,0.004508900
pgvector,1,generar_emb,-,1140,0,0.014707900
pgvector,1,insert_emb,-,1140,0,0.004909600
pgvector,1,generar_emb,-,1141,0,0.012832800
pgvector,1,insert_emb,-,1141,0,0.004271300
pgvector,1,generar_emb,-,1142,0,0.010609400
pgvector,1,insert_emb,-,1142,0,0.004144400
pgvector,1,generar_emb,-,1143,0,0.011308600
pgvector,1,insert_emb,-,1143,0,0.004635100
pgvector,1,generar_emb,-,1144,0,0.012064100
pgvector,1,insert_emb,-,1144,0,0.004628500
pgvector,1,generar_emb,-,1145,0,0.011995300
pgvector,1,insert_emb,-,1145,0,0.005132200
pgvector,1,generar_emb,-,1146,0,0.016461800
pgvector,1,insert_emb,-,1146,0,0.005393200
pgvector,1,generar_emb,-,1147,0,0.014566700
pgvector,1,insert_emb,-,1147,0,0.005111700
pgvector,1,generar_emb,-,1148,0,0.012153400
pgvector,1,insert_emb,-,1148,0,0.005052500
pgvector,1,generar_emb,-,1149,0,0.011788100
pgvector,1,insert_emb,-,1149,0,0.005057100
pgvector,1,generar_emb,-,1150,0,0.016433900
pgvector,1,insert_emb,-,1150,0,0.004987600
pgvector,1,generar_emb,-,1151,0,0.014421300
pgvector,1,insert_emb,-,1151,0,0.004850800
pgvector,1,generar_emb,-,1152,0,0.011769900
pgvector,1,insert_emb,-,1152,0,0.004609800
pgvector,1,generar_emb,-,1153,0,0.011434400
pgvector,1,insert_emb,-,1153,0,0.004680600
pgvector,1,generar_emb,-,1154,0,0.014938300
pgvector,1,insert_emb,-,1154,0,0.004619800
pgvector,1,generar_emb,-,1155,0,0.011926300
pgvector,1,insert_emb,-,1155,0,0.004754800
pgvector,1,generar_emb,-,1156,0,0.013764400
pgvector,1,insert_emb,-,1156,0,0.004600600
pgvector,1,generar_emb,-,1157,0,0.016579700
pgvector,1,insert_emb,-,1157,0,0.004363400
pgvector,1,generar_emb,-,1158,0,0.011301200
pgvector,1,insert_emb,-,1158,0,0.004221900
pgvector,1,generar_emb,-,1159,0,0.012702000
pgvector,1,insert_emb,-,1159,0,0.004323400
pgvector,1,generar_emb,-,1160,0,0.012384900
pgvector,1,insert_emb,-,1160,0,0.004376700
pgvector,1,generar_emb,-,1161,0,0.011807900
pgvector,1,insert_emb,-,1161,0,0.004511600
pgvector,1,generar_emb,-,1162,0,0.011916300
pgvector,1,insert_emb,-,1162,0,0.004308300
pgvector,1,generar_emb,-,1163,0,0.013091200
pgvector,1,insert_emb,-,1163,0,0.004250000
pgvector,1,generar_emb,-,1164,0,0.012905900
pgvector,1,insert_emb,-,1164,0,0.004585400
pgvector,1,generar_emb,-,1165,0,0.012096800
pgvector,1,insert_emb,-,1165,0,0.004468200
pgvector,1,generar_emb,-,1166,0,0.011225200
pgvector,1,insert_emb,-,1166,0,0.004146300
pgvector,1,generar_emb,-,1167,0,0.012487500
pgvector,1,insert_emb,-,1167,0,0.004741700
pgvector,1,generar_emb,-,1168,0,0.013994000
pgvector,1,insert_emb,-,1168,0,0.004701600
pgvector,1,generar_emb,-,1169,0,0.015276600
pgvector,1,insert_emb,-,1169,0,0.004447500
pgvector,1,generar_emb,-,1170,0,0.012310500
pgvector,1,insert_emb,-,1170,0,0.004304400
pgvector,1,generar_emb,-,1171,0,0.011135900
pgvector,1,insert_emb,-,1171,0,0.004324900
pgvector,1,generar_emb,-,1172,0,0.013396700
pgvector,1,insert_emb,-,1172,0,0.004338400
pgvector,1,generar_emb,-,1173,0,0.011236200
pgvector,1,insert_emb,-,1173,0,0.004431500
pgvector,1,generar_emb,-,1174,0,0.011214800
pgvector,1,insert_emb,-,1174,0,0.004330700
pgvector,1,generar_emb,-,1175,0,0.010913300
pgvector,1,insert_emb,-,1175,0,0.005019400
pgvector,1,generar_emb,-,1176,0,0.011846200
pgvector,1,insert_emb,-,1176,0,0.004405100
pgvector,1,generar_emb,-,1177,0,0.012131800
pgvector,1,insert_emb,-,1177,0,0.004381900
pgvector,1,generar_emb,-,1178,0,0.011915700
pgvector,1,insert_emb,-,1178,0,0.004200300
pgvector,1,generar_emb,-,1179,0,0.012458800
pgvector,1,insert_emb,-,1179,0,0.004190700
pgvector,1,generar_emb,-,1180,0,0.011728000
pgvector,1,insert_emb,-,1180,0,0.004305500
pgvector,1,generar_emb,-,1181,0,0.013920500
pgvector,1,insert_emb,-,1181,0,0.004553100
pgvector,1,generar_emb,-,1182,0,0.012332900
pgvector,1,insert_emb,-,1182,0,0.004247600
pgvector,1,generar_emb,-,1183,0,0.012896900
pgvector,1,insert_emb,-,1183,0,0.004021600
pgvector,1,generar_emb,-,1184,0,0.013113000
pgvector,1,insert_emb,-,1184,0,0.004628900
pgvector,1,generar_emb,-,1185,0,0.011861200
pgvector,1,insert_emb,-,1185,0,0.004288100
pgvector,1,generar_emb,-,1186,0,0.012826900
pgvector,1,insert_emb,-,1186,0,0.004143500
pgvector,1,generar_emb,-,1187,0,0.011634200
pgvector,1,insert_emb,-,1187,0,0.004295200
pgvector,1,generar_emb,-,1188,0,0.013554800
pgvector,1,insert_emb,-,1188,0,0.004303100
pgvector,1,generar_emb,-,1189,0,0.012534500
pgvector,1,insert_emb,-,1189,0,0.004306300
pgvector,1,generar_emb,-,1190,0,0.012090600
pgvector,1,insert_emb,-,1190,0,0.004234900
pgvector,1,generar_emb,-,1191,0,0.013819000
pgvector,1,insert_emb,-,1191,0,0.004311500
pgvector,1,generar_emb,-,1192,0,0.011303000
pgvector,1,insert_emb,-,1192,0,0.004184200
pgvector,1,generar_emb,-,1193,0,0.011898100
pgvector,1,insert_emb,-,1193,0,0.004130700
pgvector,1,generar_emb,-,1194,0,0.012756200
pgvector,1,insert_emb,-,1194,0,0.004435400
pgvector,1,generar_emb,-,1195,0,0.012611300
pgvector,1,insert_emb,-,1195,0,0.004570000
pgvector,1,generar_emb,-,1196,0,0.013599200
pgvector,1,insert_emb,-,1196,0,0.004334700
pgvector,1,generar_emb,-,1197,0,0.013464500
pgvector,1,insert_emb,-,1197,0,0.004467300
pgvector,1,generar_emb,-,1198,0,0.010911900
pgvector,1,insert_emb,-,1198,0,0.004501400
pgvector,1,generar_emb,-,1199,0,0.013144300
pgvector,1,insert_emb,-,1199,0,0.004563400
pgvector,1,generar_emb,-,1200,0,0.012025100
pgvector,1,insert_emb,-,1200,0,0.004434000
pgvector,1,generar_emb,-,1201,0,0.010998000
pgvector,1,insert_emb,-,1201,0,0.004158800
pgvector,1,generar_emb,-,1202,0,0.011003600
pgvector,1,insert_emb,-,1202,0,0.004585000
pgvector,1,generar_emb,-,1203,0,0.011623000
pgvector,1,insert_emb,-,1203,0,0.004342800
pgvector,1,generar_emb,-,1204,0,0.012496300
pgvector,1,insert_emb,-,1204,0,0.004175500
pgvector,1,generar_emb,-,1205,0,0.010940100
pgvector,1,insert_emb,-,1205,0,0.004259200
pgvector,1,generar_emb,-,1206,0,0.011536000
pgvector,1,insert_emb,-,1206,0,0.004359000
pgvector,1,generar_emb,-,1207,0,0.011137000
pgvector,1,insert_emb,-,1207,0,0.004375800
pgvector,1,generar_emb,-,1208,0,0.012757700
pgvector,1,insert_emb,-,1208,0,0.004479600
pgvector,1,generar_emb,-,1209,0,0.012377900
pgvector,1,insert_emb,-,1209,0,0.004265200
pgvector,1,generar_emb,-,1210,0,0.010756100
pgvector,1,insert_emb,-,1210,0,0.004334500
pgvector,1,generar_emb,-,1211,0,0.011359600
pgvector,1,insert_emb,-,1211,0,0.004150000
pgvector,1,generar_emb,-,1212,0,0.011429800
pgvector,1,insert_emb,-,1212,0,0.004441600
pgvector,1,generar_emb,-,1213,0,0.011199800
pgvector,1,insert_emb,-,1213,0,0.004330200
pgvector,1,generar_emb,-,1214,0,0.013063700
pgvector,1,insert_emb,-,1214,0,0.004315900
pgvector,1,generar_emb,-,1215,0,0.012479700
pgvector,1,insert_emb,-,1215,0,0.004328500
pgvector,1,generar_emb,-,1216,0,0.011143700
pgvector,1,insert_emb,-,1216,0,0.004265500
pgvector,1,generar_emb,-,1217,0,0.011258300
pgvector,1,insert_emb,-,1217,0,0.004204000
pgvector,1,generar_emb,-,1218,0,0.010904400
pgvector,1,insert_emb,-,1218,0,0.004259500
pgvector,1,generar_emb,-,1219,0,0.012630400
pgvector,1,insert_emb,-,1219,0,0.004272100
pgvector,1,generar_emb,-,1220,0,0.011499600
pgvector,1,insert_emb,-,1220,0,0.004370300
pgvector,1,generar_emb,-,1221,0,0.010785400
pgvector,1,insert_emb,-,1221,0,0.004305100
pgvector,1,generar_emb,-,1222,0,0.010602900
pgvector,1,insert_emb,-,1222,0,0.004414900
pgvector,1,generar_emb,-,1223,0,0.011192800
pgvector,1,insert_emb,-,1223,0,0.004617400
pgvector,1,generar_emb,-,1224,0,0.014736900
pgvector,1,insert_emb,-,1224,0,0.003963800
pgvector,1,generar_emb,-,1225,0,0.012046900
pgvector,1,insert_emb,-,1225,0,0.004006800
pgvector,1,generar_emb,-,1226,0,0.011524800
pgvector,1,insert_emb,-,1226,0,0.004247800
pgvector,1,generar_emb,-,1227,0,0.011676800
pgvector,1,insert_emb,-,1227,0,0.004385800
pgvector,1,generar_emb,-,1228,0,0.012337400
pgvector,1,insert_emb,-,1228,0,0.004449600
pgvector,1,generar_emb,-,1229,0,0.012347000
pgvector,1,insert_emb,-,1229,0,0.004327200
pgvector,1,generar_emb,-,1230,0,0.011525100
pgvector,1,insert_emb,-,1230,0,0.004473900
pgvector,1,generar_emb,-,1231,0,0.012198900
pgvector,1,insert_emb,-,1231,0,0.004298800
pgvector,1,generar_emb,-,1232,0,0.012972900
pgvector,1,insert_emb,-,1232,0,0.003876700
pgvector,1,generar_emb,-,1233,0,0.015219100
pgvector,1,insert_emb,-,1233,0,0.004718600
pgvector,1,generar_emb,-,1234,0,0.013664000
pgvector,1,insert_emb,-,1234,0,0.004888300
pgvector,1,generar_emb,-,1235,0,0.012972500
pgvector,1,insert_emb,-,1235,0,0.004964000
pgvector,1,generar_emb,-,1236,0,0.015649600
pgvector,1,insert_emb,-,1236,0,0.004687000
pgvector,1,generar_emb,-,1237,0,0.014682200
pgvector,1,insert_emb,-,1237,0,0.004749700
pgvector,1,generar_emb,-,1238,0,0.012868400
pgvector,1,insert_emb,-,1238,0,0.004513200
pgvector,1,generar_emb,-,1239,0,0.013195700
pgvector,1,insert_emb,-,1239,0,0.004445000
pgvector,1,generar_emb,-,1240,0,0.012740600
pgvector,1,insert_emb,-,1240,0,0.005112500
pgvector,1,generar_emb,-,1241,0,0.012576100
pgvector,1,insert_emb,-,1241,0,0.004420400
pgvector,1,generar_emb,-,1242,0,0.010922800
pgvector,1,insert_emb,-,1242,0,0.004461700
pgvector,1,generar_emb,-,1243,0,0.012008000
pgvector,1,insert_emb,-,1243,0,0.004254100
pgvector,1,generar_emb,-,1244,0,0.011904200
pgvector,1,insert_emb,-,1244,0,0.004248300
pgvector,1,generar_emb,-,1245,0,0.012844900
pgvector,1,insert_emb,-,1245,0,0.004110100
pgvector,1,generar_emb,-,1246,0,0.011965700
pgvector,1,insert_emb,-,1246,0,0.004246000
pgvector,1,generar_emb,-,1247,0,0.012957200
pgvector,1,insert_emb,-,1247,0,0.004373600
pgvector,1,generar_emb,-,1248,0,0.012228800
pgvector,1,insert_emb,-,1248,0,0.004269100
pgvector,1,generar_emb,-,1249,0,0.012717200
pgvector,1,insert_emb,-,1249,0,0.004118800
pgvector,1,generar_emb,-,1250,0,0.012492200
pgvector,1,insert_emb,-,1250,0,0.004138000
pgvector,1,generar_emb,-,1251,0,0.012720400
pgvector,1,insert_emb,-,1251,0,0.004116200
pgvector,1,generar_emb,-,1252,0,0.012456100
pgvector,1,insert_emb,-,1252,0,0.004247000
pgvector,1,generar_emb,-,1253,0,0.012697300
pgvector,1,insert_emb,-,1253,0,0.004143800
pgvector,1,generar_emb,-,1254,0,0.012394000
pgvector,1,insert_emb,-,1254,0,0.003976200
pgvector,1,generar_emb,-,1255,0,0.011604100
pgvector,1,insert_emb,-,1255,0,0.004132400
pgvector,1,generar_emb,-,1256,0,0.013353700
pgvector,1,insert_emb,-,1256,0,0.004254800
pgvector,1,generar_emb,-,1257,0,0.011692400
pgvector,1,insert_emb,-,1257,0,0.004525400
pgvector,1,generar_emb,-,1258,0,0.011681200
pgvector,1,insert_emb,-,1258,0,0.004375800
pgvector,1,generar_emb,-,1259,0,0.010715200
pgvector,1,insert_emb,-,1259,0,0.004252300
pgvector,1,generar_emb,-,1260,0,0.010852300
pgvector,1,insert_emb,-,1260,0,0.004021500
pgvector,1,generar_emb,-,1261,0,0.014062800
pgvector,1,insert_emb,-,1261,0,0.004183700
pgvector,1,generar_emb,-,1262,0,0.012676800
pgvector,1,insert_emb,-,1262,0,0.004411300
pgvector,1,generar_emb,-,1263,0,0.011730600
pgvector,1,insert_emb,-,1263,0,0.004386400
pgvector,1,generar_emb,-,1264,0,0.012421100
pgvector,1,insert_emb,-,1264,0,0.004225000
pgvector,1,generar_emb,-,1265,0,0.011876300
pgvector,1,insert_emb,-,1265,0,0.004319100
pgvector,1,generar_emb,-,1266,0,0.010637600
pgvector,1,insert_emb,-,1266,0,0.004228400
pgvector,1,generar_emb,-,1267,0,0.012784100
pgvector,1,insert_emb,-,1267,0,0.004346000
pgvector,1,generar_emb,-,1268,0,0.011775800
pgvector,1,insert_emb,-,1268,0,0.004138000
pgvector,1,generar_emb,-,1269,0,0.010726300
pgvector,1,insert_emb,-,1269,0,0.004102400
pgvector,1,generar_emb,-,1270,0,0.011136200
pgvector,1,insert_emb,-,1270,0,0.004546700
pgvector,1,generar_emb,-,1271,0,0.010890300
pgvector,1,insert_emb,-,1271,0,0.004431500
pgvector,1,generar_emb,-,1272,0,0.011223600
pgvector,1,insert_emb,-,1272,0,0.004014200
pgvector,1,generar_emb,-,1273,0,0.010549000
pgvector,1,insert_emb,-,1273,0,0.004036000
pgvector,1,generar_emb,-,1274,0,0.011129000
pgvector,1,insert_emb,-,1274,0,0.004190300
pgvector,1,generar_emb,-,1275,0,0.011282100
pgvector,1,insert_emb,-,1275,0,0.004392600
pgvector,1,generar_emb,-,1276,0,0.012912300
pgvector,1,insert_emb,-,1276,0,0.004184100
pgvector,1,generar_emb,-,1277,0,0.011357200
pgvector,1,insert_emb,-,1277,0,0.004347900
pgvector,1,generar_emb,-,1278,0,0.013090400
pgvector,1,insert_emb,-,1278,0,0.004087000
pgvector,1,generar_emb,-,1279,0,0.011746300
pgvector,1,insert_emb,-,1279,0,0.004042100
pgvector,1,generar_emb,-,1280,0,0.012633200
pgvector,1,insert_emb,-,1280,0,0.004203600
pgvector,1,generar_emb,-,1281,0,0.012131500
pgvector,1,insert_emb,-,1281,0,0.004242400
pgvector,1,generar_emb,-,1282,0,0.012318500
pgvector,1,insert_emb,-,1282,0,0.004187400
pgvector,1,generar_emb,-,1283,0,0.012078600
pgvector,1,insert_emb,-,1283,0,0.004218600
pgvector,1,generar_emb,-,1284,0,0.011953600
pgvector,1,insert_emb,-,1284,0,0.004442700
pgvector,1,generar_emb,-,1285,0,0.011640000
pgvector,1,insert_emb,-,1285,0,0.004546700
pgvector,1,generar_emb,-,1286,0,0.012316200
pgvector,1,insert_emb,-,1286,0,0.004421300
pgvector,1,generar_emb,-,1287,0,0.010698700
pgvector,1,insert_emb,-,1287,0,0.004344200
pgvector,1,generar_emb,-,1288,0,0.011049800
pgvector,1,insert_emb,-,1288,0,0.004194200
pgvector,1,generar_emb,-,1289,0,0.011572500
pgvector,1,insert_emb,-,1289,0,0.004295800
pgvector,1,generar_emb,-,1290,0,0.010428600
pgvector,1,insert_emb,-,1290,0,0.004328000
pgvector,1,generar_emb,-,1291,0,0.011541500
pgvector,1,insert_emb,-,1291,0,0.004282800
pgvector,1,generar_emb,-,1292,0,0.014159700
pgvector,1,insert_emb,-,1292,0,0.004674300
pgvector,1,generar_emb,-,1293,0,0.011373300
pgvector,1,insert_emb,-,1293,0,0.004306500
pgvector,1,generar_emb,-,1294,0,0.013804400
pgvector,1,insert_emb,-,1294,0,0.004413600
pgvector,1,generar_emb,-,1295,0,0.010544100
pgvector,1,insert_emb,-,1295,0,0.004503300
pgvector,1,generar_emb,-,1296,0,0.011601200
pgvector,1,insert_emb,-,1296,0,0.004429700
pgvector,1,generar_emb,-,1297,0,0.011353900
pgvector,1,insert_emb,-,1297,0,0.004423200
pgvector,1,generar_emb,-,1298,0,0.012012800
pgvector,1,insert_emb,-,1298,0,0.004054800
pgvector,1,generar_emb,-,1299,0,0.013681700
pgvector,1,insert_emb,-,1299,0,0.004173200
pgvector,1,generar_emb,-,1300,0,0.012009800
pgvector,1,insert_emb,-,1300,0,0.004165100
pgvector,1,generar_emb,-,1301,0,0.012371400
pgvector,1,insert_emb,-,1301,0,0.004279400
pgvector,1,generar_emb,-,1302,0,0.013046200
pgvector,1,insert_emb,-,1302,0,0.004296900
pgvector,1,generar_emb,-,1303,0,0.012961200
pgvector,1,insert_emb,-,1303,0,0.004236000
pgvector,1,generar_emb,-,1304,0,0.011914000
pgvector,1,insert_emb,-,1304,0,0.004079000
pgvector,1,generar_emb,-,1305,0,0.011430300
pgvector,1,insert_emb,-,1305,0,0.004282000
pgvector,1,generar_emb,-,1306,0,0.013548200
pgvector,1,insert_emb,-,1306,0,0.004523100
pgvector,1,generar_emb,-,1307,0,0.010702700
pgvector,1,insert_emb,-,1307,0,0.004196700
pgvector,1,generar_emb,-,1308,0,0.011198300
pgvector,1,insert_emb,-,1308,0,0.004193800
pgvector,1,generar_emb,-,1309,0,0.011066000
pgvector,1,insert_emb,-,1309,0,0.004269700
pgvector,1,generar_emb,-,1310,0,0.011168000
pgvector,1,insert_emb,-,1310,0,0.004374400
pgvector,1,generar_emb,-,1311,0,0.013018200
pgvector,1,insert_emb,-,1311,0,0.004388900
pgvector,1,generar_emb,-,1312,0,0.012662000
pgvector,1,insert_emb,-,1312,0,0.004166300
pgvector,1,generar_emb,-,1313,0,0.011223600
pgvector,1,insert_emb,-,1313,0,0.004212600
pgvector,1,generar_emb,-,1314,0,0.012594000
pgvector,1,insert_emb,-,1314,0,0.004775100
pgvector,1,generar_emb,-,1315,0,0.011172800
pgvector,1,insert_emb,-,1315,0,0.004351900
pgvector,1,generar_emb,-,1316,0,0.011628700
pgvector,1,insert_emb,-,1316,0,0.004322100
pgvector,1,generar_emb,-,1317,0,0.010799900
pgvector,1,insert_emb,-,1317,0,0.004395300
pgvector,1,generar_emb,-,1318,0,0.011984100
pgvector,1,insert_emb,-,1318,0,0.004490500
pgvector,1,generar_emb,-,1319,0,0.012382400
pgvector,1,insert_emb,-,1319,0,0.004226500
pgvector,1,generar_emb,-,1320,0,0.012457700
pgvector,1,insert_emb,-,1320,0,0.004227200
pgvector,1,generar_emb,-,1321,0,0.013899500
pgvector,1,insert_emb,-,1321,0,0.004568700
pgvector,1,generar_emb,-,1322,0,0.012443600
pgvector,1,insert_emb,-,1322,0,0.004480700
pgvector,1,generar_emb,-,1323,0,0.010749200
pgvector,1,insert_emb,-,1323,0,0.004753300
pgvector,1,generar_emb,-,1324,0,0.010948700
pgvector,1,insert_emb,-,1324,0,0.004334200
pgvector,1,generar_emb,-,1325,0,0.010856300
pgvector,1,insert_emb,-,1325,0,0.004686500
pgvector,1,generar_emb,-,1326,0,0.013036800
pgvector,1,insert_emb,-,1326,0,0.004721800
pgvector,1,generar_emb,-,1327,0,0.015939900
pgvector,1,insert_emb,-,1327,0,0.004410700
pgvector,1,generar_emb,-,1328,0,0.013944400
pgvector,1,insert_emb,-,1328,0,0.004564300
pgvector,1,generar_emb,-,1329,0,0.013715000
pgvector,1,insert_emb,-,1329,0,0.004363600
pgvector,1,generar_emb,-,1330,0,0.013463900
pgvector,1,insert_emb,-,1330,0,0.005593200
pgvector,1,generar_emb,-,1331,0,0.012597600
pgvector,1,insert_emb,-,1331,0,0.004791000
pgvector,1,generar_emb,-,1332,0,0.011983000
pgvector,1,insert_emb,-,1332,0,0.004570000
pgvector,1,generar_emb,-,1333,0,0.012362300
pgvector,1,insert_emb,-,1333,0,0.004219000
pgvector,1,generar_emb,-,1334,0,0.011488300
pgvector,1,insert_emb,-,1334,0,0.004372200
pgvector,1,generar_emb,-,1335,0,0.011672400
pgvector,1,insert_emb,-,1335,0,0.004282700
pgvector,1,generar_emb,-,1336,0,0.013792500
pgvector,1,insert_emb,-,1336,0,0.004515000
pgvector,1,generar_emb,-,1337,0,0.012163700
pgvector,1,insert_emb,-,1337,0,0.004032400
pgvector,1,generar_emb,-,1338,0,0.012639100
pgvector,1,insert_emb,-,1338,0,0.004104200
pgvector,1,generar_emb,-,1339,0,0.010526300
pgvector,1,insert_emb,-,1339,0,0.004224600
pgvector,1,generar_emb,-,1340,0,0.010808700
pgvector,1,insert_emb,-,1340,0,0.004571600
pgvector,1,generar_emb,-,1341,0,0.010820700
pgvector,1,insert_emb,-,1341,0,0.004537000
pgvector,1,generar_emb,-,1342,0,0.010755900
pgvector,1,insert_emb,-,1342,0,0.004317500
pgvector,1,generar_emb,-,1343,0,0.011979600
pgvector,1,insert_emb,-,1343,0,0.004172500
pgvector,1,generar_emb,-,1344,0,0.010667100
pgvector,1,insert_emb,-,1344,0,0.004202200
pgvector,1,generar_emb,-,1345,0,0.011314600
pgvector,1,insert_emb,-,1345,0,0.004230200
pgvector,1,generar_emb,-,1346,0,0.012408300
pgvector,1,insert_emb,-,1346,0,0.004188800
pgvector,1,generar_emb,-,1347,0,0.011664100
pgvector,1,insert_emb,-,1347,0,0.004171300
pgvector,1,generar_emb,-,1348,0,0.012439500
pgvector,1,insert_emb,-,1348,0,0.004099700
pgvector,1,generar_emb,-,1349,0,0.015655800
pgvector,1,insert_emb,-,1349,0,0.004649300
pgvector,1,generar_emb,-,1350,0,0.014266100
pgvector,1,insert_emb,-,1350,0,0.004256100
pgvector,1,generar_emb,-,1351,0,0.012093000
pgvector,1,insert_emb,-,1351,0,0.004095500
pgvector,1,generar_emb,-,1352,0,0.012970500
pgvector,1,insert_emb,-,1352,0,0.004284400
pgvector,1,generar_emb,-,1353,0,0.012037800
pgvector,1,insert_emb,-,1353,0,0.004304900
pgvector,1,generar_emb,-,1354,0,0.013636100
pgvector,1,insert_emb,-,1354,0,0.004188800
pgvector,1,generar_emb,-,1355,0,0.013558700
pgvector,1,insert_emb,-,1355,0,0.004241100
pgvector,1,generar_emb,-,1356,0,0.012953500
pgvector,1,insert_emb,-,1356,0,0.004322400
pgvector,1,generar_emb,-,1357,0,0.012084100
pgvector,1,insert_emb,-,1357,0,0.004130900
pgvector,1,generar_emb,-,1358,0,0.012044200
pgvector,1,insert_emb,-,1358,0,0.004188500
pgvector,1,generar_emb,-,1359,0,0.012216100
pgvector,1,insert_emb,-,1359,0,0.004118700
pgvector,1,generar_emb,-,1360,0,0.014700100
pgvector,1,insert_emb,-,1360,0,0.004679700
pgvector,1,generar_emb,-,1361,0,0.014028900
pgvector,1,insert_emb,-,1361,0,0.004236400
pgvector,1,generar_emb,-,1362,0,0.012331900
pgvector,1,insert_emb,-,1362,0,0.004240100
pgvector,1,generar_emb,-,1363,0,0.013398100
pgvector,1,insert_emb,-,1363,0,0.004224500
pgvector,1,generar_emb,-,1364,0,0.012271000
pgvector,1,insert_emb,-,1364,0,0.004333600
pgvector,1,generar_emb,-,1365,0,0.011508000
pgvector,1,insert_emb,-,1365,0,0.004414900
pgvector,1,generar_emb,-,1366,0,0.013119800
pgvector,1,insert_emb,-,1366,0,0.004606100
pgvector,1,generar_emb,-,1367,0,0.013510600
pgvector,1,insert_emb,-,1367,0,0.004421400
pgvector,1,generar_emb,-,1368,0,0.011074600
pgvector,1,insert_emb,-,1368,0,0.004287700
pgvector,1,generar_emb,-,1369,0,0.011746500
pgvector,1,insert_emb,-,1369,0,0.004300500
pgvector,1,generar_emb,-,1370,0,0.010722000
pgvector,1,insert_emb,-,1370,0,0.004188100
pgvector,1,generar_emb,-,1371,0,0.011621600
pgvector,1,insert_emb,-,1371,0,0.004232400
pgvector,1,generar_emb,-,1372,0,0.012338400
pgvector,1,insert_emb,-,1372,0,0.004125100
pgvector,1,generar_emb,-,1373,0,0.011484400
pgvector,1,insert_emb,-,1373,0,0.004162800
pgvector,1,generar_emb,-,1374,0,0.011470900
pgvector,1,insert_emb,-,1374,0,0.004119300
pgvector,1,generar_emb,-,1375,0,0.011728900
pgvector,1,insert_emb,-,1375,0,0.004206500
pgvector,1,generar_emb,-,1376,0,0.010944600
pgvector,1,insert_emb,-,1376,0,0.004197200
pgvector,1,generar_emb,-,1377,0,0.011922500
pgvector,1,insert_emb,-,1377,0,0.004294200
pgvector,1,generar_emb,-,1378,0,0.012656000
pgvector,1,insert_emb,-,1378,0,0.004220900
pgvector,1,generar_emb,-,1379,0,0.013195500
pgvector,1,insert_emb,-,1379,0,0.004113800
pgvector,1,generar_emb,-,1380,0,0.012425800
pgvector,1,insert_emb,-,1380,0,0.004186200
pgvector,1,generar_emb,-,1381,0,0.013184600
pgvector,1,insert_emb,-,1381,0,0.004304800
pgvector,1,generar_emb,-,1382,0,0.012610100
pgvector,1,insert_emb,-,1382,0,0.004332100
pgvector,1,generar_emb,-,1383,0,0.012490400
pgvector,1,insert_emb,-,1383,0,0.004106500
pgvector,1,generar_emb,-,1384,0,0.013315800
pgvector,1,insert_emb,-,1384,0,0.004234400
pgvector,1,generar_emb,-,1385,0,0.012643000
pgvector,1,insert_emb,-,1385,0,0.004543300
pgvector,1,generar_emb,-,1386,0,0.011993500
pgvector,1,insert_emb,-,1386,0,0.004276800
pgvector,1,generar_emb,-,1387,0,0.013758200
pgvector,1,insert_emb,-,1387,0,0.004207300
pgvector,1,generar_emb,-,1388,0,0.011640300
pgvector,1,insert_emb,-,1388,0,0.004197200
pgvector,1,generar_emb,-,1389,0,0.019170800
pgvector,1,insert_emb,-,1389,0,0.004252300
pgvector,1,generar_emb,-,1390,0,0.014490200
pgvector,1,insert_emb,-,1390,0,0.004383300
pgvector,1,generar_emb,-,1391,0,0.014806300
pgvector,1,insert_emb,-,1391,0,0.004586800
pgvector,1,generar_emb,-,1392,0,0.012548200
pgvector,1,insert_emb,-,1392,0,0.004974400
pgvector,1,generar_emb,-,1393,0,0.014749300
pgvector,1,insert_emb,-,1393,0,0.003967600
pgvector,1,generar_emb,-,1394,0,0.013273700
pgvector,1,insert_emb,-,1394,0,0.004268700
pgvector,1,generar_emb,-,1395,0,0.012286100
pgvector,1,insert_emb,-,1395,0,0.004349700
pgvector,1,generar_emb,-,1396,0,0.013275100
pgvector,1,insert_emb,-,1396,0,0.004167200
pgvector,1,generar_emb,-,1397,0,0.010937400
pgvector,1,insert_emb,-,1397,0,0.004210100
pgvector,1,generar_emb,-,1398,0,0.014783900
pgvector,1,insert_emb,-,1398,0,0.004136600
pgvector,1,generar_emb,-,1399,0,0.013086800
pgvector,1,insert_emb,-,1399,0,0.004439900
pgvector,1,generar_emb,-,1400,0,0.011673800
pgvector,1,insert_emb,-,1400,0,0.004282900
pgvector,1,generar_emb,-,1401,0,0.011478700
pgvector,1,insert_emb,-,1401,0,0.004219300
pgvector,1,generar_emb,-,1402,0,0.013659900
pgvector,1,insert_emb,-,1402,0,0.004344400
pgvector,1,generar_emb,-,1403,0,0.010581600
pgvector,1,insert_emb,-,1403,0,0.004176500
pgvector,1,generar_emb,-,1404,0,0.010861300
pgvector,1,insert_emb,-,1404,0,0.004451000
pgvector,1,generar_emb,-,1405,0,0.014474600
pgvector,1,insert_emb,-,1405,0,0.004670100
pgvector,1,generar_emb,-,1406,0,0.013539900
pgvector,1,insert_emb,-,1406,0,0.004253200
pgvector,1,generar_emb,-,1407,0,0.014138100
pgvector,1,insert_emb,-,1407,0,0.004316200
pgvector,1,generar_emb,-,1408,0,0.013916200
pgvector,1,insert_emb,-,1408,0,0.004390200
pgvector,1,generar_emb,-,1409,0,0.013233200
pgvector,1,insert_emb,-,1409,0,0.004449100
pgvector,1,generar_emb,-,1410,0,0.016087200
pgvector,1,insert_emb,-,1410,0,0.004584300
pgvector,1,generar_emb,-,1411,0,0.012757600
pgvector,1,insert_emb,-,1411,0,0.004642900
pgvector,1,generar_emb,-,1412,0,0.016046800
pgvector,1,insert_emb,-,1412,0,0.004123700
pgvector,1,generar_emb,-,1413,0,0.011177900
pgvector,1,insert_emb,-,1413,0,0.004288200
pgvector,1,generar_emb,-,1414,0,0.015788300
pgvector,1,insert_emb,-,1414,0,0.004339800
pgvector,1,generar_emb,-,1415,0,0.013626800
pgvector,1,insert_emb,-,1415,0,0.004256700
pgvector,1,generar_emb,-,1416,0,0.011212500
pgvector,1,insert_emb,-,1416,0,0.004470800
pgvector,1,generar_emb,-,1417,0,0.011811400
pgvector,1,insert_emb,-,1417,0,0.004167100
pgvector,1,generar_emb,-,1418,0,0.015952100
pgvector,1,insert_emb,-,1418,0,0.004437100
pgvector,1,generar_emb,-,1419,0,0.010877800
pgvector,1,insert_emb,-,1419,0,0.004336000
pgvector,1,generar_emb,-,1420,0,0.013945100
pgvector,1,insert_emb,-,1420,0,0.004744000
pgvector,1,generar_emb,-,1421,0,0.012276300
pgvector,1,insert_emb,-,1421,0,0.004478500
pgvector,1,generar_emb,-,1422,0,0.012603800
pgvector,1,insert_emb,-,1422,0,0.004476500
pgvector,1,generar_emb,-,1423,0,0.012443600
pgvector,1,insert_emb,-,1423,0,0.004541400
pgvector,1,generar_emb,-,1424,0,0.013576900
pgvector,1,insert_emb,-,1424,0,0.004553100
pgvector,1,generar_emb,-,1425,0,0.012891000
pgvector,1,insert_emb,-,1425,0,0.004885600
pgvector,1,generar_emb,-,1426,0,0.012978900
pgvector,1,insert_emb,-,1426,0,0.004596100
pgvector,1,generar_emb,-,1427,0,0.012458500
pgvector,1,insert_emb,-,1427,0,0.004266200
pgvector,1,generar_emb,-,1428,0,0.013042700
pgvector,1,insert_emb,-,1428,0,0.004183900
pgvector,1,generar_emb,-,1429,0,0.011654100
pgvector,1,insert_emb,-,1429,0,0.004114800
pgvector,1,generar_emb,-,1430,0,0.011346800
pgvector,1,insert_emb,-,1430,0,0.004573200
pgvector,1,generar_emb,-,1431,0,0.011102700
pgvector,1,insert_emb,-,1431,0,0.004528100
pgvector,1,generar_emb,-,1432,0,0.011413500
pgvector,1,insert_emb,-,1432,0,0.004604600
pgvector,1,generar_emb,-,1433,0,0.010713400
pgvector,1,insert_emb,-,1433,0,0.004445700
pgvector,1,generar_emb,-,1434,0,0.013064700
pgvector,1,insert_emb,-,1434,0,0.004519600
pgvector,1,generar_emb,-,1435,0,0.013420400
pgvector,1,insert_emb,-,1435,0,0.004484500
pgvector,1,generar_emb,-,1436,0,0.011981400
pgvector,1,insert_emb,-,1436,0,0.004265100
pgvector,1,generar_emb,-,1437,0,0.013153700
pgvector,1,insert_emb,-,1437,0,0.004268300
pgvector,1,generar_emb,-,1438,0,0.012986400
pgvector,1,insert_emb,-,1438,0,0.004649700
pgvector,1,generar_emb,-,1439,0,0.012750300
pgvector,1,insert_emb,-,1439,0,0.004766800
pgvector,1,generar_emb,-,1440,0,0.012218400
pgvector,1,insert_emb,-,1440,0,0.004972400
pgvector,1,generar_emb,-,1441,0,0.011444400
pgvector,1,insert_emb,-,1441,0,0.004731300
pgvector,1,generar_emb,-,1442,0,0.018644800
pgvector,1,insert_emb,-,1442,0,0.004664000
pgvector,1,generar_emb,-,1443,0,0.013964300
pgvector,1,insert_emb,-,1443,0,0.004665400
pgvector,1,generar_emb,-,1444,0,0.011609300
pgvector,1,insert_emb,-,1444,0,0.004491500
pgvector,1,generar_emb,-,1445,0,0.016325500
pgvector,1,insert_emb,-,1445,0,0.004673500
pgvector,1,generar_emb,-,1446,0,0.012308500
pgvector,1,insert_emb,-,1446,0,0.004887300
pgvector,1,generar_emb,-,1447,0,0.011916600
pgvector,1,insert_emb,-,1447,0,0.004571500
pgvector,1,generar_emb,-,1448,0,0.012433000
pgvector,1,insert_emb,-,1448,0,0.004659200
pgvector,1,generar_emb,-,1449,0,0.010826400
pgvector,1,insert_emb,-,1449,0,0.004460700
pgvector,1,generar_emb,-,1450,0,0.012868500
pgvector,1,insert_emb,-,1450,0,0.004372900
pgvector,1,generar_emb,-,1451,0,0.013424600
pgvector,1,insert_emb,-,1451,0,0.004458100
pgvector,1,generar_emb,-,1452,0,0.012284800
pgvector,1,insert_emb,-,1452,0,0.004052100
pgvector,1,generar_emb,-,1453,0,0.013535100
pgvector,1,insert_emb,-,1453,0,0.004197400
pgvector,1,generar_emb,-,1454,0,0.010930300
pgvector,1,insert_emb,-,1454,0,0.004165200
pgvector,1,generar_emb,-,1455,0,0.011788700
pgvector,1,insert_emb,-,1455,0,0.004353300
pgvector,1,generar_emb,-,1456,0,0.012569200
pgvector,1,insert_emb,-,1456,0,0.004179500
pgvector,1,generar_emb,-,1457,0,0.013375700
pgvector,1,insert_emb,-,1457,0,0.004412400
pgvector,1,generar_emb,-,1458,0,0.012011000
pgvector,1,insert_emb,-,1458,0,0.004120200
pgvector,1,generar_emb,-,1459,0,0.012581800
pgvector,1,insert_emb,-,1459,0,0.004144600
pgvector,1,generar_emb,-,1460,0,0.012412200
pgvector,1,insert_emb,-,1460,0,0.004397700
pgvector,1,generar_emb,-,1461,0,0.010912500
pgvector,1,insert_emb,-,1461,0,0.004318200
pgvector,1,generar_emb,-,1462,0,0.012601500
pgvector,1,insert_emb,-,1462,0,0.004297000
pgvector,1,generar_emb,-,1463,0,0.015332000
pgvector,1,insert_emb,-,1463,0,0.004409300
pgvector,1,generar_emb,-,1464,0,0.014416500
pgvector,1,insert_emb,-,1464,0,0.004422400
pgvector,1,generar_emb,-,1465,0,0.015697600
pgvector,1,insert_emb,-,1465,0,0.004332800
pgvector,1,generar_emb,-,1466,0,0.012518500
pgvector,1,insert_emb,-,1466,0,0.004118900
pgvector,1,generar_emb,-,1467,0,0.011729700
pgvector,1,insert_emb,-,1467,0,0.004142000
pgvector,1,generar_emb,-,1468,0,0.010709800
pgvector,1,insert_emb,-,1468,0,0.004405700
pgvector,1,generar_emb,-,1469,0,0.012595500
pgvector,1,insert_emb,-,1469,0,0.004458800
pgvector,1,generar_emb,-,1470,0,0.011631800
pgvector,1,insert_emb,-,1470,0,0.004457100
pgvector,1,generar_emb,-,1471,0,0.012958400
pgvector,1,insert_emb,-,1471,0,0.004157200
pgvector,1,generar_emb,-,1472,0,0.014961100
pgvector,1,insert_emb,-,1472,0,0.004297500
pgvector,1,generar_emb,-,1473,0,0.012164500
pgvector,1,insert_emb,-,1473,0,0.004293000
pgvector,1,generar_emb,-,1474,0,0.012967700
pgvector,1,insert_emb,-,1474,0,0.004301800
pgvector,1,generar_emb,-,1475,0,0.011734100
pgvector,1,insert_emb,-,1475,0,0.004386600
pgvector,1,generar_emb,-,1476,0,0.013091400
pgvector,1,insert_emb,-,1476,0,0.004051100
pgvector,1,generar_emb,-,1477,0,0.012983400
pgvector,1,insert_emb,-,1477,0,0.004294100
pgvector,1,generar_emb,-,1478,0,0.012315100
pgvector,1,insert_emb,-,1478,0,0.004294000
pgvector,1,generar_emb,-,1479,0,0.013766000
pgvector,1,insert_emb,-,1479,0,0.004180200
pgvector,1,generar_emb,-,1480,0,0.011876500
pgvector,1,insert_emb,-,1480,0,0.004105700
pgvector,1,generar_emb,-,1481,0,0.013153200
pgvector,1,insert_emb,-,1481,0,0.004292600
pgvector,1,generar_emb,-,1482,0,0.011831000
pgvector,1,insert_emb,-,1482,0,0.004153700
pgvector,1,generar_emb,-,1483,0,0.013516200
pgvector,1,insert_emb,-,1483,0,0.004381600
pgvector,1,generar_emb,-,1484,0,0.014451100
pgvector,1,insert_emb,-,1484,0,0.004099700
pgvector,1,generar_emb,-,1485,0,0.015882600
pgvector,1,insert_emb,-,1485,0,0.004440500
pgvector,1,generar_emb,-,1486,0,0.011477700
pgvector,1,insert_emb,-,1486,0,0.004231000
pgvector,1,generar_emb,-,1487,0,0.011801500
pgvector,1,insert_emb,-,1487,0,0.004288700
pgvector,1,generar_emb,-,1488,0,0.017012500
pgvector,1,insert_emb,-,1488,0,0.005782700
pgvector,1,generar_emb,-,1489,0,0.024586200
pgvector,1,insert_emb,-,1489,0,0.005104700
pgvector,1,generar_emb,-,1490,0,0.022649000
pgvector,1,insert_emb,-,1490,0,0.004806300
pgvector,1,generar_emb,-,1491,0,0.017499900
pgvector,1,insert_emb,-,1491,0,0.005454100
pgvector,1,generar_emb,-,1492,0,0.030451400
pgvector,1,insert_emb,-,1492,0,0.006347400
pgvector,1,generar_emb,-,1493,0,0.028151900
pgvector,1,insert_emb,-,1493,0,0.006149200
pgvector,1,generar_emb,-,1494,0,0.026991500
pgvector,1,insert_emb,-,1494,0,0.005962700
pgvector,1,generar_emb,-,1495,0,0.019224500
pgvector,1,insert_emb,-,1495,0,0.005151200
pgvector,1,generar_emb,-,1496,0,0.012491600
pgvector,1,insert_emb,-,1496,0,0.004635600
pgvector,1,generar_emb,-,1497,0,0.011669000
pgvector,1,insert_emb,-,1497,0,0.004419900
pgvector,1,generar_emb,-,1498,0,0.012973800
pgvector,1,insert_emb,-,1498,0,0.004290900
pgvector,1,generar_emb,-,1499,0,0.012656300
pgvector,1,insert_emb,-,1499,0,0.004140300
pgvector,1,generar_emb,-,1500,0,0.014628300
pgvector,1,insert_emb,-,1500,0,0.004600000
pgvector,1,generar_emb,-,1501,0,0.016215000
pgvector,1,insert_emb,-,1501,0,0.004559300
pgvector,1,generar_emb,-,1502,0,0.012184500
pgvector,1,insert_emb,-,1502,0,0.004434700
pgvector,1,generar_emb,-,1503,0,0.010498200
pgvector,1,insert_emb,-,1503,0,0.004580900
pgvector,1,generar_emb,-,1504,0,0.012067400
pgvector,1,insert_emb,-,1504,0,0.004349700
pgvector,1,generar_emb,-,1505,0,0.011231400
pgvector,1,insert_emb,-,1505,0,0.004758000
pgvector,1,generar_emb,-,1506,0,0.012138000
pgvector,1,insert_emb,-,1506,0,0.004635600
pgvector,1,generar_emb,-,1507,0,0.012352500
pgvector,1,insert_emb,-,1507,0,0.004534500
pgvector,1,generar_emb,-,1508,0,0.012054300
pgvector,1,insert_emb,-,1508,0,0.004509500
pgvector,1,generar_emb,-,1509,0,0.010953500
pgvector,1,insert_emb,-,1509,0,0.004575900
pgvector,1,generar_emb,-,1510,0,0.014015800
pgvector,1,insert_emb,-,1510,0,0.004673100
pgvector,1,generar_emb,-,1511,0,0.011378500
pgvector,1,insert_emb,-,1511,0,0.004241300
pgvector,1,generar_emb,-,1512,0,0.011283400
pgvector,1,insert_emb,-,1512,0,0.004413400
pgvector,1,generar_emb,-,1513,0,0.013656300
pgvector,1,insert_emb,-,1513,0,0.004603100
pgvector,1,generar_emb,-,1514,0,0.013883800
pgvector,1,insert_emb,-,1514,0,0.004085600
pgvector,1,generar_emb,-,1515,0,0.012259400
pgvector,1,insert_emb,-,1515,0,0.004449800
pgvector,1,generar_emb,-,1516,0,0.011374600
pgvector,1,insert_emb,-,1516,0,0.004267100
pgvector,1,generar_emb,-,1517,0,0.013633800
pgvector,1,insert_emb,-,1517,0,0.004098900
pgvector,1,generar_emb,-,1518,0,0.013448400
pgvector,1,insert_emb,-,1518,0,0.004229300
pgvector,1,generar_emb,-,1519,0,0.014283800
pgvector,1,insert_emb,-,1519,0,0.004104300
pgvector,1,generar_emb,-,1520,0,0.011560900
pgvector,1,insert_emb,-,1520,0,0.004203700
pgvector,1,generar_emb,-,1521,0,0.011560100
pgvector,1,insert_emb,-,1521,0,0.004144700
pgvector,1,generar_emb,-,1522,0,0.012425100
pgvector,1,insert_emb,-,1522,0,0.004103100
pgvector,1,generar_emb,-,1523,0,0.011361200
pgvector,1,insert_emb,-,1523,0,0.004150800
pgvector,1,generar_emb,-,1524,0,0.014074600
pgvector,1,insert_emb,-,1524,0,0.004080100
pgvector,1,generar_emb,-,1525,0,0.013881500
pgvector,1,insert_emb,-,1525,0,0.004421400
pgvector,1,generar_emb,-,1526,0,0.011360400
pgvector,1,insert_emb,-,1526,0,0.004359400
pgvector,1,generar_emb,-,1527,0,0.011923200
pgvector,1,insert_emb,-,1527,0,0.004765700
pgvector,1,generar_emb,-,1528,0,0.011222500
pgvector,1,insert_emb,-,1528,0,0.004298700
pgvector,1,generar_emb,-,1529,0,0.013820600
pgvector,1,insert_emb,-,1529,0,0.004219400
pgvector,1,generar_emb,-,1530,0,0.012632900
pgvector,1,insert_emb,-,1530,0,0.004169900
pgvector,1,generar_emb,-,1531,0,0.012956100
pgvector,1,insert_emb,-,1531,0,0.004196500
pgvector,1,generar_emb,-,1532,0,0.013551600
pgvector,1,insert_emb,-,1532,0,0.004555800
pgvector,1,generar_emb,-,1533,0,0.014309300
pgvector,1,insert_emb,-,1533,0,0.004273100
pgvector,1,generar_emb,-,1534,0,0.010747300
pgvector,1,insert_emb,-,1534,0,0.004206300
pgvector,1,generar_emb,-,1535,0,0.010907800
pgvector,1,insert_emb,-,1535,0,0.004254500
pgvector,1,generar_emb,-,1536,0,0.012272700
pgvector,1,insert_emb,-,1536,0,0.004281300
pgvector,1,generar_emb,-,1537,0,0.012123600
pgvector,1,insert_emb,-,1537,0,0.004366000
pgvector,1,generar_emb,-,1538,0,0.012396100
pgvector,1,insert_emb,-,1538,0,0.004271600
pgvector,1,generar_emb,-,1539,0,0.011714500
pgvector,1,insert_emb,-,1539,0,0.004085000
pgvector,1,generar_emb,-,1540,0,0.011953800
pgvector,1,insert_emb,-,1540,0,0.004474800
pgvector,1,generar_emb,-,1541,0,0.012322500
pgvector,1,insert_emb,-,1541,0,0.004371400
pgvector,1,generar_emb,-,1542,0,0.010707200
pgvector,1,insert_emb,-,1542,0,0.004295100
pgvector,1,generar_emb,-,1543,0,0.011518800
pgvector,1,insert_emb,-,1543,0,0.004239500
pgvector,1,generar_emb,-,1544,0,0.011563400
pgvector,1,insert_emb,-,1544,0,0.004597700
pgvector,1,generar_emb,-,1545,0,0.011368000
pgvector,1,insert_emb,-,1545,0,0.004594500
pgvector,1,generar_emb,-,1546,0,0.012676700
pgvector,1,insert_emb,-,1546,0,0.004148400
pgvector,1,generar_emb,-,1547,0,0.010578500
pgvector,1,insert_emb,-,1547,0,0.004097400
pgvector,1,generar_emb,-,1548,0,0.010991200
pgvector,1,insert_emb,-,1548,0,0.004381600
pgvector,1,generar_emb,-,1549,0,0.012583800
pgvector,1,insert_emb,-,1549,0,0.004268100
pgvector,1,generar_emb,-,1550,0,0.011878600
pgvector,1,insert_emb,-,1550,0,0.004106700
pgvector,1,generar_emb,-,1551,0,0.011499500
pgvector,1,insert_emb,-,1551,0,0.004121900
pgvector,1,generar_emb,-,1552,0,0.015763300
pgvector,1,insert_emb,-,1552,0,0.003894700
pgvector,1,generar_emb,-,1553,0,0.015480200
pgvector,1,insert_emb,-,1553,0,0.005062500
pgvector,1,generar_emb,-,1554,0,0.015366500
pgvector,1,insert_emb,-,1554,0,0.005034800
pgvector,1,generar_emb,-,1555,0,0.011854700
pgvector,1,insert_emb,-,1555,0,0.004636200
pgvector,1,generar_emb,-,1556,0,0.013407500
pgvector,1,insert_emb,-,1556,0,0.004743700
pgvector,1,generar_emb,-,1557,0,0.012459900
pgvector,1,insert_emb,-,1557,0,0.004762200
pgvector,1,generar_emb,-,1558,0,0.014278000
pgvector,1,insert_emb,-,1558,0,0.004709700
pgvector,1,generar_emb,-,1559,0,0.012940800
pgvector,1,insert_emb,-,1559,0,0.004700300
pgvector,1,generar_emb,-,1560,0,0.013827700
pgvector,1,insert_emb,-,1560,0,0.004675000
pgvector,1,generar_emb,-,1561,0,0.013288400
pgvector,1,insert_emb,-,1561,0,0.004612100
pgvector,1,generar_emb,-,1562,0,0.013057000
pgvector,1,insert_emb,-,1562,0,0.004455300
pgvector,1,generar_emb,-,1563,0,0.015462700
pgvector,1,insert_emb,-,1563,0,0.005325100
pgvector,1,generar_emb,-,1564,0,0.014647700
pgvector,1,insert_emb,-,1564,0,0.004908800
pgvector,1,generar_emb,-,1565,0,0.011971800
pgvector,1,insert_emb,-,1565,0,0.004581500
pgvector,1,generar_emb,-,1566,0,0.013069700
pgvector,1,insert_emb,-,1566,0,0.004353200
pgvector,1,generar_emb,-,1567,0,0.010941200
pgvector,1,insert_emb,-,1567,0,0.004328300
pgvector,1,generar_emb,-,1568,0,0.011174400
pgvector,1,insert_emb,-,1568,0,0.004295600
pgvector,1,generar_emb,-,1569,0,0.012756300
pgvector,1,insert_emb,-,1569,0,0.004383900
pgvector,1,generar_emb,-,1570,0,0.013013600
pgvector,1,insert_emb,-,1570,0,0.004575700
pgvector,1,generar_emb,-,1571,0,0.013115500
pgvector,1,insert_emb,-,1571,0,0.004062800
pgvector,1,generar_emb,-,1572,0,0.013677900
pgvector,1,insert_emb,-,1572,0,0.004183200
pgvector,1,generar_emb,-,1573,0,0.010717100
pgvector,1,insert_emb,-,1573,0,0.004323900
pgvector,1,generar_emb,-,1574,0,0.012522000
pgvector,1,insert_emb,-,1574,0,0.004429100
pgvector,1,generar_emb,-,1575,0,0.011701300
pgvector,1,insert_emb,-,1575,0,0.004312400
pgvector,1,generar_emb,-,1576,0,0.012366600
pgvector,1,insert_emb,-,1576,0,0.004349700
pgvector,1,generar_emb,-,1577,0,0.011954400
pgvector,1,insert_emb,-,1577,0,0.004363400
pgvector,1,generar_emb,-,1578,0,0.011567600
pgvector,1,insert_emb,-,1578,0,0.004304300
pgvector,1,generar_emb,-,1579,0,0.011852600
pgvector,1,insert_emb,-,1579,0,0.004262400
pgvector,1,generar_emb,-,1580,0,0.011177200
pgvector,1,insert_emb,-,1580,0,0.004310100
pgvector,1,generar_emb,-,1581,0,0.011282100
pgvector,1,insert_emb,-,1581,0,0.004233900
pgvector,1,generar_emb,-,1582,0,0.012360100
pgvector,1,insert_emb,-,1582,0,0.004368200
pgvector,1,generar_emb,-,1583,0,0.011335400
pgvector,1,insert_emb,-,1583,0,0.004451700
pgvector,1,generar_emb,-,1584,0,0.011361200
pgvector,1,insert_emb,-,1584,0,0.004161700
pgvector,1,generar_emb,-,1585,0,0.011716100
pgvector,1,insert_emb,-,1585,0,0.004588200
pgvector,1,generar_emb,-,1586,0,0.014295500
pgvector,1,insert_emb,-,1586,0,0.004787900
pgvector,1,generar_emb,-,1587,0,0.014136700
pgvector,1,insert_emb,-,1587,0,0.004184900
pgvector,1,generar_emb,-,1588,0,0.014288700
pgvector,1,insert_emb,-,1588,0,0.004715000
pgvector,1,generar_emb,-,1589,0,0.012602100
pgvector,1,insert_emb,-,1589,0,0.004165300
pgvector,1,generar_emb,-,1590,0,0.013425800
pgvector,1,insert_emb,-,1590,0,0.004543800
pgvector,1,generar_emb,-,1591,0,0.011822000
pgvector,1,insert_emb,-,1591,0,0.004433600
pgvector,1,generar_emb,-,1592,0,0.011303500
pgvector,1,insert_emb,-,1592,0,0.004184100
pgvector,1,generar_emb,-,1593,0,0.011726700
pgvector,1,insert_emb,-,1593,0,0.004010700
pgvector,1,generar_emb,-,1594,0,0.012550700
pgvector,1,insert_emb,-,1594,0,0.004596900
pgvector,1,generar_emb,-,1595,0,0.011771100
pgvector,1,insert_emb,-,1595,0,0.004566300
pgvector,1,generar_emb,-,1596,0,0.010610500
pgvector,1,insert_emb,-,1596,0,0.004510000
pgvector,1,generar_emb,-,1597,0,0.012039000
pgvector,1,insert_emb,-,1597,0,0.004556200
pgvector,1,generar_emb,-,1598,0,0.013111700
pgvector,1,insert_emb,-,1598,0,0.004707400
pgvector,1,generar_emb,-,1599,0,0.011735400
pgvector,1,insert_emb,-,1599,0,0.004555600
pgvector,1,generar_emb,-,1600,0,0.010942000
pgvector,1,insert_emb,-,1600,0,0.004645000
pgvector,1,generar_emb,-,1601,0,0.012868700
pgvector,1,insert_emb,-,1601,0,0.005009900
pgvector,1,generar_emb,-,1602,0,0.012409500
pgvector,1,insert_emb,-,1602,0,0.004160600
pgvector,1,generar_emb,-,1603,0,0.011740800
pgvector,1,insert_emb,-,1603,0,0.004440500
pgvector,1,generar_emb,-,1604,0,0.011658000
pgvector,1,insert_emb,-,1604,0,0.004303200
pgvector,1,generar_emb,-,1605,0,0.011491000
pgvector,1,insert_emb,-,1605,0,0.004548000
pgvector,1,generar_emb,-,1606,0,0.010920000
pgvector,1,insert_emb,-,1606,0,0.004333800
pgvector,1,generar_emb,-,1607,0,0.011583000
pgvector,1,insert_emb,-,1607,0,0.004392900
pgvector,1,generar_emb,-,1608,0,0.010941900
pgvector,1,insert_emb,-,1608,0,0.004395900
pgvector,1,generar_emb,-,1609,0,0.012349500
pgvector,1,insert_emb,-,1609,0,0.004246600
pgvector,1,generar_emb,-,1610,0,0.012047600
pgvector,1,insert_emb,-,1610,0,0.004354500
pgvector,1,generar_emb,-,1611,0,0.011859700
pgvector,1,insert_emb,-,1611,0,0.004376900
pgvector,1,generar_emb,-,1612,0,0.011778300
pgvector,1,insert_emb,-,1612,0,0.005151000
pgvector,1,generar_emb,-,1613,0,0.020659500
pgvector,1,insert_emb,-,1613,0,0.004918900
pgvector,1,generar_emb,-,1614,0,0.014702000
pgvector,1,insert_emb,-,1614,0,0.004452200
pgvector,1,generar_emb,-,1615,0,0.012734900
pgvector,1,insert_emb,-,1615,0,0.004289700
pgvector,1,generar_emb,-,1616,0,0.011461300
pgvector,1,insert_emb,-,1616,0,0.004176500
pgvector,1,generar_emb,-,1617,0,0.011818300
pgvector,1,insert_emb,-,1617,0,0.004208100
pgvector,1,generar_emb,-,1618,0,0.010752800
pgvector,1,insert_emb,-,1618,0,0.004204500
pgvector,1,generar_emb,-,1619,0,0.012230600
pgvector,1,insert_emb,-,1619,0,0.004141900
pgvector,1,generar_emb,-,1620,0,0.012649500
pgvector,1,insert_emb,-,1620,0,0.004408200
pgvector,1,generar_emb,-,1621,0,0.010868700
pgvector,1,insert_emb,-,1621,0,0.004505100
pgvector,1,generar_emb,-,1622,0,0.013934600
pgvector,1,insert_emb,-,1622,0,0.004066900
pgvector,1,generar_emb,-,1623,0,0.013444200
pgvector,1,insert_emb,-,1623,0,0.004339900
pgvector,1,generar_emb,-,1624,0,0.011606300
pgvector,1,insert_emb,-,1624,0,0.004673800
pgvector,1,generar_emb,-,1625,0,0.014914400
pgvector,1,insert_emb,-,1625,0,0.004670900
pgvector,1,generar_emb,-,1626,0,0.013131700
pgvector,1,insert_emb,-,1626,0,0.004199100
pgvector,1,generar_emb,-,1627,0,0.013805000
pgvector,1,insert_emb,-,1627,0,0.004295800
pgvector,1,generar_emb,-,1628,0,0.012755700
pgvector,1,insert_emb,-,1628,0,0.004273800
pgvector,1,generar_emb,-,1629,0,0.013387200
pgvector,1,insert_emb,-,1629,0,0.004285700
pgvector,1,generar_emb,-,1630,0,0.011153100
pgvector,1,insert_emb,-,1630,0,0.004342400
pgvector,1,generar_emb,-,1631,0,0.010761800
pgvector,1,insert_emb,-,1631,0,0.004191600
pgvector,1,generar_emb,-,1632,0,0.012473900
pgvector,1,insert_emb,-,1632,0,0.004289600
pgvector,1,generar_emb,-,1633,0,0.012946400
pgvector,1,insert_emb,-,1633,0,0.004064100
pgvector,1,generar_emb,-,1634,0,0.013128000
pgvector,1,insert_emb,-,1634,0,0.004212800
pgvector,1,generar_emb,-,1635,0,0.012996600
pgvector,1,insert_emb,-,1635,0,0.004341200
pgvector,1,generar_emb,-,1636,0,0.011838000
pgvector,1,insert_emb,-,1636,0,0.004044500
pgvector,1,generar_emb,-,1637,0,0.015049400
pgvector,1,insert_emb,-,1637,0,0.004241300
pgvector,1,generar_emb,-,1638,0,0.011724500
pgvector,1,insert_emb,-,1638,0,0.004205100
pgvector,1,generar_emb,-,1639,0,0.012402100
pgvector,1,insert_emb,-,1639,0,0.004197000
pgvector,1,generar_emb,-,1640,0,0.012968900
pgvector,1,insert_emb,-,1640,0,0.004214300
pgvector,1,generar_emb,-,1641,0,0.013161800
pgvector,1,insert_emb,-,1641,0,0.004660200
pgvector,1,generar_emb,-,1642,0,0.012669900
pgvector,1,insert_emb,-,1642,0,0.004413000
pgvector,1,generar_emb,-,1643,0,0.011811300
pgvector,1,insert_emb,-,1643,0,0.004405700
pgvector,1,generar_emb,-,1644,0,0.011804200
pgvector,1,insert_emb,-,1644,0,0.004220500
pgvector,1,generar_emb,-,1645,0,0.014290800
pgvector,1,insert_emb,-,1645,0,0.004334500
pgvector,1,generar_emb,-,1646,0,0.016170500
pgvector,1,insert_emb,-,1646,0,0.004501800
pgvector,1,generar_emb,-,1647,0,0.013341500
pgvector,1,insert_emb,-,1647,0,0.004207100
pgvector,1,generar_emb,-,1648,0,0.014675700
pgvector,1,insert_emb,-,1648,0,0.004250200
pgvector,1,generar_emb,-,1649,0,0.014628500
pgvector,1,insert_emb,-,1649,0,0.004401700
pgvector,1,generar_emb,-,1650,0,0.011621400
pgvector,1,insert_emb,-,1650,0,0.004449800
pgvector,1,generar_emb,-,1651,0,0.013976600
pgvector,1,insert_emb,-,1651,0,0.004170300
pgvector,1,generar_emb,-,1652,0,0.013430800
pgvector,1,insert_emb,-,1652,0,0.004195100
pgvector,1,generar_emb,-,1653,0,0.013296400
pgvector,1,insert_emb,-,1653,0,0.004039400
pgvector,1,generar_emb,-,1654,0,0.011798600
pgvector,1,insert_emb,-,1654,0,0.004403900
pgvector,1,generar_emb,-,1655,0,0.013531400
pgvector,1,insert_emb,-,1655,0,0.004179900
pgvector,1,generar_emb,-,1656,0,0.012541600
pgvector,1,insert_emb,-,1656,0,0.004142700
pgvector,1,generar_emb,-,1657,0,0.011479400
pgvector,1,insert_emb,-,1657,0,0.004650800
pgvector,1,generar_emb,-,1658,0,0.011663800
pgvector,1,insert_emb,-,1658,0,0.004283100
pgvector,1,generar_emb,-,1659,0,0.012265300
pgvector,1,insert_emb,-,1659,0,0.004352800
pgvector,1,generar_emb,-,1660,0,0.011440200
pgvector,1,insert_emb,-,1660,0,0.004307100
pgvector,1,generar_emb,-,1661,0,0.012558600
pgvector,1,insert_emb,-,1661,0,0.004289000
pgvector,1,generar_emb,-,1662,0,0.012523800
pgvector,1,insert_emb,-,1662,0,0.004204400
pgvector,1,generar_emb,-,1663,0,0.012930200
pgvector,1,insert_emb,-,1663,0,0.004245200
pgvector,1,generar_emb,-,1664,0,0.012721000
pgvector,1,insert_emb,-,1664,0,0.004362800
pgvector,1,generar_emb,-,1665,0,0.011789700
pgvector,1,insert_emb,-,1665,0,0.004641500
pgvector,1,generar_emb,-,1666,0,0.012725300
pgvector,1,insert_emb,-,1666,0,0.004190400
pgvector,1,generar_emb,-,1667,0,0.017178000
pgvector,1,insert_emb,-,1667,0,0.004617200
pgvector,1,generar_emb,-,1668,0,0.010873700
pgvector,1,insert_emb,-,1668,0,0.004426600
pgvector,1,generar_emb,-,1669,0,0.010577600
pgvector,1,insert_emb,-,1669,0,0.004557100
pgvector,1,generar_emb,-,1670,0,0.011400200
pgvector,1,insert_emb,-,1670,0,0.004768000
pgvector,1,generar_emb,-,1671,0,0.012185000
pgvector,1,insert_emb,-,1671,0,0.004425600
pgvector,1,generar_emb,-,1672,0,0.013116700
pgvector,1,insert_emb,-,1672,0,0.004122500
pgvector,1,generar_emb,-,1673,0,0.015152800
pgvector,1,insert_emb,-,1673,0,0.004237500
pgvector,1,generar_emb,-,1674,0,0.014135800
pgvector,1,insert_emb,-,1674,0,0.004339100
pgvector,1,generar_emb,-,1675,0,0.011122100
pgvector,1,insert_emb,-,1675,0,0.004323700
pgvector,1,generar_emb,-,1676,0,0.012442500
pgvector,1,insert_emb,-,1676,0,0.004235700
pgvector,1,generar_emb,-,1677,0,0.011304200
pgvector,1,insert_emb,-,1677,0,0.004179000
pgvector,1,generar_emb,-,1678,0,0.012885600
pgvector,1,insert_emb,-,1678,0,0.004109100
pgvector,1,generar_emb,-,1679,0,0.012405500
pgvector,1,insert_emb,-,1679,0,0.004119000
pgvector,1,generar_emb,-,1680,0,0.011033900
pgvector,1,insert_emb,-,1680,0,0.004243400
pgvector,1,generar_emb,-,1681,0,0.010647400
pgvector,1,insert_emb,-,1681,0,0.004093600
pgvector,1,generar_emb,-,1682,0,0.010970200
pgvector,1,insert_emb,-,1682,0,0.004023400
pgvector,1,generar_emb,-,1683,0,0.010809600
pgvector,1,insert_emb,-,1683,0,0.004107200
pgvector,1,generar_emb,-,1684,0,0.011639300
pgvector,1,insert_emb,-,1684,0,0.004136100
pgvector,1,generar_emb,-,1685,0,0.012042600
pgvector,1,insert_emb,-,1685,0,0.004279600
pgvector,1,generar_emb,-,1686,0,0.014165100
pgvector,1,insert_emb,-,1686,0,0.004465400
pgvector,1,generar_emb,-,1687,0,0.011139400
pgvector,1,insert_emb,-,1687,0,0.004733200
pgvector,1,generar_emb,-,1688,0,0.012380900
pgvector,1,insert_emb,-,1688,0,0.004625400
pgvector,1,generar_emb,-,1689,0,0.011132600
pgvector,1,insert_emb,-,1689,0,0.004527200
pgvector,1,generar_emb,-,1690,0,0.011904600
pgvector,1,insert_emb,-,1690,0,0.004590700
pgvector,1,generar_emb,-,1691,0,0.014008900
pgvector,1,insert_emb,-,1691,0,0.004586200
pgvector,1,generar_emb,-,1692,0,0.013969300
pgvector,1,insert_emb,-,1692,0,0.004370400
pgvector,1,generar_emb,-,1693,0,0.012235700
pgvector,1,insert_emb,-,1693,0,0.004634100
pgvector,1,generar_emb,-,1694,0,0.011732200
pgvector,1,insert_emb,-,1694,0,0.004641900
pgvector,1,generar_emb,-,1695,0,0.012355300
pgvector,1,insert_emb,-,1695,0,0.004128000
pgvector,1,generar_emb,-,1696,0,0.013476500
pgvector,1,insert_emb,-,1696,0,0.004547600
pgvector,1,generar_emb,-,1697,0,0.011950600
pgvector,1,insert_emb,-,1697,0,0.004248600
pgvector,1,generar_emb,-,1698,0,0.012564300
pgvector,1,insert_emb,-,1698,0,0.004216300
pgvector,1,generar_emb,-,1699,0,0.011153600
pgvector,1,insert_emb,-,1699,0,0.004430700
pgvector,1,generar_emb,-,1700,0,0.012783800
pgvector,1,insert_emb,-,1700,0,0.004680200
pgvector,1,generar_emb,-,1701,0,0.012803400
pgvector,1,insert_emb,-,1701,0,0.004721200
pgvector,1,generar_emb,-,1702,0,0.014614300
pgvector,1,insert_emb,-,1702,0,0.004507700
pgvector,1,generar_emb,-,1703,0,0.014140800
pgvector,1,insert_emb,-,1703,0,0.004692200
pgvector,1,generar_emb,-,1704,0,0.013390700
pgvector,1,insert_emb,-,1704,0,0.004519100
pgvector,1,generar_emb,-,1705,0,0.012550900
pgvector,1,insert_emb,-,1705,0,0.004537000
pgvector,1,generar_emb,-,1706,0,0.011785500
pgvector,1,insert_emb,-,1706,0,0.004459700
pgvector,1,generar_emb,-,1707,0,0.014490200
pgvector,1,insert_emb,-,1707,0,0.004352600
pgvector,1,generar_emb,-,1708,0,0.020283700
pgvector,1,insert_emb,-,1708,0,0.004585200
pgvector,1,generar_emb,-,1709,0,0.014827700
pgvector,1,insert_emb,-,1709,0,0.004463400
pgvector,1,generar_emb,-,1710,0,0.014317200
pgvector,1,insert_emb,-,1710,0,0.004973300
pgvector,1,generar_emb,-,1711,0,0.013523900
pgvector,1,insert_emb,-,1711,0,0.004524800
pgvector,1,generar_emb,-,1712,0,0.013097000
pgvector,1,insert_emb,-,1712,0,0.004142400
pgvector,1,generar_emb,-,1713,0,0.011293700
pgvector,1,insert_emb,-,1713,0,0.004137100
pgvector,1,generar_emb,-,1714,0,0.012307500
pgvector,1,insert_emb,-,1714,0,0.004143500
pgvector,1,generar_emb,-,1715,0,0.011631200
pgvector,1,insert_emb,-,1715,0,0.004206600
pgvector,1,generar_emb,-,1716,0,0.011721700
pgvector,1,insert_emb,-,1716,0,0.004267400
pgvector,1,generar_emb,-,1717,0,0.010894900
pgvector,1,insert_emb,-,1717,0,0.004330300
pgvector,1,generar_emb,-,1718,0,0.011914700
pgvector,1,insert_emb,-,1718,0,0.004151200
pgvector,1,generar_emb,-,1719,0,0.012949000
pgvector,1,insert_emb,-,1719,0,0.003995700
pgvector,1,generar_emb,-,1720,0,0.011969100
pgvector,1,insert_emb,-,1720,0,0.004396200
pgvector,1,generar_emb,-,1721,0,0.011045400
pgvector,1,insert_emb,-,1721,0,0.004534600
pgvector,1,generar_emb,-,1722,0,0.012519200
pgvector,1,insert_emb,-,1722,0,0.004526900
pgvector,1,generar_emb,-,1723,0,0.012372300
pgvector,1,insert_emb,-,1723,0,0.004700800
pgvector,1,generar_emb,-,1724,0,0.012867400
pgvector,1,insert_emb,-,1724,0,0.004190800
pgvector,1,generar_emb,-,1725,0,0.012902000
pgvector,1,insert_emb,-,1725,0,0.004252800
pgvector,1,generar_emb,-,1726,0,0.013221400
pgvector,1,insert_emb,-,1726,0,0.004298000
pgvector,1,generar_emb,-,1727,0,0.012128400
pgvector,1,insert_emb,-,1727,0,0.004371000
pgvector,1,generar_emb,-,1728,0,0.013306300
pgvector,1,insert_emb,-,1728,0,0.004071600
pgvector,1,generar_emb,-,1729,0,0.013244600
pgvector,1,insert_emb,-,1729,0,0.004221100
pgvector,1,generar_emb,-,1730,0,0.011908000
pgvector,1,insert_emb,-,1730,0,0.004264900
pgvector,1,generar_emb,-,1731,0,0.014193400
pgvector,1,insert_emb,-,1731,0,0.004020500
pgvector,1,generar_emb,-,1732,0,0.012309700
pgvector,1,insert_emb,-,1732,0,0.004178500
pgvector,1,generar_emb,-,1733,0,0.011987700
pgvector,1,insert_emb,-,1733,0,0.003970500
pgvector,1,generar_emb,-,1734,0,0.012177300
pgvector,1,insert_emb,-,1734,0,0.004449900
pgvector,1,generar_emb,-,1735,0,0.011813800
pgvector,1,insert_emb,-,1735,0,0.004410300
pgvector,1,generar_emb,-,1736,0,0.012866800
pgvector,1,insert_emb,-,1736,0,0.004393500
pgvector,1,generar_emb,-,1737,0,0.012245200
pgvector,1,insert_emb,-,1737,0,0.004262400
pgvector,1,generar_emb,-,1738,0,0.011583600
pgvector,1,insert_emb,-,1738,0,0.004363600
pgvector,1,generar_emb,-,1739,0,0.011546800
pgvector,1,insert_emb,-,1739,0,0.004420900
pgvector,1,generar_emb,-,1740,0,0.011846200
pgvector,1,insert_emb,-,1740,0,0.004468400
pgvector,1,generar_emb,-,1741,0,0.013401000
pgvector,1,insert_emb,-,1741,0,0.004318200
pgvector,1,generar_emb,-,1742,0,0.013456900
pgvector,1,insert_emb,-,1742,0,0.005007800
pgvector,1,generar_emb,-,1743,0,0.012515200
pgvector,1,insert_emb,-,1743,0,0.004719000
pgvector,1,generar_emb,-,1744,0,0.011736200
pgvector,1,insert_emb,-,1744,0,0.004774900
pgvector,1,generar_emb,-,1745,0,0.011730700
pgvector,1,insert_emb,-,1745,0,0.004663100
pgvector,1,generar_emb,-,1746,0,0.011803100
pgvector,1,insert_emb,-,1746,0,0.004578200
pgvector,1,generar_emb,-,1747,0,0.011615600
pgvector,1,insert_emb,-,1747,0,0.004567000
pgvector,1,generar_emb,-,1748,0,0.010739700
pgvector,1,insert_emb,-,1748,0,0.004542300
pgvector,1,generar_emb,-,1749,0,0.012275800
pgvector,1,insert_emb,-,1749,0,0.004611300
pgvector,1,generar_emb,-,1750,0,0.012048900
pgvector,1,insert_emb,-,1750,0,0.004159600
pgvector,1,generar_emb,-,1751,0,0.012316500
pgvector,1,insert_emb,-,1751,0,0.004149500
pgvector,1,generar_emb,-,1752,0,0.011414200
pgvector,1,insert_emb,-,1752,0,0.004280800
pgvector,1,generar_emb,-,1753,0,0.013954000
pgvector,1,insert_emb,-,1753,0,0.004558900
pgvector,1,generar_emb,-,1754,0,0.012476300
pgvector,1,insert_emb,-,1754,0,0.004557900
pgvector,1,generar_emb,-,1755,0,0.011944300
pgvector,1,insert_emb,-,1755,0,0.004468900
pgvector,1,generar_emb,-,1756,0,0.011861200
pgvector,1,insert_emb,-,1756,0,0.004432500
pgvector,1,generar_emb,-,1757,0,0.012055500
pgvector,1,insert_emb,-,1757,0,0.004256000
pgvector,1,generar_emb,-,1758,0,0.011498200
pgvector,1,insert_emb,-,1758,0,0.004348500
pgvector,1,generar_emb,-,1759,0,0.014855900
pgvector,1,insert_emb,-,1759,0,0.004094800
pgvector,1,generar_emb,-,1760,0,0.014690100
pgvector,1,insert_emb,-,1760,0,0.004238800
pgvector,1,generar_emb,-,1761,0,0.012181400
pgvector,1,insert_emb,-,1761,0,0.004149400
pgvector,1,generar_emb,-,1762,0,0.012957500
pgvector,1,insert_emb,-,1762,0,0.004289000
pgvector,1,generar_emb,-,1763,0,0.013731800
pgvector,1,insert_emb,-,1763,0,0.004269300
pgvector,1,generar_emb,-,1764,0,0.013918200
pgvector,1,insert_emb,-,1764,0,0.004113300
pgvector,1,generar_emb,-,1765,0,0.013896700
pgvector,1,insert_emb,-,1765,0,0.004238000
pgvector,1,generar_emb,-,1766,0,0.013012000
pgvector,1,insert_emb,-,1766,0,0.004262100
pgvector,1,generar_emb,-,1767,0,0.012862400
pgvector,1,insert_emb,-,1767,0,0.003863000
pgvector,1,generar_emb,-,1768,0,0.013528300
pgvector,1,insert_emb,-,1768,0,0.004239800
pgvector,1,generar_emb,-,1769,0,0.013558900
pgvector,1,insert_emb,-,1769,0,0.004105700
pgvector,1,generar_emb,-,1770,0,0.016305700
pgvector,1,insert_emb,-,1770,0,0.004308900
pgvector,1,generar_emb,-,1771,0,0.014032900
pgvector,1,insert_emb,-,1771,0,0.004174300
pgvector,1,generar_emb,-,1772,0,0.015358200
pgvector,1,insert_emb,-,1772,0,0.004385500
pgvector,1,generar_emb,-,1773,0,0.014315100
pgvector,1,insert_emb,-,1773,0,0.004246600
pgvector,1,generar_emb,-,1774,0,0.011673800
pgvector,1,insert_emb,-,1774,0,0.004139900
pgvector,1,generar_emb,-,1775,0,0.012679100
pgvector,1,insert_emb,-,1775,0,0.004267100
pgvector,1,generar_emb,-,1776,0,0.013325300
pgvector,1,insert_emb,-,1776,0,0.004347100
pgvector,1,generar_emb,-,1777,0,0.013293600
pgvector,1,insert_emb,-,1777,0,0.004680700
pgvector,1,generar_emb,-,1778,0,0.016771800
pgvector,1,insert_emb,-,1778,0,0.004113800
pgvector,1,generar_emb,-,1779,0,0.012793200
pgvector,1,insert_emb,-,1779,0,0.004089800
pgvector,1,generar_emb,-,1780,0,0.014219100
pgvector,1,insert_emb,-,1780,0,0.004203900
pgvector,1,generar_emb,-,1781,0,0.012455100
pgvector,1,insert_emb,-,1781,0,0.003866800
pgvector,1,generar_emb,-,1782,0,0.011518700
pgvector,1,insert_emb,-,1782,0,0.003959200
pgvector,1,generar_emb,-,1783,0,0.010180200
pgvector,1,insert_emb,-,1783,0,0.004193700
pgvector,1,generar_emb,-,1784,0,0.012875500
pgvector,1,insert_emb,-,1784,0,0.003932600
pgvector,1,generar_emb,-,1785,0,0.011317600
pgvector,1,insert_emb,-,1785,0,0.004295800
pgvector,1,generar_emb,-,1786,0,0.011574200
pgvector,1,insert_emb,-,1786,0,0.004238100
pgvector,1,generar_emb,-,1787,0,0.012687600
pgvector,1,insert_emb,-,1787,0,0.004080500
pgvector,1,generar_emb,-,1788,0,0.015779200
pgvector,1,insert_emb,-,1788,0,0.004881900
pgvector,1,generar_emb,-,1789,0,0.012453800
pgvector,1,insert_emb,-,1789,0,0.004637400
pgvector,1,generar_emb,-,1790,0,0.011276500
pgvector,1,insert_emb,-,1790,0,0.004365600
pgvector,1,generar_emb,-,1791,0,0.012940800
pgvector,1,insert_emb,-,1791,0,0.004078200
pgvector,1,generar_emb,-,1792,0,0.011898100
pgvector,1,insert_emb,-,1792,0,0.003927600
pgvector,1,generar_emb,-,1793,0,0.010909000
pgvector,1,insert_emb,-,1793,0,0.004058700
pgvector,1,generar_emb,-,1794,0,0.014385500
pgvector,1,insert_emb,-,1794,0,0.004233800
pgvector,1,generar_emb,-,1795,0,0.012622000
pgvector,1,insert_emb,-,1795,0,0.004210000
pgvector,1,generar_emb,-,1796,0,0.012238600
pgvector,1,insert_emb,-,1796,0,0.004028300
pgvector,1,generar_emb,-,1797,0,0.012364400
pgvector,1,insert_emb,-,1797,0,0.003993900
pgvector,1,generar_emb,-,1798,0,0.013937500
pgvector,1,insert_emb,-,1798,0,0.004014700
pgvector,1,generar_emb,-,1799,0,0.012984200
pgvector,1,insert_emb,-,1799,0,0.004050900
pgvector,1,generar_emb,-,1800,0,0.015573600
pgvector,1,insert_emb,-,1800,0,0.004488700
pgvector,1,generar_emb,-,1801,0,0.013675200
pgvector,1,insert_emb,-,1801,0,0.004104500
pgvector,1,generar_emb,-,1802,0,0.016719300
pgvector,1,insert_emb,-,1802,0,0.004260000
pgvector,1,generar_emb,-,1803,0,0.012603500
pgvector,1,insert_emb,-,1803,0,0.004060300
pgvector,1,generar_emb,-,1804,0,0.011471200
pgvector,1,insert_emb,-,1804,0,0.004206800
pgvector,1,generar_emb,-,1805,0,0.012941800
pgvector,1,insert_emb,-,1805,0,0.004257900
pgvector,1,generar_emb,-,1806,0,0.015467300
pgvector,1,insert_emb,-,1806,0,0.004156900
pgvector,1,generar_emb,-,1807,0,0.013157900
pgvector,1,insert_emb,-,1807,0,0.003947900
pgvector,1,generar_emb,-,1808,0,0.013664900
pgvector,1,insert_emb,-,1808,0,0.004247400
pgvector,1,generar_emb,-,1809,0,0.016171500
pgvector,1,insert_emb,-,1809,0,0.004102300
pgvector,1,generar_emb,-,1810,0,0.012275700
pgvector,1,insert_emb,-,1810,0,0.004255400
pgvector,1,generar_emb,-,1811,0,0.013954500
pgvector,1,insert_emb,-,1811,0,0.004185800
pgvector,1,generar_emb,-,1812,0,0.012677100
pgvector,1,insert_emb,-,1812,0,0.004106400
pgvector,1,generar_emb,-,1813,0,0.011493700
pgvector,1,insert_emb,-,1813,0,0.004468500
pgvector,1,generar_emb,-,1814,0,0.013016000
pgvector,1,insert_emb,-,1814,0,0.004240700
pgvector,1,generar_emb,-,1815,0,0.011601400
pgvector,1,insert_emb,-,1815,0,0.004137900
pgvector,1,generar_emb,-,1816,0,0.011526900
pgvector,1,insert_emb,-,1816,0,0.004008200
pgvector,1,generar_emb,-,1817,0,0.015963300
pgvector,1,insert_emb,-,1817,0,0.003976800
pgvector,1,generar_emb,-,1818,0,0.012256900
pgvector,1,insert_emb,-,1818,0,0.004062000
pgvector,1,generar_emb,-,1819,0,0.014198700
pgvector,1,insert_emb,-,1819,0,0.004425200
pgvector,1,generar_emb,-,1820,0,0.015702200
pgvector,1,insert_emb,-,1820,0,0.004261800
pgvector,1,generar_emb,-,1821,0,0.013588100
pgvector,1,insert_emb,-,1821,0,0.004229600
pgvector,1,generar_emb,-,1822,0,0.015113300
pgvector,1,insert_emb,-,1822,0,0.004143000
pgvector,1,generar_emb,-,1823,0,0.012927300
pgvector,1,insert_emb,-,1823,0,0.004016900
pgvector,1,generar_emb,-,1824,0,0.012271100
pgvector,1,insert_emb,-,1824,0,0.003966300
pgvector,1,generar_emb,-,1825,0,0.012731100
pgvector,1,insert_emb,-,1825,0,0.004471800
pgvector,1,generar_emb,-,1826,0,0.011786000
pgvector,1,insert_emb,-,1826,0,0.004138100
pgvector,1,generar_emb,-,1827,0,0.012483700
pgvector,1,insert_emb,-,1827,0,0.004220400
pgvector,1,generar_emb,-,1828,0,0.010834700
pgvector,1,insert_emb,-,1828,0,0.004240100
pgvector,1,generar_emb,-,1829,0,0.012016300
pgvector,1,insert_emb,-,1829,0,0.004340600
pgvector,1,generar_emb,-,1830,0,0.013672200
pgvector,1,insert_emb,-,1830,0,0.004215600
pgvector,1,generar_emb,-,1831,0,0.013091200
pgvector,1,insert_emb,-,1831,0,0.004314600
pgvector,1,generar_emb,-,1832,0,0.011755100
pgvector,1,insert_emb,-,1832,0,0.004219200
pgvector,1,generar_emb,-,1833,0,0.011427900
pgvector,1,insert_emb,-,1833,0,0.004304100
pgvector,1,generar_emb,-,1834,0,0.012415200
pgvector,1,insert_emb,-,1834,0,0.004244400
pgvector,1,generar_emb,-,1835,0,0.015043200
pgvector,1,insert_emb,-,1835,0,0.004053100
pgvector,1,generar_emb,-,1836,0,0.012181300
pgvector,1,insert_emb,-,1836,0,0.004276600
pgvector,1,generar_emb,-,1837,0,0.012499200
pgvector,1,insert_emb,-,1837,0,0.004442100
pgvector,1,generar_emb,-,1838,0,0.013448900
pgvector,1,insert_emb,-,1838,0,0.004282700
pgvector,1,generar_emb,-,1839,0,0.011736600
pgvector,1,insert_emb,-,1839,0,0.004232600
pgvector,1,generar_emb,-,1840,0,0.012776400
pgvector,1,insert_emb,-,1840,0,0.004594200
pgvector,1,generar_emb,-,1841,0,0.015430700
pgvector,1,insert_emb,-,1841,0,0.004767300
pgvector,1,generar_emb,-,1842,0,0.014047400
pgvector,1,insert_emb,-,1842,0,0.004554400
pgvector,1,generar_emb,-,1843,0,0.012973800
pgvector,1,insert_emb,-,1843,0,0.004527400
pgvector,1,generar_emb,-,1844,0,0.012073100
pgvector,1,insert_emb,-,1844,0,0.004062600
pgvector,1,generar_emb,-,1845,0,0.013083500
pgvector,1,insert_emb,-,1845,0,0.003988200
pgvector,1,generar_emb,-,1846,0,0.012891800
pgvector,1,insert_emb,-,1846,0,0.004138100
pgvector,1,generar_emb,-,1847,0,0.011662100
pgvector,1,insert_emb,-,1847,0,0.004040400
pgvector,1,generar_emb,-,1848,0,0.013749800
pgvector,1,insert_emb,-,1848,0,0.004001500
pgvector,1,generar_emb,-,1849,0,0.013023200
pgvector,1,insert_emb,-,1849,0,0.003903900
pgvector,1,generar_emb,-,1850,0,0.011869000
pgvector,1,insert_emb,-,1850,0,0.004069300
pgvector,1,generar_emb,-,1851,0,0.011347200
pgvector,1,insert_emb,-,1851,0,0.003878800
pgvector,1,generar_emb,-,1852,0,0.012945500
pgvector,1,insert_emb,-,1852,0,0.003962800
pgvector,1,generar_emb,-,1853,0,0.011130600
pgvector,1,insert_emb,-,1853,0,0.003950900
pgvector,1,generar_emb,-,1854,0,0.011275100
pgvector,1,insert_emb,-,1854,0,0.004028200
pgvector,1,generar_emb,-,1855,0,0.011595600
pgvector,1,insert_emb,-,1855,0,0.004125200
pgvector,1,generar_emb,-,1856,0,0.011396700
pgvector,1,insert_emb,-,1856,0,0.004156100
pgvector,1,generar_emb,-,1857,0,0.011752900
pgvector,1,insert_emb,-,1857,0,0.004060100
pgvector,1,generar_emb,-,1858,0,0.014003200
pgvector,1,insert_emb,-,1858,0,0.004638100
pgvector,1,generar_emb,-,1859,0,0.012587700
pgvector,1,insert_emb,-,1859,0,0.004053800
pgvector,1,generar_emb,-,1860,0,0.012761700
pgvector,1,insert_emb,-,1860,0,0.004006700
pgvector,1,generar_emb,-,1861,0,0.014215200
pgvector,1,insert_emb,-,1861,0,0.004172400
pgvector,1,generar_emb,-,1862,0,0.013436100
pgvector,1,insert_emb,-,1862,0,0.004209300
pgvector,1,generar_emb,-,1863,0,0.012535500
pgvector,1,insert_emb,-,1863,0,0.004118800
pgvector,1,generar_emb,-,1864,0,0.013035700
pgvector,1,insert_emb,-,1864,0,0.004067200
pgvector,1,generar_emb,-,1865,0,0.015209100
pgvector,1,insert_emb,-,1865,0,0.004555500
pgvector,1,generar_emb,-,1866,0,0.012624400
pgvector,1,insert_emb,-,1866,0,0.004071300
pgvector,1,generar_emb,-,1867,0,0.011116200
pgvector,1,insert_emb,-,1867,0,0.004239400
pgvector,1,generar_emb,-,1868,0,0.010714500
pgvector,1,insert_emb,-,1868,0,0.004133800
pgvector,1,generar_emb,-,1869,0,0.012161800
pgvector,1,insert_emb,-,1869,0,0.004185600
pgvector,1,generar_emb,-,1870,0,0.012103100
pgvector,1,insert_emb,-,1870,0,0.004266100
pgvector,1,generar_emb,-,1871,0,0.011788900
pgvector,1,insert_emb,-,1871,0,0.004315300
pgvector,1,generar_emb,-,1872,0,0.012280100
pgvector,1,insert_emb,-,1872,0,0.004305100
pgvector,1,generar_emb,-,1873,0,0.010781400
pgvector,1,insert_emb,-,1873,0,0.004060100
pgvector,1,generar_emb,-,1874,0,0.011316100
pgvector,1,insert_emb,-,1874,0,0.004566600
pgvector,1,generar_emb,-,1875,0,0.010871400
pgvector,1,insert_emb,-,1875,0,0.004249200
pgvector,1,generar_emb,-,1876,0,0.011677200
pgvector,1,insert_emb,-,1876,0,0.004288100
pgvector,1,generar_emb,-,1877,0,0.011691300
pgvector,1,insert_emb,-,1877,0,0.004498400
pgvector,1,generar_emb,-,1878,0,0.010895900
pgvector,1,insert_emb,-,1878,0,0.004258400
pgvector,1,generar_emb,-,1879,0,0.011643200
pgvector,1,insert_emb,-,1879,0,0.004374300
pgvector,1,generar_emb,-,1880,0,0.011144800
pgvector,1,insert_emb,-,1880,0,0.004804500
pgvector,1,generar_emb,-,1881,0,0.011436700
pgvector,1,insert_emb,-,1881,0,0.004434100
pgvector,1,generar_emb,-,1882,0,0.010897700
pgvector,1,insert_emb,-,1882,0,0.004888600
pgvector,1,generar_emb,-,1883,0,0.011524300
pgvector,1,insert_emb,-,1883,0,0.004383100
pgvector,1,generar_emb,-,1884,0,0.012169400
pgvector,1,insert_emb,-,1884,0,0.004067100
pgvector,1,generar_emb,-,1885,0,0.014222700
pgvector,1,insert_emb,-,1885,0,0.004229300
pgvector,1,generar_emb,-,1886,0,0.012645500
pgvector,1,insert_emb,-,1886,0,0.004177100
pgvector,1,generar_emb,-,1887,0,0.012644400
pgvector,1,insert_emb,-,1887,0,0.004340200
pgvector,1,generar_emb,-,1888,0,0.011797400
pgvector,1,insert_emb,-,1888,0,0.004109900
pgvector,1,generar_emb,-,1889,0,0.014832500
pgvector,1,insert_emb,-,1889,0,0.004156900
pgvector,1,generar_emb,-,1890,0,0.013232700
pgvector,1,insert_emb,-,1890,0,0.004284500
pgvector,1,generar_emb,-,1891,0,0.012165600
pgvector,1,insert_emb,-,1891,0,0.004513800
pgvector,1,generar_emb,-,1892,0,0.012126100
pgvector,1,insert_emb,-,1892,0,0.004409400
pgvector,1,generar_emb,-,1893,0,0.015050500
pgvector,1,insert_emb,-,1893,0,0.004199400
pgvector,1,generar_emb,-,1894,0,0.012513000
pgvector,1,insert_emb,-,1894,0,0.004270200
pgvector,1,generar_emb,-,1895,0,0.013843700
pgvector,1,insert_emb,-,1895,0,0.004441500
pgvector,1,generar_emb,-,1896,0,0.012434200
pgvector,1,insert_emb,-,1896,0,0.004314600
pgvector,1,generar_emb,-,1897,0,0.011238700
pgvector,1,insert_emb,-,1897,0,0.004565000
pgvector,1,generar_emb,-,1898,0,0.013865100
pgvector,1,insert_emb,-,1898,0,0.004164800
pgvector,1,generar_emb,-,1899,0,0.010785100
pgvector,1,insert_emb,-,1899,0,0.004081200
pgvector,1,generar_emb,-,1900,0,0.015158900
pgvector,1,insert_emb,-,1900,0,0.004548200
pgvector,1,generar_emb,-,1901,0,0.012584500
pgvector,1,insert_emb,-,1901,0,0.004231700
pgvector,1,generar_emb,-,1902,0,0.012307000
pgvector,1,insert_emb,-,1902,0,0.004269300
pgvector,1,generar_emb,-,1903,0,0.013054400
pgvector,1,insert_emb,-,1903,0,0.004475100
pgvector,1,generar_emb,-,1904,0,0.014480900
pgvector,1,insert_emb,-,1904,0,0.004116000
pgvector,1,generar_emb,-,1905,0,0.010813500
pgvector,1,insert_emb,-,1905,0,0.004378100
pgvector,1,generar_emb,-,1906,0,0.010724700
pgvector,1,insert_emb,-,1906,0,0.004372000
pgvector,1,generar_emb,-,1907,0,0.013139800
pgvector,1,insert_emb,-,1907,0,0.004383600
pgvector,1,generar_emb,-,1908,0,0.013370500
pgvector,1,insert_emb,-,1908,0,0.004504400
pgvector,1,generar_emb,-,1909,0,0.011948400
pgvector,1,insert_emb,-,1909,0,0.004313100
pgvector,1,generar_emb,-,1910,0,0.012575600
pgvector,1,insert_emb,-,1910,0,0.004431700
pgvector,1,generar_emb,-,1911,0,0.013533100
pgvector,1,insert_emb,-,1911,0,0.004505800
pgvector,1,generar_emb,-,1912,0,0.012502800
pgvector,1,insert_emb,-,1912,0,0.004406700
pgvector,1,generar_emb,-,1913,0,0.011553800
pgvector,1,insert_emb,-,1913,0,0.004189300
pgvector,1,generar_emb,-,1914,0,0.012065600
pgvector,1,insert_emb,-,1914,0,0.004432100
pgvector,1,generar_emb,-,1915,0,0.011670700
pgvector,1,insert_emb,-,1915,0,0.004293300
pgvector,1,generar_emb,-,1916,0,0.012048700
pgvector,1,insert_emb,-,1916,0,0.004226900
pgvector,1,generar_emb,-,1917,0,0.010706500
pgvector,1,insert_emb,-,1917,0,0.004160000
pgvector,1,generar_emb,-,1918,0,0.009882900
pgvector,1,insert_emb,-,1918,0,0.004693700
pgvector,1,generar_emb,-,1919,0,0.012704400
pgvector,1,insert_emb,-,1919,0,0.004571500
pgvector,1,generar_emb,-,1920,0,0.010374100
pgvector,1,insert_emb,-,1920,0,0.004767300
pgvector,1,generar_emb,-,1921,0,0.010931500
pgvector,1,insert_emb,-,1921,0,0.003987200
pgvector,1,generar_emb,-,1922,0,0.012489100
pgvector,1,insert_emb,-,1922,0,0.003940900
pgvector,1,generar_emb,-,1923,0,0.015961400
pgvector,1,insert_emb,-,1923,0,0.004328800
pgvector,1,generar_emb,-,1924,0,0.015894000
pgvector,1,insert_emb,-,1924,0,0.004553200
pgvector,1,generar_emb,-,1925,0,0.012394800
pgvector,1,insert_emb,-,1925,0,0.004317200
pgvector,1,generar_emb,-,1926,0,0.012294900
pgvector,1,insert_emb,-,1926,0,0.004263400
pgvector,1,generar_emb,-,1927,0,0.012308900
pgvector,1,insert_emb,-,1927,0,0.004276300
pgvector,1,generar_emb,-,1928,0,0.014182500
pgvector,1,insert_emb,-,1928,0,0.004543400
pgvector,1,generar_emb,-,1929,0,0.012023900
pgvector,1,insert_emb,-,1929,0,0.004493500
pgvector,1,generar_emb,-,1930,0,0.013043600
pgvector,1,insert_emb,-,1930,0,0.004619700
pgvector,1,generar_emb,-,1931,0,0.011847000
pgvector,1,insert_emb,-,1931,0,0.004503800
pgvector,1,generar_emb,-,1932,0,0.011190900
pgvector,1,insert_emb,-,1932,0,0.004566900
pgvector,1,generar_emb,-,1933,0,0.011079700
pgvector,1,insert_emb,-,1933,0,0.004391500
pgvector,1,generar_emb,-,1934,0,0.011208300
pgvector,1,insert_emb,-,1934,0,0.004606000
pgvector,1,generar_emb,-,1935,0,0.012540500
pgvector,1,insert_emb,-,1935,0,0.004700600
pgvector,1,generar_emb,-,1936,0,0.012925600
pgvector,1,insert_emb,-,1936,0,0.004621900
pgvector,1,generar_emb,-,1937,0,0.016545900
pgvector,1,insert_emb,-,1937,0,0.004547800
pgvector,1,generar_emb,-,1938,0,0.011772500
pgvector,1,insert_emb,-,1938,0,0.004246300
pgvector,1,generar_emb,-,1939,0,0.014037900
pgvector,1,insert_emb,-,1939,0,0.004166200
pgvector,1,generar_emb,-,1940,0,0.013446300
pgvector,1,insert_emb,-,1940,0,0.004314800
pgvector,1,generar_emb,-,1941,0,0.010623500
pgvector,1,insert_emb,-,1941,0,0.004501600
pgvector,1,generar_emb,-,1942,0,0.014220700
pgvector,1,insert_emb,-,1942,0,0.004330300
pgvector,1,generar_emb,-,1943,0,0.012669600
pgvector,1,insert_emb,-,1943,0,0.004225700
pgvector,1,generar_emb,-,1944,0,0.011129700
pgvector,1,insert_emb,-,1944,0,0.004266600
pgvector,1,generar_emb,-,1945,0,0.010800400
pgvector,1,insert_emb,-,1945,0,0.004083000
pgvector,1,generar_emb,-,1946,0,0.010584700
pgvector,1,insert_emb,-,1946,0,0.004287000
pgvector,1,generar_emb,-,1947,0,0.014704600
pgvector,1,insert_emb,-,1947,0,0.004410400
pgvector,1,generar_emb,-,1948,0,0.011228400
pgvector,1,insert_emb,-,1948,0,0.004261100
pgvector,1,generar_emb,-,1949,0,0.013421000
pgvector,1,insert_emb,-,1949,0,0.004103000
pgvector,1,generar_emb,-,1950,0,0.015102000
pgvector,1,insert_emb,-,1950,0,0.004490300
pgvector,1,generar_emb,-,1951,0,0.013886200
pgvector,1,insert_emb,-,1951,0,0.004404200
pgvector,1,generar_emb,-,1952,0,0.011902600
pgvector,1,insert_emb,-,1952,0,0.004439100
pgvector,1,generar_emb,-,1953,0,0.011908400
pgvector,1,insert_emb,-,1953,0,0.004144500
pgvector,1,generar_emb,-,1954,0,0.011131600
pgvector,1,insert_emb,-,1954,0,0.004245000
pgvector,1,generar_emb,-,1955,0,0.013342300
pgvector,1,insert_emb,-,1955,0,0.004299600
pgvector,1,generar_emb,-,1956,0,0.011687600
pgvector,1,insert_emb,-,1956,0,0.004194500
pgvector,1,generar_emb,-,1957,0,0.015524200
pgvector,1,insert_emb,-,1957,0,0.004628200
pgvector,1,generar_emb,-,1958,0,0.011559200
pgvector,1,insert_emb,-,1958,0,0.004500300
pgvector,1,generar_emb,-,1959,0,0.013049300
pgvector,1,insert_emb,-,1959,0,0.004711700
pgvector,1,generar_emb,-,1960,0,0.012095600
pgvector,1,insert_emb,-,1960,0,0.004611100
pgvector,1,generar_emb,-,1961,0,0.011216100
pgvector,1,insert_emb,-,1961,0,0.004239300
pgvector,1,generar_emb,-,1962,0,0.011418300
pgvector,1,insert_emb,-,1962,0,0.004431700
pgvector,1,generar_emb,-,1963,0,0.011818600
pgvector,1,insert_emb,-,1963,0,0.004307200
pgvector,1,generar_emb,-,1964,0,0.010432900
pgvector,1,insert_emb,-,1964,0,0.004279000
pgvector,1,generar_emb,-,1965,0,0.015275200
pgvector,1,insert_emb,-,1965,0,0.004798700
pgvector,1,generar_emb,-,1966,0,0.011847700
pgvector,1,insert_emb,-,1966,0,0.004680700
pgvector,1,generar_emb,-,1967,0,0.011818100
pgvector,1,insert_emb,-,1967,0,0.004629400
pgvector,1,generar_emb,-,1968,0,0.010635300
pgvector,1,insert_emb,-,1968,0,0.004385000
pgvector,1,generar_emb,-,1969,0,0.011133800
pgvector,1,insert_emb,-,1969,0,0.004328600
pgvector,1,generar_emb,-,1970,0,0.010528300
pgvector,1,insert_emb,-,1970,0,0.004482100
pgvector,1,generar_emb,-,1971,0,0.011101000
pgvector,1,insert_emb,-,1971,0,0.004239400
pgvector,1,generar_emb,-,1972,0,0.014358800
pgvector,1,insert_emb,-,1972,0,0.004271500
pgvector,1,generar_emb,-,1973,0,0.011485800
pgvector,1,insert_emb,-,1973,0,0.004191600
pgvector,1,generar_emb,-,1974,0,0.012596800
pgvector,1,insert_emb,-,1974,0,0.004413700
pgvector,1,generar_emb,-,1975,0,0.012671400
pgvector,1,insert_emb,-,1975,0,0.004522500
pgvector,1,generar_emb,-,1976,0,0.014970900
pgvector,1,insert_emb,-,1976,0,0.004194600
pgvector,1,generar_emb,-,1977,0,0.015532500
pgvector,1,insert_emb,-,1977,0,0.004546400
pgvector,1,generar_emb,-,1978,0,0.011779800
pgvector,1,insert_emb,-,1978,0,0.004268300
pgvector,1,generar_emb,-,1979,0,0.012143900
pgvector,1,insert_emb,-,1979,0,0.004141500
pgvector,1,generar_emb,-,1980,0,0.013731000
pgvector,1,insert_emb,-,1980,0,0.004268000
pgvector,1,generar_emb,-,1981,0,0.011749500
pgvector,1,insert_emb,-,1981,0,0.004385400
pgvector,1,generar_emb,-,1982,0,0.012831600
pgvector,1,insert_emb,-,1982,0,0.004330800
pgvector,1,generar_emb,-,1983,0,0.011809900
pgvector,1,insert_emb,-,1983,0,0.004395100
pgvector,1,generar_emb,-,1984,0,0.012193300
pgvector,1,insert_emb,-,1984,0,0.004265000
pgvector,1,generar_emb,-,1985,0,0.010869500
pgvector,1,insert_emb,-,1985,0,0.004457000
pgvector,1,generar_emb,-,1986,0,0.010907600
pgvector,1,insert_emb,-,1986,0,0.004276400
pgvector,1,generar_emb,-,1987,0,0.013219700
pgvector,1,insert_emb,-,1987,0,0.004339100
pgvector,1,generar_emb,-,1988,0,0.014549300
pgvector,1,insert_emb,-,1988,0,0.004445700
pgvector,1,generar_emb,-,1989,0,0.013395700
pgvector,1,insert_emb,-,1989,0,0.004544900
pgvector,1,generar_emb,-,1990,0,0.011178000
pgvector,1,insert_emb,-,1990,0,0.004463400
pgvector,1,generar_emb,-,1991,0,0.011273800
pgvector,1,insert_emb,-,1991,0,0.004238000
pgvector,1,generar_emb,-,1992,0,0.014556300
pgvector,1,insert_emb,-,1992,0,0.004726300
pgvector,1,generar_emb,-,1993,0,0.013371700
pgvector,1,insert_emb,-,1993,0,0.004383500
pgvector,1,generar_emb,-,1994,0,0.014063800
pgvector,1,insert_emb,-,1994,0,0.004178400
pgvector,1,generar_emb,-,1995,0,0.015404400
pgvector,1,insert_emb,-,1995,0,0.004987000
pgvector,1,generar_emb,-,1996,0,0.014627700
pgvector,1,insert_emb,-,1996,0,0.004477100
pgvector,1,generar_emb,-,1997,0,0.012297700
pgvector,1,insert_emb,-,1997,0,0.004179000
pgvector,1,generar_emb,-,1998,0,0.013768200
pgvector,1,insert_emb,-,1998,0,0.004304100
pgvector,1,generar_emb,-,1999,0,0.012559700
pgvector,1,insert_emb,-,1999,0,0.004434300
pgvector,1,generar_emb,-,2000,0,0.016468000
pgvector,1,insert_emb,-,2000,0,0.004395200
pgvector,1,generar_emb,-,2001,0,0.011723400
pgvector,1,insert_emb,-,2001,0,0.004324900
pgvector,1,generar_emb,-,2002,0,0.011807500
pgvector,1,insert_emb,-,2002,0,0.004280500
pgvector,1,generar_emb,-,2003,0,0.011895900
pgvector,1,insert_emb,-,2003,0,0.004058600
pgvector,1,generar_emb,-,2004,0,0.012641000
pgvector,1,insert_emb,-,2004,0,0.004312200
pgvector,1,generar_emb,-,2005,0,0.012339200
pgvector,1,insert_emb,-,2005,0,0.004432600
pgvector,1,generar_emb,-,2006,0,0.012381800
pgvector,1,insert_emb,-,2006,0,0.004351000
pgvector,1,generar_emb,-,2007,0,0.011135100
pgvector,1,insert_emb,-,2007,0,0.004301100
pgvector,1,generar_emb,-,2008,0,0.012357300
pgvector,1,insert_emb,-,2008,0,0.004185800
pgvector,1,generar_emb,-,2009,0,0.011671200
pgvector,1,insert_emb,-,2009,0,0.004155600
pgvector,1,generar_emb,-,2010,0,0.012303300
pgvector,1,insert_emb,-,2010,0,0.004311300
pgvector,1,generar_emb,-,2011,0,0.010845500
pgvector,1,insert_emb,-,2011,0,0.004074300
pgvector,1,generar_emb,-,2012,0,0.012375400
pgvector,1,insert_emb,-,2012,0,0.004228200
pgvector,1,generar_emb,-,2013,0,0.012380000
pgvector,1,insert_emb,-,2013,0,0.004332500
pgvector,1,generar_emb,-,2014,0,0.012209100
pgvector,1,insert_emb,-,2014,0,0.004150900
pgvector,1,generar_emb,-,2015,0,0.012127800
pgvector,1,insert_emb,-,2015,0,0.004325900
pgvector,1,generar_emb,-,2016,0,0.012594700
pgvector,1,insert_emb,-,2016,0,0.004078400
pgvector,1,generar_emb,-,2017,0,0.011723200
pgvector,1,insert_emb,-,2017,0,0.004156900
pgvector,1,generar_emb,-,2018,0,0.010515700
pgvector,1,insert_emb,-,2018,0,0.004348700
pgvector,1,generar_emb,-,2019,0,0.011710800
pgvector,1,insert_emb,-,2019,0,0.004474300
pgvector,1,generar_emb,-,2020,0,0.010153700
pgvector,1,insert_emb,-,2020,0,0.004618200
pgvector,1,generar_emb,-,2021,0,0.011346600
pgvector,1,insert_emb,-,2021,0,0.004151800
pgvector,1,generar_emb,-,2022,0,0.012766600
pgvector,1,insert_emb,-,2022,0,0.004393700
pgvector,1,generar_emb,-,2023,0,0.013249300
pgvector,1,insert_emb,-,2023,0,0.004464500
pgvector,1,generar_emb,-,2024,0,0.015722500
pgvector,1,insert_emb,-,2024,0,0.004731800
pgvector,1,generar_emb,-,2025,0,0.012577900
pgvector,1,insert_emb,-,2025,0,0.004780300
pgvector,1,generar_emb,-,2026,0,0.012135000
pgvector,1,insert_emb,-,2026,0,0.004830100
pgvector,1,generar_emb,-,2027,0,0.012722600
pgvector,1,insert_emb,-,2027,0,0.004532500
pgvector,1,generar_emb,-,2028,0,0.012624800
pgvector,1,insert_emb,-,2028,0,0.004481900
pgvector,1,generar_emb,-,2029,0,0.011791000
pgvector,1,insert_emb,-,2029,0,0.004554000
pgvector,1,generar_emb,-,2030,0,0.011921100
pgvector,1,insert_emb,-,2030,0,0.004215700
pgvector,1,generar_emb,-,2031,0,0.016988400
pgvector,1,insert_emb,-,2031,0,0.004282300
pgvector,1,generar_emb,-,2032,0,0.015563300
pgvector,1,insert_emb,-,2032,0,0.004594000
pgvector,1,generar_emb,-,2033,0,0.011085300
pgvector,1,insert_emb,-,2033,0,0.004450900
pgvector,1,generar_emb,-,2034,0,0.011131200
pgvector,1,insert_emb,-,2034,0,0.004629800
pgvector,1,generar_emb,-,2035,0,0.017213000
pgvector,1,insert_emb,-,2035,0,0.004865800
pgvector,1,generar_emb,-,2036,0,0.010901900
pgvector,1,insert_emb,-,2036,0,0.004475200
pgvector,1,generar_emb,-,2037,0,0.010651900
pgvector,1,insert_emb,-,2037,0,0.004174400
pgvector,1,generar_emb,-,2038,0,0.013073200
pgvector,1,insert_emb,-,2038,0,0.004593000
pgvector,1,generar_emb,-,2039,0,0.011167000
pgvector,1,insert_emb,-,2039,0,0.004384400
pgvector,1,generar_emb,-,2040,0,0.010726800
pgvector,1,insert_emb,-,2040,0,0.004514500
pgvector,1,generar_emb,-,2041,0,0.011363000
pgvector,1,insert_emb,-,2041,0,0.004500600
pgvector,1,generar_emb,-,2042,0,0.010697300
pgvector,1,insert_emb,-,2042,0,0.004244900
pgvector,1,generar_emb,-,2043,0,0.011387700
pgvector,1,insert_emb,-,2043,0,0.004322500
pgvector,1,generar_emb,-,2044,0,0.011102700
pgvector,1,insert_emb,-,2044,0,0.004238600
pgvector,1,generar_emb,-,2045,0,0.013710000
pgvector,1,insert_emb,-,2045,0,0.004783200
pgvector,1,generar_emb,-,2046,0,0.011840200
pgvector,1,insert_emb,-,2046,0,0.004338400
pgvector,1,generar_emb,-,2047,0,0.010911000
pgvector,1,insert_emb,-,2047,0,0.004353900
pgvector,1,generar_emb,-,2048,0,0.011680900
pgvector,1,insert_emb,-,2048,0,0.004156500
pgvector,1,generar_emb,-,2049,0,0.012177300
pgvector,1,insert_emb,-,2049,0,0.004265900
pgvector,1,generar_emb,-,2050,0,0.012897000
pgvector,1,insert_emb,-,2050,0,0.004265600
pgvector,1,generar_emb,-,2051,0,0.011877900
pgvector,1,insert_emb,-,2051,0,0.004478900
pgvector,1,generar_emb,-,2052,0,0.012434700
pgvector,1,insert_emb,-,2052,0,0.004248600
pgvector,1,generar_emb,-,2053,0,0.013448500
pgvector,1,insert_emb,-,2053,0,0.004421300
pgvector,1,generar_emb,-,2054,0,0.012787800
pgvector,1,insert_emb,-,2054,0,0.004196100
pgvector,1,generar_emb,-,2055,0,0.013854200
pgvector,1,insert_emb,-,2055,0,0.004415800
pgvector,1,generar_emb,-,2056,0,0.015174800
pgvector,1,insert_emb,-,2056,0,0.004393100
pgvector,1,generar_emb,-,2057,0,0.011802400
pgvector,1,insert_emb,-,2057,0,0.004302700
pgvector,1,generar_emb,-,2058,0,0.010479000
pgvector,1,insert_emb,-,2058,0,0.004186800
pgvector,1,generar_emb,-,2059,0,0.010766700
pgvector,1,insert_emb,-,2059,0,0.004288500
pgvector,1,generar_emb,-,2060,0,0.010696000
pgvector,1,insert_emb,-,2060,0,0.004768200
pgvector,1,generar_emb,-,2061,0,0.015492000
pgvector,1,insert_emb,-,2061,0,0.004630800
pgvector,1,generar_emb,-,2062,0,0.012222700
pgvector,1,insert_emb,-,2062,0,0.004116500
pgvector,1,generar_emb,-,2063,0,0.010928900
pgvector,1,insert_emb,-,2063,0,0.004386000
pgvector,1,generar_emb,-,2064,0,0.011175200
pgvector,1,insert_emb,-,2064,0,0.004297700
pgvector,1,generar_emb,-,2065,0,0.010867700
pgvector,1,insert_emb,-,2065,0,0.004183900
pgvector,1,generar_emb,-,2066,0,0.012053500
pgvector,1,insert_emb,-,2066,0,0.004120300
pgvector,1,generar_emb,-,2067,0,0.010644100
pgvector,1,insert_emb,-,2067,0,0.004124500
pgvector,1,generar_emb,-,2068,0,0.010466900
pgvector,1,insert_emb,-,2068,0,0.004251500
pgvector,1,generar_emb,-,2069,0,0.012758500
pgvector,1,insert_emb,-,2069,0,0.004098300
pgvector,1,generar_emb,-,2070,0,0.013417400
pgvector,1,insert_emb,-,2070,0,0.004647700
pgvector,1,generar_emb,-,2071,0,0.012247600
pgvector,1,insert_emb,-,2071,0,0.004342900
pgvector,1,generar_emb,-,2072,0,0.014513400
pgvector,1,insert_emb,-,2072,0,0.005166500
pgvector,1,generar_emb,-,2073,0,0.017946200
pgvector,1,insert_emb,-,2073,0,0.005473000
pgvector,1,generar_emb,-,2074,0,0.015840100
pgvector,1,insert_emb,-,2074,0,0.004938000
pgvector,1,generar_emb,-,2075,0,0.015222500
pgvector,1,insert_emb,-,2075,0,0.005055100
pgvector,1,generar_emb,-,2076,0,0.020751300
pgvector,1,insert_emb,-,2076,0,0.005665500
pgvector,1,generar_emb,-,2077,0,0.021875200
pgvector,1,insert_emb,-,2077,0,0.005858200
pgvector,1,generar_emb,-,2078,0,0.020484600
pgvector,1,insert_emb,-,2078,0,0.005777500
pgvector,1,generar_emb,-,2079,0,0.025947600
pgvector,1,insert_emb,-,2079,0,0.005866800
pgvector,1,generar_emb,-,2080,0,0.014985200
pgvector,1,insert_emb,-,2080,0,0.004750600
pgvector,1,generar_emb,-,2081,0,0.011902800
pgvector,1,insert_emb,-,2081,0,0.004275600
pgvector,1,generar_emb,-,2082,0,0.011970500
pgvector,1,insert_emb,-,2082,0,0.004377700
pgvector,1,generar_emb,-,2083,0,0.012799800
pgvector,1,insert_emb,-,2083,0,0.004191600
pgvector,1,generar_emb,-,2084,0,0.012567400
pgvector,1,insert_emb,-,2084,0,0.004246700
pgvector,1,generar_emb,-,2085,0,0.010978700
pgvector,1,insert_emb,-,2085,0,0.004178200
pgvector,1,generar_emb,-,2086,0,0.014349600
pgvector,1,insert_emb,-,2086,0,0.004291200
pgvector,1,generar_emb,-,2087,0,0.012184500
pgvector,1,insert_emb,-,2087,0,0.004175100
pgvector,1,generar_emb,-,2088,0,0.014132500
pgvector,1,insert_emb,-,2088,0,0.004516400
pgvector,1,generar_emb,-,2089,0,0.011505600
pgvector,1,insert_emb,-,2089,0,0.004429800
pgvector,1,generar_emb,-,2090,0,0.011946600
pgvector,1,insert_emb,-,2090,0,0.004597400
pgvector,1,generar_emb,-,2091,0,0.014557300
pgvector,1,insert_emb,-,2091,0,0.004586900
pgvector,1,generar_emb,-,2092,0,0.013027800
pgvector,1,insert_emb,-,2092,0,0.004246800
pgvector,1,generar_emb,-,2093,0,0.011763300
pgvector,1,insert_emb,-,2093,0,0.004290000
pgvector,1,generar_emb,-,2094,0,0.010544600
pgvector,1,insert_emb,-,2094,0,0.004071400
pgvector,1,generar_emb,-,2095,0,0.011834600
pgvector,1,insert_emb,-,2095,0,0.004921300
pgvector,1,generar_emb,-,2096,0,0.012506000
pgvector,1,insert_emb,-,2096,0,0.004577500
pgvector,1,generar_emb,-,2097,0,0.012221900
pgvector,1,insert_emb,-,2097,0,0.004163100
pgvector,1,generar_emb,-,2098,0,0.011100700
pgvector,1,insert_emb,-,2098,0,0.004186100
pgvector,1,generar_emb,-,2099,0,0.015417600
pgvector,1,insert_emb,-,2099,0,0.004507700
pgvector,1,generar_emb,-,2100,0,0.012450600
pgvector,1,insert_emb,-,2100,0,0.004726100
pgvector,1,generar_emb,-,2101,0,0.012208300
pgvector,1,insert_emb,-,2101,0,0.004271000
pgvector,1,generar_emb,-,2102,0,0.011741900
pgvector,1,insert_emb,-,2102,0,0.004244100
pgvector,1,generar_emb,-,2103,0,0.011849200
pgvector,1,insert_emb,-,2103,0,0.004101000
pgvector,1,generar_emb,-,2104,0,0.013014800
pgvector,1,insert_emb,-,2104,0,0.004102200
pgvector,1,generar_emb,-,2105,0,0.012531100
pgvector,1,insert_emb,-,2105,0,0.004221600
pgvector,1,generar_emb,-,2106,0,0.012167100
pgvector,1,insert_emb,-,2106,0,0.004415600
pgvector,1,generar_emb,-,2107,0,0.011466400
pgvector,1,insert_emb,-,2107,0,0.004386200
pgvector,1,generar_emb,-,2108,0,0.015294600
pgvector,1,insert_emb,-,2108,0,0.004471100
pgvector,1,generar_emb,-,2109,0,0.011371600
pgvector,1,insert_emb,-,2109,0,0.004589800
pgvector,1,generar_emb,-,2110,0,0.011093100
pgvector,1,insert_emb,-,2110,0,0.005530000
pgvector,1,generar_emb,-,2111,0,0.011719500
pgvector,1,insert_emb,-,2111,0,0.004468300
pgvector,1,generar_emb,-,2112,0,0.011366100
pgvector,1,insert_emb,-,2112,0,0.004500100
pgvector,1,generar_emb,-,2113,0,0.014303100
pgvector,1,insert_emb,-,2113,0,0.004847100
pgvector,1,generar_emb,-,2114,0,0.017151600
pgvector,1,insert_emb,-,2114,0,0.004700400
pgvector,1,generar_emb,-,2115,0,0.014110100
pgvector,1,insert_emb,-,2115,0,0.005119000
pgvector,1,generar_emb,-,2116,0,0.011577200
pgvector,1,insert_emb,-,2116,0,0.004904900
pgvector,1,generar_emb,-,2117,0,0.011807500
pgvector,1,insert_emb,-,2117,0,0.004507800
pgvector,1,generar_emb,-,2118,0,0.010741800
pgvector,1,insert_emb,-,2118,0,0.004344500
pgvector,1,generar_emb,-,2119,0,0.010606800
pgvector,1,insert_emb,-,2119,0,0.004224400
pgvector,1,generar_emb,-,2120,0,0.011145500
pgvector,1,insert_emb,-,2120,0,0.004285600
pgvector,1,generar_emb,-,2121,0,0.011124000
pgvector,1,insert_emb,-,2121,0,0.004147000
pgvector,1,generar_emb,-,2122,0,0.011113500
pgvector,1,insert_emb,-,2122,0,0.004147800
pgvector,1,generar_emb,-,2123,0,0.013453200
pgvector,1,insert_emb,-,2123,0,0.004508200
pgvector,1,generar_emb,-,2124,0,0.012791500
pgvector,1,insert_emb,-,2124,0,0.004234200
pgvector,1,generar_emb,-,2125,0,0.017947000
pgvector,1,insert_emb,-,2125,0,0.004608500
pgvector,1,generar_emb,-,2126,0,0.011678500
pgvector,1,insert_emb,-,2126,0,0.004248000
pgvector,1,generar_emb,-,2127,0,0.011607100
pgvector,1,insert_emb,-,2127,0,0.004370600
pgvector,1,generar_emb,-,2128,0,0.010931100
pgvector,1,insert_emb,-,2128,0,0.004399500
pgvector,1,generar_emb,-,2129,0,0.013293400
pgvector,1,insert_emb,-,2129,0,0.004262900
pgvector,1,generar_emb,-,2130,0,0.013198000
pgvector,1,insert_emb,-,2130,0,0.004262000
pgvector,1,generar_emb,-,2131,0,0.014030700
pgvector,1,insert_emb,-,2131,0,0.004276400
pgvector,1,generar_emb,-,2132,0,0.012816300
pgvector,1,insert_emb,-,2132,0,0.004494900
pgvector,1,generar_emb,-,2133,0,0.010961000
pgvector,1,insert_emb,-,2133,0,0.004037300
pgvector,1,generar_emb,-,2134,0,0.012483200
pgvector,1,insert_emb,-,2134,0,0.004261900
pgvector,1,generar_emb,-,2135,0,0.012132100
pgvector,1,insert_emb,-,2135,0,0.004406000
pgvector,1,generar_emb,-,2136,0,0.012133600
pgvector,1,insert_emb,-,2136,0,0.004294200
pgvector,1,generar_emb,-,2137,0,0.011541600
pgvector,1,insert_emb,-,2137,0,0.004417400
pgvector,1,generar_emb,-,2138,0,0.012465500
pgvector,1,insert_emb,-,2138,0,0.005012500
pgvector,1,generar_emb,-,2139,0,0.025983100
pgvector,1,insert_emb,-,2139,0,0.005015500
pgvector,1,generar_emb,-,2140,0,0.014122300
pgvector,1,insert_emb,-,2140,0,0.004761200
pgvector,1,generar_emb,-,2141,0,0.014795100
pgvector,1,insert_emb,-,2141,0,0.004343400
pgvector,1,generar_emb,-,2142,0,0.013388400
pgvector,1,insert_emb,-,2142,0,0.004223800
pgvector,1,generar_emb,-,2143,0,0.014082800
pgvector,1,insert_emb,-,2143,0,0.004159600
pgvector,1,generar_emb,-,2144,0,0.011941700
pgvector,1,insert_emb,-,2144,0,0.004231900
pgvector,1,generar_emb,-,2145,0,0.012218800
pgvector,1,insert_emb,-,2145,0,0.004366700
pgvector,1,generar_emb,-,2146,0,0.011929800
pgvector,1,insert_emb,-,2146,0,0.004358200
pgvector,1,generar_emb,-,2147,0,0.012816800
pgvector,1,insert_emb,-,2147,0,0.004305500
pgvector,1,generar_emb,-,2148,0,0.012431600
pgvector,1,insert_emb,-,2148,0,0.004402000
pgvector,1,generar_emb,-,2149,0,0.012836800
pgvector,1,insert_emb,-,2149,0,0.004136400
pgvector,1,generar_emb,-,2150,0,0.012127300
pgvector,1,insert_emb,-,2150,0,0.004522800
pgvector,1,generar_emb,-,2151,0,0.010897300
pgvector,1,insert_emb,-,2151,0,0.004151700
pgvector,1,generar_emb,-,2152,0,0.011374500
pgvector,1,insert_emb,-,2152,0,0.004470500
pgvector,1,generar_emb,-,2153,0,0.011054000
pgvector,1,insert_emb,-,2153,0,0.004548300
pgvector,1,generar_emb,-,2154,0,0.012353600
pgvector,1,insert_emb,-,2154,0,0.004329000
pgvector,1,generar_emb,-,2155,0,0.011981100
pgvector,1,insert_emb,-,2155,0,0.004015700
pgvector,1,generar_emb,-,2156,0,0.011739300
pgvector,1,insert_emb,-,2156,0,0.004105400
pgvector,1,generar_emb,-,2157,0,0.012387000
pgvector,1,insert_emb,-,2157,0,0.004182900
pgvector,1,generar_emb,-,2158,0,0.010478600
pgvector,1,insert_emb,-,2158,0,0.004090900
pgvector,1,generar_emb,-,2159,0,0.012634500
pgvector,1,insert_emb,-,2159,0,0.004040600
pgvector,1,generar_emb,-,2160,0,0.011495600
pgvector,1,insert_emb,-,2160,0,0.004380500
pgvector,1,generar_emb,-,2161,0,0.011176900
pgvector,1,insert_emb,-,2161,0,0.004304100
pgvector,1,generar_emb,-,2162,0,0.012988700
pgvector,1,insert_emb,-,2162,0,0.004388300
pgvector,1,generar_emb,-,2163,0,0.012326900
pgvector,1,insert_emb,-,2163,0,0.004291200
pgvector,1,generar_emb,-,2164,0,0.011461700
pgvector,1,insert_emb,-,2164,0,0.004228400
pgvector,1,generar_emb,-,2165,0,0.012445000
pgvector,1,insert_emb,-,2165,0,0.004285700
pgvector,1,generar_emb,-,2166,0,0.012103700
pgvector,1,insert_emb,-,2166,0,0.004284200
pgvector,1,generar_emb,-,2167,0,0.012758900
pgvector,1,insert_emb,-,2167,0,0.004745400
pgvector,1,generar_emb,-,2168,0,0.013140700
pgvector,1,insert_emb,-,2168,0,0.004515700
pgvector,1,generar_emb,-,2169,0,0.013383700
pgvector,1,insert_emb,-,2169,0,0.004153800
pgvector,1,generar_emb,-,2170,0,0.013999200
pgvector,1,insert_emb,-,2170,0,0.005050100
pgvector,1,generar_emb,-,2171,0,0.010735000
pgvector,1,insert_emb,-,2171,0,0.004181400
pgvector,1,generar_emb,-,2172,0,0.010170700
pgvector,1,insert_emb,-,2172,0,0.004487300
pgvector,1,generar_emb,-,2173,0,0.012605100
pgvector,1,insert_emb,-,2173,0,0.004900700
pgvector,1,generar_emb,-,2174,0,0.013151900
pgvector,1,insert_emb,-,2174,0,0.004699400
pgvector,1,generar_emb,-,2175,0,0.012821800
pgvector,1,insert_emb,-,2175,0,0.004280500
pgvector,1,generar_emb,-,2176,0,0.012800100
pgvector,1,insert_emb,-,2176,0,0.004259000
pgvector,1,generar_emb,-,2177,0,0.013782900
pgvector,1,insert_emb,-,2177,0,0.004595700
pgvector,1,generar_emb,-,2178,0,0.012566000
pgvector,1,insert_emb,-,2178,0,0.004354500
pgvector,1,generar_emb,-,2179,0,0.012566000
pgvector,1,insert_emb,-,2179,0,0.004075500
pgvector,1,generar_emb,-,2180,0,0.012522300
pgvector,1,insert_emb,-,2180,0,0.004508000
pgvector,1,generar_emb,-,2181,0,0.014456900
pgvector,1,insert_emb,-,2181,0,0.004247300
pgvector,1,generar_emb,-,2182,0,0.011911100
pgvector,1,insert_emb,-,2182,0,0.004479000
pgvector,1,generar_emb,-,2183,0,0.012425500
pgvector,1,insert_emb,-,2183,0,0.004544900
pgvector,1,generar_emb,-,2184,0,0.012341800
pgvector,1,insert_emb,-,2184,0,0.004289800
pgvector,1,generar_emb,-,2185,0,0.011504700
pgvector,1,insert_emb,-,2185,0,0.004335400
pgvector,1,generar_emb,-,2186,0,0.011871700
pgvector,1,insert_emb,-,2186,0,0.004330700
pgvector,1,generar_emb,-,2187,0,0.012025800
pgvector,1,insert_emb,-,2187,0,0.004542700
pgvector,1,generar_emb,-,2188,0,0.013113600
pgvector,1,insert_emb,-,2188,0,0.004211500
pgvector,1,generar_emb,-,2189,0,0.011583600
pgvector,1,insert_emb,-,2189,0,0.004268200
pgvector,1,generar_emb,-,2190,0,0.011132300
pgvector,1,insert_emb,-,2190,0,0.004724700
pgvector,1,generar_emb,-,2191,0,0.012289200
pgvector,1,insert_emb,-,2191,0,0.004530900
pgvector,1,generar_emb,-,2192,0,0.011108300
pgvector,1,insert_emb,-,2192,0,0.004273600
pgvector,1,generar_emb,-,2193,0,0.015993300
pgvector,1,insert_emb,-,2193,0,0.004690900
pgvector,1,generar_emb,-,2194,0,0.010964800
pgvector,1,insert_emb,-,2194,0,0.004549700
pgvector,1,generar_emb,-,2195,0,0.011990700
pgvector,1,insert_emb,-,2195,0,0.004480800
pgvector,1,generar_emb,-,2196,0,0.013934800
pgvector,1,insert_emb,-,2196,0,0.004225300
pgvector,1,generar_emb,-,2197,0,0.010766600
pgvector,1,insert_emb,-,2197,0,0.004798500
pgvector,1,generar_emb,-,2198,0,0.019465700
pgvector,1,insert_emb,-,2198,0,0.004886800
pgvector,1,generar_emb,-,2199,0,0.014516500
pgvector,1,insert_emb,-,2199,0,0.004920900
pgvector,1,generar_emb,-,2200,0,0.012735000
pgvector,1,insert_emb,-,2200,0,0.005705700
pgvector,1,generar_emb,-,2201,0,0.013723400
pgvector,1,insert_emb,-,2201,0,0.004313700
pgvector,1,generar_emb,-,2202,0,0.014121800
pgvector,1,insert_emb,-,2202,0,0.004483500
pgvector,1,generar_emb,-,2203,0,0.011899600
pgvector,1,insert_emb,-,2203,0,0.004522800
pgvector,1,generar_emb,-,2204,0,0.012890200
pgvector,1,insert_emb,-,2204,0,0.004531500
pgvector,1,generar_emb,-,2205,0,0.012535200
pgvector,1,insert_emb,-,2205,0,0.004632300
pgvector,1,generar_emb,-,2206,0,0.011565500
pgvector,1,insert_emb,-,2206,0,0.004622300
pgvector,1,generar_emb,-,2207,0,0.013100600
pgvector,1,insert_emb,-,2207,0,0.004624900
pgvector,1,generar_emb,-,2208,0,0.011216800
pgvector,1,insert_emb,-,2208,0,0.004440900
pgvector,1,generar_emb,-,2209,0,0.011747200
pgvector,1,insert_emb,-,2209,0,0.004721900
pgvector,1,generar_emb,-,2210,0,0.012591600
pgvector,1,insert_emb,-,2210,0,0.004521200
pgvector,1,generar_emb,-,2211,0,0.010374900
pgvector,1,insert_emb,-,2211,0,0.004664600
pgvector,1,generar_emb,-,2212,0,0.010693200
pgvector,1,insert_emb,-,2212,0,0.004288200
pgvector,1,generar_emb,-,2213,0,0.012247200
pgvector,1,insert_emb,-,2213,0,0.004347800
pgvector,1,generar_emb,-,2214,0,0.014630400
pgvector,1,insert_emb,-,2214,0,0.004888500
pgvector,1,generar_emb,-,2215,0,0.011488600
pgvector,1,insert_emb,-,2215,0,0.004658600
pgvector,1,generar_emb,-,2216,0,0.012546500
pgvector,1,insert_emb,-,2216,0,0.004215700
pgvector,1,generar_emb,-,2217,0,0.011092000
pgvector,1,insert_emb,-,2217,0,0.004431900
pgvector,1,generar_emb,-,2218,0,0.011504600
pgvector,1,insert_emb,-,2218,0,0.004419600
pgvector,1,generar_emb,-,2219,0,0.011590400
pgvector,1,insert_emb,-,2219,0,0.004367500
pgvector,1,generar_emb,-,2220,0,0.011537100
pgvector,1,insert_emb,-,2220,0,0.004398400
pgvector,1,generar_emb,-,2221,0,0.011343300
pgvector,1,insert_emb,-,2221,0,0.004228400
pgvector,1,generar_emb,-,2222,0,0.011084600
pgvector,1,insert_emb,-,2222,0,0.004492500
pgvector,1,generar_emb,-,2223,0,0.012997100
pgvector,1,insert_emb,-,2223,0,0.004121200
pgvector,1,generar_emb,-,2224,0,0.013183200
pgvector,1,insert_emb,-,2224,0,0.004061200
pgvector,1,generar_emb,-,2225,0,0.012502700
pgvector,1,insert_emb,-,2225,0,0.004318400
pgvector,1,generar_emb,-,2226,0,0.013253800
pgvector,1,insert_emb,-,2226,0,0.004266000
pgvector,1,generar_emb,-,2227,0,0.012117600
pgvector,1,insert_emb,-,2227,0,0.004109400
pgvector,1,generar_emb,-,2228,0,0.012582500
pgvector,1,insert_emb,-,2228,0,0.004156100
pgvector,1,generar_emb,-,2229,0,0.011981800
pgvector,1,insert_emb,-,2229,0,0.004235900
pgvector,1,generar_emb,-,2230,0,0.011852300
pgvector,1,insert_emb,-,2230,0,0.004410100
pgvector,1,generar_emb,-,2231,0,0.012218500
pgvector,1,insert_emb,-,2231,0,0.004174100
pgvector,1,generar_emb,-,2232,0,0.012478300
pgvector,1,insert_emb,-,2232,0,0.004300200
pgvector,1,generar_emb,-,2233,0,0.011481200
pgvector,1,insert_emb,-,2233,0,0.004266600
pgvector,1,generar_emb,-,2234,0,0.011841800
pgvector,1,insert_emb,-,2234,0,0.004429700
pgvector,1,generar_emb,-,2235,0,0.011568700
pgvector,1,insert_emb,-,2235,0,0.004525800
pgvector,1,generar_emb,-,2236,0,0.010802500
pgvector,1,insert_emb,-,2236,0,0.004259000
pgvector,1,generar_emb,-,2237,0,0.011248800
pgvector,1,insert_emb,-,2237,0,0.004382900
pgvector,1,generar_emb,-,2238,0,0.011141900
pgvector,1,insert_emb,-,2238,0,0.004215100
pgvector,1,generar_emb,-,2239,0,0.011303800
pgvector,1,insert_emb,-,2239,0,0.004181300
pgvector,1,generar_emb,-,2240,0,0.011004800
pgvector,1,insert_emb,-,2240,0,0.004217900
pgvector,1,generar_emb,-,2241,0,0.014712600
pgvector,1,insert_emb,-,2241,0,0.004313400
pgvector,1,generar_emb,-,2242,0,0.010741000
pgvector,1,insert_emb,-,2242,0,0.004372400
pgvector,1,generar_emb,-,2243,0,0.010919600
pgvector,1,insert_emb,-,2243,0,0.004445800
pgvector,1,generar_emb,-,2244,0,0.011222800
pgvector,1,insert_emb,-,2244,0,0.004412600
pgvector,1,generar_emb,-,2245,0,0.011543800
pgvector,1,insert_emb,-,2245,0,0.004777100
pgvector,1,generar_emb,-,2246,0,0.011367400
pgvector,1,insert_emb,-,2246,0,0.004585900
pgvector,1,generar_emb,-,2247,0,0.010453700
pgvector,1,insert_emb,-,2247,0,0.004256900
pgvector,1,generar_emb,-,2248,0,0.010823600
pgvector,1,insert_emb,-,2248,0,0.004339100
pgvector,1,generar_emb,-,2249,0,0.010819400
pgvector,1,insert_emb,-,2249,0,0.004214800
pgvector,1,generar_emb,-,2250,0,0.011395500
pgvector,1,insert_emb,-,2250,0,0.004343400
pgvector,1,generar_emb,-,2251,0,0.011528700
pgvector,1,insert_emb,-,2251,0,0.004350800
pgvector,1,generar_emb,-,2252,0,0.011793100
pgvector,1,insert_emb,-,2252,0,0.004288000
pgvector,1,generar_emb,-,2253,0,0.014175000
pgvector,1,insert_emb,-,2253,0,0.004617900
pgvector,1,generar_emb,-,2254,0,0.013132100
pgvector,1,insert_emb,-,2254,0,0.004499800
pgvector,1,generar_emb,-,2255,0,0.013772500
pgvector,1,insert_emb,-,2255,0,0.004875700
pgvector,1,generar_emb,-,2256,0,0.012663800
pgvector,1,insert_emb,-,2256,0,0.004299700
pgvector,1,generar_emb,-,2257,0,0.011691900
pgvector,1,insert_emb,-,2257,0,0.004321200
pgvector,1,generar_emb,-,2258,0,0.011926600
pgvector,1,insert_emb,-,2258,0,0.004353100
pgvector,1,generar_emb,-,2259,0,0.014446700
pgvector,1,insert_emb,-,2259,0,0.004559500
pgvector,1,generar_emb,-,2260,0,0.014485100
pgvector,1,insert_emb,-,2260,0,0.004310800
pgvector,1,generar_emb,-,2261,0,0.013281200
pgvector,1,insert_emb,-,2261,0,0.004271100
pgvector,1,generar_emb,-,2262,0,0.013946900
pgvector,1,insert_emb,-,2262,0,0.004869900
pgvector,1,generar_emb,-,2263,0,0.013650400
pgvector,1,insert_emb,-,2263,0,0.004179900
pgvector,1,generar_emb,-,2264,0,0.012453700
pgvector,1,insert_emb,-,2264,0,0.004299700
pgvector,1,generar_emb,-,2265,0,0.010797000
pgvector,1,insert_emb,-,2265,0,0.004295100
pgvector,1,generar_emb,-,2266,0,0.012051500
pgvector,1,insert_emb,-,2266,0,0.004387900
pgvector,1,generar_emb,-,2267,0,0.011737800
pgvector,1,insert_emb,-,2267,0,0.004432100
pgvector,1,generar_emb,-,2268,0,0.010497600
pgvector,1,insert_emb,-,2268,0,0.004310700
pgvector,1,generar_emb,-,2269,0,0.011724700
pgvector,1,insert_emb,-,2269,0,0.004225500
pgvector,1,generar_emb,-,2270,0,0.010891100
pgvector,1,insert_emb,-,2270,0,0.004393100
pgvector,1,generar_emb,-,2271,0,0.011578700
pgvector,1,insert_emb,-,2271,0,0.004189400
pgvector,1,generar_emb,-,2272,0,0.013501900
pgvector,1,insert_emb,-,2272,0,0.004150100
pgvector,1,generar_emb,-,2273,0,0.012321800
pgvector,1,insert_emb,-,2273,0,0.004013400
pgvector,1,generar_emb,-,2274,0,0.012316300
pgvector,1,insert_emb,-,2274,0,0.004298600
pgvector,1,generar_emb,-,2275,0,0.012231200
pgvector,1,insert_emb,-,2275,0,0.004283400
pgvector,1,generar_emb,-,2276,0,0.011502800
pgvector,1,insert_emb,-,2276,0,0.004022500
pgvector,1,generar_emb,-,2277,0,0.013050200
pgvector,1,insert_emb,-,2277,0,0.004308400
pgvector,1,generar_emb,-,2278,0,0.011629600
pgvector,1,insert_emb,-,2278,0,0.004317900
pgvector,1,generar_emb,-,2279,0,0.012899500
pgvector,1,insert_emb,-,2279,0,0.004290200
pgvector,1,generar_emb,-,2280,0,0.014468500
pgvector,1,insert_emb,-,2280,0,0.004242800
pgvector,1,generar_emb,-,2281,0,0.010711500
pgvector,1,insert_emb,-,2281,0,0.004170400
pgvector,1,generar_emb,-,2282,0,0.013613400
pgvector,1,insert_emb,-,2282,0,0.004248800
pgvector,1,generar_emb,-,2283,0,0.011254600
pgvector,1,insert_emb,-,2283,0,0.004339300
pgvector,1,generar_emb,-,2284,0,0.012371000
pgvector,1,insert_emb,-,2284,0,0.004418700
pgvector,1,generar_emb,-,2285,0,0.011392800
pgvector,1,insert_emb,-,2285,0,0.004418100
pgvector,1,generar_emb,-,2286,0,0.010863300
pgvector,1,insert_emb,-,2286,0,0.004208300
pgvector,1,generar_emb,-,2287,0,0.012251300
pgvector,1,insert_emb,-,2287,0,0.004337500
pgvector,1,generar_emb,-,2288,0,0.011333100
pgvector,1,insert_emb,-,2288,0,0.004015400
pgvector,1,generar_emb,-,2289,0,0.011305400
pgvector,1,insert_emb,-,2289,0,0.004247300
pgvector,1,generar_emb,-,2290,0,0.012310500
pgvector,1,insert_emb,-,2290,0,0.004213400
pgvector,1,generar_emb,-,2291,0,0.012536000
pgvector,1,insert_emb,-,2291,0,0.004558100
pgvector,1,generar_emb,-,2292,0,0.013682300
pgvector,1,insert_emb,-,2292,0,0.004590900
pgvector,1,generar_emb,-,2293,0,0.013293800
pgvector,1,insert_emb,-,2293,0,0.004406100
pgvector,1,generar_emb,-,2294,0,0.011068500
pgvector,1,insert_emb,-,2294,0,0.004576500
pgvector,1,generar_emb,-,2295,0,0.016744900
pgvector,1,insert_emb,-,2295,0,0.005192900
pgvector,1,generar_emb,-,2296,0,0.015401300
pgvector,1,insert_emb,-,2296,0,0.004959400
pgvector,1,generar_emb,-,2297,0,0.013665000
pgvector,1,insert_emb,-,2297,0,0.004727800
pgvector,1,generar_emb,-,2298,0,0.014154200
pgvector,1,insert_emb,-,2298,0,0.004612300
pgvector,1,generar_emb,-,2299,0,0.011287600
pgvector,1,insert_emb,-,2299,0,0.004492100
pgvector,1,generar_emb,-,2300,0,0.013937500
pgvector,1,insert_emb,-,2300,0,0.004634800
pgvector,1,generar_emb,-,2301,0,0.013384400
pgvector,1,insert_emb,-,2301,0,0.004598900
pgvector,1,generar_emb,-,2302,0,0.011601000
pgvector,1,insert_emb,-,2302,0,0.004654700
pgvector,1,generar_emb,-,2303,0,0.015636000
pgvector,1,insert_emb,-,2303,0,0.004330600
pgvector,1,generar_emb,-,2304,0,0.012784800
pgvector,1,insert_emb,-,2304,0,0.004318600
pgvector,1,generar_emb,-,2305,0,0.013431600
pgvector,1,insert_emb,-,2305,0,0.004514800
pgvector,1,generar_emb,-,2306,0,0.012966800
pgvector,1,insert_emb,-,2306,0,0.004781700
pgvector,1,generar_emb,-,2307,0,0.018400100
pgvector,1,insert_emb,-,2307,0,0.004589200
pgvector,1,generar_emb,-,2308,0,0.015774900
pgvector,1,insert_emb,-,2308,0,0.004677500
pgvector,1,generar_emb,-,2309,0,0.018329900
pgvector,1,insert_emb,-,2309,0,0.004350100
pgvector,1,generar_emb,-,2310,0,0.015066600
pgvector,1,insert_emb,-,2310,0,0.004318100
pgvector,1,generar_emb,-,2311,0,0.017901100
pgvector,1,insert_emb,-,2311,0,0.004735600
pgvector,1,generar_emb,-,2312,0,0.016166000
pgvector,1,insert_emb,-,2312,0,0.004488300
pgvector,1,generar_emb,-,2313,0,0.017504300
pgvector,1,insert_emb,-,2313,0,0.004550900
pgvector,1,generar_emb,-,2314,0,0.014426000
pgvector,1,insert_emb,-,2314,0,0.004829700
pgvector,1,generar_emb,-,2315,0,0.017134300
pgvector,1,insert_emb,-,2315,0,0.005242400
pgvector,1,generar_emb,-,2316,0,0.019116500
pgvector,1,insert_emb,-,2316,0,0.004743600
pgvector,1,generar_emb,-,2317,0,0.015987800
pgvector,1,insert_emb,-,2317,0,0.004721900
pgvector,1,generar_emb,-,2318,0,0.016129900
pgvector,1,insert_emb,-,2318,0,0.004493100
pgvector,1,generar_emb,-,2319,0,0.013115600
pgvector,1,insert_emb,-,2319,0,0.004402100
pgvector,1,generar_emb,-,2320,0,0.011300400
pgvector,1,insert_emb,-,2320,0,0.004494000
pgvector,1,generar_emb,-,2321,0,0.011521000
pgvector,1,insert_emb,-,2321,0,0.004619700
pgvector,1,generar_emb,-,2322,0,0.013702600
pgvector,1,insert_emb,-,2322,0,0.004358600
pgvector,1,generar_emb,-,2323,0,0.015434100
pgvector,1,insert_emb,-,2323,0,0.004236200
pgvector,1,generar_emb,-,2324,0,0.014046300
pgvector,1,insert_emb,-,2324,0,0.004254000
pgvector,1,generar_emb,-,2325,0,0.016173100
pgvector,1,insert_emb,-,2325,0,0.004489100
pgvector,1,generar_emb,-,2326,0,0.013316800
pgvector,1,insert_emb,-,2326,0,0.004347500
pgvector,1,generar_emb,-,2327,0,0.013638600
pgvector,1,insert_emb,-,2327,0,0.004286800
pgvector,1,generar_emb,-,2328,0,0.014001700
pgvector,1,insert_emb,-,2328,0,0.004334700
pgvector,1,generar_emb,-,2329,0,0.013207000
pgvector,1,insert_emb,-,2329,0,0.004219000
pgvector,1,generar_emb,-,2330,0,0.015198800
pgvector,1,insert_emb,-,2330,0,0.004371600
pgvector,1,generar_emb,-,2331,0,0.013423400
pgvector,1,insert_emb,-,2331,0,0.004571100
pgvector,1,generar_emb,-,2332,0,0.012591600
pgvector,1,insert_emb,-,2332,0,0.004349900
pgvector,1,generar_emb,-,2333,0,0.012094100
pgvector,1,insert_emb,-,2333,0,0.004388100
pgvector,1,generar_emb,-,2334,0,0.015677500
pgvector,1,insert_emb,-,2334,0,0.004456500
pgvector,1,generar_emb,-,2335,0,0.012947900
pgvector,1,insert_emb,-,2335,0,0.004603700
pgvector,1,generar_emb,-,2336,0,0.015620800
pgvector,1,insert_emb,-,2336,0,0.004562800
pgvector,1,generar_emb,-,2337,0,0.013412800
pgvector,1,insert_emb,-,2337,0,0.004226300
pgvector,1,generar_emb,-,2338,0,0.011405000
pgvector,1,insert_emb,-,2338,0,0.004315200
pgvector,1,generar_emb,-,2339,0,0.015563400
pgvector,1,insert_emb,-,2339,0,0.004591000
pgvector,1,generar_emb,-,2340,0,0.015499900
pgvector,1,insert_emb,-,2340,0,0.004611400
pgvector,1,generar_emb,-,2341,0,0.012267300
pgvector,1,insert_emb,-,2341,0,0.004526100
pgvector,1,generar_emb,-,2342,0,0.012199200
pgvector,1,insert_emb,-,2342,0,0.004323700
pgvector,1,generar_emb,-,2343,0,0.012782200
pgvector,1,insert_emb,-,2343,0,0.004355200
pgvector,1,generar_emb,-,2344,0,0.011575900
pgvector,1,insert_emb,-,2344,0,0.004848400
pgvector,1,generar_emb,-,2345,0,0.014691400
pgvector,1,insert_emb,-,2345,0,0.004509100
pgvector,1,generar_emb,-,2346,0,0.012079800
pgvector,1,insert_emb,-,2346,0,0.004214600
pgvector,1,generar_emb,-,2347,0,0.011748400
pgvector,1,insert_emb,-,2347,0,0.004488100
pgvector,1,generar_emb,-,2348,0,0.011677400
pgvector,1,insert_emb,-,2348,0,0.004246000
pgvector,1,generar_emb,-,2349,0,0.014744800
pgvector,1,insert_emb,-,2349,0,0.004996700
pgvector,1,generar_emb,-,2350,0,0.015911600
pgvector,1,insert_emb,-,2350,0,0.004601000
pgvector,1,generar_emb,-,2351,0,0.012811800
pgvector,1,insert_emb,-,2351,0,0.004186300
pgvector,1,generar_emb,-,2352,0,0.013435200
pgvector,1,insert_emb,-,2352,0,0.004222400
pgvector,1,generar_emb,-,2353,0,0.011851400
pgvector,1,insert_emb,-,2353,0,0.004302200
pgvector,1,generar_emb,-,2354,0,0.011740900
pgvector,1,insert_emb,-,2354,0,0.004326000
pgvector,1,generar_emb,-,2355,0,0.011960100
pgvector,1,insert_emb,-,2355,0,0.004367600
pgvector,1,generar_emb,-,2356,0,0.010688500
pgvector,1,insert_emb,-,2356,0,0.004168300
pgvector,1,generar_emb,-,2357,0,0.011192800
pgvector,1,insert_emb,-,2357,0,0.004186100
pgvector,1,generar_emb,-,2358,0,0.012181000
pgvector,1,insert_emb,-,2358,0,0.004341400
pgvector,1,generar_emb,-,2359,0,0.012293500
pgvector,1,insert_emb,-,2359,0,0.004366200
pgvector,1,generar_emb,-,2360,0,0.012677400
pgvector,1,insert_emb,-,2360,0,0.004133900
pgvector,1,generar_emb,-,2361,0,0.012686500
pgvector,1,insert_emb,-,2361,0,0.004297400
pgvector,1,generar_emb,-,2362,0,0.012332800
pgvector,1,insert_emb,-,2362,0,0.004188600
pgvector,1,generar_emb,-,2363,0,0.012771900
pgvector,1,insert_emb,-,2363,0,0.004343700
pgvector,1,generar_emb,-,2364,0,0.011516200
pgvector,1,insert_emb,-,2364,0,0.004605400
pgvector,1,generar_emb,-,2365,0,0.013722000
pgvector,1,insert_emb,-,2365,0,0.004196600
pgvector,1,generar_emb,-,2366,0,0.012290700
pgvector,1,insert_emb,-,2366,0,0.004153000
pgvector,1,generar_emb,-,2367,0,0.012234300
pgvector,1,insert_emb,-,2367,0,0.004148200
pgvector,1,generar_emb,-,2368,0,0.011155300
pgvector,1,insert_emb,-,2368,0,0.004215000
pgvector,1,generar_emb,-,2369,0,0.012474300
pgvector,1,insert_emb,-,2369,0,0.004460200
pgvector,1,generar_emb,-,2370,0,0.011522100
pgvector,1,insert_emb,-,2370,0,0.004339500
pgvector,1,generar_emb,-,2371,0,0.010925600
pgvector,1,insert_emb,-,2371,0,0.004154400
pgvector,1,generar_emb,-,2372,0,0.012582900
pgvector,1,insert_emb,-,2372,0,0.004311600
pgvector,1,generar_emb,-,2373,0,0.012799500
pgvector,1,insert_emb,-,2373,0,0.004464300
pgvector,1,generar_emb,-,2374,0,0.011449000
pgvector,1,insert_emb,-,2374,0,0.004331400
pgvector,1,generar_emb,-,2375,0,0.011469600
pgvector,1,insert_emb,-,2375,0,0.004504700
pgvector,1,generar_emb,-,2376,0,0.012704500
pgvector,1,insert_emb,-,2376,0,0.004415100
pgvector,1,generar_emb,-,2377,0,0.010833400
pgvector,1,insert_emb,-,2377,0,0.004161600
pgvector,1,generar_emb,-,2378,0,0.011986700
pgvector,1,insert_emb,-,2378,0,0.004248200
pgvector,1,generar_emb,-,2379,0,0.013228900
pgvector,1,insert_emb,-,2379,0,0.004264100
pgvector,1,generar_emb,-,2380,0,0.010771800
pgvector,1,insert_emb,-,2380,0,0.004260400
pgvector,1,generar_emb,-,2381,0,0.010600300
pgvector,1,insert_emb,-,2381,0,0.004328400
pgvector,1,generar_emb,-,2382,0,0.011953700
pgvector,1,insert_emb,-,2382,0,0.004324600
pgvector,1,generar_emb,-,2383,0,0.010719300
pgvector,1,insert_emb,-,2383,0,0.004370200
pgvector,1,generar_emb,-,2384,0,0.013388100
pgvector,1,insert_emb,-,2384,0,0.004405800
pgvector,1,generar_emb,-,2385,0,0.011703000
pgvector,1,insert_emb,-,2385,0,0.004478400
pgvector,1,generar_emb,-,2386,0,0.012487500
pgvector,1,insert_emb,-,2386,0,0.004661100
pgvector,1,generar_emb,-,2387,0,0.013540000
pgvector,1,insert_emb,-,2387,0,0.004470000
pgvector,1,generar_emb,-,2388,0,0.012750500
pgvector,1,insert_emb,-,2388,0,0.004613500
pgvector,1,generar_emb,-,2389,0,0.013060700
pgvector,1,insert_emb,-,2389,0,0.004637600
pgvector,1,generar_emb,-,2390,0,0.012271100
pgvector,1,insert_emb,-,2390,0,0.004611200
pgvector,1,generar_emb,-,2391,0,0.012528600
pgvector,1,insert_emb,-,2391,0,0.004272000
pgvector,1,generar_emb,-,2392,0,0.011940100
pgvector,1,insert_emb,-,2392,0,0.004405700
pgvector,1,generar_emb,-,2393,0,0.011526500
pgvector,1,insert_emb,-,2393,0,0.004108900
pgvector,1,generar_emb,-,2394,0,0.012848700
pgvector,1,insert_emb,-,2394,0,0.004187600
pgvector,1,generar_emb,-,2395,0,0.012402500
pgvector,1,insert_emb,-,2395,0,0.004384100
pgvector,1,generar_emb,-,2396,0,0.012384900
pgvector,1,insert_emb,-,2396,0,0.004190100
pgvector,1,generar_emb,-,2397,0,0.012943700
pgvector,1,insert_emb,-,2397,0,0.004345600
pgvector,1,generar_emb,-,2398,0,0.012455000
pgvector,1,insert_emb,-,2398,0,0.004168400
pgvector,1,generar_emb,-,2399,0,0.010575900
pgvector,1,insert_emb,-,2399,0,0.004204700
pgvector,1,generar_emb,-,2400,0,0.011212200
pgvector,1,insert_emb,-,2400,0,0.004303100
pgvector,1,generar_emb,-,2401,0,0.011713700
pgvector,1,insert_emb,-,2401,0,0.004246400
pgvector,1,generar_emb,-,2402,0,0.011185500
pgvector,1,insert_emb,-,2402,0,0.004229500
pgvector,1,generar_emb,-,2403,0,0.011059000
pgvector,1,insert_emb,-,2403,0,0.004356900
pgvector,1,generar_emb,-,2404,0,0.010681400
pgvector,1,insert_emb,-,2404,0,0.004189900
pgvector,1,generar_emb,-,2405,0,0.012107100
pgvector,1,insert_emb,-,2405,0,0.004381500
pgvector,1,generar_emb,-,2406,0,0.013123500
pgvector,1,insert_emb,-,2406,0,0.004279600
pgvector,1,generar_emb,-,2407,0,0.014578000
pgvector,1,insert_emb,-,2407,0,0.004179800
pgvector,1,generar_emb,-,2408,0,0.011959800
pgvector,1,insert_emb,-,2408,0,0.004085100
pgvector,1,generar_emb,-,2409,0,0.012799500
pgvector,1,insert_emb,-,2409,0,0.004547000
pgvector,1,generar_emb,-,2410,0,0.012783800
pgvector,1,insert_emb,-,2410,0,0.004489600
pgvector,1,generar_emb,-,2411,0,0.013488100
pgvector,1,insert_emb,-,2411,0,0.004664000
pgvector,1,generar_emb,-,2412,0,0.012818800
pgvector,1,insert_emb,-,2412,0,0.004439300
pgvector,1,generar_emb,-,2413,0,0.013144500
pgvector,1,insert_emb,-,2413,0,0.004395700
pgvector,1,generar_emb,-,2414,0,0.012998800
pgvector,1,insert_emb,-,2414,0,0.004379300
pgvector,1,generar_emb,-,2415,0,0.012286400
pgvector,1,insert_emb,-,2415,0,0.004297000
pgvector,1,generar_emb,-,2416,0,0.012261300
pgvector,1,insert_emb,-,2416,0,0.004305900
pgvector,1,generar_emb,-,2417,0,0.012800800
pgvector,1,insert_emb,-,2417,0,0.004084700
pgvector,1,generar_emb,-,2418,0,0.012148000
pgvector,1,insert_emb,-,2418,0,0.004302400
pgvector,1,generar_emb,-,2419,0,0.012372100
pgvector,1,insert_emb,-,2419,0,0.004291000
pgvector,1,generar_emb,-,2420,0,0.012177900
pgvector,1,insert_emb,-,2420,0,0.004174400
pgvector,1,generar_emb,-,2421,0,0.015506700
pgvector,1,insert_emb,-,2421,0,0.004380400
pgvector,1,generar_emb,-,2422,0,0.013406300
pgvector,1,insert_emb,-,2422,0,0.004333200
pgvector,1,generar_emb,-,2423,0,0.012726000
pgvector,1,insert_emb,-,2423,0,0.004362500
pgvector,1,generar_emb,-,2424,0,0.015111500
pgvector,1,insert_emb,-,2424,0,0.004086000
pgvector,1,generar_emb,-,2425,0,0.012334000
pgvector,1,insert_emb,-,2425,0,0.004276900
pgvector,1,generar_emb,-,2426,0,0.012954000
pgvector,1,insert_emb,-,2426,0,0.004315600
pgvector,1,generar_emb,-,2427,0,0.011617300
pgvector,1,insert_emb,-,2427,0,0.004278900
pgvector,1,generar_emb,-,2428,0,0.014782800
pgvector,1,insert_emb,-,2428,0,0.004196400
pgvector,1,generar_emb,-,2429,0,0.013486000
pgvector,1,insert_emb,-,2429,0,0.004423600
pgvector,1,generar_emb,-,2430,0,0.012254900
pgvector,1,insert_emb,-,2430,0,0.004471500
pgvector,1,generar_emb,-,2431,0,0.011953600
pgvector,1,insert_emb,-,2431,0,0.004125300
pgvector,1,generar_emb,-,2432,0,0.013697600
pgvector,1,insert_emb,-,2432,0,0.004166400
pgvector,1,generar_emb,-,2433,0,0.011788600
pgvector,1,insert_emb,-,2433,0,0.004163800
pgvector,1,generar_emb,-,2434,0,0.015522200
pgvector,1,insert_emb,-,2434,0,0.004168300
pgvector,1,generar_emb,-,2435,0,0.014341100
pgvector,1,insert_emb,-,2435,0,0.004449600
pgvector,1,generar_emb,-,2436,0,0.012791600
pgvector,1,insert_emb,-,2436,0,0.004390200
pgvector,1,generar_emb,-,2437,0,0.015701600
pgvector,1,insert_emb,-,2437,0,0.004294500
pgvector,1,generar_emb,-,2438,0,0.015194600
pgvector,1,insert_emb,-,2438,0,0.004566600
pgvector,1,generar_emb,-,2439,0,0.012649400
pgvector,1,insert_emb,-,2439,0,0.004509100
pgvector,1,generar_emb,-,2440,0,0.011939400
pgvector,1,insert_emb,-,2440,0,0.004720400
pgvector,1,generar_emb,-,2441,0,0.012509500
pgvector,1,insert_emb,-,2441,0,0.004250600
pgvector,1,generar_emb,-,2442,0,0.016409400
pgvector,1,insert_emb,-,2442,0,0.004273500
pgvector,1,generar_emb,-,2443,0,0.015800800
pgvector,1,insert_emb,-,2443,0,0.004570700
pgvector,1,generar_emb,-,2444,0,0.010628800
pgvector,1,insert_emb,-,2444,0,0.004510500
pgvector,1,generar_emb,-,2445,0,0.016213200
pgvector,1,insert_emb,-,2445,0,0.004392100
pgvector,1,generar_emb,-,2446,0,0.015038200
pgvector,1,insert_emb,-,2446,0,0.004382600
pgvector,1,generar_emb,-,2447,0,0.016455000
pgvector,1,insert_emb,-,2447,0,0.004280500
pgvector,1,generar_emb,-,2448,0,0.012714900
pgvector,1,insert_emb,-,2448,0,0.004442700
pgvector,1,generar_emb,-,2449,0,0.015737800
pgvector,1,insert_emb,-,2449,0,0.004460100
pgvector,1,generar_emb,-,2450,0,0.014682000
pgvector,1,insert_emb,-,2450,0,0.004536400
pgvector,1,generar_emb,-,2451,0,0.012203400
pgvector,1,insert_emb,-,2451,0,0.004166700
pgvector,1,generar_emb,-,2452,0,0.015133500
pgvector,1,insert_emb,-,2452,0,0.004222600
pgvector,1,generar_emb,-,2453,0,0.012294100
pgvector,1,insert_emb,-,2453,0,0.004169700
pgvector,1,generar_emb,-,2454,0,0.012945300
pgvector,1,insert_emb,-,2454,0,0.004482100
pgvector,1,generar_emb,-,2455,0,0.011093200
pgvector,1,insert_emb,-,2455,0,0.004315600
pgvector,1,generar_emb,-,2456,0,0.014317900
pgvector,1,insert_emb,-,2456,0,0.004443400
pgvector,1,generar_emb,-,2457,0,0.010672400
pgvector,1,insert_emb,-,2457,0,0.004219400
pgvector,1,generar_emb,-,2458,0,0.011691300
pgvector,1,insert_emb,-,2458,0,0.004254700
pgvector,1,generar_emb,-,2459,0,0.013026300
pgvector,1,insert_emb,-,2459,0,0.004366700
pgvector,1,generar_emb,-,2460,0,0.012174600
pgvector,1,insert_emb,-,2460,0,0.004420200
pgvector,1,generar_emb,-,2461,0,0.012752800
pgvector,1,insert_emb,-,2461,0,0.004648700
pgvector,1,generar_emb,-,2462,0,0.012485000
pgvector,1,insert_emb,-,2462,0,0.004386700
pgvector,1,generar_emb,-,2463,0,0.013534100
pgvector,1,insert_emb,-,2463,0,0.004715300
pgvector,1,generar_emb,-,2464,0,0.012670900
pgvector,1,insert_emb,-,2464,0,0.004439800
pgvector,1,generar_emb,-,2465,0,0.011587400
pgvector,1,insert_emb,-,2465,0,0.004812800
pgvector,1,generar_emb,-,2466,0,0.012690900
pgvector,1,insert_emb,-,2466,0,0.004565500
pgvector,1,generar_emb,-,2467,0,0.017153500
pgvector,1,insert_emb,-,2467,0,0.004392600
pgvector,1,generar_emb,-,2468,0,0.014507200
pgvector,1,insert_emb,-,2468,0,0.004381900
pgvector,1,generar_emb,-,2469,0,0.012856900
pgvector,1,insert_emb,-,2469,0,0.004321200
pgvector,1,generar_emb,-,2470,0,0.012567600
pgvector,1,insert_emb,-,2470,0,0.004385400
pgvector,1,generar_emb,-,2471,0,0.013669700
pgvector,1,insert_emb,-,2471,0,0.004771100
pgvector,1,generar_emb,-,2472,0,0.011960300
pgvector,1,insert_emb,-,2472,0,0.004288200
pgvector,1,generar_emb,-,2473,0,0.011275500
pgvector,1,insert_emb,-,2473,0,0.004155800
pgvector,1,generar_emb,-,2474,0,0.011522800
pgvector,1,insert_emb,-,2474,0,0.004226800
pgvector,1,generar_emb,-,2475,0,0.011271900
pgvector,1,insert_emb,-,2475,0,0.004387800
pgvector,1,generar_emb,-,2476,0,0.012138200
pgvector,1,insert_emb,-,2476,0,0.004242000
pgvector,1,generar_emb,-,2477,0,0.015249000
pgvector,1,insert_emb,-,2477,0,0.004343300
pgvector,1,generar_emb,-,2478,0,0.013760000
pgvector,1,insert_emb,-,2478,0,0.004322800
pgvector,1,generar_emb,-,2479,0,0.012819600
pgvector,1,insert_emb,-,2479,0,0.004521000
pgvector,1,generar_emb,-,2480,0,0.012865500
pgvector,1,insert_emb,-,2480,0,0.004893200
pgvector,1,generar_emb,-,2481,0,0.015148200
pgvector,1,insert_emb,-,2481,0,0.004689300
pgvector,1,generar_emb,-,2482,0,0.013481900
pgvector,1,insert_emb,-,2482,0,0.004523300
pgvector,1,generar_emb,-,2483,0,0.013314400
pgvector,1,insert_emb,-,2483,0,0.004697500
pgvector,1,generar_emb,-,2484,0,0.012933800
pgvector,1,insert_emb,-,2484,0,0.004515100
pgvector,1,generar_emb,-,2485,0,0.015933600
pgvector,1,insert_emb,-,2485,0,0.005196700
pgvector,1,generar_emb,-,2486,0,0.013372900
pgvector,1,insert_emb,-,2486,0,0.004382900
pgvector,1,generar_emb,-,2487,0,0.012387600
pgvector,1,insert_emb,-,2487,0,0.004353700
pgvector,1,generar_emb,-,2488,0,0.011426200
pgvector,1,insert_emb,-,2488,0,0.004313200
pgvector,1,generar_emb,-,2489,0,0.012632000
pgvector,1,insert_emb,-,2489,0,0.005032000
pgvector,1,generar_emb,-,2490,0,0.011075000
pgvector,1,insert_emb,-,2490,0,0.004837100
pgvector,1,generar_emb,-,2491,0,0.012725500
pgvector,1,insert_emb,-,2491,0,0.004540700
pgvector,1,generar_emb,-,2492,0,0.011638200
pgvector,1,insert_emb,-,2492,0,0.004384300
pgvector,1,generar_emb,-,2493,0,0.013195900
pgvector,1,insert_emb,-,2493,0,0.004122000
pgvector,1,generar_emb,-,2494,0,0.011593600
pgvector,1,insert_emb,-,2494,0,0.004537300
pgvector,1,generar_emb,-,2495,0,0.012534400
pgvector,1,insert_emb,-,2495,0,0.004735400
pgvector,1,generar_emb,-,2496,0,0.010621700
pgvector,1,insert_emb,-,2496,0,0.004425400
pgvector,1,generar_emb,-,2497,0,0.011816200
pgvector,1,insert_emb,-,2497,0,0.004298800
pgvector,1,generar_emb,-,2498,0,0.012513800
pgvector,1,insert_emb,-,2498,0,0.004364000
pgvector,1,generar_emb,-,2499,0,0.010618100
pgvector,1,insert_emb,-,2499,0,0.004845700
pgvector,1,generar_emb,-,2500,0,0.014506100
pgvector,1,insert_emb,-,2500,0,0.004476300
pgvector,1,generar_emb,-,2501,0,0.015638600
pgvector,1,insert_emb,-,2501,0,0.004819400
pgvector,1,generar_emb,-,2502,0,0.011941900
pgvector,1,insert_emb,-,2502,0,0.004697200
pgvector,1,generar_emb,-,2503,0,0.011474500
pgvector,1,insert_emb,-,2503,0,0.004470700
pgvector,1,generar_emb,-,2504,0,0.011434400
pgvector,1,insert_emb,-,2504,0,0.004502600
pgvector,1,generar_emb,-,2505,0,0.012410500
pgvector,1,insert_emb,-,2505,0,0.004412400
pgvector,1,generar_emb,-,2506,0,0.010537800
pgvector,1,insert_emb,-,2506,0,0.004343000
pgvector,1,generar_emb,-,2507,0,0.011348200
pgvector,1,insert_emb,-,2507,0,0.004209500
pgvector,1,generar_emb,-,2508,0,0.012431800
pgvector,1,insert_emb,-,2508,0,0.004320900
pgvector,1,generar_emb,-,2509,0,0.012601300
pgvector,1,insert_emb,-,2509,0,0.004371600
pgvector,1,generar_emb,-,2510,0,0.011882600
pgvector,1,insert_emb,-,2510,0,0.004533300
pgvector,1,generar_emb,-,2511,0,0.012702300
pgvector,1,insert_emb,-,2511,0,0.005052700
pgvector,1,generar_emb,-,2512,0,0.018987500
pgvector,1,insert_emb,-,2512,0,0.004463800
pgvector,1,generar_emb,-,2513,0,0.013124400
pgvector,1,insert_emb,-,2513,0,0.004271000
pgvector,1,generar_emb,-,2514,0,0.011154400
pgvector,1,insert_emb,-,2514,0,0.004425500
pgvector,1,generar_emb,-,2515,0,0.010932400
pgvector,1,insert_emb,-,2515,0,0.004650700
pgvector,1,generar_emb,-,2516,0,0.013748600
pgvector,1,insert_emb,-,2516,0,0.004300100
pgvector,1,generar_emb,-,2517,0,0.012477000
pgvector,1,insert_emb,-,2517,0,0.004269800
pgvector,1,generar_emb,-,2518,0,0.011599200
pgvector,1,insert_emb,-,2518,0,0.004230600
pgvector,1,generar_emb,-,2519,0,0.011178800
pgvector,1,insert_emb,-,2519,0,0.004207800
pgvector,1,generar_emb,-,2520,0,0.011131500
pgvector,1,insert_emb,-,2520,0,0.004186900
pgvector,1,generar_emb,-,2521,0,0.011474700
pgvector,1,insert_emb,-,2521,0,0.004284500
pgvector,1,generar_emb,-,2522,0,0.012040100
pgvector,1,insert_emb,-,2522,0,0.004101300
pgvector,1,generar_emb,-,2523,0,0.011289800
pgvector,1,insert_emb,-,2523,0,0.004332600
pgvector,1,generar_emb,-,2524,0,0.011371800
pgvector,1,insert_emb,-,2524,0,0.004164100
pgvector,1,generar_emb,-,2525,0,0.011153000
pgvector,1,insert_emb,-,2525,0,0.004304300
pgvector,1,generar_emb,-,2526,0,0.013014900
pgvector,1,insert_emb,-,2526,0,0.004116300
pgvector,1,generar_emb,-,2527,0,0.011610300
pgvector,1,insert_emb,-,2527,0,0.004287300
pgvector,1,generar_emb,-,2528,0,0.011665000
pgvector,1,insert_emb,-,2528,0,0.004151300
pgvector,1,generar_emb,-,2529,0,0.010703600
pgvector,1,insert_emb,-,2529,0,0.004114300
pgvector,1,generar_emb,-,2530,0,0.011232700
pgvector,1,insert_emb,-,2530,0,0.004453100
pgvector,1,generar_emb,-,2531,0,0.012862500
pgvector,1,insert_emb,-,2531,0,0.004036300
pgvector,1,generar_emb,-,2532,0,0.013544200
pgvector,1,insert_emb,-,2532,0,0.004283600
pgvector,1,generar_emb,-,2533,0,0.011576500
pgvector,1,insert_emb,-,2533,0,0.004104700
pgvector,1,generar_emb,-,2534,0,0.014029300
pgvector,1,insert_emb,-,2534,0,0.004533700
pgvector,1,generar_emb,-,2535,0,0.012704600
pgvector,1,insert_emb,-,2535,0,0.004432800
pgvector,1,generar_emb,-,2536,0,0.011690700
pgvector,1,insert_emb,-,2536,0,0.004184700
pgvector,1,generar_emb,-,2537,0,0.013425600
pgvector,1,insert_emb,-,2537,0,0.004207800
pgvector,1,generar_emb,-,2538,0,0.013273500
pgvector,1,insert_emb,-,2538,0,0.004314200
pgvector,1,generar_emb,-,2539,0,0.012395500
pgvector,1,insert_emb,-,2539,0,0.004452700
pgvector,1,generar_emb,-,2540,0,0.013089800
pgvector,1,insert_emb,-,2540,0,0.004427400
pgvector,1,generar_emb,-,2541,0,0.013255700
pgvector,1,insert_emb,-,2541,0,0.004281300
pgvector,1,generar_emb,-,2542,0,0.013121500
pgvector,1,insert_emb,-,2542,0,0.004390100
pgvector,1,generar_emb,-,2543,0,0.011608200
pgvector,1,insert_emb,-,2543,0,0.004285200
pgvector,1,generar_emb,-,2544,0,0.011484200
pgvector,1,insert_emb,-,2544,0,0.004399400
pgvector,1,generar_emb,-,2545,0,0.012315800
pgvector,1,insert_emb,-,2545,0,0.004371500
pgvector,1,generar_emb,-,2546,0,0.014322100
pgvector,1,insert_emb,-,2546,0,0.004121000
pgvector,1,generar_emb,-,2547,0,0.011716900
pgvector,1,insert_emb,-,2547,0,0.004205700
pgvector,1,generar_emb,-,2548,0,0.012838900
pgvector,1,insert_emb,-,2548,0,0.004282500
pgvector,1,generar_emb,-,2549,0,0.012841700
pgvector,1,insert_emb,-,2549,0,0.004229600
pgvector,1,generar_emb,-,2550,0,0.013872100
pgvector,1,insert_emb,-,2550,0,0.004238500
pgvector,1,generar_emb,-,2551,0,0.011424800
pgvector,1,insert_emb,-,2551,0,0.004416700
pgvector,1,generar_emb,-,2552,0,0.012256800
pgvector,1,insert_emb,-,2552,0,0.004507000
pgvector,1,generar_emb,-,2553,0,0.012903800
pgvector,1,insert_emb,-,2553,0,0.004312000
pgvector,1,generar_emb,-,2554,0,0.011491400
pgvector,1,insert_emb,-,2554,0,0.004095000
pgvector,1,generar_emb,-,2555,0,0.014144200
pgvector,1,insert_emb,-,2555,0,0.004409600
pgvector,1,generar_emb,-,2556,0,0.011945300
pgvector,1,insert_emb,-,2556,0,0.004228000
pgvector,1,generar_emb,-,2557,0,0.012002100
pgvector,1,insert_emb,-,2557,0,0.004358900
pgvector,1,generar_emb,-,2558,0,0.013320800
pgvector,1,insert_emb,-,2558,0,0.004125700
pgvector,1,generar_emb,-,2559,0,0.013132500
pgvector,1,insert_emb,-,2559,0,0.004805500
pgvector,1,generar_emb,-,2560,0,0.012003400
pgvector,1,insert_emb,-,2560,0,0.004355300
pgvector,1,generar_emb,-,2561,0,0.011889700
pgvector,1,insert_emb,-,2561,0,0.004459500
pgvector,1,generar_emb,-,2562,0,0.012832500
pgvector,1,insert_emb,-,2562,0,0.004243300
pgvector,1,generar_emb,-,2563,0,0.012265500
pgvector,1,insert_emb,-,2563,0,0.004206700
pgvector,1,generar_emb,-,2564,0,0.011894600
pgvector,1,insert_emb,-,2564,0,0.004195800
pgvector,1,generar_emb,-,2565,0,0.013232900
pgvector,1,insert_emb,-,2565,0,0.004693300
pgvector,1,generar_emb,-,2566,0,0.013126600
pgvector,1,insert_emb,-,2566,0,0.004480300
pgvector,1,generar_emb,-,2567,0,0.012412100
pgvector,1,insert_emb,-,2567,0,0.004389900
pgvector,1,generar_emb,-,2568,0,0.014208000
pgvector,1,insert_emb,-,2568,0,0.004244300
pgvector,1,generar_emb,-,2569,0,0.013064300
pgvector,1,insert_emb,-,2569,0,0.004381500
pgvector,1,generar_emb,-,2570,0,0.012927400
pgvector,1,insert_emb,-,2570,0,0.004657500
pgvector,1,generar_emb,-,2571,0,0.012659000
pgvector,1,insert_emb,-,2571,0,0.004444700
pgvector,1,generar_emb,-,2572,0,0.013058100
pgvector,1,insert_emb,-,2572,0,0.005197100
pgvector,1,generar_emb,-,2573,0,0.016687600
pgvector,1,insert_emb,-,2573,0,0.005042700
pgvector,1,generar_emb,-,2574,0,0.011496000
pgvector,1,insert_emb,-,2574,0,0.004780500
pgvector,1,generar_emb,-,2575,0,0.010718600
pgvector,1,insert_emb,-,2575,0,0.005026600
pgvector,1,generar_emb,-,2576,0,0.015243700
pgvector,1,insert_emb,-,2576,0,0.004683100
pgvector,1,generar_emb,-,2577,0,0.012978000
pgvector,1,insert_emb,-,2577,0,0.004927900
pgvector,1,generar_emb,-,2578,0,0.014009900
pgvector,1,insert_emb,-,2578,0,0.004776900
pgvector,1,generar_emb,-,2579,0,0.011404300
pgvector,1,insert_emb,-,2579,0,0.004629400
pgvector,1,generar_emb,-,2580,0,0.012581200
pgvector,1,insert_emb,-,2580,0,0.004436100
pgvector,1,generar_emb,-,2581,0,0.012593400
pgvector,1,insert_emb,-,2581,0,0.004399600
pgvector,1,generar_emb,-,2582,0,0.012471600
pgvector,1,insert_emb,-,2582,0,0.004672300
pgvector,1,generar_emb,-,2583,0,0.012065000
pgvector,1,insert_emb,-,2583,0,0.004492000
pgvector,1,generar_emb,-,2584,0,0.011313100
pgvector,1,insert_emb,-,2584,0,0.004278500
pgvector,1,generar_emb,-,2585,0,0.013833500
pgvector,1,insert_emb,-,2585,0,0.004328200
pgvector,1,generar_emb,-,2586,0,0.014977500
pgvector,1,insert_emb,-,2586,0,0.004352300
pgvector,1,generar_emb,-,2587,0,0.011931300
pgvector,1,insert_emb,-,2587,0,0.004166400
pgvector,1,generar_emb,-,2588,0,0.015684700
pgvector,1,insert_emb,-,2588,0,0.004397800
pgvector,1,generar_emb,-,2589,0,0.011838500
pgvector,1,insert_emb,-,2589,0,0.004629100
pgvector,1,generar_emb,-,2590,0,0.011734200
pgvector,1,insert_emb,-,2590,0,0.004291700
pgvector,1,generar_emb,-,2591,0,0.015101100
pgvector,1,insert_emb,-,2591,0,0.004373700
pgvector,1,generar_emb,-,2592,0,0.012499400
pgvector,1,insert_emb,-,2592,0,0.004210100
pgvector,1,generar_emb,-,2593,0,0.015155600
pgvector,1,insert_emb,-,2593,0,0.004714500
pgvector,1,generar_emb,-,2594,0,0.014118000
pgvector,1,insert_emb,-,2594,0,0.004458300
pgvector,1,generar_emb,-,2595,0,0.012362400
pgvector,1,insert_emb,-,2595,0,0.004514400
pgvector,1,generar_emb,-,2596,0,0.011752200
pgvector,1,insert_emb,-,2596,0,0.004426700
pgvector,1,generar_emb,-,2597,0,0.011683900
pgvector,1,insert_emb,-,2597,0,0.004381700
pgvector,1,generar_emb,-,2598,0,0.012650000
pgvector,1,insert_emb,-,2598,0,0.004325400
pgvector,1,generar_emb,-,2599,0,0.013004900
pgvector,1,insert_emb,-,2599,0,0.004392300
pgvector,1,generar_emb,-,2600,0,0.013086100
pgvector,1,insert_emb,-,2600,0,0.004330600
pgvector,1,generar_emb,-,2601,0,0.011656900
pgvector,1,insert_emb,-,2601,0,0.004130400
pgvector,1,generar_emb,-,2602,0,0.011577300
pgvector,1,insert_emb,-,2602,0,0.004246500
pgvector,1,generar_emb,-,2603,0,0.012818800
pgvector,1,insert_emb,-,2603,0,0.004438200
pgvector,1,generar_emb,-,2604,0,0.012830600
pgvector,1,insert_emb,-,2604,0,0.004261700
pgvector,1,generar_emb,-,2605,0,0.011933600
pgvector,1,insert_emb,-,2605,0,0.004365000
pgvector,1,generar_emb,-,2606,0,0.012813300
pgvector,1,insert_emb,-,2606,0,0.004198100
pgvector,1,generar_emb,-,2607,0,0.015773900
pgvector,1,insert_emb,-,2607,0,0.005027600
pgvector,1,generar_emb,-,2608,0,0.014940700
pgvector,1,insert_emb,-,2608,0,0.004401900
pgvector,1,generar_emb,-,2609,0,0.013781000
pgvector,1,insert_emb,-,2609,0,0.004312100
pgvector,1,generar_emb,-,2610,0,0.011930900
pgvector,1,insert_emb,-,2610,0,0.004534700
pgvector,1,generar_emb,-,2611,0,0.017254900
pgvector,1,insert_emb,-,2611,0,0.004521300
pgvector,1,generar_emb,-,2612,0,0.014589300
pgvector,1,insert_emb,-,2612,0,0.004627600
pgvector,1,generar_emb,-,2613,0,0.013640600
pgvector,1,insert_emb,-,2613,0,0.004330300
pgvector,1,generar_emb,-,2614,0,0.012588300
pgvector,1,insert_emb,-,2614,0,0.004215900
pgvector,1,generar_emb,-,2615,0,0.012137100
pgvector,1,insert_emb,-,2615,0,0.004431200
pgvector,1,generar_emb,-,2616,0,0.013445900
pgvector,1,insert_emb,-,2616,0,0.004561100
pgvector,1,generar_emb,-,2617,0,0.012300300
pgvector,1,insert_emb,-,2617,0,0.004173000
pgvector,1,generar_emb,-,2618,0,0.012855100
pgvector,1,insert_emb,-,2618,0,0.004266800
pgvector,1,generar_emb,-,2619,0,0.012141000
pgvector,1,insert_emb,-,2619,0,0.004315300
pgvector,1,generar_emb,-,2620,0,0.012352500
pgvector,1,insert_emb,-,2620,0,0.004438300
pgvector,1,generar_emb,-,2621,0,0.010979000
pgvector,1,insert_emb,-,2621,0,0.004326900
pgvector,1,generar_emb,-,2622,0,0.012960400
pgvector,1,insert_emb,-,2622,0,0.004251300
pgvector,1,generar_emb,-,2623,0,0.011360200
pgvector,1,insert_emb,-,2623,0,0.004569300
pgvector,1,generar_emb,-,2624,0,0.014255800
pgvector,1,insert_emb,-,2624,0,0.004238400
pgvector,1,generar_emb,-,2625,0,0.013313900
pgvector,1,insert_emb,-,2625,0,0.004573900
pgvector,1,generar_emb,-,2626,0,0.010861700
pgvector,1,insert_emb,-,2626,0,0.004376600
pgvector,1,generar_emb,-,2627,0,0.012246400
pgvector,1,insert_emb,-,2627,0,0.004445600
pgvector,1,generar_emb,-,2628,0,0.012591000
pgvector,1,insert_emb,-,2628,0,0.004161200
pgvector,1,generar_emb,-,2629,0,0.012903500
pgvector,1,insert_emb,-,2629,0,0.004227200
pgvector,1,generar_emb,-,2630,0,0.015151300
pgvector,1,insert_emb,-,2630,0,0.004326300
pgvector,1,generar_emb,-,2631,0,0.010680200
pgvector,1,insert_emb,-,2631,0,0.004195200
pgvector,1,generar_emb,-,2632,0,0.012883300
pgvector,1,insert_emb,-,2632,0,0.004130300
pgvector,1,generar_emb,-,2633,0,0.012552900
pgvector,1,insert_emb,-,2633,0,0.004382000
pgvector,1,generar_emb,-,2634,0,0.013330500
pgvector,1,insert_emb,-,2634,0,0.004440100
pgvector,1,generar_emb,-,2635,0,0.014226000
pgvector,1,insert_emb,-,2635,0,0.004365200
pgvector,1,generar_emb,-,2636,0,0.012553000
pgvector,1,insert_emb,-,2636,0,0.004308800
pgvector,1,generar_emb,-,2637,0,0.012797200
pgvector,1,insert_emb,-,2637,0,0.004396900
pgvector,1,generar_emb,-,2638,0,0.013428000
pgvector,1,insert_emb,-,2638,0,0.004263100
pgvector,1,generar_emb,-,2639,0,0.011610800
pgvector,1,insert_emb,-,2639,0,0.004394300
pgvector,1,generar_emb,-,2640,0,0.011720800
pgvector,1,insert_emb,-,2640,0,0.004321700
pgvector,1,generar_emb,-,2641,0,0.014442800
pgvector,1,insert_emb,-,2641,0,0.004218700
pgvector,1,generar_emb,-,2642,0,0.011849700
pgvector,1,insert_emb,-,2642,0,0.004260400
pgvector,1,generar_emb,-,2643,0,0.011825600
pgvector,1,insert_emb,-,2643,0,0.004251100
pgvector,1,generar_emb,-,2644,0,0.012523700
pgvector,1,insert_emb,-,2644,0,0.004216600
pgvector,1,generar_emb,-,2645,0,0.012899200
pgvector,1,insert_emb,-,2645,0,0.004621500
pgvector,1,generar_emb,-,2646,0,0.013191700
pgvector,1,insert_emb,-,2646,0,0.004304800
pgvector,1,generar_emb,-,2647,0,0.016047000
pgvector,1,insert_emb,-,2647,0,0.004294600
pgvector,1,generar_emb,-,2648,0,0.011176400
pgvector,1,insert_emb,-,2648,0,0.004280400
pgvector,1,generar_emb,-,2649,0,0.013375300
pgvector,1,insert_emb,-,2649,0,0.004496900
pgvector,1,generar_emb,-,2650,0,0.011771100
pgvector,1,insert_emb,-,2650,0,0.004491400
pgvector,1,generar_emb,-,2651,0,0.011917100
pgvector,1,insert_emb,-,2651,0,0.004705600
pgvector,1,generar_emb,-,2652,0,0.015480300
pgvector,1,insert_emb,-,2652,0,0.005615500
pgvector,1,generar_emb,-,2653,0,0.017588800
pgvector,1,insert_emb,-,2653,0,0.005129100
pgvector,1,generar_emb,-,2654,0,0.017446000
pgvector,1,insert_emb,-,2654,0,0.005392600
pgvector,1,generar_emb,-,2655,0,0.017684400
pgvector,1,insert_emb,-,2655,0,0.006784400
pgvector,1,generar_emb,-,2656,0,0.018509100
pgvector,1,insert_emb,-,2656,0,0.005815600
pgvector,1,generar_emb,-,2657,0,0.022220900
pgvector,1,insert_emb,-,2657,0,0.005865800
pgvector,1,generar_emb,-,2658,0,0.020952500
pgvector,1,insert_emb,-,2658,0,0.005875100
pgvector,1,generar_emb,-,2659,0,0.018621700
pgvector,1,insert_emb,-,2659,0,0.004326500
pgvector,1,generar_emb,-,2660,0,0.016600800
pgvector,1,insert_emb,-,2660,0,0.004485600
pgvector,1,generar_emb,-,2661,0,0.014293000
pgvector,1,insert_emb,-,2661,0,0.004192500
pgvector,1,generar_emb,-,2662,0,0.011866000
pgvector,1,insert_emb,-,2662,0,0.004021900
pgvector,1,generar_emb,-,2663,0,0.012810300
pgvector,1,insert_emb,-,2663,0,0.004507500
pgvector,1,generar_emb,-,2664,0,0.014282200
pgvector,1,insert_emb,-,2664,0,0.004974900
pgvector,1,generar_emb,-,2665,0,0.011876700
pgvector,1,insert_emb,-,2665,0,0.004379600
pgvector,1,generar_emb,-,2666,0,0.011993000
pgvector,1,insert_emb,-,2666,0,0.004438100
pgvector,1,generar_emb,-,2667,0,0.011926200
pgvector,1,insert_emb,-,2667,0,0.004705900
pgvector,1,generar_emb,-,2668,0,0.016719600
pgvector,1,insert_emb,-,2668,0,0.004881400
pgvector,1,generar_emb,-,2669,0,0.014629900
pgvector,1,insert_emb,-,2669,0,0.004515500
pgvector,1,generar_emb,-,2670,0,0.012267800
pgvector,1,insert_emb,-,2670,0,0.004560100
pgvector,1,generar_emb,-,2671,0,0.013101900
pgvector,1,insert_emb,-,2671,0,0.004120100
pgvector,1,generar_emb,-,2672,0,0.015102900
pgvector,1,insert_emb,-,2672,0,0.004257500
pgvector,1,generar_emb,-,2673,0,0.012158900
pgvector,1,insert_emb,-,2673,0,0.004138300
pgvector,1,generar_emb,-,2674,0,0.013372400
pgvector,1,insert_emb,-,2674,0,0.004181200
pgvector,1,generar_emb,-,2675,0,0.015200600
pgvector,1,insert_emb,-,2675,0,0.004162600
pgvector,1,generar_emb,-,2676,0,0.012936100
pgvector,1,insert_emb,-,2676,0,0.004050100
pgvector,1,generar_emb,-,2677,0,0.013536400
pgvector,1,insert_emb,-,2677,0,0.004503800
pgvector,1,generar_emb,-,2678,0,0.012281200
pgvector,1,insert_emb,-,2678,0,0.004225000
pgvector,1,generar_emb,-,2679,0,0.012017600
pgvector,1,insert_emb,-,2679,0,0.004153200
pgvector,1,generar_emb,-,2680,0,0.010837800
pgvector,1,insert_emb,-,2680,0,0.004524900
pgvector,1,generar_emb,-,2681,0,0.014130600
pgvector,1,insert_emb,-,2681,0,0.004307000
pgvector,1,generar_emb,-,2682,0,0.014369200
pgvector,1,insert_emb,-,2682,0,0.004334600
pgvector,1,generar_emb,-,2683,0,0.016757100
pgvector,1,insert_emb,-,2683,0,0.004490200
pgvector,1,generar_emb,-,2684,0,0.012982600
pgvector,1,insert_emb,-,2684,0,0.004226600
pgvector,1,generar_emb,-,2685,0,0.014835800
pgvector,1,insert_emb,-,2685,0,0.004850100
pgvector,1,generar_emb,-,2686,0,0.011707700
pgvector,1,insert_emb,-,2686,0,0.004227700
pgvector,1,generar_emb,-,2687,0,0.011500600
pgvector,1,insert_emb,-,2687,0,0.003939900
pgvector,1,generar_emb,-,2688,0,0.012369200
pgvector,1,insert_emb,-,2688,0,0.003958800
pgvector,1,generar_emb,-,2689,0,0.014486400
pgvector,1,insert_emb,-,2689,0,0.004303600
pgvector,1,generar_emb,-,2690,0,0.012453700
pgvector,1,insert_emb,-,2690,0,0.004181300
pgvector,1,generar_emb,-,2691,0,0.016569000
pgvector,1,insert_emb,-,2691,0,0.004745900
pgvector,1,generar_emb,-,2692,0,0.013478100
pgvector,1,insert_emb,-,2692,0,0.004236700
pgvector,1,generar_emb,-,2693,0,0.013511500
pgvector,1,insert_emb,-,2693,0,0.004307200
pgvector,1,generar_emb,-,2694,0,0.013110100
pgvector,1,insert_emb,-,2694,0,0.004350600
pgvector,1,generar_emb,-,2695,0,0.012243900
pgvector,1,insert_emb,-,2695,0,0.004438600
pgvector,1,generar_emb,-,2696,0,0.013530500
pgvector,1,insert_emb,-,2696,0,0.004173700
pgvector,1,generar_emb,-,2697,0,0.012604500
pgvector,1,insert_emb,-,2697,0,0.004112800
pgvector,1,generar_emb,-,2698,0,0.012058500
pgvector,1,insert_emb,-,2698,0,0.004127900
pgvector,1,generar_emb,-,2699,0,0.013116800
pgvector,1,insert_emb,-,2699,0,0.004285500
pgvector,1,generar_emb,-,2700,0,0.012883000
pgvector,1,insert_emb,-,2700,0,0.004464900
pgvector,1,generar_emb,-,2701,0,0.012425100
pgvector,1,insert_emb,-,2701,0,0.004045400
pgvector,1,generar_emb,-,2702,0,0.012882400
pgvector,1,insert_emb,-,2702,0,0.004217100
pgvector,1,generar_emb,-,2703,0,0.014712400
pgvector,1,insert_emb,-,2703,0,0.004424900
pgvector,1,generar_emb,-,2704,0,0.013583000
pgvector,1,insert_emb,-,2704,0,0.004514600
pgvector,1,generar_emb,-,2705,0,0.013682600
pgvector,1,insert_emb,-,2705,0,0.004442600
pgvector,1,generar_emb,-,2706,0,0.011996400
pgvector,1,insert_emb,-,2706,0,0.004100400
pgvector,1,generar_emb,-,2707,0,0.012010300
pgvector,1,insert_emb,-,2707,0,0.004228600
pgvector,1,generar_emb,-,2708,0,0.013905300
pgvector,1,insert_emb,-,2708,0,0.004245300
pgvector,1,generar_emb,-,2709,0,0.013170700
pgvector,1,insert_emb,-,2709,0,0.004443100
pgvector,1,generar_emb,-,2710,0,0.012708000
pgvector,1,insert_emb,-,2710,0,0.004150400
pgvector,1,generar_emb,-,2711,0,0.012504600
pgvector,1,insert_emb,-,2711,0,0.004470900
pgvector,1,generar_emb,-,2712,0,0.013960300
pgvector,1,insert_emb,-,2712,0,0.004172000
pgvector,1,generar_emb,-,2713,0,0.012826400
pgvector,1,insert_emb,-,2713,0,0.004269000
pgvector,1,generar_emb,-,2714,0,0.011608600
pgvector,1,insert_emb,-,2714,0,0.004058900
pgvector,1,generar_emb,-,2715,0,0.012633800
pgvector,1,insert_emb,-,2715,0,0.004991100
pgvector,1,generar_emb,-,2716,0,0.016103200
pgvector,1,insert_emb,-,2716,0,0.004394000
pgvector,1,generar_emb,-,2717,0,0.013121100
pgvector,1,insert_emb,-,2717,0,0.004360800
pgvector,1,generar_emb,-,2718,0,0.016096500
pgvector,1,insert_emb,-,2718,0,0.004434600
pgvector,1,generar_emb,-,2719,0,0.012247700
pgvector,1,insert_emb,-,2719,0,0.004458400
pgvector,1,generar_emb,-,2720,0,0.010878400
pgvector,1,insert_emb,-,2720,0,0.004361700
pgvector,1,generar_emb,-,2721,0,0.012562600
pgvector,1,insert_emb,-,2721,0,0.004360600
pgvector,1,generar_emb,-,2722,0,0.011405000
pgvector,1,insert_emb,-,2722,0,0.004323300
pgvector,1,generar_emb,-,2723,0,0.012633000
pgvector,1,insert_emb,-,2723,0,0.004484800
pgvector,1,generar_emb,-,2724,0,0.011094500
pgvector,1,insert_emb,-,2724,0,0.004352400
pgvector,1,generar_emb,-,2725,0,0.011048700
pgvector,1,insert_emb,-,2725,0,0.004243700
pgvector,1,generar_emb,-,2726,0,0.012498500
pgvector,1,insert_emb,-,2726,0,0.004321500
pgvector,1,generar_emb,-,2727,0,0.011324300
pgvector,1,insert_emb,-,2727,0,0.004433300
pgvector,1,generar_emb,-,2728,0,0.011296400
pgvector,1,insert_emb,-,2728,0,0.004617200
pgvector,1,generar_emb,-,2729,0,0.011158300
pgvector,1,insert_emb,-,2729,0,0.004137300
pgvector,1,generar_emb,-,2730,0,0.011730500
pgvector,1,insert_emb,-,2730,0,0.004259000
pgvector,1,generar_emb,-,2731,0,0.014191000
pgvector,1,insert_emb,-,2731,0,0.004767900
pgvector,1,generar_emb,-,2732,0,0.011930900
pgvector,1,insert_emb,-,2732,0,0.004084400
pgvector,1,generar_emb,-,2733,0,0.012305100
pgvector,1,insert_emb,-,2733,0,0.004338900
pgvector,1,generar_emb,-,2734,0,0.010595200
pgvector,1,insert_emb,-,2734,0,0.004208200
pgvector,1,generar_emb,-,2735,0,0.012637700
pgvector,1,insert_emb,-,2735,0,0.004339600
pgvector,1,generar_emb,-,2736,0,0.015431800
pgvector,1,insert_emb,-,2736,0,0.004471100
pgvector,1,generar_emb,-,2737,0,0.012269500
pgvector,1,insert_emb,-,2737,0,0.004253300
pgvector,1,generar_emb,-,2738,0,0.012528200
pgvector,1,insert_emb,-,2738,0,0.004164900
pgvector,1,generar_emb,-,2739,0,0.013571000
pgvector,1,insert_emb,-,2739,0,0.005238900
pgvector,1,generar_emb,-,2740,0,0.014767200
pgvector,1,insert_emb,-,2740,0,0.004637900
pgvector,1,generar_emb,-,2741,0,0.012179900
pgvector,1,insert_emb,-,2741,0,0.004270300
pgvector,1,generar_emb,-,2742,0,0.012898000
pgvector,1,insert_emb,-,2742,0,0.004376000
pgvector,1,generar_emb,-,2743,0,0.012779100
pgvector,1,insert_emb,-,2743,0,0.004212700
pgvector,1,generar_emb,-,2744,0,0.015507200
pgvector,1,insert_emb,-,2744,0,0.004465200
pgvector,1,generar_emb,-,2745,0,0.014069600
pgvector,1,insert_emb,-,2745,0,0.004792300
pgvector,1,generar_emb,-,2746,0,0.012295500
pgvector,1,insert_emb,-,2746,0,0.005026100
pgvector,1,generar_emb,-,2747,0,0.013748600
pgvector,1,insert_emb,-,2747,0,0.004308900
pgvector,1,generar_emb,-,2748,0,0.010413900
pgvector,1,insert_emb,-,2748,0,0.004331300
pgvector,1,generar_emb,-,2749,0,0.010662300
pgvector,1,insert_emb,-,2749,0,0.004128200
pgvector,1,generar_emb,-,2750,0,0.011930900
pgvector,1,insert_emb,-,2750,0,0.004194600
pgvector,1,generar_emb,-,2751,0,0.011759000
pgvector,1,insert_emb,-,2751,0,0.004400600
pgvector,1,generar_emb,-,2752,0,0.011256800
pgvector,1,insert_emb,-,2752,0,0.004242100
pgvector,1,generar_emb,-,2753,0,0.013499800
pgvector,1,insert_emb,-,2753,0,0.004156500
pgvector,1,generar_emb,-,2754,0,0.013509200
pgvector,1,insert_emb,-,2754,0,0.004474400
pgvector,1,generar_emb,-,2755,0,0.010911900
pgvector,1,insert_emb,-,2755,0,0.004452800
pgvector,1,generar_emb,-,2756,0,0.010664100
pgvector,1,insert_emb,-,2756,0,0.004431200
pgvector,1,generar_emb,-,2757,0,0.011682900
pgvector,1,insert_emb,-,2757,0,0.004281500
pgvector,1,generar_emb,-,2758,0,0.014106300
pgvector,1,insert_emb,-,2758,0,0.004783600
pgvector,1,generar_emb,-,2759,0,0.013943100
pgvector,1,insert_emb,-,2759,0,0.004820100
pgvector,1,generar_emb,-,2760,0,0.014205700
pgvector,1,insert_emb,-,2760,0,0.005047400
pgvector,1,generar_emb,-,2761,0,0.013601200
pgvector,1,insert_emb,-,2761,0,0.004622900
pgvector,1,generar_emb,-,2762,0,0.012517100
pgvector,1,insert_emb,-,2762,0,0.004701700
pgvector,1,generar_emb,-,2763,0,0.011879900
pgvector,1,insert_emb,-,2763,0,0.004775500
pgvector,1,generar_emb,-,2764,0,0.012869900
pgvector,1,insert_emb,-,2764,0,0.004643800
pgvector,1,generar_emb,-,2765,0,0.011976000
pgvector,1,insert_emb,-,2765,0,0.004719600
pgvector,1,generar_emb,-,2766,0,0.013557100
pgvector,1,insert_emb,-,2766,0,0.004311200
pgvector,1,generar_emb,-,2767,0,0.012002500
pgvector,1,insert_emb,-,2767,0,0.004268600
pgvector,1,generar_emb,-,2768,0,0.011835300
pgvector,1,insert_emb,-,2768,0,0.004147400
pgvector,1,generar_emb,-,2769,0,0.012417900
pgvector,1,insert_emb,-,2769,0,0.004426200
pgvector,1,generar_emb,-,2770,0,0.011995300
pgvector,1,insert_emb,-,2770,0,0.004303300
pgvector,1,generar_emb,-,2771,0,0.011367400
pgvector,1,insert_emb,-,2771,0,0.004281900
pgvector,1,generar_emb,-,2772,0,0.012347700
pgvector,1,insert_emb,-,2772,0,0.004320300
pgvector,1,generar_emb,-,2773,0,0.011273500
pgvector,1,insert_emb,-,2773,0,0.004301900
pgvector,1,generar_emb,-,2774,0,0.012507300
pgvector,1,insert_emb,-,2774,0,0.004727700
pgvector,1,generar_emb,-,2775,0,0.017228400
pgvector,1,insert_emb,-,2775,0,0.004892300
pgvector,1,generar_emb,-,2776,0,0.015734000
pgvector,1,insert_emb,-,2776,0,0.004497600
pgvector,1,generar_emb,-,2777,0,0.013427500
pgvector,1,insert_emb,-,2777,0,0.004541100
pgvector,1,generar_emb,-,2778,0,0.016672300
pgvector,1,insert_emb,-,2778,0,0.004414700
pgvector,1,generar_emb,-,2779,0,0.013652400
pgvector,1,insert_emb,-,2779,0,0.005111600
pgvector,1,generar_emb,-,2780,0,0.013306500
pgvector,1,insert_emb,-,2780,0,0.004306100
pgvector,1,generar_emb,-,2781,0,0.014432200
pgvector,1,insert_emb,-,2781,0,0.004298100
pgvector,1,generar_emb,-,2782,0,0.012943900
pgvector,1,insert_emb,-,2782,0,0.004445200
pgvector,1,generar_emb,-,2783,0,0.012648300
pgvector,1,insert_emb,-,2783,0,0.004287500
pgvector,1,generar_emb,-,2784,0,0.013302700
pgvector,1,insert_emb,-,2784,0,0.004248400
pgvector,1,generar_emb,-,2785,0,0.013079400
pgvector,1,insert_emb,-,2785,0,0.004727800
pgvector,1,generar_emb,-,2786,0,0.014208600
pgvector,1,insert_emb,-,2786,0,0.004267200
pgvector,1,generar_emb,-,2787,0,0.012369100
pgvector,1,insert_emb,-,2787,0,0.004199100
pgvector,1,generar_emb,-,2788,0,0.011169000
pgvector,1,insert_emb,-,2788,0,0.004394400
pgvector,1,generar_emb,-,2789,0,0.011241700
pgvector,1,insert_emb,-,2789,0,0.004207700
pgvector,1,generar_emb,-,2790,0,0.011360400
pgvector,1,insert_emb,-,2790,0,0.004395000
pgvector,1,generar_emb,-,2791,0,0.012123100
pgvector,1,insert_emb,-,2791,0,0.004262300
pgvector,1,generar_emb,-,2792,0,0.011445200
pgvector,1,insert_emb,-,2792,0,0.004568100
pgvector,1,generar_emb,-,2793,0,0.010961100
pgvector,1,insert_emb,-,2793,0,0.004229600
pgvector,1,generar_emb,-,2794,0,0.011695300
pgvector,1,insert_emb,-,2794,0,0.004301500
pgvector,1,generar_emb,-,2795,0,0.012123700
pgvector,1,insert_emb,-,2795,0,0.004794400
pgvector,1,generar_emb,-,2796,0,0.011735500
pgvector,1,insert_emb,-,2796,0,0.004084100
pgvector,1,generar_emb,-,2797,0,0.011770700
pgvector,1,insert_emb,-,2797,0,0.004225600
pgvector,1,generar_emb,-,2798,0,0.010838700
pgvector,1,insert_emb,-,2798,0,0.004067400
pgvector,1,generar_emb,-,2799,0,0.011363800
pgvector,1,insert_emb,-,2799,0,0.004458400
pgvector,1,generar_emb,-,2800,0,0.013120800
pgvector,1,insert_emb,-,2800,0,0.004413000
pgvector,1,generar_emb,-,2801,0,0.012242000
pgvector,1,insert_emb,-,2801,0,0.004523800
pgvector,1,generar_emb,-,2802,0,0.012232000
pgvector,1,insert_emb,-,2802,0,0.004344300
pgvector,1,generar_emb,-,2803,0,0.012973200
pgvector,1,insert_emb,-,2803,0,0.004175400
pgvector,1,generar_emb,-,2804,0,0.011964800
pgvector,1,insert_emb,-,2804,0,0.004339800
pgvector,1,generar_emb,-,2805,0,0.012169100
pgvector,1,insert_emb,-,2805,0,0.004221800
pgvector,1,generar_emb,-,2806,0,0.011459300
pgvector,1,insert_emb,-,2806,0,0.004034100
pgvector,1,generar_emb,-,2807,0,0.010545000
pgvector,1,insert_emb,-,2807,0,0.004184700
pgvector,1,generar_emb,-,2808,0,0.012223500
pgvector,1,insert_emb,-,2808,0,0.004435200
pgvector,1,generar_emb,-,2809,0,0.013075300
pgvector,1,insert_emb,-,2809,0,0.004327600
pgvector,1,generar_emb,-,2810,0,0.014519700
pgvector,1,insert_emb,-,2810,0,0.004328000
pgvector,1,generar_emb,-,2811,0,0.013160900
pgvector,1,insert_emb,-,2811,0,0.004524300
pgvector,1,generar_emb,-,2812,0,0.011229600
pgvector,1,insert_emb,-,2812,0,0.004311200
pgvector,1,generar_emb,-,2813,0,0.011936100
pgvector,1,insert_emb,-,2813,0,0.004245300
pgvector,1,generar_emb,-,2814,0,0.011002500
pgvector,1,insert_emb,-,2814,0,0.004118200
pgvector,1,generar_emb,-,2815,0,0.012299100
pgvector,1,insert_emb,-,2815,0,0.004212500
pgvector,1,generar_emb,-,2816,0,0.013499200
pgvector,1,insert_emb,-,2816,0,0.004055600
pgvector,1,generar_emb,-,2817,0,0.011481900
pgvector,1,insert_emb,-,2817,0,0.004282400
pgvector,1,generar_emb,-,2818,0,0.016862300
pgvector,1,insert_emb,-,2818,0,0.004456100
pgvector,1,generar_emb,-,2819,0,0.012519300
pgvector,1,insert_emb,-,2819,0,0.004399800
pgvector,1,generar_emb,-,2820,0,0.011307400
pgvector,1,insert_emb,-,2820,0,0.004239400
pgvector,1,generar_emb,-,2821,0,0.012402100
pgvector,1,insert_emb,-,2821,0,0.004333500
pgvector,1,generar_emb,-,2822,0,0.014511800
pgvector,1,insert_emb,-,2822,0,0.004394500
pgvector,1,generar_emb,-,2823,0,0.011196500
pgvector,1,insert_emb,-,2823,0,0.004231300
pgvector,1,generar_emb,-,2824,0,0.012595100
pgvector,1,insert_emb,-,2824,0,0.004226100
pgvector,1,generar_emb,-,2825,0,0.012238100
pgvector,1,insert_emb,-,2825,0,0.004360400
pgvector,1,generar_emb,-,2826,0,0.011268100
pgvector,1,insert_emb,-,2826,0,0.004104000
pgvector,1,generar_emb,-,2827,0,0.011685600
pgvector,1,insert_emb,-,2827,0,0.004020200
pgvector,1,generar_emb,-,2828,0,0.012954000
pgvector,1,insert_emb,-,2828,0,0.004160600
pgvector,1,generar_emb,-,2829,0,0.013125600
pgvector,1,insert_emb,-,2829,0,0.004335100
pgvector,1,generar_emb,-,2830,0,0.013383700
pgvector,1,insert_emb,-,2830,0,0.004451600
pgvector,1,generar_emb,-,2831,0,0.011558900
pgvector,1,insert_emb,-,2831,0,0.004151800
pgvector,1,generar_emb,-,2832,0,0.012218600
pgvector,1,insert_emb,-,2832,0,0.004129900
pgvector,1,generar_emb,-,2833,0,0.012584400
pgvector,1,insert_emb,-,2833,0,0.004428700
pgvector,1,generar_emb,-,2834,0,0.013427500
pgvector,1,insert_emb,-,2834,0,0.004585000
pgvector,1,generar_emb,-,2835,0,0.011057400
pgvector,1,insert_emb,-,2835,0,0.004189200
pgvector,1,generar_emb,-,2836,0,0.015535300
pgvector,1,insert_emb,-,2836,0,0.004515400
pgvector,1,generar_emb,-,2837,0,0.011738900
pgvector,1,insert_emb,-,2837,0,0.004235200
pgvector,1,generar_emb,-,2838,0,0.011013000
pgvector,1,insert_emb,-,2838,0,0.004309500
pgvector,1,generar_emb,-,2839,0,0.011689500
pgvector,1,insert_emb,-,2839,0,0.004216300
pgvector,1,generar_emb,-,2840,0,0.011598000
pgvector,1,insert_emb,-,2840,0,0.004317200
pgvector,1,generar_emb,-,2841,0,0.012200900
pgvector,1,insert_emb,-,2841,0,0.004159500
pgvector,1,generar_emb,-,2842,0,0.011469300
pgvector,1,insert_emb,-,2842,0,0.004346000
pgvector,1,generar_emb,-,2843,0,0.012340300
pgvector,1,insert_emb,-,2843,0,0.004581100
pgvector,1,generar_emb,-,2844,0,0.013522300
pgvector,1,insert_emb,-,2844,0,0.004274600
pgvector,1,generar_emb,-,2845,0,0.011988900
pgvector,1,insert_emb,-,2845,0,0.004333500
pgvector,1,generar_emb,-,2846,0,0.015700800
pgvector,1,insert_emb,-,2846,0,0.004808100
pgvector,1,generar_emb,-,2847,0,0.014447100
pgvector,1,insert_emb,-,2847,0,0.004525200
pgvector,1,generar_emb,-,2848,0,0.011846500
pgvector,1,insert_emb,-,2848,0,0.004035900
pgvector,1,generar_emb,-,2849,0,0.012565700
pgvector,1,insert_emb,-,2849,0,0.003862000
pgvector,1,generar_emb,-,2850,0,0.013270200
pgvector,1,insert_emb,-,2850,0,0.003913500
pgvector,1,generar_emb,-,2851,0,0.012403800
pgvector,1,insert_emb,-,2851,0,0.004082800
pgvector,1,generar_emb,-,2852,0,0.011786600
pgvector,1,insert_emb,-,2852,0,0.004577100
pgvector,1,generar_emb,-,2853,0,0.013073100
pgvector,1,insert_emb,-,2853,0,0.004585800
pgvector,1,generar_emb,-,2854,0,0.012032200
pgvector,1,insert_emb,-,2854,0,0.004791900
pgvector,1,generar_emb,-,2855,0,0.011925000
pgvector,1,insert_emb,-,2855,0,0.005019100
pgvector,1,generar_emb,-,2856,0,0.013219400
pgvector,1,insert_emb,-,2856,0,0.004768000
pgvector,1,generar_emb,-,2857,0,0.011308800
pgvector,1,insert_emb,-,2857,0,0.004581700
pgvector,1,generar_emb,-,2858,0,0.015186900
pgvector,1,insert_emb,-,2858,0,0.004820300
pgvector,1,generar_emb,-,2859,0,0.012089600
pgvector,1,insert_emb,-,2859,0,0.004473800
pgvector,1,generar_emb,-,2860,0,0.015621400
pgvector,1,insert_emb,-,2860,0,0.004444000
pgvector,1,generar_emb,-,2861,0,0.011344000
pgvector,1,insert_emb,-,2861,0,0.004080800
pgvector,1,generar_emb,-,2862,0,0.010557700
pgvector,1,insert_emb,-,2862,0,0.004134400
pgvector,1,generar_emb,-,2863,0,0.011150500
pgvector,1,insert_emb,-,2863,0,0.004121700
pgvector,1,generar_emb,-,2864,0,0.011989800
pgvector,1,insert_emb,-,2864,0,0.004113500
pgvector,1,generar_emb,-,2865,0,0.011932500
pgvector,1,insert_emb,-,2865,0,0.004218600
pgvector,1,generar_emb,-,2866,0,0.013206500
pgvector,1,insert_emb,-,2866,0,0.004289300
pgvector,1,generar_emb,-,2867,0,0.017722000
pgvector,1,insert_emb,-,2867,0,0.004139000
pgvector,1,generar_emb,-,2868,0,0.011938800
pgvector,1,insert_emb,-,2868,0,0.003978900
pgvector,1,generar_emb,-,2869,0,0.018727300
pgvector,1,insert_emb,-,2869,0,0.004421200
pgvector,1,generar_emb,-,2870,0,0.017019900
pgvector,1,insert_emb,-,2870,0,0.004377700
pgvector,1,generar_emb,-,2871,0,0.013900300
pgvector,1,insert_emb,-,2871,0,0.004530700
pgvector,1,generar_emb,-,2872,0,0.014358300
pgvector,1,insert_emb,-,2872,0,0.004511100
pgvector,1,generar_emb,-,2873,0,0.013864100
pgvector,1,insert_emb,-,2873,0,0.004418900
pgvector,1,generar_emb,-,2874,0,0.011832100
pgvector,1,insert_emb,-,2874,0,0.004214600
pgvector,1,generar_emb,-,2875,0,0.012625000
pgvector,1,insert_emb,-,2875,0,0.004483100
pgvector,1,generar_emb,-,2876,0,0.016234500
pgvector,1,insert_emb,-,2876,0,0.004230500
pgvector,1,generar_emb,-,2877,0,0.011458400
pgvector,1,insert_emb,-,2877,0,0.004401800
pgvector,1,generar_emb,-,2878,0,0.013415000
pgvector,1,insert_emb,-,2878,0,0.004524800
pgvector,1,generar_emb,-,2879,0,0.011221300
pgvector,1,insert_emb,-,2879,0,0.004466200
pgvector,1,generar_emb,-,2880,0,0.011906200
pgvector,1,insert_emb,-,2880,0,0.004341800
pgvector,1,generar_emb,-,2881,0,0.011060300
pgvector,1,insert_emb,-,2881,0,0.004455700
pgvector,1,generar_emb,-,2882,0,0.014129400
pgvector,1,insert_emb,-,2882,0,0.004839800
pgvector,1,generar_emb,-,2883,0,0.018703500
pgvector,1,insert_emb,-,2883,0,0.004576300
pgvector,1,generar_emb,-,2884,0,0.011642100
pgvector,1,insert_emb,-,2884,0,0.004314800
pgvector,1,generar_emb,-,2885,0,0.015806200
pgvector,1,insert_emb,-,2885,0,0.004477000
pgvector,1,generar_emb,-,2886,0,0.011851800
pgvector,1,insert_emb,-,2886,0,0.004207200
pgvector,1,generar_emb,-,2887,0,0.012429100
pgvector,1,insert_emb,-,2887,0,0.004594600
pgvector,1,generar_emb,-,2888,0,0.011172600
pgvector,1,insert_emb,-,2888,0,0.004350800
pgvector,1,generar_emb,-,2889,0,0.013370200
pgvector,1,insert_emb,-,2889,0,0.004573800
pgvector,1,generar_emb,-,2890,0,0.012950800
pgvector,1,insert_emb,-,2890,0,0.004610500
pgvector,1,generar_emb,-,2891,0,0.013838200
pgvector,1,insert_emb,-,2891,0,0.004321800
pgvector,1,generar_emb,-,2892,0,0.014147100
pgvector,1,insert_emb,-,2892,0,0.004201200
pgvector,1,generar_emb,-,2893,0,0.012441700
pgvector,1,insert_emb,-,2893,0,0.004710600
pgvector,1,generar_emb,-,2894,0,0.014371800
pgvector,1,insert_emb,-,2894,0,0.004846800
pgvector,1,generar_emb,-,2895,0,0.012661300
pgvector,1,insert_emb,-,2895,0,0.004534300
pgvector,1,generar_emb,-,2896,0,0.015012600
pgvector,1,insert_emb,-,2896,0,0.004409800
pgvector,1,generar_emb,-,2897,0,0.011392500
pgvector,1,insert_emb,-,2897,0,0.004409500
pgvector,1,generar_emb,-,2898,0,0.012233600
pgvector,1,insert_emb,-,2898,0,0.003989100
pgvector,1,generar_emb,-,2899,0,0.014019500
pgvector,1,insert_emb,-,2899,0,0.004302200
pgvector,1,generar_emb,-,2900,0,0.011627900
pgvector,1,insert_emb,-,2900,0,0.004542300
pgvector,1,generar_emb,-,2901,0,0.012520700
pgvector,1,insert_emb,-,2901,0,0.004328000
pgvector,1,generar_emb,-,2902,0,0.012232900
pgvector,1,insert_emb,-,2902,0,0.004343900
pgvector,1,generar_emb,-,2903,0,0.012301700
pgvector,1,insert_emb,-,2903,0,0.004212300
pgvector,1,generar_emb,-,2904,0,0.017406500
pgvector,1,insert_emb,-,2904,0,0.004763100
pgvector,1,generar_emb,-,2905,0,0.012950900
pgvector,1,insert_emb,-,2905,0,0.004645300
pgvector,1,generar_emb,-,2906,0,0.016785200
pgvector,1,insert_emb,-,2906,0,0.004118400
pgvector,1,generar_emb,-,2907,0,0.011333100
pgvector,1,insert_emb,-,2907,0,0.004273100
pgvector,1,generar_emb,-,2908,0,0.010483300
pgvector,1,insert_emb,-,2908,0,0.004027300
pgvector,1,generar_emb,-,2909,0,0.011546200
pgvector,1,insert_emb,-,2909,0,0.004111700
pgvector,1,generar_emb,-,2910,0,0.013814900
pgvector,1,insert_emb,-,2910,0,0.004516400
pgvector,1,generar_emb,-,2911,0,0.013746800
pgvector,1,insert_emb,-,2911,0,0.004217600
pgvector,1,generar_emb,-,2912,0,0.012840800
pgvector,1,insert_emb,-,2912,0,0.004405000
pgvector,1,generar_emb,-,2913,0,0.013347500
pgvector,1,insert_emb,-,2913,0,0.004390700
pgvector,1,generar_emb,-,2914,0,0.016814700
pgvector,1,insert_emb,-,2914,0,0.004252000
pgvector,1,generar_emb,-,2915,0,0.013107600
pgvector,1,insert_emb,-,2915,0,0.004246100
pgvector,1,generar_emb,-,2916,0,0.012423400
pgvector,1,insert_emb,-,2916,0,0.004136900
pgvector,1,generar_emb,-,2917,0,0.011770900
pgvector,1,insert_emb,-,2917,0,0.004247300
pgvector,1,generar_emb,-,2918,0,0.015712300
pgvector,1,insert_emb,-,2918,0,0.004317500
pgvector,1,generar_emb,-,2919,0,0.011853200
pgvector,1,insert_emb,-,2919,0,0.004257700
pgvector,1,generar_emb,-,2920,0,0.010684700
pgvector,1,insert_emb,-,2920,0,0.004249300
pgvector,1,generar_emb,-,2921,0,0.014618300
pgvector,1,insert_emb,-,2921,0,0.004311700
pgvector,1,generar_emb,-,2922,0,0.012027100
pgvector,1,insert_emb,-,2922,0,0.004433800
pgvector,1,generar_emb,-,2923,0,0.011905600
pgvector,1,insert_emb,-,2923,0,0.004377600
pgvector,1,generar_emb,-,2924,0,0.014987100
pgvector,1,insert_emb,-,2924,0,0.004655800
pgvector,1,generar_emb,-,2925,0,0.014320800
pgvector,1,insert_emb,-,2925,0,0.004416000
pgvector,1,generar_emb,-,2926,0,0.017071100
pgvector,1,insert_emb,-,2926,0,0.004766500
pgvector,1,generar_emb,-,2927,0,0.015309500
pgvector,1,insert_emb,-,2927,0,0.004353600
pgvector,1,generar_emb,-,2928,0,0.014509100
pgvector,1,insert_emb,-,2928,0,0.004375800
pgvector,1,generar_emb,-,2929,0,0.010821800
pgvector,1,insert_emb,-,2929,0,0.004280900
pgvector,1,generar_emb,-,2930,0,0.012173200
pgvector,1,insert_emb,-,2930,0,0.004352000
pgvector,1,generar_emb,-,2931,0,0.016004500
pgvector,1,insert_emb,-,2931,0,0.004564200
pgvector,1,generar_emb,-,2932,0,0.012590600
pgvector,1,insert_emb,-,2932,0,0.004208200
pgvector,1,generar_emb,-,2933,0,0.014129300
pgvector,1,insert_emb,-,2933,0,0.004227200
pgvector,1,generar_emb,-,2934,0,0.016784000
pgvector,1,insert_emb,-,2934,0,0.004178000
pgvector,1,generar_emb,-,2935,0,0.012316100
pgvector,1,insert_emb,-,2935,0,0.004689800
pgvector,1,generar_emb,-,2936,0,0.014635100
pgvector,1,insert_emb,-,2936,0,0.004549500
pgvector,1,generar_emb,-,2937,0,0.012797400
pgvector,1,insert_emb,-,2937,0,0.004637900
pgvector,1,generar_emb,-,2938,0,0.012555500
pgvector,1,insert_emb,-,2938,0,0.004766900
pgvector,1,generar_emb,-,2939,0,0.012868900
pgvector,1,insert_emb,-,2939,0,0.004528100
pgvector,1,generar_emb,-,2940,0,0.015021400
pgvector,1,insert_emb,-,2940,0,0.004806800
pgvector,1,generar_emb,-,2941,0,0.011981700
pgvector,1,insert_emb,-,2941,0,0.004574000
pgvector,1,generar_emb,-,2942,0,0.012165600
pgvector,1,insert_emb,-,2942,0,0.004349700
pgvector,1,generar_emb,-,2943,0,0.015387200
pgvector,1,insert_emb,-,2943,0,0.004464300
pgvector,1,generar_emb,-,2944,0,0.013604700
pgvector,1,insert_emb,-,2944,0,0.004419100
pgvector,1,generar_emb,-,2945,0,0.013512200
pgvector,1,insert_emb,-,2945,0,0.004864100
pgvector,1,generar_emb,-,2946,0,0.011675300
pgvector,1,insert_emb,-,2946,0,0.004732800
pgvector,1,generar_emb,-,2947,0,0.011934700
pgvector,1,insert_emb,-,2947,0,0.004400500
pgvector,1,generar_emb,-,2948,0,0.014202100
pgvector,1,insert_emb,-,2948,0,0.004872100
pgvector,1,generar_emb,-,2949,0,0.014290100
pgvector,1,insert_emb,-,2949,0,0.004726700
pgvector,1,generar_emb,-,2950,0,0.013022000
pgvector,1,insert_emb,-,2950,0,0.004736500
pgvector,1,generar_emb,-,2951,0,0.013323200
pgvector,1,insert_emb,-,2951,0,0.004875100
pgvector,1,generar_emb,-,2952,0,0.011874000
pgvector,1,insert_emb,-,2952,0,0.004811700
pgvector,1,generar_emb,-,2953,0,0.013723300
pgvector,1,insert_emb,-,2953,0,0.004442900
pgvector,1,generar_emb,-,2954,0,0.010989400
pgvector,1,insert_emb,-,2954,0,0.004372000
pgvector,1,generar_emb,-,2955,0,0.011735000
pgvector,1,insert_emb,-,2955,0,0.004563500
pgvector,1,generar_emb,-,2956,0,0.012611000
pgvector,1,insert_emb,-,2956,0,0.004277200
pgvector,1,generar_emb,-,2957,0,0.012533300
pgvector,1,insert_emb,-,2957,0,0.004243600
pgvector,1,generar_emb,-,2958,0,0.016354200
pgvector,1,insert_emb,-,2958,0,0.004340800
pgvector,1,generar_emb,-,2959,0,0.012738200
pgvector,1,insert_emb,-,2959,0,0.004276300
pgvector,1,generar_emb,-,2960,0,0.012820100
pgvector,1,insert_emb,-,2960,0,0.004371800
pgvector,1,generar_emb,-,2961,0,0.012281700
pgvector,1,insert_emb,-,2961,0,0.004280800
pgvector,1,generar_emb,-,2962,0,0.013226500
pgvector,1,insert_emb,-,2962,0,0.004308500
pgvector,1,generar_emb,-,2963,0,0.012242900
pgvector,1,insert_emb,-,2963,0,0.004458100
pgvector,1,generar_emb,-,2964,0,0.011120000
pgvector,1,insert_emb,-,2964,0,0.004298700
pgvector,1,generar_emb,-,2965,0,0.012774900
pgvector,1,insert_emb,-,2965,0,0.004734300
pgvector,1,generar_emb,-,2966,0,0.012393600
pgvector,1,insert_emb,-,2966,0,0.004315500
pgvector,1,generar_emb,-,2967,0,0.013500600
pgvector,1,insert_emb,-,2967,0,0.004245400
pgvector,1,generar_emb,-,2968,0,0.014134400
pgvector,1,insert_emb,-,2968,0,0.004491300
pgvector,1,generar_emb,-,2969,0,0.012024300
pgvector,1,insert_emb,-,2969,0,0.004477000
pgvector,1,generar_emb,-,2970,0,0.011144500
pgvector,1,insert_emb,-,2970,0,0.004287400
pgvector,1,generar_emb,-,2971,0,0.011373900
pgvector,1,insert_emb,-,2971,0,0.003957900
pgvector,1,generar_emb,-,2972,0,0.017426800
pgvector,1,insert_emb,-,2972,0,0.004599500
pgvector,1,generar_emb,-,2973,0,0.011978000
pgvector,1,insert_emb,-,2973,0,0.004168300
pgvector,1,generar_emb,-,2974,0,0.011372200
pgvector,1,insert_emb,-,2974,0,0.004198500
pgvector,1,generar_emb,-,2975,0,0.010563100
pgvector,1,insert_emb,-,2975,0,0.004206500
pgvector,1,generar_emb,-,2976,0,0.011817800
pgvector,1,insert_emb,-,2976,0,0.004113000
pgvector,1,generar_emb,-,2977,0,0.012873600
pgvector,1,insert_emb,-,2977,0,0.004078300
pgvector,1,generar_emb,-,2978,0,0.012339800
pgvector,1,insert_emb,-,2978,0,0.004446900
pgvector,1,generar_emb,-,2979,0,0.011758700
pgvector,1,insert_emb,-,2979,0,0.004348000
pgvector,1,generar_emb,-,2980,0,0.012278100
pgvector,1,insert_emb,-,2980,0,0.004763300
pgvector,1,generar_emb,-,2981,0,0.010759100
pgvector,1,insert_emb,-,2981,0,0.004326100
pgvector,1,generar_emb,-,2982,0,0.011996500
pgvector,1,insert_emb,-,2982,0,0.004328300
pgvector,1,generar_emb,-,2983,0,0.012965700
pgvector,1,insert_emb,-,2983,0,0.004278600
pgvector,1,generar_emb,-,2984,0,0.012313700
pgvector,1,insert_emb,-,2984,0,0.004347400
pgvector,1,generar_emb,-,2985,0,0.014045600
pgvector,1,insert_emb,-,2985,0,0.004430500
pgvector,1,generar_emb,-,2986,0,0.012865700
pgvector,1,insert_emb,-,2986,0,0.004524900
pgvector,1,generar_emb,-,2987,0,0.013487700
pgvector,1,insert_emb,-,2987,0,0.004721000
pgvector,1,generar_emb,-,2988,0,0.012203900
pgvector,1,insert_emb,-,2988,0,0.004390700
pgvector,1,generar_emb,-,2989,0,0.013236700
pgvector,1,insert_emb,-,2989,0,0.004572500
pgvector,1,generar_emb,-,2990,0,0.016076300
pgvector,1,insert_emb,-,2990,0,0.004570600
pgvector,1,generar_emb,-,2991,0,0.014394900
pgvector,1,insert_emb,-,2991,0,0.004461500
pgvector,1,generar_emb,-,2992,0,0.011876300
pgvector,1,insert_emb,-,2992,0,0.004317800
pgvector,1,generar_emb,-,2993,0,0.011190800
pgvector,1,insert_emb,-,2993,0,0.004443700
pgvector,1,generar_emb,-,2994,0,0.011810900
pgvector,1,insert_emb,-,2994,0,0.004506800
pgvector,1,generar_emb,-,2995,0,0.012650300
pgvector,1,insert_emb,-,2995,0,0.004518300
pgvector,1,generar_emb,-,2996,0,0.011824400
pgvector,1,insert_emb,-,2996,0,0.004534800
pgvector,1,generar_emb,-,2997,0,0.012112200
pgvector,1,insert_emb,-,2997,0,0.004439100
pgvector,1,generar_emb,-,2998,0,0.011109600
pgvector,1,insert_emb,-,2998,0,0.004364800
pgvector,1,generar_emb,-,2999,0,0.012631200
pgvector,1,insert_emb,-,2999,0,0.004447300
pgvector,1,generar_emb,-,3000,0,0.012367900
pgvector,1,insert_emb,-,3000,0,0.004649600
pgvector,1,generar_emb,-,3001,0,0.011565800
pgvector,1,insert_emb,-,3001,0,0.004375100
pgvector,1,generar_emb,-,3002,0,0.011762200
pgvector,1,insert_emb,-,3002,0,0.004033700
pgvector,1,generar_emb,-,3003,0,0.012232500
pgvector,1,insert_emb,-,3003,0,0.004127500
pgvector,1,generar_emb,-,3004,0,0.010527800
pgvector,1,insert_emb,-,3004,0,0.004080200
pgvector,1,generar_emb,-,3005,0,0.013649600
pgvector,1,insert_emb,-,3005,0,0.004275700
pgvector,1,generar_emb,-,3006,0,0.010392300
pgvector,1,insert_emb,-,3006,0,0.004451300
pgvector,1,generar_emb,-,3007,0,0.012024600
pgvector,1,insert_emb,-,3007,0,0.004428100
pgvector,1,generar_emb,-,3008,0,0.012388700
pgvector,1,insert_emb,-,3008,0,0.004166900
pgvector,1,generar_emb,-,3009,0,0.013380600
pgvector,1,insert_emb,-,3009,0,0.004472300
pgvector,1,generar_emb,-,3010,0,0.017625000
pgvector,1,insert_emb,-,3010,0,0.004656300
pgvector,1,generar_emb,-,3011,0,0.011052000
pgvector,1,insert_emb,-,3011,0,0.004197600
pgvector,1,generar_emb,-,3012,0,0.012074000
pgvector,1,insert_emb,-,3012,0,0.004440100
pgvector,1,generar_emb,-,3013,0,0.011174200
pgvector,1,insert_emb,-,3013,0,0.004272600
pgvector,1,generar_emb,-,3014,0,0.011636400
pgvector,1,insert_emb,-,3014,0,0.004413800
pgvector,1,generar_emb,-,3015,0,0.011159400
pgvector,1,insert_emb,-,3015,0,0.004233500
pgvector,1,generar_emb,-,3016,0,0.013026600
pgvector,1,insert_emb,-,3016,0,0.004253800
pgvector,1,generar_emb,-,3017,0,0.012964600
pgvector,1,insert_emb,-,3017,0,0.004156400
pgvector,1,generar_emb,-,3018,0,0.014571600
pgvector,1,insert_emb,-,3018,0,0.004557000
pgvector,1,generar_emb,-,3019,0,0.012517400
pgvector,1,insert_emb,-,3019,0,0.004486500
pgvector,1,generar_emb,-,3020,0,0.012274400
pgvector,1,insert_emb,-,3020,0,0.004489400
pgvector,1,generar_emb,-,3021,0,0.014720200
pgvector,1,insert_emb,-,3021,0,0.004524700
pgvector,1,generar_emb,-,3022,0,0.011474200
pgvector,1,insert_emb,-,3022,0,0.004434500
pgvector,1,generar_emb,-,3023,0,0.011450300
pgvector,1,insert_emb,-,3023,0,0.004422100
pgvector,1,generar_emb,-,3024,0,0.012357000
pgvector,1,insert_emb,-,3024,0,0.004428100
pgvector,1,generar_emb,-,3025,0,0.011495700
pgvector,1,insert_emb,-,3025,0,0.004460400
pgvector,1,generar_emb,-,3026,0,0.012253500
pgvector,1,insert_emb,-,3026,0,0.004451300
pgvector,1,generar_emb,-,3027,0,0.012155900
pgvector,1,insert_emb,-,3027,0,0.004315900
pgvector,1,generar_emb,-,3028,0,0.012078000
pgvector,1,insert_emb,-,3028,0,0.004368700
pgvector,1,generar_emb,-,3029,0,0.011176900
pgvector,1,insert_emb,-,3029,0,0.004213300
pgvector,1,generar_emb,-,3030,0,0.012290300
pgvector,1,insert_emb,-,3030,0,0.004339500
pgvector,1,generar_emb,-,3031,0,0.012321200
pgvector,1,insert_emb,-,3031,0,0.004284200
pgvector,1,generar_emb,-,3032,0,0.015452000
pgvector,1,insert_emb,-,3032,0,0.004546700
pgvector,1,generar_emb,-,3033,0,0.011536300
pgvector,1,insert_emb,-,3033,0,0.004149200
pgvector,1,generar_emb,-,3034,0,0.013028900
pgvector,1,insert_emb,-,3034,0,0.004200500
pgvector,1,generar_emb,-,3035,0,0.014580400
pgvector,1,insert_emb,-,3035,0,0.004206900
pgvector,1,generar_emb,-,3036,0,0.012205100
pgvector,1,insert_emb,-,3036,0,0.004615600
pgvector,1,generar_emb,-,3037,0,0.013894600
pgvector,1,insert_emb,-,3037,0,0.004197300
pgvector,1,generar_emb,-,3038,0,0.015497600
pgvector,1,insert_emb,-,3038,0,0.004640400
pgvector,1,generar_emb,-,3039,0,0.016611200
pgvector,1,insert_emb,-,3039,0,0.004825300
pgvector,1,generar_emb,-,3040,0,0.012537300
pgvector,1,insert_emb,-,3040,0,0.005111300
pgvector,1,generar_emb,-,3041,0,0.011565400
pgvector,1,insert_emb,-,3041,0,0.004333500
pgvector,1,generar_emb,-,3042,0,0.010694900
pgvector,1,insert_emb,-,3042,0,0.004488200
pgvector,1,generar_emb,-,3043,0,0.012863200
pgvector,1,insert_emb,-,3043,0,0.004469900
pgvector,1,generar_emb,-,3044,0,0.016461600
pgvector,1,insert_emb,-,3044,0,0.004632300
pgvector,1,generar_emb,-,3045,0,0.012992600
pgvector,1,insert_emb,-,3045,0,0.004482300
pgvector,1,generar_emb,-,3046,0,0.013192500
pgvector,1,insert_emb,-,3046,0,0.004371400
pgvector,1,generar_emb,-,3047,0,0.013256800
pgvector,1,insert_emb,-,3047,0,0.004489800
pgvector,1,generar_emb,-,3048,0,0.012305600
pgvector,1,insert_emb,-,3048,0,0.004366900
pgvector,1,generar_emb,-,3049,0,0.012273100
pgvector,1,insert_emb,-,3049,0,0.004569900
pgvector,1,generar_emb,-,3050,0,0.013373900
pgvector,1,insert_emb,-,3050,0,0.004350100
pgvector,1,generar_emb,-,3051,0,0.011282700
pgvector,1,insert_emb,-,3051,0,0.004341100
pgvector,1,generar_emb,-,3052,0,0.013665500
pgvector,1,insert_emb,-,3052,0,0.004182600
pgvector,1,generar_emb,-,3053,0,0.012314000
pgvector,1,insert_emb,-,3053,0,0.004113300
pgvector,1,generar_emb,-,3054,0,0.011442300
pgvector,1,insert_emb,-,3054,0,0.004178700
pgvector,1,generar_emb,-,3055,0,0.011823800
pgvector,1,insert_emb,-,3055,0,0.004577800
pgvector,1,generar_emb,-,3056,0,0.014563000
pgvector,1,insert_emb,-,3056,0,0.004332600
pgvector,1,generar_emb,-,3057,0,0.012853300
pgvector,1,insert_emb,-,3057,0,0.004532400
pgvector,1,generar_emb,-,3058,0,0.014259500
pgvector,1,insert_emb,-,3058,0,0.004070700
pgvector,1,generar_emb,-,3059,0,0.013703500
pgvector,1,insert_emb,-,3059,0,0.003970000
pgvector,1,generar_emb,-,3060,0,0.013294400
pgvector,1,insert_emb,-,3060,0,0.004649700
pgvector,1,generar_emb,-,3061,0,0.014764000
pgvector,1,insert_emb,-,3061,0,0.004274500
pgvector,1,generar_emb,-,3062,0,0.012749100
pgvector,1,insert_emb,-,3062,0,0.004312000
pgvector,1,generar_emb,-,3063,0,0.016508800
pgvector,1,insert_emb,-,3063,0,0.004359200
pgvector,1,generar_emb,-,3064,0,0.014818200
pgvector,1,insert_emb,-,3064,0,0.004263700
pgvector,1,generar_emb,-,3065,0,0.012902200
pgvector,1,insert_emb,-,3065,0,0.004185300
pgvector,1,generar_emb,-,3066,0,0.012801900
pgvector,1,insert_emb,-,3066,0,0.004573400
pgvector,1,generar_emb,-,3067,0,0.012189700
pgvector,1,insert_emb,-,3067,0,0.004003100
pgvector,1,generar_emb,-,3068,0,0.012674600
pgvector,1,insert_emb,-,3068,0,0.004823400
pgvector,1,generar_emb,-,3069,0,0.014504000
pgvector,1,insert_emb,-,3069,0,0.004724500
pgvector,1,generar_emb,-,3070,0,0.016021800
pgvector,1,insert_emb,-,3070,0,0.004681900
pgvector,1,generar_emb,-,3071,0,0.014120900
pgvector,1,insert_emb,-,3071,0,0.004471900
pgvector,1,generar_emb,-,3072,0,0.014251700
pgvector,1,insert_emb,-,3072,0,0.004044500
pgvector,1,generar_emb,-,3073,0,0.014999700
pgvector,1,insert_emb,-,3073,0,0.004376400
pgvector,1,generar_emb,-,3074,0,0.012453000
pgvector,1,insert_emb,-,3074,0,0.004453300
pgvector,1,generar_emb,-,3075,0,0.015394500
pgvector,1,insert_emb,-,3075,0,0.004781000
pgvector,1,generar_emb,-,3076,0,0.015299400
pgvector,1,insert_emb,-,3076,0,0.004620800
pgvector,1,generar_emb,-,3077,0,0.012773600
pgvector,1,insert_emb,-,3077,0,0.004609700
pgvector,1,generar_emb,-,3078,0,0.016059400
pgvector,1,insert_emb,-,3078,0,0.004509000
pgvector,1,generar_emb,-,3079,0,0.013357500
pgvector,1,insert_emb,-,3079,0,0.004768600
pgvector,1,generar_emb,-,3080,0,0.017232800
pgvector,1,insert_emb,-,3080,0,0.004582300
pgvector,1,generar_emb,-,3081,0,0.013922300
pgvector,1,insert_emb,-,3081,0,0.004731800
pgvector,1,generar_emb,-,3082,0,0.012053100
pgvector,1,insert_emb,-,3082,0,0.004266200
pgvector,1,generar_emb,-,3083,0,0.013150900
pgvector,1,insert_emb,-,3083,0,0.004476300
pgvector,1,generar_emb,-,3084,0,0.013688600
pgvector,1,insert_emb,-,3084,0,0.004623400
pgvector,1,generar_emb,-,3085,0,0.013848800
pgvector,1,insert_emb,-,3085,0,0.004647200
pgvector,1,generar_emb,-,3086,0,0.011836500
pgvector,1,insert_emb,-,3086,0,0.004598100
pgvector,1,generar_emb,-,3087,0,0.012635600
pgvector,1,insert_emb,-,3087,0,0.004489900
pgvector,1,generar_emb,-,3088,0,0.012850800
pgvector,1,insert_emb,-,3088,0,0.004344400
pgvector,1,generar_emb,-,3089,0,0.014769300
pgvector,1,insert_emb,-,3089,0,0.004406300
pgvector,1,generar_emb,-,3090,0,0.012938900
pgvector,1,insert_emb,-,3090,0,0.004415900
pgvector,1,generar_emb,-,3091,0,0.014721500
pgvector,1,insert_emb,-,3091,0,0.005065800
pgvector,1,generar_emb,-,3092,0,0.011669700
pgvector,1,insert_emb,-,3092,0,0.004615900
pgvector,1,generar_emb,-,3093,0,0.012654300
pgvector,1,insert_emb,-,3093,0,0.004163400
pgvector,1,generar_emb,-,3094,0,0.012051400
pgvector,1,insert_emb,-,3094,0,0.004699000
pgvector,1,generar_emb,-,3095,0,0.014462200
pgvector,1,insert_emb,-,3095,0,0.004850500
pgvector,1,generar_emb,-,3096,0,0.015769300
pgvector,1,insert_emb,-,3096,0,0.004492900
pgvector,1,generar_emb,-,3097,0,0.012192000
pgvector,1,insert_emb,-,3097,0,0.004324600
pgvector,1,generar_emb,-,3098,0,0.014133200
pgvector,1,insert_emb,-,3098,0,0.004400700
pgvector,1,generar_emb,-,3099,0,0.015871500
pgvector,1,insert_emb,-,3099,0,0.004534700
pgvector,1,generar_emb,-,3100,0,0.015072100
pgvector,1,insert_emb,-,3100,0,0.004460200
pgvector,1,generar_emb,-,3101,0,0.013348400
pgvector,1,insert_emb,-,3101,0,0.004487700
pgvector,1,generar_emb,-,3102,0,0.013364200
pgvector,1,insert_emb,-,3102,0,0.004776300
pgvector,1,generar_emb,-,3103,0,0.012178200
pgvector,1,insert_emb,-,3103,0,0.004323300
pgvector,1,generar_emb,-,3104,0,0.012947500
pgvector,1,insert_emb,-,3104,0,0.004400000
pgvector,1,generar_emb,-,3105,0,0.012830100
pgvector,1,insert_emb,-,3105,0,0.004454300
pgvector,1,generar_emb,-,3106,0,0.011855400
pgvector,1,insert_emb,-,3106,0,0.004681700
pgvector,1,generar_emb,-,3107,0,0.014608900
pgvector,1,insert_emb,-,3107,0,0.005005500
pgvector,1,generar_emb,-,3108,0,0.012877800
pgvector,1,insert_emb,-,3108,0,0.004761700
pgvector,1,generar_emb,-,3109,0,0.014200700
pgvector,1,insert_emb,-,3109,0,0.004476300
pgvector,1,generar_emb,-,3110,0,0.012207100
pgvector,1,insert_emb,-,3110,0,0.004960300
pgvector,1,generar_emb,-,3111,0,0.013529700
pgvector,1,insert_emb,-,3111,0,0.004475100
pgvector,1,generar_emb,-,3112,0,0.011910000
pgvector,1,insert_emb,-,3112,0,0.004677400
pgvector,1,generar_emb,-,3113,0,0.012389200
pgvector,1,insert_emb,-,3113,0,0.004766800
pgvector,1,generar_emb,-,3114,0,0.014239000
pgvector,1,insert_emb,-,3114,0,0.004480900
pgvector,1,generar_emb,-,3115,0,0.014831500
pgvector,1,insert_emb,-,3115,0,0.004763400
pgvector,1,generar_emb,-,3116,0,0.012167200
pgvector,1,insert_emb,-,3116,0,0.004554500
pgvector,1,generar_emb,-,3117,0,0.011277700
pgvector,1,insert_emb,-,3117,0,0.004726400
pgvector,1,generar_emb,-,3118,0,0.015692200
pgvector,1,insert_emb,-,3118,0,0.004619900
pgvector,1,generar_emb,-,3119,0,0.013240900
pgvector,1,insert_emb,-,3119,0,0.004911600
pgvector,1,generar_emb,-,3120,0,0.018158300
pgvector,1,insert_emb,-,3120,0,0.004820700
pgvector,1,generar_emb,-,3121,0,0.016935500
pgvector,1,insert_emb,-,3121,0,0.004986800
pgvector,1,generar_emb,-,3122,0,0.014427300
pgvector,1,insert_emb,-,3122,0,0.004515900
pgvector,1,generar_emb,-,3123,0,0.014460100
pgvector,1,insert_emb,-,3123,0,0.004844800
pgvector,1,generar_emb,-,3124,0,0.013776600
pgvector,1,insert_emb,-,3124,0,0.004520700
pgvector,1,generar_emb,-,3125,0,0.015907600
pgvector,1,insert_emb,-,3125,0,0.004659000
pgvector,1,generar_emb,-,3126,0,0.012039500
pgvector,1,insert_emb,-,3126,0,0.004633600
pgvector,1,generar_emb,-,3127,0,0.012210400
pgvector,1,insert_emb,-,3127,0,0.004668000
pgvector,1,generar_emb,-,3128,0,0.013632700
pgvector,1,insert_emb,-,3128,0,0.004588000
pgvector,1,generar_emb,-,3129,0,0.012934100
pgvector,1,insert_emb,-,3129,0,0.004964300
pgvector,1,generar_emb,-,3130,0,0.013319200
pgvector,1,insert_emb,-,3130,0,0.005144500
pgvector,1,generar_emb,-,3131,0,0.015417800
pgvector,1,insert_emb,-,3131,0,0.004907600
pgvector,1,generar_emb,-,3132,0,0.012624900
pgvector,1,insert_emb,-,3132,0,0.004926300
pgvector,1,generar_emb,-,3133,0,0.014290700
pgvector,1,insert_emb,-,3133,0,0.005232000
pgvector,1,generar_emb,-,3134,0,0.016932900
pgvector,1,insert_emb,-,3134,0,0.005417900
pgvector,1,generar_emb,-,3135,0,0.015521800
pgvector,1,insert_emb,-,3135,0,0.004896800
pgvector,1,generar_emb,-,3136,0,0.013202200
pgvector,1,insert_emb,-,3136,0,0.005326200
pgvector,1,generar_emb,-,3137,0,0.016858900
pgvector,1,insert_emb,-,3137,0,0.004838500
pgvector,1,generar_emb,-,3138,0,0.015935600
pgvector,1,insert_emb,-,3138,0,0.004535300
pgvector,1,generar_emb,-,3139,0,0.013897500
pgvector,1,insert_emb,-,3139,0,0.004880000
pgvector,1,generar_emb,-,3140,0,0.013453900
pgvector,1,insert_emb,-,3140,0,0.005071700
pgvector,1,generar_emb,-,3141,0,0.018784800
pgvector,1,insert_emb,-,3141,0,0.004608500
pgvector,1,generar_emb,-,3142,0,0.015602800
pgvector,1,insert_emb,-,3142,0,0.004570300
pgvector,1,generar_emb,-,3143,0,0.014879700
pgvector,1,insert_emb,-,3143,0,0.004626700
pgvector,1,generar_emb,-,3144,0,0.012863300
pgvector,1,insert_emb,-,3144,0,0.004447000
pgvector,1,generar_emb,-,3145,0,0.013779900
pgvector,1,insert_emb,-,3145,0,0.004661000
pgvector,1,generar_emb,-,3146,0,0.013115200
pgvector,1,insert_emb,-,3146,0,0.004704500
pgvector,1,generar_emb,-,3147,0,0.013076500
pgvector,1,insert_emb,-,3147,0,0.004284100
pgvector,1,generar_emb,-,3148,0,0.013288900
pgvector,1,insert_emb,-,3148,0,0.004747600
pgvector,1,generar_emb,-,3149,0,0.013303900
pgvector,1,insert_emb,-,3149,0,0.004688700
pgvector,1,generar_emb,-,3150,0,0.012703600
pgvector,1,insert_emb,-,3150,0,0.004780900
pgvector,1,generar_emb,-,3151,0,0.014577000
pgvector,1,insert_emb,-,3151,0,0.005076800
pgvector,1,generar_emb,-,3152,0,0.013342300
pgvector,1,insert_emb,-,3152,0,0.004904900
pgvector,1,generar_emb,-,3153,0,0.012995400
pgvector,1,insert_emb,-,3153,0,0.004783900
pgvector,1,generar_emb,-,3154,0,0.013494100
pgvector,1,insert_emb,-,3154,0,0.004818000
pgvector,1,generar_emb,-,3155,0,0.014832200
pgvector,1,insert_emb,-,3155,0,0.004624500
pgvector,1,generar_emb,-,3156,0,0.012144300
pgvector,1,insert_emb,-,3156,0,0.004787900
pgvector,1,generar_emb,-,3157,0,0.012473900
pgvector,1,insert_emb,-,3157,0,0.004423500
pgvector,1,generar_emb,-,3158,0,0.011319300
pgvector,1,insert_emb,-,3158,0,0.004559000
pgvector,1,generar_emb,-,3159,0,0.010666000
pgvector,1,insert_emb,-,3159,0,0.004237400
pgvector,1,generar_emb,-,3160,0,0.010381700
pgvector,1,insert_emb,-,3160,0,0.004332100
pgvector,1,generar_emb,-,3161,0,0.015034800
pgvector,1,insert_emb,-,3161,0,0.004248200
pgvector,1,generar_emb,-,3162,0,0.012472100
pgvector,1,insert_emb,-,3162,0,0.004486900
pgvector,1,generar_emb,-,3163,0,0.013484100
pgvector,1,insert_emb,-,3163,0,0.004628700
pgvector,1,generar_emb,-,3164,0,0.014340600
pgvector,1,insert_emb,-,3164,0,0.004443800
pgvector,1,generar_emb,-,3165,0,0.012076000
pgvector,1,insert_emb,-,3165,0,0.004812700
pgvector,1,generar_emb,-,3166,0,0.012189800
pgvector,1,insert_emb,-,3166,0,0.004546000
pgvector,1,generar_emb,-,3167,0,0.013353100
pgvector,1,insert_emb,-,3167,0,0.004511600
pgvector,1,generar_emb,-,3168,0,0.014158000
pgvector,1,insert_emb,-,3168,0,0.004445800
pgvector,1,generar_emb,-,3169,0,0.010957100
pgvector,1,insert_emb,-,3169,0,0.004453100
pgvector,1,generar_emb,-,3170,0,0.013551300
pgvector,1,insert_emb,-,3170,0,0.004418400
pgvector,1,generar_emb,-,3171,0,0.011610200
pgvector,1,insert_emb,-,3171,0,0.004246700
pgvector,1,generar_emb,-,3172,0,0.011903900
pgvector,1,insert_emb,-,3172,0,0.004194200
pgvector,1,generar_emb,-,3173,0,0.013786000
pgvector,1,insert_emb,-,3173,0,0.004199400
pgvector,1,generar_emb,-,3174,0,0.011650800
pgvector,1,insert_emb,-,3174,0,0.004212100
pgvector,1,generar_emb,-,3175,0,0.014479900
pgvector,1,insert_emb,-,3175,0,0.004436500
pgvector,1,generar_emb,-,3176,0,0.012310200
pgvector,1,insert_emb,-,3176,0,0.004498900
pgvector,1,generar_emb,-,3177,0,0.011759500
pgvector,1,insert_emb,-,3177,0,0.004431600
pgvector,1,generar_emb,-,3178,0,0.015277300
pgvector,1,insert_emb,-,3178,0,0.004846300
pgvector,1,generar_emb,-,3179,0,0.012829900
pgvector,1,insert_emb,-,3179,0,0.004489100
pgvector,1,generar_emb,-,3180,0,0.010554800
pgvector,1,insert_emb,-,3180,0,0.004268100
pgvector,1,generar_emb,-,3181,0,0.012928100
pgvector,1,insert_emb,-,3181,0,0.004526800
pgvector,1,generar_emb,-,3182,0,0.011246200
pgvector,1,insert_emb,-,3182,0,0.004423300
pgvector,1,generar_emb,-,3183,0,0.011154600
pgvector,1,insert_emb,-,3183,0,0.004899200
pgvector,1,generar_emb,-,3184,0,0.011873300
pgvector,1,insert_emb,-,3184,0,0.004424300
pgvector,1,generar_emb,-,3185,0,0.011901800
pgvector,1,insert_emb,-,3185,0,0.004511400
pgvector,1,generar_emb,-,3186,0,0.011223200
pgvector,1,insert_emb,-,3186,0,0.004376100
pgvector,1,generar_emb,-,3187,0,0.014729800
pgvector,1,insert_emb,-,3187,0,0.004910200
pgvector,1,generar_emb,-,3188,0,0.012402500
pgvector,1,insert_emb,-,3188,0,0.004156800
pgvector,1,generar_emb,-,3189,0,0.012409300
pgvector,1,insert_emb,-,3189,0,0.004200900
pgvector,1,generar_emb,-,3190,0,0.013271600
pgvector,1,insert_emb,-,3190,0,0.004294700
pgvector,1,generar_emb,-,3191,0,0.012271100
pgvector,1,insert_emb,-,3191,0,0.004248400
pgvector,1,generar_emb,-,3192,0,0.016937400
pgvector,1,insert_emb,-,3192,0,0.004191000
pgvector,1,generar_emb,-,3193,0,0.013471500
pgvector,1,insert_emb,-,3193,0,0.004445300
pgvector,1,generar_emb,-,3194,0,0.012556000
pgvector,1,insert_emb,-,3194,0,0.004520100
pgvector,1,generar_emb,-,3195,0,0.011305200
pgvector,1,insert_emb,-,3195,0,0.004367100
pgvector,1,generar_emb,-,3196,0,0.015277800
pgvector,1,insert_emb,-,3196,0,0.004926200
pgvector,1,generar_emb,-,3197,0,0.012520700
pgvector,1,insert_emb,-,3197,0,0.004439500
pgvector,1,generar_emb,-,3198,0,0.011392100
pgvector,1,insert_emb,-,3198,0,0.004292800
pgvector,1,generar_emb,-,3199,0,0.012139600
pgvector,1,insert_emb,-,3199,0,0.004382200
pgvector,1,generar_emb,-,3200,0,0.014490000
pgvector,1,insert_emb,-,3200,0,0.004024400
pgvector,1,generar_emb,-,3201,0,0.012829900
pgvector,1,insert_emb,-,3201,0,0.004420300
pgvector,1,generar_emb,-,3202,0,0.010596400
pgvector,1,insert_emb,-,3202,0,0.004404400
pgvector,1,generar_emb,-,3203,0,0.012772000
pgvector,1,insert_emb,-,3203,0,0.004686100
pgvector,1,generar_emb,-,3204,0,0.013898400
pgvector,1,insert_emb,-,3204,0,0.004276200
pgvector,1,generar_emb,-,3205,0,0.013039400
pgvector,1,insert_emb,-,3205,0,0.004809700
pgvector,1,generar_emb,-,3206,0,0.011364600
pgvector,1,insert_emb,-,3206,0,0.004660900
pgvector,1,generar_emb,-,3207,0,0.011785600
pgvector,1,insert_emb,-,3207,0,0.004581400
pgvector,1,generar_emb,-,3208,0,0.011351300
pgvector,1,insert_emb,-,3208,0,0.004601200
pgvector,1,generar_emb,-,3209,0,0.010761100
pgvector,1,insert_emb,-,3209,0,0.004534300
pgvector,1,generar_emb,-,3210,0,0.012361700
pgvector,1,insert_emb,-,3210,0,0.004590300
pgvector,1,generar_emb,-,3211,0,0.012411900
pgvector,1,insert_emb,-,3211,0,0.004794600
pgvector,1,generar_emb,-,3212,0,0.011753000
pgvector,1,insert_emb,-,3212,0,0.004820900
pgvector,1,generar_emb,-,3213,0,0.012032000
pgvector,1,insert_emb,-,3213,0,0.004492600
pgvector,1,generar_emb,-,3214,0,0.012397600
pgvector,1,insert_emb,-,3214,0,0.004294900
pgvector,1,generar_emb,-,3215,0,0.012659500
pgvector,1,insert_emb,-,3215,0,0.004326600
pgvector,1,generar_emb,-,3216,0,0.012976500
pgvector,1,insert_emb,-,3216,0,0.004192000
pgvector,1,generar_emb,-,3217,0,0.010583000
pgvector,1,insert_emb,-,3217,0,0.004374000
pgvector,1,generar_emb,-,3218,0,0.010949900
pgvector,1,insert_emb,-,3218,0,0.004158100
pgvector,1,generar_emb,-,3219,0,0.011131800
pgvector,1,insert_emb,-,3219,0,0.004320400
pgvector,1,generar_emb,-,3220,0,0.012686900
pgvector,1,insert_emb,-,3220,0,0.004363600
pgvector,1,generar_emb,-,3221,0,0.012470300
pgvector,1,insert_emb,-,3221,0,0.004972700
pgvector,1,generar_emb,-,3222,0,0.015897900
pgvector,1,insert_emb,-,3222,0,0.005488000
pgvector,1,generar_emb,-,3223,0,0.015069700
pgvector,1,insert_emb,-,3223,0,0.005043000
pgvector,1,generar_emb,-,3224,0,0.017305300
pgvector,1,insert_emb,-,3224,0,0.005099800
pgvector,1,generar_emb,-,3225,0,0.023164500
pgvector,1,insert_emb,-,3225,0,0.006451300
pgvector,1,generar_emb,-,3226,0,0.026017800
pgvector,1,insert_emb,-,3226,0,0.005649100
pgvector,1,generar_emb,-,3227,0,0.024255400
pgvector,1,insert_emb,-,3227,0,0.005849900
pgvector,1,generar_emb,-,3228,0,0.024027200
pgvector,1,insert_emb,-,3228,0,0.004385900
pgvector,1,generar_emb,-,3229,0,0.013698300
pgvector,1,insert_emb,-,3229,0,0.004127500
pgvector,1,generar_emb,-,3230,0,0.014529400
pgvector,1,insert_emb,-,3230,0,0.004722300
pgvector,1,generar_emb,-,3231,0,0.012263000
pgvector,1,insert_emb,-,3231,0,0.004577800
pgvector,1,generar_emb,-,3232,0,0.012293700
pgvector,1,insert_emb,-,3232,0,0.004331000
pgvector,1,generar_emb,-,3233,0,0.013796400
pgvector,1,insert_emb,-,3233,0,0.004595900
pgvector,1,generar_emb,-,3234,0,0.014368800
pgvector,1,insert_emb,-,3234,0,0.004877500
pgvector,1,generar_emb,-,3235,0,0.012160500
pgvector,1,insert_emb,-,3235,0,0.004394000
pgvector,1,generar_emb,-,3236,0,0.012688200
pgvector,1,insert_emb,-,3236,0,0.004210400
pgvector,1,generar_emb,-,3237,0,0.012477300
pgvector,1,insert_emb,-,3237,0,0.004434000
pgvector,1,generar_emb,-,3238,0,0.012644100
pgvector,1,insert_emb,-,3238,0,0.004513500
pgvector,1,generar_emb,-,3239,0,0.011783900
pgvector,1,insert_emb,-,3239,0,0.004226900
pgvector,1,generar_emb,-,3240,0,0.012821000
pgvector,1,insert_emb,-,3240,0,0.004505300
pgvector,1,generar_emb,-,3241,0,0.012847600
pgvector,1,insert_emb,-,3241,0,0.004580000
pgvector,1,generar_emb,-,3242,0,0.012446200
pgvector,1,insert_emb,-,3242,0,0.004297800
pgvector,1,generar_emb,-,3243,0,0.012966100
pgvector,1,insert_emb,-,3243,0,0.004357600
pgvector,1,generar_emb,-,3244,0,0.014007300
pgvector,1,insert_emb,-,3244,0,0.004521800
pgvector,1,generar_emb,-,3245,0,0.012798700
pgvector,1,insert_emb,-,3245,0,0.004509800
pgvector,1,generar_emb,-,3246,0,0.012610000
pgvector,1,insert_emb,-,3246,0,0.004578100
pgvector,1,generar_emb,-,3247,0,0.011992400
pgvector,1,insert_emb,-,3247,0,0.004531000
pgvector,1,generar_emb,-,3248,0,0.014369500
pgvector,1,insert_emb,-,3248,0,0.004288400
pgvector,1,generar_emb,-,3249,0,0.012307500
pgvector,1,insert_emb,-,3249,0,0.004402500
pgvector,1,generar_emb,-,3250,0,0.013930400
pgvector,1,insert_emb,-,3250,0,0.004615700
pgvector,1,generar_emb,-,3251,0,0.012062200
pgvector,1,insert_emb,-,3251,0,0.004099200
pgvector,1,generar_emb,-,3252,0,0.012488000
pgvector,1,insert_emb,-,3252,0,0.004143900
pgvector,1,generar_emb,-,3253,0,0.011477300
pgvector,1,insert_emb,-,3253,0,0.004256900
pgvector,1,generar_emb,-,3254,0,0.012053300
pgvector,1,insert_emb,-,3254,0,0.004588700
pgvector,1,generar_emb,-,3255,0,0.013347300
pgvector,1,insert_emb,-,3255,0,0.004563000
pgvector,1,generar_emb,-,3256,0,0.013520300
pgvector,1,insert_emb,-,3256,0,0.004411900
pgvector,1,generar_emb,-,3257,0,0.011732600
pgvector,1,insert_emb,-,3257,0,0.004395500
pgvector,1,generar_emb,-,3258,0,0.011381600
pgvector,1,insert_emb,-,3258,0,0.004426100
pgvector,1,generar_emb,-,3259,0,0.011612500
pgvector,1,insert_emb,-,3259,0,0.004244300
pgvector,1,generar_emb,-,3260,0,0.014822000
pgvector,1,insert_emb,-,3260,0,0.004657700
pgvector,1,generar_emb,-,3261,0,0.014436100
pgvector,1,insert_emb,-,3261,0,0.004399900
pgvector,1,generar_emb,-,3262,0,0.013033900
pgvector,1,insert_emb,-,3262,0,0.004236600
pgvector,1,generar_emb,-,3263,0,0.011435400
pgvector,1,insert_emb,-,3263,0,0.004446100
pgvector,1,generar_emb,-,3264,0,0.011445600
pgvector,1,insert_emb,-,3264,0,0.004432900
pgvector,1,generar_emb,-,3265,0,0.011210200
pgvector,1,insert_emb,-,3265,0,0.004497800
pgvector,1,generar_emb,-,3266,0,0.010802200
pgvector,1,insert_emb,-,3266,0,0.004236100
pgvector,1,generar_emb,-,3267,0,0.010919800
pgvector,1,insert_emb,-,3267,0,0.004196700
pgvector,1,generar_emb,-,3268,0,0.012384600
pgvector,1,insert_emb,-,3268,0,0.004576600
pgvector,1,generar_emb,-,3269,0,0.012716300
pgvector,1,insert_emb,-,3269,0,0.004205500
pgvector,1,generar_emb,-,3270,0,0.012331700
pgvector,1,insert_emb,-,3270,0,0.004323900
pgvector,1,generar_emb,-,3271,0,0.012647000
pgvector,1,insert_emb,-,3271,0,0.004250700
pgvector,1,generar_emb,-,3272,0,0.013281400
pgvector,1,insert_emb,-,3272,0,0.004653300
pgvector,1,generar_emb,-,3273,0,0.012118000
pgvector,1,insert_emb,-,3273,0,0.004213900
pgvector,1,generar_emb,-,3274,0,0.009835700
pgvector,1,insert_emb,-,3274,0,0.004872500
pgvector,1,generar_emb,-,3275,0,0.013400300
pgvector,1,insert_emb,-,3275,0,0.004310400
pgvector,1,generar_emb,-,3276,0,0.011131100
pgvector,1,insert_emb,-,3276,0,0.004474800
pgvector,1,generar_emb,-,3277,0,0.013596300
pgvector,1,insert_emb,-,3277,0,0.004263700
pgvector,1,generar_emb,-,3278,0,0.013156700
pgvector,1,insert_emb,-,3278,0,0.004291400
pgvector,1,generar_emb,-,3279,0,0.010870000
pgvector,1,insert_emb,-,3279,0,0.004151800
pgvector,1,generar_emb,-,3280,0,0.012266700
pgvector,1,insert_emb,-,3280,0,0.004338800
pgvector,1,generar_emb,-,3281,0,0.011649100
pgvector,1,insert_emb,-,3281,0,0.004234700
pgvector,1,generar_emb,-,3282,0,0.010753200
pgvector,1,insert_emb,-,3282,0,0.004110200
pgvector,1,generar_emb,-,3283,0,0.011118000
pgvector,1,insert_emb,-,3283,0,0.004311400
pgvector,1,generar_emb,-,3284,0,0.011434800
pgvector,1,insert_emb,-,3284,0,0.004242100
pgvector,1,generar_emb,-,3285,0,0.012318800
pgvector,1,insert_emb,-,3285,0,0.004344400
pgvector,1,generar_emb,-,3286,0,0.012477700
pgvector,1,insert_emb,-,3286,0,0.004421500
pgvector,1,generar_emb,-,3287,0,0.014853500
pgvector,1,insert_emb,-,3287,0,0.005180300
pgvector,1,generar_emb,-,3288,0,0.020796400
pgvector,1,insert_emb,-,3288,0,0.004618500
pgvector,1,generar_emb,-,3289,0,0.012039500
pgvector,1,insert_emb,-,3289,0,0.004603700
pgvector,1,generar_emb,-,3290,0,0.012223000
pgvector,1,insert_emb,-,3290,0,0.004477900
pgvector,1,generar_emb,-,3291,0,0.012057700
pgvector,1,insert_emb,-,3291,0,0.004262900
pgvector,1,generar_emb,-,3292,0,0.014367000
pgvector,1,insert_emb,-,3292,0,0.004470700
pgvector,1,generar_emb,-,3293,0,0.010616100
pgvector,1,insert_emb,-,3293,0,0.004217000
pgvector,1,generar_emb,-,3294,0,0.012594900
pgvector,1,insert_emb,-,3294,0,0.004172200
pgvector,1,generar_emb,-,3295,0,0.012125500
pgvector,1,insert_emb,-,3295,0,0.004721700
pgvector,1,generar_emb,-,3296,0,0.013451300
pgvector,1,insert_emb,-,3296,0,0.004388000
pgvector,1,generar_emb,-,3297,0,0.012977400
pgvector,1,insert_emb,-,3297,0,0.004306500
pgvector,1,generar_emb,-,3298,0,0.013753100
pgvector,1,insert_emb,-,3298,0,0.004646000
pgvector,1,generar_emb,-,3299,0,0.012057000
pgvector,1,insert_emb,-,3299,0,0.005026800
pgvector,1,generar_emb,-,3300,0,0.012139900
pgvector,1,insert_emb,-,3300,0,0.004561200
pgvector,1,generar_emb,-,3301,0,0.013584500
pgvector,1,insert_emb,-,3301,0,0.004686800
pgvector,1,generar_emb,-,3302,0,0.011981100
pgvector,1,insert_emb,-,3302,0,0.004677700
pgvector,1,generar_emb,-,3303,0,0.012851300
pgvector,1,insert_emb,-,3303,0,0.004758200
pgvector,1,generar_emb,-,3304,0,0.011202500
pgvector,1,insert_emb,-,3304,0,0.004630100
pgvector,1,generar_emb,-,3305,0,0.013037700
pgvector,1,insert_emb,-,3305,0,0.004830100
pgvector,1,generar_emb,-,3306,0,0.012029200
pgvector,1,insert_emb,-,3306,0,0.004826600
pgvector,1,generar_emb,-,3307,0,0.010553500
pgvector,1,insert_emb,-,3307,0,0.004417500
pgvector,1,generar_emb,-,3308,0,0.010217400
pgvector,1,insert_emb,-,3308,0,0.004344000
pgvector,1,generar_emb,-,3309,0,0.014438400
pgvector,1,insert_emb,-,3309,0,0.004334900
pgvector,1,generar_emb,-,3310,0,0.012673600
pgvector,1,insert_emb,-,3310,0,0.004420500
pgvector,1,generar_emb,-,3311,0,0.013534800
pgvector,1,insert_emb,-,3311,0,0.004364100
pgvector,1,generar_emb,-,3312,0,0.013657500
pgvector,1,insert_emb,-,3312,0,0.004489900
pgvector,1,generar_emb,-,3313,0,0.013331500
pgvector,1,insert_emb,-,3313,0,0.004437800
pgvector,1,generar_emb,-,3314,0,0.012074000
pgvector,1,insert_emb,-,3314,0,0.004356000
pgvector,1,generar_emb,-,3315,0,0.012518400
pgvector,1,insert_emb,-,3315,0,0.004941100
pgvector,1,generar_emb,-,3316,0,0.011736800
pgvector,1,insert_emb,-,3316,0,0.004256300
pgvector,1,generar_emb,-,3317,0,0.017295600
pgvector,1,insert_emb,-,3317,0,0.005181500
pgvector,1,generar_emb,-,3318,0,0.011980100
pgvector,1,insert_emb,-,3318,0,0.004379600
pgvector,1,generar_emb,-,3319,0,0.013725600
pgvector,1,insert_emb,-,3319,0,0.004534100
pgvector,1,generar_emb,-,3320,0,0.011408200
pgvector,1,insert_emb,-,3320,0,0.004374700
pgvector,1,generar_emb,-,3321,0,0.010809700
pgvector,1,insert_emb,-,3321,0,0.004247700
pgvector,1,generar_emb,-,3322,0,0.011242500
pgvector,1,insert_emb,-,3322,0,0.004239700
pgvector,1,generar_emb,-,3323,0,0.010582900
pgvector,1,insert_emb,-,3323,0,0.004175900
pgvector,1,generar_emb,-,3324,0,0.012048000
pgvector,1,insert_emb,-,3324,0,0.004318000
pgvector,1,generar_emb,-,3325,0,0.016530300
pgvector,1,insert_emb,-,3325,0,0.004323600
pgvector,1,generar_emb,-,3326,0,0.012891300
pgvector,1,insert_emb,-,3326,0,0.004383600
pgvector,1,generar_emb,-,3327,0,0.011944100
pgvector,1,insert_emb,-,3327,0,0.004433700
pgvector,1,generar_emb,-,3328,0,0.011717300
pgvector,1,insert_emb,-,3328,0,0.004445300
pgvector,1,generar_emb,-,3329,0,0.011065300
pgvector,1,insert_emb,-,3329,0,0.004465100
pgvector,1,generar_emb,-,3330,0,0.011723400
pgvector,1,insert_emb,-,3330,0,0.004381000
pgvector,1,generar_emb,-,3331,0,0.017163900
pgvector,1,insert_emb,-,3331,0,0.004368500
pgvector,1,generar_emb,-,3332,0,0.013302100
pgvector,1,insert_emb,-,3332,0,0.004276800
pgvector,1,generar_emb,-,3333,0,0.013812900
pgvector,1,insert_emb,-,3333,0,0.004398200
pgvector,1,generar_emb,-,3334,0,0.014095300
pgvector,1,insert_emb,-,3334,0,0.004491900
pgvector,1,generar_emb,-,3335,0,0.012571600
pgvector,1,insert_emb,-,3335,0,0.004851400
pgvector,1,generar_emb,-,3336,0,0.012221200
pgvector,1,insert_emb,-,3336,0,0.004352700
pgvector,1,generar_emb,-,3337,0,0.012758900
pgvector,1,insert_emb,-,3337,0,0.004195000
pgvector,1,generar_emb,-,3338,0,0.013003800
pgvector,1,insert_emb,-,3338,0,0.004110600
pgvector,1,generar_emb,-,3339,0,0.015213200
pgvector,1,insert_emb,-,3339,0,0.004378100
pgvector,1,generar_emb,-,3340,0,0.012751500
pgvector,1,insert_emb,-,3340,0,0.004357500
pgvector,1,generar_emb,-,3341,0,0.013027700
pgvector,1,insert_emb,-,3341,0,0.004259100
pgvector,1,generar_emb,-,3342,0,0.013452100
pgvector,1,insert_emb,-,3342,0,0.004247200
pgvector,1,generar_emb,-,3343,0,0.012538000
pgvector,1,insert_emb,-,3343,0,0.004220400
pgvector,1,generar_emb,-,3344,0,0.013200700
pgvector,1,insert_emb,-,3344,0,0.004542200
pgvector,1,generar_emb,-,3345,0,0.016309700
pgvector,1,insert_emb,-,3345,0,0.005568300
pgvector,1,generar_emb,-,3346,0,0.015056900
pgvector,1,insert_emb,-,3346,0,0.004846000
pgvector,1,generar_emb,-,3347,0,0.013497400
pgvector,1,insert_emb,-,3347,0,0.004550700
pgvector,1,generar_emb,-,3348,0,0.013569200
pgvector,1,insert_emb,-,3348,0,0.004599700
pgvector,1,generar_emb,-,3349,0,0.016547600
pgvector,1,insert_emb,-,3349,0,0.004669200
pgvector,1,generar_emb,-,3350,0,0.012923500
pgvector,1,insert_emb,-,3350,0,0.004667500
pgvector,1,generar_emb,-,3351,0,0.012650100
pgvector,1,insert_emb,-,3351,0,0.004913400
pgvector,1,generar_emb,-,3352,0,0.010956500
pgvector,1,insert_emb,-,3352,0,0.004480900
pgvector,1,generar_emb,-,3353,0,0.013545900
pgvector,1,insert_emb,-,3353,0,0.004660200
pgvector,1,generar_emb,-,3354,0,0.013097800
pgvector,1,insert_emb,-,3354,0,0.005222000
pgvector,1,generar_emb,-,3355,0,0.012261400
pgvector,1,insert_emb,-,3355,0,0.004634600
pgvector,1,generar_emb,-,3356,0,0.012735800
pgvector,1,insert_emb,-,3356,0,0.004063900
pgvector,1,generar_emb,-,3357,0,0.013094100
pgvector,1,insert_emb,-,3357,0,0.004817100
pgvector,1,generar_emb,-,3358,0,0.013527800
pgvector,1,insert_emb,-,3358,0,0.004543700
pgvector,1,generar_emb,-,3359,0,0.012976000
pgvector,1,insert_emb,-,3359,0,0.004170800
pgvector,1,generar_emb,-,3360,0,0.013100300
pgvector,1,insert_emb,-,3360,0,0.004498800
pgvector,1,generar_emb,-,3361,0,0.011598000
pgvector,1,insert_emb,-,3361,0,0.004143500
pgvector,1,generar_emb,-,3362,0,0.012401100
pgvector,1,insert_emb,-,3362,0,0.004213200
pgvector,1,generar_emb,-,3363,0,0.010817700
pgvector,1,insert_emb,-,3363,0,0.004199500
pgvector,1,generar_emb,-,3364,0,0.012476300
pgvector,1,insert_emb,-,3364,0,0.004125800
pgvector,1,generar_emb,-,3365,0,0.011257700
pgvector,1,insert_emb,-,3365,0,0.004221900
pgvector,1,generar_emb,-,3366,0,0.012046600
pgvector,1,insert_emb,-,3366,0,0.004330900
pgvector,1,generar_emb,-,3367,0,0.011688700
pgvector,1,insert_emb,-,3367,0,0.004213700
pgvector,1,generar_emb,-,3368,0,0.013018400
pgvector,1,insert_emb,-,3368,0,0.004299400
pgvector,1,generar_emb,-,3369,0,0.011943700
pgvector,1,insert_emb,-,3369,0,0.004162500
pgvector,1,generar_emb,-,3370,0,0.012945200
pgvector,1,insert_emb,-,3370,0,0.004390400
pgvector,1,generar_emb,-,3371,0,0.013818000
pgvector,1,insert_emb,-,3371,0,0.004158900
pgvector,1,generar_emb,-,3372,0,0.012463100
pgvector,1,insert_emb,-,3372,0,0.004516900
pgvector,1,generar_emb,-,3373,0,0.011613900
pgvector,1,insert_emb,-,3373,0,0.004339200
pgvector,1,generar_emb,-,3374,0,0.013891800
pgvector,1,insert_emb,-,3374,0,0.004778900
pgvector,1,generar_emb,-,3375,0,0.012441700
pgvector,1,insert_emb,-,3375,0,0.004444100
pgvector,1,generar_emb,-,3376,0,0.011084700
pgvector,1,insert_emb,-,3376,0,0.004282900
pgvector,1,generar_emb,-,3377,0,0.011943700
pgvector,1,insert_emb,-,3377,0,0.004533700
pgvector,1,generar_emb,-,3378,0,0.013477200
pgvector,1,insert_emb,-,3378,0,0.004648100
pgvector,1,generar_emb,-,3379,0,0.010234900
pgvector,1,insert_emb,-,3379,0,0.004191300
pgvector,1,generar_emb,-,3380,0,0.011763400
pgvector,1,insert_emb,-,3380,0,0.004427000
pgvector,1,generar_emb,-,3381,0,0.011007900
pgvector,1,insert_emb,-,3381,0,0.004088300
pgvector,1,generar_emb,-,3382,0,0.011361700
pgvector,1,insert_emb,-,3382,0,0.004132200
pgvector,1,generar_emb,-,3383,0,0.012818200
pgvector,1,insert_emb,-,3383,0,0.004059500
pgvector,1,generar_emb,-,3384,0,0.011666100
pgvector,1,insert_emb,-,3384,0,0.004120600
pgvector,1,generar_emb,-,3385,0,0.014320700
pgvector,1,insert_emb,-,3385,0,0.004320300
pgvector,1,generar_emb,-,3386,0,0.011642100
pgvector,1,insert_emb,-,3386,0,0.004320600
pgvector,1,generar_emb,-,3387,0,0.011224700
pgvector,1,insert_emb,-,3387,0,0.004486800
pgvector,1,generar_emb,-,3388,0,0.010921900
pgvector,1,insert_emb,-,3388,0,0.004163300
pgvector,1,generar_emb,-,3389,0,0.011570200
pgvector,1,insert_emb,-,3389,0,0.004392200
pgvector,1,generar_emb,-,3390,0,0.012997600
pgvector,1,insert_emb,-,3390,0,0.004272500
pgvector,1,generar_emb,-,3391,0,0.013165700
pgvector,1,insert_emb,-,3391,0,0.004040000
pgvector,1,generar_emb,-,3392,0,0.010981000
pgvector,1,insert_emb,-,3392,0,0.004621600
pgvector,1,generar_emb,-,3393,0,0.010661900
pgvector,1,insert_emb,-,3393,0,0.004607800
pgvector,1,generar_emb,-,3394,0,0.011736800
pgvector,1,insert_emb,-,3394,0,0.004579000
pgvector,1,generar_emb,-,3395,0,0.011936400
pgvector,1,insert_emb,-,3395,0,0.004706200
pgvector,1,generar_emb,-,3396,0,0.010925100
pgvector,1,insert_emb,-,3396,0,0.004517100
pgvector,1,generar_emb,-,3397,0,0.012024700
pgvector,1,insert_emb,-,3397,0,0.004538700
pgvector,1,generar_emb,-,3398,0,0.011818400
pgvector,1,insert_emb,-,3398,0,0.004678800
pgvector,1,generar_emb,-,3399,0,0.012769400
pgvector,1,insert_emb,-,3399,0,0.004482300
pgvector,1,generar_emb,-,3400,0,0.012362400
pgvector,1,insert_emb,-,3400,0,0.004597000
pgvector,1,generar_emb,-,3401,0,0.011192900
pgvector,1,insert_emb,-,3401,0,0.004410100
pgvector,1,generar_emb,-,3402,0,0.010795200
pgvector,1,insert_emb,-,3402,0,0.004126000
pgvector,1,generar_emb,-,3403,0,0.011308100
pgvector,1,insert_emb,-,3403,0,0.004304500
pgvector,1,generar_emb,-,3404,0,0.012467000
pgvector,1,insert_emb,-,3404,0,0.004445300
pgvector,1,generar_emb,-,3405,0,0.012559200
pgvector,1,insert_emb,-,3405,0,0.004472600
pgvector,1,generar_emb,-,3406,0,0.010957500
pgvector,1,insert_emb,-,3406,0,0.004306500
pgvector,1,generar_emb,-,3407,0,0.011274100
pgvector,1,insert_emb,-,3407,0,0.004387300
pgvector,1,generar_emb,-,3408,0,0.012504400
pgvector,1,insert_emb,-,3408,0,0.004239600
pgvector,1,generar_emb,-,3409,0,0.012044100
pgvector,1,insert_emb,-,3409,0,0.004321900
pgvector,1,generar_emb,-,3410,0,0.011799800
pgvector,1,insert_emb,-,3410,0,0.004495400
pgvector,1,generar_emb,-,3411,0,0.014531500
pgvector,1,insert_emb,-,3411,0,0.004718800
pgvector,1,generar_emb,-,3412,0,0.012606700
pgvector,1,insert_emb,-,3412,0,0.004321100
pgvector,1,generar_emb,-,3413,0,0.014839900
pgvector,1,insert_emb,-,3413,0,0.004758800
pgvector,1,generar_emb,-,3414,0,0.011840600
pgvector,1,insert_emb,-,3414,0,0.004358200
pgvector,1,generar_emb,-,3415,0,0.011944600
pgvector,1,insert_emb,-,3415,0,0.004426900
pgvector,1,generar_emb,-,3416,0,0.013009700
pgvector,1,insert_emb,-,3416,0,0.004236700
pgvector,1,generar_emb,-,3417,0,0.013941400
pgvector,1,insert_emb,-,3417,0,0.004356300
pgvector,1,generar_emb,-,3418,0,0.011780600
pgvector,1,insert_emb,-,3418,0,0.004261400
pgvector,1,generar_emb,-,3419,0,0.011451100
pgvector,1,insert_emb,-,3419,0,0.004322900
pgvector,1,generar_emb,-,3420,0,0.011102200
pgvector,1,insert_emb,-,3420,0,0.004636500
pgvector,1,generar_emb,-,3421,0,0.012266800
pgvector,1,insert_emb,-,3421,0,0.004245300
pgvector,1,generar_emb,-,3422,0,0.011195900
pgvector,1,insert_emb,-,3422,0,0.004143700
pgvector,1,generar_emb,-,3423,0,0.012783000
pgvector,1,insert_emb,-,3423,0,0.004168800
pgvector,1,generar_emb,-,3424,0,0.015647900
pgvector,1,insert_emb,-,3424,0,0.004395200
pgvector,1,generar_emb,-,3425,0,0.011951200
pgvector,1,insert_emb,-,3425,0,0.004964200
pgvector,1,generar_emb,-,3426,0,0.011456700
pgvector,1,insert_emb,-,3426,0,0.004354200
pgvector,1,generar_emb,-,3427,0,0.013011200
pgvector,1,insert_emb,-,3427,0,0.004382700
pgvector,1,generar_emb,-,3428,0,0.011351700
pgvector,1,insert_emb,-,3428,0,0.004207100
pgvector,1,generar_emb,-,3429,0,0.015465200
pgvector,1,insert_emb,-,3429,0,0.004471700
pgvector,1,generar_emb,-,3430,0,0.012600100
pgvector,1,insert_emb,-,3430,0,0.004367100
pgvector,1,generar_emb,-,3431,0,0.012523600
pgvector,1,insert_emb,-,3431,0,0.004393700
pgvector,1,generar_emb,-,3432,0,0.011270700
pgvector,1,insert_emb,-,3432,0,0.004625700
pgvector,1,generar_emb,-,3433,0,0.011457600
pgvector,1,insert_emb,-,3433,0,0.004360600
pgvector,1,generar_emb,-,3434,0,0.011086300
pgvector,1,insert_emb,-,3434,0,0.004431900
pgvector,1,generar_emb,-,3435,0,0.012493600
pgvector,1,insert_emb,-,3435,0,0.004382600
pgvector,1,generar_emb,-,3436,0,0.055057300
pgvector,1,insert_emb,-,3436,0,0.012319300
pgvector,1,generar_emb,-,3437,0,0.019116700
pgvector,1,insert_emb,-,3437,0,0.004560300
pgvector,1,generar_emb,-,3438,0,0.013662300
pgvector,1,insert_emb,-,3438,0,0.004557000
pgvector,1,generar_emb,-,3439,0,0.012581300
pgvector,1,insert_emb,-,3439,0,0.004457400
pgvector,1,generar_emb,-,3440,0,0.011786600
pgvector,1,insert_emb,-,3440,0,0.004333100
pgvector,1,generar_emb,-,3441,0,0.012533800
pgvector,1,insert_emb,-,3441,0,0.004278100
pgvector,1,generar_emb,-,3442,0,0.011150800
pgvector,1,insert_emb,-,3442,0,0.004178100
pgvector,1,generar_emb,-,3443,0,0.012615000
pgvector,1,insert_emb,-,3443,0,0.004165900
pgvector,1,generar_emb,-,3444,0,0.013128100
pgvector,1,insert_emb,-,3444,0,0.003999600
pgvector,1,generar_emb,-,3445,0,0.012642100
pgvector,1,insert_emb,-,3445,0,0.004238900
pgvector,1,generar_emb,-,3446,0,0.011540800
pgvector,1,insert_emb,-,3446,0,0.004282400
pgvector,1,generar_emb,-,3447,0,0.012763200
pgvector,1,insert_emb,-,3447,0,0.004231100
pgvector,1,generar_emb,-,3448,0,0.011995400
pgvector,1,insert_emb,-,3448,0,0.004402700
pgvector,1,generar_emb,-,3449,0,0.014885100
pgvector,1,insert_emb,-,3449,0,0.004393500
pgvector,1,generar_emb,-,3450,0,0.011184400
pgvector,1,insert_emb,-,3450,0,0.004579100
pgvector,1,generar_emb,-,3451,0,0.011585800
pgvector,1,insert_emb,-,3451,0,0.004219700
pgvector,1,generar_emb,-,3452,0,0.012815500
pgvector,1,insert_emb,-,3452,0,0.004404200
pgvector,1,generar_emb,-,3453,0,0.012407900
pgvector,1,insert_emb,-,3453,0,0.004034400
pgvector,1,generar_emb,-,3454,0,0.011232800
pgvector,1,insert_emb,-,3454,0,0.004054300
pgvector,1,generar_emb,-,3455,0,0.013077100
pgvector,1,insert_emb,-,3455,0,0.004063000
pgvector,1,generar_emb,-,3456,0,0.011451900
pgvector,1,insert_emb,-,3456,0,0.004033800
pgvector,1,generar_emb,-,3457,0,0.013038200
pgvector,1,insert_emb,-,3457,0,0.004198500
pgvector,1,generar_emb,-,3458,0,0.012536500
pgvector,1,insert_emb,-,3458,0,0.004093300
pgvector,1,generar_emb,-,3459,0,0.011462600
pgvector,1,insert_emb,-,3459,0,0.004189400
pgvector,1,generar_emb,-,3460,0,0.011516100
pgvector,1,insert_emb,-,3460,0,0.004085200
pgvector,1,generar_emb,-,3461,0,0.012391700
pgvector,1,insert_emb,-,3461,0,0.004615800
pgvector,1,generar_emb,-,3462,0,0.012346100
pgvector,1,insert_emb,-,3462,0,0.004285700
pgvector,1,generar_emb,-,3463,0,0.012340600
pgvector,1,insert_emb,-,3463,0,0.004393800
pgvector,1,generar_emb,-,3464,0,0.015930400
pgvector,1,insert_emb,-,3464,0,0.004183600
pgvector,1,generar_emb,-,3465,0,0.011919300
pgvector,1,insert_emb,-,3465,0,0.004196600
pgvector,1,generar_emb,-,3466,0,0.013409300
pgvector,1,insert_emb,-,3466,0,0.004729900
pgvector,1,generar_emb,-,3467,0,0.013331100
pgvector,1,insert_emb,-,3467,0,0.004655200
pgvector,1,generar_emb,-,3468,0,0.013659200
pgvector,1,insert_emb,-,3468,0,0.004413600
pgvector,1,generar_emb,-,3469,0,0.012284400
pgvector,1,insert_emb,-,3469,0,0.004350300
pgvector,1,generar_emb,-,3470,0,0.014293200
pgvector,1,insert_emb,-,3470,0,0.004465900
pgvector,1,generar_emb,-,3471,0,0.013884800
pgvector,1,insert_emb,-,3471,0,0.004527600
pgvector,1,generar_emb,-,3472,0,0.012931700
pgvector,1,insert_emb,-,3472,0,0.004102200
pgvector,1,generar_emb,-,3473,0,0.013471100
pgvector,1,insert_emb,-,3473,0,0.004235000
pgvector,1,generar_emb,-,3474,0,0.013229700
pgvector,1,insert_emb,-,3474,0,0.004158500
pgvector,1,generar_emb,-,3475,0,0.012382300
pgvector,1,insert_emb,-,3475,0,0.004499300
pgvector,1,generar_emb,-,3476,0,0.013100300
pgvector,1,insert_emb,-,3476,0,0.004282500
pgvector,1,generar_emb,-,3477,0,0.012939700
pgvector,1,insert_emb,-,3477,0,0.004398800
pgvector,1,generar_emb,-,3478,0,0.013612800
pgvector,1,insert_emb,-,3478,0,0.004133400
pgvector,1,generar_emb,-,3479,0,0.012317400
pgvector,1,insert_emb,-,3479,0,0.004118800
pgvector,1,generar_emb,-,3480,0,0.012445600
pgvector,1,insert_emb,-,3480,0,0.004371900
pgvector,1,generar_emb,-,3481,0,0.011638900
pgvector,1,insert_emb,-,3481,0,0.004055800
pgvector,1,generar_emb,-,3482,0,0.012272300
pgvector,1,insert_emb,-,3482,0,0.003996400
pgvector,1,generar_emb,-,3483,0,0.012553000
pgvector,1,insert_emb,-,3483,0,0.004290400
pgvector,1,generar_emb,-,3484,0,0.014214200
pgvector,1,insert_emb,-,3484,0,0.004263000
pgvector,1,generar_emb,-,3485,0,0.015224100
pgvector,1,insert_emb,-,3485,0,0.004243900
pgvector,1,generar_emb,-,3486,0,0.011556200
pgvector,1,insert_emb,-,3486,0,0.004151600
pgvector,1,generar_emb,-,3487,0,0.012348100
pgvector,1,insert_emb,-,3487,0,0.004260400
pgvector,1,generar_emb,-,3488,0,0.012134400
pgvector,1,insert_emb,-,3488,0,0.004099500
pgvector,1,generar_emb,-,3489,0,0.013296600
pgvector,1,insert_emb,-,3489,0,0.004376600
pgvector,1,generar_emb,-,3490,0,0.014057500
pgvector,1,insert_emb,-,3490,0,0.004790200
pgvector,1,generar_emb,-,3491,0,0.009872800
pgvector,1,insert_emb,-,3491,0,0.003796500
pgvector,1,generar_emb,-,3492,0,0.011767100
pgvector,1,insert_emb,-,3492,0,0.004447000
pgvector,1,generar_emb,-,3493,0,0.012891300
pgvector,1,insert_emb,-,3493,0,0.004259500
pgvector,1,generar_emb,-,3494,0,0.011126900
pgvector,1,insert_emb,-,3494,0,0.004281100
pgvector,1,generar_emb,-,3495,0,0.010877600
pgvector,1,insert_emb,-,3495,0,0.004490200
pgvector,1,generar_emb,-,3496,0,0.012373800
pgvector,1,insert_emb,-,3496,0,0.004386500
pgvector,1,generar_emb,-,3497,0,0.013199400
pgvector,1,insert_emb,-,3497,0,0.004562900
pgvector,1,generar_emb,-,3498,0,0.013342600
pgvector,1,insert_emb,-,3498,0,0.005199500
pgvector,1,generar_emb,-,3499,0,0.012594600
pgvector,1,insert_emb,-,3499,0,0.004327200
pgvector,1,generar_emb,-,3500,0,0.012111800
pgvector,1,insert_emb,-,3500,0,0.004275400
pgvector,1,generar_emb,-,3501,0,0.012055900
pgvector,1,insert_emb,-,3501,0,0.004060600
pgvector,1,generar_emb,-,3502,0,0.013288900
pgvector,1,insert_emb,-,3502,0,0.004208400
pgvector,1,generar_emb,-,3503,0,0.013188400
pgvector,1,insert_emb,-,3503,0,0.004441200
pgvector,1,generar_emb,-,3504,0,0.012077500
pgvector,1,insert_emb,-,3504,0,0.004050400
pgvector,1,generar_emb,-,3505,0,0.012143700
pgvector,1,insert_emb,-,3505,0,0.004264500
pgvector,1,generar_emb,-,3506,0,0.012933800
pgvector,1,insert_emb,-,3506,0,0.004119800
pgvector,1,generar_emb,-,3507,0,0.011965600
pgvector,1,insert_emb,-,3507,0,0.004194300
pgvector,1,generar_emb,-,3508,0,0.011738200
pgvector,1,insert_emb,-,3508,0,0.004625000
pgvector,1,generar_emb,-,3509,0,0.013480800
pgvector,1,insert_emb,-,3509,0,0.004127800
pgvector,1,generar_emb,-,3510,0,0.013739400
pgvector,1,insert_emb,-,3510,0,0.004622100
pgvector,1,generar_emb,-,3511,0,0.013159700
pgvector,1,insert_emb,-,3511,0,0.004226900
pgvector,1,generar_emb,-,3512,0,0.012615800
pgvector,1,insert_emb,-,3512,0,0.004326300
pgvector,1,generar_emb,-,3513,0,0.012621700
pgvector,1,insert_emb,-,3513,0,0.004333500
pgvector,1,generar_emb,-,3514,0,0.011849700
pgvector,1,insert_emb,-,3514,0,0.004071900
pgvector,1,generar_emb,-,3515,0,0.012356200
pgvector,1,insert_emb,-,3515,0,0.004596800
pgvector,1,generar_emb,-,3516,0,0.012598400
pgvector,1,insert_emb,-,3516,0,0.004386300
pgvector,1,generar_emb,-,3517,0,0.013241600
pgvector,1,insert_emb,-,3517,0,0.004425900
pgvector,1,generar_emb,-,3518,0,0.013219600
pgvector,1,insert_emb,-,3518,0,0.004302100
pgvector,1,generar_emb,-,3519,0,0.013076300
pgvector,1,insert_emb,-,3519,0,0.004525500
pgvector,1,generar_emb,-,3520,0,0.013015200
pgvector,1,insert_emb,-,3520,0,0.004363500
pgvector,1,generar_emb,-,3521,0,0.011616400
pgvector,1,insert_emb,-,3521,0,0.004287400
pgvector,1,generar_emb,-,3522,0,0.012580100
pgvector,1,insert_emb,-,3522,0,0.004174500
pgvector,1,generar_emb,-,3523,0,0.012790100
pgvector,1,insert_emb,-,3523,0,0.004405300
pgvector,1,generar_emb,-,3524,0,0.013551000
pgvector,1,insert_emb,-,3524,0,0.004268000
pgvector,1,generar_emb,-,3525,0,0.013243400
pgvector,1,insert_emb,-,3525,0,0.004499200
pgvector,1,generar_emb,-,3526,0,0.013036800
pgvector,1,insert_emb,-,3526,0,0.004420500
pgvector,1,generar_emb,-,3527,0,0.017640400
pgvector,1,insert_emb,-,3527,0,0.004506000
pgvector,1,generar_emb,-,3528,0,0.012101300
pgvector,1,insert_emb,-,3528,0,0.004481700
pgvector,1,generar_emb,-,3529,0,0.012874500
pgvector,1,insert_emb,-,3529,0,0.004287500
pgvector,1,generar_emb,-,3530,0,0.013439600
pgvector,1,insert_emb,-,3530,0,0.004122300
pgvector,1,generar_emb,-,3531,0,0.015191500
pgvector,1,insert_emb,-,3531,0,0.004494100
pgvector,1,generar_emb,-,3532,0,0.012095200
pgvector,1,insert_emb,-,3532,0,0.004144700
pgvector,1,generar_emb,-,3533,0,0.011790100
pgvector,1,insert_emb,-,3533,0,0.004352400
pgvector,1,generar_emb,-,3534,0,0.013751000
pgvector,1,insert_emb,-,3534,0,0.004407300
pgvector,1,generar_emb,-,3535,0,0.012189600
pgvector,1,insert_emb,-,3535,0,0.004627200
pgvector,1,generar_emb,-,3536,0,0.010736200
pgvector,1,insert_emb,-,3536,0,0.004128100
pgvector,1,generar_emb,-,3537,0,0.011568400
pgvector,1,insert_emb,-,3537,0,0.004362700
pgvector,1,generar_emb,-,3538,0,0.012158800
pgvector,1,insert_emb,-,3538,0,0.004386600
pgvector,1,generar_emb,-,3539,0,0.011272000
pgvector,1,insert_emb,-,3539,0,0.004173500
pgvector,1,generar_emb,-,3540,0,0.012324000
pgvector,1,insert_emb,-,3540,0,0.004726200
pgvector,1,generar_emb,-,3541,0,0.010748700
pgvector,1,insert_emb,-,3541,0,0.004241300
pgvector,1,generar_emb,-,3542,0,0.013814500
pgvector,1,insert_emb,-,3542,0,0.004322600
pgvector,1,generar_emb,-,3543,0,0.011902100
pgvector,1,insert_emb,-,3543,0,0.004162100
pgvector,1,generar_emb,-,3544,0,0.013519300
pgvector,1,insert_emb,-,3544,0,0.004228900
pgvector,1,generar_emb,-,3545,0,0.012972300
pgvector,1,insert_emb,-,3545,0,0.004564100
pgvector,1,generar_emb,-,3546,0,0.011542600
pgvector,1,insert_emb,-,3546,0,0.004340600
pgvector,1,generar_emb,-,3547,0,0.013519400
pgvector,1,insert_emb,-,3547,0,0.004620500
pgvector,1,generar_emb,-,3548,0,0.012093300
pgvector,1,insert_emb,-,3548,0,0.004555100
pgvector,1,generar_emb,-,3549,0,0.011847100
pgvector,1,insert_emb,-,3549,0,0.004569500
pgvector,1,generar_emb,-,3550,0,0.012417900
pgvector,1,insert_emb,-,3550,0,0.004146300
pgvector,1,generar_emb,-,3551,0,0.011771000
pgvector,1,insert_emb,-,3551,0,0.003943800
pgvector,1,generar_emb,-,3552,0,0.012529400
pgvector,1,insert_emb,-,3552,0,0.004198800
pgvector,1,generar_emb,-,3553,0,0.011727500
pgvector,1,insert_emb,-,3553,0,0.004353900
pgvector,1,generar_emb,-,3554,0,0.011276300
pgvector,1,insert_emb,-,3554,0,0.004228800
pgvector,1,generar_emb,-,3555,0,0.011006000
pgvector,1,insert_emb,-,3555,0,0.004328100
pgvector,1,generar_emb,-,3556,0,0.012147000
pgvector,1,insert_emb,-,3556,0,0.004066600
pgvector,1,generar_emb,-,3557,0,0.011987400
pgvector,1,insert_emb,-,3557,0,0.004014800
pgvector,1,generar_emb,-,3558,0,0.012834200
pgvector,1,insert_emb,-,3558,0,0.004344000
pgvector,1,generar_emb,-,3559,0,0.011640200
pgvector,1,insert_emb,-,3559,0,0.004325300
pgvector,1,generar_emb,-,3560,0,0.011484200
pgvector,1,insert_emb,-,3560,0,0.004482500
pgvector,1,generar_emb,-,3561,0,0.011159500
pgvector,1,insert_emb,-,3561,0,0.004323800
pgvector,1,generar_emb,-,3562,0,0.013377600
pgvector,1,insert_emb,-,3562,0,0.004260900
pgvector,1,generar_emb,-,3563,0,0.013285700
pgvector,1,insert_emb,-,3563,0,0.004851000
pgvector,1,generar_emb,-,3564,0,0.012669100
pgvector,1,insert_emb,-,3564,0,0.004100400
pgvector,1,generar_emb,-,3565,0,0.011898900
pgvector,1,insert_emb,-,3565,0,0.004610200
pgvector,1,generar_emb,-,3566,0,0.011645900
pgvector,1,insert_emb,-,3566,0,0.004583300
pgvector,1,generar_emb,-,3567,0,0.012096200
pgvector,1,insert_emb,-,3567,0,0.004540400
pgvector,1,generar_emb,-,3568,0,0.011797900
pgvector,1,insert_emb,-,3568,0,0.004426100
pgvector,1,generar_emb,-,3569,0,0.011319600
pgvector,1,insert_emb,-,3569,0,0.004781800
pgvector,1,generar_emb,-,3570,0,0.012220000
pgvector,1,insert_emb,-,3570,0,0.004443100
pgvector,1,generar_emb,-,3571,0,0.013018500
pgvector,1,insert_emb,-,3571,0,0.004643400
pgvector,1,generar_emb,-,3572,0,0.012110000
pgvector,1,insert_emb,-,3572,0,0.004839000
pgvector,1,generar_emb,-,3573,0,0.012333600
pgvector,1,insert_emb,-,3573,0,0.004696000
pgvector,1,generar_emb,-,3574,0,0.011092800
pgvector,1,insert_emb,-,3574,0,0.004288400
pgvector,1,generar_emb,-,3575,0,0.013018400
pgvector,1,insert_emb,-,3575,0,0.004294900
pgvector,1,generar_emb,-,3576,0,0.011074100
pgvector,1,insert_emb,-,3576,0,0.004219100
pgvector,1,generar_emb,-,3577,0,0.014472000
pgvector,1,insert_emb,-,3577,0,0.004224100
pgvector,1,generar_emb,-,3578,0,0.010998200
pgvector,1,insert_emb,-,3578,0,0.004383100
pgvector,1,generar_emb,-,3579,0,0.011521200
pgvector,1,insert_emb,-,3579,0,0.004224800
pgvector,1,generar_emb,-,3580,0,0.012035000
pgvector,1,insert_emb,-,3580,0,0.004595600
pgvector,1,generar_emb,-,3581,0,0.012129500
pgvector,1,insert_emb,-,3581,0,0.004594200
pgvector,1,generar_emb,-,3582,0,0.013667200
pgvector,1,insert_emb,-,3582,0,0.004428200
pgvector,1,generar_emb,-,3583,0,0.011274400
pgvector,1,insert_emb,-,3583,0,0.004124800
pgvector,1,generar_emb,-,3584,0,0.012103900
pgvector,1,insert_emb,-,3584,0,0.004285100
pgvector,1,generar_emb,-,3585,0,0.012395100
pgvector,1,insert_emb,-,3585,0,0.004696600
pgvector,1,generar_emb,-,3586,0,0.011931300
pgvector,1,insert_emb,-,3586,0,0.004604000
pgvector,1,generar_emb,-,3587,0,0.012677200
pgvector,1,insert_emb,-,3587,0,0.004383600
pgvector,1,generar_emb,-,3588,0,0.011161000
pgvector,1,insert_emb,-,3588,0,0.004171600
pgvector,1,generar_emb,-,3589,0,0.011681000
pgvector,1,insert_emb,-,3589,0,0.004146400
pgvector,1,generar_emb,-,3590,0,0.011617400
pgvector,1,insert_emb,-,3590,0,0.005205500
pgvector,1,generar_emb,-,3591,0,0.013203200
pgvector,1,insert_emb,-,3591,0,0.004193000
pgvector,1,generar_emb,-,3592,0,0.012702400
pgvector,1,insert_emb,-,3592,0,0.004360300
pgvector,1,generar_emb,-,3593,0,0.013502300
pgvector,1,insert_emb,-,3593,0,0.004434000
pgvector,1,generar_emb,-,3594,0,0.012921600
pgvector,1,insert_emb,-,3594,0,0.004455700
pgvector,1,generar_emb,-,3595,0,0.014723000
pgvector,1,insert_emb,-,3595,0,0.004692900
pgvector,1,generar_emb,-,3596,0,0.012973200
pgvector,1,insert_emb,-,3596,0,0.004212200
pgvector,1,generar_emb,-,3597,0,0.011249700
pgvector,1,insert_emb,-,3597,0,0.004462400
pgvector,1,generar_emb,-,3598,0,0.011242300
pgvector,1,insert_emb,-,3598,0,0.004200200
pgvector,1,generar_emb,-,3599,0,0.012466100
pgvector,1,insert_emb,-,3599,0,0.004236000
pgvector,1,generar_emb,-,3600,0,0.013493300
pgvector,1,insert_emb,-,3600,0,0.004381000
pgvector,1,generar_emb,-,3601,0,0.012362200
pgvector,1,insert_emb,-,3601,0,0.004653500
pgvector,1,generar_emb,-,3602,0,0.012281000
pgvector,1,insert_emb,-,3602,0,0.004304800
pgvector,1,generar_emb,-,3603,0,0.012950000
pgvector,1,insert_emb,-,3603,0,0.004380200
pgvector,1,generar_emb,-,3604,0,0.012830200
pgvector,1,insert_emb,-,3604,0,0.004319500
pgvector,1,generar_emb,-,3605,0,0.012776000
pgvector,1,insert_emb,-,3605,0,0.004231700
pgvector,1,generar_emb,-,3606,0,0.011598300
pgvector,1,insert_emb,-,3606,0,0.004212500
pgvector,1,generar_emb,-,3607,0,0.013113500
pgvector,1,insert_emb,-,3607,0,0.004207400
pgvector,1,generar_emb,-,3608,0,0.011783500
pgvector,1,insert_emb,-,3608,0,0.004417100
pgvector,1,generar_emb,-,3609,0,0.012485300
pgvector,1,insert_emb,-,3609,0,0.004257100
pgvector,1,generar_emb,-,3610,0,0.012120600
pgvector,1,insert_emb,-,3610,0,0.004461100
pgvector,1,generar_emb,-,3611,0,0.012058100
pgvector,1,insert_emb,-,3611,0,0.004073700
pgvector,1,generar_emb,-,3612,0,0.013987900
pgvector,1,insert_emb,-,3612,0,0.004055400
pgvector,1,generar_emb,-,3613,0,0.012592200
pgvector,1,insert_emb,-,3613,0,0.004319200
pgvector,1,generar_emb,-,3614,0,0.012058000
pgvector,1,insert_emb,-,3614,0,0.004264400
pgvector,1,generar_emb,-,3615,0,0.013197700
pgvector,1,insert_emb,-,3615,0,0.004686300
pgvector,1,generar_emb,-,3616,0,0.012517500
pgvector,1,insert_emb,-,3616,0,0.004120300
pgvector,1,generar_emb,-,3617,0,0.014370400
pgvector,1,insert_emb,-,3617,0,0.004639800
pgvector,1,generar_emb,-,3618,0,0.012090300
pgvector,1,insert_emb,-,3618,0,0.004070900
pgvector,1,generar_emb,-,3619,0,0.012940400
pgvector,1,insert_emb,-,3619,0,0.004259300
pgvector,1,generar_emb,-,3620,0,0.011201700
pgvector,1,insert_emb,-,3620,0,0.004221800
pgvector,1,generar_emb,-,3621,0,0.016324400
pgvector,1,insert_emb,-,3621,0,0.004181000
pgvector,1,generar_emb,-,3622,0,0.013249100
pgvector,1,insert_emb,-,3622,0,0.004408900
pgvector,1,generar_emb,-,3623,0,0.012244900
pgvector,1,insert_emb,-,3623,0,0.004431300
pgvector,1,generar_emb,-,3624,0,0.014106500
pgvector,1,insert_emb,-,3624,0,0.004355100
pgvector,1,generar_emb,-,3625,0,0.011503800
pgvector,1,insert_emb,-,3625,0,0.004563500
pgvector,1,generar_emb,-,3626,0,0.012448000
pgvector,1,insert_emb,-,3626,0,0.004657800
pgvector,1,generar_emb,-,3627,0,0.013007700
pgvector,1,insert_emb,-,3627,0,0.004342000
pgvector,1,generar_emb,-,3628,0,0.011627000
pgvector,1,insert_emb,-,3628,0,0.004261800
pgvector,1,generar_emb,-,3629,0,0.011570500
pgvector,1,insert_emb,-,3629,0,0.004189400
pgvector,1,generar_emb,-,3630,0,0.011264700
pgvector,1,insert_emb,-,3630,0,0.004268100
pgvector,1,generar_emb,-,3631,0,0.011939400
pgvector,1,insert_emb,-,3631,0,0.004240700
pgvector,1,generar_emb,-,3632,0,0.011696600
pgvector,1,insert_emb,-,3632,0,0.004309700
pgvector,1,generar_emb,-,3633,0,0.010940100
pgvector,1,insert_emb,-,3633,0,0.004244200
pgvector,1,generar_emb,-,3634,0,0.012503300
pgvector,1,insert_emb,-,3634,0,0.004542700
pgvector,1,generar_emb,-,3635,0,0.013393100
pgvector,1,insert_emb,-,3635,0,0.004621900
pgvector,1,generar_emb,-,3636,0,0.012761800
pgvector,1,insert_emb,-,3636,0,0.004291000
pgvector,1,generar_emb,-,3637,0,0.013725600
pgvector,1,insert_emb,-,3637,0,0.004276600
pgvector,1,generar_emb,-,3638,0,0.013482400
pgvector,1,insert_emb,-,3638,0,0.004236400
pgvector,1,generar_emb,-,3639,0,0.012342900
pgvector,1,insert_emb,-,3639,0,0.004174000
pgvector,1,generar_emb,-,3640,0,0.011642000
pgvector,1,insert_emb,-,3640,0,0.004252900
pgvector,1,generar_emb,-,3641,0,0.012251800
pgvector,1,insert_emb,-,3641,0,0.004550500
pgvector,1,generar_emb,-,3642,0,0.014437300
pgvector,1,insert_emb,-,3642,0,0.004424400
pgvector,1,generar_emb,-,3643,0,0.013801800
pgvector,1,insert_emb,-,3643,0,0.004770200
pgvector,1,generar_emb,-,3644,0,0.013914900
pgvector,1,insert_emb,-,3644,0,0.004699200
pgvector,1,generar_emb,-,3645,0,0.011527400
pgvector,1,insert_emb,-,3645,0,0.004724700
pgvector,1,generar_emb,-,3646,0,0.012185500
pgvector,1,insert_emb,-,3646,0,0.004800100
pgvector,1,generar_emb,-,3647,0,0.011679100
pgvector,1,insert_emb,-,3647,0,0.004529600
pgvector,1,generar_emb,-,3648,0,0.011184800
pgvector,1,insert_emb,-,3648,0,0.004673600
pgvector,1,generar_emb,-,3649,0,0.010723600
pgvector,1,insert_emb,-,3649,0,0.004434500
pgvector,1,generar_emb,-,3650,0,0.013956100
pgvector,1,insert_emb,-,3650,0,0.004355500
pgvector,1,generar_emb,-,3651,0,0.012413500
pgvector,1,insert_emb,-,3651,0,0.004326000
pgvector,1,generar_emb,-,3652,0,0.014950200
pgvector,1,insert_emb,-,3652,0,0.004223500
pgvector,1,generar_emb,-,3653,0,0.012148500
pgvector,1,insert_emb,-,3653,0,0.004477800
pgvector,1,generar_emb,-,3654,0,0.012386500
pgvector,1,insert_emb,-,3654,0,0.004163700
pgvector,1,generar_emb,-,3655,0,0.011538700
pgvector,1,insert_emb,-,3655,0,0.004487000
pgvector,1,generar_emb,-,3656,0,0.010555900
pgvector,1,insert_emb,-,3656,0,0.004197500
pgvector,1,generar_emb,-,3657,0,0.012003000
pgvector,1,insert_emb,-,3657,0,0.004236000
pgvector,1,generar_emb,-,3658,0,0.011307500
pgvector,1,insert_emb,-,3658,0,0.004656200
pgvector,1,generar_emb,-,3659,0,0.011444400
pgvector,1,insert_emb,-,3659,0,0.004718900
pgvector,1,generar_emb,-,3660,0,0.011917900
pgvector,1,insert_emb,-,3660,0,0.004929300
pgvector,1,generar_emb,-,3661,0,0.010374300
pgvector,1,insert_emb,-,3661,0,0.004642200
pgvector,1,generar_emb,-,3662,0,0.015333600
pgvector,1,insert_emb,-,3662,0,0.005074300
pgvector,1,generar_emb,-,3663,0,0.014258200
pgvector,1,insert_emb,-,3663,0,0.004849200
pgvector,1,generar_emb,-,3664,0,0.011884300
pgvector,1,insert_emb,-,3664,0,0.004832500
pgvector,1,generar_emb,-,3665,0,0.013912300
pgvector,1,insert_emb,-,3665,0,0.005102700
pgvector,1,generar_emb,-,3666,0,0.014466900
pgvector,1,insert_emb,-,3666,0,0.004703300
pgvector,1,generar_emb,-,3667,0,0.013864000
pgvector,1,insert_emb,-,3667,0,0.004740500
pgvector,1,generar_emb,-,3668,0,0.014134400
pgvector,1,insert_emb,-,3668,0,0.004618300
pgvector,1,generar_emb,-,3669,0,0.013449400
pgvector,1,insert_emb,-,3669,0,0.005052300
pgvector,1,generar_emb,-,3670,0,0.017236100
pgvector,1,insert_emb,-,3670,0,0.004984800
pgvector,1,generar_emb,-,3671,0,0.013604000
pgvector,1,insert_emb,-,3671,0,0.004768000
pgvector,1,generar_emb,-,3672,0,0.013680200
pgvector,1,insert_emb,-,3672,0,0.004362600
pgvector,1,generar_emb,-,3673,0,0.013929800
pgvector,1,insert_emb,-,3673,0,0.004434100
pgvector,1,generar_emb,-,3674,0,0.013257800
pgvector,1,insert_emb,-,3674,0,0.004584800
pgvector,1,generar_emb,-,3675,0,0.016313500
pgvector,1,insert_emb,-,3675,0,0.004685100
pgvector,1,generar_emb,-,3676,0,0.016759800
pgvector,1,insert_emb,-,3676,0,0.004434400
pgvector,1,generar_emb,-,3677,0,0.015156900
pgvector,1,insert_emb,-,3677,0,0.004615100
pgvector,1,generar_emb,-,3678,0,0.016624600
pgvector,1,insert_emb,-,3678,0,0.004786900
pgvector,1,generar_emb,-,3679,0,0.014290800
pgvector,1,insert_emb,-,3679,0,0.004377900
pgvector,1,generar_emb,-,3680,0,0.014861100
pgvector,1,insert_emb,-,3680,0,0.005066200
pgvector,1,generar_emb,-,3681,0,0.014002100
pgvector,1,insert_emb,-,3681,0,0.004405500
pgvector,1,generar_emb,-,3682,0,0.015443100
pgvector,1,insert_emb,-,3682,0,0.004454500
pgvector,1,generar_emb,-,3683,0,0.014199000
pgvector,1,insert_emb,-,3683,0,0.004536600
pgvector,1,generar_emb,-,3684,0,0.014746200
pgvector,1,insert_emb,-,3684,0,0.004579100
pgvector,1,generar_emb,-,3685,0,0.015505300
pgvector,1,insert_emb,-,3685,0,0.004471700
pgvector,1,generar_emb,-,3686,0,0.013503400
pgvector,1,insert_emb,-,3686,0,0.004688900
pgvector,1,generar_emb,-,3687,0,0.018335700
pgvector,1,insert_emb,-,3687,0,0.004627300
pgvector,1,generar_emb,-,3688,0,0.015040900
pgvector,1,insert_emb,-,3688,0,0.005019600
pgvector,1,generar_emb,-,3689,0,0.014212000
pgvector,1,insert_emb,-,3689,0,0.004714200
pgvector,1,generar_emb,-,3690,0,0.015986200
pgvector,1,insert_emb,-,3690,0,0.004804300
pgvector,1,generar_emb,-,3691,0,0.012598800
pgvector,1,insert_emb,-,3691,0,0.004322400
pgvector,1,generar_emb,-,3692,0,0.012042300
pgvector,1,insert_emb,-,3692,0,0.004286600
pgvector,1,generar_emb,-,3693,0,0.014086100
pgvector,1,insert_emb,-,3693,0,0.004184100
pgvector,1,generar_emb,-,3694,0,0.012032900
pgvector,1,insert_emb,-,3694,0,0.004169600
pgvector,1,generar_emb,-,3695,0,0.014143500
pgvector,1,insert_emb,-,3695,0,0.004214000
pgvector,1,generar_emb,-,3696,0,0.012540500
pgvector,1,insert_emb,-,3696,0,0.004237100
pgvector,1,generar_emb,-,3697,0,0.012039200
pgvector,1,insert_emb,-,3697,0,0.004356600
pgvector,1,generar_emb,-,3698,0,0.012485700
pgvector,1,insert_emb,-,3698,0,0.004276300
pgvector,1,generar_emb,-,3699,0,0.012772100
pgvector,1,insert_emb,-,3699,0,0.004174000
pgvector,1,generar_emb,-,3700,0,0.015749300
pgvector,1,insert_emb,-,3700,0,0.004485100
pgvector,1,generar_emb,-,3701,0,0.015180100
pgvector,1,insert_emb,-,3701,0,0.004542000
pgvector,1,generar_emb,-,3702,0,0.016593200
pgvector,1,insert_emb,-,3702,0,0.004472800
pgvector,1,generar_emb,-,3703,0,0.012642800
pgvector,1,insert_emb,-,3703,0,0.004445800
pgvector,1,generar_emb,-,3704,0,0.016938400
pgvector,1,insert_emb,-,3704,0,0.004887800
pgvector,1,generar_emb,-,3705,0,0.011669300
pgvector,1,insert_emb,-,3705,0,0.004584700
pgvector,1,generar_emb,-,3706,0,0.012291600
pgvector,1,insert_emb,-,3706,0,0.004045800
pgvector,1,generar_emb,-,3707,0,0.011686800
pgvector,1,insert_emb,-,3707,0,0.004170600
pgvector,1,generar_emb,-,3708,0,0.012112000
pgvector,1,insert_emb,-,3708,0,0.004132400
pgvector,1,generar_emb,-,3709,0,0.012641900
pgvector,1,insert_emb,-,3709,0,0.004392000
pgvector,1,generar_emb,-,3710,0,0.011621500
pgvector,1,insert_emb,-,3710,0,0.004375400
pgvector,1,generar_emb,-,3711,0,0.012869200
pgvector,1,insert_emb,-,3711,0,0.004246300
pgvector,1,generar_emb,-,3712,0,0.012867400
pgvector,1,insert_emb,-,3712,0,0.004228800
pgvector,1,generar_emb,-,3713,0,0.017658600
pgvector,1,insert_emb,-,3713,0,0.004379600
pgvector,1,generar_emb,-,3714,0,0.013658500
pgvector,1,insert_emb,-,3714,0,0.004599600
pgvector,1,generar_emb,-,3715,0,0.013061900
pgvector,1,insert_emb,-,3715,0,0.004549700
pgvector,1,generar_emb,-,3716,0,0.013331200
pgvector,1,insert_emb,-,3716,0,0.004312200
pgvector,1,generar_emb,-,3717,0,0.015332800
pgvector,1,insert_emb,-,3717,0,0.004491000
pgvector,1,generar_emb,-,3718,0,0.012182300
pgvector,1,insert_emb,-,3718,0,0.004277500
pgvector,1,generar_emb,-,3719,0,0.012261300
pgvector,1,insert_emb,-,3719,0,0.004265700
pgvector,1,generar_emb,-,3720,0,0.012331600
pgvector,1,insert_emb,-,3720,0,0.004322400
pgvector,1,generar_emb,-,3721,0,0.012921000
pgvector,1,insert_emb,-,3721,0,0.004352300
pgvector,1,generar_emb,-,3722,0,0.014637200
pgvector,1,insert_emb,-,3722,0,0.004269900
pgvector,1,generar_emb,-,3723,0,0.013547400
pgvector,1,insert_emb,-,3723,0,0.004386900
pgvector,1,generar_emb,-,3724,0,0.015722600
pgvector,1,insert_emb,-,3724,0,0.004555600
pgvector,1,generar_emb,-,3725,0,0.012698600
pgvector,1,insert_emb,-,3725,0,0.004417000
pgvector,1,generar_emb,-,3726,0,0.010954200
pgvector,1,insert_emb,-,3726,0,0.004457900
pgvector,1,generar_emb,-,3727,0,0.011450700
pgvector,1,insert_emb,-,3727,0,0.004286200
pgvector,1,generar_emb,-,3728,0,0.010994000
pgvector,1,insert_emb,-,3728,0,0.004294700
pgvector,1,generar_emb,-,3729,0,0.011059400
pgvector,1,insert_emb,-,3729,0,0.004157400
pgvector,1,generar_emb,-,3730,0,0.012991700
pgvector,1,insert_emb,-,3730,0,0.004347200
pgvector,1,generar_emb,-,3731,0,0.011669800
pgvector,1,insert_emb,-,3731,0,0.004191400
pgvector,1,generar_emb,-,3732,0,0.012262100
pgvector,1,insert_emb,-,3732,0,0.004237800
pgvector,1,generar_emb,-,3733,0,0.012221400
pgvector,1,insert_emb,-,3733,0,0.004303300
pgvector,1,generar_emb,-,3734,0,0.010969400
pgvector,1,insert_emb,-,3734,0,0.004244400
pgvector,1,generar_emb,-,3735,0,0.011996900
pgvector,1,insert_emb,-,3735,0,0.004253800
pgvector,1,generar_emb,-,3736,0,0.011079000
pgvector,1,insert_emb,-,3736,0,0.004266000
pgvector,1,generar_emb,-,3737,0,0.011283400
pgvector,1,insert_emb,-,3737,0,0.004273500
pgvector,1,generar_emb,-,3738,0,0.011343300
pgvector,1,insert_emb,-,3738,0,0.004384400
pgvector,1,generar_emb,-,3739,0,0.012440100
pgvector,1,insert_emb,-,3739,0,0.004339600
pgvector,1,generar_emb,-,3740,0,0.012312100
pgvector,1,insert_emb,-,3740,0,0.004257500
pgvector,1,generar_emb,-,3741,0,0.014264200
pgvector,1,insert_emb,-,3741,0,0.004298800
pgvector,1,generar_emb,-,3742,0,0.011477100
pgvector,1,insert_emb,-,3742,0,0.004183300
pgvector,1,generar_emb,-,3743,0,0.011701300
pgvector,1,insert_emb,-,3743,0,0.004264600
pgvector,1,generar_emb,-,3744,0,0.012880300
pgvector,1,insert_emb,-,3744,0,0.004044500
pgvector,1,generar_emb,-,3745,0,0.012186400
pgvector,1,insert_emb,-,3745,0,0.004237000
pgvector,1,generar_emb,-,3746,0,0.012274600
pgvector,1,insert_emb,-,3746,0,0.004209900
pgvector,1,generar_emb,-,3747,0,0.011199800
pgvector,1,insert_emb,-,3747,0,0.004253200
pgvector,1,generar_emb,-,3748,0,0.012175900
pgvector,1,insert_emb,-,3748,0,0.004288100
pgvector,1,generar_emb,-,3749,0,0.011328800
pgvector,1,insert_emb,-,3749,0,0.004235600
pgvector,1,generar_emb,-,3750,0,0.012008100
pgvector,1,insert_emb,-,3750,0,0.004365800
pgvector,1,generar_emb,-,3751,0,0.011123000
pgvector,1,insert_emb,-,3751,0,0.004251300
pgvector,1,generar_emb,-,3752,0,0.014291000
pgvector,1,insert_emb,-,3752,0,0.004226700
pgvector,1,generar_emb,-,3753,0,0.012101000
pgvector,1,insert_emb,-,3753,0,0.004803200
pgvector,1,generar_emb,-,3754,0,0.013586000
pgvector,1,insert_emb,-,3754,0,0.004433600
pgvector,1,generar_emb,-,3755,0,0.015020000
pgvector,1,insert_emb,-,3755,0,0.004880600
pgvector,1,generar_emb,-,3756,0,0.011749600
pgvector,1,insert_emb,-,3756,0,0.004845400
pgvector,1,generar_emb,-,3757,0,0.013717200
pgvector,1,insert_emb,-,3757,0,0.004515700
pgvector,1,generar_emb,-,3758,0,0.014324400
pgvector,1,insert_emb,-,3758,0,0.004523200
pgvector,1,generar_emb,-,3759,0,0.013064300
pgvector,1,insert_emb,-,3759,0,0.004292600
pgvector,1,generar_emb,-,3760,0,0.012965100
pgvector,1,insert_emb,-,3760,0,0.004288800
pgvector,1,generar_emb,-,3761,0,0.015218900
pgvector,1,insert_emb,-,3761,0,0.004260900
pgvector,1,generar_emb,-,3762,0,0.012997100
pgvector,1,insert_emb,-,3762,0,0.004251600
pgvector,1,generar_emb,-,3763,0,0.013456800
pgvector,1,insert_emb,-,3763,0,0.004510000
pgvector,1,generar_emb,-,3764,0,0.012903100
pgvector,1,insert_emb,-,3764,0,0.004253700
pgvector,1,generar_emb,-,3765,0,0.014489100
pgvector,1,insert_emb,-,3765,0,0.004502600
pgvector,1,generar_emb,-,3766,0,0.014380800
pgvector,1,insert_emb,-,3766,0,0.004635500
pgvector,1,generar_emb,-,3767,0,0.013245000
pgvector,1,insert_emb,-,3767,0,0.004288400
pgvector,1,generar_emb,-,3768,0,0.012247800
pgvector,1,insert_emb,-,3768,0,0.004143900
pgvector,1,generar_emb,-,3769,0,0.013022100
pgvector,1,insert_emb,-,3769,0,0.004256500
pgvector,1,generar_emb,-,3770,0,0.012333900
pgvector,1,insert_emb,-,3770,0,0.004353100
pgvector,1,generar_emb,-,3771,0,0.013678700
pgvector,1,insert_emb,-,3771,0,0.004217700
pgvector,1,generar_emb,-,3772,0,0.011498600
pgvector,1,insert_emb,-,3772,0,0.004210200
pgvector,1,generar_emb,-,3773,0,0.013262300
pgvector,1,insert_emb,-,3773,0,0.004359300
pgvector,1,generar_emb,-,3774,0,0.011572800
pgvector,1,insert_emb,-,3774,0,0.004420500
pgvector,1,generar_emb,-,3775,0,0.012012700
pgvector,1,insert_emb,-,3775,0,0.004418500
pgvector,1,generar_emb,-,3776,0,0.012490200
pgvector,1,insert_emb,-,3776,0,0.004252100
pgvector,1,generar_emb,-,3777,0,0.013030600
pgvector,1,insert_emb,-,3777,0,0.004428400
pgvector,1,generar_emb,-,3778,0,0.014294600
pgvector,1,insert_emb,-,3778,0,0.004701800
pgvector,1,generar_emb,-,3779,0,0.013472100
pgvector,1,insert_emb,-,3779,0,0.004292500
pgvector,1,generar_emb,-,3780,0,0.012338000
pgvector,1,insert_emb,-,3780,0,0.004301800
pgvector,1,generar_emb,-,3781,0,0.012419600
pgvector,1,insert_emb,-,3781,0,0.003974600
pgvector,1,generar_emb,-,3782,0,0.013111500
pgvector,1,insert_emb,-,3782,0,0.003890500
pgvector,1,generar_emb,-,3783,0,0.012450100
pgvector,1,insert_emb,-,3783,0,0.004220400
pgvector,1,generar_emb,-,3784,0,0.012904500
pgvector,1,insert_emb,-,3784,0,0.004217700
pgvector,1,generar_emb,-,3785,0,0.013022900
pgvector,1,insert_emb,-,3785,0,0.004157000
pgvector,1,generar_emb,-,3786,0,0.012889000
pgvector,1,insert_emb,-,3786,0,0.004115400
pgvector,1,generar_emb,-,3787,0,0.012575200
pgvector,1,insert_emb,-,3787,0,0.004120000
pgvector,1,generar_emb,-,3788,0,0.013872400
pgvector,1,insert_emb,-,3788,0,0.004245600
pgvector,1,generar_emb,-,3789,0,0.012603900
pgvector,1,insert_emb,-,3789,0,0.004294800
pgvector,1,generar_emb,-,3790,0,0.012878000
pgvector,1,insert_emb,-,3790,0,0.004152300
pgvector,1,generar_emb,-,3791,0,0.011214400
pgvector,1,insert_emb,-,3791,0,0.004104000
pgvector,1,generar_emb,-,3792,0,0.013520300
pgvector,1,insert_emb,-,3792,0,0.004317200
pgvector,1,generar_emb,-,3793,0,0.013422400
pgvector,1,insert_emb,-,3793,0,0.004299500
pgvector,1,generar_emb,-,3794,0,0.010890900
pgvector,1,insert_emb,-,3794,0,0.004025900
pgvector,1,generar_emb,-,3795,0,0.014964800
pgvector,1,insert_emb,-,3795,0,0.004933300
pgvector,1,generar_emb,-,3796,0,0.013001500
pgvector,1,insert_emb,-,3796,0,0.004382100
pgvector,1,generar_emb,-,3797,0,0.011596700
pgvector,1,insert_emb,-,3797,0,0.004196000
pgvector,1,generar_emb,-,3798,0,0.011676100
pgvector,1,insert_emb,-,3798,0,0.004243900
pgvector,1,generar_emb,-,3799,0,0.012319300
pgvector,1,insert_emb,-,3799,0,0.004847300
pgvector,1,generar_emb,-,3800,0,0.016641000
pgvector,1,insert_emb,-,3800,0,0.005240200
pgvector,1,generar_emb,-,3801,0,0.016078600
pgvector,1,insert_emb,-,3801,0,0.004326800
pgvector,1,generar_emb,-,3802,0,0.018468000
pgvector,1,insert_emb,-,3802,0,0.004738900
pgvector,1,generar_emb,-,3803,0,0.024633800
pgvector,1,insert_emb,-,3803,0,0.006012500
pgvector,1,generar_emb,-,3804,0,0.023405700
pgvector,1,insert_emb,-,3804,0,0.005981400
pgvector,1,generar_emb,-,3805,0,0.022731900
pgvector,1,insert_emb,-,3805,0,0.005729200
pgvector,1,generar_emb,-,3806,0,0.023349700
pgvector,1,insert_emb,-,3806,0,0.004576000
pgvector,1,generar_emb,-,3807,0,0.015313400
pgvector,1,insert_emb,-,3807,0,0.005020900
pgvector,1,generar_emb,-,3808,0,0.012392300
pgvector,1,insert_emb,-,3808,0,0.004500600
pgvector,1,generar_emb,-,3809,0,0.012049200
pgvector,1,insert_emb,-,3809,0,0.004470400
pgvector,1,generar_emb,-,3810,0,0.011802100
pgvector,1,insert_emb,-,3810,0,0.004298300
pgvector,1,generar_emb,-,3811,0,0.014813400
pgvector,1,insert_emb,-,3811,0,0.004891000
pgvector,1,generar_emb,-,3812,0,0.013211300
pgvector,1,insert_emb,-,3812,0,0.004470500
pgvector,1,generar_emb,-,3813,0,0.012824700
pgvector,1,insert_emb,-,3813,0,0.004492000
pgvector,1,generar_emb,-,3814,0,0.014440900
pgvector,1,insert_emb,-,3814,0,0.004552200
pgvector,1,generar_emb,-,3815,0,0.013806200
pgvector,1,insert_emb,-,3815,0,0.004811900
pgvector,1,generar_emb,-,3816,0,0.012519300
pgvector,1,insert_emb,-,3816,0,0.004324200
pgvector,1,generar_emb,-,3817,0,0.015133700
pgvector,1,insert_emb,-,3817,0,0.004580600
pgvector,1,generar_emb,-,3818,0,0.016598800
pgvector,1,insert_emb,-,3818,0,0.004362500
pgvector,1,generar_emb,-,3819,0,0.010699100
pgvector,1,insert_emb,-,3819,0,0.004229000
pgvector,1,generar_emb,-,3820,0,0.012113400
pgvector,1,insert_emb,-,3820,0,0.004581900
pgvector,1,generar_emb,-,3821,0,0.011679600
pgvector,1,insert_emb,-,3821,0,0.004474600
pgvector,1,generar_emb,-,3822,0,0.011094900
pgvector,1,insert_emb,-,3822,0,0.004381300
pgvector,1,generar_emb,-,3823,0,0.011210200
pgvector,1,insert_emb,-,3823,0,0.004396800
pgvector,1,generar_emb,-,3824,0,0.013055400
pgvector,1,insert_emb,-,3824,0,0.004600900
pgvector,1,generar_emb,-,3825,0,0.013912500
pgvector,1,insert_emb,-,3825,0,0.004419800
pgvector,1,generar_emb,-,3826,0,0.014526400
pgvector,1,insert_emb,-,3826,0,0.004418700
pgvector,1,generar_emb,-,3827,0,0.014537300
pgvector,1,insert_emb,-,3827,0,0.004380000
pgvector,1,generar_emb,-,3828,0,0.013666100
pgvector,1,insert_emb,-,3828,0,0.004482500
pgvector,1,generar_emb,-,3829,0,0.012519900
pgvector,1,insert_emb,-,3829,0,0.004348500
pgvector,1,generar_emb,-,3830,0,0.010942100
pgvector,1,insert_emb,-,3830,0,0.004487500
pgvector,1,generar_emb,-,3831,0,0.016100900
pgvector,1,insert_emb,-,3831,0,0.004432100
pgvector,1,generar_emb,-,3832,0,0.011991300
pgvector,1,insert_emb,-,3832,0,0.004355800
pgvector,1,generar_emb,-,3833,0,0.013432300
pgvector,1,insert_emb,-,3833,0,0.004217300
pgvector,1,generar_emb,-,3834,0,0.011649900
pgvector,1,insert_emb,-,3834,0,0.004144200
pgvector,1,generar_emb,-,3835,0,0.013494700
pgvector,1,insert_emb,-,3835,0,0.004866700
pgvector,1,generar_emb,-,3836,0,0.012380500
pgvector,1,insert_emb,-,3836,0,0.004250400
pgvector,1,generar_emb,-,3837,0,0.012118700
pgvector,1,insert_emb,-,3837,0,0.004025400
pgvector,1,generar_emb,-,3838,0,0.011694200
pgvector,1,insert_emb,-,3838,0,0.004643900
pgvector,1,generar_emb,-,3839,0,0.014297100
pgvector,1,insert_emb,-,3839,0,0.004655700
pgvector,1,generar_emb,-,3840,0,0.013504400
pgvector,1,insert_emb,-,3840,0,0.004350300
pgvector,1,generar_emb,-,3841,0,0.011659000
pgvector,1,insert_emb,-,3841,0,0.004318900
pgvector,1,generar_emb,-,3842,0,0.012682400
pgvector,1,insert_emb,-,3842,0,0.004614900
pgvector,1,generar_emb,-,3843,0,0.014191000
pgvector,1,insert_emb,-,3843,0,0.004244000
pgvector,1,generar_emb,-,3844,0,0.012572900
pgvector,1,insert_emb,-,3844,0,0.004402900
pgvector,1,generar_emb,-,3845,0,0.015131300
pgvector,1,insert_emb,-,3845,0,0.004627300
pgvector,1,generar_emb,-,3846,0,0.016534100
pgvector,1,insert_emb,-,3846,0,0.004937900
pgvector,1,generar_emb,-,3847,0,0.013857700
pgvector,1,insert_emb,-,3847,0,0.004678700
pgvector,1,generar_emb,-,3848,0,0.014709400
pgvector,1,insert_emb,-,3848,0,0.005296900
pgvector,1,generar_emb,-,3849,0,0.012453100
pgvector,1,insert_emb,-,3849,0,0.004779500
pgvector,1,generar_emb,-,3850,0,0.012458500
pgvector,1,insert_emb,-,3850,0,0.004605700
pgvector,1,generar_emb,-,3851,0,0.012288600
pgvector,1,insert_emb,-,3851,0,0.004766600
pgvector,1,generar_emb,-,3852,0,0.011926000
pgvector,1,insert_emb,-,3852,0,0.004697400
pgvector,1,generar_emb,-,3853,0,0.012747100
pgvector,1,insert_emb,-,3853,0,0.004519100
pgvector,1,generar_emb,-,3854,0,0.012790300
pgvector,1,insert_emb,-,3854,0,0.004176000
pgvector,1,generar_emb,-,3855,0,0.012888300
pgvector,1,insert_emb,-,3855,0,0.004481300
pgvector,1,generar_emb,-,3856,0,0.013145800
pgvector,1,insert_emb,-,3856,0,0.004678500
pgvector,1,generar_emb,-,3857,0,0.014495600
pgvector,1,insert_emb,-,3857,0,0.004561100
pgvector,1,generar_emb,-,3858,0,0.012802600
pgvector,1,insert_emb,-,3858,0,0.004730300
pgvector,1,generar_emb,-,3859,0,0.013919400
pgvector,1,insert_emb,-,3859,0,0.004879700
pgvector,1,generar_emb,-,3860,0,0.011236000
pgvector,1,insert_emb,-,3860,0,0.004446800
pgvector,1,generar_emb,-,3861,0,0.011410500
pgvector,1,insert_emb,-,3861,0,0.004229800
pgvector,1,generar_emb,-,3862,0,0.012363900
pgvector,1,insert_emb,-,3862,0,0.004339700
pgvector,1,generar_emb,-,3863,0,0.019011800
pgvector,1,insert_emb,-,3863,0,0.005663500
pgvector,1,generar_emb,-,3864,0,0.017310400
pgvector,1,insert_emb,-,3864,0,0.004726400
pgvector,1,generar_emb,-,3865,0,0.012422500
pgvector,1,insert_emb,-,3865,0,0.004616100
pgvector,1,generar_emb,-,3866,0,0.012389900
pgvector,1,insert_emb,-,3866,0,0.004724000
pgvector,1,generar_emb,-,3867,0,0.012706600
pgvector,1,insert_emb,-,3867,0,0.004845000
pgvector,1,generar_emb,-,3868,0,0.015289200
pgvector,1,insert_emb,-,3868,0,0.004310600
pgvector,1,generar_emb,-,3869,0,0.011155600
pgvector,1,insert_emb,-,3869,0,0.004513000
pgvector,1,generar_emb,-,3870,0,0.012363100
pgvector,1,insert_emb,-,3870,0,0.003991100
pgvector,1,generar_emb,-,3871,0,0.010966800
pgvector,1,insert_emb,-,3871,0,0.004149100
pgvector,1,generar_emb,-,3872,0,0.014079100
pgvector,1,insert_emb,-,3872,0,0.004366500
pgvector,1,generar_emb,-,3873,0,0.012334200
pgvector,1,insert_emb,-,3873,0,0.004257600
pgvector,1,generar_emb,-,3874,0,0.013576200
pgvector,1,insert_emb,-,3874,0,0.004279800
pgvector,1,generar_emb,-,3875,0,0.014150200
pgvector,1,insert_emb,-,3875,0,0.004962500
pgvector,1,generar_emb,-,3876,0,0.011435000
pgvector,1,insert_emb,-,3876,0,0.004546700
pgvector,1,generar_emb,-,3877,0,0.013429800
pgvector,1,insert_emb,-,3877,0,0.004433700
pgvector,1,generar_emb,-,3878,0,0.013825100
pgvector,1,insert_emb,-,3878,0,0.004303900
pgvector,1,generar_emb,-,3879,0,0.012191700
pgvector,1,insert_emb,-,3879,0,0.004105600
pgvector,1,generar_emb,-,3880,0,0.012644200
pgvector,1,insert_emb,-,3880,0,0.004242400
pgvector,1,generar_emb,-,3881,0,0.011208300
pgvector,1,insert_emb,-,3881,0,0.004454700
pgvector,1,generar_emb,-,3882,0,0.011484900
pgvector,1,insert_emb,-,3882,0,0.004509400
pgvector,1,generar_emb,-,3883,0,0.013756300
pgvector,1,insert_emb,-,3883,0,0.004359100
pgvector,1,generar_emb,-,3884,0,0.012517800
pgvector,1,insert_emb,-,3884,0,0.004217900
pgvector,1,generar_emb,-,3885,0,0.013818500
pgvector,1,insert_emb,-,3885,0,0.004367700
pgvector,1,generar_emb,-,3886,0,0.013192500
pgvector,1,insert_emb,-,3886,0,0.004265000
pgvector,1,generar_emb,-,3887,0,0.012427200
pgvector,1,insert_emb,-,3887,0,0.004613600
pgvector,1,generar_emb,-,3888,0,0.012508300
pgvector,1,insert_emb,-,3888,0,0.004434100
pgvector,1,generar_emb,-,3889,0,0.015275700
pgvector,1,insert_emb,-,3889,0,0.004478900
pgvector,1,generar_emb,-,3890,0,0.015200400
pgvector,1,insert_emb,-,3890,0,0.004507900
pgvector,1,generar_emb,-,3891,0,0.014092900
pgvector,1,insert_emb,-,3891,0,0.004596400
pgvector,1,generar_emb,-,3892,0,0.012034300
pgvector,1,insert_emb,-,3892,0,0.004497200
pgvector,1,generar_emb,-,3893,0,0.012453000
pgvector,1,insert_emb,-,3893,0,0.004294900
pgvector,1,generar_emb,-,3894,0,0.011372300
pgvector,1,insert_emb,-,3894,0,0.004349800
pgvector,1,generar_emb,-,3895,0,0.011501200
pgvector,1,insert_emb,-,3895,0,0.004325700
pgvector,1,generar_emb,-,3896,0,0.012248600
pgvector,1,insert_emb,-,3896,0,0.004305700
pgvector,1,generar_emb,-,3897,0,0.014144900
pgvector,1,insert_emb,-,3897,0,0.004292800
pgvector,1,generar_emb,-,3898,0,0.012782900
pgvector,1,insert_emb,-,3898,0,0.004444400
pgvector,1,generar_emb,-,3899,0,0.015330700
pgvector,1,insert_emb,-,3899,0,0.004649500
pgvector,1,generar_emb,-,3900,0,0.017543200
pgvector,1,insert_emb,-,3900,0,0.004567500
pgvector,1,generar_emb,-,3901,0,0.012469000
pgvector,1,insert_emb,-,3901,0,0.004335500
pgvector,1,generar_emb,-,3902,0,0.011100700
pgvector,1,insert_emb,-,3902,0,0.004351500
pgvector,1,generar_emb,-,3903,0,0.011709100
pgvector,1,insert_emb,-,3903,0,0.004467600
pgvector,1,generar_emb,-,3904,0,0.011328100
pgvector,1,insert_emb,-,3904,0,0.004485300
pgvector,1,generar_emb,-,3905,0,0.011597200
pgvector,1,insert_emb,-,3905,0,0.004582800
pgvector,1,generar_emb,-,3906,0,0.012580800
pgvector,1,insert_emb,-,3906,0,0.004411400
pgvector,1,generar_emb,-,3907,0,0.011642600
pgvector,1,insert_emb,-,3907,0,0.004265100
pgvector,1,generar_emb,-,3908,0,0.013090000
pgvector,1,insert_emb,-,3908,0,0.004503000
pgvector,1,generar_emb,-,3909,0,0.012545400
pgvector,1,insert_emb,-,3909,0,0.004627700
pgvector,1,generar_emb,-,3910,0,0.013583600
pgvector,1,insert_emb,-,3910,0,0.004394000
pgvector,1,generar_emb,-,3911,0,0.010831700
pgvector,1,insert_emb,-,3911,0,0.004115700
pgvector,1,generar_emb,-,3912,0,0.014367400
pgvector,1,insert_emb,-,3912,0,0.004124400
pgvector,1,generar_emb,-,3913,0,0.012483200
pgvector,1,insert_emb,-,3913,0,0.004093000
pgvector,1,generar_emb,-,3914,0,0.015304000
pgvector,1,insert_emb,-,3914,0,0.004394500
pgvector,1,generar_emb,-,3915,0,0.016378600
pgvector,1,insert_emb,-,3915,0,0.004639200
pgvector,1,generar_emb,-,3916,0,0.014514900
pgvector,1,insert_emb,-,3916,0,0.004319200
pgvector,1,generar_emb,-,3917,0,0.012331300
pgvector,1,insert_emb,-,3917,0,0.004379000
pgvector,1,generar_emb,-,3918,0,0.016563000
pgvector,1,insert_emb,-,3918,0,0.004547600
pgvector,1,generar_emb,-,3919,0,0.016456500
pgvector,1,insert_emb,-,3919,0,0.004231200
pgvector,1,generar_emb,-,3920,0,0.016082300
pgvector,1,insert_emb,-,3920,0,0.004719600
pgvector,1,generar_emb,-,3921,0,0.013656900
pgvector,1,insert_emb,-,3921,0,0.004414500
pgvector,1,generar_emb,-,3922,0,0.012543800
pgvector,1,insert_emb,-,3922,0,0.004288300
pgvector,1,generar_emb,-,3923,0,0.014414400
pgvector,1,insert_emb,-,3923,0,0.004356100
pgvector,1,generar_emb,-,3924,0,0.015836500
pgvector,1,insert_emb,-,3924,0,0.004664700
pgvector,1,generar_emb,-,3925,0,0.014487300
pgvector,1,insert_emb,-,3925,0,0.004493500
pgvector,1,generar_emb,-,3926,0,0.012536600
pgvector,1,insert_emb,-,3926,0,0.004399800
pgvector,1,generar_emb,-,3927,0,0.012331000
pgvector,1,insert_emb,-,3927,0,0.004318600
pgvector,1,generar_emb,-,3928,0,0.011375100
pgvector,1,insert_emb,-,3928,0,0.004327100
pgvector,1,generar_emb,-,3929,0,0.014181300
pgvector,1,insert_emb,-,3929,0,0.004480000
pgvector,1,generar_emb,-,3930,0,0.013829700
pgvector,1,insert_emb,-,3930,0,0.004611300
pgvector,1,generar_emb,-,3931,0,0.012261500
pgvector,1,insert_emb,-,3931,0,0.004352700
pgvector,1,generar_emb,-,3932,0,0.013695800
pgvector,1,insert_emb,-,3932,0,0.004358600
pgvector,1,generar_emb,-,3933,0,0.012145200
pgvector,1,insert_emb,-,3933,0,0.004390500
pgvector,1,generar_emb,-,3934,0,0.012674200
pgvector,1,insert_emb,-,3934,0,0.004434000
pgvector,1,generar_emb,-,3935,0,0.010834700
pgvector,1,insert_emb,-,3935,0,0.004270600
pgvector,1,generar_emb,-,3936,0,0.014718100
pgvector,1,insert_emb,-,3936,0,0.004582100
pgvector,1,generar_emb,-,3937,0,0.010252900
pgvector,1,insert_emb,-,3937,0,0.004170300
pgvector,1,generar_emb,-,3938,0,0.010922500
pgvector,1,insert_emb,-,3938,0,0.004662000
pgvector,1,generar_emb,-,3939,0,0.010457100
pgvector,1,insert_emb,-,3939,0,0.004959700
pgvector,1,generar_emb,-,3940,0,0.011786000
pgvector,1,insert_emb,-,3940,0,0.004704800
pgvector,1,generar_emb,-,3941,0,0.012036400
pgvector,1,insert_emb,-,3941,0,0.004723700
pgvector,1,generar_emb,-,3942,0,0.010050600
pgvector,1,insert_emb,-,3942,0,0.004875100
pgvector,1,generar_emb,-,3943,0,0.012702800
pgvector,1,insert_emb,-,3943,0,0.005288800
pgvector,1,generar_emb,-,3944,0,0.014305300
pgvector,1,insert_emb,-,3944,0,0.004657000
pgvector,1,generar_emb,-,3945,0,0.012028800
pgvector,1,insert_emb,-,3945,0,0.004862900
pgvector,1,generar_emb,-,3946,0,0.010587700
pgvector,1,insert_emb,-,3946,0,0.004202600
pgvector,1,generar_emb,-,3947,0,0.011458000
pgvector,1,insert_emb,-,3947,0,0.004239800
pgvector,1,generar_emb,-,3948,0,0.010693500
pgvector,1,insert_emb,-,3948,0,0.004190700
pgvector,1,generar_emb,-,3949,0,0.011391800
pgvector,1,insert_emb,-,3949,0,0.004230600
pgvector,1,generar_emb,-,3950,0,0.012351500
pgvector,1,insert_emb,-,3950,0,0.004657900
pgvector,1,generar_emb,-,3951,0,0.012888300
pgvector,1,insert_emb,-,3951,0,0.004404000
pgvector,1,generar_emb,-,3952,0,0.011503600
pgvector,1,insert_emb,-,3952,0,0.004253200
pgvector,1,generar_emb,-,3953,0,0.014046800
pgvector,1,insert_emb,-,3953,0,0.004116300
pgvector,1,generar_emb,-,3954,0,0.015590400
pgvector,1,insert_emb,-,3954,0,0.004446400
pgvector,1,generar_emb,-,3955,0,0.012456800
pgvector,1,insert_emb,-,3955,0,0.004689500
pgvector,1,generar_emb,-,3956,0,0.013293100
pgvector,1,insert_emb,-,3956,0,0.004326800
pgvector,1,generar_emb,-,3957,0,0.013465800
pgvector,1,insert_emb,-,3957,0,0.004251200
pgvector,1,generar_emb,-,3958,0,0.013136700
pgvector,1,insert_emb,-,3958,0,0.004270600
pgvector,1,generar_emb,-,3959,0,0.011516500
pgvector,1,insert_emb,-,3959,0,0.004169500
pgvector,1,generar_emb,-,3960,0,0.012459800
pgvector,1,insert_emb,-,3960,0,0.004371900
pgvector,1,generar_emb,-,3961,0,0.012390900
pgvector,1,insert_emb,-,3961,0,0.004343600
pgvector,1,generar_emb,-,3962,0,0.012897600
pgvector,1,insert_emb,-,3962,0,0.004314800
pgvector,1,generar_emb,-,3963,0,0.012640600
pgvector,1,insert_emb,-,3963,0,0.004112000
pgvector,1,generar_emb,-,3964,0,0.012946900
pgvector,1,insert_emb,-,3964,0,0.004337500
pgvector,1,generar_emb,-,3965,0,0.011869200
pgvector,1,insert_emb,-,3965,0,0.004203900
pgvector,1,generar_emb,-,3966,0,0.012420800
pgvector,1,insert_emb,-,3966,0,0.004165800
pgvector,1,generar_emb,-,3967,0,0.013273700
pgvector,1,insert_emb,-,3967,0,0.004385800
pgvector,1,generar_emb,-,3968,0,0.011556600
pgvector,1,insert_emb,-,3968,0,0.004226900
pgvector,1,generar_emb,-,3969,0,0.011224100
pgvector,1,insert_emb,-,3969,0,0.004543500
pgvector,1,generar_emb,-,3970,0,0.012354400
pgvector,1,insert_emb,-,3970,0,0.004615300
pgvector,1,generar_emb,-,3971,0,0.010964100
pgvector,1,insert_emb,-,3971,0,0.004417200
pgvector,1,generar_emb,-,3972,0,0.010947500
pgvector,1,insert_emb,-,3972,0,0.004338000
pgvector,1,generar_emb,-,3973,0,0.011732100
pgvector,1,insert_emb,-,3973,0,0.004211200
pgvector,1,generar_emb,-,3974,0,0.012794000
pgvector,1,insert_emb,-,3974,0,0.004419500
pgvector,1,generar_emb,-,3975,0,0.013401100
pgvector,1,insert_emb,-,3975,0,0.004279700
pgvector,1,generar_emb,-,3976,0,0.011297300
pgvector,1,insert_emb,-,3976,0,0.004386000
pgvector,1,generar_emb,-,3977,0,0.011625700
pgvector,1,insert_emb,-,3977,0,0.004525400
pgvector,1,generar_emb,-,3978,0,0.011400700
pgvector,1,insert_emb,-,3978,0,0.004152800
pgvector,1,generar_emb,-,3979,0,0.011085700
pgvector,1,insert_emb,-,3979,0,0.004233900
pgvector,1,generar_emb,-,3980,0,0.010976900
pgvector,1,insert_emb,-,3980,0,0.004527000
pgvector,1,generar_emb,-,3981,0,0.012250900
pgvector,1,insert_emb,-,3981,0,0.004323700
pgvector,1,generar_emb,-,3982,0,0.010903300
pgvector,1,insert_emb,-,3982,0,0.004366600
pgvector,1,generar_emb,-,3983,0,0.011959900
pgvector,1,insert_emb,-,3983,0,0.004205500
pgvector,1,generar_emb,-,3984,0,0.013396800
pgvector,1,insert_emb,-,3984,0,0.004571200
pgvector,1,generar_emb,-,3985,0,0.012150500
pgvector,1,insert_emb,-,3985,0,0.004642200
pgvector,1,generar_emb,-,3986,0,0.010741400
pgvector,1,insert_emb,-,3986,0,0.004276000
pgvector,1,generar_emb,-,3987,0,0.011133600
pgvector,1,insert_emb,-,3987,0,0.004397700
pgvector,1,generar_emb,-,3988,0,0.011489300
pgvector,1,insert_emb,-,3988,0,0.004572800
pgvector,1,generar_emb,-,3989,0,0.015675200
pgvector,1,insert_emb,-,3989,0,0.004237800
pgvector,1,generar_emb,-,3990,0,0.011251500
pgvector,1,insert_emb,-,3990,0,0.004550200
pgvector,1,generar_emb,-,3991,0,0.012603600
pgvector,1,insert_emb,-,3991,0,0.004107200
pgvector,1,generar_emb,-,3992,0,0.013215300
pgvector,1,insert_emb,-,3992,0,0.004186100
pgvector,1,generar_emb,-,3993,0,0.013079300
pgvector,1,insert_emb,-,3993,0,0.004247400
pgvector,1,generar_emb,-,3994,0,0.012679600
pgvector,1,insert_emb,-,3994,0,0.004288100
pgvector,1,generar_emb,-,3995,0,0.015285100
pgvector,1,insert_emb,-,3995,0,0.004387500
pgvector,1,generar_emb,-,3996,0,0.012134800
pgvector,1,insert_emb,-,3996,0,0.004492300
pgvector,1,generar_emb,-,3997,0,0.012465400
pgvector,1,insert_emb,-,3997,0,0.004506100
pgvector,1,generar_emb,-,3998,0,0.012487800
pgvector,1,insert_emb,-,3998,0,0.004424900
pgvector,1,generar_emb,-,3999,0,0.012972000
pgvector,1,insert_emb,-,3999,0,0.004200500
pgvector,1,generar_emb,-,4000,0,0.013057400
pgvector,1,insert_emb,-,4000,0,0.004592500
pgvector,1,generar_emb,-,4001,0,0.011818300
pgvector,1,insert_emb,-,4001,0,0.004433400
pgvector,1,generar_emb,-,4002,0,0.012300500
pgvector,1,insert_emb,-,4002,0,0.004290100
pgvector,1,generar_emb,-,4003,0,0.012281000
pgvector,1,insert_emb,-,4003,0,0.004075500
pgvector,1,generar_emb,-,4004,0,0.015821500
pgvector,1,insert_emb,-,4004,0,0.004404800
pgvector,1,generar_emb,-,4005,0,0.012545200
pgvector,1,insert_emb,-,4005,0,0.004378500
pgvector,1,generar_emb,-,4006,0,0.011970800
pgvector,1,insert_emb,-,4006,0,0.004250500
pgvector,1,generar_emb,-,4007,0,0.012448800
pgvector,1,insert_emb,-,4007,0,0.004393500
pgvector,1,generar_emb,-,4008,0,0.012086500
pgvector,1,insert_emb,-,4008,0,0.004321000
pgvector,1,generar_emb,-,4009,0,0.012307900
pgvector,1,insert_emb,-,4009,0,0.004336300
pgvector,1,generar_emb,-,4010,0,0.012647300
pgvector,1,insert_emb,-,4010,0,0.004452100
pgvector,1,generar_emb,-,4011,0,0.011785700
pgvector,1,insert_emb,-,4011,0,0.004467500
pgvector,1,generar_emb,-,4012,0,0.010514800
pgvector,1,insert_emb,-,4012,0,0.004387000
pgvector,1,generar_emb,-,4013,0,0.010761600
pgvector,1,insert_emb,-,4013,0,0.004492500
pgvector,1,generar_emb,-,4014,0,0.011993600
pgvector,1,insert_emb,-,4014,0,0.004401600
pgvector,1,generar_emb,-,4015,0,0.010701400
pgvector,1,insert_emb,-,4015,0,0.004485300
pgvector,1,generar_emb,-,4016,0,0.011532100
pgvector,1,insert_emb,-,4016,0,0.004290000
pgvector,1,generar_emb,-,4017,0,0.011116300
pgvector,1,insert_emb,-,4017,0,0.004193100
pgvector,1,generar_emb,-,4018,0,0.011002100
pgvector,1,insert_emb,-,4018,0,0.004247300
pgvector,1,generar_emb,-,4019,0,0.012883400
pgvector,1,insert_emb,-,4019,0,0.004250700
pgvector,1,generar_emb,-,4020,0,0.011942200
pgvector,1,insert_emb,-,4020,0,0.004418300
pgvector,1,generar_emb,-,4021,0,0.013060000
pgvector,1,insert_emb,-,4021,0,0.004449800
pgvector,1,generar_emb,-,4022,0,0.010998400
pgvector,1,insert_emb,-,4022,0,0.004154700
pgvector,1,generar_emb,-,4023,0,0.011141200
pgvector,1,insert_emb,-,4023,0,0.004249600
pgvector,1,generar_emb,-,4024,0,0.014100300
pgvector,1,insert_emb,-,4024,0,0.004628900
pgvector,1,generar_emb,-,4025,0,0.012035600
pgvector,1,insert_emb,-,4025,0,0.004192200
pgvector,1,generar_emb,-,4026,0,0.012392700
pgvector,1,insert_emb,-,4026,0,0.004431100
pgvector,1,generar_emb,-,4027,0,0.011870100
pgvector,1,insert_emb,-,4027,0,0.004884900
pgvector,1,generar_emb,-,4028,0,0.012240800
pgvector,1,insert_emb,-,4028,0,0.005058200
pgvector,1,generar_emb,-,4029,0,0.011465100
pgvector,1,insert_emb,-,4029,0,0.004768100
pgvector,1,generar_emb,-,4030,0,0.011522900
pgvector,1,insert_emb,-,4030,0,0.004452200
pgvector,1,generar_emb,-,4031,0,0.012010100
pgvector,1,insert_emb,-,4031,0,0.004175700
pgvector,1,generar_emb,-,4032,0,0.011381700
pgvector,1,insert_emb,-,4032,0,0.004400600
pgvector,1,generar_emb,-,4033,0,0.012089200
pgvector,1,insert_emb,-,4033,0,0.004324600
pgvector,1,generar_emb,-,4034,0,0.015113600
pgvector,1,insert_emb,-,4034,0,0.004972000
pgvector,1,generar_emb,-,4035,0,0.010755100
pgvector,1,insert_emb,-,4035,0,0.004630800
pgvector,1,generar_emb,-,4036,0,0.011546600
pgvector,1,insert_emb,-,4036,0,0.004619000
pgvector,1,generar_emb,-,4037,0,0.012643000
pgvector,1,insert_emb,-,4037,0,0.004807200
pgvector,1,generar_emb,-,4038,0,0.012142400
pgvector,1,insert_emb,-,4038,0,0.004578700
pgvector,1,generar_emb,-,4039,0,0.011262900
pgvector,1,insert_emb,-,4039,0,0.004679000
pgvector,1,generar_emb,-,4040,0,0.011176100
pgvector,1,insert_emb,-,4040,0,0.004718200
pgvector,1,generar_emb,-,4041,0,0.010647200
pgvector,1,insert_emb,-,4041,0,0.004392600
pgvector,1,generar_emb,-,4042,0,0.010676700
pgvector,1,insert_emb,-,4042,0,0.004425800
pgvector,1,generar_emb,-,4043,0,0.017048800
pgvector,1,insert_emb,-,4043,0,0.004608000
pgvector,1,generar_emb,-,4044,0,0.014332000
pgvector,1,insert_emb,-,4044,0,0.004336700
pgvector,1,generar_emb,-,4045,0,0.012438400
pgvector,1,insert_emb,-,4045,0,0.004554000
pgvector,1,generar_emb,-,4046,0,0.012888000
pgvector,1,insert_emb,-,4046,0,0.004244400
pgvector,1,generar_emb,-,4047,0,0.012198800
pgvector,1,insert_emb,-,4047,0,0.004171700
pgvector,1,generar_emb,-,4048,0,0.015750500
pgvector,1,insert_emb,-,4048,0,0.004543700
pgvector,1,generar_emb,-,4049,0,0.011210500
pgvector,1,insert_emb,-,4049,0,0.004683700
pgvector,1,generar_emb,-,4050,0,0.012761200
pgvector,1,insert_emb,-,4050,0,0.004929100
pgvector,1,generar_emb,-,4051,0,0.010976100
pgvector,1,insert_emb,-,4051,0,0.004202700
pgvector,1,generar_emb,-,4052,0,0.011199700
pgvector,1,insert_emb,-,4052,0,0.004569000
pgvector,1,generar_emb,-,4053,0,0.013247100
pgvector,1,insert_emb,-,4053,0,0.004192600
pgvector,1,generar_emb,-,4054,0,0.011545400
pgvector,1,insert_emb,-,4054,0,0.004069300
pgvector,1,generar_emb,-,4055,0,0.013128600
pgvector,1,insert_emb,-,4055,0,0.004357000
pgvector,1,generar_emb,-,4056,0,0.014056800
pgvector,1,insert_emb,-,4056,0,0.004182500
pgvector,1,generar_emb,-,4057,0,0.012589700
pgvector,1,insert_emb,-,4057,0,0.004357200
pgvector,1,generar_emb,-,4058,0,0.010881400
pgvector,1,insert_emb,-,4058,0,0.004407600
pgvector,1,generar_emb,-,4059,0,0.016017200
pgvector,1,insert_emb,-,4059,0,0.004691100
pgvector,1,generar_emb,-,4060,0,0.012412600
pgvector,1,insert_emb,-,4060,0,0.004676000
pgvector,1,generar_emb,-,4061,0,0.011939600
pgvector,1,insert_emb,-,4061,0,0.004177400
pgvector,1,generar_emb,-,4062,0,0.011380100
pgvector,1,insert_emb,-,4062,0,0.004175900
pgvector,1,generar_emb,-,4063,0,0.012353600
pgvector,1,insert_emb,-,4063,0,0.004387000
pgvector,1,generar_emb,-,4064,0,0.016228600
pgvector,1,insert_emb,-,4064,0,0.004250000
pgvector,1,generar_emb,-,4065,0,0.013028700
pgvector,1,insert_emb,-,4065,0,0.004472800
pgvector,1,generar_emb,-,4066,0,0.011729000
pgvector,1,insert_emb,-,4066,0,0.005057200
pgvector,1,generar_emb,-,4067,0,0.011549900
pgvector,1,insert_emb,-,4067,0,0.004340100
pgvector,1,generar_emb,-,4068,0,0.012505800
pgvector,1,insert_emb,-,4068,0,0.004251500
pgvector,1,generar_emb,-,4069,0,0.012288900
pgvector,1,insert_emb,-,4069,0,0.004479400
pgvector,1,generar_emb,-,4070,0,0.013486500
pgvector,1,insert_emb,-,4070,0,0.004452000
pgvector,1,generar_emb,-,4071,0,0.011798100
pgvector,1,insert_emb,-,4071,0,0.004189200
pgvector,1,generar_emb,-,4072,0,0.012462400
pgvector,1,insert_emb,-,4072,0,0.004816300
pgvector,1,generar_emb,-,4073,0,0.012717600
pgvector,1,insert_emb,-,4073,0,0.004570700
pgvector,1,generar_emb,-,4074,0,0.013008000
pgvector,1,insert_emb,-,4074,0,0.004558200
pgvector,1,generar_emb,-,4075,0,0.013316900
pgvector,1,insert_emb,-,4075,0,0.004533800
pgvector,1,generar_emb,-,4076,0,0.012034200
pgvector,1,insert_emb,-,4076,0,0.004277300
pgvector,1,generar_emb,-,4077,0,0.015973400
pgvector,1,insert_emb,-,4077,0,0.004261300
pgvector,1,generar_emb,-,4078,0,0.011593100
pgvector,1,insert_emb,-,4078,0,0.004063300
pgvector,1,generar_emb,-,4079,0,0.013081600
pgvector,1,insert_emb,-,4079,0,0.004263100
pgvector,1,generar_emb,-,4080,0,0.012771800
pgvector,1,insert_emb,-,4080,0,0.004500000
pgvector,1,generar_emb,-,4081,0,0.016785500
pgvector,1,insert_emb,-,4081,0,0.004340400
pgvector,1,generar_emb,-,4082,0,0.013232700
pgvector,1,insert_emb,-,4082,0,0.004425400
pgvector,1,generar_emb,-,4083,0,0.012358800
pgvector,1,insert_emb,-,4083,0,0.004273500
pgvector,1,generar_emb,-,4084,0,0.014862300
pgvector,1,insert_emb,-,4084,0,0.004530500
pgvector,1,generar_emb,-,4085,0,0.015653200
pgvector,1,insert_emb,-,4085,0,0.004746000
pgvector,1,generar_emb,-,4086,0,0.012211000
pgvector,1,insert_emb,-,4086,0,0.004418000
pgvector,1,generar_emb,-,4087,0,0.019138600
pgvector,1,insert_emb,-,4087,0,0.004430800
pgvector,1,generar_emb,-,4088,0,0.012393700
pgvector,1,insert_emb,-,4088,0,0.004369600
pgvector,1,generar_emb,-,4089,0,0.013535700
pgvector,1,insert_emb,-,4089,0,0.004317500
pgvector,1,generar_emb,-,4090,0,0.016444400
pgvector,1,insert_emb,-,4090,0,0.004532500
pgvector,1,generar_emb,-,4091,0,0.014266000
pgvector,1,insert_emb,-,4091,0,0.004586900
pgvector,1,generar_emb,-,4092,0,0.015694600
pgvector,1,insert_emb,-,4092,0,0.004406800
pgvector,1,generar_emb,-,4093,0,0.015953500
pgvector,1,insert_emb,-,4093,0,0.004285600
pgvector,1,generar_emb,-,4094,0,0.012559300
pgvector,1,insert_emb,-,4094,0,0.004154200
pgvector,1,generar_emb,-,4095,0,0.011683900
pgvector,1,insert_emb,-,4095,0,0.004344200
pgvector,1,generar_emb,-,4096,0,0.015409500
pgvector,1,insert_emb,-,4096,0,0.004359600
pgvector,1,generar_emb,-,4097,0,0.012249000
pgvector,1,insert_emb,-,4097,0,0.004248200
pgvector,1,generar_emb,-,4098,0,0.013230000
pgvector,1,insert_emb,-,4098,0,0.004229200
pgvector,1,generar_emb,-,4099,0,0.013753000
pgvector,1,insert_emb,-,4099,0,0.004184900
pgvector,1,generar_emb,-,4100,0,0.012595600
pgvector,1,insert_emb,-,4100,0,0.004682600
pgvector,1,generar_emb,-,4101,0,0.012682000
pgvector,1,insert_emb,-,4101,0,0.004353100
pgvector,1,generar_emb,-,4102,0,0.011151500
pgvector,1,insert_emb,-,4102,0,0.004392900
pgvector,1,generar_emb,-,4103,0,0.017097400
pgvector,1,insert_emb,-,4103,0,0.004231500
pgvector,1,generar_emb,-,4104,0,0.014385500
pgvector,1,insert_emb,-,4104,0,0.004383400
pgvector,1,generar_emb,-,4105,0,0.013852200
pgvector,1,insert_emb,-,4105,0,0.004559800
pgvector,1,generar_emb,-,4106,0,0.013870700
pgvector,1,insert_emb,-,4106,0,0.004652000
pgvector,1,generar_emb,-,4107,0,0.011519500
pgvector,1,insert_emb,-,4107,0,0.004194600
pgvector,1,generar_emb,-,4108,0,0.012330500
pgvector,1,insert_emb,-,4108,0,0.004189200
pgvector,1,generar_emb,-,4109,0,0.013805500
pgvector,1,insert_emb,-,4109,0,0.004795600
pgvector,1,generar_emb,-,4110,0,0.012986000
pgvector,1,insert_emb,-,4110,0,0.004745700
pgvector,1,generar_emb,-,4111,0,0.011649000
pgvector,1,insert_emb,-,4111,0,0.004371900
pgvector,1,generar_emb,-,4112,0,0.012553700
pgvector,1,insert_emb,-,4112,0,0.004487900
pgvector,1,generar_emb,-,4113,0,0.014822500
pgvector,1,insert_emb,-,4113,0,0.004275000
pgvector,1,generar_emb,-,4114,0,0.013411500
pgvector,1,insert_emb,-,4114,0,0.004338100
pgvector,1,generar_emb,-,4115,0,0.011916000
pgvector,1,insert_emb,-,4115,0,0.004387500
pgvector,1,generar_emb,-,4116,0,0.013537800
pgvector,1,insert_emb,-,4116,0,0.004240300
pgvector,1,generar_emb,-,4117,0,0.014561000
pgvector,1,insert_emb,-,4117,0,0.005042300
pgvector,1,generar_emb,-,4118,0,0.012589300
pgvector,1,insert_emb,-,4118,0,0.004710000
pgvector,1,generar_emb,-,4119,0,0.013005200
pgvector,1,insert_emb,-,4119,0,0.004550300
pgvector,1,generar_emb,-,4120,0,0.014407900
pgvector,1,insert_emb,-,4120,0,0.004364400
pgvector,1,generar_emb,-,4121,0,0.012410300
pgvector,1,insert_emb,-,4121,0,0.004485400
pgvector,1,generar_emb,-,4122,0,0.014279700
pgvector,1,insert_emb,-,4122,0,0.004318000
pgvector,1,generar_emb,-,4123,0,0.013858500
pgvector,1,insert_emb,-,4123,0,0.004312500
pgvector,1,generar_emb,-,4124,0,0.017470800
pgvector,1,insert_emb,-,4124,0,0.004331100
pgvector,1,generar_emb,-,4125,0,0.015222900
pgvector,1,insert_emb,-,4125,0,0.005065200
pgvector,1,generar_emb,-,4126,0,0.011722200
pgvector,1,insert_emb,-,4126,0,0.004602500
pgvector,1,generar_emb,-,4127,0,0.014127600
pgvector,1,insert_emb,-,4127,0,0.005216200
pgvector,1,generar_emb,-,4128,0,0.012320300
pgvector,1,insert_emb,-,4128,0,0.005010000
pgvector,1,generar_emb,-,4129,0,0.014680100
pgvector,1,insert_emb,-,4129,0,0.005374400
pgvector,1,generar_emb,-,4130,0,0.014553500
pgvector,1,insert_emb,-,4130,0,0.004880500
pgvector,1,generar_emb,-,4131,0,0.011449500
pgvector,1,insert_emb,-,4131,0,0.004829400
pgvector,1,generar_emb,-,4132,0,0.014153900
pgvector,1,insert_emb,-,4132,0,0.005118800
pgvector,1,generar_emb,-,4133,0,0.015427100
pgvector,1,insert_emb,-,4133,0,0.004579500
pgvector,1,generar_emb,-,4134,0,0.012751000
pgvector,1,insert_emb,-,4134,0,0.004120600
pgvector,1,generar_emb,-,4135,0,0.013108000
pgvector,1,insert_emb,-,4135,0,0.004588600
pgvector,1,generar_emb,-,4136,0,0.011423000
pgvector,1,insert_emb,-,4136,0,0.004643500
pgvector,1,generar_emb,-,4137,0,0.011984700
pgvector,1,insert_emb,-,4137,0,0.004167200
pgvector,1,generar_emb,-,4138,0,0.011822200
pgvector,1,insert_emb,-,4138,0,0.004379200
pgvector,1,generar_emb,-,4139,0,0.011046300
pgvector,1,insert_emb,-,4139,0,0.004231600
pgvector,1,generar_emb,-,4140,0,0.012378000
pgvector,1,insert_emb,-,4140,0,0.004428600
pgvector,1,generar_emb,-,4141,0,0.013077000
pgvector,1,insert_emb,-,4141,0,0.004267500
pgvector,1,generar_emb,-,4142,0,0.011338300
pgvector,1,insert_emb,-,4142,0,0.004644700
pgvector,1,generar_emb,-,4143,0,0.012930100
pgvector,1,insert_emb,-,4143,0,0.004407000
pgvector,1,generar_emb,-,4144,0,0.012143200
pgvector,1,insert_emb,-,4144,0,0.004399700
pgvector,1,generar_emb,-,4145,0,0.011880000
pgvector,1,insert_emb,-,4145,0,0.004420300
pgvector,1,generar_emb,-,4146,0,0.011570400
pgvector,1,insert_emb,-,4146,0,0.004378200
pgvector,1,generar_emb,-,4147,0,0.011970900
pgvector,1,insert_emb,-,4147,0,0.004607500
pgvector,1,generar_emb,-,4148,0,0.014119600
pgvector,1,insert_emb,-,4148,0,0.004230200
pgvector,1,generar_emb,-,4149,0,0.011370200
pgvector,1,insert_emb,-,4149,0,0.004264500
pgvector,1,generar_emb,-,4150,0,0.012446900
pgvector,1,insert_emb,-,4150,0,0.004379300
pgvector,1,generar_emb,-,4151,0,0.012257900
pgvector,1,insert_emb,-,4151,0,0.004193900
pgvector,1,generar_emb,-,4152,0,0.012346900
pgvector,1,insert_emb,-,4152,0,0.004315100
pgvector,1,generar_emb,-,4153,0,0.012340900
pgvector,1,insert_emb,-,4153,0,0.004405000
pgvector,1,generar_emb,-,4154,0,0.012542800
pgvector,1,insert_emb,-,4154,0,0.004343100
pgvector,1,generar_emb,-,4155,0,0.012090900
pgvector,1,insert_emb,-,4155,0,0.004531900
pgvector,1,generar_emb,-,4156,0,0.012985400
pgvector,1,insert_emb,-,4156,0,0.004266600
pgvector,1,generar_emb,-,4157,0,0.013385700
pgvector,1,insert_emb,-,4157,0,0.004309100
pgvector,1,generar_emb,-,4158,0,0.013860800
pgvector,1,insert_emb,-,4158,0,0.004397200
pgvector,1,generar_emb,-,4159,0,0.013737000
pgvector,1,insert_emb,-,4159,0,0.004451000
pgvector,1,generar_emb,-,4160,0,0.013847100
pgvector,1,insert_emb,-,4160,0,0.004345100
pgvector,1,generar_emb,-,4161,0,0.012092000
pgvector,1,insert_emb,-,4161,0,0.004188300
pgvector,1,generar_emb,-,4162,0,0.014175600
pgvector,1,insert_emb,-,4162,0,0.004338800
pgvector,1,generar_emb,-,4163,0,0.014128800
pgvector,1,insert_emb,-,4163,0,0.004620700
pgvector,1,generar_emb,-,4164,0,0.011873900
pgvector,1,insert_emb,-,4164,0,0.004225400
pgvector,1,generar_emb,-,4165,0,0.012454200
pgvector,1,insert_emb,-,4165,0,0.004723900
pgvector,1,generar_emb,-,4166,0,0.012008600
pgvector,1,insert_emb,-,4166,0,0.004276100
pgvector,1,generar_emb,-,4167,0,0.011855900
pgvector,1,insert_emb,-,4167,0,0.004322500
pgvector,1,generar_emb,-,4168,0,0.012646200
pgvector,1,insert_emb,-,4168,0,0.004190800
pgvector,1,generar_emb,-,4169,0,0.012627900
pgvector,1,insert_emb,-,4169,0,0.004181800
pgvector,1,generar_emb,-,4170,0,0.011691200
pgvector,1,insert_emb,-,4170,0,0.004343900
pgvector,1,generar_emb,-,4171,0,0.011235200
pgvector,1,insert_emb,-,4171,0,0.004178900
pgvector,1,generar_emb,-,4172,0,0.013386600
pgvector,1,insert_emb,-,4172,0,0.004395600
pgvector,1,generar_emb,-,4173,0,0.011798700
pgvector,1,insert_emb,-,4173,0,0.004337700
pgvector,1,generar_emb,-,4174,0,0.013528000
pgvector,1,insert_emb,-,4174,0,0.004386900
pgvector,1,generar_emb,-,4175,0,0.011992800
pgvector,1,insert_emb,-,4175,0,0.004367800
pgvector,1,generar_emb,-,4176,0,0.012389900
pgvector,1,insert_emb,-,4176,0,0.004302200
pgvector,1,generar_emb,-,4177,0,0.012018800
pgvector,1,insert_emb,-,4177,0,0.004410500
pgvector,1,generar_emb,-,4178,0,0.011674600
pgvector,1,insert_emb,-,4178,0,0.004342900
pgvector,1,generar_emb,-,4179,0,0.011615300
pgvector,1,insert_emb,-,4179,0,0.004397400
pgvector,1,generar_emb,-,4180,0,0.012154500
pgvector,1,insert_emb,-,4180,0,0.004122200
pgvector,1,generar_emb,-,4181,0,0.011809900
pgvector,1,insert_emb,-,4181,0,0.004115800
pgvector,1,generar_emb,-,4182,0,0.010842400
pgvector,1,insert_emb,-,4182,0,0.004390700
pgvector,1,generar_emb,-,4183,0,0.012082300
pgvector,1,insert_emb,-,4183,0,0.004269200
pgvector,1,generar_emb,-,4184,0,0.012426600
pgvector,1,insert_emb,-,4184,0,0.004309100
pgvector,1,generar_emb,-,4185,0,0.011862000
pgvector,1,insert_emb,-,4185,0,0.004588800
pgvector,1,generar_emb,-,4186,0,0.011614600
pgvector,1,insert_emb,-,4186,0,0.004307600
pgvector,1,generar_emb,-,4187,0,0.012463700
pgvector,1,insert_emb,-,4187,0,0.004268800
pgvector,1,generar_emb,-,4188,0,0.012379400
pgvector,1,insert_emb,-,4188,0,0.004212700
pgvector,1,generar_emb,-,4189,0,0.013301300
pgvector,1,insert_emb,-,4189,0,0.004448400
pgvector,1,generar_emb,-,4190,0,0.014282900
pgvector,1,insert_emb,-,4190,0,0.004390400
pgvector,1,generar_emb,-,4191,0,0.012255700
pgvector,1,insert_emb,-,4191,0,0.004053300
pgvector,1,generar_emb,-,4192,0,0.012732500
pgvector,1,insert_emb,-,4192,0,0.004098700
pgvector,1,generar_emb,-,4193,0,0.012370100
pgvector,1,insert_emb,-,4193,0,0.004348100
pgvector,1,generar_emb,-,4194,0,0.012349500
pgvector,1,insert_emb,-,4194,0,0.004128500
pgvector,1,generar_emb,-,4195,0,0.012605900
pgvector,1,insert_emb,-,4195,0,0.004560900
pgvector,1,generar_emb,-,4196,0,0.013195900
pgvector,1,insert_emb,-,4196,0,0.004430900
pgvector,1,generar_emb,-,4197,0,0.013543400
pgvector,1,insert_emb,-,4197,0,0.004187900
pgvector,1,generar_emb,-,4198,0,0.011630500
pgvector,1,insert_emb,-,4198,0,0.004215400
pgvector,1,generar_emb,-,4199,0,0.013868800
pgvector,1,insert_emb,-,4199,0,0.004265100
pgvector,1,generar_emb,-,4200,0,0.017157600
pgvector,1,insert_emb,-,4200,0,0.004303900
pgvector,1,generar_emb,-,4201,0,0.014160200
pgvector,1,insert_emb,-,4201,0,0.004704300
pgvector,1,generar_emb,-,4202,0,0.014064400
pgvector,1,insert_emb,-,4202,0,0.004816000
pgvector,1,generar_emb,-,4203,0,0.014091400
pgvector,1,insert_emb,-,4203,0,0.004339800
pgvector,1,generar_emb,-,4204,0,0.014536400
pgvector,1,insert_emb,-,4204,0,0.004522300
pgvector,1,generar_emb,-,4205,0,0.014412200
pgvector,1,insert_emb,-,4205,0,0.004512000
pgvector,1,generar_emb,-,4206,0,0.014756500
pgvector,1,insert_emb,-,4206,0,0.004515700
pgvector,1,generar_emb,-,4207,0,0.013054300
pgvector,1,insert_emb,-,4207,0,0.004514400
pgvector,1,generar_emb,-,4208,0,0.013411300
pgvector,1,insert_emb,-,4208,0,0.004843500
pgvector,1,generar_emb,-,4209,0,0.011723900
pgvector,1,insert_emb,-,4209,0,0.004319400
pgvector,1,generar_emb,-,4210,0,0.012684100
pgvector,1,insert_emb,-,4210,0,0.004276700
pgvector,1,generar_emb,-,4211,0,0.012855900
pgvector,1,insert_emb,-,4211,0,0.004423900
pgvector,1,generar_emb,-,4212,0,0.012753900
pgvector,1,insert_emb,-,4212,0,0.004529700
pgvector,1,generar_emb,-,4213,0,0.013738600
pgvector,1,insert_emb,-,4213,0,0.004584200
pgvector,1,generar_emb,-,4214,0,0.012224800
pgvector,1,insert_emb,-,4214,0,0.004315500
pgvector,1,generar_emb,-,4215,0,0.012916100
pgvector,1,insert_emb,-,4215,0,0.004226500
pgvector,1,generar_emb,-,4216,0,0.016040500
pgvector,1,insert_emb,-,4216,0,0.004252700
pgvector,1,generar_emb,-,4217,0,0.013574300
pgvector,1,insert_emb,-,4217,0,0.004652900
pgvector,1,generar_emb,-,4218,0,0.014974900
pgvector,1,insert_emb,-,4218,0,0.004651200
pgvector,1,generar_emb,-,4219,0,0.011932700
pgvector,1,insert_emb,-,4219,0,0.004639900
pgvector,1,generar_emb,-,4220,0,0.014667600
pgvector,1,insert_emb,-,4220,0,0.005435700
pgvector,1,generar_emb,-,4221,0,0.015005600
pgvector,1,insert_emb,-,4221,0,0.004955500
pgvector,1,generar_emb,-,4222,0,0.012280000
pgvector,1,insert_emb,-,4222,0,0.004647500
pgvector,1,generar_emb,-,4223,0,0.013268300
pgvector,1,insert_emb,-,4223,0,0.004786400
pgvector,1,generar_emb,-,4224,0,0.013311900
pgvector,1,insert_emb,-,4224,0,0.004758100
pgvector,1,generar_emb,-,4225,0,0.014489300
pgvector,1,insert_emb,-,4225,0,0.004385300
pgvector,1,generar_emb,-,4226,0,0.012626200
pgvector,1,insert_emb,-,4226,0,0.004299000
pgvector,1,generar_emb,-,4227,0,0.011906800
pgvector,1,insert_emb,-,4227,0,0.004476400
pgvector,1,generar_emb,-,4228,0,0.012733900
pgvector,1,insert_emb,-,4228,0,0.004402900
pgvector,1,generar_emb,-,4229,0,0.017316700
pgvector,1,insert_emb,-,4229,0,0.004968700
pgvector,1,generar_emb,-,4230,0,0.015278000
pgvector,1,insert_emb,-,4230,0,0.004604400
pgvector,1,generar_emb,-,4231,0,0.012493800
pgvector,1,insert_emb,-,4231,0,0.004420200
pgvector,1,generar_emb,-,4232,0,0.012024900
pgvector,1,insert_emb,-,4232,0,0.004165000
pgvector,1,generar_emb,-,4233,0,0.012820200
pgvector,1,insert_emb,-,4233,0,0.004167200
pgvector,1,generar_emb,-,4234,0,0.011891100
pgvector,1,insert_emb,-,4234,0,0.004258300
pgvector,1,generar_emb,-,4235,0,0.012691500
pgvector,1,insert_emb,-,4235,0,0.004324300
pgvector,1,generar_emb,-,4236,0,0.012608800
pgvector,1,insert_emb,-,4236,0,0.004346200
pgvector,1,generar_emb,-,4237,0,0.014269300
pgvector,1,insert_emb,-,4237,0,0.004383600
pgvector,1,generar_emb,-,4238,0,0.010711700
pgvector,1,insert_emb,-,4238,0,0.004219900
pgvector,1,generar_emb,-,4239,0,0.011070200
pgvector,1,insert_emb,-,4239,0,0.004332700
pgvector,1,generar_emb,-,4240,0,0.010652700
pgvector,1,insert_emb,-,4240,0,0.004397900
pgvector,1,generar_emb,-,4241,0,0.010357500
pgvector,1,insert_emb,-,4241,0,0.004346900
pgvector,1,generar_emb,-,4242,0,0.016312800
pgvector,1,insert_emb,-,4242,0,0.004160100
pgvector,1,generar_emb,-,4243,0,0.013670500
pgvector,1,insert_emb,-,4243,0,0.004172400
pgvector,1,generar_emb,-,4244,0,0.012461300
pgvector,1,insert_emb,-,4244,0,0.004267800
pgvector,1,generar_emb,-,4245,0,0.010951000
pgvector,1,insert_emb,-,4245,0,0.004231700
pgvector,1,generar_emb,-,4246,0,0.011202200
pgvector,1,insert_emb,-,4246,0,0.004089700
pgvector,1,generar_emb,-,4247,0,0.011720800
pgvector,1,insert_emb,-,4247,0,0.004063000
pgvector,1,generar_emb,-,4248,0,0.011768700
pgvector,1,insert_emb,-,4248,0,0.004238800
pgvector,1,generar_emb,-,4249,0,0.012960700
pgvector,1,insert_emb,-,4249,0,0.004153100
pgvector,1,generar_emb,-,4250,0,0.011340200
pgvector,1,insert_emb,-,4250,0,0.004300600
pgvector,1,generar_emb,-,4251,0,0.012515500
pgvector,1,insert_emb,-,4251,0,0.004047100
pgvector,1,generar_emb,-,4252,0,0.011186000
pgvector,1,insert_emb,-,4252,0,0.004159500
pgvector,1,generar_emb,-,4253,0,0.011526900
pgvector,1,insert_emb,-,4253,0,0.004196300
pgvector,1,generar_emb,-,4254,0,0.010870000
pgvector,1,insert_emb,-,4254,0,0.004034500
pgvector,1,generar_emb,-,4255,0,0.011535600
pgvector,1,insert_emb,-,4255,0,0.004181500
pgvector,1,generar_emb,-,4256,0,0.012243300
pgvector,1,insert_emb,-,4256,0,0.004108000
pgvector,1,generar_emb,-,4257,0,0.012472800
pgvector,1,insert_emb,-,4257,0,0.004091700
pgvector,1,generar_emb,-,4258,0,0.012927700
pgvector,1,insert_emb,-,4258,0,0.004233100
pgvector,1,generar_emb,-,4259,0,0.013881600
pgvector,1,insert_emb,-,4259,0,0.004364000
pgvector,1,generar_emb,-,4260,0,0.011986700
pgvector,1,insert_emb,-,4260,0,0.004460200
pgvector,1,generar_emb,-,4261,0,0.014976800
pgvector,1,insert_emb,-,4261,0,0.004290300
pgvector,1,generar_emb,-,4262,0,0.012910600
pgvector,1,insert_emb,-,4262,0,0.004180400
pgvector,1,generar_emb,-,4263,0,0.012104700
pgvector,1,insert_emb,-,4263,0,0.004221800
pgvector,1,generar_emb,-,4264,0,0.012370900
pgvector,1,insert_emb,-,4264,0,0.004237700
pgvector,1,generar_emb,-,4265,0,0.013462400
pgvector,1,insert_emb,-,4265,0,0.004127300
pgvector,1,generar_emb,-,4266,0,0.013502300
pgvector,1,insert_emb,-,4266,0,0.004151500
pgvector,1,generar_emb,-,4267,0,0.011224200
pgvector,1,insert_emb,-,4267,0,0.004034900
pgvector,1,generar_emb,-,4268,0,0.013523700
pgvector,1,insert_emb,-,4268,0,0.004202300
pgvector,1,generar_emb,-,4269,0,0.011968900
pgvector,1,insert_emb,-,4269,0,0.004118100
pgvector,1,generar_emb,-,4270,0,0.012546300
pgvector,1,insert_emb,-,4270,0,0.004500400
pgvector,1,generar_emb,-,4271,0,0.012389600
pgvector,1,insert_emb,-,4271,0,0.004337700
pgvector,1,generar_emb,-,4272,0,0.012710800
pgvector,1,insert_emb,-,4272,0,0.004291000
pgvector,1,generar_emb,-,4273,0,0.012134200
pgvector,1,insert_emb,-,4273,0,0.004367800
pgvector,1,generar_emb,-,4274,0,0.011702900
pgvector,1,insert_emb,-,4274,0,0.004367800
pgvector,1,generar_emb,-,4275,0,0.013118200
pgvector,1,insert_emb,-,4275,0,0.004056300
pgvector,1,generar_emb,-,4276,0,0.012250500
pgvector,1,insert_emb,-,4276,0,0.003944400
pgvector,1,generar_emb,-,4277,0,0.013032900
pgvector,1,insert_emb,-,4277,0,0.004073500
pgvector,1,generar_emb,-,4278,0,0.013479600
pgvector,1,insert_emb,-,4278,0,0.004230900
pgvector,1,generar_emb,-,4279,0,0.012491100
pgvector,1,insert_emb,-,4279,0,0.004437400
pgvector,1,generar_emb,-,4280,0,0.012371500
pgvector,1,insert_emb,-,4280,0,0.004427700
pgvector,1,generar_emb,-,4281,0,0.011478800
pgvector,1,insert_emb,-,4281,0,0.004275400
pgvector,1,generar_emb,-,4282,0,0.013825000
pgvector,1,insert_emb,-,4282,0,0.004437000
pgvector,1,generar_emb,-,4283,0,0.012662500
pgvector,1,insert_emb,-,4283,0,0.004418200
pgvector,1,generar_emb,-,4284,0,0.012392800
pgvector,1,insert_emb,-,4284,0,0.004321600
pgvector,1,generar_emb,-,4285,0,0.011786500
pgvector,1,insert_emb,-,4285,0,0.004696700
pgvector,1,generar_emb,-,4286,0,0.010825200
pgvector,1,insert_emb,-,4286,0,0.004312300
pgvector,1,generar_emb,-,4287,0,0.010722200
pgvector,1,insert_emb,-,4287,0,0.004343000
pgvector,1,generar_emb,-,4288,0,0.010993000
pgvector,1,insert_emb,-,4288,0,0.004342000
pgvector,1,generar_emb,-,4289,0,0.012163300
pgvector,1,insert_emb,-,4289,0,0.004177100
pgvector,1,generar_emb,-,4290,0,0.012466300
pgvector,1,insert_emb,-,4290,0,0.004337400
pgvector,1,generar_emb,-,4291,0,0.014530500
pgvector,1,insert_emb,-,4291,0,0.004620200
pgvector,1,generar_emb,-,4292,0,0.012185900
pgvector,1,insert_emb,-,4292,0,0.004365000
pgvector,1,generar_emb,-,4293,0,0.012516900
pgvector,1,insert_emb,-,4293,0,0.004035100
pgvector,1,generar_emb,-,4294,0,0.013376400
pgvector,1,insert_emb,-,4294,0,0.003891600
pgvector,1,generar_emb,-,4295,0,0.013100000
pgvector,1,insert_emb,-,4295,0,0.004453900
pgvector,1,generar_emb,-,4296,0,0.012202000
pgvector,1,insert_emb,-,4296,0,0.004209800
pgvector,1,generar_emb,-,4297,0,0.012328000
pgvector,1,insert_emb,-,4297,0,0.004209600
pgvector,1,generar_emb,-,4298,0,0.013480700
pgvector,1,insert_emb,-,4298,0,0.004040900
pgvector,1,generar_emb,-,4299,0,0.013663900
pgvector,1,insert_emb,-,4299,0,0.004157200
pgvector,1,generar_emb,-,4300,0,0.011713200
pgvector,1,insert_emb,-,4300,0,0.004748400
pgvector,1,generar_emb,-,4301,0,0.014192200
pgvector,1,insert_emb,-,4301,0,0.004106500
pgvector,1,generar_emb,-,4302,0,0.015740500
pgvector,1,insert_emb,-,4302,0,0.004104300
pgvector,1,generar_emb,-,4303,0,0.013456800
pgvector,1,insert_emb,-,4303,0,0.004110300
pgvector,1,generar_emb,-,4304,0,0.011350900
pgvector,1,insert_emb,-,4304,0,0.004360000
pgvector,1,generar_emb,-,4305,0,0.011541800
pgvector,1,insert_emb,-,4305,0,0.004601100
pgvector,1,generar_emb,-,4306,0,0.010947100
pgvector,1,insert_emb,-,4306,0,0.004455100
pgvector,1,generar_emb,-,4307,0,0.012237500
pgvector,1,insert_emb,-,4307,0,0.004290100
pgvector,1,generar_emb,-,4308,0,0.010933700
pgvector,1,insert_emb,-,4308,0,0.004296000
pgvector,1,generar_emb,-,4309,0,0.012117800
pgvector,1,insert_emb,-,4309,0,0.004317400
pgvector,1,generar_emb,-,4310,0,0.011678200
pgvector,1,insert_emb,-,4310,0,0.004517100
pgvector,1,generar_emb,-,4311,0,0.010565800
pgvector,1,insert_emb,-,4311,0,0.004592900
pgvector,1,generar_emb,-,4312,0,0.014146500
pgvector,1,insert_emb,-,4312,0,0.004654000
pgvector,1,generar_emb,-,4313,0,0.014173500
pgvector,1,insert_emb,-,4313,0,0.004899300
pgvector,1,generar_emb,-,4314,0,0.012210300
pgvector,1,insert_emb,-,4314,0,0.004572800
pgvector,1,generar_emb,-,4315,0,0.013180200
pgvector,1,insert_emb,-,4315,0,0.005398900
pgvector,1,generar_emb,-,4316,0,0.014342200
pgvector,1,insert_emb,-,4316,0,0.005144300
pgvector,1,generar_emb,-,4317,0,0.014730200
pgvector,1,insert_emb,-,4317,0,0.004741400
pgvector,1,generar_emb,-,4318,0,0.011240200
pgvector,1,insert_emb,-,4318,0,0.004704200
pgvector,1,generar_emb,-,4319,0,0.011308400
pgvector,1,insert_emb,-,4319,0,0.004369300
pgvector,1,generar_emb,-,4320,0,0.011512100
pgvector,1,insert_emb,-,4320,0,0.004268500
pgvector,1,generar_emb,-,4321,0,0.011846900
pgvector,1,insert_emb,-,4321,0,0.004100900
pgvector,1,generar_emb,-,4322,0,0.011773200
pgvector,1,insert_emb,-,4322,0,0.004293300
pgvector,1,generar_emb,-,4323,0,0.013067100
pgvector,1,insert_emb,-,4323,0,0.004299100
pgvector,1,generar_emb,-,4324,0,0.013885800
pgvector,1,insert_emb,-,4324,0,0.004401800
pgvector,1,generar_emb,-,4325,0,0.013420300
pgvector,1,insert_emb,-,4325,0,0.004366300
pgvector,1,generar_emb,-,4326,0,0.012400000
pgvector,1,insert_emb,-,4326,0,0.004544100
pgvector,1,generar_emb,-,4327,0,0.012034800
pgvector,1,insert_emb,-,4327,0,0.004185500
pgvector,1,generar_emb,-,4328,0,0.013653000
pgvector,1,insert_emb,-,4328,0,0.004389500
pgvector,1,generar_emb,-,4329,0,0.011098500
pgvector,1,insert_emb,-,4329,0,0.004450300
pgvector,1,generar_emb,-,4330,0,0.012079700
pgvector,1,insert_emb,-,4330,0,0.004332600
pgvector,1,generar_emb,-,4331,0,0.011551200
pgvector,1,insert_emb,-,4331,0,0.004539000
pgvector,1,generar_emb,-,4332,0,0.012426100
pgvector,1,insert_emb,-,4332,0,0.004211300
pgvector,1,generar_emb,-,4333,0,0.013719400
pgvector,1,insert_emb,-,4333,0,0.004514100
pgvector,1,generar_emb,-,4334,0,0.013426100
pgvector,1,insert_emb,-,4334,0,0.004426000
pgvector,1,generar_emb,-,4335,0,0.013471500
pgvector,1,insert_emb,-,4335,0,0.004293900
pgvector,1,generar_emb,-,4336,0,0.012570000
pgvector,1,insert_emb,-,4336,0,0.004357700
pgvector,1,generar_emb,-,4337,0,0.014746600
pgvector,1,insert_emb,-,4337,0,0.004312300
pgvector,1,generar_emb,-,4338,0,0.013152400
pgvector,1,insert_emb,-,4338,0,0.004391200
pgvector,1,generar_emb,-,4339,0,0.013842600
pgvector,1,insert_emb,-,4339,0,0.004295900
pgvector,1,generar_emb,-,4340,0,0.014083500
pgvector,1,insert_emb,-,4340,0,0.004460600
pgvector,1,generar_emb,-,4341,0,0.012017300
pgvector,1,insert_emb,-,4341,0,0.004237700
pgvector,1,generar_emb,-,4342,0,0.012611000
pgvector,1,insert_emb,-,4342,0,0.004304700
pgvector,1,generar_emb,-,4343,0,0.012398100
pgvector,1,insert_emb,-,4343,0,0.004420000
pgvector,1,generar_emb,-,4344,0,0.010939100
pgvector,1,insert_emb,-,4344,0,0.004193100
pgvector,1,generar_emb,-,4345,0,0.010749200
pgvector,1,insert_emb,-,4345,0,0.004607900
pgvector,1,generar_emb,-,4346,0,0.010990700
pgvector,1,insert_emb,-,4346,0,0.004170900
pgvector,1,generar_emb,-,4347,0,0.014695200
pgvector,1,insert_emb,-,4347,0,0.004118100
pgvector,1,generar_emb,-,4348,0,0.010431900
pgvector,1,insert_emb,-,4348,0,0.004450400
pgvector,1,generar_emb,-,4349,0,0.012180900
pgvector,1,insert_emb,-,4349,0,0.004245200
pgvector,1,generar_emb,-,4350,0,0.013625600
pgvector,1,insert_emb,-,4350,0,0.004424800
pgvector,1,generar_emb,-,4351,0,0.013421800
pgvector,1,insert_emb,-,4351,0,0.004265200
pgvector,1,generar_emb,-,4352,0,0.013067800
pgvector,1,insert_emb,-,4352,0,0.004333300
pgvector,1,generar_emb,-,4353,0,0.012727100
pgvector,1,insert_emb,-,4353,0,0.004454300
pgvector,1,generar_emb,-,4354,0,0.013068900
pgvector,1,insert_emb,-,4354,0,0.004331000
pgvector,1,generar_emb,-,4355,0,0.011978100
pgvector,1,insert_emb,-,4355,0,0.004530600
pgvector,1,generar_emb,-,4356,0,0.012633200
pgvector,1,insert_emb,-,4356,0,0.004495500
pgvector,1,generar_emb,-,4357,0,0.011646400
pgvector,1,insert_emb,-,4357,0,0.004358000
pgvector,1,generar_emb,-,4358,0,0.012805400
pgvector,1,insert_emb,-,4358,0,0.004253300
pgvector,1,generar_emb,-,4359,0,0.012657800
pgvector,1,insert_emb,-,4359,0,0.004021800
pgvector,1,generar_emb,-,4360,0,0.012705500
pgvector,1,insert_emb,-,4360,0,0.004253900
pgvector,1,generar_emb,-,4361,0,0.012205700
pgvector,1,insert_emb,-,4361,0,0.004197000
pgvector,1,generar_emb,-,4362,0,0.013853300
pgvector,1,insert_emb,-,4362,0,0.004223500
pgvector,1,generar_emb,-,4363,0,0.013731800
pgvector,1,insert_emb,-,4363,0,0.004373000
pgvector,1,generar_emb,-,4364,0,0.011635000
pgvector,1,insert_emb,-,4364,0,0.004326600
pgvector,1,generar_emb,-,4365,0,0.012198600
pgvector,1,insert_emb,-,4365,0,0.004456400
pgvector,1,generar_emb,-,4366,0,0.013111400
pgvector,1,insert_emb,-,4366,0,0.004209400
pgvector,1,generar_emb,-,4367,0,0.011419900
pgvector,1,insert_emb,-,4367,0,0.004483300
pgvector,1,generar_emb,-,4368,0,0.013614900
pgvector,1,insert_emb,-,4368,0,0.004442900
pgvector,1,generar_emb,-,4369,0,0.011697900
pgvector,1,insert_emb,-,4369,0,0.004202200
pgvector,1,generar_emb,-,4370,0,0.016017400
pgvector,1,insert_emb,-,4370,0,0.004403900
pgvector,1,generar_emb,-,4371,0,0.014926500
pgvector,1,insert_emb,-,4371,0,0.004727000
pgvector,1,generar_emb,-,4372,0,0.012837900
pgvector,1,insert_emb,-,4372,0,0.004651000
pgvector,1,generar_emb,-,4373,0,0.012691900
pgvector,1,insert_emb,-,4373,0,0.004507500
pgvector,1,generar_emb,-,4374,0,0.011842800
pgvector,1,insert_emb,-,4374,0,0.005008200
pgvector,1,generar_emb,-,4375,0,0.010892200
pgvector,1,insert_emb,-,4375,0,0.004607000
pgvector,1,generar_emb,-,4376,0,0.017145600
pgvector,1,insert_emb,-,4376,0,0.006135000
pgvector,1,generar_emb,-,4377,0,0.017313600
pgvector,1,insert_emb,-,4377,0,0.005232900
pgvector,1,generar_emb,-,4378,0,0.016781500
pgvector,1,insert_emb,-,4378,0,0.005503700
pgvector,1,generar_emb,-,4379,0,0.013859600
pgvector,1,insert_emb,-,4379,0,0.005293200
pgvector,1,generar_emb,-,4380,0,0.025942600
pgvector,1,insert_emb,-,4380,0,0.005838600
pgvector,1,generar_emb,-,4381,0,0.021901600
pgvector,1,insert_emb,-,4381,0,0.006245000
pgvector,1,generar_emb,-,4382,0,0.021314800
pgvector,1,insert_emb,-,4382,0,0.006122100
pgvector,1,generar_emb,-,4383,0,0.023636900
pgvector,1,insert_emb,-,4383,0,0.004631400
pgvector,1,generar_emb,-,4384,0,0.014571800
pgvector,1,insert_emb,-,4384,0,0.004668900
pgvector,1,generar_emb,-,4385,0,0.011503400
pgvector,1,insert_emb,-,4385,0,0.004507800
pgvector,1,generar_emb,-,4386,0,0.010756800
pgvector,1,insert_emb,-,4386,0,0.004804200
pgvector,1,generar_emb,-,4387,0,0.012270000
pgvector,1,insert_emb,-,4387,0,0.004380500
pgvector,1,generar_emb,-,4388,0,0.014445600
pgvector,1,insert_emb,-,4388,0,0.004223200
pgvector,1,generar_emb,-,4389,0,0.012649100
pgvector,1,insert_emb,-,4389,0,0.004301000
pgvector,1,generar_emb,-,4390,0,0.012955000
pgvector,1,insert_emb,-,4390,0,0.004298800
pgvector,1,generar_emb,-,4391,0,0.011923400
pgvector,1,insert_emb,-,4391,0,0.004295500
pgvector,1,generar_emb,-,4392,0,0.011907400
pgvector,1,insert_emb,-,4392,0,0.004132000
pgvector,1,generar_emb,-,4393,0,0.015435600
pgvector,1,insert_emb,-,4393,0,0.004447000
pgvector,1,generar_emb,-,4394,0,0.011979500
pgvector,1,insert_emb,-,4394,0,0.004159000
pgvector,1,generar_emb,-,4395,0,0.014212700
pgvector,1,insert_emb,-,4395,0,0.004554500
pgvector,1,generar_emb,-,4396,0,0.012181800
pgvector,1,insert_emb,-,4396,0,0.004540400
pgvector,1,generar_emb,-,4397,0,0.012137300
pgvector,1,insert_emb,-,4397,0,0.004068800
pgvector,1,generar_emb,-,4398,0,0.012780400
pgvector,1,insert_emb,-,4398,0,0.004162700
pgvector,1,generar_emb,-,4399,0,0.014478000
pgvector,1,insert_emb,-,4399,0,0.004076000
pgvector,1,generar_emb,-,4400,0,0.011474200
pgvector,1,insert_emb,-,4400,0,0.004682000
pgvector,1,generar_emb,-,4401,0,0.011684000
pgvector,1,insert_emb,-,4401,0,0.005043700
pgvector,1,generar_emb,-,4402,0,0.013514600
pgvector,1,insert_emb,-,4402,0,0.004665400
pgvector,1,generar_emb,-,4403,0,0.012271000
pgvector,1,insert_emb,-,4403,0,0.005612200
pgvector,1,generar_emb,-,4404,0,0.012423100
pgvector,1,insert_emb,-,4404,0,0.004802500
pgvector,1,generar_emb,-,4405,0,0.013044600
pgvector,1,insert_emb,-,4405,0,0.004658800
pgvector,1,generar_emb,-,4406,0,0.011549800
pgvector,1,insert_emb,-,4406,0,0.004704300
pgvector,1,generar_emb,-,4407,0,0.012945300
pgvector,1,insert_emb,-,4407,0,0.004215100
pgvector,1,generar_emb,-,4408,0,0.012634900
pgvector,1,insert_emb,-,4408,0,0.004232800
pgvector,1,generar_emb,-,4409,0,0.013368400
pgvector,1,insert_emb,-,4409,0,0.004250400
pgvector,1,generar_emb,-,4410,0,0.013602100
pgvector,1,insert_emb,-,4410,0,0.004223100
pgvector,1,generar_emb,-,4411,0,0.013418000
pgvector,1,insert_emb,-,4411,0,0.004396300
pgvector,1,generar_emb,-,4412,0,0.016064700
pgvector,1,insert_emb,-,4412,0,0.004249900
pgvector,1,generar_emb,-,4413,0,0.013424300
pgvector,1,insert_emb,-,4413,0,0.004265200
pgvector,1,generar_emb,-,4414,0,0.012870300
pgvector,1,insert_emb,-,4414,0,0.004244500
pgvector,1,generar_emb,-,4415,0,0.012142400
pgvector,1,insert_emb,-,4415,0,0.004208800
pgvector,1,generar_emb,-,4416,0,0.015592700
pgvector,1,insert_emb,-,4416,0,0.004408800
pgvector,1,generar_emb,-,4417,0,0.011840700
pgvector,1,insert_emb,-,4417,0,0.004272200
pgvector,1,generar_emb,-,4418,0,0.012646500
pgvector,1,insert_emb,-,4418,0,0.004240400
pgvector,1,generar_emb,-,4419,0,0.012720600
pgvector,1,insert_emb,-,4419,0,0.004222800
pgvector,1,generar_emb,-,4420,0,0.015690000
pgvector,1,insert_emb,-,4420,0,0.004494000
pgvector,1,generar_emb,-,4421,0,0.015719200
pgvector,1,insert_emb,-,4421,0,0.004083300
pgvector,1,generar_emb,-,4422,0,0.011636300
pgvector,1,insert_emb,-,4422,0,0.004066100
pgvector,1,generar_emb,-,4423,0,0.012992400
pgvector,1,insert_emb,-,4423,0,0.004130100
pgvector,1,generar_emb,-,4424,0,0.012816500
pgvector,1,insert_emb,-,4424,0,0.004222100
pgvector,1,generar_emb,-,4425,0,0.013365300
pgvector,1,insert_emb,-,4425,0,0.004361000
pgvector,1,generar_emb,-,4426,0,0.014028100
pgvector,1,insert_emb,-,4426,0,0.004215000
pgvector,1,generar_emb,-,4427,0,0.012559200
pgvector,1,insert_emb,-,4427,0,0.004128100
pgvector,1,generar_emb,-,4428,0,0.011610400
pgvector,1,insert_emb,-,4428,0,0.004081900
pgvector,1,generar_emb,-,4429,0,0.010851100
pgvector,1,insert_emb,-,4429,0,0.004309600
pgvector,1,generar_emb,-,4430,0,0.015185500
pgvector,1,insert_emb,-,4430,0,0.004380200
pgvector,1,generar_emb,-,4431,0,0.011449800
pgvector,1,insert_emb,-,4431,0,0.004227700
pgvector,1,generar_emb,-,4432,0,0.011713200
pgvector,1,insert_emb,-,4432,0,0.004084000
pgvector,1,generar_emb,-,4433,0,0.011150300
pgvector,1,insert_emb,-,4433,0,0.004501100
pgvector,1,generar_emb,-,4434,0,0.012034500
pgvector,1,insert_emb,-,4434,0,0.004418300
pgvector,1,generar_emb,-,4435,0,0.012240600
pgvector,1,insert_emb,-,4435,0,0.004496400
pgvector,1,generar_emb,-,4436,0,0.012292500
pgvector,1,insert_emb,-,4436,0,0.004191600
pgvector,1,generar_emb,-,4437,0,0.012039100
pgvector,1,insert_emb,-,4437,0,0.004404100
pgvector,1,generar_emb,-,4438,0,0.010671200
pgvector,1,insert_emb,-,4438,0,0.004321400
pgvector,1,generar_emb,-,4439,0,0.011922300
pgvector,1,insert_emb,-,4439,0,0.004377900
pgvector,1,generar_emb,-,4440,0,0.013584500
pgvector,1,insert_emb,-,4440,0,0.004201400
pgvector,1,generar_emb,-,4441,0,0.019122200
pgvector,1,insert_emb,-,4441,0,0.005119900
pgvector,1,generar_emb,-,4442,0,0.013630700
pgvector,1,insert_emb,-,4442,0,0.004654400
pgvector,1,generar_emb,-,4443,0,0.012874200
pgvector,1,insert_emb,-,4443,0,0.004614900
pgvector,1,generar_emb,-,4444,0,0.012050000
pgvector,1,insert_emb,-,4444,0,0.004352200
pgvector,1,generar_emb,-,4445,0,0.013546500
pgvector,1,insert_emb,-,4445,0,0.004363800
pgvector,1,generar_emb,-,4446,0,0.012799900
pgvector,1,insert_emb,-,4446,0,0.004280600
pgvector,1,generar_emb,-,4447,0,0.011102900
pgvector,1,insert_emb,-,4447,0,0.004093700
pgvector,1,generar_emb,-,4448,0,0.010670500
pgvector,1,insert_emb,-,4448,0,0.004368100
pgvector,1,generar_emb,-,4449,0,0.011591000
pgvector,1,insert_emb,-,4449,0,0.004213400
pgvector,1,generar_emb,-,4450,0,0.011561100
pgvector,1,insert_emb,-,4450,0,0.004998600
pgvector,1,generar_emb,-,4451,0,0.013717400
pgvector,1,insert_emb,-,4451,0,0.004436500
pgvector,1,generar_emb,-,4452,0,0.013925000
pgvector,1,insert_emb,-,4452,0,0.004252300
pgvector,1,generar_emb,-,4453,0,0.011006200
pgvector,1,insert_emb,-,4453,0,0.004453100
pgvector,1,generar_emb,-,4454,0,0.012248700
pgvector,1,insert_emb,-,4454,0,0.004334700
pgvector,1,generar_emb,-,4455,0,0.011658700
pgvector,1,insert_emb,-,4455,0,0.004498900
pgvector,1,generar_emb,-,4456,0,0.011906600
pgvector,1,insert_emb,-,4456,0,0.004621200
pgvector,1,generar_emb,-,4457,0,0.015594600
pgvector,1,insert_emb,-,4457,0,0.004251400
pgvector,1,generar_emb,-,4458,0,0.013764800
pgvector,1,insert_emb,-,4458,0,0.004181300
pgvector,1,generar_emb,-,4459,0,0.013762700
pgvector,1,insert_emb,-,4459,0,0.004493400
pgvector,1,generar_emb,-,4460,0,0.011874500
pgvector,1,insert_emb,-,4460,0,0.004636600
pgvector,1,generar_emb,-,4461,0,0.013450900
pgvector,1,insert_emb,-,4461,0,0.004399200
pgvector,1,generar_emb,-,4462,0,0.011944300
pgvector,1,insert_emb,-,4462,0,0.004384300
pgvector,1,generar_emb,-,4463,0,0.011932900
pgvector,1,insert_emb,-,4463,0,0.003988700
pgvector,1,generar_emb,-,4464,0,0.012702100
pgvector,1,insert_emb,-,4464,0,0.003991100
pgvector,1,generar_emb,-,4465,0,0.013583500
pgvector,1,insert_emb,-,4465,0,0.004334400
pgvector,1,generar_emb,-,4466,0,0.013050000
pgvector,1,insert_emb,-,4466,0,0.003963900
pgvector,1,generar_emb,-,4467,0,0.011764700
pgvector,1,insert_emb,-,4467,0,0.004605500
pgvector,1,generar_emb,-,4468,0,0.012931100
pgvector,1,insert_emb,-,4468,0,0.004685200
pgvector,1,generar_emb,-,4469,0,0.012521300
pgvector,1,insert_emb,-,4469,0,0.004334700
pgvector,1,generar_emb,-,4470,0,0.012409100
pgvector,1,insert_emb,-,4470,0,0.004540700
pgvector,1,generar_emb,-,4471,0,0.013709200
pgvector,1,insert_emb,-,4471,0,0.004301600
pgvector,1,generar_emb,-,4472,0,0.011891000
pgvector,1,insert_emb,-,4472,0,0.004398200
pgvector,1,generar_emb,-,4473,0,0.010604300
pgvector,1,insert_emb,-,4473,0,0.004206300
pgvector,1,generar_emb,-,4474,0,0.012604400
pgvector,1,insert_emb,-,4474,0,0.004153200
pgvector,1,generar_emb,-,4475,0,0.013493300
pgvector,1,insert_emb,-,4475,0,0.004393400
pgvector,1,generar_emb,-,4476,0,0.012644900
pgvector,1,insert_emb,-,4476,0,0.004133800
pgvector,1,generar_emb,-,4477,0,0.010834100
pgvector,1,insert_emb,-,4477,0,0.004112500
pgvector,1,generar_emb,-,4478,0,0.011822300
pgvector,1,insert_emb,-,4478,0,0.004174200
pgvector,1,generar_emb,-,4479,0,0.012094400
pgvector,1,insert_emb,-,4479,0,0.004869600
pgvector,1,generar_emb,-,4480,0,0.012044300
pgvector,1,insert_emb,-,4480,0,0.004939900
pgvector,1,generar_emb,-,4481,0,0.013060900
pgvector,1,insert_emb,-,4481,0,0.004111300
pgvector,1,generar_emb,-,4482,0,0.012187200
pgvector,1,insert_emb,-,4482,0,0.004163300
pgvector,1,generar_emb,-,4483,0,0.012378300
pgvector,1,insert_emb,-,4483,0,0.004387800
pgvector,1,generar_emb,-,4484,0,0.013397300
pgvector,1,insert_emb,-,4484,0,0.004604400
pgvector,1,generar_emb,-,4485,0,0.013179400
pgvector,1,insert_emb,-,4485,0,0.004531300
pgvector,1,generar_emb,-,4486,0,0.012513200
pgvector,1,insert_emb,-,4486,0,0.004489900
pgvector,1,generar_emb,-,4487,0,0.010803700
pgvector,1,insert_emb,-,4487,0,0.004361600
pgvector,1,generar_emb,-,4488,0,0.012754900
pgvector,1,insert_emb,-,4488,0,0.004404300
pgvector,1,generar_emb,-,4489,0,0.014251700
pgvector,1,insert_emb,-,4489,0,0.004691200
pgvector,1,generar_emb,-,4490,0,0.011713900
pgvector,1,insert_emb,-,4490,0,0.004590000
pgvector,1,generar_emb,-,4491,0,0.011796900
pgvector,1,insert_emb,-,4491,0,0.004627500
pgvector,1,generar_emb,-,4492,0,0.011132500
pgvector,1,insert_emb,-,4492,0,0.004622600
pgvector,1,generar_emb,-,4493,0,0.014024900
pgvector,1,insert_emb,-,4493,0,0.004368900
pgvector,1,generar_emb,-,4494,0,0.013204800
pgvector,1,insert_emb,-,4494,0,0.004465200
pgvector,1,generar_emb,-,4495,0,0.011191900
pgvector,1,insert_emb,-,4495,0,0.004855100
pgvector,1,generar_emb,-,4496,0,0.011687600
pgvector,1,insert_emb,-,4496,0,0.004420700
pgvector,1,generar_emb,-,4497,0,0.011841000
pgvector,1,insert_emb,-,4497,0,0.003996800
pgvector,1,generar_emb,-,4498,0,0.012353100
pgvector,1,insert_emb,-,4498,0,0.004261100
pgvector,1,generar_emb,-,4499,0,0.011001900
pgvector,1,insert_emb,-,4499,0,0.004260100
pgvector,1,generar_emb,-,4500,0,0.015488800
pgvector,1,insert_emb,-,4500,0,0.005252100
pgvector,1,generar_emb,-,4501,0,0.013724600
pgvector,1,insert_emb,-,4501,0,0.004685500
pgvector,1,generar_emb,-,4502,0,0.014639300
pgvector,1,insert_emb,-,4502,0,0.004722700
pgvector,1,generar_emb,-,4503,0,0.014239700
pgvector,1,insert_emb,-,4503,0,0.004976500
pgvector,1,generar_emb,-,4504,0,0.014128600
pgvector,1,insert_emb,-,4504,0,0.004962300
pgvector,1,generar_emb,-,4505,0,0.012784000
pgvector,1,insert_emb,-,4505,0,0.005032300
pgvector,1,generar_emb,-,4506,0,0.013392900
pgvector,1,insert_emb,-,4506,0,0.004717900
pgvector,1,generar_emb,-,4507,0,0.016175200
pgvector,1,insert_emb,-,4507,0,0.004882800
pgvector,1,generar_emb,-,4508,0,0.013331900
pgvector,1,insert_emb,-,4508,0,0.004603100
pgvector,1,generar_emb,-,4509,0,0.015898700
pgvector,1,insert_emb,-,4509,0,0.005939900
pgvector,1,generar_emb,-,4510,0,0.018274000
pgvector,1,insert_emb,-,4510,0,0.004823500
pgvector,1,generar_emb,-,4511,0,0.014746800
pgvector,1,insert_emb,-,4511,0,0.004226800
pgvector,1,generar_emb,-,4512,0,0.012782200
pgvector,1,insert_emb,-,4512,0,0.004238700
pgvector,1,generar_emb,-,4513,0,0.015863500
pgvector,1,insert_emb,-,4513,0,0.004271000
pgvector,1,generar_emb,-,4514,0,0.014364100
pgvector,1,insert_emb,-,4514,0,0.004320900
pgvector,1,generar_emb,-,4515,0,0.010807200
pgvector,1,insert_emb,-,4515,0,0.004154500
pgvector,1,generar_emb,-,4516,0,0.012120100
pgvector,1,insert_emb,-,4516,0,0.004424900
pgvector,1,generar_emb,-,4517,0,0.011568300
pgvector,1,insert_emb,-,4517,0,0.004474300
pgvector,1,generar_emb,-,4518,0,0.013122400
pgvector,1,insert_emb,-,4518,0,0.004296400
pgvector,1,generar_emb,-,4519,0,0.012855300
pgvector,1,insert_emb,-,4519,0,0.004246100
pgvector,1,generar_emb,-,4520,0,0.012258800
pgvector,1,insert_emb,-,4520,0,0.004685800
pgvector,1,generar_emb,-,4521,0,0.011281800
pgvector,1,insert_emb,-,4521,0,0.004494600
pgvector,1,generar_emb,-,4522,0,0.014221600
pgvector,1,insert_emb,-,4522,0,0.004386700
pgvector,1,generar_emb,-,4523,0,0.012456200
pgvector,1,insert_emb,-,4523,0,0.004528300
pgvector,1,generar_emb,-,4524,0,0.012172300
pgvector,1,insert_emb,-,4524,0,0.004448900
pgvector,1,generar_emb,-,4525,0,0.012751300
pgvector,1,insert_emb,-,4525,0,0.004420500
pgvector,1,generar_emb,-,4526,0,0.012511800
pgvector,1,insert_emb,-,4526,0,0.004148300
pgvector,1,generar_emb,-,4527,0,0.013124600
pgvector,1,insert_emb,-,4527,0,0.004475300
pgvector,1,generar_emb,-,4528,0,0.013478800
pgvector,1,insert_emb,-,4528,0,0.004404100
pgvector,1,generar_emb,-,4529,0,0.011058800
pgvector,1,insert_emb,-,4529,0,0.004271500
pgvector,1,generar_emb,-,4530,0,0.012088200
pgvector,1,insert_emb,-,4530,0,0.004330800
pgvector,1,generar_emb,-,4531,0,0.011983400
pgvector,1,insert_emb,-,4531,0,0.004546100
pgvector,1,generar_emb,-,4532,0,0.013701500
pgvector,1,insert_emb,-,4532,0,0.004532300
pgvector,1,generar_emb,-,4533,0,0.010863700
pgvector,1,insert_emb,-,4533,0,0.004473900
pgvector,1,generar_emb,-,4534,0,0.013772500
pgvector,1,insert_emb,-,4534,0,0.004366200
pgvector,1,generar_emb,-,4535,0,0.012456700
pgvector,1,insert_emb,-,4535,0,0.004412800
pgvector,1,generar_emb,-,4536,0,0.012161700
pgvector,1,insert_emb,-,4536,0,0.004376100
pgvector,1,generar_emb,-,4537,0,0.012366300
pgvector,1,insert_emb,-,4537,0,0.004466500
pgvector,1,generar_emb,-,4538,0,0.013094500
pgvector,1,insert_emb,-,4538,0,0.004315100
pgvector,1,generar_emb,-,4539,0,0.013613000
pgvector,1,insert_emb,-,4539,0,0.004337100
pgvector,1,generar_emb,-,4540,0,0.012744500
pgvector,1,insert_emb,-,4540,0,0.004307900
pgvector,1,generar_emb,-,4541,0,0.013566400
pgvector,1,insert_emb,-,4541,0,0.004508600
pgvector,1,generar_emb,-,4542,0,0.011967500
pgvector,1,insert_emb,-,4542,0,0.004217100
pgvector,1,generar_emb,-,4543,0,0.011763500
pgvector,1,insert_emb,-,4543,0,0.004285800
pgvector,1,generar_emb,-,4544,0,0.012193000
pgvector,1,insert_emb,-,4544,0,0.004391400
pgvector,1,generar_emb,-,4545,0,0.012093700
pgvector,1,insert_emb,-,4545,0,0.004452800
pgvector,1,generar_emb,-,4546,0,0.013049900
pgvector,1,insert_emb,-,4546,0,0.004748700
pgvector,1,generar_emb,-,4547,0,0.011893300
pgvector,1,insert_emb,-,4547,0,0.004373300
pgvector,1,generar_emb,-,4548,0,0.013208200
pgvector,1,insert_emb,-,4548,0,0.004589300
pgvector,1,generar_emb,-,4549,0,0.011560400
pgvector,1,insert_emb,-,4549,0,0.004379800
pgvector,1,generar_emb,-,4550,0,0.013733800
pgvector,1,insert_emb,-,4550,0,0.004295500
pgvector,1,generar_emb,-,4551,0,0.012751600
pgvector,1,insert_emb,-,4551,0,0.004705800
pgvector,1,generar_emb,-,4552,0,0.010890700
pgvector,1,insert_emb,-,4552,0,0.004451800
pgvector,1,generar_emb,-,4553,0,0.012020400
pgvector,1,insert_emb,-,4553,0,0.004545300
pgvector,1,generar_emb,-,4554,0,0.011922200
pgvector,1,insert_emb,-,4554,0,0.004330200
pgvector,1,generar_emb,-,4555,0,0.012054000
pgvector,1,insert_emb,-,4555,0,0.004338700
pgvector,1,generar_emb,-,4556,0,0.013765900
pgvector,1,insert_emb,-,4556,0,0.004462000
pgvector,1,generar_emb,-,4557,0,0.013660700
pgvector,1,insert_emb,-,4557,0,0.004452100
pgvector,1,generar_emb,-,4558,0,0.014836400
pgvector,1,insert_emb,-,4558,0,0.004368100
pgvector,1,generar_emb,-,4559,0,0.011998400
pgvector,1,insert_emb,-,4559,0,0.004338400
pgvector,1,generar_emb,-,4560,0,0.014042300
pgvector,1,insert_emb,-,4560,0,0.004618300
pgvector,1,generar_emb,-,4561,0,0.012777000
pgvector,1,insert_emb,-,4561,0,0.004561200
pgvector,1,generar_emb,-,4562,0,0.011344600
pgvector,1,insert_emb,-,4562,0,0.004514500
pgvector,1,generar_emb,-,4563,0,0.012484800
pgvector,1,insert_emb,-,4563,0,0.004518600
pgvector,1,generar_emb,-,4564,0,0.012466300
pgvector,1,insert_emb,-,4564,0,0.004214900
pgvector,1,generar_emb,-,4565,0,0.011754100
pgvector,1,insert_emb,-,4565,0,0.004217600
pgvector,1,generar_emb,-,4566,0,0.011133500
pgvector,1,insert_emb,-,4566,0,0.004050500
pgvector,1,generar_emb,-,4567,0,0.011614900
pgvector,1,insert_emb,-,4567,0,0.004257300
pgvector,1,generar_emb,-,4568,0,0.011571100
pgvector,1,insert_emb,-,4568,0,0.004235600
pgvector,1,generar_emb,-,4569,0,0.011770900
pgvector,1,insert_emb,-,4569,0,0.004603300
pgvector,1,generar_emb,-,4570,0,0.015812600
pgvector,1,insert_emb,-,4570,0,0.004481700
pgvector,1,generar_emb,-,4571,0,0.011501200
pgvector,1,insert_emb,-,4571,0,0.004204100
pgvector,1,generar_emb,-,4572,0,0.011870000
pgvector,1,insert_emb,-,4572,0,0.004142800
pgvector,1,generar_emb,-,4573,0,0.012931900
pgvector,1,insert_emb,-,4573,0,0.004429100
pgvector,1,generar_emb,-,4574,0,0.012856800
pgvector,1,insert_emb,-,4574,0,0.004571400
pgvector,1,generar_emb,-,4575,0,0.010967500
pgvector,1,insert_emb,-,4575,0,0.004331300
pgvector,1,generar_emb,-,4576,0,0.011514300
pgvector,1,insert_emb,-,4576,0,0.004193500
pgvector,1,generar_emb,-,4577,0,0.010966200
pgvector,1,insert_emb,-,4577,0,0.004220500
pgvector,1,generar_emb,-,4578,0,0.010919900
pgvector,1,insert_emb,-,4578,0,0.004194700
pgvector,1,generar_emb,-,4579,0,0.011620600
pgvector,1,insert_emb,-,4579,0,0.004131000
pgvector,1,generar_emb,-,4580,0,0.011101900
pgvector,1,insert_emb,-,4580,0,0.004301500
pgvector,1,generar_emb,-,4581,0,0.010769500
pgvector,1,insert_emb,-,4581,0,0.004364700
pgvector,1,generar_emb,-,4582,0,0.011442500
pgvector,1,insert_emb,-,4582,0,0.004812300
pgvector,1,generar_emb,-,4583,0,0.011657900
pgvector,1,insert_emb,-,4583,0,0.004703800
pgvector,1,generar_emb,-,4584,0,0.010787400
pgvector,1,insert_emb,-,4584,0,0.004508200
pgvector,1,generar_emb,-,4585,0,0.010833800
pgvector,1,insert_emb,-,4585,0,0.004592200
pgvector,1,generar_emb,-,4586,0,0.012279500
pgvector,1,insert_emb,-,4586,0,0.004636600
pgvector,1,generar_emb,-,4587,0,0.011720500
pgvector,1,insert_emb,-,4587,0,0.004443800
pgvector,1,generar_emb,-,4588,0,0.011136800
pgvector,1,insert_emb,-,4588,0,0.004382300
pgvector,1,generar_emb,-,4589,0,0.012574200
pgvector,1,insert_emb,-,4589,0,0.004594600
pgvector,1,generar_emb,-,4590,0,0.011630100
pgvector,1,insert_emb,-,4590,0,0.004344200
pgvector,1,generar_emb,-,4591,0,0.011151200
pgvector,1,insert_emb,-,4591,0,0.004102300
pgvector,1,generar_emb,-,4592,0,0.012583400
pgvector,1,insert_emb,-,4592,0,0.004212400
pgvector,1,generar_emb,-,4593,0,0.011809200
pgvector,1,insert_emb,-,4593,0,0.004192300
pgvector,1,generar_emb,-,4594,0,0.011372700
pgvector,1,insert_emb,-,4594,0,0.004268100
pgvector,1,generar_emb,-,4595,0,0.012180900
pgvector,1,insert_emb,-,4595,0,0.004403300
pgvector,1,generar_emb,-,4596,0,0.010711500
pgvector,1,insert_emb,-,4596,0,0.004349900
pgvector,1,generar_emb,-,4597,0,0.011229000
pgvector,1,insert_emb,-,4597,0,0.004272000
pgvector,1,generar_emb,-,4598,0,0.012424200
pgvector,1,insert_emb,-,4598,0,0.004279100
pgvector,1,generar_emb,-,4599,0,0.013947100
pgvector,1,insert_emb,-,4599,0,0.004503300
pgvector,1,generar_emb,-,4600,0,0.011587600
pgvector,1,insert_emb,-,4600,0,0.004513000
pgvector,1,generar_emb,-,4601,0,0.012182400
pgvector,1,insert_emb,-,4601,0,0.004722000
pgvector,1,generar_emb,-,4602,0,0.012427600
pgvector,1,insert_emb,-,4602,0,0.004101300
pgvector,1,generar_emb,-,4603,0,0.013722400
pgvector,1,insert_emb,-,4603,0,0.004288800
pgvector,1,generar_emb,-,4604,0,0.012814400
pgvector,1,insert_emb,-,4604,0,0.004351700
pgvector,1,generar_emb,-,4605,0,0.013821200
pgvector,1,insert_emb,-,4605,0,0.004343600
pgvector,1,generar_emb,-,4606,0,0.011786800
pgvector,1,insert_emb,-,4606,0,0.004575600
pgvector,1,generar_emb,-,4607,0,0.012624700
pgvector,1,insert_emb,-,4607,0,0.004454000
pgvector,1,generar_emb,-,4608,0,0.014239500
pgvector,1,insert_emb,-,4608,0,0.004375200
pgvector,1,generar_emb,-,4609,0,0.012294800
pgvector,1,insert_emb,-,4609,0,0.004151900
pgvector,1,generar_emb,-,4610,0,0.011693900
pgvector,1,insert_emb,-,4610,0,0.004440900
pgvector,1,generar_emb,-,4611,0,0.013995300
pgvector,1,insert_emb,-,4611,0,0.004553100
pgvector,1,generar_emb,-,4612,0,0.014554800
pgvector,1,insert_emb,-,4612,0,0.004477700
pgvector,1,generar_emb,-,4613,0,0.015718100
pgvector,1,insert_emb,-,4613,0,0.004684300
pgvector,1,generar_emb,-,4614,0,0.011292200
pgvector,1,insert_emb,-,4614,0,0.004184500
pgvector,1,generar_emb,-,4615,0,0.011101500
pgvector,1,insert_emb,-,4615,0,0.004765100
pgvector,1,generar_emb,-,4616,0,0.010283500
pgvector,1,insert_emb,-,4616,0,0.004331000
pgvector,1,generar_emb,-,4617,0,0.012270400
pgvector,1,insert_emb,-,4617,0,0.004420400
pgvector,1,generar_emb,-,4618,0,0.011428500
pgvector,1,insert_emb,-,4618,0,0.004332900
pgvector,1,generar_emb,-,4619,0,0.010857000
pgvector,1,insert_emb,-,4619,0,0.004539100
pgvector,1,generar_emb,-,4620,0,0.011161300
pgvector,1,insert_emb,-,4620,0,0.004460700
pgvector,1,generar_emb,-,4621,0,0.012912500
pgvector,1,insert_emb,-,4621,0,0.004354800
pgvector,1,generar_emb,-,4622,0,0.011153200
pgvector,1,insert_emb,-,4622,0,0.004287900
pgvector,1,generar_emb,-,4623,0,0.011885400
pgvector,1,insert_emb,-,4623,0,0.004206300
pgvector,1,generar_emb,-,4624,0,0.013587400
pgvector,1,insert_emb,-,4624,0,0.004532600
pgvector,1,generar_emb,-,4625,0,0.010801300
pgvector,1,insert_emb,-,4625,0,0.004338500
pgvector,1,generar_emb,-,4626,0,0.011584000
pgvector,1,insert_emb,-,4626,0,0.004239100
pgvector,1,generar_emb,-,4627,0,0.012503900
pgvector,1,insert_emb,-,4627,0,0.004460600
pgvector,1,generar_emb,-,4628,0,0.014933000
pgvector,1,insert_emb,-,4628,0,0.004312300
pgvector,1,generar_emb,-,4629,0,0.012029700
pgvector,1,insert_emb,-,4629,0,0.004232200
pgvector,1,generar_emb,-,4630,0,0.012994200
pgvector,1,insert_emb,-,4630,0,0.004274500
pgvector,1,generar_emb,-,4631,0,0.010873300
pgvector,1,insert_emb,-,4631,0,0.004059300
pgvector,1,generar_emb,-,4632,0,0.011007600
pgvector,1,insert_emb,-,4632,0,0.004180300
pgvector,1,generar_emb,-,4633,0,0.013956300
pgvector,1,insert_emb,-,4633,0,0.004341400
pgvector,1,generar_emb,-,4634,0,0.011755600
pgvector,1,insert_emb,-,4634,0,0.004479000
pgvector,1,generar_emb,-,4635,0,0.012563600
pgvector,1,insert_emb,-,4635,0,0.004364500
pgvector,1,generar_emb,-,4636,0,0.011282300
pgvector,1,insert_emb,-,4636,0,0.004425900
pgvector,1,generar_emb,-,4637,0,0.010660500
pgvector,1,insert_emb,-,4637,0,0.004253800
pgvector,1,generar_emb,-,4638,0,0.014343100
pgvector,1,insert_emb,-,4638,0,0.004328800
pgvector,1,generar_emb,-,4639,0,0.013540200
pgvector,1,insert_emb,-,4639,0,0.004145300
pgvector,1,generar_emb,-,4640,0,0.010755600
pgvector,1,insert_emb,-,4640,0,0.004358700
pgvector,1,generar_emb,-,4641,0,0.013437300
pgvector,1,insert_emb,-,4641,0,0.004473700
pgvector,1,generar_emb,-,4642,0,0.013363800
pgvector,1,insert_emb,-,4642,0,0.004133100
pgvector,1,generar_emb,-,4643,0,0.011671500
pgvector,1,insert_emb,-,4643,0,0.004270800
pgvector,1,generar_emb,-,4644,0,0.011412000
pgvector,1,insert_emb,-,4644,0,0.004391100
pgvector,1,generar_emb,-,4645,0,0.010742100
pgvector,1,insert_emb,-,4645,0,0.004289000
pgvector,1,generar_emb,-,4646,0,0.012960800
pgvector,1,insert_emb,-,4646,0,0.004448400
pgvector,1,generar_emb,-,4647,0,0.015782900
pgvector,1,insert_emb,-,4647,0,0.004624400
pgvector,1,generar_emb,-,4648,0,0.012617200
pgvector,1,insert_emb,-,4648,0,0.004554300
pgvector,1,generar_emb,-,4649,0,0.013225400
pgvector,1,insert_emb,-,4649,0,0.004545900
pgvector,1,generar_emb,-,4650,0,0.012628000
pgvector,1,insert_emb,-,4650,0,0.004279000
pgvector,1,generar_emb,-,4651,0,0.012471600
pgvector,1,insert_emb,-,4651,0,0.004252200
pgvector,1,generar_emb,-,4652,0,0.015332100
pgvector,1,insert_emb,-,4652,0,0.004448200
pgvector,1,generar_emb,-,4653,0,0.018378900
pgvector,1,insert_emb,-,4653,0,0.004452700
pgvector,1,generar_emb,-,4654,0,0.014003000
pgvector,1,insert_emb,-,4654,0,0.004462800
pgvector,1,generar_emb,-,4655,0,0.012857500
pgvector,1,insert_emb,-,4655,0,0.004424800
pgvector,1,generar_emb,-,4656,0,0.011824200
pgvector,1,insert_emb,-,4656,0,0.004254000
pgvector,1,generar_emb,-,4657,0,0.010988400
pgvector,1,insert_emb,-,4657,0,0.004819600
pgvector,1,generar_emb,-,4658,0,0.011883700
pgvector,1,insert_emb,-,4658,0,0.004161700
pgvector,1,generar_emb,-,4659,0,0.014360300
pgvector,1,insert_emb,-,4659,0,0.004595600
pgvector,1,generar_emb,-,4660,0,0.011864700
pgvector,1,insert_emb,-,4660,0,0.004423800
pgvector,1,generar_emb,-,4661,0,0.013007600
pgvector,1,insert_emb,-,4661,0,0.004159700
pgvector,1,generar_emb,-,4662,0,0.013386500
pgvector,1,insert_emb,-,4662,0,0.004259300
pgvector,1,generar_emb,-,4663,0,0.013129700
pgvector,1,insert_emb,-,4663,0,0.004135300
pgvector,1,generar_emb,-,4664,0,0.012946400
pgvector,1,insert_emb,-,4664,0,0.004327200
pgvector,1,generar_emb,-,4665,0,0.015025700
pgvector,1,insert_emb,-,4665,0,0.004122400
pgvector,1,generar_emb,-,4666,0,0.016366300
pgvector,1,insert_emb,-,4666,0,0.004608400
pgvector,1,generar_emb,-,4667,0,0.013481200
pgvector,1,insert_emb,-,4667,0,0.004244700
pgvector,1,generar_emb,-,4668,0,0.015249800
pgvector,1,insert_emb,-,4668,0,0.004353400
pgvector,1,generar_emb,-,4669,0,0.012128500
pgvector,1,insert_emb,-,4669,0,0.004462800
pgvector,1,generar_emb,-,4670,0,0.011477700
pgvector,1,insert_emb,-,4670,0,0.004454000
pgvector,1,generar_emb,-,4671,0,0.011893700
pgvector,1,insert_emb,-,4671,0,0.004294000
pgvector,1,generar_emb,-,4672,0,0.014074400
pgvector,1,insert_emb,-,4672,0,0.004563400
pgvector,1,generar_emb,-,4673,0,0.012028800
pgvector,1,insert_emb,-,4673,0,0.004613200
pgvector,1,generar_emb,-,4674,0,0.012943800
pgvector,1,insert_emb,-,4674,0,0.004460100
pgvector,1,generar_emb,-,4675,0,0.013672900
pgvector,1,insert_emb,-,4675,0,0.004633300
pgvector,1,generar_emb,-,4676,0,0.015473100
pgvector,1,insert_emb,-,4676,0,0.004790600
pgvector,1,generar_emb,-,4677,0,0.013154600
pgvector,1,insert_emb,-,4677,0,0.004624500
pgvector,1,generar_emb,-,4678,0,0.013448400
pgvector,1,insert_emb,-,4678,0,0.004783600
pgvector,1,generar_emb,-,4679,0,0.013880200
pgvector,1,insert_emb,-,4679,0,0.004714500
pgvector,1,generar_emb,-,4680,0,0.013276200
pgvector,1,insert_emb,-,4680,0,0.004794900
pgvector,1,generar_emb,-,4681,0,0.013932500
pgvector,1,insert_emb,-,4681,0,0.004391300
pgvector,1,generar_emb,-,4682,0,0.016565900
pgvector,1,insert_emb,-,4682,0,0.004392400
pgvector,1,generar_emb,-,4683,0,0.012609000
pgvector,1,insert_emb,-,4683,0,0.004446300
pgvector,1,generar_emb,-,4684,0,0.015703200
pgvector,1,insert_emb,-,4684,0,0.004831300
pgvector,1,generar_emb,-,4685,0,0.012724900
pgvector,1,insert_emb,-,4685,0,0.004372600
pgvector,1,generar_emb,-,4686,0,0.017438200
pgvector,1,insert_emb,-,4686,0,0.004468700
pgvector,1,generar_emb,-,4687,0,0.013475000
pgvector,1,insert_emb,-,4687,0,0.004305700
pgvector,1,generar_emb,-,4688,0,0.012129700
pgvector,1,insert_emb,-,4688,0,0.004380700
pgvector,1,generar_emb,-,4689,0,0.012974100
pgvector,1,insert_emb,-,4689,0,0.004352200
pgvector,1,generar_emb,-,4690,0,0.012503200
pgvector,1,insert_emb,-,4690,0,0.004159400
pgvector,1,generar_emb,-,4691,0,0.013860400
pgvector,1,insert_emb,-,4691,0,0.004465600
pgvector,1,generar_emb,-,4692,0,0.010586200
pgvector,1,insert_emb,-,4692,0,0.004192600
pgvector,1,generar_emb,-,4693,0,0.012836300
pgvector,1,insert_emb,-,4693,0,0.004242200
pgvector,1,generar_emb,-,4694,0,0.010604600
pgvector,1,insert_emb,-,4694,0,0.004223000
pgvector,1,generar_emb,-,4695,0,0.011814100
pgvector,1,insert_emb,-,4695,0,0.004414200
pgvector,1,generar_emb,-,4696,0,0.011361100
pgvector,1,insert_emb,-,4696,0,0.004528700
pgvector,1,generar_emb,-,4697,0,0.012482300
pgvector,1,insert_emb,-,4697,0,0.004137500
pgvector,1,generar_emb,-,4698,0,0.013219100
pgvector,1,insert_emb,-,4698,0,0.004458000
pgvector,1,generar_emb,-,4699,0,0.010791200
pgvector,1,insert_emb,-,4699,0,0.004677000
pgvector,1,generar_emb,-,4700,0,0.011538500
pgvector,1,insert_emb,-,4700,0,0.004784500
pgvector,1,generar_emb,-,4701,0,0.011026700
pgvector,1,insert_emb,-,4701,0,0.004785700
pgvector,1,generar_emb,-,4702,0,0.012342800
pgvector,1,insert_emb,-,4702,0,0.004386600
pgvector,1,generar_emb,-,4703,0,0.011520500
pgvector,1,insert_emb,-,4703,0,0.004423700
pgvector,1,generar_emb,-,4704,0,0.011864100
pgvector,1,insert_emb,-,4704,0,0.004454800
pgvector,1,generar_emb,-,4705,0,0.013201200
pgvector,1,insert_emb,-,4705,0,0.004538000
pgvector,1,generar_emb,-,4706,0,0.010787700
pgvector,1,insert_emb,-,4706,0,0.004321800
pgvector,1,generar_emb,-,4707,0,0.012798100
pgvector,1,insert_emb,-,4707,0,0.004334900
pgvector,1,generar_emb,-,4708,0,0.013701800
pgvector,1,insert_emb,-,4708,0,0.004263500
pgvector,1,generar_emb,-,4709,0,0.013113100
pgvector,1,insert_emb,-,4709,0,0.004586000
pgvector,1,generar_emb,-,4710,0,0.011098000
pgvector,1,insert_emb,-,4710,0,0.004189300
pgvector,1,generar_emb,-,4711,0,0.014040900
pgvector,1,insert_emb,-,4711,0,0.004316500
pgvector,1,generar_emb,-,4712,0,0.013288300
pgvector,1,insert_emb,-,4712,0,0.004420300
pgvector,1,generar_emb,-,4713,0,0.015638800
pgvector,1,insert_emb,-,4713,0,0.004280200
pgvector,1,generar_emb,-,4714,0,0.012164400
pgvector,1,insert_emb,-,4714,0,0.004248100
pgvector,1,generar_emb,-,4715,0,0.016787000
pgvector,1,insert_emb,-,4715,0,0.004869900
pgvector,1,generar_emb,-,4716,0,0.011130000
pgvector,1,insert_emb,-,4716,0,0.004500200
pgvector,1,generar_emb,-,4717,0,0.011272900
pgvector,1,insert_emb,-,4717,0,0.004693300
pgvector,1,generar_emb,-,4718,0,0.011592200
pgvector,1,insert_emb,-,4718,0,0.004386200
pgvector,1,generar_emb,-,4719,0,0.013271900
pgvector,1,insert_emb,-,4719,0,0.004071200
pgvector,1,generar_emb,-,4720,0,0.013021100
pgvector,1,insert_emb,-,4720,0,0.004241700
pgvector,1,generar_emb,-,4721,0,0.014841300
pgvector,1,insert_emb,-,4721,0,0.004336500
pgvector,1,generar_emb,-,4722,0,0.013885300
pgvector,1,insert_emb,-,4722,0,0.004666500
pgvector,1,generar_emb,-,4723,0,0.013482500
pgvector,1,insert_emb,-,4723,0,0.004320500
pgvector,1,generar_emb,-,4724,0,0.012802200
pgvector,1,insert_emb,-,4724,0,0.004473100
pgvector,1,generar_emb,-,4725,0,0.015168500
pgvector,1,insert_emb,-,4725,0,0.004814700
pgvector,1,generar_emb,-,4726,0,0.014057300
pgvector,1,insert_emb,-,4726,0,0.004269700
pgvector,1,generar_emb,-,4727,0,0.012265800
pgvector,1,insert_emb,-,4727,0,0.004343800
pgvector,1,generar_emb,-,4728,0,0.014445000
pgvector,1,insert_emb,-,4728,0,0.004263600
pgvector,1,generar_emb,-,4729,0,0.011049200
pgvector,1,insert_emb,-,4729,0,0.004631600
pgvector,1,generar_emb,-,4730,0,0.012702800
pgvector,1,insert_emb,-,4730,0,0.004793900
pgvector,1,generar_emb,-,4731,0,0.011397400
pgvector,1,insert_emb,-,4731,0,0.004460200
pgvector,1,generar_emb,-,4732,0,0.012845200
pgvector,1,insert_emb,-,4732,0,0.004409700
pgvector,1,generar_emb,-,4733,0,0.012604700
pgvector,1,insert_emb,-,4733,0,0.004033900
pgvector,1,generar_emb,-,4734,0,0.014264100
pgvector,1,insert_emb,-,4734,0,0.005109100
pgvector,1,generar_emb,-,4735,0,0.013157100
pgvector,1,insert_emb,-,4735,0,0.004816100
pgvector,1,generar_emb,-,4736,0,0.013048100
pgvector,1,insert_emb,-,4736,0,0.004387000
pgvector,1,generar_emb,-,4737,0,0.011637200
pgvector,1,insert_emb,-,4737,0,0.004263600
pgvector,1,generar_emb,-,4738,0,0.011856500
pgvector,1,insert_emb,-,4738,0,0.004225100
pgvector,1,generar_emb,-,4739,0,0.013309800
pgvector,1,insert_emb,-,4739,0,0.004342500
pgvector,1,generar_emb,-,4740,0,0.011015700
pgvector,1,insert_emb,-,4740,0,0.004582200
pgvector,1,generar_emb,-,4741,0,0.014397700
pgvector,1,insert_emb,-,4741,0,0.005086100
pgvector,1,generar_emb,-,4742,0,0.016130200
pgvector,1,insert_emb,-,4742,0,0.004397000
pgvector,1,generar_emb,-,4743,0,0.014245100
pgvector,1,insert_emb,-,4743,0,0.004317600
pgvector,1,generar_emb,-,4744,0,0.013887500
pgvector,1,insert_emb,-,4744,0,0.004337800
pgvector,1,generar_emb,-,4745,0,0.012699400
pgvector,1,insert_emb,-,4745,0,0.004409300
pgvector,1,generar_emb,-,4746,0,0.012966200
pgvector,1,insert_emb,-,4746,0,0.004266500
pgvector,1,generar_emb,-,4747,0,0.014545200
pgvector,1,insert_emb,-,4747,0,0.004431100
pgvector,1,generar_emb,-,4748,0,0.014196300
pgvector,1,insert_emb,-,4748,0,0.003956300
pgvector,1,generar_emb,-,4749,0,0.012249500
pgvector,1,insert_emb,-,4749,0,0.003969600
pgvector,1,generar_emb,-,4750,0,0.012839900
pgvector,1,insert_emb,-,4750,0,0.004452200
pgvector,1,generar_emb,-,4751,0,0.012209900
pgvector,1,insert_emb,-,4751,0,0.004343800
pgvector,1,generar_emb,-,4752,0,0.012953900
pgvector,1,insert_emb,-,4752,0,0.004410000
pgvector,1,generar_emb,-,4753,0,0.011489800
pgvector,1,insert_emb,-,4753,0,0.004572800
pgvector,1,generar_emb,-,4754,0,0.014780400
pgvector,1,insert_emb,-,4754,0,0.004850000
pgvector,1,generar_emb,-,4755,0,0.010822000
pgvector,1,insert_emb,-,4755,0,0.004496800
pgvector,1,generar_emb,-,4756,0,0.011502700
pgvector,1,insert_emb,-,4756,0,0.004390300
pgvector,1,generar_emb,-,4757,0,0.010736500
pgvector,1,insert_emb,-,4757,0,0.004296500
pgvector,1,generar_emb,-,4758,0,0.011097100
pgvector,1,insert_emb,-,4758,0,0.004424400
pgvector,1,generar_emb,-,4759,0,0.011202900
pgvector,1,insert_emb,-,4759,0,0.004402100
pgvector,1,generar_emb,-,4760,0,0.011533300
pgvector,1,insert_emb,-,4760,0,0.004900500
pgvector,1,generar_emb,-,4761,0,0.012526300
pgvector,1,insert_emb,-,4761,0,0.004358100
pgvector,1,generar_emb,-,4762,0,0.015528100
pgvector,1,insert_emb,-,4762,0,0.004309700
pgvector,1,generar_emb,-,4763,0,0.012315900
pgvector,1,insert_emb,-,4763,0,0.004351200
pgvector,1,generar_emb,-,4764,0,0.011744500
pgvector,1,insert_emb,-,4764,0,0.004518900
pgvector,1,generar_emb,-,4765,0,0.010464100
pgvector,1,insert_emb,-,4765,0,0.004391500
pgvector,1,generar_emb,-,4766,0,0.010832300
pgvector,1,insert_emb,-,4766,0,0.004462100
pgvector,1,generar_emb,-,4767,0,0.011865000
pgvector,1,insert_emb,-,4767,0,0.004446100
pgvector,1,generar_emb,-,4768,0,0.011081200
pgvector,1,insert_emb,-,4768,0,0.004518000
pgvector,1,generar_emb,-,4769,0,0.011859600
pgvector,1,insert_emb,-,4769,0,0.004640300
pgvector,1,generar_emb,-,4770,0,0.010988400
pgvector,1,insert_emb,-,4770,0,0.004759600
pgvector,1,generar_emb,-,4771,0,0.011442300
pgvector,1,insert_emb,-,4771,0,0.004488400
pgvector,1,generar_emb,-,4772,0,0.010981800
pgvector,1,insert_emb,-,4772,0,0.004659700
pgvector,1,generar_emb,-,4773,0,0.011256400
pgvector,1,insert_emb,-,4773,0,0.004763700
pgvector,1,generar_emb,-,4774,0,0.013365400
pgvector,1,insert_emb,-,4774,0,0.004707100
pgvector,1,generar_emb,-,4775,0,0.013543300
pgvector,1,insert_emb,-,4775,0,0.004896700
pgvector,1,generar_emb,-,4776,0,0.013302200
pgvector,1,insert_emb,-,4776,0,0.004453200
pgvector,1,generar_emb,-,4777,0,0.011641100
pgvector,1,insert_emb,-,4777,0,0.004285100
pgvector,1,generar_emb,-,4778,0,0.011938400
pgvector,1,insert_emb,-,4778,0,0.004271800
pgvector,1,generar_emb,-,4779,0,0.012557200
pgvector,1,insert_emb,-,4779,0,0.004569600
pgvector,1,generar_emb,-,4780,0,0.012372400
pgvector,1,insert_emb,-,4780,0,0.004636400
pgvector,1,generar_emb,-,4781,0,0.011029000
pgvector,1,insert_emb,-,4781,0,0.004359500
pgvector,1,generar_emb,-,4782,0,0.012021300
pgvector,1,insert_emb,-,4782,0,0.004299600
pgvector,1,generar_emb,-,4783,0,0.011669200
pgvector,1,insert_emb,-,4783,0,0.004628500
pgvector,1,generar_emb,-,4784,0,0.012614900
pgvector,1,insert_emb,-,4784,0,0.004628400
pgvector,1,generar_emb,-,4785,0,0.012906400
pgvector,1,insert_emb,-,4785,0,0.004307500
pgvector,1,generar_emb,-,4786,0,0.012633900
pgvector,1,insert_emb,-,4786,0,0.004200200
pgvector,1,generar_emb,-,4787,0,0.011668300
pgvector,1,insert_emb,-,4787,0,0.004175000
pgvector,1,generar_emb,-,4788,0,0.013176700
pgvector,1,insert_emb,-,4788,0,0.004190800
pgvector,1,generar_emb,-,4789,0,0.011880000
pgvector,1,insert_emb,-,4789,0,0.004183100
pgvector,1,generar_emb,-,4790,0,0.012832100
pgvector,1,insert_emb,-,4790,0,0.004465200
pgvector,1,generar_emb,-,4791,0,0.011520900
pgvector,1,insert_emb,-,4791,0,0.004202200
pgvector,1,generar_emb,-,4792,0,0.011213700
pgvector,1,insert_emb,-,4792,0,0.004305200
pgvector,1,generar_emb,-,4793,0,0.011937500
pgvector,1,insert_emb,-,4793,0,0.004792000
pgvector,1,generar_emb,-,4794,0,0.013188400
pgvector,1,insert_emb,-,4794,0,0.004579400
pgvector,1,generar_emb,-,4795,0,0.010760000
pgvector,1,insert_emb,-,4795,0,0.004279000
pgvector,1,generar_emb,-,4796,0,0.011360400
pgvector,1,insert_emb,-,4796,0,0.004262300
pgvector,1,generar_emb,-,4797,0,0.014100300
pgvector,1,insert_emb,-,4797,0,0.005121500
pgvector,1,generar_emb,-,4798,0,0.012908600
pgvector,1,insert_emb,-,4798,0,0.004263100
pgvector,1,generar_emb,-,4799,0,0.011561500
pgvector,1,insert_emb,-,4799,0,0.004413500
pgvector,1,generar_emb,-,4800,0,0.011323500
pgvector,1,insert_emb,-,4800,0,0.004241900
pgvector,1,generar_emb,-,4801,0,0.011492300
pgvector,1,insert_emb,-,4801,0,0.004179200
pgvector,1,generar_emb,-,4802,0,0.013212900
pgvector,1,insert_emb,-,4802,0,0.004242300
pgvector,1,generar_emb,-,4803,0,0.014901100
pgvector,1,insert_emb,-,4803,0,0.004239100
pgvector,1,generar_emb,-,4804,0,0.010886800
pgvector,1,insert_emb,-,4804,0,0.004252700
pgvector,1,generar_emb,-,4805,0,0.012573900
pgvector,1,insert_emb,-,4805,0,0.004145900
pgvector,1,generar_emb,-,4806,0,0.011275400
pgvector,1,insert_emb,-,4806,0,0.004236800
pgvector,1,generar_emb,-,4807,0,0.011754000
pgvector,1,insert_emb,-,4807,0,0.004191100
pgvector,1,generar_emb,-,4808,0,0.011124500
pgvector,1,insert_emb,-,4808,0,0.004581400
pgvector,1,generar_emb,-,4809,0,0.012658700
pgvector,1,insert_emb,-,4809,0,0.004270200
pgvector,1,generar_emb,-,4810,0,0.011468600
pgvector,1,insert_emb,-,4810,0,0.004307400
pgvector,1,generar_emb,-,4811,0,0.011166500
pgvector,1,insert_emb,-,4811,0,0.004134400
pgvector,1,generar_emb,-,4812,0,0.011361700
pgvector,1,insert_emb,-,4812,0,0.004225600
pgvector,1,generar_emb,-,4813,0,0.011106700
pgvector,1,insert_emb,-,4813,0,0.004495900
pgvector,1,generar_emb,-,4814,0,0.011639500
pgvector,1,insert_emb,-,4814,0,0.004431300
pgvector,1,generar_emb,-,4815,0,0.011917000
pgvector,1,insert_emb,-,4815,0,0.004392900
pgvector,1,generar_emb,-,4816,0,0.010924800
pgvector,1,insert_emb,-,4816,0,0.004346700
pgvector,1,generar_emb,-,4817,0,0.011610600
pgvector,1,insert_emb,-,4817,0,0.004459300
pgvector,1,generar_emb,-,4818,0,0.011069100
pgvector,1,insert_emb,-,4818,0,0.004399200
pgvector,1,generar_emb,-,4819,0,0.011255400
pgvector,1,insert_emb,-,4819,0,0.004345000
pgvector,1,generar_emb,-,4820,0,0.013115900
pgvector,1,insert_emb,-,4820,0,0.004322700
pgvector,1,generar_emb,-,4821,0,0.012535600
pgvector,1,insert_emb,-,4821,0,0.004218200
pgvector,1,generar_emb,-,4822,0,0.012128500
pgvector,1,insert_emb,-,4822,0,0.004332400
pgvector,1,generar_emb,-,4823,0,0.012273300
pgvector,1,insert_emb,-,4823,0,0.004189300
pgvector,1,generar_emb,-,4824,0,0.012218400
pgvector,1,insert_emb,-,4824,0,0.004281800
pgvector,1,generar_emb,-,4825,0,0.012295200
pgvector,1,insert_emb,-,4825,0,0.004502700
pgvector,1,generar_emb,-,4826,0,0.011566300
pgvector,1,insert_emb,-,4826,0,0.004046800
pgvector,1,generar_emb,-,4827,0,0.012524800
pgvector,1,insert_emb,-,4827,0,0.004110700
pgvector,1,generar_emb,-,4828,0,0.012585800
pgvector,1,insert_emb,-,4828,0,0.003907600
pgvector,1,generar_emb,-,4829,0,0.012545900
pgvector,1,insert_emb,-,4829,0,0.004371200
pgvector,1,generar_emb,-,4830,0,0.012923600
pgvector,1,insert_emb,-,4830,0,0.004622400
pgvector,1,generar_emb,-,4831,0,0.012802700
pgvector,1,insert_emb,-,4831,0,0.004514300
pgvector,1,generar_emb,-,4832,0,0.011530100
pgvector,1,insert_emb,-,4832,0,0.004459100
pgvector,1,generar_emb,-,4833,0,0.010923500
pgvector,1,insert_emb,-,4833,0,0.004396500
pgvector,1,generar_emb,-,4834,0,0.011204900
pgvector,1,insert_emb,-,4834,0,0.004531100
pgvector,1,generar_emb,-,4835,0,0.011619800
pgvector,1,insert_emb,-,4835,0,0.004274200
pgvector,1,generar_emb,-,4836,0,0.011496200
pgvector,1,insert_emb,-,4836,0,0.004136000
pgvector,1,generar_emb,-,4837,0,0.011042100
pgvector,1,insert_emb,-,4837,0,0.004180500
pgvector,1,generar_emb,-,4838,0,0.011770700
pgvector,1,insert_emb,-,4838,0,0.004388400
pgvector,1,generar_emb,-,4839,0,0.012221300
pgvector,1,insert_emb,-,4839,0,0.004235700
pgvector,1,generar_emb,-,4840,0,0.011315200
pgvector,1,insert_emb,-,4840,0,0.004210500
pgvector,1,generar_emb,-,4841,0,0.011218100
pgvector,1,insert_emb,-,4841,0,0.004118500
pgvector,1,generar_emb,-,4842,0,0.011319700
pgvector,1,insert_emb,-,4842,0,0.004112900
pgvector,1,generar_emb,-,4843,0,0.011423700
pgvector,1,insert_emb,-,4843,0,0.004212500
pgvector,1,generar_emb,-,4844,0,0.010689100
pgvector,1,insert_emb,-,4844,0,0.004145700
pgvector,1,generar_emb,-,4845,0,0.011791300
pgvector,1,insert_emb,-,4845,0,0.004473100
pgvector,1,generar_emb,-,4846,0,0.010798000
pgvector,1,insert_emb,-,4846,0,0.004422000
pgvector,1,generar_emb,-,4847,0,0.012025500
pgvector,1,insert_emb,-,4847,0,0.004446300
pgvector,1,generar_emb,-,4848,0,0.012637300
pgvector,1,insert_emb,-,4848,0,0.004531300
pgvector,1,generar_emb,-,4849,0,0.012579900
pgvector,1,insert_emb,-,4849,0,0.004216300
pgvector,1,generar_emb,-,4850,0,0.012856300
pgvector,1,insert_emb,-,4850,0,0.004356000
pgvector,1,generar_emb,-,4851,0,0.012187700
pgvector,1,insert_emb,-,4851,0,0.004375300
pgvector,1,generar_emb,-,4852,0,0.013539600
pgvector,1,insert_emb,-,4852,0,0.004427200
pgvector,1,generar_emb,-,4853,0,0.013405000
pgvector,1,insert_emb,-,4853,0,0.004240200
pgvector,1,generar_emb,-,4854,0,0.012057700
pgvector,1,insert_emb,-,4854,0,0.004196100
pgvector,1,generar_emb,-,4855,0,0.012070300
pgvector,1,insert_emb,-,4855,0,0.004239500
pgvector,1,generar_emb,-,4856,0,0.011534900
pgvector,1,insert_emb,-,4856,0,0.004226900
pgvector,1,generar_emb,-,4857,0,0.013352100
pgvector,1,insert_emb,-,4857,0,0.004180500
pgvector,1,generar_emb,-,4858,0,0.012464200
pgvector,1,insert_emb,-,4858,0,0.004584200
pgvector,1,generar_emb,-,4859,0,0.013225300
pgvector,1,insert_emb,-,4859,0,0.004380600
pgvector,1,generar_emb,-,4860,0,0.012984700
pgvector,1,insert_emb,-,4860,0,0.004655200
pgvector,1,generar_emb,-,4861,0,0.011458900
pgvector,1,insert_emb,-,4861,0,0.004312800
pgvector,1,generar_emb,-,4862,0,0.014408300
pgvector,1,insert_emb,-,4862,0,0.005346400
pgvector,1,generar_emb,-,4863,0,0.012932600
pgvector,1,insert_emb,-,4863,0,0.005240900
pgvector,1,generar_emb,-,4864,0,0.011353700
pgvector,1,insert_emb,-,4864,0,0.004639900
pgvector,1,generar_emb,-,4865,0,0.012045000
pgvector,1,insert_emb,-,4865,0,0.004735100
pgvector,1,generar_emb,-,4866,0,0.012979900
pgvector,1,insert_emb,-,4866,0,0.004869500
pgvector,1,generar_emb,-,4867,0,0.010688000
pgvector,1,insert_emb,-,4867,0,0.004460000
pgvector,1,generar_emb,-,4868,0,0.012320500
pgvector,1,insert_emb,-,4868,0,0.004395900
pgvector,1,generar_emb,-,4869,0,0.012389600
pgvector,1,insert_emb,-,4869,0,0.004441700
pgvector,1,generar_emb,-,4870,0,0.012692500
pgvector,1,insert_emb,-,4870,0,0.004878100
pgvector,1,generar_emb,-,4871,0,0.013923600
pgvector,1,insert_emb,-,4871,0,0.004727400
pgvector,1,generar_emb,-,4872,0,0.012538600
pgvector,1,insert_emb,-,4872,0,0.004478200
pgvector,1,generar_emb,-,4873,0,0.011337600
pgvector,1,insert_emb,-,4873,0,0.004239900
pgvector,1,generar_emb,-,4874,0,0.013073200
pgvector,1,insert_emb,-,4874,0,0.004453700
pgvector,1,generar_emb,-,4875,0,0.013248600
pgvector,1,insert_emb,-,4875,0,0.004840000
pgvector,1,generar_emb,-,4876,0,0.011220100
pgvector,1,insert_emb,-,4876,0,0.004076400
pgvector,1,generar_emb,-,4877,0,0.012066200
pgvector,1,insert_emb,-,4877,0,0.004331100
pgvector,1,generar_emb,-,4878,0,0.010935500
pgvector,1,insert_emb,-,4878,0,0.004243900
pgvector,1,generar_emb,-,4879,0,0.011302900
pgvector,1,insert_emb,-,4879,0,0.004023600
pgvector,1,generar_emb,-,4880,0,0.011776200
pgvector,1,insert_emb,-,4880,0,0.004327200
pgvector,1,generar_emb,-,4881,0,0.010772700
pgvector,1,insert_emb,-,4881,0,0.004080400
pgvector,1,generar_emb,-,4882,0,0.013381600
pgvector,1,insert_emb,-,4882,0,0.004382100
pgvector,1,generar_emb,-,4883,0,0.011236100
pgvector,1,insert_emb,-,4883,0,0.004496500
pgvector,1,generar_emb,-,4884,0,0.011971400
pgvector,1,insert_emb,-,4884,0,0.004485400
pgvector,1,generar_emb,-,4885,0,0.011960900
pgvector,1,insert_emb,-,4885,0,0.004651200
pgvector,1,generar_emb,-,4886,0,0.014320100
pgvector,1,insert_emb,-,4886,0,0.004626700
pgvector,1,generar_emb,-,4887,0,0.012259200
pgvector,1,insert_emb,-,4887,0,0.004364500
pgvector,1,generar_emb,-,4888,0,0.012999800
pgvector,1,insert_emb,-,4888,0,0.004262100
pgvector,1,generar_emb,-,4889,0,0.013310900
pgvector,1,insert_emb,-,4889,0,0.004084300
pgvector,1,generar_emb,-,4890,0,0.012284400
pgvector,1,insert_emb,-,4890,0,0.004312900
pgvector,1,generar_emb,-,4891,0,0.013300300
pgvector,1,insert_emb,-,4891,0,0.004408900
pgvector,1,generar_emb,-,4892,0,0.011407600
pgvector,1,insert_emb,-,4892,0,0.004431700
pgvector,1,generar_emb,-,4893,0,0.012133100
pgvector,1,insert_emb,-,4893,0,0.004422300
pgvector,1,generar_emb,-,4894,0,0.012807500
pgvector,1,insert_emb,-,4894,0,0.004010200
pgvector,1,generar_emb,-,4895,0,0.014000100
pgvector,1,insert_emb,-,4895,0,0.004241500
pgvector,1,generar_emb,-,4896,0,0.012373700
pgvector,1,insert_emb,-,4896,0,0.004407100
pgvector,1,generar_emb,-,4897,0,0.012357000
pgvector,1,insert_emb,-,4897,0,0.004555400
pgvector,1,generar_emb,-,4898,0,0.011229800
pgvector,1,insert_emb,-,4898,0,0.004148700
pgvector,1,generar_emb,-,4899,0,0.011216800
pgvector,1,insert_emb,-,4899,0,0.004237800
pgvector,1,generar_emb,-,4900,0,0.011829400
pgvector,1,insert_emb,-,4900,0,0.004588100
pgvector,1,generar_emb,-,4901,0,0.011868100
pgvector,1,insert_emb,-,4901,0,0.004480600
pgvector,1,generar_emb,-,4902,0,0.011206500
pgvector,1,insert_emb,-,4902,0,0.004432100
pgvector,1,generar_emb,-,4903,0,0.012813700
pgvector,1,insert_emb,-,4903,0,0.004428400
pgvector,1,generar_emb,-,4904,0,0.012947000
pgvector,1,insert_emb,-,4904,0,0.004402000
pgvector,1,generar_emb,-,4905,0,0.011823100
pgvector,1,insert_emb,-,4905,0,0.004820500
pgvector,1,generar_emb,-,4906,0,0.011414600
pgvector,1,insert_emb,-,4906,0,0.004423600
pgvector,1,generar_emb,-,4907,0,0.011760200
pgvector,1,insert_emb,-,4907,0,0.004311800
pgvector,1,generar_emb,-,4908,0,0.010867000
pgvector,1,insert_emb,-,4908,0,0.004223600
pgvector,1,generar_emb,-,4909,0,0.011792200
pgvector,1,insert_emb,-,4909,0,0.004148200
pgvector,1,generar_emb,-,4910,0,0.011519400
pgvector,1,insert_emb,-,4910,0,0.004631100
pgvector,1,generar_emb,-,4911,0,0.011392100
pgvector,1,insert_emb,-,4911,0,0.004616300
pgvector,1,generar_emb,-,4912,0,0.012103400
pgvector,1,insert_emb,-,4912,0,0.004363300
pgvector,1,generar_emb,-,4913,0,0.011972300
pgvector,1,insert_emb,-,4913,0,0.004363900
pgvector,1,generar_emb,-,4914,0,0.013645100
pgvector,1,insert_emb,-,4914,0,0.004031400
pgvector,1,generar_emb,-,4915,0,0.012909000
pgvector,1,insert_emb,-,4915,0,0.004442300
pgvector,1,generar_emb,-,4916,0,0.011441800
pgvector,1,insert_emb,-,4916,0,0.004066300
pgvector,1,generar_emb,-,4917,0,0.011845800
pgvector,1,insert_emb,-,4917,0,0.004101500
pgvector,1,generar_emb,-,4918,0,0.012045400
pgvector,1,insert_emb,-,4918,0,0.004629800
pgvector,1,generar_emb,-,4919,0,0.012028300
pgvector,1,insert_emb,-,4919,0,0.004781700
pgvector,1,generar_emb,-,4920,0,0.011598800
pgvector,1,insert_emb,-,4920,0,0.004434900
pgvector,1,generar_emb,-,4921,0,0.012112600
pgvector,1,insert_emb,-,4921,0,0.004407300
pgvector,1,generar_emb,-,4922,0,0.012250200
pgvector,1,insert_emb,-,4922,0,0.004372800
pgvector,1,generar_emb,-,4923,0,0.011671800
pgvector,1,insert_emb,-,4923,0,0.004247200
pgvector,1,generar_emb,-,4924,0,0.011431000
pgvector,1,insert_emb,-,4924,0,0.004305000
pgvector,1,generar_emb,-,4925,0,0.013188300
pgvector,1,insert_emb,-,4925,0,0.004764500
pgvector,1,generar_emb,-,4926,0,0.012095100
pgvector,1,insert_emb,-,4926,0,0.004380800
pgvector,1,generar_emb,-,4927,0,0.012011200
pgvector,1,insert_emb,-,4927,0,0.004399200
pgvector,1,generar_emb,-,4928,0,0.012042800
pgvector,1,insert_emb,-,4928,0,0.004445900
pgvector,1,generar_emb,-,4929,0,0.011793900
pgvector,1,insert_emb,-,4929,0,0.004489600
pgvector,1,generar_emb,-,4930,0,0.012153300
pgvector,1,insert_emb,-,4930,0,0.004434700
pgvector,1,generar_emb,-,4931,0,0.012224300
pgvector,1,insert_emb,-,4931,0,0.004478900
pgvector,1,generar_emb,-,4932,0,0.012547300
pgvector,1,insert_emb,-,4932,0,0.004363700
pgvector,1,generar_emb,-,4933,0,0.012534700
pgvector,1,insert_emb,-,4933,0,0.004238400
pgvector,1,generar_emb,-,4934,0,0.011679200
pgvector,1,insert_emb,-,4934,0,0.004233100
pgvector,1,generar_emb,-,4935,0,0.011976900
pgvector,1,insert_emb,-,4935,0,0.004280500
pgvector,1,generar_emb,-,4936,0,0.011839100
pgvector,1,insert_emb,-,4936,0,0.004091400
pgvector,1,generar_emb,-,4937,0,0.013334100
pgvector,1,insert_emb,-,4937,0,0.004304100
pgvector,1,generar_emb,-,4938,0,0.012442300
pgvector,1,insert_emb,-,4938,0,0.004214500
pgvector,1,generar_emb,-,4939,0,0.011818900
pgvector,1,insert_emb,-,4939,0,0.004189100
pgvector,1,generar_emb,-,4940,0,0.013600300
pgvector,1,insert_emb,-,4940,0,0.004322200
pgvector,1,generar_emb,-,4941,0,0.012042400
pgvector,1,insert_emb,-,4941,0,0.004185900
pgvector,1,generar_emb,-,4942,0,0.012527600
pgvector,1,insert_emb,-,4942,0,0.004450700
pgvector,1,generar_emb,-,4943,0,0.013042700
pgvector,1,insert_emb,-,4943,0,0.004633000
pgvector,1,generar_emb,-,4944,0,0.011788000
pgvector,1,insert_emb,-,4944,0,0.004491500
pgvector,1,generar_emb,-,4945,0,0.012351500
pgvector,1,insert_emb,-,4945,0,0.004671700
pgvector,1,generar_emb,-,4946,0,0.011364100
pgvector,1,insert_emb,-,4946,0,0.004367200
pgvector,1,generar_emb,-,4947,0,0.010906300
pgvector,1,insert_emb,-,4947,0,0.004483400
pgvector,1,generar_emb,-,4948,0,0.011697700
pgvector,1,insert_emb,-,4948,0,0.004344700
pgvector,1,generar_emb,-,4949,0,0.010493900
pgvector,1,insert_emb,-,4949,0,0.004330800
pgvector,1,generar_emb,-,4950,0,0.011178600
pgvector,1,insert_emb,-,4950,0,0.004392900
pgvector,1,generar_emb,-,4951,0,0.011173000
pgvector,1,insert_emb,-,4951,0,0.004150400
pgvector,1,generar_emb,-,4952,0,0.011331900
pgvector,1,insert_emb,-,4952,0,0.004275800
pgvector,1,generar_emb,-,4953,0,0.012869900
pgvector,1,insert_emb,-,4953,0,0.004408900
pgvector,1,generar_emb,-,4954,0,0.010522600
pgvector,1,insert_emb,-,4954,0,0.004246300
pgvector,1,generar_emb,-,4955,0,0.011241100
pgvector,1,insert_emb,-,4955,0,0.004624400
pgvector,1,generar_emb,-,4956,0,0.012131000
pgvector,1,insert_emb,-,4956,0,0.004608000
pgvector,1,generar_emb,-,4957,0,0.013831200
pgvector,1,insert_emb,-,4957,0,0.004514400
pgvector,1,generar_emb,-,4958,0,0.011163300
pgvector,1,insert_emb,-,4958,0,0.004495600
pgvector,1,generar_emb,-,4959,0,0.012572200
pgvector,1,insert_emb,-,4959,0,0.004690000
pgvector,1,generar_emb,-,4960,0,0.011841200
pgvector,1,insert_emb,-,4960,0,0.004982700
pgvector,1,generar_emb,-,4961,0,0.012485900
pgvector,1,insert_emb,-,4961,0,0.004689600
pgvector,1,generar_emb,-,4962,0,0.010861000
pgvector,1,insert_emb,-,4962,0,0.004599900
pgvector,1,generar_emb,-,4963,0,0.012026000
pgvector,1,insert_emb,-,4963,0,0.005173100
pgvector,1,generar_emb,-,4964,0,0.020011600
pgvector,1,insert_emb,-,4964,0,0.005283400
pgvector,1,generar_emb,-,4965,0,0.015066700
pgvector,1,insert_emb,-,4965,0,0.005997600
pgvector,1,generar_emb,-,4966,0,0.018349400
pgvector,1,insert_emb,-,4966,0,0.005296200
pgvector,1,generar_emb,-,4967,0,0.023163000
pgvector,1,insert_emb,-,4967,0,0.006327400
pgvector,1,generar_emb,-,4968,0,0.025971900
pgvector,1,insert_emb,-,4968,0,0.006063000
pgvector,1,generar_emb,-,4969,0,0.020503900
pgvector,1,insert_emb,-,4969,0,0.005855500
pgvector,1,generar_emb,-,4970,0,0.022180300
pgvector,1,insert_emb,-,4970,0,0.004767500
pgvector,1,generar_emb,-,4971,0,0.014347000
pgvector,1,insert_emb,-,4971,0,0.004231800
pgvector,1,generar_emb,-,4972,0,0.013791800
pgvector,1,insert_emb,-,4972,0,0.004440200
pgvector,1,generar_emb,-,4973,0,0.012269000
pgvector,1,insert_emb,-,4973,0,0.004159200
pgvector,1,generar_emb,-,4974,0,0.012936400
pgvector,1,insert_emb,-,4974,0,0.004284700
pgvector,1,generar_emb,-,4975,0,0.012958200
pgvector,1,insert_emb,-,4975,0,0.004470200
pgvector,1,generar_emb,-,4976,0,0.012717600
pgvector,1,insert_emb,-,4976,0,0.004268500
pgvector,1,generar_emb,-,4977,0,0.012672100
pgvector,1,insert_emb,-,4977,0,0.004193700
pgvector,1,generar_emb,-,4978,0,0.013142600
pgvector,1,insert_emb,-,4978,0,0.004259800
pgvector,1,generar_emb,-,4979,0,0.012414900
pgvector,1,insert_emb,-,4979,0,0.004222500
pgvector,1,generar_emb,-,4980,0,0.013343200
pgvector,1,insert_emb,-,4980,0,0.004398800
pgvector,1,generar_emb,-,4981,0,0.013607600
pgvector,1,insert_emb,-,4981,0,0.004369500
pgvector,1,generar_emb,-,4982,0,0.012566000
pgvector,1,insert_emb,-,4982,0,0.004235700
pgvector,1,generar_emb,-,4983,0,0.014751800
pgvector,1,insert_emb,-,4983,0,0.004374000
pgvector,1,generar_emb,-,4984,0,0.013561400
pgvector,1,insert_emb,-,4984,0,0.004332600
pgvector,1,generar_emb,-,4985,0,0.013420200
pgvector,1,insert_emb,-,4985,0,0.004475700
pgvector,1,generar_emb,-,4986,0,0.014490100
pgvector,1,insert_emb,-,4986,0,0.004451800
pgvector,1,generar_emb,-,4987,0,0.013140800
pgvector,1,insert_emb,-,4987,0,0.004535700
pgvector,1,generar_emb,-,4988,0,0.013695400
pgvector,1,insert_emb,-,4988,0,0.004633900
pgvector,1,generar_emb,-,4989,0,0.013526600
pgvector,1,insert_emb,-,4989,0,0.004557900
pgvector,1,generar_emb,-,4990,0,0.011836400
pgvector,1,insert_emb,-,4990,0,0.004404000
pgvector,1,generar_emb,-,4991,0,0.012700300
pgvector,1,insert_emb,-,4991,0,0.004348500
pgvector,1,generar_emb,-,4992,0,0.012479100
pgvector,1,insert_emb,-,4992,0,0.004216300
pgvector,1,generar_emb,-,4993,0,0.010948800
pgvector,1,insert_emb,-,4993,0,0.004233100
pgvector,1,generar_emb,-,4994,0,0.011752000
pgvector,1,insert_emb,-,4994,0,0.004353500
pgvector,1,generar_emb,-,4995,0,0.012215800
pgvector,1,insert_emb,-,4995,0,0.004888200
pgvector,1,generar_emb,-,4996,0,0.011667100
pgvector,1,insert_emb,-,4996,0,0.004567100
pgvector,1,generar_emb,-,4997,0,0.011744100
pgvector,1,insert_emb,-,4997,0,0.004215400
pgvector,1,generar_emb,-,4998,0,0.012408000
pgvector,1,insert_emb,-,4998,0,0.004354900
pgvector,1,generar_emb,-,4999,0,0.012946200
pgvector,1,insert_emb,-,4999,0,0.004297300
pgvector,1,generar_emb,-,5000,0,0.012947500
pgvector,1,insert_emb,-,5000,0,0.004323800
pgvector,1,generar_emb,-,5001,0,0.011210100
pgvector,1,insert_emb,-,5001,0,0.004087700
pgvector,1,generar_emb,-,5002,0,0.012803500
pgvector,1,insert_emb,-,5002,0,0.004421300
pgvector,1,generar_emb,-,5003,0,0.010955400
pgvector,1,insert_emb,-,5003,0,0.004033100
pgvector,1,generar_emb,-,5004,0,0.013121800
pgvector,1,insert_emb,-,5004,0,0.004447900
pgvector,1,generar_emb,-,5005,0,0.012648200
pgvector,1,insert_emb,-,5005,0,0.004389800
pgvector,1,generar_emb,-,5006,0,0.015047700
pgvector,1,insert_emb,-,5006,0,0.004663800
pgvector,1,generar_emb,-,5007,0,0.013363300
pgvector,1,insert_emb,-,5007,0,0.004455400
pgvector,1,generar_emb,-,5008,0,0.012747400
pgvector,1,insert_emb,-,5008,0,0.004261000
pgvector,1,generar_emb,-,5009,0,0.013479900
pgvector,1,insert_emb,-,5009,0,0.004417600
pgvector,1,generar_emb,-,5010,0,0.011784300
pgvector,1,insert_emb,-,5010,0,0.004417800
pgvector,1,generar_emb,-,5011,0,0.012967800
pgvector,1,insert_emb,-,5011,0,0.004253400
pgvector,1,generar_emb,-,5012,0,0.012838800
pgvector,1,insert_emb,-,5012,0,0.004207500
pgvector,1,generar_emb,-,5013,0,0.011768200
pgvector,1,insert_emb,-,5013,0,0.004479200
pgvector,1,generar_emb,-,5014,0,0.011777200
pgvector,1,insert_emb,-,5014,0,0.004311200
pgvector,1,generar_emb,-,5015,0,0.013195400
pgvector,1,insert_emb,-,5015,0,0.004790200
pgvector,1,generar_emb,-,5016,0,0.012468900
pgvector,1,insert_emb,-,5016,0,0.004578400
pgvector,1,generar_emb,-,5017,0,0.011839800
pgvector,1,insert_emb,-,5017,0,0.004820100
pgvector,1,generar_emb,-,5018,0,0.011629000
pgvector,1,insert_emb,-,5018,0,0.004627200
pgvector,1,generar_emb,-,5019,0,0.011953800
pgvector,1,insert_emb,-,5019,0,0.004350000
pgvector,1,generar_emb,-,5020,0,0.010534200
pgvector,1,insert_emb,-,5020,0,0.004464400
pgvector,1,generar_emb,-,5021,0,0.010304300
pgvector,1,insert_emb,-,5021,0,0.004482700
pgvector,1,generar_emb,-,5022,0,0.015781100
pgvector,1,insert_emb,-,5022,0,0.004425800
pgvector,1,generar_emb,-,5023,0,0.013299300
pgvector,1,insert_emb,-,5023,0,0.004409000
pgvector,1,generar_emb,-,5024,0,0.010761700
pgvector,1,insert_emb,-,5024,0,0.004489800
pgvector,1,generar_emb,-,5025,0,0.011210900
pgvector,1,insert_emb,-,5025,0,0.004602700
pgvector,1,generar_emb,-,5026,0,0.011902400
pgvector,1,insert_emb,-,5026,0,0.004226900
pgvector,1,generar_emb,-,5027,0,0.012823400
pgvector,1,insert_emb,-,5027,0,0.004220800
pgvector,1,generar_emb,-,5028,0,0.012938300
pgvector,1,insert_emb,-,5028,0,0.004319900
pgvector,1,generar_emb,-,5029,0,0.016058400
pgvector,1,insert_emb,-,5029,0,0.005329000
pgvector,1,generar_emb,-,5030,0,0.014105800
pgvector,1,insert_emb,-,5030,0,0.004545500
pgvector,1,generar_emb,-,5031,0,0.011159100
pgvector,1,insert_emb,-,5031,0,0.004441900
pgvector,1,generar_emb,-,5032,0,0.012722500
pgvector,1,insert_emb,-,5032,0,0.004487300
pgvector,1,generar_emb,-,5033,0,0.011683600
pgvector,1,insert_emb,-,5033,0,0.004708000
pgvector,1,generar_emb,-,5034,0,0.012363300
pgvector,1,insert_emb,-,5034,0,0.004513500
pgvector,1,generar_emb,-,5035,0,0.013880000
pgvector,1,insert_emb,-,5035,0,0.004399800
pgvector,1,generar_emb,-,5036,0,0.011047900
pgvector,1,insert_emb,-,5036,0,0.004188300
pgvector,1,generar_emb,-,5037,0,0.012482500
pgvector,1,insert_emb,-,5037,0,0.004765800
pgvector,1,generar_emb,-,5038,0,0.013593200
pgvector,1,insert_emb,-,5038,0,0.004316300
pgvector,1,generar_emb,-,5039,0,0.012455300
pgvector,1,insert_emb,-,5039,0,0.004359200
pgvector,1,generar_emb,-,5040,0,0.012385400
pgvector,1,insert_emb,-,5040,0,0.004689200
pgvector,1,generar_emb,-,5041,0,0.012750900
pgvector,1,insert_emb,-,5041,0,0.004635500
pgvector,1,generar_emb,-,5042,0,0.011224300
pgvector,1,insert_emb,-,5042,0,0.004397500
pgvector,1,generar_emb,-,5043,0,0.011842200
pgvector,1,insert_emb,-,5043,0,0.004385200
pgvector,1,generar_emb,-,5044,0,0.011741900
pgvector,1,insert_emb,-,5044,0,0.004363900
pgvector,1,generar_emb,-,5045,0,0.012183700
pgvector,1,insert_emb,-,5045,0,0.004578900
pgvector,1,generar_emb,-,5046,0,0.011941600
pgvector,1,insert_emb,-,5046,0,0.004644000
pgvector,1,generar_emb,-,5047,0,0.011689400
pgvector,1,insert_emb,-,5047,0,0.004489000
pgvector,1,generar_emb,-,5048,0,0.013056200
pgvector,1,insert_emb,-,5048,0,0.004828800
pgvector,1,generar_emb,-,5049,0,0.012889800
pgvector,1,insert_emb,-,5049,0,0.004568800
pgvector,1,generar_emb,-,5050,0,0.011825300
pgvector,1,insert_emb,-,5050,0,0.004602200
pgvector,1,generar_emb,-,5051,0,0.011870300
pgvector,1,insert_emb,-,5051,0,0.004531500
pgvector,1,generar_emb,-,5052,0,0.011968400
pgvector,1,insert_emb,-,5052,0,0.004753300
pgvector,1,generar_emb,-,5053,0,0.012467200
pgvector,1,insert_emb,-,5053,0,0.004751500
pgvector,1,generar_emb,-,5054,0,0.010825200
pgvector,1,insert_emb,-,5054,0,0.004811400
pgvector,1,generar_emb,-,5055,0,0.010821900
pgvector,1,insert_emb,-,5055,0,0.004264600
pgvector,1,generar_emb,-,5056,0,0.011870000
pgvector,1,insert_emb,-,5056,0,0.004390300
pgvector,1,generar_emb,-,5057,0,0.013276200
pgvector,1,insert_emb,-,5057,0,0.004335500
pgvector,1,generar_emb,-,5058,0,0.012173900
pgvector,1,insert_emb,-,5058,0,0.004133100
pgvector,1,generar_emb,-,5059,0,0.014682300
pgvector,1,insert_emb,-,5059,0,0.004413800
pgvector,1,generar_emb,-,5060,0,0.012883900
pgvector,1,insert_emb,-,5060,0,0.004859600
pgvector,1,generar_emb,-,5061,0,0.011649100
pgvector,1,insert_emb,-,5061,0,0.004508800
pgvector,1,generar_emb,-,5062,0,0.012399600
pgvector,1,insert_emb,-,5062,0,0.004339100
pgvector,1,generar_emb,-,5063,0,0.011236500
pgvector,1,insert_emb,-,5063,0,0.004436800
pgvector,1,generar_emb,-,5064,0,0.011475000
pgvector,1,insert_emb,-,5064,0,0.004286400
pgvector,1,generar_emb,-,5065,0,0.013959400
pgvector,1,insert_emb,-,5065,0,0.004370800
pgvector,1,generar_emb,-,5066,0,0.013054600
pgvector,1,insert_emb,-,5066,0,0.004168600
pgvector,1,generar_emb,-,5067,0,0.011814700
pgvector,1,insert_emb,-,5067,0,0.004208900
pgvector,1,generar_emb,-,5068,0,0.011167000
pgvector,1,insert_emb,-,5068,0,0.004219900
pgvector,1,generar_emb,-,5069,0,0.011769600
pgvector,1,insert_emb,-,5069,0,0.004288600
pgvector,1,generar_emb,-,5070,0,0.011858100
pgvector,1,insert_emb,-,5070,0,0.004314300
pgvector,1,generar_emb,-,5071,0,0.014925400
pgvector,1,insert_emb,-,5071,0,0.004370100
pgvector,1,generar_emb,-,5072,0,0.011718400
pgvector,1,insert_emb,-,5072,0,0.004475500
pgvector,1,generar_emb,-,5073,0,0.012719300
pgvector,1,insert_emb,-,5073,0,0.004262100
pgvector,1,generar_emb,-,5074,0,0.012358200
pgvector,1,insert_emb,-,5074,0,0.004236700
pgvector,1,generar_emb,-,5075,0,0.013486500
pgvector,1,insert_emb,-,5075,0,0.004216800
pgvector,1,generar_emb,-,5076,0,0.012264000
pgvector,1,insert_emb,-,5076,0,0.004214000
pgvector,1,generar_emb,-,5077,0,0.011868500
pgvector,1,insert_emb,-,5077,0,0.004089800
pgvector,1,generar_emb,-,5078,0,0.011707300
pgvector,1,insert_emb,-,5078,0,0.004135400
pgvector,1,generar_emb,-,5079,0,0.012272900
pgvector,1,insert_emb,-,5079,0,0.004066700
pgvector,1,generar_emb,-,5080,0,0.011780500
pgvector,1,insert_emb,-,5080,0,0.004517300
pgvector,1,generar_emb,-,5081,0,0.011824900
pgvector,1,insert_emb,-,5081,0,0.003976700
pgvector,1,generar_emb,-,5082,0,0.011783100
pgvector,1,insert_emb,-,5082,0,0.004192600
pgvector,1,generar_emb,-,5083,0,0.012092100
pgvector,1,insert_emb,-,5083,0,0.004563100
pgvector,1,generar_emb,-,5084,0,0.011926000
pgvector,1,insert_emb,-,5084,0,0.004496700
pgvector,1,generar_emb,-,5085,0,0.012795800
pgvector,1,insert_emb,-,5085,0,0.004391100
pgvector,1,generar_emb,-,5086,0,0.011400100
pgvector,1,insert_emb,-,5086,0,0.004385900
pgvector,1,generar_emb,-,5087,0,0.011313900
pgvector,1,insert_emb,-,5087,0,0.004491400
pgvector,1,generar_emb,-,5088,0,0.012234800
pgvector,1,insert_emb,-,5088,0,0.004737700
pgvector,1,generar_emb,-,5089,0,0.015568000
pgvector,1,insert_emb,-,5089,0,0.004833800
pgvector,1,generar_emb,-,5090,0,0.015046500
pgvector,1,insert_emb,-,5090,0,0.004936600
pgvector,1,generar_emb,-,5091,0,0.013604500
pgvector,1,insert_emb,-,5091,0,0.004447600
pgvector,1,generar_emb,-,5092,0,0.015670600
pgvector,1,insert_emb,-,5092,0,0.004891000
pgvector,1,generar_emb,-,5093,0,0.012505800
pgvector,1,insert_emb,-,5093,0,0.004617600
pgvector,1,generar_emb,-,5094,0,0.012232200
pgvector,1,insert_emb,-,5094,0,0.004312900
pgvector,1,generar_emb,-,5095,0,0.011999600
pgvector,1,insert_emb,-,5095,0,0.004390300
pgvector,1,generar_emb,-,5096,0,0.011399800
pgvector,1,insert_emb,-,5096,0,0.004242400
pgvector,1,generar_emb,-,5097,0,0.014127900
pgvector,1,insert_emb,-,5097,0,0.004301700
pgvector,1,generar_emb,-,5098,0,0.011761800
pgvector,1,insert_emb,-,5098,0,0.004550700
pgvector,1,generar_emb,-,5099,0,0.013046400
pgvector,1,insert_emb,-,5099,0,0.004134100
pgvector,1,generar_emb,-,5100,0,0.012307900
pgvector,1,insert_emb,-,5100,0,0.004243400
pgvector,1,generar_emb,-,5101,0,0.011599000
pgvector,1,insert_emb,-,5101,0,0.004197000
pgvector,1,generar_emb,-,5102,0,0.017481600
pgvector,1,insert_emb,-,5102,0,0.004395300
pgvector,1,generar_emb,-,5103,0,0.014456700
pgvector,1,insert_emb,-,5103,0,0.004356100
pgvector,1,generar_emb,-,5104,0,0.013796000
pgvector,1,insert_emb,-,5104,0,0.004537200
pgvector,1,generar_emb,-,5105,0,0.014641200
pgvector,1,insert_emb,-,5105,0,0.004862800
pgvector,1,generar_emb,-,5106,0,0.012608600
pgvector,1,insert_emb,-,5106,0,0.004211200
pgvector,1,generar_emb,-,5107,0,0.011615500
pgvector,1,insert_emb,-,5107,0,0.004290000
pgvector,1,generar_emb,-,5108,0,0.011777000
pgvector,1,insert_emb,-,5108,0,0.004227100
pgvector,1,generar_emb,-,5109,0,0.014139600
pgvector,1,insert_emb,-,5109,0,0.004195900
pgvector,1,generar_emb,-,5110,0,0.013804500
pgvector,1,insert_emb,-,5110,0,0.004710500
pgvector,1,generar_emb,-,5111,0,0.012732600
pgvector,1,insert_emb,-,5111,0,0.004835000
pgvector,1,generar_emb,-,5112,0,0.012554000
pgvector,1,insert_emb,-,5112,0,0.004292200
pgvector,1,generar_emb,-,5113,0,0.012556800
pgvector,1,insert_emb,-,5113,0,0.004213900
pgvector,1,generar_emb,-,5114,0,0.011560800
pgvector,1,insert_emb,-,5114,0,0.004224400
pgvector,1,generar_emb,-,5115,0,0.012367000
pgvector,1,insert_emb,-,5115,0,0.004510500
pgvector,1,generar_emb,-,5116,0,0.011813900
pgvector,1,insert_emb,-,5116,0,0.004179700
pgvector,1,generar_emb,-,5117,0,0.012406300
pgvector,1,insert_emb,-,5117,0,0.004253600
pgvector,1,generar_emb,-,5118,0,0.011961400
pgvector,1,insert_emb,-,5118,0,0.004352600
pgvector,1,generar_emb,-,5119,0,0.010677600
pgvector,1,insert_emb,-,5119,0,0.004353600
pgvector,1,generar_emb,-,5120,0,0.014110400
pgvector,1,insert_emb,-,5120,0,0.004365400
pgvector,1,generar_emb,-,5121,0,0.012166000
pgvector,1,insert_emb,-,5121,0,0.004376600
pgvector,1,generar_emb,-,5122,0,0.012398700
pgvector,1,insert_emb,-,5122,0,0.004470500
pgvector,1,generar_emb,-,5123,0,0.013758400
pgvector,1,insert_emb,-,5123,0,0.004497200
pgvector,1,generar_emb,-,5124,0,0.012415100
pgvector,1,insert_emb,-,5124,0,0.004287600
pgvector,1,generar_emb,-,5125,0,0.011481100
pgvector,1,insert_emb,-,5125,0,0.004326600
pgvector,1,generar_emb,-,5126,0,0.012249800
pgvector,1,insert_emb,-,5126,0,0.004119300
pgvector,1,generar_emb,-,5127,0,0.012546500
pgvector,1,insert_emb,-,5127,0,0.004266300
pgvector,1,generar_emb,-,5128,0,0.011601400
pgvector,1,insert_emb,-,5128,0,0.004310400
pgvector,1,generar_emb,-,5129,0,0.011554100
pgvector,1,insert_emb,-,5129,0,0.004232600
pgvector,1,generar_emb,-,5130,0,0.012650600
pgvector,1,insert_emb,-,5130,0,0.004619700
pgvector,1,generar_emb,-,5131,0,0.013328500
pgvector,1,insert_emb,-,5131,0,0.004739300
pgvector,1,generar_emb,-,5132,0,0.013047200
pgvector,1,insert_emb,-,5132,0,0.004361600
pgvector,1,generar_emb,-,5133,0,0.015397400
pgvector,1,insert_emb,-,5133,0,0.004381300
pgvector,1,generar_emb,-,5134,0,0.011841100
pgvector,1,insert_emb,-,5134,0,0.004410200
pgvector,1,generar_emb,-,5135,0,0.012675700
pgvector,1,insert_emb,-,5135,0,0.004440300
pgvector,1,generar_emb,-,5136,0,0.012195500
pgvector,1,insert_emb,-,5136,0,0.004446200
pgvector,1,generar_emb,-,5137,0,0.015873000
pgvector,1,insert_emb,-,5137,0,0.004262400
pgvector,1,generar_emb,-,5138,0,0.012220500
pgvector,1,insert_emb,-,5138,0,0.004346700
pgvector,1,generar_emb,-,5139,0,0.012850000
pgvector,1,insert_emb,-,5139,0,0.004206100
pgvector,1,generar_emb,-,5140,0,0.015329200
pgvector,1,insert_emb,-,5140,0,0.004745500
pgvector,1,generar_emb,-,5141,0,0.013181500
pgvector,1,insert_emb,-,5141,0,0.004602900
pgvector,1,generar_emb,-,5142,0,0.012115600
pgvector,1,insert_emb,-,5142,0,0.004593600
pgvector,1,generar_emb,-,5143,0,0.012344500
pgvector,1,insert_emb,-,5143,0,0.004867500
pgvector,1,generar_emb,-,5144,0,0.015239700
pgvector,1,insert_emb,-,5144,0,0.005197200
pgvector,1,generar_emb,-,5145,0,0.014209800
pgvector,1,insert_emb,-,5145,0,0.004577400
pgvector,1,generar_emb,-,5146,0,0.014217800
pgvector,1,insert_emb,-,5146,0,0.004643700
pgvector,1,generar_emb,-,5147,0,0.011279400
pgvector,1,insert_emb,-,5147,0,0.004822500
pgvector,1,generar_emb,-,5148,0,0.011133700
pgvector,1,insert_emb,-,5148,0,0.004340600
pgvector,1,generar_emb,-,5149,0,0.012075800
pgvector,1,insert_emb,-,5149,0,0.004217900
pgvector,1,generar_emb,-,5150,0,0.011678600
pgvector,1,insert_emb,-,5150,0,0.004555700
pgvector,1,generar_emb,-,5151,0,0.013600800
pgvector,1,insert_emb,-,5151,0,0.004358400
pgvector,1,generar_emb,-,5152,0,0.012139700
pgvector,1,insert_emb,-,5152,0,0.004330500
pgvector,1,generar_emb,-,5153,0,0.013952500
pgvector,1,insert_emb,-,5153,0,0.004306000
pgvector,1,generar_emb,-,5154,0,0.010864700
pgvector,1,insert_emb,-,5154,0,0.004338100
pgvector,1,generar_emb,-,5155,0,0.013364600
pgvector,1,insert_emb,-,5155,0,0.004789900
pgvector,1,generar_emb,-,5156,0,0.011387500
pgvector,1,insert_emb,-,5156,0,0.004291800
pgvector,1,generar_emb,-,5157,0,0.012438800
pgvector,1,insert_emb,-,5157,0,0.004556600
pgvector,1,generar_emb,-,5158,0,0.014525200
pgvector,1,insert_emb,-,5158,0,0.004240200
pgvector,1,generar_emb,-,5159,0,0.012608400
pgvector,1,insert_emb,-,5159,0,0.004468000
pgvector,1,generar_emb,-,5160,0,0.011783400
pgvector,1,insert_emb,-,5160,0,0.004429100
pgvector,1,generar_emb,-,5161,0,0.011209300
pgvector,1,insert_emb,-,5161,0,0.004371300
pgvector,1,generar_emb,-,5162,0,0.011885600
pgvector,1,insert_emb,-,5162,0,0.004256200
pgvector,1,generar_emb,-,5163,0,0.013855800
pgvector,1,insert_emb,-,5163,0,0.004378700
pgvector,1,generar_emb,-,5164,0,0.016204700
pgvector,1,insert_emb,-,5164,0,0.004262800
pgvector,1,generar_emb,-,5165,0,0.011072800
pgvector,1,insert_emb,-,5165,0,0.004371700
pgvector,1,generar_emb,-,5166,0,0.012603200
pgvector,1,insert_emb,-,5166,0,0.004245100
pgvector,1,generar_emb,-,5167,0,0.011229100
pgvector,1,insert_emb,-,5167,0,0.004072800
pgvector,1,generar_emb,-,5168,0,0.012456100
pgvector,1,insert_emb,-,5168,0,0.004339800
pgvector,1,generar_emb,-,5169,0,0.016676100
pgvector,1,insert_emb,-,5169,0,0.004509700
pgvector,1,generar_emb,-,5170,0,0.013221600
pgvector,1,insert_emb,-,5170,0,0.004615600
pgvector,1,generar_emb,-,5171,0,0.012946200
pgvector,1,insert_emb,-,5171,0,0.004482900
pgvector,1,generar_emb,-,5172,0,0.013701100
pgvector,1,insert_emb,-,5172,0,0.004550800
pgvector,1,generar_emb,-,5173,0,0.011815400
pgvector,1,insert_emb,-,5173,0,0.004282000
pgvector,1,generar_emb,-,5174,0,0.011973500
pgvector,1,insert_emb,-,5174,0,0.004419200
pgvector,1,generar_emb,-,5175,0,0.012270500
pgvector,1,insert_emb,-,5175,0,0.004600300
pgvector,1,generar_emb,-,5176,0,0.010772900
pgvector,1,insert_emb,-,5176,0,0.004210100
pgvector,1,generar_emb,-,5177,0,0.013024500
pgvector,1,insert_emb,-,5177,0,0.004325000
pgvector,1,generar_emb,-,5178,0,0.011209900
pgvector,1,insert_emb,-,5178,0,0.004582200
pgvector,1,generar_emb,-,5179,0,0.012941300
pgvector,1,insert_emb,-,5179,0,0.004300500
pgvector,1,generar_emb,-,5180,0,0.012540900
pgvector,1,insert_emb,-,5180,0,0.004783400
pgvector,1,generar_emb,-,5181,0,0.012027900
pgvector,1,insert_emb,-,5181,0,0.004279400
pgvector,1,generar_emb,-,5182,0,0.015737900
pgvector,1,insert_emb,-,5182,0,0.004338400
pgvector,1,generar_emb,-,5183,0,0.013088000
pgvector,1,insert_emb,-,5183,0,0.004554300
pgvector,1,generar_emb,-,5184,0,0.012156800
pgvector,1,insert_emb,-,5184,0,0.004533800
pgvector,1,generar_emb,-,5185,0,0.012901500
pgvector,1,insert_emb,-,5185,0,0.004402600
pgvector,1,generar_emb,-,5186,0,0.011127300
pgvector,1,insert_emb,-,5186,0,0.004228400
pgvector,1,generar_emb,-,5187,0,0.014235600
pgvector,1,insert_emb,-,5187,0,0.004680900
pgvector,1,generar_emb,-,5188,0,0.014409800
pgvector,1,insert_emb,-,5188,0,0.004293200
pgvector,1,generar_emb,-,5189,0,0.011310200
pgvector,1,insert_emb,-,5189,0,0.004298500
pgvector,1,generar_emb,-,5190,0,0.011081700
pgvector,1,insert_emb,-,5190,0,0.004520100
pgvector,1,generar_emb,-,5191,0,0.014288800
pgvector,1,insert_emb,-,5191,0,0.004202900
pgvector,1,generar_emb,-,5192,0,0.012289200
pgvector,1,insert_emb,-,5192,0,0.004524100
pgvector,1,generar_emb,-,5193,0,0.013232700
pgvector,1,insert_emb,-,5193,0,0.004559900
pgvector,1,generar_emb,-,5194,0,0.014133300
pgvector,1,insert_emb,-,5194,0,0.004279400
pgvector,1,generar_emb,-,5195,0,0.012392300
pgvector,1,insert_emb,-,5195,0,0.004475700
pgvector,1,generar_emb,-,5196,0,0.013652800
pgvector,1,insert_emb,-,5196,0,0.004372200
pgvector,1,generar_emb,-,5197,0,0.015179900
pgvector,1,insert_emb,-,5197,0,0.004479400
pgvector,1,generar_emb,-,5198,0,0.011817900
pgvector,1,insert_emb,-,5198,0,0.004195900
pgvector,1,generar_emb,-,5199,0,0.010747600
pgvector,1,insert_emb,-,5199,0,0.004430400
pgvector,1,generar_emb,-,5200,0,0.011661100
pgvector,1,insert_emb,-,5200,0,0.004428800
pgvector,1,generar_emb,-,5201,0,0.012255900
pgvector,1,insert_emb,-,5201,0,0.004263100
pgvector,1,generar_emb,-,5202,0,0.011549600
pgvector,1,insert_emb,-,5202,0,0.004336900
pgvector,1,generar_emb,-,5203,0,0.011793000
pgvector,1,insert_emb,-,5203,0,0.004272600
pgvector,1,generar_emb,-,5204,0,0.010790400
pgvector,1,insert_emb,-,5204,0,0.004230200
pgvector,1,generar_emb,-,5205,0,0.011043100
pgvector,1,insert_emb,-,5205,0,0.004349500
pgvector,1,generar_emb,-,5206,0,0.011390200
pgvector,1,insert_emb,-,5206,0,0.004258500
pgvector,1,generar_emb,-,5207,0,0.012489300
pgvector,1,insert_emb,-,5207,0,0.004700600
pgvector,1,generar_emb,-,5208,0,0.012833500
pgvector,1,insert_emb,-,5208,0,0.004220200
pgvector,1,generar_emb,-,5209,0,0.011609800
pgvector,1,insert_emb,-,5209,0,0.004317300
pgvector,1,generar_emb,-,5210,0,0.013069100
pgvector,1,insert_emb,-,5210,0,0.004616400
pgvector,1,generar_emb,-,5211,0,0.011921300
pgvector,1,insert_emb,-,5211,0,0.004233000
pgvector,1,generar_emb,-,5212,0,0.012641700
pgvector,1,insert_emb,-,5212,0,0.004312100
pgvector,1,generar_emb,-,5213,0,0.012697500
pgvector,1,insert_emb,-,5213,0,0.004367300
pgvector,1,generar_emb,-,5214,0,0.013695000
pgvector,1,insert_emb,-,5214,0,0.004328700
pgvector,1,generar_emb,-,5215,0,0.010730700
pgvector,1,insert_emb,-,5215,0,0.004653300
pgvector,1,generar_emb,-,5216,0,0.011628800
pgvector,1,insert_emb,-,5216,0,0.004428000
pgvector,1,generar_emb,-,5217,0,0.012910400
pgvector,1,insert_emb,-,5217,0,0.004428900
pgvector,1,generar_emb,-,5218,0,0.012645600
pgvector,1,insert_emb,-,5218,0,0.004334900
pgvector,1,generar_emb,-,5219,0,0.010720000
pgvector,1,insert_emb,-,5219,0,0.004242300
pgvector,1,generar_emb,-,5220,0,0.011158500
pgvector,1,insert_emb,-,5220,0,0.004505900
pgvector,1,generar_emb,-,5221,0,0.014620600
pgvector,1,insert_emb,-,5221,0,0.004271700
pgvector,1,generar_emb,-,5222,0,0.011995700
pgvector,1,insert_emb,-,5222,0,0.004420400
pgvector,1,generar_emb,-,5223,0,0.012676200
pgvector,1,insert_emb,-,5223,0,0.004389600
pgvector,1,generar_emb,-,5224,0,0.013513700
pgvector,1,insert_emb,-,5224,0,0.004819400
pgvector,1,generar_emb,-,5225,0,0.012465000
pgvector,1,insert_emb,-,5225,0,0.004427600
pgvector,1,generar_emb,-,5226,0,0.013400900
pgvector,1,insert_emb,-,5226,0,0.004242200
pgvector,1,generar_emb,-,5227,0,0.013046300
pgvector,1,insert_emb,-,5227,0,0.004428300
pgvector,1,generar_emb,-,5228,0,0.013085500
pgvector,1,insert_emb,-,5228,0,0.004364800
pgvector,1,generar_emb,-,5229,0,0.012261500
pgvector,1,insert_emb,-,5229,0,0.004337500
pgvector,1,generar_emb,-,5230,0,0.012849000
pgvector,1,insert_emb,-,5230,0,0.004262700
pgvector,1,generar_emb,-,5231,0,0.011572000
pgvector,1,insert_emb,-,5231,0,0.004183800
pgvector,1,generar_emb,-,5232,0,0.012611000
pgvector,1,insert_emb,-,5232,0,0.004497200
pgvector,1,generar_emb,-,5233,0,0.013408200
pgvector,1,insert_emb,-,5233,0,0.004826400
pgvector,1,generar_emb,-,5234,0,0.012218400
pgvector,1,insert_emb,-,5234,0,0.004458500
pgvector,1,generar_emb,-,5235,0,0.012533500
pgvector,1,insert_emb,-,5235,0,0.004461700
pgvector,1,generar_emb,-,5236,0,0.011641700
pgvector,1,insert_emb,-,5236,0,0.004450300
pgvector,1,generar_emb,-,5237,0,0.013732300
pgvector,1,insert_emb,-,5237,0,0.004460800
pgvector,1,generar_emb,-,5238,0,0.012972400
pgvector,1,insert_emb,-,5238,0,0.004640700
pgvector,1,generar_emb,-,5239,0,0.012159900
pgvector,1,insert_emb,-,5239,0,0.004665300
pgvector,1,generar_emb,-,5240,0,0.011363000
pgvector,1,insert_emb,-,5240,0,0.004712200
pgvector,1,generar_emb,-,5241,0,0.013964600
pgvector,1,insert_emb,-,5241,0,0.004260900
pgvector,1,generar_emb,-,5242,0,0.015987400
pgvector,1,insert_emb,-,5242,0,0.004386800
pgvector,1,generar_emb,-,5243,0,0.012444000
pgvector,1,insert_emb,-,5243,0,0.004629000
pgvector,1,generar_emb,-,5244,0,0.011644700
pgvector,1,insert_emb,-,5244,0,0.004401400
pgvector,1,generar_emb,-,5245,0,0.013728000
pgvector,1,insert_emb,-,5245,0,0.004627300
pgvector,1,generar_emb,-,5246,0,0.012546300
pgvector,1,insert_emb,-,5246,0,0.004434700
pgvector,1,generar_emb,-,5247,0,0.011990500
pgvector,1,insert_emb,-,5247,0,0.004199300
pgvector,1,generar_emb,-,5248,0,0.012864100
pgvector,1,insert_emb,-,5248,0,0.004358100
pgvector,1,generar_emb,-,5249,0,0.012823000
pgvector,1,insert_emb,-,5249,0,0.004572900
pgvector,1,generar_emb,-,5250,0,0.012492300
pgvector,1,insert_emb,-,5250,0,0.004239400
pgvector,1,generar_emb,-,5251,0,0.015893600
pgvector,1,insert_emb,-,5251,0,0.004424000
pgvector,1,generar_emb,-,5252,0,0.012671100
pgvector,1,insert_emb,-,5252,0,0.004597500
pgvector,1,generar_emb,-,5253,0,0.011888000
pgvector,1,insert_emb,-,5253,0,0.004408400
pgvector,1,generar_emb,-,5254,0,0.012206600
pgvector,1,insert_emb,-,5254,0,0.004229100
pgvector,1,generar_emb,-,5255,0,0.013402700
pgvector,1,insert_emb,-,5255,0,0.004488400
pgvector,1,generar_emb,-,5256,0,0.013344000
pgvector,1,insert_emb,-,5256,0,0.004410700
pgvector,1,generar_emb,-,5257,0,0.012623400
pgvector,1,insert_emb,-,5257,0,0.004129200
pgvector,1,generar_emb,-,5258,0,0.012248200
pgvector,1,insert_emb,-,5258,0,0.004205700
pgvector,1,generar_emb,-,5259,0,0.011937200
pgvector,1,insert_emb,-,5259,0,0.004045200
pgvector,1,generar_emb,-,5260,0,0.011798400
pgvector,1,insert_emb,-,5260,0,0.004238000
pgvector,1,generar_emb,-,5261,0,0.012842900
pgvector,1,insert_emb,-,5261,0,0.004190900
pgvector,1,generar_emb,-,5262,0,0.012563400
pgvector,1,insert_emb,-,5262,0,0.004233600
pgvector,1,generar_emb,-,5263,0,0.012564300
pgvector,1,insert_emb,-,5263,0,0.004183700
pgvector,1,generar_emb,-,5264,0,0.012744500
pgvector,1,insert_emb,-,5264,0,0.004442700
pgvector,1,generar_emb,-,5265,0,0.012145800
pgvector,1,insert_emb,-,5265,0,0.004435600
pgvector,1,generar_emb,-,5266,0,0.013285600
pgvector,1,insert_emb,-,5266,0,0.004517500
pgvector,1,generar_emb,-,5267,0,0.012717300
pgvector,1,insert_emb,-,5267,0,0.004718400
pgvector,1,generar_emb,-,5268,0,0.013481600
pgvector,1,insert_emb,-,5268,0,0.004391100
pgvector,1,generar_emb,-,5269,0,0.011720800
pgvector,1,insert_emb,-,5269,0,0.004342600
pgvector,1,generar_emb,-,5270,0,0.013388700
pgvector,1,insert_emb,-,5270,0,0.004518200
pgvector,1,generar_emb,-,5271,0,0.012523700
pgvector,1,insert_emb,-,5271,0,0.004848200
pgvector,1,generar_emb,-,5272,0,0.012512500
pgvector,1,insert_emb,-,5272,0,0.004204300
pgvector,1,generar_emb,-,5273,0,0.012066000
pgvector,1,insert_emb,-,5273,0,0.004561900
pgvector,1,generar_emb,-,5274,0,0.011784400
pgvector,1,insert_emb,-,5274,0,0.004413900
pgvector,1,generar_emb,-,5275,0,0.014516600
pgvector,1,insert_emb,-,5275,0,0.004393100
pgvector,1,generar_emb,-,5276,0,0.011455800
pgvector,1,insert_emb,-,5276,0,0.004422800
pgvector,1,generar_emb,-,5277,0,0.011616600
pgvector,1,insert_emb,-,5277,0,0.004173700
pgvector,1,generar_emb,-,5278,0,0.012008500
pgvector,1,insert_emb,-,5278,0,0.004325600
pgvector,1,generar_emb,-,5279,0,0.010628200
pgvector,1,insert_emb,-,5279,0,0.004131300
pgvector,1,generar_emb,-,5280,0,0.011238900
pgvector,1,insert_emb,-,5280,0,0.004387500
pgvector,1,generar_emb,-,5281,0,0.011262300
pgvector,1,insert_emb,-,5281,0,0.004105400
pgvector,1,generar_emb,-,5282,0,0.010434600
pgvector,1,insert_emb,-,5282,0,0.004241700
pgvector,1,generar_emb,-,5283,0,0.012913500
pgvector,1,insert_emb,-,5283,0,0.004267100
pgvector,1,generar_emb,-,5284,0,0.011940300
pgvector,1,insert_emb,-,5284,0,0.004207500
pgvector,1,generar_emb,-,5285,0,0.012740500
pgvector,1,insert_emb,-,5285,0,0.004376100
pgvector,1,generar_emb,-,5286,0,0.013748200
pgvector,1,insert_emb,-,5286,0,0.004308600
pgvector,1,generar_emb,-,5287,0,0.010979200
pgvector,1,insert_emb,-,5287,0,0.004468800
pgvector,1,generar_emb,-,5288,0,0.011720800
pgvector,1,insert_emb,-,5288,0,0.004318200
pgvector,1,generar_emb,-,5289,0,0.012690200
pgvector,1,insert_emb,-,5289,0,0.004127600
pgvector,1,generar_emb,-,5290,0,0.011600500
pgvector,1,insert_emb,-,5290,0,0.004287300
pgvector,1,generar_emb,-,5291,0,0.012878000
pgvector,1,insert_emb,-,5291,0,0.004016000
pgvector,1,generar_emb,-,5292,0,0.011011100
pgvector,1,insert_emb,-,5292,0,0.004349400
pgvector,1,generar_emb,-,5293,0,0.013210300
pgvector,1,insert_emb,-,5293,0,0.004344400
pgvector,1,generar_emb,-,5294,0,0.012812600
pgvector,1,insert_emb,-,5294,0,0.004358700
pgvector,1,generar_emb,-,5295,0,0.012184000
pgvector,1,insert_emb,-,5295,0,0.004353200
pgvector,1,generar_emb,-,5296,0,0.012172500
pgvector,1,insert_emb,-,5296,0,0.004197200
pgvector,1,generar_emb,-,5297,0,0.012162200
pgvector,1,insert_emb,-,5297,0,0.004217200
pgvector,1,generar_emb,-,5298,0,0.012699700
pgvector,1,insert_emb,-,5298,0,0.004619300
pgvector,1,generar_emb,-,5299,0,0.010551700
pgvector,1,insert_emb,-,5299,0,0.004030200
pgvector,1,generar_emb,-,5300,0,0.010477700
pgvector,1,insert_emb,-,5300,0,0.004144000
pgvector,1,generar_emb,-,5301,0,0.013974600
pgvector,1,insert_emb,-,5301,0,0.004557400
pgvector,1,generar_emb,-,5302,0,0.013371200
pgvector,1,insert_emb,-,5302,0,0.004325000
pgvector,1,generar_emb,-,5303,0,0.012655800
pgvector,1,insert_emb,-,5303,0,0.004357800
pgvector,1,generar_emb,-,5304,0,0.012760900
pgvector,1,insert_emb,-,5304,0,0.004436000
pgvector,1,generar_emb,-,5305,0,0.013687900
pgvector,1,insert_emb,-,5305,0,0.004786900
pgvector,1,generar_emb,-,5306,0,0.010651000
pgvector,1,insert_emb,-,5306,0,0.004534700
pgvector,1,generar_emb,-,5307,0,0.012002200
pgvector,1,insert_emb,-,5307,0,0.004261300
pgvector,1,generar_emb,-,5308,0,0.012327200
pgvector,1,insert_emb,-,5308,0,0.004338000
pgvector,1,generar_emb,-,5309,0,0.012211200
pgvector,1,insert_emb,-,5309,0,0.004226100
pgvector,1,generar_emb,-,5310,0,0.011987900
pgvector,1,insert_emb,-,5310,0,0.004375300
pgvector,1,generar_emb,-,5311,0,0.011589200
pgvector,1,insert_emb,-,5311,0,0.004185700
pgvector,1,generar_emb,-,5312,0,0.011018100
pgvector,1,insert_emb,-,5312,0,0.004447800
pgvector,1,generar_emb,-,5313,0,0.012269400
pgvector,1,insert_emb,-,5313,0,0.004320100
pgvector,1,generar_emb,-,5314,0,0.011912700
pgvector,1,insert_emb,-,5314,0,0.004234400
pgvector,1,generar_emb,-,5315,0,0.012226400
pgvector,1,insert_emb,-,5315,0,0.004623500
pgvector,1,generar_emb,-,5316,0,0.013683300
pgvector,1,insert_emb,-,5316,0,0.004155900
pgvector,1,generar_emb,-,5317,0,0.012553200
pgvector,1,insert_emb,-,5317,0,0.003974900
pgvector,1,generar_emb,-,5318,0,0.013616200
pgvector,1,insert_emb,-,5318,0,0.004010100
pgvector,1,generar_emb,-,5319,0,0.011963700
pgvector,1,insert_emb,-,5319,0,0.003899000
pgvector,1,generar_emb,-,5320,0,0.012853500
pgvector,1,insert_emb,-,5320,0,0.004147500
pgvector,1,generar_emb,-,5321,0,0.011935300
pgvector,1,insert_emb,-,5321,0,0.004106000
pgvector,1,generar_emb,-,5322,0,0.012759200
pgvector,1,insert_emb,-,5322,0,0.004044800
pgvector,1,generar_emb,-,5323,0,0.013656000
pgvector,1,insert_emb,-,5323,0,0.004494600
pgvector,1,generar_emb,-,5324,0,0.011702000
pgvector,1,insert_emb,-,5324,0,0.004065900
pgvector,1,generar_emb,-,5325,0,0.014598400
pgvector,1,insert_emb,-,5325,0,0.004647600
pgvector,1,generar_emb,-,5326,0,0.013196700
pgvector,1,insert_emb,-,5326,0,0.004263300
pgvector,1,generar_emb,-,5327,0,0.012122300
pgvector,1,insert_emb,-,5327,0,0.004491400
pgvector,1,generar_emb,-,5328,0,0.011738800
pgvector,1,insert_emb,-,5328,0,0.004328900
pgvector,1,generar_emb,-,5329,0,0.011968000
pgvector,1,insert_emb,-,5329,0,0.004373000
pgvector,1,generar_emb,-,5330,0,0.011658400
pgvector,1,insert_emb,-,5330,0,0.004278000
pgvector,1,generar_emb,-,5331,0,0.012055200
pgvector,1,insert_emb,-,5331,0,0.004182300
pgvector,1,generar_emb,-,5332,0,0.017896400
pgvector,1,insert_emb,-,5332,0,0.004674200
pgvector,1,generar_emb,-,5333,0,0.015626800
pgvector,1,insert_emb,-,5333,0,0.004478200
pgvector,1,generar_emb,-,5334,0,0.013251500
pgvector,1,insert_emb,-,5334,0,0.004748100
pgvector,1,generar_emb,-,5335,0,0.012937800
pgvector,1,insert_emb,-,5335,0,0.004948500
pgvector,1,generar_emb,-,5336,0,0.012666400
pgvector,1,insert_emb,-,5336,0,0.004585700
pgvector,1,generar_emb,-,5337,0,0.011599400
pgvector,1,insert_emb,-,5337,0,0.004627900
pgvector,1,generar_emb,-,5338,0,0.011509400
pgvector,1,insert_emb,-,5338,0,0.004458900
pgvector,1,generar_emb,-,5339,0,0.012078400
pgvector,1,insert_emb,-,5339,0,0.004287100
pgvector,1,generar_emb,-,5340,0,0.011002400
pgvector,1,insert_emb,-,5340,0,0.004469600
pgvector,1,generar_emb,-,5341,0,0.011607200
pgvector,1,insert_emb,-,5341,0,0.004496100
pgvector,1,generar_emb,-,5342,0,0.012420200
pgvector,1,insert_emb,-,5342,0,0.004232600
pgvector,1,generar_emb,-,5343,0,0.010625900
pgvector,1,insert_emb,-,5343,0,0.004037400
pgvector,1,generar_emb,-,5344,0,0.012727500
pgvector,1,insert_emb,-,5344,0,0.004070200
pgvector,1,generar_emb,-,5345,0,0.015453200
pgvector,1,insert_emb,-,5345,0,0.004194000
pgvector,1,generar_emb,-,5346,0,0.012771300
pgvector,1,insert_emb,-,5346,0,0.004100500
pgvector,1,generar_emb,-,5347,0,0.012791400
pgvector,1,insert_emb,-,5347,0,0.004297700
pgvector,1,generar_emb,-,5348,0,0.014314300
pgvector,1,insert_emb,-,5348,0,0.004148700
pgvector,1,generar_emb,-,5349,0,0.013189400
pgvector,1,insert_emb,-,5349,0,0.004494600
pgvector,1,generar_emb,-,5350,0,0.012600900
pgvector,1,insert_emb,-,5350,0,0.004460100
pgvector,1,generar_emb,-,5351,0,0.013606000
pgvector,1,insert_emb,-,5351,0,0.004206200
pgvector,1,generar_emb,-,5352,0,0.011662700
pgvector,1,insert_emb,-,5352,0,0.004034200
pgvector,1,generar_emb,-,5353,0,0.013331000
pgvector,1,insert_emb,-,5353,0,0.004376200
pgvector,1,generar_emb,-,5354,0,0.014905800
pgvector,1,insert_emb,-,5354,0,0.004413900
pgvector,1,generar_emb,-,5355,0,0.014159400
pgvector,1,insert_emb,-,5355,0,0.004594900
pgvector,1,generar_emb,-,5356,0,0.012552000
pgvector,1,insert_emb,-,5356,0,0.004173700
pgvector,1,generar_emb,-,5357,0,0.013163300
pgvector,1,insert_emb,-,5357,0,0.004284500
pgvector,1,generar_emb,-,5358,0,0.014106300
pgvector,1,insert_emb,-,5358,0,0.004542700
pgvector,1,generar_emb,-,5359,0,0.012506900
pgvector,1,insert_emb,-,5359,0,0.004207800
pgvector,1,generar_emb,-,5360,0,0.015531800
pgvector,1,insert_emb,-,5360,0,0.004368000
pgvector,1,generar_emb,-,5361,0,0.012209400
pgvector,1,insert_emb,-,5361,0,0.004191800
pgvector,1,generar_emb,-,5362,0,0.010993800
pgvector,1,insert_emb,-,5362,0,0.004135800
pgvector,1,generar_emb,-,5363,0,0.011988800
pgvector,1,insert_emb,-,5363,0,0.004215600
pgvector,1,generar_emb,-,5364,0,0.011857300
pgvector,1,insert_emb,-,5364,0,0.004256800
pgvector,1,generar_emb,-,5365,0,0.010834200
pgvector,1,insert_emb,-,5365,0,0.004365500
pgvector,1,generar_emb,-,5366,0,0.011465800
pgvector,1,insert_emb,-,5366,0,0.004400400
pgvector,1,generar_emb,-,5367,0,0.012954300
pgvector,1,insert_emb,-,5367,0,0.004058800
pgvector,1,generar_emb,-,5368,0,0.011830500
pgvector,1,insert_emb,-,5368,0,0.004089900
pgvector,1,generar_emb,-,5369,0,0.016988200
pgvector,1,insert_emb,-,5369,0,0.004477900
pgvector,1,generar_emb,-,5370,0,0.012270600
pgvector,1,insert_emb,-,5370,0,0.004297200
pgvector,1,generar_emb,-,5371,0,0.012976700
pgvector,1,insert_emb,-,5371,0,0.004155700
pgvector,1,generar_emb,-,5372,0,0.011599900
pgvector,1,insert_emb,-,5372,0,0.004531700
pgvector,1,generar_emb,-,5373,0,0.014421800
pgvector,1,insert_emb,-,5373,0,0.003958200
pgvector,1,generar_emb,-,5374,0,0.011326500
pgvector,1,insert_emb,-,5374,0,0.003818600
pgvector,1,generar_emb,-,5375,0,0.012596600
pgvector,1,insert_emb,-,5375,0,0.003986000
pgvector,1,generar_emb,-,5376,0,0.014798500
pgvector,1,insert_emb,-,5376,0,0.004028600
pgvector,1,generar_emb,-,5377,0,0.012542000
pgvector,1,insert_emb,-,5377,0,0.004092200
pgvector,1,generar_emb,-,5378,0,0.013349300
pgvector,1,insert_emb,-,5378,0,0.004089700
pgvector,1,generar_emb,-,5379,0,0.012706900
pgvector,1,insert_emb,-,5379,0,0.004077400
pgvector,1,generar_emb,-,5380,0,0.013228800
pgvector,1,insert_emb,-,5380,0,0.004340500
pgvector,1,generar_emb,-,5381,0,0.011664900
pgvector,1,insert_emb,-,5381,0,0.004338500
pgvector,1,generar_emb,-,5382,0,0.012860800
pgvector,1,insert_emb,-,5382,0,0.004095300
pgvector,1,generar_emb,-,5383,0,0.014164500
pgvector,1,insert_emb,-,5383,0,0.004452000
pgvector,1,generar_emb,-,5384,0,0.012186600
pgvector,1,insert_emb,-,5384,0,0.004247600
pgvector,1,generar_emb,-,5385,0,0.013009000
pgvector,1,insert_emb,-,5385,0,0.004195300
pgvector,1,generar_emb,-,5386,0,0.013214000
pgvector,1,insert_emb,-,5386,0,0.004214700
pgvector,1,generar_emb,-,5387,0,0.012976600
pgvector,1,insert_emb,-,5387,0,0.004096000
pgvector,1,generar_emb,-,5388,0,0.013093200
pgvector,1,insert_emb,-,5388,0,0.004134500
pgvector,1,generar_emb,-,5389,0,0.013164700
pgvector,1,insert_emb,-,5389,0,0.004300600
pgvector,1,generar_emb,-,5390,0,0.013094300
pgvector,1,insert_emb,-,5390,0,0.005162300
pgvector,1,generar_emb,-,5391,0,0.016559200
pgvector,1,insert_emb,-,5391,0,0.004467900
pgvector,1,generar_emb,-,5392,0,0.015040800
pgvector,1,insert_emb,-,5392,0,0.004657100
pgvector,1,generar_emb,-,5393,0,0.012206800
pgvector,1,insert_emb,-,5393,0,0.004763300
pgvector,1,generar_emb,-,5394,0,0.015534600
pgvector,1,insert_emb,-,5394,0,0.004486600
pgvector,1,generar_emb,-,5395,0,0.012080200
pgvector,1,insert_emb,-,5395,0,0.004264900
pgvector,1,generar_emb,-,5396,0,0.011900400
pgvector,1,insert_emb,-,5396,0,0.004172900
pgvector,1,generar_emb,-,5397,0,0.011826700
pgvector,1,insert_emb,-,5397,0,0.004315600
pgvector,1,generar_emb,-,5398,0,0.012581900
pgvector,1,insert_emb,-,5398,0,0.004392000
pgvector,1,generar_emb,-,5399,0,0.013329200
pgvector,1,insert_emb,-,5399,0,0.004456700
pgvector,1,generar_emb,-,5400,0,0.012227000
pgvector,1,insert_emb,-,5400,0,0.004443200
pgvector,1,generar_emb,-,5401,0,0.010905300
pgvector,1,insert_emb,-,5401,0,0.004181400
pgvector,1,generar_emb,-,5402,0,0.011010300
pgvector,1,insert_emb,-,5402,0,0.004014100
pgvector,1,generar_emb,-,5403,0,0.010884000
pgvector,1,insert_emb,-,5403,0,0.004384600
pgvector,1,generar_emb,-,5404,0,0.011860300
pgvector,1,insert_emb,-,5404,0,0.004142300
pgvector,1,generar_emb,-,5405,0,0.014340800
pgvector,1,insert_emb,-,5405,0,0.004289700
pgvector,1,generar_emb,-,5406,0,0.011679100
pgvector,1,insert_emb,-,5406,0,0.003938000
pgvector,1,generar_emb,-,5407,0,0.010809400
pgvector,1,insert_emb,-,5407,0,0.003878400
pgvector,1,generar_emb,-,5408,0,0.011651700
pgvector,1,insert_emb,-,5408,0,0.004011200
pgvector,1,generar_emb,-,5409,0,0.010744600
pgvector,1,insert_emb,-,5409,0,0.004167900
pgvector,1,generar_emb,-,5410,0,0.012449900
pgvector,1,insert_emb,-,5410,0,0.004138200
pgvector,1,generar_emb,-,5411,0,0.012283700
pgvector,1,insert_emb,-,5411,0,0.003832500
pgvector,1,generar_emb,-,5412,0,0.011150000
pgvector,1,insert_emb,-,5412,0,0.004066700
pgvector,1,generar_emb,-,5413,0,0.013391100
pgvector,1,insert_emb,-,5413,0,0.004025800
pgvector,1,generar_emb,-,5414,0,0.012083000
pgvector,1,insert_emb,-,5414,0,0.004271700
pgvector,1,generar_emb,-,5415,0,0.011368900
pgvector,1,insert_emb,-,5415,0,0.004498800
pgvector,1,generar_emb,-,5416,0,0.011799400
pgvector,1,insert_emb,-,5416,0,0.004368300
pgvector,1,generar_emb,-,5417,0,0.012778400
pgvector,1,insert_emb,-,5417,0,0.004480100
pgvector,1,generar_emb,-,5418,0,0.013219700
pgvector,1,insert_emb,-,5418,0,0.004381500
pgvector,1,generar_emb,-,5419,0,0.011010000
pgvector,1,insert_emb,-,5419,0,0.004230900
pgvector,1,generar_emb,-,5420,0,0.011129200
pgvector,1,insert_emb,-,5420,0,0.004408700
pgvector,1,generar_emb,-,5421,0,0.012712500
pgvector,1,insert_emb,-,5421,0,0.004304900
pgvector,1,generar_emb,-,5422,0,0.010562000
pgvector,1,insert_emb,-,5422,0,0.004301500
pgvector,1,generar_emb,-,5423,0,0.011388100
pgvector,1,insert_emb,-,5423,0,0.004287000
pgvector,1,generar_emb,-,5424,0,0.012603300
pgvector,1,insert_emb,-,5424,0,0.004410600
pgvector,1,generar_emb,-,5425,0,0.011551700
pgvector,1,insert_emb,-,5425,0,0.004571500
pgvector,1,generar_emb,-,5426,0,0.013003300
pgvector,1,insert_emb,-,5426,0,0.004270500
pgvector,1,generar_emb,-,5427,0,0.012910900
pgvector,1,insert_emb,-,5427,0,0.004390300
pgvector,1,generar_emb,-,5428,0,0.017408700
pgvector,1,insert_emb,-,5428,0,0.004254900
pgvector,1,generar_emb,-,5429,0,0.012148300
pgvector,1,insert_emb,-,5429,0,0.004309300
pgvector,1,generar_emb,-,5430,0,0.012886700
pgvector,1,insert_emb,-,5430,0,0.004505800
pgvector,1,generar_emb,-,5431,0,0.013485400
pgvector,1,insert_emb,-,5431,0,0.004245200
pgvector,1,generar_emb,-,5432,0,0.011650400
pgvector,1,insert_emb,-,5432,0,0.004259500
pgvector,1,generar_emb,-,5433,0,0.014343600
pgvector,1,insert_emb,-,5433,0,0.004140700
pgvector,1,generar_emb,-,5434,0,0.012960400
pgvector,1,insert_emb,-,5434,0,0.004102400
pgvector,1,generar_emb,-,5435,0,0.012556700
pgvector,1,insert_emb,-,5435,0,0.004191500
pgvector,1,generar_emb,-,5436,0,0.012711400
pgvector,1,insert_emb,-,5436,0,0.004092900
pgvector,1,generar_emb,-,5437,0,0.015088900
pgvector,1,insert_emb,-,5437,0,0.004172800
pgvector,1,generar_emb,-,5438,0,0.012207200
pgvector,1,insert_emb,-,5438,0,0.004081300
pgvector,1,generar_emb,-,5439,0,0.011970300
pgvector,1,insert_emb,-,5439,0,0.003970400
pgvector,1,generar_emb,-,5440,0,0.014368200
pgvector,1,insert_emb,-,5440,0,0.004621300
pgvector,1,generar_emb,-,5441,0,0.014158200
pgvector,1,insert_emb,-,5441,0,0.004037700
pgvector,1,generar_emb,-,5442,0,0.013310000
pgvector,1,insert_emb,-,5442,0,0.004464800
pgvector,1,generar_emb,-,5443,0,0.014160900
pgvector,1,insert_emb,-,5443,0,0.004449300
pgvector,1,generar_emb,-,5444,0,0.011621700
pgvector,1,insert_emb,-,5444,0,0.004446800
pgvector,1,generar_emb,-,5445,0,0.013812300
pgvector,1,insert_emb,-,5445,0,0.004527000
pgvector,1,generar_emb,-,5446,0,0.012641000
pgvector,1,insert_emb,-,5446,0,0.004355400
pgvector,1,generar_emb,-,5447,0,0.012509500
pgvector,1,insert_emb,-,5447,0,0.004527200
pgvector,1,generar_emb,-,5448,0,0.012982100
pgvector,1,insert_emb,-,5448,0,0.004232500
pgvector,1,generar_emb,-,5449,0,0.013821300
pgvector,1,insert_emb,-,5449,0,0.004442000
pgvector,1,generar_emb,-,5450,0,0.011287800
pgvector,1,insert_emb,-,5450,0,0.004678800
pgvector,1,generar_emb,-,5451,0,0.011768000
pgvector,1,insert_emb,-,5451,0,0.004223000
pgvector,1,generar_emb,-,5452,0,0.016344200
pgvector,1,insert_emb,-,5452,0,0.004229800
pgvector,1,generar_emb,-,5453,0,0.012356600
pgvector,1,insert_emb,-,5453,0,0.004117200
pgvector,1,generar_emb,-,5454,0,0.010932800
pgvector,1,insert_emb,-,5454,0,0.004599700
pgvector,1,generar_emb,-,5455,0,0.016676600
pgvector,1,insert_emb,-,5455,0,0.004366600
pgvector,1,generar_emb,-,5456,0,0.012333100
pgvector,1,insert_emb,-,5456,0,0.004172000
pgvector,1,generar_emb,-,5457,0,0.012322400
pgvector,1,insert_emb,-,5457,0,0.004040000
pgvector,1,generar_emb,-,5458,0,0.016018900
pgvector,1,insert_emb,-,5458,0,0.004576900
pgvector,1,generar_emb,-,5459,0,0.011215600
pgvector,1,insert_emb,-,5459,0,0.004606500
pgvector,1,generar_emb,-,5460,0,0.011633600
pgvector,1,insert_emb,-,5460,0,0.004252600
pgvector,1,generar_emb,-,5461,0,0.011279700
pgvector,1,insert_emb,-,5461,0,0.004316700
pgvector,1,generar_emb,-,5462,0,0.014310400
pgvector,1,insert_emb,-,5462,0,0.004571300
pgvector,1,generar_emb,-,5463,0,0.015796200
pgvector,1,insert_emb,-,5463,0,0.004284200
pgvector,1,generar_emb,-,5464,0,0.012234900
pgvector,1,insert_emb,-,5464,0,0.004253100
pgvector,1,generar_emb,-,5465,0,0.012569200
pgvector,1,insert_emb,-,5465,0,0.004291900
pgvector,1,generar_emb,-,5466,0,0.010861600
pgvector,1,insert_emb,-,5466,0,0.004162300
pgvector,1,generar_emb,-,5467,0,0.012381000
pgvector,1,insert_emb,-,5467,0,0.004130300
pgvector,1,generar_emb,-,5468,0,0.011736700
pgvector,1,insert_emb,-,5468,0,0.004148300
pgvector,1,generar_emb,-,5469,0,0.011994100
pgvector,1,insert_emb,-,5469,0,0.004219600
pgvector,1,generar_emb,-,5470,0,0.011200300
pgvector,1,insert_emb,-,5470,0,0.004468100
pgvector,1,generar_emb,-,5471,0,0.011981800
pgvector,1,insert_emb,-,5471,0,0.003871900
pgvector,1,generar_emb,-,5472,0,0.011523000
pgvector,1,insert_emb,-,5472,0,0.004025400
pgvector,1,generar_emb,-,5473,0,0.013258400
pgvector,1,insert_emb,-,5473,0,0.004315700
pgvector,1,generar_emb,-,5474,0,0.012707200
pgvector,1,insert_emb,-,5474,0,0.004231400
pgvector,1,generar_emb,-,5475,0,0.013826800
pgvector,1,insert_emb,-,5475,0,0.004225800
pgvector,1,generar_emb,-,5476,0,0.014485700
pgvector,1,insert_emb,-,5476,0,0.004106400
pgvector,1,generar_emb,-,5477,0,0.015164000
pgvector,1,insert_emb,-,5477,0,0.004095600
pgvector,1,generar_emb,-,5478,0,0.012186200
pgvector,1,insert_emb,-,5478,0,0.004084700
pgvector,1,generar_emb,-,5479,0,0.013367800
pgvector,1,insert_emb,-,5479,0,0.004366100
pgvector,1,generar_emb,-,5480,0,0.012987500
pgvector,1,insert_emb,-,5480,0,0.004262400
pgvector,1,generar_emb,-,5481,0,0.012411000
pgvector,1,insert_emb,-,5481,0,0.004217000
pgvector,1,generar_emb,-,5482,0,0.012042200
pgvector,1,insert_emb,-,5482,0,0.004517800
pgvector,1,generar_emb,-,5483,0,0.012155400
pgvector,1,insert_emb,-,5483,0,0.004946200
pgvector,1,generar_emb,-,5484,0,0.013440500
pgvector,1,insert_emb,-,5484,0,0.004396800
pgvector,1,generar_emb,-,5485,0,0.012702200
pgvector,1,insert_emb,-,5485,0,0.004511900
pgvector,1,generar_emb,-,5486,0,0.011887100
pgvector,1,insert_emb,-,5486,0,0.004508400
pgvector,1,generar_emb,-,5487,0,0.010645700
pgvector,1,insert_emb,-,5487,0,0.004458100
pgvector,1,generar_emb,-,5488,0,0.012832500
pgvector,1,insert_emb,-,5488,0,0.004590600
pgvector,1,generar_emb,-,5489,0,0.013604200
pgvector,1,insert_emb,-,5489,0,0.004843200
pgvector,1,generar_emb,-,5490,0,0.013860900
pgvector,1,insert_emb,-,5490,0,0.004759100
pgvector,1,generar_emb,-,5491,0,0.011655400
pgvector,1,insert_emb,-,5491,0,0.004185800
pgvector,1,generar_emb,-,5492,0,0.011215500
pgvector,1,insert_emb,-,5492,0,0.004369900
pgvector,1,generar_emb,-,5493,0,0.010728400
pgvector,1,insert_emb,-,5493,0,0.005430800
pgvector,1,generar_emb,-,5494,0,0.012077100
pgvector,1,insert_emb,-,5494,0,0.004309200
pgvector,1,generar_emb,-,5495,0,0.011937600
pgvector,1,insert_emb,-,5495,0,0.004336700
pgvector,1,generar_emb,-,5496,0,0.011756000
pgvector,1,insert_emb,-,5496,0,0.004221500
pgvector,1,generar_emb,-,5497,0,0.012388900
pgvector,1,insert_emb,-,5497,0,0.004112900
pgvector,1,generar_emb,-,5498,0,0.012246300
pgvector,1,insert_emb,-,5498,0,0.004088700
pgvector,1,generar_emb,-,5499,0,0.012329500
pgvector,1,insert_emb,-,5499,0,0.004261600
pgvector,1,generar_emb,-,5500,0,0.013226100
pgvector,1,insert_emb,-,5500,0,0.004359100
pgvector,1,generar_emb,-,5501,0,0.012814700
pgvector,1,insert_emb,-,5501,0,0.004483200
pgvector,1,generar_emb,-,5502,0,0.011617900
pgvector,1,insert_emb,-,5502,0,0.004196400
pgvector,1,generar_emb,-,5503,0,0.012739200
pgvector,1,insert_emb,-,5503,0,0.004006900
pgvector,1,generar_emb,-,5504,0,0.013387000
pgvector,1,insert_emb,-,5504,0,0.004274500
pgvector,1,generar_emb,-,5505,0,0.013806800
pgvector,1,insert_emb,-,5505,0,0.004456300
pgvector,1,generar_emb,-,5506,0,0.012035400
pgvector,1,insert_emb,-,5506,0,0.004256900
pgvector,1,generar_emb,-,5507,0,0.013175300
pgvector,1,insert_emb,-,5507,0,0.005020800
pgvector,1,generar_emb,-,5508,0,0.012233100
pgvector,1,insert_emb,-,5508,0,0.004442100
pgvector,1,generar_emb,-,5509,0,0.012238700
pgvector,1,insert_emb,-,5509,0,0.004442900
pgvector,1,generar_emb,-,5510,0,0.011155900
pgvector,1,insert_emb,-,5510,0,0.004463900
pgvector,1,generar_emb,-,5511,0,0.012986200
pgvector,1,insert_emb,-,5511,0,0.004311000
pgvector,1,generar_emb,-,5512,0,0.014541000
pgvector,1,insert_emb,-,5512,0,0.004499500
pgvector,1,generar_emb,-,5513,0,0.012948000
pgvector,1,insert_emb,-,5513,0,0.004576000
pgvector,1,generar_emb,-,5514,0,0.013391800
pgvector,1,insert_emb,-,5514,0,0.004564300
pgvector,1,generar_emb,-,5515,0,0.012657800
pgvector,1,insert_emb,-,5515,0,0.004537600
pgvector,1,generar_emb,-,5516,0,0.011153300
pgvector,1,insert_emb,-,5516,0,0.004170300
pgvector,1,generar_emb,-,5517,0,0.011522200
pgvector,1,insert_emb,-,5517,0,0.004230300
pgvector,1,generar_emb,-,5518,0,0.011817100
pgvector,1,insert_emb,-,5518,0,0.004157300
pgvector,1,generar_emb,-,5519,0,0.011868700
pgvector,1,insert_emb,-,5519,0,0.004230800
pgvector,1,generar_emb,-,5520,0,0.010943800
pgvector,1,insert_emb,-,5520,0,0.004258600
pgvector,1,generar_emb,-,5521,0,0.015473900
pgvector,1,insert_emb,-,5521,0,0.004372500
pgvector,1,generar_emb,-,5522,0,0.013417100
pgvector,1,insert_emb,-,5522,0,0.004412600
pgvector,1,generar_emb,-,5523,0,0.012106600
pgvector,1,insert_emb,-,5523,0,0.004279800
pgvector,1,generar_emb,-,5524,0,0.012301200
pgvector,1,insert_emb,-,5524,0,0.004268200
pgvector,1,generar_emb,-,5525,0,0.011893800
pgvector,1,insert_emb,-,5525,0,0.004560500
pgvector,1,generar_emb,-,5526,0,0.012849300
pgvector,1,insert_emb,-,5526,0,0.004474500
pgvector,1,generar_emb,-,5527,0,0.012005900
pgvector,1,insert_emb,-,5527,0,0.004274700
pgvector,1,generar_emb,-,5528,0,0.012699300
pgvector,1,insert_emb,-,5528,0,0.004533100
pgvector,1,generar_emb,-,5529,0,0.011894900
pgvector,1,insert_emb,-,5529,0,0.004289900
pgvector,1,generar_emb,-,5530,0,0.014652500
pgvector,1,insert_emb,-,5530,0,0.004430200
pgvector,1,generar_emb,-,5531,0,0.013828300
pgvector,1,insert_emb,-,5531,0,0.004594000
pgvector,1,generar_emb,-,5532,0,0.011937000
pgvector,1,insert_emb,-,5532,0,0.004239400
pgvector,1,generar_emb,-,5533,0,0.013300200
pgvector,1,insert_emb,-,5533,0,0.004222400
pgvector,1,generar_emb,-,5534,0,0.011534400
pgvector,1,insert_emb,-,5534,0,0.004324100
pgvector,1,generar_emb,-,5535,0,0.010668700
pgvector,1,insert_emb,-,5535,0,0.004237900
pgvector,1,generar_emb,-,5536,0,0.015668600
pgvector,1,insert_emb,-,5536,0,0.004616100
pgvector,1,generar_emb,-,5537,0,0.011135800
pgvector,1,insert_emb,-,5537,0,0.004214600
pgvector,1,generar_emb,-,5538,0,0.011708700
pgvector,1,insert_emb,-,5538,0,0.004258000
pgvector,1,generar_emb,-,5539,0,0.012571300
pgvector,1,insert_emb,-,5539,0,0.004238400
pgvector,1,generar_emb,-,5540,0,0.012825200
pgvector,1,insert_emb,-,5540,0,0.004364100
pgvector,1,generar_emb,-,5541,0,0.011533600
pgvector,1,insert_emb,-,5541,0,0.004315700
pgvector,1,generar_emb,-,5542,0,0.013534200
pgvector,1,insert_emb,-,5542,0,0.004266400
pgvector,1,generar_emb,-,5543,0,0.012617700
pgvector,1,insert_emb,-,5543,0,0.004431800
pgvector,1,generar_emb,-,5544,0,0.013176000
pgvector,1,insert_emb,-,5544,0,0.004623600
pgvector,1,generar_emb,-,5545,0,0.011126200
pgvector,1,insert_emb,-,5545,0,0.004330900
pgvector,1,generar_emb,-,5546,0,0.010723500
pgvector,1,insert_emb,-,5546,0,0.003934000
pgvector,1,generar_emb,-,5547,0,0.011118400
pgvector,1,insert_emb,-,5547,0,0.004078800
pgvector,1,generar_emb,-,5548,0,0.014735500
pgvector,1,insert_emb,-,5548,0,0.005768400
pgvector,1,generar_emb,-,5549,0,0.019182700
pgvector,1,insert_emb,-,5549,0,0.004974300
pgvector,1,generar_emb,-,5550,0,0.016199500
pgvector,1,insert_emb,-,5550,0,0.005701200
pgvector,1,generar_emb,-,5551,0,0.013692100
pgvector,1,insert_emb,-,5551,0,0.005238900
pgvector,1,generar_emb,-,5552,0,0.024649600
pgvector,1,insert_emb,-,5552,0,0.005713200
pgvector,1,generar_emb,-,5553,0,0.020241800
pgvector,1,insert_emb,-,5553,0,0.006125400
pgvector,1,generar_emb,-,5554,0,0.022064300
pgvector,1,insert_emb,-,5554,0,0.005948400
pgvector,1,generar_emb,-,5555,0,0.021931700
pgvector,1,insert_emb,-,5555,0,0.004709300
pgvector,1,generar_emb,-,5556,0,0.018058000
pgvector,1,insert_emb,-,5556,0,0.004710200
pgvector,1,generar_emb,-,5557,0,0.010458300
pgvector,1,insert_emb,-,5557,0,0.004754500
pgvector,1,generar_emb,-,5558,0,0.013939700
pgvector,1,insert_emb,-,5558,0,0.004255900
pgvector,1,generar_emb,-,5559,0,0.016950900
pgvector,1,insert_emb,-,5559,0,0.004185900
pgvector,1,generar_emb,-,5560,0,0.014829900
pgvector,1,insert_emb,-,5560,0,0.004339900
pgvector,1,generar_emb,-,5561,0,0.011811400
pgvector,1,insert_emb,-,5561,0,0.004284700
pgvector,1,generar_emb,-,5562,0,0.011972900
pgvector,1,insert_emb,-,5562,0,0.004091600
pgvector,1,generar_emb,-,5563,0,0.015083000
pgvector,1,insert_emb,-,5563,0,0.004415400
pgvector,1,generar_emb,-,5564,0,0.012319400
pgvector,1,insert_emb,-,5564,0,0.004808700
pgvector,1,generar_emb,-,5565,0,0.015471700
pgvector,1,insert_emb,-,5565,0,0.004342200
pgvector,1,generar_emb,-,5566,0,0.015434800
pgvector,1,insert_emb,-,5566,0,0.004684600
pgvector,1,generar_emb,-,5567,0,0.012331500
pgvector,1,insert_emb,-,5567,0,0.004470000
pgvector,1,generar_emb,-,5568,0,0.013703100
pgvector,1,insert_emb,-,5568,0,0.004617900
pgvector,1,generar_emb,-,5569,0,0.015244600
pgvector,1,insert_emb,-,5569,0,0.004511400
pgvector,1,generar_emb,-,5570,0,0.013794900
pgvector,1,insert_emb,-,5570,0,0.004374500
pgvector,1,generar_emb,-,5571,0,0.014999200
pgvector,1,insert_emb,-,5571,0,0.004343700
pgvector,1,generar_emb,-,5572,0,0.017619100
pgvector,1,insert_emb,-,5572,0,0.004489900
pgvector,1,generar_emb,-,5573,0,0.013667300
pgvector,1,insert_emb,-,5573,0,0.004615500
pgvector,1,generar_emb,-,5574,0,0.011659200
pgvector,1,insert_emb,-,5574,0,0.004226100
pgvector,1,generar_emb,-,5575,0,0.012696400
pgvector,1,insert_emb,-,5575,0,0.004593100
pgvector,1,generar_emb,-,5576,0,0.013344300
pgvector,1,insert_emb,-,5576,0,0.004494400
pgvector,1,generar_emb,-,5577,0,0.014951600
pgvector,1,insert_emb,-,5577,0,0.004808100
pgvector,1,generar_emb,-,5578,0,0.011811700
pgvector,1,insert_emb,-,5578,0,0.004687100
pgvector,1,generar_emb,-,5579,0,0.011155200
pgvector,1,insert_emb,-,5579,0,0.004907300
pgvector,1,generar_emb,-,5580,0,0.013062100
pgvector,1,insert_emb,-,5580,0,0.004884600
pgvector,1,generar_emb,-,5581,0,0.014344200
pgvector,1,insert_emb,-,5581,0,0.004543400
pgvector,1,generar_emb,-,5582,0,0.014796500
pgvector,1,insert_emb,-,5582,0,0.005040800
pgvector,1,generar_emb,-,5583,0,0.012777100
pgvector,1,insert_emb,-,5583,0,0.004039700
pgvector,1,generar_emb,-,5584,0,0.015781700
pgvector,1,insert_emb,-,5584,0,0.004371100
pgvector,1,generar_emb,-,5585,0,0.013047600
pgvector,1,insert_emb,-,5585,0,0.004882500
pgvector,1,generar_emb,-,5586,0,0.011468300
pgvector,1,insert_emb,-,5586,0,0.004377100
pgvector,1,generar_emb,-,5587,0,0.011239800
pgvector,1,insert_emb,-,5587,0,0.004483300
pgvector,1,generar_emb,-,5588,0,0.010880200
pgvector,1,insert_emb,-,5588,0,0.004385000
pgvector,1,generar_emb,-,5589,0,0.010774300
pgvector,1,insert_emb,-,5589,0,0.004664200
pgvector,1,generar_emb,-,5590,0,0.012219600
pgvector,1,insert_emb,-,5590,0,0.004832400
pgvector,1,generar_emb,-,5591,0,0.012686400
pgvector,1,insert_emb,-,5591,0,0.004563400
pgvector,1,generar_emb,-,5592,0,0.011880900
pgvector,1,insert_emb,-,5592,0,0.004324100
pgvector,1,generar_emb,-,5593,0,0.011208100
pgvector,1,insert_emb,-,5593,0,0.004626900
pgvector,1,generar_emb,-,5594,0,0.010600700
pgvector,1,insert_emb,-,5594,0,0.004351100
pgvector,1,generar_emb,-,5595,0,0.011107100
pgvector,1,insert_emb,-,5595,0,0.004423200
pgvector,1,generar_emb,-,5596,0,0.011679600
pgvector,1,insert_emb,-,5596,0,0.004542500
pgvector,1,generar_emb,-,5597,0,0.011354000
pgvector,1,insert_emb,-,5597,0,0.004544500
pgvector,1,generar_emb,-,5598,0,0.011156700
pgvector,1,insert_emb,-,5598,0,0.004384000
pgvector,1,generar_emb,-,5599,0,0.011805900
pgvector,1,insert_emb,-,5599,0,0.004285900
pgvector,1,generar_emb,-,5600,0,0.010692700
pgvector,1,insert_emb,-,5600,0,0.004434700
pgvector,1,generar_emb,-,5601,0,0.011518400
pgvector,1,insert_emb,-,5601,0,0.004673100
pgvector,1,generar_emb,-,5602,0,0.016839700
pgvector,1,insert_emb,-,5602,0,0.004156900
pgvector,1,generar_emb,-,5603,0,0.012631400
pgvector,1,insert_emb,-,5603,0,0.004393300
pgvector,1,generar_emb,-,5604,0,0.014245100
pgvector,1,insert_emb,-,5604,0,0.004644700
pgvector,1,generar_emb,-,5605,0,0.014121000
pgvector,1,insert_emb,-,5605,0,0.004382100
pgvector,1,generar_emb,-,5606,0,0.013535000
pgvector,1,insert_emb,-,5606,0,0.004350600
pgvector,1,generar_emb,-,5607,0,0.013151500
pgvector,1,insert_emb,-,5607,0,0.004457900
pgvector,1,generar_emb,-,5608,0,0.014333800
pgvector,1,insert_emb,-,5608,0,0.004492800
pgvector,1,generar_emb,-,5609,0,0.011651000
pgvector,1,insert_emb,-,5609,0,0.004173300
pgvector,1,generar_emb,-,5610,0,0.012505100
pgvector,1,insert_emb,-,5610,0,0.004265100
pgvector,1,generar_emb,-,5611,0,0.010825000
pgvector,1,insert_emb,-,5611,0,0.004971100
pgvector,1,generar_emb,-,5612,0,0.019719900
pgvector,1,insert_emb,-,5612,0,0.004665100
pgvector,1,generar_emb,-,5613,0,0.016587300
pgvector,1,insert_emb,-,5613,0,0.004652000
pgvector,1,generar_emb,-,5614,0,0.015456800
pgvector,1,insert_emb,-,5614,0,0.004880700
pgvector,1,generar_emb,-,5615,0,0.013639600
pgvector,1,insert_emb,-,5615,0,0.005082300
pgvector,1,generar_emb,-,5616,0,0.016612500
pgvector,1,insert_emb,-,5616,0,0.004754400
pgvector,1,generar_emb,-,5617,0,0.012721900
pgvector,1,insert_emb,-,5617,0,0.004792900
pgvector,1,generar_emb,-,5618,0,0.013962800
pgvector,1,insert_emb,-,5618,0,0.004886200
pgvector,1,generar_emb,-,5619,0,0.017972200
pgvector,1,insert_emb,-,5619,0,0.004800000
pgvector,1,generar_emb,-,5620,0,0.014633900
pgvector,1,insert_emb,-,5620,0,0.004876700
pgvector,1,generar_emb,-,5621,0,0.011102900
pgvector,1,insert_emb,-,5621,0,0.004482000
pgvector,1,generar_emb,-,5622,0,0.010642300
pgvector,1,insert_emb,-,5622,0,0.004694200
pgvector,1,generar_emb,-,5623,0,0.014532400
pgvector,1,insert_emb,-,5623,0,0.004148500
pgvector,1,generar_emb,-,5624,0,0.012595600
pgvector,1,insert_emb,-,5624,0,0.004129700
pgvector,1,generar_emb,-,5625,0,0.012711400
pgvector,1,insert_emb,-,5625,0,0.004386100
pgvector,1,generar_emb,-,5626,0,0.013457900
pgvector,1,insert_emb,-,5626,0,0.004329300
pgvector,1,generar_emb,-,5627,0,0.014051100
pgvector,1,insert_emb,-,5627,0,0.004293800
pgvector,1,generar_emb,-,5628,0,0.014130400
pgvector,1,insert_emb,-,5628,0,0.004366300
pgvector,1,generar_emb,-,5629,0,0.013833700
pgvector,1,insert_emb,-,5629,0,0.004332000
pgvector,1,generar_emb,-,5630,0,0.013225300
pgvector,1,insert_emb,-,5630,0,0.004522900
pgvector,1,generar_emb,-,5631,0,0.013147600
pgvector,1,insert_emb,-,5631,0,0.004539600
pgvector,1,generar_emb,-,5632,0,0.014651700
pgvector,1,insert_emb,-,5632,0,0.004701000
pgvector,1,generar_emb,-,5633,0,0.011855000
pgvector,1,insert_emb,-,5633,0,0.004211700
pgvector,1,generar_emb,-,5634,0,0.011249500
pgvector,1,insert_emb,-,5634,0,0.004149400
pgvector,1,generar_emb,-,5635,0,0.011879100
pgvector,1,insert_emb,-,5635,0,0.004354700
pgvector,1,generar_emb,-,5636,0,0.011710900
pgvector,1,insert_emb,-,5636,0,0.004812300
pgvector,1,generar_emb,-,5637,0,0.011512200
pgvector,1,insert_emb,-,5637,0,0.004607700
pgvector,1,generar_emb,-,5638,0,0.012521800
pgvector,1,insert_emb,-,5638,0,0.004144600
pgvector,1,generar_emb,-,5639,0,0.011889800
pgvector,1,insert_emb,-,5639,0,0.004312700
pgvector,1,generar_emb,-,5640,0,0.012674800
pgvector,1,insert_emb,-,5640,0,0.004277200
pgvector,1,generar_emb,-,5641,0,0.010108100
pgvector,1,insert_emb,-,5641,0,0.004476100
pgvector,1,generar_emb,-,5642,0,0.012321600
pgvector,1,insert_emb,-,5642,0,0.004316600
pgvector,1,generar_emb,-,5643,0,0.013749300
pgvector,1,insert_emb,-,5643,0,0.004449600
pgvector,1,generar_emb,-,5644,0,0.012291800
pgvector,1,insert_emb,-,5644,0,0.004984700
pgvector,1,generar_emb,-,5645,0,0.011263600
pgvector,1,insert_emb,-,5645,0,0.004740000
pgvector,1,generar_emb,-,5646,0,0.011817700
pgvector,1,insert_emb,-,5646,0,0.004548200
pgvector,1,generar_emb,-,5647,0,0.011452400
pgvector,1,insert_emb,-,5647,0,0.004547400
pgvector,1,generar_emb,-,5648,0,0.010963400
pgvector,1,insert_emb,-,5648,0,0.004293000
pgvector,1,generar_emb,-,5649,0,0.011939700
pgvector,1,insert_emb,-,5649,0,0.004363400
pgvector,1,generar_emb,-,5650,0,0.011006800
pgvector,1,insert_emb,-,5650,0,0.004430300
pgvector,1,generar_emb,-,5651,0,0.012618300
pgvector,1,insert_emb,-,5651,0,0.004537900
pgvector,1,generar_emb,-,5652,0,0.012586400
pgvector,1,insert_emb,-,5652,0,0.004472600
pgvector,1,generar_emb,-,5653,0,0.012817500
pgvector,1,insert_emb,-,5653,0,0.004415100
pgvector,1,generar_emb,-,5654,0,0.013359400
pgvector,1,insert_emb,-,5654,0,0.004539500
pgvector,1,generar_emb,-,5655,0,0.011648000
pgvector,1,insert_emb,-,5655,0,0.004575300
pgvector,1,generar_emb,-,5656,0,0.015741200
pgvector,1,insert_emb,-,5656,0,0.004502000
pgvector,1,generar_emb,-,5657,0,0.013464100
pgvector,1,insert_emb,-,5657,0,0.004756500
pgvector,1,generar_emb,-,5658,0,0.011873200
pgvector,1,insert_emb,-,5658,0,0.004393400
pgvector,1,generar_emb,-,5659,0,0.013350600
pgvector,1,insert_emb,-,5659,0,0.004427700
pgvector,1,generar_emb,-,5660,0,0.012639600
pgvector,1,insert_emb,-,5660,0,0.004469200
pgvector,1,generar_emb,-,5661,0,0.013352000
pgvector,1,insert_emb,-,5661,0,0.004457800
pgvector,1,generar_emb,-,5662,0,0.012326400
pgvector,1,insert_emb,-,5662,0,0.004642700
pgvector,1,generar_emb,-,5663,0,0.012155700
pgvector,1,insert_emb,-,5663,0,0.004177100
pgvector,1,generar_emb,-,5664,0,0.012395600
pgvector,1,insert_emb,-,5664,0,0.004164800
pgvector,1,generar_emb,-,5665,0,0.013477800
pgvector,1,insert_emb,-,5665,0,0.004270800
pgvector,1,generar_emb,-,5666,0,0.013113300
pgvector,1,insert_emb,-,5666,0,0.004249600
pgvector,1,generar_emb,-,5667,0,0.013601300
pgvector,1,insert_emb,-,5667,0,0.004276400
pgvector,1,generar_emb,-,5668,0,0.012588800
pgvector,1,insert_emb,-,5668,0,0.004825200
pgvector,1,generar_emb,-,5669,0,0.018504000
pgvector,1,insert_emb,-,5669,0,0.005575200
pgvector,1,generar_emb,-,5670,0,0.013868300
pgvector,1,insert_emb,-,5670,0,0.005437800
pgvector,1,generar_emb,-,5671,0,0.012026800
pgvector,1,insert_emb,-,5671,0,0.004827000
pgvector,1,generar_emb,-,5672,0,0.013033200
pgvector,1,insert_emb,-,5672,0,0.004767900
pgvector,1,generar_emb,-,5673,0,0.012567900
pgvector,1,insert_emb,-,5673,0,0.004622000
pgvector,1,generar_emb,-,5674,0,0.012667200
pgvector,1,insert_emb,-,5674,0,0.004590900
pgvector,1,generar_emb,-,5675,0,0.013570800
pgvector,1,insert_emb,-,5675,0,0.004766800
pgvector,1,generar_emb,-,5676,0,0.012524700
pgvector,1,insert_emb,-,5676,0,0.005030500
pgvector,1,generar_emb,-,5677,0,0.012570400
pgvector,1,insert_emb,-,5677,0,0.004417900
pgvector,1,generar_emb,-,5678,0,0.010866100
pgvector,1,insert_emb,-,5678,0,0.004406400
pgvector,1,generar_emb,-,5679,0,0.012422800
pgvector,1,insert_emb,-,5679,0,0.004173200
pgvector,1,generar_emb,-,5680,0,0.011148300
pgvector,1,insert_emb,-,5680,0,0.004380700
pgvector,1,generar_emb,-,5681,0,0.012374600
pgvector,1,insert_emb,-,5681,0,0.004220600
pgvector,1,generar_emb,-,5682,0,0.012337000
pgvector,1,insert_emb,-,5682,0,0.004463100
pgvector,1,generar_emb,-,5683,0,0.011019600
pgvector,1,insert_emb,-,5683,0,0.004037800
pgvector,1,generar_emb,-,5684,0,0.012095300
pgvector,1,insert_emb,-,5684,0,0.004057500
pgvector,1,generar_emb,-,5685,0,0.013846900
pgvector,1,insert_emb,-,5685,0,0.004713400
pgvector,1,generar_emb,-,5686,0,0.013227900
pgvector,1,insert_emb,-,5686,0,0.003935300
pgvector,1,generar_emb,-,5687,0,0.013235100
pgvector,1,insert_emb,-,5687,0,0.004422900
pgvector,1,generar_emb,-,5688,0,0.013672000
pgvector,1,insert_emb,-,5688,0,0.004548200
pgvector,1,generar_emb,-,5689,0,0.011314000
pgvector,1,insert_emb,-,5689,0,0.004288600
pgvector,1,generar_emb,-,5690,0,0.010762800
pgvector,1,insert_emb,-,5690,0,0.004530900
pgvector,1,generar_emb,-,5691,0,0.011221100
pgvector,1,insert_emb,-,5691,0,0.004270700
pgvector,1,generar_emb,-,5692,0,0.013188500
pgvector,1,insert_emb,-,5692,0,0.004386900
pgvector,1,generar_emb,-,5693,0,0.012354500
pgvector,1,insert_emb,-,5693,0,0.004405300
pgvector,1,generar_emb,-,5694,0,0.010748200
pgvector,1,insert_emb,-,5694,0,0.004427000
pgvector,1,generar_emb,-,5695,0,0.011770600
pgvector,1,insert_emb,-,5695,0,0.004349900
pgvector,1,generar_emb,-,5696,0,0.012681300
pgvector,1,insert_emb,-,5696,0,0.004263500
pgvector,1,generar_emb,-,5697,0,0.011925400
pgvector,1,insert_emb,-,5697,0,0.004191400
pgvector,1,generar_emb,-,5698,0,0.014133000
pgvector,1,insert_emb,-,5698,0,0.004428500
pgvector,1,generar_emb,-,5699,0,0.012144500
pgvector,1,insert_emb,-,5699,0,0.004206300
pgvector,1,generar_emb,-,5700,0,0.010837600
pgvector,1,insert_emb,-,5700,0,0.004353500
pgvector,1,generar_emb,-,5701,0,0.012449100
pgvector,1,insert_emb,-,5701,0,0.004203600
pgvector,1,generar_emb,-,5702,0,0.012351600
pgvector,1,insert_emb,-,5702,0,0.004069900
pgvector,1,generar_emb,-,5703,0,0.012894400
pgvector,1,insert_emb,-,5703,0,0.004081500
pgvector,1,generar_emb,-,5704,0,0.012007400
pgvector,1,insert_emb,-,5704,0,0.004256800
pgvector,1,generar_emb,-,5705,0,0.012641000
pgvector,1,insert_emb,-,5705,0,0.004981200
pgvector,1,generar_emb,-,5706,0,0.013449900
pgvector,1,insert_emb,-,5706,0,0.004386300
pgvector,1,generar_emb,-,5707,0,0.011659700
pgvector,1,insert_emb,-,5707,0,0.004197100
pgvector,1,generar_emb,-,5708,0,0.013468200
pgvector,1,insert_emb,-,5708,0,0.004759400
pgvector,1,generar_emb,-,5709,0,0.018010300
pgvector,1,insert_emb,-,5709,0,0.004697600
pgvector,1,generar_emb,-,5710,0,0.012027100
pgvector,1,insert_emb,-,5710,0,0.004765700
pgvector,1,generar_emb,-,5711,0,0.013387200
pgvector,1,insert_emb,-,5711,0,0.004337500
pgvector,1,generar_emb,-,5712,0,0.013890400
pgvector,1,insert_emb,-,5712,0,0.004251900
pgvector,1,generar_emb,-,5713,0,0.012584600
pgvector,1,insert_emb,-,5713,0,0.004331700
pgvector,1,generar_emb,-,5714,0,0.015504400
pgvector,1,insert_emb,-,5714,0,0.004527100
pgvector,1,generar_emb,-,5715,0,0.012630900
pgvector,1,insert_emb,-,5715,0,0.004484200
pgvector,1,generar_emb,-,5716,0,0.013880200
pgvector,1,insert_emb,-,5716,0,0.004348300
pgvector,1,generar_emb,-,5717,0,0.011569600
pgvector,1,insert_emb,-,5717,0,0.004245600
pgvector,1,generar_emb,-,5718,0,0.013081700
pgvector,1,insert_emb,-,5718,0,0.004245400
pgvector,1,generar_emb,-,5719,0,0.011762600
pgvector,1,insert_emb,-,5719,0,0.004400500
pgvector,1,generar_emb,-,5720,0,0.011529300
pgvector,1,insert_emb,-,5720,0,0.004392800
pgvector,1,generar_emb,-,5721,0,0.012548100
pgvector,1,insert_emb,-,5721,0,0.004212600
pgvector,1,generar_emb,-,5722,0,0.012889500
pgvector,1,insert_emb,-,5722,0,0.004216600
pgvector,1,generar_emb,-,5723,0,0.012654400
pgvector,1,insert_emb,-,5723,0,0.004305700
pgvector,1,generar_emb,-,5724,0,0.012032500
pgvector,1,insert_emb,-,5724,0,0.004323200
pgvector,1,generar_emb,-,5725,0,0.012714100
pgvector,1,insert_emb,-,5725,0,0.004577400
pgvector,1,generar_emb,-,5726,0,0.013709300
pgvector,1,insert_emb,-,5726,0,0.004246200
pgvector,1,generar_emb,-,5727,0,0.014016400
pgvector,1,insert_emb,-,5727,0,0.004722800
pgvector,1,generar_emb,-,5728,0,0.012389200
pgvector,1,insert_emb,-,5728,0,0.004728700
pgvector,1,generar_emb,-,5729,0,0.014488300
pgvector,1,insert_emb,-,5729,0,0.004337000
pgvector,1,generar_emb,-,5730,0,0.011182700
pgvector,1,insert_emb,-,5730,0,0.004634500
pgvector,1,generar_emb,-,5731,0,0.011549600
pgvector,1,insert_emb,-,5731,0,0.004347000
pgvector,1,generar_emb,-,5732,0,0.014130800
pgvector,1,insert_emb,-,5732,0,0.004387500
pgvector,1,generar_emb,-,5733,0,0.013252100
pgvector,1,insert_emb,-,5733,0,0.004302300
pgvector,1,generar_emb,-,5734,0,0.012455700
pgvector,1,insert_emb,-,5734,0,0.004272300
pgvector,1,generar_emb,-,5735,0,0.012470100
pgvector,1,insert_emb,-,5735,0,0.004406100
pgvector,1,generar_emb,-,5736,0,0.014225600
pgvector,1,insert_emb,-,5736,0,0.004334200
pgvector,1,generar_emb,-,5737,0,0.012135000
pgvector,1,insert_emb,-,5737,0,0.004540200
pgvector,1,generar_emb,-,5738,0,0.012250500
pgvector,1,insert_emb,-,5738,0,0.004753100
pgvector,1,generar_emb,-,5739,0,0.013049400
pgvector,1,insert_emb,-,5739,0,0.004485700
pgvector,1,generar_emb,-,5740,0,0.014624100
pgvector,1,insert_emb,-,5740,0,0.004405900
pgvector,1,generar_emb,-,5741,0,0.012978100
pgvector,1,insert_emb,-,5741,0,0.004616000
pgvector,1,generar_emb,-,5742,0,0.012866100
pgvector,1,insert_emb,-,5742,0,0.004561600
pgvector,1,generar_emb,-,5743,0,0.013806000
pgvector,1,insert_emb,-,5743,0,0.004500400
pgvector,1,generar_emb,-,5744,0,0.012292000
pgvector,1,insert_emb,-,5744,0,0.004531000
pgvector,1,generar_emb,-,5745,0,0.017027900
pgvector,1,insert_emb,-,5745,0,0.004803700
pgvector,1,generar_emb,-,5746,0,0.012568300
pgvector,1,insert_emb,-,5746,0,0.004978900
pgvector,1,generar_emb,-,5747,0,0.016552400
pgvector,1,insert_emb,-,5747,0,0.004762100
pgvector,1,generar_emb,-,5748,0,0.012937500
pgvector,1,insert_emb,-,5748,0,0.004638000
pgvector,1,generar_emb,-,5749,0,0.011188200
pgvector,1,insert_emb,-,5749,0,0.004394400
pgvector,1,generar_emb,-,5750,0,0.012058100
pgvector,1,insert_emb,-,5750,0,0.004712300
pgvector,1,generar_emb,-,5751,0,0.013267200
pgvector,1,insert_emb,-,5751,0,0.004913200
pgvector,1,generar_emb,-,5752,0,0.012854700
pgvector,1,insert_emb,-,5752,0,0.004386200
pgvector,1,generar_emb,-,5753,0,0.013054600
pgvector,1,insert_emb,-,5753,0,0.004282100
pgvector,1,generar_emb,-,5754,0,0.010755100
pgvector,1,insert_emb,-,5754,0,0.004057300
pgvector,1,generar_emb,-,5755,0,0.010730900
pgvector,1,insert_emb,-,5755,0,0.004182700
pgvector,1,generar_emb,-,5756,0,0.011680000
pgvector,1,insert_emb,-,5756,0,0.004060600
pgvector,1,generar_emb,-,5757,0,0.014060000
pgvector,1,insert_emb,-,5757,0,0.004538800
pgvector,1,generar_emb,-,5758,0,0.012184200
pgvector,1,insert_emb,-,5758,0,0.004421000
pgvector,1,generar_emb,-,5759,0,0.012086700
pgvector,1,insert_emb,-,5759,0,0.004216000
pgvector,1,generar_emb,-,5760,0,0.011962500
pgvector,1,insert_emb,-,5760,0,0.004213400
pgvector,1,generar_emb,-,5761,0,0.011277600
pgvector,1,insert_emb,-,5761,0,0.004166400
pgvector,1,generar_emb,-,5762,0,0.011257300
pgvector,1,insert_emb,-,5762,0,0.004440800
pgvector,1,generar_emb,-,5763,0,0.011119500
pgvector,1,insert_emb,-,5763,0,0.004616000
pgvector,1,generar_emb,-,5764,0,0.012163600
pgvector,1,insert_emb,-,5764,0,0.004497400
pgvector,1,generar_emb,-,5765,0,0.010599400
pgvector,1,insert_emb,-,5765,0,0.004538300
pgvector,1,generar_emb,-,5766,0,0.011865300
pgvector,1,insert_emb,-,5766,0,0.004563500
pgvector,1,generar_emb,-,5767,0,0.011876800
pgvector,1,insert_emb,-,5767,0,0.004648200
pgvector,1,generar_emb,-,5768,0,0.011221300
pgvector,1,insert_emb,-,5768,0,0.004612400
pgvector,1,generar_emb,-,5769,0,0.010504900
pgvector,1,insert_emb,-,5769,0,0.004611800
pgvector,1,generar_emb,-,5770,0,0.013210700
pgvector,1,insert_emb,-,5770,0,0.004341900
pgvector,1,generar_emb,-,5771,0,0.012877500
pgvector,1,insert_emb,-,5771,0,0.004087900
pgvector,1,generar_emb,-,5772,0,0.012491900
pgvector,1,insert_emb,-,5772,0,0.004333600
pgvector,1,generar_emb,-,5773,0,0.012919600
pgvector,1,insert_emb,-,5773,0,0.004525300
pgvector,1,generar_emb,-,5774,0,0.013492400
pgvector,1,insert_emb,-,5774,0,0.004093500
pgvector,1,generar_emb,-,5775,0,0.012247400
pgvector,1,insert_emb,-,5775,0,0.004403800
pgvector,1,generar_emb,-,5776,0,0.011593600
pgvector,1,insert_emb,-,5776,0,0.004331700
pgvector,1,generar_emb,-,5777,0,0.017398100
pgvector,1,insert_emb,-,5777,0,0.004666800
pgvector,1,generar_emb,-,5778,0,0.012166300
pgvector,1,insert_emb,-,5778,0,0.004413700
pgvector,1,generar_emb,-,5779,0,0.010729900
pgvector,1,insert_emb,-,5779,0,0.004448200
pgvector,1,generar_emb,-,5780,0,0.011377000
pgvector,1,insert_emb,-,5780,0,0.004580000
pgvector,1,generar_emb,-,5781,0,0.010769500
pgvector,1,insert_emb,-,5781,0,0.004274400
pgvector,1,generar_emb,-,5782,0,0.011544500
pgvector,1,insert_emb,-,5782,0,0.004575500
pgvector,1,generar_emb,-,5783,0,0.012070900
pgvector,1,insert_emb,-,5783,0,0.004352900
pgvector,1,generar_emb,-,5784,0,0.011251300
pgvector,1,insert_emb,-,5784,0,0.004380000
pgvector,1,generar_emb,-,5785,0,0.011599300
pgvector,1,insert_emb,-,5785,0,0.004585400
pgvector,1,generar_emb,-,5786,0,0.011483600
pgvector,1,insert_emb,-,5786,0,0.004681500
pgvector,1,generar_emb,-,5787,0,0.011571900
pgvector,1,insert_emb,-,5787,0,0.004475900
pgvector,1,generar_emb,-,5788,0,0.011829100
pgvector,1,insert_emb,-,5788,0,0.004238600
pgvector,1,generar_emb,-,5789,0,0.011871100
pgvector,1,insert_emb,-,5789,0,0.004252700
pgvector,1,generar_emb,-,5790,0,0.011468600
pgvector,1,insert_emb,-,5790,0,0.004625100
pgvector,1,generar_emb,-,5791,0,0.014075100
pgvector,1,insert_emb,-,5791,0,0.004282400
pgvector,1,generar_emb,-,5792,0,0.010747000
pgvector,1,insert_emb,-,5792,0,0.004246400
pgvector,1,generar_emb,-,5793,0,0.011505800
pgvector,1,insert_emb,-,5793,0,0.004532400
pgvector,1,generar_emb,-,5794,0,0.014821800
pgvector,1,insert_emb,-,5794,0,0.004343900
pgvector,1,generar_emb,-,5795,0,0.013072200
pgvector,1,insert_emb,-,5795,0,0.004349500
pgvector,1,generar_emb,-,5796,0,0.012245800
pgvector,1,insert_emb,-,5796,0,0.004416100
pgvector,1,generar_emb,-,5797,0,0.014080200
pgvector,1,insert_emb,-,5797,0,0.004472900
pgvector,1,generar_emb,-,5798,0,0.012069900
pgvector,1,insert_emb,-,5798,0,0.004722600
pgvector,1,generar_emb,-,5799,0,0.012150400
pgvector,1,insert_emb,-,5799,0,0.004589000
pgvector,1,generar_emb,-,5800,0,0.013443600
pgvector,1,insert_emb,-,5800,0,0.004832500
pgvector,1,generar_emb,-,5801,0,0.012249400
pgvector,1,insert_emb,-,5801,0,0.004637900
pgvector,1,generar_emb,-,5802,0,0.012052800
pgvector,1,insert_emb,-,5802,0,0.004393500
pgvector,1,generar_emb,-,5803,0,0.012073000
pgvector,1,insert_emb,-,5803,0,0.004440200
pgvector,1,generar_emb,-,5804,0,0.011518800
pgvector,1,insert_emb,-,5804,0,0.004445700
pgvector,1,generar_emb,-,5805,0,0.013054600
pgvector,1,insert_emb,-,5805,0,0.004293600
pgvector,1,generar_emb,-,5806,0,0.012570600
pgvector,1,insert_emb,-,5806,0,0.004315500
pgvector,1,generar_emb,-,5807,0,0.012577200
pgvector,1,insert_emb,-,5807,0,0.004205000
pgvector,1,generar_emb,-,5808,0,0.012644800
pgvector,1,insert_emb,-,5808,0,0.004061400
pgvector,1,generar_emb,-,5809,0,0.012993000
pgvector,1,insert_emb,-,5809,0,0.004530800
pgvector,1,generar_emb,-,5810,0,0.012920000
pgvector,1,insert_emb,-,5810,0,0.004546600
pgvector,1,generar_emb,-,5811,0,0.012011900
pgvector,1,insert_emb,-,5811,0,0.004459200
pgvector,1,generar_emb,-,5812,0,0.010974900
pgvector,1,insert_emb,-,5812,0,0.004244200
pgvector,1,generar_emb,-,5813,0,0.015644700
pgvector,1,insert_emb,-,5813,0,0.004377500
pgvector,1,generar_emb,-,5814,0,0.012086600
pgvector,1,insert_emb,-,5814,0,0.004372400
pgvector,1,generar_emb,-,5815,0,0.011575400
pgvector,1,insert_emb,-,5815,0,0.004534000
pgvector,1,generar_emb,-,5816,0,0.011667900
pgvector,1,insert_emb,-,5816,0,0.004346100
pgvector,1,generar_emb,-,5817,0,0.010893100
pgvector,1,insert_emb,-,5817,0,0.004290500
pgvector,1,generar_emb,-,5818,0,0.013723400
pgvector,1,insert_emb,-,5818,0,0.004442300
pgvector,1,generar_emb,-,5819,0,0.014431900
pgvector,1,insert_emb,-,5819,0,0.004596400
pgvector,1,generar_emb,-,5820,0,0.011492800
pgvector,1,insert_emb,-,5820,0,0.004490100
pgvector,1,generar_emb,-,5821,0,0.012463800
pgvector,1,insert_emb,-,5821,0,0.004790100
pgvector,1,generar_emb,-,5822,0,0.012215200
pgvector,1,insert_emb,-,5822,0,0.004361700
pgvector,1,generar_emb,-,5823,0,0.011835100
pgvector,1,insert_emb,-,5823,0,0.004270200
pgvector,1,generar_emb,-,5824,0,0.011442800
pgvector,1,insert_emb,-,5824,0,0.004255200
pgvector,1,generar_emb,-,5825,0,0.013147400
pgvector,1,insert_emb,-,5825,0,0.004207800
pgvector,1,generar_emb,-,5826,0,0.011992500
pgvector,1,insert_emb,-,5826,0,0.004331100
pgvector,1,generar_emb,-,5827,0,0.011851800
pgvector,1,insert_emb,-,5827,0,0.004387700
pgvector,1,generar_emb,-,5828,0,0.012899300
pgvector,1,insert_emb,-,5828,0,0.004297300
pgvector,1,generar_emb,-,5829,0,0.013497500
pgvector,1,insert_emb,-,5829,0,0.004018700
pgvector,1,generar_emb,-,5830,0,0.011256100
pgvector,1,insert_emb,-,5830,0,0.004767300
pgvector,1,generar_emb,-,5831,0,0.013966300
pgvector,1,insert_emb,-,5831,0,0.004189100
pgvector,1,generar_emb,-,5832,0,0.015970400
pgvector,1,insert_emb,-,5832,0,0.004594500
pgvector,1,generar_emb,-,5833,0,0.013557700
pgvector,1,insert_emb,-,5833,0,0.004366900
pgvector,1,generar_emb,-,5834,0,0.011515600
pgvector,1,insert_emb,-,5834,0,0.004232400
pgvector,1,generar_emb,-,5835,0,0.014595400
pgvector,1,insert_emb,-,5835,0,0.004657800
pgvector,1,generar_emb,-,5836,0,0.011108700
pgvector,1,insert_emb,-,5836,0,0.005028100
pgvector,1,generar_emb,-,5837,0,0.011174500
pgvector,1,insert_emb,-,5837,0,0.004479300
pgvector,1,generar_emb,-,5838,0,0.012848700
pgvector,1,insert_emb,-,5838,0,0.004454000
pgvector,1,generar_emb,-,5839,0,0.015809800
pgvector,1,insert_emb,-,5839,0,0.004138400
pgvector,1,generar_emb,-,5840,0,0.015693600
pgvector,1,insert_emb,-,5840,0,0.005180700
pgvector,1,generar_emb,-,5841,0,0.012737200
pgvector,1,insert_emb,-,5841,0,0.004396900
pgvector,1,generar_emb,-,5842,0,0.010676500
pgvector,1,insert_emb,-,5842,0,0.004541900
pgvector,1,generar_emb,-,5843,0,0.011160800
pgvector,1,insert_emb,-,5843,0,0.004568900
pgvector,1,generar_emb,-,5844,0,0.011181700
pgvector,1,insert_emb,-,5844,0,0.004484300
pgvector,1,generar_emb,-,5845,0,0.011081200
pgvector,1,insert_emb,-,5845,0,0.004639600
pgvector,1,generar_emb,-,5846,0,0.012504600
pgvector,1,insert_emb,-,5846,0,0.004869500
pgvector,1,generar_emb,-,5847,0,0.011240900
pgvector,1,insert_emb,-,5847,0,0.004510800
pgvector,1,generar_emb,-,5848,0,0.011112700
pgvector,1,insert_emb,-,5848,0,0.004304300
pgvector,1,generar_emb,-,5849,0,0.014735200
pgvector,1,insert_emb,-,5849,0,0.004218700
pgvector,1,generar_emb,-,5850,0,0.013800500
pgvector,1,insert_emb,-,5850,0,0.004613900
pgvector,1,generar_emb,-,5851,0,0.011634600
pgvector,1,insert_emb,-,5851,0,0.004033200
pgvector,1,generar_emb,-,5852,0,0.014722000
pgvector,1,insert_emb,-,5852,0,0.004679400
pgvector,1,generar_emb,-,5853,0,0.015320700
pgvector,1,insert_emb,-,5853,0,0.004885500
pgvector,1,generar_emb,-,5854,0,0.010670100
pgvector,1,insert_emb,-,5854,0,0.004688400
pgvector,1,generar_emb,-,5855,0,0.012696500
pgvector,1,insert_emb,-,5855,0,0.005078200
pgvector,1,generar_emb,-,5856,0,0.013420300
pgvector,1,insert_emb,-,5856,0,0.004720800
pgvector,1,generar_emb,-,5857,0,0.015400100
pgvector,1,insert_emb,-,5857,0,0.004580000
pgvector,1,generar_emb,-,5858,0,0.013756200
pgvector,1,insert_emb,-,5858,0,0.004371300
pgvector,1,generar_emb,-,5859,0,0.012380900
pgvector,1,insert_emb,-,5859,0,0.004481800
pgvector,1,generar_emb,-,5860,0,0.012046100
pgvector,1,insert_emb,-,5860,0,0.004425600
pgvector,1,generar_emb,-,5861,0,0.011883900
pgvector,1,insert_emb,-,5861,0,0.004259800
pgvector,1,generar_emb,-,5862,0,0.010753600
pgvector,1,insert_emb,-,5862,0,0.004338900
pgvector,1,generar_emb,-,5863,0,0.013306600
pgvector,1,insert_emb,-,5863,0,0.004169100
pgvector,1,generar_emb,-,5864,0,0.035233800
pgvector,1,insert_emb,-,5864,0,0.024569700
pgvector,1,generar_emb,-,5865,0,0.040490300
pgvector,1,insert_emb,-,5865,0,0.005048400
pgvector,1,generar_emb,-,5866,0,0.015604500
pgvector,1,insert_emb,-,5866,0,0.004478400
pgvector,1,generar_emb,-,5867,0,0.014409000
pgvector,1,insert_emb,-,5867,0,0.004043700
pgvector,1,generar_emb,-,5868,0,0.012854000
pgvector,1,insert_emb,-,5868,0,0.004514700
pgvector,1,generar_emb,-,5869,0,0.014203900
pgvector,1,insert_emb,-,5869,0,0.004423500
pgvector,1,generar_emb,-,5870,0,0.012610300
pgvector,1,insert_emb,-,5870,0,0.004454100
pgvector,1,generar_emb,-,5871,0,0.012542500
pgvector,1,insert_emb,-,5871,0,0.004233800
pgvector,1,generar_emb,-,5872,0,0.013855200
pgvector,1,insert_emb,-,5872,0,0.004636800
pgvector,1,generar_emb,-,5873,0,0.011183800
pgvector,1,insert_emb,-,5873,0,0.004345400
pgvector,1,generar_emb,-,5874,0,0.014476900
pgvector,1,insert_emb,-,5874,0,0.004693600
pgvector,1,generar_emb,-,5875,0,0.011279600
pgvector,1,insert_emb,-,5875,0,0.004703100
pgvector,1,generar_emb,-,5876,0,0.010984400
pgvector,1,insert_emb,-,5876,0,0.004424400
pgvector,1,generar_emb,-,5877,0,0.011758800
pgvector,1,insert_emb,-,5877,0,0.004495500
pgvector,1,generar_emb,-,5878,0,0.012537100
pgvector,1,insert_emb,-,5878,0,0.004490300
pgvector,1,generar_emb,-,5879,0,0.013436200
pgvector,1,insert_emb,-,5879,0,0.004441600
pgvector,1,generar_emb,-,5880,0,0.012297800
pgvector,1,insert_emb,-,5880,0,0.004753200
pgvector,1,generar_emb,-,5881,0,0.013027800
pgvector,1,insert_emb,-,5881,0,0.004687000
pgvector,1,generar_emb,-,5882,0,0.012358900
pgvector,1,insert_emb,-,5882,0,0.004620700
pgvector,1,generar_emb,-,5883,0,0.013004200
pgvector,1,insert_emb,-,5883,0,0.004665200
pgvector,1,generar_emb,-,5884,0,0.014090500
pgvector,1,insert_emb,-,5884,0,0.004686500
pgvector,1,generar_emb,-,5885,0,0.014033800
pgvector,1,insert_emb,-,5885,0,0.004791400
pgvector,1,generar_emb,-,5886,0,0.011158500
pgvector,1,insert_emb,-,5886,0,0.004841900
pgvector,1,generar_emb,-,5887,0,0.010578100
pgvector,1,insert_emb,-,5887,0,0.004490400
pgvector,1,generar_emb,-,5888,0,0.010737500
pgvector,1,insert_emb,-,5888,0,0.004173600
pgvector,1,generar_emb,-,5889,0,0.011392000
pgvector,1,insert_emb,-,5889,0,0.004377600
pgvector,1,generar_emb,-,5890,0,0.011797800
pgvector,1,insert_emb,-,5890,0,0.004550000
pgvector,1,generar_emb,-,5891,0,0.011978100
pgvector,1,insert_emb,-,5891,0,0.004417500
pgvector,1,generar_emb,-,5892,0,0.014760300
pgvector,1,insert_emb,-,5892,0,0.004250000
pgvector,1,generar_emb,-,5893,0,0.012781300
pgvector,1,insert_emb,-,5893,0,0.004420200
pgvector,1,generar_emb,-,5894,0,0.011754500
pgvector,1,insert_emb,-,5894,0,0.004086400
pgvector,1,generar_emb,-,5895,0,0.011554200
pgvector,1,insert_emb,-,5895,0,0.004255900
pgvector,1,generar_emb,-,5896,0,0.013522400
pgvector,1,insert_emb,-,5896,0,0.004280800
pgvector,1,generar_emb,-,5897,0,0.012201300
pgvector,1,insert_emb,-,5897,0,0.004632100
pgvector,1,generar_emb,-,5898,0,0.015749000
pgvector,1,insert_emb,-,5898,0,0.004679200
pgvector,1,generar_emb,-,5899,0,0.011490800
pgvector,1,insert_emb,-,5899,0,0.004444600
pgvector,1,generar_emb,-,5900,0,0.012310600
pgvector,1,insert_emb,-,5900,0,0.004490300
pgvector,1,generar_emb,-,5901,0,0.011720900
pgvector,1,insert_emb,-,5901,0,0.004405800
pgvector,1,generar_emb,-,5902,0,0.011737300
pgvector,1,insert_emb,-,5902,0,0.004383800
pgvector,1,generar_emb,-,5903,0,0.011605300
pgvector,1,insert_emb,-,5903,0,0.004399300
pgvector,1,generar_emb,-,5904,0,0.012999900
pgvector,1,insert_emb,-,5904,0,0.004723300
pgvector,1,generar_emb,-,5905,0,0.011144000
pgvector,1,insert_emb,-,5905,0,0.004228400
pgvector,1,generar_emb,-,5906,0,0.012491800
pgvector,1,insert_emb,-,5906,0,0.004213800
pgvector,1,generar_emb,-,5907,0,0.013953800
pgvector,1,insert_emb,-,5907,0,0.004262400
pgvector,1,generar_emb,-,5908,0,0.011414100
pgvector,1,insert_emb,-,5908,0,0.004639200
pgvector,1,generar_emb,-,5909,0,0.011632000
pgvector,1,insert_emb,-,5909,0,0.004293500
pgvector,1,generar_emb,-,5910,0,0.012363700
pgvector,1,insert_emb,-,5910,0,0.004358500
pgvector,1,generar_emb,-,5911,0,0.013419100
pgvector,1,insert_emb,-,5911,0,0.004283300
pgvector,1,generar_emb,-,5912,0,0.011554800
pgvector,1,insert_emb,-,5912,0,0.004155200
pgvector,1,generar_emb,-,5913,0,0.010768200
pgvector,1,insert_emb,-,5913,0,0.004050300
pgvector,1,generar_emb,-,5914,0,0.011560400
pgvector,1,insert_emb,-,5914,0,0.004189300
pgvector,1,generar_emb,-,5915,0,0.011215000
pgvector,1,insert_emb,-,5915,0,0.004503900
pgvector,1,generar_emb,-,5916,0,0.011773000
pgvector,1,insert_emb,-,5916,0,0.004366900
pgvector,1,generar_emb,-,5917,0,0.014109800
pgvector,1,insert_emb,-,5917,0,0.004455600
pgvector,1,generar_emb,-,5918,0,0.011593700
pgvector,1,insert_emb,-,5918,0,0.004651000
pgvector,1,generar_emb,-,5919,0,0.010817600
pgvector,1,insert_emb,-,5919,0,0.004190100
pgvector,1,generar_emb,-,5920,0,0.011906600
pgvector,1,insert_emb,-,5920,0,0.004301200
pgvector,1,generar_emb,-,5921,0,0.011071400
pgvector,1,insert_emb,-,5921,0,0.004227200
pgvector,1,generar_emb,-,5922,0,0.013455000
pgvector,1,insert_emb,-,5922,0,0.004529500
pgvector,1,generar_emb,-,5923,0,0.011166500
pgvector,1,insert_emb,-,5923,0,0.004549400
pgvector,1,generar_emb,-,5924,0,0.012420600
pgvector,1,insert_emb,-,5924,0,0.004642700
pgvector,1,generar_emb,-,5925,0,0.013183000
pgvector,1,insert_emb,-,5925,0,0.004504400
pgvector,1,generar_emb,-,5926,0,0.012347500
pgvector,1,insert_emb,-,5926,0,0.004301100
pgvector,1,generar_emb,-,5927,0,0.011577600
pgvector,1,insert_emb,-,5927,0,0.004187700
pgvector,1,generar_emb,-,5928,0,0.011875400
pgvector,1,insert_emb,-,5928,0,0.004227200
pgvector,1,generar_emb,-,5929,0,0.012407100
pgvector,1,insert_emb,-,5929,0,0.004386600
pgvector,1,generar_emb,-,5930,0,0.011938400
pgvector,1,insert_emb,-,5930,0,0.004298400
pgvector,1,generar_emb,-,5931,0,0.011409500
pgvector,1,insert_emb,-,5931,0,0.004386600
pgvector,1,generar_emb,-,5932,0,0.010993700
pgvector,1,insert_emb,-,5932,0,0.004490200
pgvector,1,generar_emb,-,5933,0,0.010667200
pgvector,1,insert_emb,-,5933,0,0.004256300
pgvector,1,generar_emb,-,5934,0,0.012175300
pgvector,1,insert_emb,-,5934,0,0.004271100
pgvector,1,generar_emb,-,5935,0,0.011628600
pgvector,1,insert_emb,-,5935,0,0.004606900
pgvector,1,generar_emb,-,5936,0,0.012297600
pgvector,1,insert_emb,-,5936,0,0.004290400
pgvector,1,generar_emb,-,5937,0,0.012775100
pgvector,1,insert_emb,-,5937,0,0.004351700
pgvector,1,generar_emb,-,5938,0,0.010939500
pgvector,1,insert_emb,-,5938,0,0.004494200
pgvector,1,generar_emb,-,5939,0,0.011678800
pgvector,1,insert_emb,-,5939,0,0.004239500
pgvector,1,generar_emb,-,5940,0,0.012294500
pgvector,1,insert_emb,-,5940,0,0.004676300
pgvector,1,generar_emb,-,5941,0,0.011415900
pgvector,1,insert_emb,-,5941,0,0.004476200
pgvector,1,generar_emb,-,5942,0,0.012982400
pgvector,1,insert_emb,-,5942,0,0.004394300
pgvector,1,generar_emb,-,5943,0,0.012194800
pgvector,1,insert_emb,-,5943,0,0.004710000
pgvector,1,generar_emb,-,5944,0,0.014494400
pgvector,1,insert_emb,-,5944,0,0.005251400
pgvector,1,generar_emb,-,5945,0,0.012188200
pgvector,1,insert_emb,-,5945,0,0.004665600
pgvector,1,generar_emb,-,5946,0,0.011898200
pgvector,1,insert_emb,-,5946,0,0.004610800
pgvector,1,generar_emb,-,5947,0,0.013485300
pgvector,1,insert_emb,-,5947,0,0.004627900
pgvector,1,generar_emb,-,5948,0,0.013188000
pgvector,1,insert_emb,-,5948,0,0.004593300
pgvector,1,generar_emb,-,5949,0,0.012797000
pgvector,1,insert_emb,-,5949,0,0.004495800
pgvector,1,generar_emb,-,5950,0,0.012436700
pgvector,1,insert_emb,-,5950,0,0.004624600
pgvector,1,generar_emb,-,5951,0,0.012365600
pgvector,1,insert_emb,-,5951,0,0.004320400
pgvector,1,generar_emb,-,5952,0,0.014957000
pgvector,1,insert_emb,-,5952,0,0.004484500
pgvector,1,generar_emb,-,5953,0,0.011672600
pgvector,1,insert_emb,-,5953,0,0.004514500
pgvector,1,generar_emb,-,5954,0,0.012476500
pgvector,1,insert_emb,-,5954,0,0.004075500
pgvector,1,generar_emb,-,5955,0,0.012369300
pgvector,1,insert_emb,-,5955,0,0.004476200
pgvector,1,generar_emb,-,5956,0,0.012967000
pgvector,1,insert_emb,-,5956,0,0.003988000
pgvector,1,generar_emb,-,5957,0,0.011566600
pgvector,1,insert_emb,-,5957,0,0.003940500
pgvector,1,generar_emb,-,5958,0,0.011537700
pgvector,1,insert_emb,-,5958,0,0.003938100
pgvector,1,generar_emb,-,5959,0,0.012540400
pgvector,1,insert_emb,-,5959,0,0.004340100
pgvector,1,generar_emb,-,5960,0,0.011094500
pgvector,1,insert_emb,-,5960,0,0.004445300
pgvector,1,generar_emb,-,5961,0,0.013472000
pgvector,1,insert_emb,-,5961,0,0.004045000
pgvector,1,generar_emb,-,5962,0,0.011416500
pgvector,1,insert_emb,-,5962,0,0.004175000
pgvector,1,generar_emb,-,5963,0,0.011576000
pgvector,1,insert_emb,-,5963,0,0.004332600
pgvector,1,generar_emb,-,5964,0,0.012683000
pgvector,1,insert_emb,-,5964,0,0.004308600
pgvector,1,generar_emb,-,5965,0,0.015866200
pgvector,1,insert_emb,-,5965,0,0.004628700
pgvector,1,generar_emb,-,5966,0,0.011726000
pgvector,1,insert_emb,-,5966,0,0.004188200
pgvector,1,generar_emb,-,5967,0,0.013860200
pgvector,1,insert_emb,-,5967,0,0.004547600
pgvector,1,generar_emb,-,5968,0,0.014231900
pgvector,1,insert_emb,-,5968,0,0.004344700
pgvector,1,generar_emb,-,5969,0,0.012063400
pgvector,1,insert_emb,-,5969,0,0.004315400
pgvector,1,generar_emb,-,5970,0,0.013791400
pgvector,1,insert_emb,-,5970,0,0.004388600
pgvector,1,generar_emb,-,5971,0,0.013401700
pgvector,1,insert_emb,-,5971,0,0.004254600
pgvector,1,generar_emb,-,5972,0,0.011827400
pgvector,1,insert_emb,-,5972,0,0.004240400
pgvector,1,generar_emb,-,5973,0,0.015142800
pgvector,1,insert_emb,-,5973,0,0.004324200
pgvector,1,generar_emb,-,5974,0,0.012464200
pgvector,1,insert_emb,-,5974,0,0.004181700
pgvector,1,generar_emb,-,5975,0,0.012986200
pgvector,1,insert_emb,-,5975,0,0.004296500
pgvector,1,generar_emb,-,5976,0,0.015562000
pgvector,1,insert_emb,-,5976,0,0.004681500
pgvector,1,generar_emb,-,5977,0,0.012625100
pgvector,1,insert_emb,-,5977,0,0.004380400
pgvector,1,generar_emb,-,5978,0,0.011867700
pgvector,1,insert_emb,-,5978,0,0.004536200
pgvector,1,generar_emb,-,5979,0,0.011773600
pgvector,1,insert_emb,-,5979,0,0.004428500
pgvector,1,generar_emb,-,5980,0,0.015424300
pgvector,1,insert_emb,-,5980,0,0.004411500
pgvector,1,generar_emb,-,5981,0,0.011917200
pgvector,1,insert_emb,-,5981,0,0.004359700
pgvector,1,generar_emb,-,5982,0,0.014174100
pgvector,1,insert_emb,-,5982,0,0.004853000
pgvector,1,generar_emb,-,5983,0,0.012327900
pgvector,1,insert_emb,-,5983,0,0.004536700
pgvector,1,generar_emb,-,5984,0,0.013243600
pgvector,1,insert_emb,-,5984,0,0.004308400
pgvector,1,generar_emb,-,5985,0,0.011768100
pgvector,1,insert_emb,-,5985,0,0.004283600
pgvector,1,generar_emb,-,5986,0,0.012317500
pgvector,1,insert_emb,-,5986,0,0.004271800
pgvector,1,generar_emb,-,5987,0,0.011938900
pgvector,1,insert_emb,-,5987,0,0.004205000
pgvector,1,generar_emb,-,5988,0,0.011643500
pgvector,1,insert_emb,-,5988,0,0.004339200
pgvector,1,generar_emb,-,5989,0,0.013677100
pgvector,1,insert_emb,-,5989,0,0.004375600
pgvector,1,generar_emb,-,5990,0,0.012317900
pgvector,1,insert_emb,-,5990,0,0.004403800
pgvector,1,generar_emb,-,5991,0,0.014733000
pgvector,1,insert_emb,-,5991,0,0.004407000
pgvector,1,generar_emb,-,5992,0,0.013734500
pgvector,1,insert_emb,-,5992,0,0.004373900
pgvector,1,generar_emb,-,5993,0,0.012621800
pgvector,1,insert_emb,-,5993,0,0.004448900
pgvector,1,generar_emb,-,5994,0,0.016107800
pgvector,1,insert_emb,-,5994,0,0.004475500
pgvector,1,generar_emb,-,5995,0,0.014940700
pgvector,1,insert_emb,-,5995,0,0.004471400
pgvector,1,generar_emb,-,5996,0,0.011768000
pgvector,1,insert_emb,-,5996,0,0.004419200
pgvector,1,generar_emb,-,5997,0,0.011285600
pgvector,1,insert_emb,-,5997,0,0.004453100
pgvector,1,generar_emb,-,5998,0,0.013414000
pgvector,1,insert_emb,-,5998,0,0.004405400
pgvector,1,generar_emb,-,5999,0,0.011759200
pgvector,1,insert_emb,-,5999,0,0.004544400
pgvector,1,generar_emb,-,6000,0,0.011936700
pgvector,1,insert_emb,-,6000,0,0.004429000
pgvector,1,generar_emb,-,6001,0,0.011508500
pgvector,1,insert_emb,-,6001,0,0.004530200
pgvector,1,generar_emb,-,6002,0,0.012474700
pgvector,1,insert_emb,-,6002,0,0.004803900
pgvector,1,generar_emb,-,6003,0,0.016070300
pgvector,1,insert_emb,-,6003,0,0.004282000
pgvector,1,generar_emb,-,6004,0,0.011875200
pgvector,1,insert_emb,-,6004,0,0.004197900
pgvector,1,generar_emb,-,6005,0,0.010915800
pgvector,1,insert_emb,-,6005,0,0.004359600
pgvector,1,generar_emb,-,6006,0,0.011208700
pgvector,1,insert_emb,-,6006,0,0.004356700
pgvector,1,generar_emb,-,6007,0,0.011867600
pgvector,1,insert_emb,-,6007,0,0.004224300
pgvector,1,generar_emb,-,6008,0,0.011582300
pgvector,1,insert_emb,-,6008,0,0.004159600
pgvector,1,generar_emb,-,6009,0,0.013472000
pgvector,1,insert_emb,-,6009,0,0.004272200
pgvector,1,generar_emb,-,6010,0,0.011803700
pgvector,1,insert_emb,-,6010,0,0.004468900
pgvector,1,generar_emb,-,6011,0,0.012296600
pgvector,1,insert_emb,-,6011,0,0.004178800
pgvector,1,generar_emb,-,6012,0,0.014127300
pgvector,1,insert_emb,-,6012,0,0.004088100
pgvector,1,generar_emb,-,6013,0,0.011693200
pgvector,1,insert_emb,-,6013,0,0.004354000
pgvector,1,generar_emb,-,6014,0,0.012245700
pgvector,1,insert_emb,-,6014,0,0.004276300
pgvector,1,generar_emb,-,6015,0,0.011605200
pgvector,1,insert_emb,-,6015,0,0.004236200
pgvector,1,generar_emb,-,6016,0,0.011968200
pgvector,1,insert_emb,-,6016,0,0.004192800
pgvector,1,generar_emb,-,6017,0,0.013895600
pgvector,1,insert_emb,-,6017,0,0.004282900
pgvector,1,generar_emb,-,6018,0,0.012576500
pgvector,1,insert_emb,-,6018,0,0.004322000
pgvector,1,generar_emb,-,6019,0,0.012554800
pgvector,1,insert_emb,-,6019,0,0.004485200
pgvector,1,generar_emb,-,6020,0,0.010869200
pgvector,1,insert_emb,-,6020,0,0.004527900
pgvector,1,generar_emb,-,6021,0,0.012122800
pgvector,1,insert_emb,-,6021,0,0.004495100
pgvector,1,generar_emb,-,6022,0,0.010778900
pgvector,1,insert_emb,-,6022,0,0.004868400
pgvector,1,generar_emb,-,6023,0,0.013974600
pgvector,1,insert_emb,-,6023,0,0.004513400
pgvector,1,generar_emb,-,6024,0,0.011800000
pgvector,1,insert_emb,-,6024,0,0.004667900
pgvector,1,generar_emb,-,6025,0,0.012862700
pgvector,1,insert_emb,-,6025,0,0.004822600
pgvector,1,generar_emb,-,6026,0,0.014153500
pgvector,1,insert_emb,-,6026,0,0.004449000
pgvector,1,generar_emb,-,6027,0,0.015793500
pgvector,1,insert_emb,-,6027,0,0.004490600
pgvector,1,generar_emb,-,6028,0,0.012875300
pgvector,1,insert_emb,-,6028,0,0.004300100
pgvector,1,generar_emb,-,6029,0,0.012971000
pgvector,1,insert_emb,-,6029,0,0.004581400
pgvector,1,generar_emb,-,6030,0,0.013757700
pgvector,1,insert_emb,-,6030,0,0.004714100
pgvector,1,generar_emb,-,6031,0,0.013866400
pgvector,1,insert_emb,-,6031,0,0.004418400
pgvector,1,generar_emb,-,6032,0,0.012495200
pgvector,1,insert_emb,-,6032,0,0.004341200
pgvector,1,generar_emb,-,6033,0,0.013185900
pgvector,1,insert_emb,-,6033,0,0.004417900
pgvector,1,generar_emb,-,6034,0,0.012809200
pgvector,1,insert_emb,-,6034,0,0.004495600
pgvector,1,generar_emb,-,6035,0,0.012409900
pgvector,1,insert_emb,-,6035,0,0.004365000
pgvector,1,generar_emb,-,6036,0,0.012939200
pgvector,1,insert_emb,-,6036,0,0.004302700
pgvector,1,generar_emb,-,6037,0,0.011719800
pgvector,1,insert_emb,-,6037,0,0.004552100
pgvector,1,generar_emb,-,6038,0,0.012381600
pgvector,1,insert_emb,-,6038,0,0.004582000
pgvector,1,generar_emb,-,6039,0,0.012504900
pgvector,1,insert_emb,-,6039,0,0.004416900
pgvector,1,generar_emb,-,6040,0,0.011044600
pgvector,1,insert_emb,-,6040,0,0.004815000
pgvector,1,generar_emb,-,6041,0,0.013025000
pgvector,1,insert_emb,-,6041,0,0.004421300
pgvector,1,generar_emb,-,6042,0,0.014383600
pgvector,1,insert_emb,-,6042,0,0.005303500
pgvector,1,generar_emb,-,6043,0,0.013976300
pgvector,1,insert_emb,-,6043,0,0.004866700
pgvector,1,generar_emb,-,6044,0,0.011966200
pgvector,1,insert_emb,-,6044,0,0.004722200
pgvector,1,generar_emb,-,6045,0,0.015514900
pgvector,1,insert_emb,-,6045,0,0.004420200
pgvector,1,generar_emb,-,6046,0,0.012283500
pgvector,1,insert_emb,-,6046,0,0.004297900
pgvector,1,generar_emb,-,6047,0,0.013086600
pgvector,1,insert_emb,-,6047,0,0.004351100
pgvector,1,generar_emb,-,6048,0,0.011962600
pgvector,1,insert_emb,-,6048,0,0.004410700
pgvector,1,generar_emb,-,6049,0,0.011830600
pgvector,1,insert_emb,-,6049,0,0.004128100
pgvector,1,generar_emb,-,6050,0,0.014198500
pgvector,1,insert_emb,-,6050,0,0.004665000
pgvector,1,generar_emb,-,6051,0,0.012480500
pgvector,1,insert_emb,-,6051,0,0.004616100
pgvector,1,generar_emb,-,6052,0,0.013016600
pgvector,1,insert_emb,-,6052,0,0.004438600
pgvector,1,generar_emb,-,6053,0,0.013159300
pgvector,1,insert_emb,-,6053,0,0.004089900
pgvector,1,generar_emb,-,6054,0,0.012727700
pgvector,1,insert_emb,-,6054,0,0.004429000
pgvector,1,generar_emb,-,6055,0,0.012385400
pgvector,1,insert_emb,-,6055,0,0.004332900
pgvector,1,generar_emb,-,6056,0,0.011309100
pgvector,1,insert_emb,-,6056,0,0.004589400
pgvector,1,generar_emb,-,6057,0,0.012600600
pgvector,1,insert_emb,-,6057,0,0.004622700
pgvector,1,generar_emb,-,6058,0,0.014619800
pgvector,1,insert_emb,-,6058,0,0.004538800
pgvector,1,generar_emb,-,6059,0,0.011818800
pgvector,1,insert_emb,-,6059,0,0.004349100
pgvector,1,generar_emb,-,6060,0,0.011507900
pgvector,1,insert_emb,-,6060,0,0.004834300
pgvector,1,generar_emb,-,6061,0,0.013392100
pgvector,1,insert_emb,-,6061,0,0.004345300
pgvector,1,generar_emb,-,6062,0,0.011184600
pgvector,1,insert_emb,-,6062,0,0.004588700
pgvector,1,generar_emb,-,6063,0,0.011511600
pgvector,1,insert_emb,-,6063,0,0.004538800
pgvector,1,generar_emb,-,6064,0,0.011193300
pgvector,1,insert_emb,-,6064,0,0.004592100
pgvector,1,generar_emb,-,6065,0,0.012664800
pgvector,1,insert_emb,-,6065,0,0.004632600
pgvector,1,generar_emb,-,6066,0,0.011926000
pgvector,1,insert_emb,-,6066,0,0.004336700
pgvector,1,generar_emb,-,6067,0,0.012958400
pgvector,1,insert_emb,-,6067,0,0.004160300
pgvector,1,generar_emb,-,6068,0,0.012292300
pgvector,1,insert_emb,-,6068,0,0.004048800
pgvector,1,generar_emb,-,6069,0,0.011647500
pgvector,1,insert_emb,-,6069,0,0.003930100
pgvector,1,generar_emb,-,6070,0,0.012405000
pgvector,1,insert_emb,-,6070,0,0.004267000
pgvector,1,generar_emb,-,6071,0,0.014314600
pgvector,1,insert_emb,-,6071,0,0.004494300
pgvector,1,generar_emb,-,6072,0,0.012199200
pgvector,1,insert_emb,-,6072,0,0.004175000
pgvector,1,generar_emb,-,6073,0,0.013036100
pgvector,1,insert_emb,-,6073,0,0.004348300
pgvector,1,generar_emb,-,6074,0,0.011930600
pgvector,1,insert_emb,-,6074,0,0.004344100
pgvector,1,generar_emb,-,6075,0,0.012214800
pgvector,1,insert_emb,-,6075,0,0.004655100
pgvector,1,generar_emb,-,6076,0,0.012193400
pgvector,1,insert_emb,-,6076,0,0.004454200
pgvector,1,generar_emb,-,6077,0,0.012516800
pgvector,1,insert_emb,-,6077,0,0.004466500
pgvector,1,generar_emb,-,6078,0,0.010849600
pgvector,1,insert_emb,-,6078,0,0.004312300
pgvector,1,generar_emb,-,6079,0,0.011774400
pgvector,1,insert_emb,-,6079,0,0.004124300
pgvector,1,generar_emb,-,6080,0,0.010923000
pgvector,1,insert_emb,-,6080,0,0.004258500
pgvector,1,generar_emb,-,6081,0,0.011163300
pgvector,1,insert_emb,-,6081,0,0.004397700
pgvector,1,generar_emb,-,6082,0,0.011365300
pgvector,1,insert_emb,-,6082,0,0.004275600
pgvector,1,generar_emb,-,6083,0,0.011373000
pgvector,1,insert_emb,-,6083,0,0.004503100
pgvector,1,generar_emb,-,6084,0,0.012870000
pgvector,1,insert_emb,-,6084,0,0.004585300
pgvector,1,generar_emb,-,6085,0,0.013697300
pgvector,1,insert_emb,-,6085,0,0.004697700
pgvector,1,generar_emb,-,6086,0,0.013500700
pgvector,1,insert_emb,-,6086,0,0.004521900
pgvector,1,generar_emb,-,6087,0,0.013868400
pgvector,1,insert_emb,-,6087,0,0.004388500
pgvector,1,generar_emb,-,6088,0,0.012254000
pgvector,1,insert_emb,-,6088,0,0.004406000
pgvector,1,generar_emb,-,6089,0,0.012918200
pgvector,1,insert_emb,-,6089,0,0.004461200
pgvector,1,generar_emb,-,6090,0,0.012835600
pgvector,1,insert_emb,-,6090,0,0.004174300
pgvector,1,generar_emb,-,6091,0,0.012096900
pgvector,1,insert_emb,-,6091,0,0.004282200
pgvector,1,generar_emb,-,6092,0,0.014036600
pgvector,1,insert_emb,-,6092,0,0.004685900
pgvector,1,generar_emb,-,6093,0,0.014651000
pgvector,1,insert_emb,-,6093,0,0.004405200
pgvector,1,generar_emb,-,6094,0,0.016038700
pgvector,1,insert_emb,-,6094,0,0.004324900
pgvector,1,generar_emb,-,6095,0,0.011861300
pgvector,1,insert_emb,-,6095,0,0.004279000
pgvector,1,generar_emb,-,6096,0,0.011028200
pgvector,1,insert_emb,-,6096,0,0.004287600
pgvector,1,generar_emb,-,6097,0,0.012828000
pgvector,1,insert_emb,-,6097,0,0.004158200
pgvector,1,generar_emb,-,6098,0,0.011049400
pgvector,1,insert_emb,-,6098,0,0.004438100
pgvector,1,generar_emb,-,6099,0,0.012567200
pgvector,1,insert_emb,-,6099,0,0.004348200
pgvector,1,generar_emb,-,6100,0,0.012080500
pgvector,1,insert_emb,-,6100,0,0.004501600
pgvector,1,generar_emb,-,6101,0,0.011334400
pgvector,1,insert_emb,-,6101,0,0.004592900
pgvector,1,generar_emb,-,6102,0,0.011406300
pgvector,1,insert_emb,-,6102,0,0.004247300
pgvector,1,generar_emb,-,6103,0,0.011534100
pgvector,1,insert_emb,-,6103,0,0.004077800
pgvector,1,generar_emb,-,6104,0,0.012027300
pgvector,1,insert_emb,-,6104,0,0.004381600
pgvector,1,generar_emb,-,6105,0,0.011318900
pgvector,1,insert_emb,-,6105,0,0.004327400
pgvector,1,generar_emb,-,6106,0,0.012499500
pgvector,1,insert_emb,-,6106,0,0.004231500
pgvector,1,generar_emb,-,6107,0,0.010825400
pgvector,1,insert_emb,-,6107,0,0.004387300
pgvector,1,generar_emb,-,6108,0,0.012129100
pgvector,1,insert_emb,-,6108,0,0.004403400
pgvector,1,generar_emb,-,6109,0,0.012783700
pgvector,1,insert_emb,-,6109,0,0.004539200
pgvector,1,generar_emb,-,6110,0,0.011274900
pgvector,1,insert_emb,-,6110,0,0.004515400
pgvector,1,generar_emb,-,6111,0,0.012208500
pgvector,1,insert_emb,-,6111,0,0.004352800
pgvector,1,generar_emb,-,6112,0,0.011291200
pgvector,1,insert_emb,-,6112,0,0.004326000
pgvector,1,generar_emb,-,6113,0,0.011289600
pgvector,1,insert_emb,-,6113,0,0.004339400
pgvector,1,generar_emb,-,6114,0,0.011681600
pgvector,1,insert_emb,-,6114,0,0.004520600
pgvector,1,generar_emb,-,6115,0,0.012652800
pgvector,1,insert_emb,-,6115,0,0.004655100
pgvector,1,generar_emb,-,6116,0,0.012325900
pgvector,1,insert_emb,-,6116,0,0.004747200
pgvector,1,generar_emb,-,6117,0,0.013103300
pgvector,1,insert_emb,-,6117,0,0.004649100
pgvector,1,generar_emb,-,6118,0,0.010726300
pgvector,1,insert_emb,-,6118,0,0.004186200
pgvector,1,generar_emb,-,6119,0,0.010817300
pgvector,1,insert_emb,-,6119,0,0.004346700
pgvector,1,generar_emb,-,6120,0,0.011846000
pgvector,1,insert_emb,-,6120,0,0.004429700
pgvector,1,generar_emb,-,6121,0,0.012230000
pgvector,1,insert_emb,-,6121,0,0.004375800
pgvector,1,generar_emb,-,6122,0,0.013232500
pgvector,1,insert_emb,-,6122,0,0.004484800
pgvector,1,generar_emb,-,6123,0,0.012386700
pgvector,1,insert_emb,-,6123,0,0.004443900
pgvector,1,generar_emb,-,6124,0,0.010810100
pgvector,1,insert_emb,-,6124,0,0.004380500
pgvector,1,generar_emb,-,6125,0,0.013938200
pgvector,1,insert_emb,-,6125,0,0.005400500
pgvector,1,generar_emb,-,6126,0,0.016872900
pgvector,1,insert_emb,-,6126,0,0.005765900
pgvector,1,generar_emb,-,6127,0,0.015514600
pgvector,1,insert_emb,-,6127,0,0.005406200
pgvector,1,generar_emb,-,6128,0,0.015014100
pgvector,1,insert_emb,-,6128,0,0.004961800
pgvector,1,generar_emb,-,6129,0,0.022018400
pgvector,1,insert_emb,-,6129,0,0.007642600
pgvector,1,generar_emb,-,6130,0,0.020130800
pgvector,1,insert_emb,-,6130,0,0.006482700
pgvector,1,generar_emb,-,6131,0,0.020982100
pgvector,1,insert_emb,-,6131,0,0.006699400
pgvector,1,generar_emb,-,6132,0,0.026113900
pgvector,1,insert_emb,-,6132,0,0.004968600
pgvector,1,generar_emb,-,6133,0,0.012706800
pgvector,1,insert_emb,-,6133,0,0.004796200
pgvector,1,generar_emb,-,6134,0,0.010979300
pgvector,1,insert_emb,-,6134,0,0.004506900
pgvector,1,generar_emb,-,6135,0,0.012027000
pgvector,1,insert_emb,-,6135,0,0.004716300
pgvector,1,generar_emb,-,6136,0,0.010806500
pgvector,1,insert_emb,-,6136,0,0.004256200
pgvector,1,generar_emb,-,6137,0,0.011238200
pgvector,1,insert_emb,-,6137,0,0.004319500
pgvector,1,generar_emb,-,6138,0,0.015205800
pgvector,1,insert_emb,-,6138,0,0.004331900
pgvector,1,generar_emb,-,6139,0,0.013586600
pgvector,1,insert_emb,-,6139,0,0.004268500
pgvector,1,generar_emb,-,6140,0,0.011984400
pgvector,1,insert_emb,-,6140,0,0.004795600
pgvector,1,generar_emb,-,6141,0,0.010786300
pgvector,1,insert_emb,-,6141,0,0.004519200
pgvector,1,generar_emb,-,6142,0,0.011658600
pgvector,1,insert_emb,-,6142,0,0.004395800
pgvector,1,generar_emb,-,6143,0,0.011212300
pgvector,1,insert_emb,-,6143,0,0.004266900
pgvector,1,generar_emb,-,6144,0,0.011476300
pgvector,1,insert_emb,-,6144,0,0.004390700
pgvector,1,generar_emb,-,6145,0,0.012518100
pgvector,1,insert_emb,-,6145,0,0.004587700
pgvector,1,generar_emb,-,6146,0,0.011274500
pgvector,1,insert_emb,-,6146,0,0.004414000
pgvector,1,generar_emb,-,6147,0,0.012377900
pgvector,1,insert_emb,-,6147,0,0.004517500
pgvector,1,generar_emb,-,6148,0,0.011612400
pgvector,1,insert_emb,-,6148,0,0.004258000
pgvector,1,generar_emb,-,6149,0,0.013471600
pgvector,1,insert_emb,-,6149,0,0.004374900
pgvector,1,generar_emb,-,6150,0,0.011050800
pgvector,1,insert_emb,-,6150,0,0.004282500
pgvector,1,generar_emb,-,6151,0,0.014867800
pgvector,1,insert_emb,-,6151,0,0.004438600
pgvector,1,generar_emb,-,6152,0,0.013813100
pgvector,1,insert_emb,-,6152,0,0.004487300
pgvector,1,generar_emb,-,6153,0,0.010981500
pgvector,1,insert_emb,-,6153,0,0.004285400
pgvector,1,generar_emb,-,6154,0,0.012000400
pgvector,1,insert_emb,-,6154,0,0.004232800
pgvector,1,generar_emb,-,6155,0,0.012436300
pgvector,1,insert_emb,-,6155,0,0.004503000
pgvector,1,generar_emb,-,6156,0,0.014342800
pgvector,1,insert_emb,-,6156,0,0.004337900
pgvector,1,generar_emb,-,6157,0,0.011785100
pgvector,1,insert_emb,-,6157,0,0.004287300
pgvector,1,generar_emb,-,6158,0,0.011550400
pgvector,1,insert_emb,-,6158,0,0.004333900
pgvector,1,generar_emb,-,6159,0,0.013026100
pgvector,1,insert_emb,-,6159,0,0.004427000
pgvector,1,generar_emb,-,6160,0,0.012399700
pgvector,1,insert_emb,-,6160,0,0.004470800
pgvector,1,generar_emb,-,6161,0,0.013548300
pgvector,1,insert_emb,-,6161,0,0.004438200
pgvector,1,generar_emb,-,6162,0,0.012337100
pgvector,1,insert_emb,-,6162,0,0.004453600
pgvector,1,generar_emb,-,6163,0,0.011694200
pgvector,1,insert_emb,-,6163,0,0.004306400
pgvector,1,generar_emb,-,6164,0,0.012760700
pgvector,1,insert_emb,-,6164,0,0.004261300
pgvector,1,generar_emb,-,6165,0,0.012503000
pgvector,1,insert_emb,-,6165,0,0.004419500
pgvector,1,generar_emb,-,6166,0,0.011438200
pgvector,1,insert_emb,-,6166,0,0.004666400
pgvector,1,generar_emb,-,6167,0,0.011949800
pgvector,1,insert_emb,-,6167,0,0.004221000
pgvector,1,generar_emb,-,6168,0,0.010902600
pgvector,1,insert_emb,-,6168,0,0.004211700
pgvector,1,generar_emb,-,6169,0,0.011587200
pgvector,1,insert_emb,-,6169,0,0.004400200
pgvector,1,generar_emb,-,6170,0,0.011904300
pgvector,1,insert_emb,-,6170,0,0.004166800
pgvector,1,generar_emb,-,6171,0,0.010875000
pgvector,1,insert_emb,-,6171,0,0.004158500
pgvector,1,generar_emb,-,6172,0,0.010605100
pgvector,1,insert_emb,-,6172,0,0.004138300
pgvector,1,generar_emb,-,6173,0,0.011332000
pgvector,1,insert_emb,-,6173,0,0.004277500
pgvector,1,generar_emb,-,6174,0,0.011230200
pgvector,1,insert_emb,-,6174,0,0.004037400
pgvector,1,generar_emb,-,6175,0,0.011636800
pgvector,1,insert_emb,-,6175,0,0.004255400
pgvector,1,generar_emb,-,6176,0,0.012419800
pgvector,1,insert_emb,-,6176,0,0.004229700
pgvector,1,generar_emb,-,6177,0,0.012219900
pgvector,1,insert_emb,-,6177,0,0.004330500
pgvector,1,generar_emb,-,6178,0,0.010361900
pgvector,1,insert_emb,-,6178,0,0.004585400
pgvector,1,generar_emb,-,6179,0,0.013247700
pgvector,1,insert_emb,-,6179,0,0.004231500
pgvector,1,generar_emb,-,6180,0,0.011093300
pgvector,1,insert_emb,-,6180,0,0.004303900
pgvector,1,generar_emb,-,6181,0,0.011844500
pgvector,1,insert_emb,-,6181,0,0.004410300
pgvector,1,generar_emb,-,6182,0,0.015019400
pgvector,1,insert_emb,-,6182,0,0.004483000
pgvector,1,generar_emb,-,6183,0,0.010979600
pgvector,1,insert_emb,-,6183,0,0.004326600
pgvector,1,generar_emb,-,6184,0,0.011411600
pgvector,1,insert_emb,-,6184,0,0.004252900
pgvector,1,generar_emb,-,6185,0,0.011200300
pgvector,1,insert_emb,-,6185,0,0.004520000
pgvector,1,generar_emb,-,6186,0,0.010748400
pgvector,1,insert_emb,-,6186,0,0.004159400
pgvector,1,generar_emb,-,6187,0,0.013143400
pgvector,1,insert_emb,-,6187,0,0.004375100
pgvector,1,generar_emb,-,6188,0,0.013609900
pgvector,1,insert_emb,-,6188,0,0.004232700
pgvector,1,generar_emb,-,6189,0,0.012247100
pgvector,1,insert_emb,-,6189,0,0.004396400
pgvector,1,generar_emb,-,6190,0,0.012734000
pgvector,1,insert_emb,-,6190,0,0.004573500
pgvector,1,generar_emb,-,6191,0,0.010655400
pgvector,1,insert_emb,-,6191,0,0.004031300
pgvector,1,generar_emb,-,6192,0,0.012444400
pgvector,1,insert_emb,-,6192,0,0.004777400
pgvector,1,generar_emb,-,6193,0,0.016347200
pgvector,1,insert_emb,-,6193,0,0.004714200
pgvector,1,generar_emb,-,6194,0,0.013346800
pgvector,1,insert_emb,-,6194,0,0.004642100
pgvector,1,generar_emb,-,6195,0,0.012840900
pgvector,1,insert_emb,-,6195,0,0.004680100
pgvector,1,generar_emb,-,6196,0,0.011833800
pgvector,1,insert_emb,-,6196,0,0.004609300
pgvector,1,generar_emb,-,6197,0,0.011653900
pgvector,1,insert_emb,-,6197,0,0.004346300
pgvector,1,generar_emb,-,6198,0,0.011258800
pgvector,1,insert_emb,-,6198,0,0.004393100
pgvector,1,generar_emb,-,6199,0,0.011496100
pgvector,1,insert_emb,-,6199,0,0.004421100
pgvector,1,generar_emb,-,6200,0,0.012342900
pgvector,1,insert_emb,-,6200,0,0.004607600
pgvector,1,generar_emb,-,6201,0,0.013035600
pgvector,1,insert_emb,-,6201,0,0.004729300
pgvector,1,generar_emb,-,6202,0,0.011554300
pgvector,1,insert_emb,-,6202,0,0.004222200
pgvector,1,generar_emb,-,6203,0,0.013373800
pgvector,1,insert_emb,-,6203,0,0.004145600
pgvector,1,generar_emb,-,6204,0,0.012320900
pgvector,1,insert_emb,-,6204,0,0.004297700
pgvector,1,generar_emb,-,6205,0,0.013110300
pgvector,1,insert_emb,-,6205,0,0.004211200
pgvector,1,generar_emb,-,6206,0,0.013332000
pgvector,1,insert_emb,-,6206,0,0.004377700
pgvector,1,generar_emb,-,6207,0,0.013094500
pgvector,1,insert_emb,-,6207,0,0.004208600
pgvector,1,generar_emb,-,6208,0,0.014019600
pgvector,1,insert_emb,-,6208,0,0.004543300
pgvector,1,generar_emb,-,6209,0,0.011741000
pgvector,1,insert_emb,-,6209,0,0.004276100
pgvector,1,generar_emb,-,6210,0,0.011528400
pgvector,1,insert_emb,-,6210,0,0.004512000
pgvector,1,generar_emb,-,6211,0,0.010943000
pgvector,1,insert_emb,-,6211,0,0.004350500
pgvector,1,generar_emb,-,6212,0,0.012208900
pgvector,1,insert_emb,-,6212,0,0.004371200
pgvector,1,generar_emb,-,6213,0,0.012092200
pgvector,1,insert_emb,-,6213,0,0.004236300
pgvector,1,generar_emb,-,6214,0,0.010776900
pgvector,1,insert_emb,-,6214,0,0.004713900
pgvector,1,generar_emb,-,6215,0,0.012693100
pgvector,1,insert_emb,-,6215,0,0.004958800
pgvector,1,generar_emb,-,6216,0,0.012793700
pgvector,1,insert_emb,-,6216,0,0.004133400
pgvector,1,generar_emb,-,6217,0,0.011530800
pgvector,1,insert_emb,-,6217,0,0.004210900
pgvector,1,generar_emb,-,6218,0,0.010274600
pgvector,1,insert_emb,-,6218,0,0.004216400
pgvector,1,generar_emb,-,6219,0,0.013177500
pgvector,1,insert_emb,-,6219,0,0.004045000
pgvector,1,generar_emb,-,6220,0,0.014689400
pgvector,1,insert_emb,-,6220,0,0.004634900
pgvector,1,generar_emb,-,6221,0,0.012270100
pgvector,1,insert_emb,-,6221,0,0.004413800
pgvector,1,generar_emb,-,6222,0,0.012268000
pgvector,1,insert_emb,-,6222,0,0.004120400
pgvector,1,generar_emb,-,6223,0,0.012781900
pgvector,1,insert_emb,-,6223,0,0.004432800
pgvector,1,generar_emb,-,6224,0,0.011593300
pgvector,1,insert_emb,-,6224,0,0.004656700
pgvector,1,generar_emb,-,6225,0,0.011825100
pgvector,1,insert_emb,-,6225,0,0.004583300
pgvector,1,generar_emb,-,6226,0,0.010645800
pgvector,1,insert_emb,-,6226,0,0.004495900
pgvector,1,generar_emb,-,6227,0,0.013895300
pgvector,1,insert_emb,-,6227,0,0.004639700
pgvector,1,generar_emb,-,6228,0,0.011146600
pgvector,1,insert_emb,-,6228,0,0.004583500
pgvector,1,generar_emb,-,6229,0,0.013660400
pgvector,1,insert_emb,-,6229,0,0.004681000
pgvector,1,generar_emb,-,6230,0,0.014109600
pgvector,1,insert_emb,-,6230,0,0.004710200
pgvector,1,generar_emb,-,6231,0,0.011430600
pgvector,1,insert_emb,-,6231,0,0.004387000
pgvector,1,generar_emb,-,6232,0,0.012317300
pgvector,1,insert_emb,-,6232,0,0.004587600
pgvector,1,generar_emb,-,6233,0,0.013640000
pgvector,1,insert_emb,-,6233,0,0.004386000
pgvector,1,generar_emb,-,6234,0,0.013498200
pgvector,1,insert_emb,-,6234,0,0.004300800
pgvector,1,generar_emb,-,6235,0,0.012852300
pgvector,1,insert_emb,-,6235,0,0.004246200
pgvector,1,generar_emb,-,6236,0,0.013186100
pgvector,1,insert_emb,-,6236,0,0.004328300
pgvector,1,generar_emb,-,6237,0,0.013484300
pgvector,1,insert_emb,-,6237,0,0.004662300
pgvector,1,generar_emb,-,6238,0,0.011723500
pgvector,1,insert_emb,-,6238,0,0.004053400
pgvector,1,generar_emb,-,6239,0,0.014189900
pgvector,1,insert_emb,-,6239,0,0.004142000
pgvector,1,generar_emb,-,6240,0,0.011569800
pgvector,1,insert_emb,-,6240,0,0.004431000
pgvector,1,generar_emb,-,6241,0,0.012847800
pgvector,1,insert_emb,-,6241,0,0.004393100
pgvector,1,generar_emb,-,6242,0,0.012243000
pgvector,1,insert_emb,-,6242,0,0.004290500
pgvector,1,generar_emb,-,6243,0,0.010462400
pgvector,1,insert_emb,-,6243,0,0.004136800
pgvector,1,generar_emb,-,6244,0,0.012475800
pgvector,1,insert_emb,-,6244,0,0.004454100
pgvector,1,generar_emb,-,6245,0,0.011740500
pgvector,1,insert_emb,-,6245,0,0.004510500
pgvector,1,generar_emb,-,6246,0,0.012320100
pgvector,1,insert_emb,-,6246,0,0.004205000
pgvector,1,generar_emb,-,6247,0,0.012373200
pgvector,1,insert_emb,-,6247,0,0.004089400
pgvector,1,generar_emb,-,6248,0,0.012869400
pgvector,1,insert_emb,-,6248,0,0.004087800
pgvector,1,generar_emb,-,6249,0,0.013222300
pgvector,1,insert_emb,-,6249,0,0.004397100
pgvector,1,generar_emb,-,6250,0,0.014602200
pgvector,1,insert_emb,-,6250,0,0.004531900
pgvector,1,generar_emb,-,6251,0,0.011496400
pgvector,1,insert_emb,-,6251,0,0.004429500
pgvector,1,generar_emb,-,6252,0,0.014867200
pgvector,1,insert_emb,-,6252,0,0.005361900
pgvector,1,generar_emb,-,6253,0,0.017985600
pgvector,1,insert_emb,-,6253,0,0.004525400
pgvector,1,generar_emb,-,6254,0,0.014518900
pgvector,1,insert_emb,-,6254,0,0.004607000
pgvector,1,generar_emb,-,6255,0,0.014447600
pgvector,1,insert_emb,-,6255,0,0.004742000
pgvector,1,generar_emb,-,6256,0,0.012799700
pgvector,1,insert_emb,-,6256,0,0.004691300
pgvector,1,generar_emb,-,6257,0,0.016058800
pgvector,1,insert_emb,-,6257,0,0.004112900
pgvector,1,generar_emb,-,6258,0,0.013452300
pgvector,1,insert_emb,-,6258,0,0.004912100
pgvector,1,generar_emb,-,6259,0,0.013694800
pgvector,1,insert_emb,-,6259,0,0.004445600
pgvector,1,generar_emb,-,6260,0,0.013116400
pgvector,1,insert_emb,-,6260,0,0.004388500
pgvector,1,generar_emb,-,6261,0,0.011062500
pgvector,1,insert_emb,-,6261,0,0.004265200
pgvector,1,generar_emb,-,6262,0,0.012044300
pgvector,1,insert_emb,-,6262,0,0.004267600
pgvector,1,generar_emb,-,6263,0,0.011940000
pgvector,1,insert_emb,-,6263,0,0.004439700
pgvector,1,generar_emb,-,6264,0,0.012076800
pgvector,1,insert_emb,-,6264,0,0.004666100
pgvector,1,generar_emb,-,6265,0,0.011995600
pgvector,1,insert_emb,-,6265,0,0.004343200
pgvector,1,generar_emb,-,6266,0,0.013125400
pgvector,1,insert_emb,-,6266,0,0.004202500
pgvector,1,generar_emb,-,6267,0,0.012572300
pgvector,1,insert_emb,-,6267,0,0.004472800
pgvector,1,generar_emb,-,6268,0,0.013656700
pgvector,1,insert_emb,-,6268,0,0.004640200
pgvector,1,generar_emb,-,6269,0,0.010944000
pgvector,1,insert_emb,-,6269,0,0.004311300
pgvector,1,generar_emb,-,6270,0,0.011023500
pgvector,1,insert_emb,-,6270,0,0.004475800
pgvector,1,generar_emb,-,6271,0,0.014182200
pgvector,1,insert_emb,-,6271,0,0.004814900
pgvector,1,generar_emb,-,6272,0,0.011435900
pgvector,1,insert_emb,-,6272,0,0.004334300
pgvector,1,generar_emb,-,6273,0,0.012363900
pgvector,1,insert_emb,-,6273,0,0.004277500
pgvector,1,generar_emb,-,6274,0,0.011657100
pgvector,1,insert_emb,-,6274,0,0.004155900
pgvector,1,generar_emb,-,6275,0,0.011357500
pgvector,1,insert_emb,-,6275,0,0.004288400
pgvector,1,generar_emb,-,6276,0,0.011327500
pgvector,1,insert_emb,-,6276,0,0.004148600
pgvector,1,generar_emb,-,6277,0,0.012015100
pgvector,1,insert_emb,-,6277,0,0.004435900
pgvector,1,generar_emb,-,6278,0,0.012946400
pgvector,1,insert_emb,-,6278,0,0.004588800
pgvector,1,generar_emb,-,6279,0,0.012009200
pgvector,1,insert_emb,-,6279,0,0.004256200
pgvector,1,generar_emb,-,6280,0,0.013128600
pgvector,1,insert_emb,-,6280,0,0.004181200
pgvector,1,generar_emb,-,6281,0,0.010882300
pgvector,1,insert_emb,-,6281,0,0.004155500
pgvector,1,generar_emb,-,6282,0,0.011039500
pgvector,1,insert_emb,-,6282,0,0.004276500
pgvector,1,generar_emb,-,6283,0,0.011339000
pgvector,1,insert_emb,-,6283,0,0.004183500
pgvector,1,generar_emb,-,6284,0,0.011774700
pgvector,1,insert_emb,-,6284,0,0.004281300
pgvector,1,generar_emb,-,6285,0,0.011746500
pgvector,1,insert_emb,-,6285,0,0.004265000
pgvector,1,generar_emb,-,6286,0,0.011075500
pgvector,1,insert_emb,-,6286,0,0.004066000
pgvector,1,generar_emb,-,6287,0,0.011633300
pgvector,1,insert_emb,-,6287,0,0.004045400
pgvector,1,generar_emb,-,6288,0,0.010835800
pgvector,1,insert_emb,-,6288,0,0.004259400
pgvector,1,generar_emb,-,6289,0,0.011251500
pgvector,1,insert_emb,-,6289,0,0.004399900
pgvector,1,generar_emb,-,6290,0,0.011020000
pgvector,1,insert_emb,-,6290,0,0.004177600
pgvector,1,generar_emb,-,6291,0,0.013042500
pgvector,1,insert_emb,-,6291,0,0.004282900
pgvector,1,generar_emb,-,6292,0,0.010433500
pgvector,1,insert_emb,-,6292,0,0.004293700
pgvector,1,generar_emb,-,6293,0,0.012010400
pgvector,1,insert_emb,-,6293,0,0.004155100
pgvector,1,generar_emb,-,6294,0,0.011686900
pgvector,1,insert_emb,-,6294,0,0.004218400
pgvector,1,generar_emb,-,6295,0,0.012129400
pgvector,1,insert_emb,-,6295,0,0.004520800
pgvector,1,generar_emb,-,6296,0,0.011627200
pgvector,1,insert_emb,-,6296,0,0.003997300
pgvector,1,generar_emb,-,6297,0,0.014678500
pgvector,1,insert_emb,-,6297,0,0.004278400
pgvector,1,generar_emb,-,6298,0,0.011887000
pgvector,1,insert_emb,-,6298,0,0.004446000
pgvector,1,generar_emb,-,6299,0,0.012835300
pgvector,1,insert_emb,-,6299,0,0.004547100
pgvector,1,generar_emb,-,6300,0,0.010780200
pgvector,1,insert_emb,-,6300,0,0.004400100
pgvector,1,generar_emb,-,6301,0,0.013677100
pgvector,1,insert_emb,-,6301,0,0.004284300
pgvector,1,generar_emb,-,6302,0,0.013815200
pgvector,1,insert_emb,-,6302,0,0.004459900
pgvector,1,generar_emb,-,6303,0,0.013804300
pgvector,1,insert_emb,-,6303,0,0.004053100
pgvector,1,generar_emb,-,6304,0,0.012364800
pgvector,1,insert_emb,-,6304,0,0.004214700
pgvector,1,generar_emb,-,6305,0,0.011589900
pgvector,1,insert_emb,-,6305,0,0.004350100
pgvector,1,generar_emb,-,6306,0,0.013508400
pgvector,1,insert_emb,-,6306,0,0.004481700
pgvector,1,generar_emb,-,6307,0,0.011653700
pgvector,1,insert_emb,-,6307,0,0.004157200
pgvector,1,generar_emb,-,6308,0,0.012861000
pgvector,1,insert_emb,-,6308,0,0.004153000
pgvector,1,generar_emb,-,6309,0,0.013423700
pgvector,1,insert_emb,-,6309,0,0.004307400
pgvector,1,generar_emb,-,6310,0,0.012770100
pgvector,1,insert_emb,-,6310,0,0.004401300
pgvector,1,generar_emb,-,6311,0,0.011752100
pgvector,1,insert_emb,-,6311,0,0.004056600
pgvector,1,generar_emb,-,6312,0,0.012855000
pgvector,1,insert_emb,-,6312,0,0.004331000
pgvector,1,generar_emb,-,6313,0,0.012599300
pgvector,1,insert_emb,-,6313,0,0.004454100
pgvector,1,generar_emb,-,6314,0,0.013811300
pgvector,1,insert_emb,-,6314,0,0.004275700
pgvector,1,generar_emb,-,6315,0,0.012906700
pgvector,1,insert_emb,-,6315,0,0.005222400
pgvector,1,generar_emb,-,6316,0,0.011224500
pgvector,1,insert_emb,-,6316,0,0.004607600
pgvector,1,generar_emb,-,6317,0,0.012446800
pgvector,1,insert_emb,-,6317,0,0.004553300
pgvector,1,generar_emb,-,6318,0,0.013396900
pgvector,1,insert_emb,-,6318,0,0.004557400
pgvector,1,generar_emb,-,6319,0,0.011541300
pgvector,1,insert_emb,-,6319,0,0.004603100
pgvector,1,generar_emb,-,6320,0,0.011729900
pgvector,1,insert_emb,-,6320,0,0.004403800
pgvector,1,generar_emb,-,6321,0,0.011494800
pgvector,1,insert_emb,-,6321,0,0.004390400
pgvector,1,generar_emb,-,6322,0,0.012295100
pgvector,1,insert_emb,-,6322,0,0.004056700
pgvector,1,generar_emb,-,6323,0,0.011416200
pgvector,1,insert_emb,-,6323,0,0.003990700
pgvector,1,generar_emb,-,6324,0,0.012086600
pgvector,1,insert_emb,-,6324,0,0.004284400
pgvector,1,generar_emb,-,6325,0,0.013365400
pgvector,1,insert_emb,-,6325,0,0.004223900
pgvector,1,generar_emb,-,6326,0,0.011376400
pgvector,1,insert_emb,-,6326,0,0.004327900
pgvector,1,generar_emb,-,6327,0,0.012151000
pgvector,1,insert_emb,-,6327,0,0.004141100
pgvector,1,generar_emb,-,6328,0,0.012297500
pgvector,1,insert_emb,-,6328,0,0.004126500
pgvector,1,generar_emb,-,6329,0,0.012907800
pgvector,1,insert_emb,-,6329,0,0.004468500
pgvector,1,generar_emb,-,6330,0,0.012536900
pgvector,1,insert_emb,-,6330,0,0.004352400
pgvector,1,generar_emb,-,6331,0,0.013080800
pgvector,1,insert_emb,-,6331,0,0.004331500
pgvector,1,generar_emb,-,6332,0,0.011801200
pgvector,1,insert_emb,-,6332,0,0.004266600
pgvector,1,generar_emb,-,6333,0,0.013445200
pgvector,1,insert_emb,-,6333,0,0.004189800
pgvector,1,generar_emb,-,6334,0,0.012485000
pgvector,1,insert_emb,-,6334,0,0.004090800
pgvector,1,generar_emb,-,6335,0,0.011991600
pgvector,1,insert_emb,-,6335,0,0.004146200
pgvector,1,generar_emb,-,6336,0,0.012542300
pgvector,1,insert_emb,-,6336,0,0.004151800
pgvector,1,generar_emb,-,6337,0,0.012868800
pgvector,1,insert_emb,-,6337,0,0.004006700
pgvector,1,generar_emb,-,6338,0,0.013588000
pgvector,1,insert_emb,-,6338,0,0.004444000
pgvector,1,generar_emb,-,6339,0,0.013656200
pgvector,1,insert_emb,-,6339,0,0.004133500
pgvector,1,generar_emb,-,6340,0,0.012219000
pgvector,1,insert_emb,-,6340,0,0.004291100
pgvector,1,generar_emb,-,6341,0,0.014771800
pgvector,1,insert_emb,-,6341,0,0.004456200
pgvector,1,generar_emb,-,6342,0,0.015909300
pgvector,1,insert_emb,-,6342,0,0.004362000
pgvector,1,generar_emb,-,6343,0,0.012877300
pgvector,1,insert_emb,-,6343,0,0.004295100
pgvector,1,generar_emb,-,6344,0,0.014399000
pgvector,1,insert_emb,-,6344,0,0.004351100
pgvector,1,generar_emb,-,6345,0,0.014447400
pgvector,1,insert_emb,-,6345,0,0.004495800
pgvector,1,generar_emb,-,6346,0,0.014308400
pgvector,1,insert_emb,-,6346,0,0.004365100
pgvector,1,generar_emb,-,6347,0,0.013993600
pgvector,1,insert_emb,-,6347,0,0.004515300
pgvector,1,generar_emb,-,6348,0,0.015041300
pgvector,1,insert_emb,-,6348,0,0.004637700
pgvector,1,generar_emb,-,6349,0,0.011524900
pgvector,1,insert_emb,-,6349,0,0.004306000
pgvector,1,generar_emb,-,6350,0,0.015351500
pgvector,1,insert_emb,-,6350,0,0.004545000
pgvector,1,generar_emb,-,6351,0,0.012845300
pgvector,1,insert_emb,-,6351,0,0.004528300
pgvector,1,generar_emb,-,6352,0,0.014663200
pgvector,1,insert_emb,-,6352,0,0.005042000
pgvector,1,generar_emb,-,6353,0,0.012687000
pgvector,1,insert_emb,-,6353,0,0.004421500
pgvector,1,generar_emb,-,6354,0,0.011329100
pgvector,1,insert_emb,-,6354,0,0.004231800
pgvector,1,generar_emb,-,6355,0,0.012766800
pgvector,1,insert_emb,-,6355,0,0.004304800
pgvector,1,generar_emb,-,6356,0,0.013072500
pgvector,1,insert_emb,-,6356,0,0.004198900
pgvector,1,generar_emb,-,6357,0,0.012401700
pgvector,1,insert_emb,-,6357,0,0.004340600
pgvector,1,generar_emb,-,6358,0,0.012370200
pgvector,1,insert_emb,-,6358,0,0.004178000
pgvector,1,generar_emb,-,6359,0,0.012883400
pgvector,1,insert_emb,-,6359,0,0.004248400
pgvector,1,generar_emb,-,6360,0,0.011841600
pgvector,1,insert_emb,-,6360,0,0.004281000
pgvector,1,generar_emb,-,6361,0,0.011445500
pgvector,1,insert_emb,-,6361,0,0.004190700
pgvector,1,generar_emb,-,6362,0,0.010515600
pgvector,1,insert_emb,-,6362,0,0.004160400
pgvector,1,generar_emb,-,6363,0,0.010873000
pgvector,1,insert_emb,-,6363,0,0.004129900
pgvector,1,generar_emb,-,6364,0,0.010529800
pgvector,1,insert_emb,-,6364,0,0.004231300
pgvector,1,generar_emb,-,6365,0,0.011723800
pgvector,1,insert_emb,-,6365,0,0.004300500
pgvector,1,generar_emb,-,6366,0,0.011899400
pgvector,1,insert_emb,-,6366,0,0.004310700
pgvector,1,generar_emb,-,6367,0,0.011217100
pgvector,1,insert_emb,-,6367,0,0.004265300
pgvector,1,generar_emb,-,6368,0,0.011711700
pgvector,1,insert_emb,-,6368,0,0.004229700
pgvector,1,generar_emb,-,6369,0,0.012976800
pgvector,1,insert_emb,-,6369,0,0.004275900
pgvector,1,generar_emb,-,6370,0,0.013141200
pgvector,1,insert_emb,-,6370,0,0.004458400
pgvector,1,generar_emb,-,6371,0,0.011626500
pgvector,1,insert_emb,-,6371,0,0.004219100
pgvector,1,generar_emb,-,6372,0,0.012937800
pgvector,1,insert_emb,-,6372,0,0.004284700
pgvector,1,generar_emb,-,6373,0,0.011158500
pgvector,1,insert_emb,-,6373,0,0.004311100
pgvector,1,generar_emb,-,6374,0,0.013444000
pgvector,1,insert_emb,-,6374,0,0.004330200
pgvector,1,generar_emb,-,6375,0,0.012786700
pgvector,1,insert_emb,-,6375,0,0.004728400
pgvector,1,generar_emb,-,6376,0,0.016644900
pgvector,1,insert_emb,-,6376,0,0.004525000
pgvector,1,generar_emb,-,6377,0,0.012963500
pgvector,1,insert_emb,-,6377,0,0.004289900
pgvector,1,generar_emb,-,6378,0,0.012615200
pgvector,1,insert_emb,-,6378,0,0.004635800
pgvector,1,generar_emb,-,6379,0,0.011722000
pgvector,1,insert_emb,-,6379,0,0.004013600
pgvector,1,generar_emb,-,6380,0,0.012713300
pgvector,1,insert_emb,-,6380,0,0.004414200
pgvector,1,generar_emb,-,6381,0,0.012298500
pgvector,1,insert_emb,-,6381,0,0.004310600
pgvector,1,generar_emb,-,6382,0,0.010635000
pgvector,1,insert_emb,-,6382,0,0.004234000
pgvector,1,generar_emb,-,6383,0,0.012667100
pgvector,1,insert_emb,-,6383,0,0.004230700
pgvector,1,generar_emb,-,6384,0,0.011881800
pgvector,1,insert_emb,-,6384,0,0.004435300
pgvector,1,generar_emb,-,6385,0,0.012006700
pgvector,1,insert_emb,-,6385,0,0.004425800
pgvector,1,generar_emb,-,6386,0,0.011037100
pgvector,1,insert_emb,-,6386,0,0.004691300
pgvector,1,generar_emb,-,6387,0,0.011575300
pgvector,1,insert_emb,-,6387,0,0.004391500
pgvector,1,generar_emb,-,6388,0,0.012215800
pgvector,1,insert_emb,-,6388,0,0.004579300
pgvector,1,generar_emb,-,6389,0,0.012325200
pgvector,1,insert_emb,-,6389,0,0.004209500
pgvector,1,generar_emb,-,6390,0,0.010555700
pgvector,1,insert_emb,-,6390,0,0.004259200
pgvector,1,generar_emb,-,6391,0,0.011428400
pgvector,1,insert_emb,-,6391,0,0.004229400
pgvector,1,generar_emb,-,6392,0,0.011747800
pgvector,1,insert_emb,-,6392,0,0.004150500
pgvector,1,generar_emb,-,6393,0,0.011708600
pgvector,1,insert_emb,-,6393,0,0.004154200
pgvector,1,generar_emb,-,6394,0,0.010314500
pgvector,1,insert_emb,-,6394,0,0.004177400
pgvector,1,generar_emb,-,6395,0,0.012650200
pgvector,1,insert_emb,-,6395,0,0.004278000
pgvector,1,generar_emb,-,6396,0,0.012570900
pgvector,1,insert_emb,-,6396,0,0.004299600
pgvector,1,generar_emb,-,6397,0,0.013637800
pgvector,1,insert_emb,-,6397,0,0.004788600
pgvector,1,generar_emb,-,6398,0,0.013198400
pgvector,1,insert_emb,-,6398,0,0.004567000
pgvector,1,generar_emb,-,6399,0,0.012082600
pgvector,1,insert_emb,-,6399,0,0.004359500
pgvector,1,generar_emb,-,6400,0,0.011211400
pgvector,1,insert_emb,-,6400,0,0.004237900
pgvector,1,generar_emb,-,6401,0,0.012997100
pgvector,1,insert_emb,-,6401,0,0.004384600
pgvector,1,generar_emb,-,6402,0,0.013501800
pgvector,1,insert_emb,-,6402,0,0.004452800
pgvector,1,generar_emb,-,6403,0,0.013072000
pgvector,1,insert_emb,-,6403,0,0.004102500
pgvector,1,generar_emb,-,6404,0,0.012534400
pgvector,1,insert_emb,-,6404,0,0.004542900
pgvector,1,generar_emb,-,6405,0,0.011377300
pgvector,1,insert_emb,-,6405,0,0.004411900
pgvector,1,generar_emb,-,6406,0,0.013283400
pgvector,1,insert_emb,-,6406,0,0.004510900
pgvector,1,generar_emb,-,6407,0,0.011235700
pgvector,1,insert_emb,-,6407,0,0.004658700
pgvector,1,generar_emb,-,6408,0,0.010638500
pgvector,1,insert_emb,-,6408,0,0.004437400
pgvector,1,generar_emb,-,6409,0,0.012418700
pgvector,1,insert_emb,-,6409,0,0.004608000
pgvector,1,generar_emb,-,6410,0,0.013138400
pgvector,1,insert_emb,-,6410,0,0.004704000
pgvector,1,generar_emb,-,6411,0,0.013592700
pgvector,1,insert_emb,-,6411,0,0.004453500
pgvector,1,generar_emb,-,6412,0,0.013118500
pgvector,1,insert_emb,-,6412,0,0.004440300
pgvector,1,generar_emb,-,6413,0,0.012148100
pgvector,1,insert_emb,-,6413,0,0.004376800
pgvector,1,generar_emb,-,6414,0,0.013709500
pgvector,1,insert_emb,-,6414,0,0.004560900
pgvector,1,generar_emb,-,6415,0,0.012437700
pgvector,1,insert_emb,-,6415,0,0.004216100
pgvector,1,generar_emb,-,6416,0,0.010567600
pgvector,1,insert_emb,-,6416,0,0.004201300
pgvector,1,generar_emb,-,6417,0,0.011833700
pgvector,1,insert_emb,-,6417,0,0.004541400
pgvector,1,generar_emb,-,6418,0,0.014334200
pgvector,1,insert_emb,-,6418,0,0.004134600
pgvector,1,generar_emb,-,6419,0,0.012769200
pgvector,1,insert_emb,-,6419,0,0.004481300
pgvector,1,generar_emb,-,6420,0,0.012742600
pgvector,1,insert_emb,-,6420,0,0.004385600
pgvector,1,generar_emb,-,6421,0,0.012610400
pgvector,1,insert_emb,-,6421,0,0.004271200
pgvector,1,generar_emb,-,6422,0,0.011444500
pgvector,1,insert_emb,-,6422,0,0.004199900
pgvector,1,generar_emb,-,6423,0,0.010779600
pgvector,1,insert_emb,-,6423,0,0.004363700
pgvector,1,generar_emb,-,6424,0,0.013387300
pgvector,1,insert_emb,-,6424,0,0.004393600
pgvector,1,generar_emb,-,6425,0,0.012000000
pgvector,1,insert_emb,-,6425,0,0.004436300
pgvector,1,generar_emb,-,6426,0,0.011289000
pgvector,1,insert_emb,-,6426,0,0.004638500
pgvector,1,generar_emb,-,6427,0,0.011282100
pgvector,1,insert_emb,-,6427,0,0.004443300
pgvector,1,generar_emb,-,6428,0,0.011529200
pgvector,1,insert_emb,-,6428,0,0.004773500
pgvector,1,generar_emb,-,6429,0,0.014135200
pgvector,1,insert_emb,-,6429,0,0.004199200
pgvector,1,generar_emb,-,6430,0,0.013406900
pgvector,1,insert_emb,-,6430,0,0.004312400
pgvector,1,generar_emb,-,6431,0,0.013204200
pgvector,1,insert_emb,-,6431,0,0.004378200
pgvector,1,generar_emb,-,6432,0,0.014597300
pgvector,1,insert_emb,-,6432,0,0.004152500
pgvector,1,generar_emb,-,6433,0,0.014585600
pgvector,1,insert_emb,-,6433,0,0.004138300
pgvector,1,generar_emb,-,6434,0,0.013460700
pgvector,1,insert_emb,-,6434,0,0.004351500
pgvector,1,generar_emb,-,6435,0,0.012899400
pgvector,1,insert_emb,-,6435,0,0.004302700
pgvector,1,generar_emb,-,6436,0,0.013911400
pgvector,1,insert_emb,-,6436,0,0.004141100
pgvector,1,generar_emb,-,6437,0,0.012312000
pgvector,1,insert_emb,-,6437,0,0.004065500
pgvector,1,generar_emb,-,6438,0,0.011569400
pgvector,1,insert_emb,-,6438,0,0.004105700
pgvector,1,generar_emb,-,6439,0,0.012194400
pgvector,1,insert_emb,-,6439,0,0.004307700
pgvector,1,generar_emb,-,6440,0,0.014618400
pgvector,1,insert_emb,-,6440,0,0.004330400
pgvector,1,generar_emb,-,6441,0,0.014395600
pgvector,1,insert_emb,-,6441,0,0.003976200
pgvector,1,generar_emb,-,6442,0,0.012510000
pgvector,1,insert_emb,-,6442,0,0.004236600
pgvector,1,generar_emb,-,6443,0,0.010745300
pgvector,1,insert_emb,-,6443,0,0.004166000
pgvector,1,generar_emb,-,6444,0,0.012738100
pgvector,1,insert_emb,-,6444,0,0.004299300
pgvector,1,generar_emb,-,6445,0,0.011993400
pgvector,1,insert_emb,-,6445,0,0.004375000
pgvector,1,generar_emb,-,6446,0,0.010808400
pgvector,1,insert_emb,-,6446,0,0.004313700
pgvector,1,generar_emb,-,6447,0,0.012024100
pgvector,1,insert_emb,-,6447,0,0.004248800
pgvector,1,generar_emb,-,6448,0,0.012466000
pgvector,1,insert_emb,-,6448,0,0.004221100
pgvector,1,generar_emb,-,6449,0,0.011629100
pgvector,1,insert_emb,-,6449,0,0.004294600
pgvector,1,generar_emb,-,6450,0,0.012868000
pgvector,1,insert_emb,-,6450,0,0.004347800
pgvector,1,generar_emb,-,6451,0,0.011561000
pgvector,1,insert_emb,-,6451,0,0.004255800
pgvector,1,generar_emb,-,6452,0,0.014147700
pgvector,1,insert_emb,-,6452,0,0.004313300
pgvector,1,generar_emb,-,6453,0,0.012398800
pgvector,1,insert_emb,-,6453,0,0.004415000
pgvector,1,generar_emb,-,6454,0,0.012890600
pgvector,1,insert_emb,-,6454,0,0.004305700
pgvector,1,generar_emb,-,6455,0,0.012028200
pgvector,1,insert_emb,-,6455,0,0.004474900
pgvector,1,generar_emb,-,6456,0,0.011185400
pgvector,1,insert_emb,-,6456,0,0.004264200
pgvector,1,generar_emb,-,6457,0,0.013412600
pgvector,1,insert_emb,-,6457,0,0.004503800
pgvector,1,generar_emb,-,6458,0,0.013654900
pgvector,1,insert_emb,-,6458,0,0.004531700
pgvector,1,generar_emb,-,6459,0,0.013874700
pgvector,1,insert_emb,-,6459,0,0.004467300
pgvector,1,generar_emb,-,6460,0,0.011212800
pgvector,1,insert_emb,-,6460,0,0.004377400
pgvector,1,generar_emb,-,6461,0,0.012847200
pgvector,1,insert_emb,-,6461,0,0.004258600
pgvector,1,generar_emb,-,6462,0,0.014847300
pgvector,1,insert_emb,-,6462,0,0.004773900
pgvector,1,generar_emb,-,6463,0,0.012458500
pgvector,1,insert_emb,-,6463,0,0.004153900
pgvector,1,generar_emb,-,6464,0,0.012385700
pgvector,1,insert_emb,-,6464,0,0.004240800
pgvector,1,generar_emb,-,6465,0,0.011446800
pgvector,1,insert_emb,-,6465,0,0.004514100
pgvector,1,generar_emb,-,6466,0,0.014596400
pgvector,1,insert_emb,-,6466,0,0.004150900
pgvector,1,generar_emb,-,6467,0,0.013548200
pgvector,1,insert_emb,-,6467,0,0.004374200
pgvector,1,generar_emb,-,6468,0,0.012851100
pgvector,1,insert_emb,-,6468,0,0.004300300
pgvector,1,generar_emb,-,6469,0,0.014051000
pgvector,1,insert_emb,-,6469,0,0.004137600
pgvector,1,generar_emb,-,6470,0,0.012837500
pgvector,1,insert_emb,-,6470,0,0.004559300
pgvector,1,generar_emb,-,6471,0,0.013169300
pgvector,1,insert_emb,-,6471,0,0.004432500
pgvector,1,generar_emb,-,6472,0,0.011356500
pgvector,1,insert_emb,-,6472,0,0.004224200
pgvector,1,generar_emb,-,6473,0,0.011420400
pgvector,1,insert_emb,-,6473,0,0.004715200
pgvector,1,generar_emb,-,6474,0,0.015019300
pgvector,1,insert_emb,-,6474,0,0.004397900
pgvector,1,generar_emb,-,6475,0,0.012357300
pgvector,1,insert_emb,-,6475,0,0.004901200
pgvector,1,generar_emb,-,6476,0,0.011971100
pgvector,1,insert_emb,-,6476,0,0.004160500
pgvector,1,generar_emb,-,6477,0,0.012963000
pgvector,1,insert_emb,-,6477,0,0.004062900
pgvector,1,generar_emb,-,6478,0,0.015136500
pgvector,1,insert_emb,-,6478,0,0.004362600
pgvector,1,generar_emb,-,6479,0,0.015041900
pgvector,1,insert_emb,-,6479,0,0.004632400
pgvector,1,generar_emb,-,6480,0,0.011654100
pgvector,1,insert_emb,-,6480,0,0.004298000
pgvector,1,generar_emb,-,6481,0,0.011085100
pgvector,1,insert_emb,-,6481,0,0.004136600
pgvector,1,generar_emb,-,6482,0,0.012443400
pgvector,1,insert_emb,-,6482,0,0.004172200
pgvector,1,generar_emb,-,6483,0,0.010844600
pgvector,1,insert_emb,-,6483,0,0.004220600
pgvector,1,generar_emb,-,6484,0,0.012633200
pgvector,1,insert_emb,-,6484,0,0.004451400
pgvector,1,generar_emb,-,6485,0,0.013574600
pgvector,1,insert_emb,-,6485,0,0.004352000
pgvector,1,generar_emb,-,6486,0,0.011526900
pgvector,1,insert_emb,-,6486,0,0.004090900
pgvector,1,generar_emb,-,6487,0,0.013669900
pgvector,1,insert_emb,-,6487,0,0.004512200
pgvector,1,generar_emb,-,6488,0,0.012003900
pgvector,1,insert_emb,-,6488,0,0.004226400
pgvector,1,generar_emb,-,6489,0,0.013612700
pgvector,1,insert_emb,-,6489,0,0.004367500
pgvector,1,generar_emb,-,6490,0,0.013810700
pgvector,1,insert_emb,-,6490,0,0.004969900
pgvector,1,generar_emb,-,6491,0,0.012240500
pgvector,1,insert_emb,-,6491,0,0.004493800
pgvector,1,generar_emb,-,6492,0,0.013674100
pgvector,1,insert_emb,-,6492,0,0.004307600
pgvector,1,generar_emb,-,6493,0,0.013808600
pgvector,1,insert_emb,-,6493,0,0.004386500
pgvector,1,generar_emb,-,6494,0,0.012832000
pgvector,1,insert_emb,-,6494,0,0.004356700
pgvector,1,generar_emb,-,6495,0,0.012150600
pgvector,1,insert_emb,-,6495,0,0.004961500
pgvector,1,generar_emb,-,6496,0,0.013487700
pgvector,1,insert_emb,-,6496,0,0.004800400
pgvector,1,generar_emb,-,6497,0,0.013745600
pgvector,1,insert_emb,-,6497,0,0.004318000
pgvector,1,generar_emb,-,6498,0,0.011726400
pgvector,1,insert_emb,-,6498,0,0.004695900
pgvector,1,generar_emb,-,6499,0,0.012430500
pgvector,1,insert_emb,-,6499,0,0.004216300
pgvector,1,generar_emb,-,6500,0,0.010839600
pgvector,1,insert_emb,-,6500,0,0.004312100
pgvector,1,generar_emb,-,6501,0,0.010729100
pgvector,1,insert_emb,-,6501,0,0.004522700
pgvector,1,generar_emb,-,6502,0,0.010638300
pgvector,1,insert_emb,-,6502,0,0.004466000
pgvector,1,generar_emb,-,6503,0,0.016034300
pgvector,1,insert_emb,-,6503,0,0.004545300
pgvector,1,generar_emb,-,6504,0,0.012770400
pgvector,1,insert_emb,-,6504,0,0.004639400
pgvector,1,generar_emb,-,6505,0,0.012666800
pgvector,1,insert_emb,-,6505,0,0.004657900
pgvector,1,generar_emb,-,6506,0,0.010943000
pgvector,1,insert_emb,-,6506,0,0.004677300
pgvector,1,generar_emb,-,6507,0,0.011696700
pgvector,1,insert_emb,-,6507,0,0.004676800
pgvector,1,generar_emb,-,6508,0,0.014057900
pgvector,1,insert_emb,-,6508,0,0.004790000
pgvector,1,generar_emb,-,6509,0,0.011852400
pgvector,1,insert_emb,-,6509,0,0.004304400
pgvector,1,generar_emb,-,6510,0,0.012066000
pgvector,1,insert_emb,-,6510,0,0.004279300
pgvector,1,generar_emb,-,6511,0,0.011883600
pgvector,1,insert_emb,-,6511,0,0.004169400
pgvector,1,generar_emb,-,6512,0,0.010985300
pgvector,1,insert_emb,-,6512,0,0.004373800
pgvector,1,generar_emb,-,6513,0,0.011826900
pgvector,1,insert_emb,-,6513,0,0.004142400
pgvector,1,generar_emb,-,6514,0,0.011583400
pgvector,1,insert_emb,-,6514,0,0.004142000
pgvector,1,generar_emb,-,6515,0,0.011359500
pgvector,1,insert_emb,-,6515,0,0.004286200
pgvector,1,generar_emb,-,6516,0,0.012174300
pgvector,1,insert_emb,-,6516,0,0.004316400
pgvector,1,generar_emb,-,6517,0,0.013225000
pgvector,1,insert_emb,-,6517,0,0.004418300
pgvector,1,generar_emb,-,6518,0,0.011232100
pgvector,1,insert_emb,-,6518,0,0.004514000
pgvector,1,generar_emb,-,6519,0,0.011796000
pgvector,1,insert_emb,-,6519,0,0.004333000
pgvector,1,generar_emb,-,6520,0,0.011418000
pgvector,1,insert_emb,-,6520,0,0.004408900
pgvector,1,generar_emb,-,6521,0,0.014760900
pgvector,1,insert_emb,-,6521,0,0.004481800
pgvector,1,generar_emb,-,6522,0,0.012266100
pgvector,1,insert_emb,-,6522,0,0.004342100
pgvector,1,generar_emb,-,6523,0,0.014783900
pgvector,1,insert_emb,-,6523,0,0.004210900
pgvector,1,generar_emb,-,6524,0,0.012631900
pgvector,1,insert_emb,-,6524,0,0.004192900
pgvector,1,generar_emb,-,6525,0,0.012614900
pgvector,1,insert_emb,-,6525,0,0.004435100
pgvector,1,generar_emb,-,6526,0,0.013698100
pgvector,1,insert_emb,-,6526,0,0.004371300
pgvector,1,generar_emb,-,6527,0,0.012179700
pgvector,1,insert_emb,-,6527,0,0.004139000
pgvector,1,generar_emb,-,6528,0,0.012201300
pgvector,1,insert_emb,-,6528,0,0.004530500
pgvector,1,generar_emb,-,6529,0,0.010661600
pgvector,1,insert_emb,-,6529,0,0.004364200
pgvector,1,generar_emb,-,6530,0,0.013441600
pgvector,1,insert_emb,-,6530,0,0.004641700
pgvector,1,generar_emb,-,6531,0,0.010873700
pgvector,1,insert_emb,-,6531,0,0.004379000
pgvector,1,generar_emb,-,6532,0,0.012682700
pgvector,1,insert_emb,-,6532,0,0.004661000
pgvector,1,generar_emb,-,6533,0,0.012602900
pgvector,1,insert_emb,-,6533,0,0.004132700
pgvector,1,generar_emb,-,6534,0,0.010094400
pgvector,1,insert_emb,-,6534,0,0.004266800
pgvector,1,generar_emb,-,6535,0,0.010419100
pgvector,1,insert_emb,-,6535,0,0.004235100
pgvector,1,generar_emb,-,6536,0,0.010770100
pgvector,1,insert_emb,-,6536,0,0.004112100
pgvector,1,generar_emb,-,6537,0,0.012182700
pgvector,1,insert_emb,-,6537,0,0.004514200
pgvector,1,generar_emb,-,6538,0,0.012449200
pgvector,1,insert_emb,-,6538,0,0.004382400
pgvector,1,generar_emb,-,6539,0,0.012998300
pgvector,1,insert_emb,-,6539,0,0.004552900
pgvector,1,generar_emb,-,6540,0,0.010712700
pgvector,1,insert_emb,-,6540,0,0.004239100
pgvector,1,generar_emb,-,6541,0,0.011708600
pgvector,1,insert_emb,-,6541,0,0.004278300
pgvector,1,generar_emb,-,6542,0,0.012484300
pgvector,1,insert_emb,-,6542,0,0.004370800
pgvector,1,generar_emb,-,6543,0,0.011667200
pgvector,1,insert_emb,-,6543,0,0.004375800
pgvector,1,generar_emb,-,6544,0,0.012463200
pgvector,1,insert_emb,-,6544,0,0.004456500
pgvector,1,generar_emb,-,6545,0,0.010573600
pgvector,1,insert_emb,-,6545,0,0.004439800
pgvector,1,generar_emb,-,6546,0,0.010814300
pgvector,1,insert_emb,-,6546,0,0.004191100
pgvector,1,generar_emb,-,6547,0,0.014760300
pgvector,1,insert_emb,-,6547,0,0.004626100
pgvector,1,generar_emb,-,6548,0,0.013659800
pgvector,1,insert_emb,-,6548,0,0.004153200
pgvector,1,generar_emb,-,6549,0,0.012686700
pgvector,1,insert_emb,-,6549,0,0.004491400
pgvector,1,generar_emb,-,6550,0,0.012760700
pgvector,1,insert_emb,-,6550,0,0.004493200
pgvector,1,generar_emb,-,6551,0,0.011575700
pgvector,1,insert_emb,-,6551,0,0.004433400
pgvector,1,generar_emb,-,6552,0,0.014234900
pgvector,1,insert_emb,-,6552,0,0.004151400
pgvector,1,generar_emb,-,6553,0,0.016643400
pgvector,1,insert_emb,-,6553,0,0.004599700
pgvector,1,generar_emb,-,6554,0,0.011103700
pgvector,1,insert_emb,-,6554,0,0.004486300
pgvector,1,generar_emb,-,6555,0,0.017450500
pgvector,1,insert_emb,-,6555,0,0.004795100
pgvector,1,generar_emb,-,6556,0,0.012975400
pgvector,1,insert_emb,-,6556,0,0.004397700
pgvector,1,generar_emb,-,6557,0,0.013716500
pgvector,1,insert_emb,-,6557,0,0.004819900
pgvector,1,generar_emb,-,6558,0,0.011821900
pgvector,1,insert_emb,-,6558,0,0.004189900
pgvector,1,generar_emb,-,6559,0,0.011687300
pgvector,1,insert_emb,-,6559,0,0.004196100
pgvector,1,generar_emb,-,6560,0,0.012425700
pgvector,1,insert_emb,-,6560,0,0.004182700
pgvector,1,generar_emb,-,6561,0,0.012017200
pgvector,1,insert_emb,-,6561,0,0.004183700
pgvector,1,generar_emb,-,6562,0,0.012365400
pgvector,1,insert_emb,-,6562,0,0.004298500
pgvector,1,generar_emb,-,6563,0,0.013619700
pgvector,1,insert_emb,-,6563,0,0.004477500
pgvector,1,generar_emb,-,6564,0,0.012538500
pgvector,1,insert_emb,-,6564,0,0.004045300
pgvector,1,generar_emb,-,6565,0,0.013485400
pgvector,1,insert_emb,-,6565,0,0.004325800
pgvector,1,generar_emb,-,6566,0,0.013310300
pgvector,1,insert_emb,-,6566,0,0.004382200
pgvector,1,generar_emb,-,6567,0,0.014338100
pgvector,1,insert_emb,-,6567,0,0.004767500
pgvector,1,generar_emb,-,6568,0,0.011597100
pgvector,1,insert_emb,-,6568,0,0.004431200
pgvector,1,generar_emb,-,6569,0,0.011652900
pgvector,1,insert_emb,-,6569,0,0.004264300
pgvector,1,generar_emb,-,6570,0,0.014254300
pgvector,1,insert_emb,-,6570,0,0.004331900
pgvector,1,generar_emb,-,6571,0,0.012632500
pgvector,1,insert_emb,-,6571,0,0.004376000
pgvector,1,generar_emb,-,6572,0,0.012662400
pgvector,1,insert_emb,-,6572,0,0.004316500
pgvector,1,generar_emb,-,6573,0,0.012791700
pgvector,1,insert_emb,-,6573,0,0.004375800
pgvector,1,generar_emb,-,6574,0,0.011074100
pgvector,1,insert_emb,-,6574,0,0.004166200
pgvector,1,generar_emb,-,6575,0,0.011113700
pgvector,1,insert_emb,-,6575,0,0.004340100
pgvector,1,generar_emb,-,6576,0,0.011926200
pgvector,1,insert_emb,-,6576,0,0.004660600
pgvector,1,generar_emb,-,6577,0,0.012228500
pgvector,1,insert_emb,-,6577,0,0.004210600
pgvector,1,generar_emb,-,6578,0,0.012087800
pgvector,1,insert_emb,-,6578,0,0.004165000
pgvector,1,generar_emb,-,6579,0,0.011278300
pgvector,1,insert_emb,-,6579,0,0.004240900
pgvector,1,generar_emb,-,6580,0,0.011142200
pgvector,1,insert_emb,-,6580,0,0.004223800
pgvector,1,generar_emb,-,6581,0,0.010946000
pgvector,1,insert_emb,-,6581,0,0.004242100
pgvector,1,generar_emb,-,6582,0,0.011624800
pgvector,1,insert_emb,-,6582,0,0.004268100
pgvector,1,generar_emb,-,6583,0,0.012439700
pgvector,1,insert_emb,-,6583,0,0.004058600
pgvector,1,generar_emb,-,6584,0,0.013146100
pgvector,1,insert_emb,-,6584,0,0.004142100
pgvector,1,generar_emb,-,6585,0,0.013401500
pgvector,1,insert_emb,-,6585,0,0.004296400
pgvector,1,generar_emb,-,6586,0,0.011217900
pgvector,1,insert_emb,-,6586,0,0.004439700
pgvector,1,generar_emb,-,6587,0,0.012628800
pgvector,1,insert_emb,-,6587,0,0.004559300
pgvector,1,generar_emb,-,6588,0,0.012514800
pgvector,1,insert_emb,-,6588,0,0.004328100
pgvector,1,generar_emb,-,6589,0,0.012390900
pgvector,1,insert_emb,-,6589,0,0.004453400
pgvector,1,generar_emb,-,6590,0,0.011187800
pgvector,1,insert_emb,-,6590,0,0.004370100
pgvector,1,generar_emb,-,6591,0,0.010486300
pgvector,1,insert_emb,-,6591,0,0.004359400
pgvector,1,generar_emb,-,6592,0,0.012173800
pgvector,1,insert_emb,-,6592,0,0.004369800
pgvector,1,generar_emb,-,6593,0,0.013411700
pgvector,1,insert_emb,-,6593,0,0.004861000
pgvector,1,generar_emb,-,6594,0,0.011641000
pgvector,1,insert_emb,-,6594,0,0.005083300
pgvector,1,generar_emb,-,6595,0,0.010408400
pgvector,1,insert_emb,-,6595,0,0.004736400
pgvector,1,generar_emb,-,6596,0,0.011199300
pgvector,1,insert_emb,-,6596,0,0.005048700
pgvector,1,generar_emb,-,6597,0,0.010502600
pgvector,1,insert_emb,-,6597,0,0.004832800
pgvector,1,generar_emb,-,6598,0,0.010804800
pgvector,1,insert_emb,-,6598,0,0.004555500
pgvector,1,generar_emb,-,6599,0,0.010744100
pgvector,1,insert_emb,-,6599,0,0.004550500
pgvector,1,generar_emb,-,6600,0,0.012498000
pgvector,1,insert_emb,-,6600,0,0.004670000
pgvector,1,generar_emb,-,6601,0,0.012191300
pgvector,1,insert_emb,-,6601,0,0.004395200
pgvector,1,generar_emb,-,6602,0,0.013217600
pgvector,1,insert_emb,-,6602,0,0.004482800
pgvector,1,generar_emb,-,6603,0,0.012768300
pgvector,1,insert_emb,-,6603,0,0.004253000
pgvector,1,generar_emb,-,6604,0,0.012805500
pgvector,1,insert_emb,-,6604,0,0.004181300
pgvector,1,generar_emb,-,6605,0,0.011876000
pgvector,1,insert_emb,-,6605,0,0.004420100
pgvector,1,generar_emb,-,6606,0,0.012717000
pgvector,1,insert_emb,-,6606,0,0.004297000
pgvector,1,generar_emb,-,6607,0,0.011984200
pgvector,1,insert_emb,-,6607,0,0.004503200
pgvector,1,generar_emb,-,6608,0,0.012648800
pgvector,1,insert_emb,-,6608,0,0.004336400
pgvector,1,generar_emb,-,6609,0,0.011368000
pgvector,1,insert_emb,-,6609,0,0.004277400
pgvector,1,generar_emb,-,6610,0,0.012761800
pgvector,1,insert_emb,-,6610,0,0.004788700
pgvector,1,generar_emb,-,6611,0,0.010861700
pgvector,1,insert_emb,-,6611,0,0.004503600
pgvector,1,generar_emb,-,6612,0,0.014898800
pgvector,1,insert_emb,-,6612,0,0.004729200
pgvector,1,generar_emb,-,6613,0,0.012140900
pgvector,1,insert_emb,-,6613,0,0.004397800
pgvector,1,generar_emb,-,6614,0,0.012503400
pgvector,1,insert_emb,-,6614,0,0.004422600
pgvector,1,generar_emb,-,6615,0,0.012281900
pgvector,1,insert_emb,-,6615,0,0.004619700
pgvector,1,generar_emb,-,6616,0,0.014067100
pgvector,1,insert_emb,-,6616,0,0.004442400
pgvector,1,generar_emb,-,6617,0,0.016239500
pgvector,1,insert_emb,-,6617,0,0.004488100
pgvector,1,generar_emb,-,6618,0,0.013082000
pgvector,1,insert_emb,-,6618,0,0.004104100
pgvector,1,generar_emb,-,6619,0,0.012715100
pgvector,1,insert_emb,-,6619,0,0.004214600
pgvector,1,generar_emb,-,6620,0,0.012158800
pgvector,1,insert_emb,-,6620,0,0.004281300
pgvector,1,generar_emb,-,6621,0,0.012713700
pgvector,1,insert_emb,-,6621,0,0.004312800
pgvector,1,generar_emb,-,6622,0,0.011676700
pgvector,1,insert_emb,-,6622,0,0.004150900
pgvector,1,generar_emb,-,6623,0,0.012903000
pgvector,1,insert_emb,-,6623,0,0.004400600
pgvector,1,generar_emb,-,6624,0,0.012936300
pgvector,1,insert_emb,-,6624,0,0.004219400
pgvector,1,generar_emb,-,6625,0,0.011048400
pgvector,1,insert_emb,-,6625,0,0.004147100
pgvector,1,generar_emb,-,6626,0,0.011711200
pgvector,1,insert_emb,-,6626,0,0.004174400
pgvector,1,generar_emb,-,6627,0,0.012557700
pgvector,1,insert_emb,-,6627,0,0.004265700
pgvector,1,generar_emb,-,6628,0,0.011261500
pgvector,1,insert_emb,-,6628,0,0.004295800
pgvector,1,generar_emb,-,6629,0,0.011566600
pgvector,1,insert_emb,-,6629,0,0.004775000
pgvector,1,generar_emb,-,6630,0,0.012266600
pgvector,1,insert_emb,-,6630,0,0.004139300
pgvector,1,generar_emb,-,6631,0,0.015889700
pgvector,1,insert_emb,-,6631,0,0.004151800
pgvector,1,generar_emb,-,6632,0,0.012041000
pgvector,1,insert_emb,-,6632,0,0.004110800
pgvector,1,generar_emb,-,6633,0,0.012569300
pgvector,1,insert_emb,-,6633,0,0.004356900
pgvector,1,generar_emb,-,6634,0,0.013317300
pgvector,1,insert_emb,-,6634,0,0.004086000
pgvector,1,generar_emb,-,6635,0,0.013371600
pgvector,1,insert_emb,-,6635,0,0.004356300
pgvector,1,generar_emb,-,6636,0,0.014195000
pgvector,1,insert_emb,-,6636,0,0.004359800
pgvector,1,generar_emb,-,6637,0,0.012711800
pgvector,1,insert_emb,-,6637,0,0.004105900
pgvector,1,generar_emb,-,6638,0,0.013387800
pgvector,1,insert_emb,-,6638,0,0.004537800
pgvector,1,generar_emb,-,6639,0,0.013572200
pgvector,1,insert_emb,-,6639,0,0.004724000
pgvector,1,generar_emb,-,6640,0,0.013630500
pgvector,1,insert_emb,-,6640,0,0.004731600
pgvector,1,generar_emb,-,6641,0,0.010472700
pgvector,1,insert_emb,-,6641,0,0.004331900
pgvector,1,generar_emb,-,6642,0,0.013562900
pgvector,1,insert_emb,-,6642,0,0.004271300
pgvector,1,generar_emb,-,6643,0,0.012651200
pgvector,1,insert_emb,-,6643,0,0.004777200
pgvector,1,generar_emb,-,6644,0,0.011008600
pgvector,1,insert_emb,-,6644,0,0.004417100
pgvector,1,generar_emb,-,6645,0,0.011742600
pgvector,1,insert_emb,-,6645,0,0.004641500
pgvector,1,generar_emb,-,6646,0,0.012186300
pgvector,1,insert_emb,-,6646,0,0.004432200
pgvector,1,generar_emb,-,6647,0,0.012009900
pgvector,1,insert_emb,-,6647,0,0.004557900
pgvector,1,generar_emb,-,6648,0,0.010855600
pgvector,1,insert_emb,-,6648,0,0.004385800
pgvector,1,generar_emb,-,6649,0,0.011400400
pgvector,1,insert_emb,-,6649,0,0.004165500
pgvector,1,generar_emb,-,6650,0,0.011839400
pgvector,1,insert_emb,-,6650,0,0.004284700
pgvector,1,generar_emb,-,6651,0,0.013707800
pgvector,1,insert_emb,-,6651,0,0.004656400
pgvector,1,generar_emb,-,6652,0,0.010632200
pgvector,1,insert_emb,-,6652,0,0.004522700
pgvector,1,generar_emb,-,6653,0,0.011680100
pgvector,1,insert_emb,-,6653,0,0.004303000
pgvector,1,generar_emb,-,6654,0,0.012201300
pgvector,1,insert_emb,-,6654,0,0.004298600
pgvector,1,generar_emb,-,6655,0,0.010871500
pgvector,1,insert_emb,-,6655,0,0.004507500
pgvector,1,generar_emb,-,6656,0,0.011878000
pgvector,1,insert_emb,-,6656,0,0.004379400
pgvector,1,generar_emb,-,6657,0,0.011337500
pgvector,1,insert_emb,-,6657,0,0.004240600
pgvector,1,generar_emb,-,6658,0,0.012270900
pgvector,1,insert_emb,-,6658,0,0.004079300
pgvector,1,generar_emb,-,6659,0,0.011381500
pgvector,1,insert_emb,-,6659,0,0.004541800
pgvector,1,generar_emb,-,6660,0,0.012786500
pgvector,1,insert_emb,-,6660,0,0.004136800
pgvector,1,generar_emb,-,6661,0,0.013215900
pgvector,1,insert_emb,-,6661,0,0.004145900
pgvector,1,generar_emb,-,6662,0,0.014634800
pgvector,1,insert_emb,-,6662,0,0.004602600
pgvector,1,generar_emb,-,6663,0,0.010811200
pgvector,1,insert_emb,-,6663,0,0.004137300
pgvector,1,generar_emb,-,6664,0,0.012111400
pgvector,1,insert_emb,-,6664,0,0.004264800
pgvector,1,generar_emb,-,6665,0,0.011378400
pgvector,1,insert_emb,-,6665,0,0.004434300
pgvector,1,generar_emb,-,6666,0,0.012718100
pgvector,1,insert_emb,-,6666,0,0.004574200
pgvector,1,generar_emb,-,6667,0,0.013347300
pgvector,1,insert_emb,-,6667,0,0.004495800
pgvector,1,generar_emb,-,6668,0,0.013899400
pgvector,1,insert_emb,-,6668,0,0.004523600
pgvector,1,generar_emb,-,6669,0,0.012664900
pgvector,1,insert_emb,-,6669,0,0.004123900
pgvector,1,generar_emb,-,6670,0,0.010795700
pgvector,1,insert_emb,-,6670,0,0.004271100
pgvector,1,generar_emb,-,6671,0,0.012849500
pgvector,1,insert_emb,-,6671,0,0.004596100
pgvector,1,generar_emb,-,6672,0,0.012374700
pgvector,1,insert_emb,-,6672,0,0.004580900
pgvector,1,generar_emb,-,6673,0,0.015228600
pgvector,1,insert_emb,-,6673,0,0.004401800
pgvector,1,generar_emb,-,6674,0,0.012469300
pgvector,1,insert_emb,-,6674,0,0.004576900
pgvector,1,generar_emb,-,6675,0,0.014411800
pgvector,1,insert_emb,-,6675,0,0.004720300
pgvector,1,generar_emb,-,6676,0,0.016745000
pgvector,1,insert_emb,-,6676,0,0.004326100
pgvector,1,generar_emb,-,6677,0,0.012016700
pgvector,1,insert_emb,-,6677,0,0.004326600
pgvector,1,generar_emb,-,6678,0,0.011501400
pgvector,1,insert_emb,-,6678,0,0.004265500
pgvector,1,generar_emb,-,6679,0,0.012086500
pgvector,1,insert_emb,-,6679,0,0.004193500
pgvector,1,generar_emb,-,6680,0,0.012306800
pgvector,1,insert_emb,-,6680,0,0.004260200
pgvector,1,generar_emb,-,6681,0,0.011801500
pgvector,1,insert_emb,-,6681,0,0.004210500
pgvector,1,generar_emb,-,6682,0,0.012478200
pgvector,1,insert_emb,-,6682,0,0.004225700
pgvector,1,generar_emb,-,6683,0,0.011429000
pgvector,1,insert_emb,-,6683,0,0.004507500
pgvector,1,generar_emb,-,6684,0,0.014522900
pgvector,1,insert_emb,-,6684,0,0.005194600
pgvector,1,generar_emb,-,6685,0,0.013301100
pgvector,1,insert_emb,-,6685,0,0.004477500
pgvector,1,generar_emb,-,6686,0,0.011228500
pgvector,1,insert_emb,-,6686,0,0.004564700
pgvector,1,generar_emb,-,6687,0,0.012578700
pgvector,1,insert_emb,-,6687,0,0.004711400
pgvector,1,generar_emb,-,6688,0,0.011899400
pgvector,1,insert_emb,-,6688,0,0.004768100
pgvector,1,generar_emb,-,6689,0,0.013175700
pgvector,1,insert_emb,-,6689,0,0.004587900
pgvector,1,generar_emb,-,6690,0,0.015153100
pgvector,1,insert_emb,-,6690,0,0.004667400
pgvector,1,generar_emb,-,6691,0,0.012176500
pgvector,1,insert_emb,-,6691,0,0.004662500
pgvector,1,generar_emb,-,6692,0,0.012128100
pgvector,1,insert_emb,-,6692,0,0.004220900
pgvector,1,generar_emb,-,6693,0,0.011250700
pgvector,1,insert_emb,-,6693,0,0.004286800
pgvector,1,generar_emb,-,6694,0,0.010901800
pgvector,1,insert_emb,-,6694,0,0.004368400
pgvector,1,generar_emb,-,6695,0,0.011031600
pgvector,1,insert_emb,-,6695,0,0.004562200
pgvector,1,generar_emb,-,6696,0,0.013080100
pgvector,1,insert_emb,-,6696,0,0.004468600
pgvector,1,generar_emb,-,6697,0,0.015000600
pgvector,1,insert_emb,-,6697,0,0.004304200
pgvector,1,generar_emb,-,6698,0,0.012363000
pgvector,1,insert_emb,-,6698,0,0.004260100
pgvector,1,generar_emb,-,6699,0,0.013256700
pgvector,1,insert_emb,-,6699,0,0.004438200
pgvector,1,generar_emb,-,6700,0,0.013992700
pgvector,1,insert_emb,-,6700,0,0.004550600
pgvector,1,generar_emb,-,6701,0,0.012658200
pgvector,1,insert_emb,-,6701,0,0.004189600
pgvector,1,generar_emb,-,6702,0,0.011872500
pgvector,1,insert_emb,-,6702,0,0.004199400
pgvector,1,generar_emb,-,6703,0,0.012452300
pgvector,1,insert_emb,-,6703,0,0.004243300
pgvector,1,generar_emb,-,6704,0,0.012082100
pgvector,1,insert_emb,-,6704,0,0.004133300
pgvector,1,generar_emb,-,6705,0,0.010599100
pgvector,1,insert_emb,-,6705,0,0.004190900
pgvector,1,generar_emb,-,6706,0,0.011504200
pgvector,1,insert_emb,-,6706,0,0.004162500
pgvector,1,generar_emb,-,6707,0,0.010656000
pgvector,1,insert_emb,-,6707,0,0.004168800
pgvector,1,generar_emb,-,6708,0,0.012832300
pgvector,1,insert_emb,-,6708,0,0.004207200
pgvector,1,generar_emb,-,6709,0,0.010776500
pgvector,1,insert_emb,-,6709,0,0.004090000
pgvector,1,generar_emb,-,6710,0,0.012172900
pgvector,1,insert_emb,-,6710,0,0.004819600
pgvector,1,generar_emb,-,6711,0,0.010646500
pgvector,1,insert_emb,-,6711,0,0.004353100
pgvector,1,generar_emb,-,6712,0,0.012801000
pgvector,1,insert_emb,-,6712,0,0.004313300
pgvector,1,generar_emb,-,6713,0,0.012026500
pgvector,1,insert_emb,-,6713,0,0.004618100
pgvector,1,generar_emb,-,6714,0,0.011353500
pgvector,1,insert_emb,-,6714,0,0.004218400
pgvector,1,generar_emb,-,6715,0,0.011768300
pgvector,1,insert_emb,-,6715,0,0.004361400
pgvector,1,generar_emb,-,6716,0,0.018655700
pgvector,1,insert_emb,-,6716,0,0.005638300
pgvector,1,generar_emb,-,6717,0,0.017692800
pgvector,1,insert_emb,-,6717,0,0.005299400
pgvector,1,generar_emb,-,6718,0,0.020504300
pgvector,1,insert_emb,-,6718,0,0.004809400
pgvector,1,generar_emb,-,6719,0,0.020942600
pgvector,1,insert_emb,-,6719,0,0.006104400
pgvector,1,generar_emb,-,6720,0,0.020932100
pgvector,1,insert_emb,-,6720,0,0.005902400
pgvector,1,generar_emb,-,6721,0,0.023336800
pgvector,1,insert_emb,-,6721,0,0.005758300
pgvector,1,generar_emb,-,6722,0,0.025732900
pgvector,1,insert_emb,-,6722,0,0.005676200
pgvector,1,generar_emb,-,6723,0,0.015415700
pgvector,1,insert_emb,-,6723,0,0.004411900
pgvector,1,generar_emb,-,6724,0,0.013575900
pgvector,1,insert_emb,-,6724,0,0.004349100
pgvector,1,generar_emb,-,6725,0,0.011439400
pgvector,1,insert_emb,-,6725,0,0.004496800
pgvector,1,generar_emb,-,6726,0,0.012850600
pgvector,1,insert_emb,-,6726,0,0.004178700
pgvector,1,generar_emb,-,6727,0,0.011212000
pgvector,1,insert_emb,-,6727,0,0.004154600
pgvector,1,generar_emb,-,6728,0,0.011329000
pgvector,1,insert_emb,-,6728,0,0.004408500
pgvector,1,generar_emb,-,6729,0,0.013649000
pgvector,1,insert_emb,-,6729,0,0.004468700
pgvector,1,generar_emb,-,6730,0,0.010721400
pgvector,1,insert_emb,-,6730,0,0.004259000
pgvector,1,generar_emb,-,6731,0,0.012259700
pgvector,1,insert_emb,-,6731,0,0.004208600
pgvector,1,generar_emb,-,6732,0,0.012646700
pgvector,1,insert_emb,-,6732,0,0.004676500
pgvector,1,generar_emb,-,6733,0,0.011944100
pgvector,1,insert_emb,-,6733,0,0.004464300
pgvector,1,generar_emb,-,6734,0,0.012554200
pgvector,1,insert_emb,-,6734,0,0.004274800
pgvector,1,generar_emb,-,6735,0,0.011921500
pgvector,1,insert_emb,-,6735,0,0.004196100
pgvector,1,generar_emb,-,6736,0,0.012315400
pgvector,1,insert_emb,-,6736,0,0.004095200
pgvector,1,generar_emb,-,6737,0,0.013052500
pgvector,1,insert_emb,-,6737,0,0.004495000
pgvector,1,generar_emb,-,6738,0,0.013266800
pgvector,1,insert_emb,-,6738,0,0.004152700
pgvector,1,generar_emb,-,6739,0,0.013989500
pgvector,1,insert_emb,-,6739,0,0.004349300
pgvector,1,generar_emb,-,6740,0,0.011329300
pgvector,1,insert_emb,-,6740,0,0.004386900
pgvector,1,generar_emb,-,6741,0,0.012144600
pgvector,1,insert_emb,-,6741,0,0.004233900
pgvector,1,generar_emb,-,6742,0,0.011433300
pgvector,1,insert_emb,-,6742,0,0.004288900
pgvector,1,generar_emb,-,6743,0,0.010943900
pgvector,1,insert_emb,-,6743,0,0.004183500
pgvector,1,generar_emb,-,6744,0,0.011108600
pgvector,1,insert_emb,-,6744,0,0.004253700
pgvector,1,generar_emb,-,6745,0,0.010721200
pgvector,1,insert_emb,-,6745,0,0.004345300
pgvector,1,generar_emb,-,6746,0,0.012282300
pgvector,1,insert_emb,-,6746,0,0.004214000
pgvector,1,generar_emb,-,6747,0,0.011692300
pgvector,1,insert_emb,-,6747,0,0.004211500
pgvector,1,generar_emb,-,6748,0,0.010719200
pgvector,1,insert_emb,-,6748,0,0.004046100
pgvector,1,generar_emb,-,6749,0,0.014000300
pgvector,1,insert_emb,-,6749,0,0.004396400
pgvector,1,generar_emb,-,6750,0,0.013944800
pgvector,1,insert_emb,-,6750,0,0.004757900
pgvector,1,generar_emb,-,6751,0,0.011273700
pgvector,1,insert_emb,-,6751,0,0.004258200
pgvector,1,generar_emb,-,6752,0,0.010621000
pgvector,1,insert_emb,-,6752,0,0.004176000
pgvector,1,generar_emb,-,6753,0,0.012592000
pgvector,1,insert_emb,-,6753,0,0.004747300
pgvector,1,generar_emb,-,6754,0,0.012769900
pgvector,1,insert_emb,-,6754,0,0.004387100
pgvector,1,generar_emb,-,6755,0,0.016906700
pgvector,1,insert_emb,-,6755,0,0.004618500
pgvector,1,generar_emb,-,6756,0,0.013282700
pgvector,1,insert_emb,-,6756,0,0.004525100
pgvector,1,generar_emb,-,6757,0,0.011386200
pgvector,1,insert_emb,-,6757,0,0.004404300
pgvector,1,generar_emb,-,6758,0,0.014483400
pgvector,1,insert_emb,-,6758,0,0.004397900
pgvector,1,generar_emb,-,6759,0,0.014654900
pgvector,1,insert_emb,-,6759,0,0.004355700
pgvector,1,generar_emb,-,6760,0,0.016497900
pgvector,1,insert_emb,-,6760,0,0.004688100
pgvector,1,generar_emb,-,6761,0,0.013966900
pgvector,1,insert_emb,-,6761,0,0.004530000
pgvector,1,generar_emb,-,6762,0,0.011057400
pgvector,1,insert_emb,-,6762,0,0.004288100
pgvector,1,generar_emb,-,6763,0,0.012469800
pgvector,1,insert_emb,-,6763,0,0.004259100
pgvector,1,generar_emb,-,6764,0,0.011173000
pgvector,1,insert_emb,-,6764,0,0.004218900
pgvector,1,generar_emb,-,6765,0,0.010952800
pgvector,1,insert_emb,-,6765,0,0.004299500
pgvector,1,generar_emb,-,6766,0,0.011159900
pgvector,1,insert_emb,-,6766,0,0.004216700
pgvector,1,generar_emb,-,6767,0,0.012005500
pgvector,1,insert_emb,-,6767,0,0.004372600
pgvector,1,generar_emb,-,6768,0,0.013507200
pgvector,1,insert_emb,-,6768,0,0.004398500
pgvector,1,generar_emb,-,6769,0,0.011576600
pgvector,1,insert_emb,-,6769,0,0.004676600
pgvector,1,generar_emb,-,6770,0,0.013495400
pgvector,1,insert_emb,-,6770,0,0.004316000
pgvector,1,generar_emb,-,6771,0,0.011877200
pgvector,1,insert_emb,-,6771,0,0.004138800
pgvector,1,generar_emb,-,6772,0,0.012453800
pgvector,1,insert_emb,-,6772,0,0.004114200
pgvector,1,generar_emb,-,6773,0,0.016391300
pgvector,1,insert_emb,-,6773,0,0.004656100
pgvector,1,generar_emb,-,6774,0,0.013180600
pgvector,1,insert_emb,-,6774,0,0.004272000
pgvector,1,generar_emb,-,6775,0,0.012370700
pgvector,1,insert_emb,-,6775,0,0.004494000
pgvector,1,generar_emb,-,6776,0,0.012574100
pgvector,1,insert_emb,-,6776,0,0.004456500
pgvector,1,generar_emb,-,6777,0,0.012755400
pgvector,1,insert_emb,-,6777,0,0.004132800
pgvector,1,generar_emb,-,6778,0,0.014278300
pgvector,1,insert_emb,-,6778,0,0.004616700
pgvector,1,generar_emb,-,6779,0,0.012454100
pgvector,1,insert_emb,-,6779,0,0.004747400
pgvector,1,generar_emb,-,6780,0,0.013349700
pgvector,1,insert_emb,-,6780,0,0.005087900
pgvector,1,generar_emb,-,6781,0,0.016840800
pgvector,1,insert_emb,-,6781,0,0.005689500
pgvector,1,generar_emb,-,6782,0,0.012767600
pgvector,1,insert_emb,-,6782,0,0.004749800
pgvector,1,generar_emb,-,6783,0,0.010759100
pgvector,1,insert_emb,-,6783,0,0.004909800
pgvector,1,generar_emb,-,6784,0,0.013129700
pgvector,1,insert_emb,-,6784,0,0.004649400
pgvector,1,generar_emb,-,6785,0,0.015372500
pgvector,1,insert_emb,-,6785,0,0.004853500
pgvector,1,generar_emb,-,6786,0,0.013223600
pgvector,1,insert_emb,-,6786,0,0.004337000
pgvector,1,generar_emb,-,6787,0,0.016437600
pgvector,1,insert_emb,-,6787,0,0.004108300
pgvector,1,generar_emb,-,6788,0,0.012318400
pgvector,1,insert_emb,-,6788,0,0.004393300
pgvector,1,generar_emb,-,6789,0,0.013753300
pgvector,1,insert_emb,-,6789,0,0.004415100
pgvector,1,generar_emb,-,6790,0,0.012092100
pgvector,1,insert_emb,-,6790,0,0.004375000
pgvector,1,generar_emb,-,6791,0,0.012127300
pgvector,1,insert_emb,-,6791,0,0.004335100
pgvector,1,generar_emb,-,6792,0,0.011101700
pgvector,1,insert_emb,-,6792,0,0.004360800
pgvector,1,generar_emb,-,6793,0,0.013068500
pgvector,1,insert_emb,-,6793,0,0.004282700
pgvector,1,generar_emb,-,6794,0,0.012583400
pgvector,1,insert_emb,-,6794,0,0.004565400
pgvector,1,generar_emb,-,6795,0,0.012956300
pgvector,1,insert_emb,-,6795,0,0.004349800
pgvector,1,generar_emb,-,6796,0,0.010868000
pgvector,1,insert_emb,-,6796,0,0.004158300
pgvector,1,generar_emb,-,6797,0,0.012123100
pgvector,1,insert_emb,-,6797,0,0.004255100
pgvector,1,generar_emb,-,6798,0,0.013638800
pgvector,1,insert_emb,-,6798,0,0.004292500
pgvector,1,generar_emb,-,6799,0,0.013052800
pgvector,1,insert_emb,-,6799,0,0.004501900
pgvector,1,generar_emb,-,6800,0,0.011420500
pgvector,1,insert_emb,-,6800,0,0.004578700
pgvector,1,generar_emb,-,6801,0,0.013768500
pgvector,1,insert_emb,-,6801,0,0.004268000
pgvector,1,generar_emb,-,6802,0,0.013441600
pgvector,1,insert_emb,-,6802,0,0.004305900
pgvector,1,generar_emb,-,6803,0,0.013027800
pgvector,1,insert_emb,-,6803,0,0.004438600
pgvector,1,generar_emb,-,6804,0,0.016649900
pgvector,1,insert_emb,-,6804,0,0.004524000
pgvector,1,generar_emb,-,6805,0,0.012542500
pgvector,1,insert_emb,-,6805,0,0.004634100
pgvector,1,generar_emb,-,6806,0,0.016496500
pgvector,1,insert_emb,-,6806,0,0.004397100
pgvector,1,generar_emb,-,6807,0,0.011714100
pgvector,1,insert_emb,-,6807,0,0.004306600
pgvector,1,generar_emb,-,6808,0,0.013204400
pgvector,1,insert_emb,-,6808,0,0.004224300
pgvector,1,generar_emb,-,6809,0,0.011906900
pgvector,1,insert_emb,-,6809,0,0.004181300
pgvector,1,generar_emb,-,6810,0,0.013068900
pgvector,1,insert_emb,-,6810,0,0.004568300
pgvector,1,generar_emb,-,6811,0,0.012650300
pgvector,1,insert_emb,-,6811,0,0.004444100
pgvector,1,generar_emb,-,6812,0,0.011124500
pgvector,1,insert_emb,-,6812,0,0.004367400
pgvector,1,generar_emb,-,6813,0,0.012699700
pgvector,1,insert_emb,-,6813,0,0.004143300
pgvector,1,generar_emb,-,6814,0,0.013053400
pgvector,1,insert_emb,-,6814,0,0.004376900
pgvector,1,generar_emb,-,6815,0,0.012857800
pgvector,1,insert_emb,-,6815,0,0.004578500
pgvector,1,generar_emb,-,6816,0,0.013752200
pgvector,1,insert_emb,-,6816,0,0.004313200
pgvector,1,generar_emb,-,6817,0,0.011758800
pgvector,1,insert_emb,-,6817,0,0.004243600
pgvector,1,generar_emb,-,6818,0,0.013383300
pgvector,1,insert_emb,-,6818,0,0.004395200
pgvector,1,generar_emb,-,6819,0,0.013586200
pgvector,1,insert_emb,-,6819,0,0.004262100
pgvector,1,generar_emb,-,6820,0,0.012798600
pgvector,1,insert_emb,-,6820,0,0.004591300
pgvector,1,generar_emb,-,6821,0,0.011791200
pgvector,1,insert_emb,-,6821,0,0.004124800
pgvector,1,generar_emb,-,6822,0,0.011523900
pgvector,1,insert_emb,-,6822,0,0.004369200
pgvector,1,generar_emb,-,6823,0,0.011918100
pgvector,1,insert_emb,-,6823,0,0.004132400
pgvector,1,generar_emb,-,6824,0,0.012402300
pgvector,1,insert_emb,-,6824,0,0.004298700
pgvector,1,generar_emb,-,6825,0,0.012340300
pgvector,1,insert_emb,-,6825,0,0.004399600
pgvector,1,generar_emb,-,6826,0,0.011910200
pgvector,1,insert_emb,-,6826,0,0.004234400
pgvector,1,generar_emb,-,6827,0,0.013333600
pgvector,1,insert_emb,-,6827,0,0.004451000
pgvector,1,generar_emb,-,6828,0,0.012181500
pgvector,1,insert_emb,-,6828,0,0.004334600
pgvector,1,generar_emb,-,6829,0,0.013287700
pgvector,1,insert_emb,-,6829,0,0.004322800
pgvector,1,generar_emb,-,6830,0,0.015132600
pgvector,1,insert_emb,-,6830,0,0.004311200
pgvector,1,generar_emb,-,6831,0,0.014268100
pgvector,1,insert_emb,-,6831,0,0.004248000
pgvector,1,generar_emb,-,6832,0,0.014036200
pgvector,1,insert_emb,-,6832,0,0.004282000
pgvector,1,generar_emb,-,6833,0,0.012438600
pgvector,1,insert_emb,-,6833,0,0.004280600
pgvector,1,generar_emb,-,6834,0,0.013991400
pgvector,1,insert_emb,-,6834,0,0.004460800
pgvector,1,generar_emb,-,6835,0,0.018194000
pgvector,1,insert_emb,-,6835,0,0.004337800
pgvector,1,generar_emb,-,6836,0,0.011330300
pgvector,1,insert_emb,-,6836,0,0.004371700
pgvector,1,generar_emb,-,6837,0,0.012777700
pgvector,1,insert_emb,-,6837,0,0.004631400
pgvector,1,generar_emb,-,6838,0,0.019219500
pgvector,1,insert_emb,-,6838,0,0.005220600
pgvector,1,generar_emb,-,6839,0,0.017472500
pgvector,1,insert_emb,-,6839,0,0.005025100
pgvector,1,generar_emb,-,6840,0,0.014289000
pgvector,1,insert_emb,-,6840,0,0.004915800
pgvector,1,generar_emb,-,6841,0,0.015364300
pgvector,1,insert_emb,-,6841,0,0.004991700
pgvector,1,generar_emb,-,6842,0,0.015379200
pgvector,1,insert_emb,-,6842,0,0.004734800
pgvector,1,generar_emb,-,6843,0,0.016050700
pgvector,1,insert_emb,-,6843,0,0.004841400
pgvector,1,generar_emb,-,6844,0,0.016536400
pgvector,1,insert_emb,-,6844,0,0.004671200
pgvector,1,generar_emb,-,6845,0,0.014810300
pgvector,1,insert_emb,-,6845,0,0.004499100
pgvector,1,generar_emb,-,6846,0,0.013781000
pgvector,1,insert_emb,-,6846,0,0.004328400
pgvector,1,generar_emb,-,6847,0,0.018946400
pgvector,1,insert_emb,-,6847,0,0.004617900
pgvector,1,generar_emb,-,6848,0,0.015887300
pgvector,1,insert_emb,-,6848,0,0.004558000
pgvector,1,generar_emb,-,6849,0,0.015294400
pgvector,1,insert_emb,-,6849,0,0.004390000
pgvector,1,generar_emb,-,6850,0,0.010813700
pgvector,1,insert_emb,-,6850,0,0.004478300
pgvector,1,generar_emb,-,6851,0,0.013251800
pgvector,1,insert_emb,-,6851,0,0.004304300
pgvector,1,generar_emb,-,6852,0,0.010826300
pgvector,1,insert_emb,-,6852,0,0.004147100
pgvector,1,generar_emb,-,6853,0,0.011806400
pgvector,1,insert_emb,-,6853,0,0.004161600
pgvector,1,generar_emb,-,6854,0,0.012297900
pgvector,1,insert_emb,-,6854,0,0.004178200
pgvector,1,generar_emb,-,6855,0,0.011193400
pgvector,1,insert_emb,-,6855,0,0.004414900
pgvector,1,generar_emb,-,6856,0,0.010874500
pgvector,1,insert_emb,-,6856,0,0.004340900
pgvector,1,generar_emb,-,6857,0,0.012760900
pgvector,1,insert_emb,-,6857,0,0.004270400
pgvector,1,generar_emb,-,6858,0,0.012049100
pgvector,1,insert_emb,-,6858,0,0.004425300
pgvector,1,generar_emb,-,6859,0,0.011573400
pgvector,1,insert_emb,-,6859,0,0.004312200
pgvector,1,generar_emb,-,6860,0,0.011643100
pgvector,1,insert_emb,-,6860,0,0.004625500
pgvector,1,generar_emb,-,6861,0,0.011621900
pgvector,1,insert_emb,-,6861,0,0.004597900
pgvector,1,generar_emb,-,6862,0,0.012148800
pgvector,1,insert_emb,-,6862,0,0.004485400
pgvector,1,generar_emb,-,6863,0,0.011927200
pgvector,1,insert_emb,-,6863,0,0.004214400
pgvector,1,generar_emb,-,6864,0,0.012375600
pgvector,1,insert_emb,-,6864,0,0.004215900
pgvector,1,generar_emb,-,6865,0,0.011252000
pgvector,1,insert_emb,-,6865,0,0.004284800
pgvector,1,generar_emb,-,6866,0,0.012124100
pgvector,1,insert_emb,-,6866,0,0.004111200
pgvector,1,generar_emb,-,6867,0,0.012561800
pgvector,1,insert_emb,-,6867,0,0.004022200
pgvector,1,generar_emb,-,6868,0,0.012876800
pgvector,1,insert_emb,-,6868,0,0.004227600
pgvector,1,generar_emb,-,6869,0,0.013206400
pgvector,1,insert_emb,-,6869,0,0.004268100
pgvector,1,generar_emb,-,6870,0,0.011133600
pgvector,1,insert_emb,-,6870,0,0.004316500
pgvector,1,generar_emb,-,6871,0,0.012700100
pgvector,1,insert_emb,-,6871,0,0.004576100
pgvector,1,generar_emb,-,6872,0,0.012581000
pgvector,1,insert_emb,-,6872,0,0.004682200
pgvector,1,generar_emb,-,6873,0,0.012347000
pgvector,1,insert_emb,-,6873,0,0.004534100
pgvector,1,generar_emb,-,6874,0,0.011811800
pgvector,1,insert_emb,-,6874,0,0.004544400
pgvector,1,generar_emb,-,6875,0,0.012498800
pgvector,1,insert_emb,-,6875,0,0.005207800
pgvector,1,generar_emb,-,6876,0,0.012628000
pgvector,1,insert_emb,-,6876,0,0.004487400
pgvector,1,generar_emb,-,6877,0,0.012217400
pgvector,1,insert_emb,-,6877,0,0.004421400
pgvector,1,generar_emb,-,6878,0,0.011659400
pgvector,1,insert_emb,-,6878,0,0.004495300
pgvector,1,generar_emb,-,6879,0,0.013100600
pgvector,1,insert_emb,-,6879,0,0.004344800
pgvector,1,generar_emb,-,6880,0,0.013851300
pgvector,1,insert_emb,-,6880,0,0.004350500
pgvector,1,generar_emb,-,6881,0,0.010626600
pgvector,1,insert_emb,-,6881,0,0.004039700
pgvector,1,generar_emb,-,6882,0,0.012262600
pgvector,1,insert_emb,-,6882,0,0.004094000
pgvector,1,generar_emb,-,6883,0,0.010425900
pgvector,1,insert_emb,-,6883,0,0.004312900
pgvector,1,generar_emb,-,6884,0,0.011735300
pgvector,1,insert_emb,-,6884,0,0.004479400
pgvector,1,generar_emb,-,6885,0,0.011954800
pgvector,1,insert_emb,-,6885,0,0.004324100
pgvector,1,generar_emb,-,6886,0,0.012232200
pgvector,1,insert_emb,-,6886,0,0.004555900
pgvector,1,generar_emb,-,6887,0,0.011273500
pgvector,1,insert_emb,-,6887,0,0.004287200
pgvector,1,generar_emb,-,6888,0,0.012197100
pgvector,1,insert_emb,-,6888,0,0.004427200
pgvector,1,generar_emb,-,6889,0,0.011810600
pgvector,1,insert_emb,-,6889,0,0.004370200
pgvector,1,generar_emb,-,6890,0,0.012058600
pgvector,1,insert_emb,-,6890,0,0.004245600
pgvector,1,generar_emb,-,6891,0,0.011934200
pgvector,1,insert_emb,-,6891,0,0.004347200
pgvector,1,generar_emb,-,6892,0,0.012622900
pgvector,1,insert_emb,-,6892,0,0.004585800
pgvector,1,generar_emb,-,6893,0,0.012024400
pgvector,1,insert_emb,-,6893,0,0.004398500
pgvector,1,generar_emb,-,6894,0,0.013898600
pgvector,1,insert_emb,-,6894,0,0.004391000
pgvector,1,generar_emb,-,6895,0,0.010331200
pgvector,1,insert_emb,-,6895,0,0.004419500
pgvector,1,generar_emb,-,6896,0,0.011471900
pgvector,1,insert_emb,-,6896,0,0.004183400
pgvector,1,generar_emb,-,6897,0,0.013488900
pgvector,1,insert_emb,-,6897,0,0.004163600
pgvector,1,generar_emb,-,6898,0,0.012745500
pgvector,1,insert_emb,-,6898,0,0.004485000
pgvector,1,generar_emb,-,6899,0,0.012529300
pgvector,1,insert_emb,-,6899,0,0.004246500
pgvector,1,generar_emb,-,6900,0,0.015188900
pgvector,1,insert_emb,-,6900,0,0.004163900
pgvector,1,generar_emb,-,6901,0,0.012859900
pgvector,1,insert_emb,-,6901,0,0.004154400
pgvector,1,generar_emb,-,6902,0,0.011205500
pgvector,1,insert_emb,-,6902,0,0.004318900
pgvector,1,generar_emb,-,6903,0,0.012390500
pgvector,1,insert_emb,-,6903,0,0.004195600
pgvector,1,generar_emb,-,6904,0,0.011639500
pgvector,1,insert_emb,-,6904,0,0.004187400
pgvector,1,generar_emb,-,6905,0,0.010832200
pgvector,1,insert_emb,-,6905,0,0.004452400
pgvector,1,generar_emb,-,6906,0,0.012220900
pgvector,1,insert_emb,-,6906,0,0.004427100
pgvector,1,generar_emb,-,6907,0,0.010849800
pgvector,1,insert_emb,-,6907,0,0.004584400
pgvector,1,generar_emb,-,6908,0,0.010500100
pgvector,1,insert_emb,-,6908,0,0.004202900
pgvector,1,generar_emb,-,6909,0,0.013609500
pgvector,1,insert_emb,-,6909,0,0.004285000
pgvector,1,generar_emb,-,6910,0,0.012337100
pgvector,1,insert_emb,-,6910,0,0.004330300
pgvector,1,generar_emb,-,6911,0,0.012744200
pgvector,1,insert_emb,-,6911,0,0.004275800
pgvector,1,generar_emb,-,6912,0,0.015410100
pgvector,1,insert_emb,-,6912,0,0.004526200
pgvector,1,generar_emb,-,6913,0,0.011682000
pgvector,1,insert_emb,-,6913,0,0.004307800
pgvector,1,generar_emb,-,6914,0,0.012512300
pgvector,1,insert_emb,-,6914,0,0.004302200
pgvector,1,generar_emb,-,6915,0,0.012337300
pgvector,1,insert_emb,-,6915,0,0.004538000
pgvector,1,generar_emb,-,6916,0,0.010979300
pgvector,1,insert_emb,-,6916,0,0.004077800
pgvector,1,generar_emb,-,6917,0,0.010527700
pgvector,1,insert_emb,-,6917,0,0.004068200
pgvector,1,generar_emb,-,6918,0,0.011442900
pgvector,1,insert_emb,-,6918,0,0.004122000
pgvector,1,generar_emb,-,6919,0,0.010954500
pgvector,1,insert_emb,-,6919,0,0.004096300
pgvector,1,generar_emb,-,6920,0,0.013013400
pgvector,1,insert_emb,-,6920,0,0.004382300
pgvector,1,generar_emb,-,6921,0,0.012305000
pgvector,1,insert_emb,-,6921,0,0.004115600
pgvector,1,generar_emb,-,6922,0,0.012523500
pgvector,1,insert_emb,-,6922,0,0.004454500
pgvector,1,generar_emb,-,6923,0,0.011896900
pgvector,1,insert_emb,-,6923,0,0.004204800
pgvector,1,generar_emb,-,6924,0,0.013529800
pgvector,1,insert_emb,-,6924,0,0.004313700
pgvector,1,generar_emb,-,6925,0,0.013042700
pgvector,1,insert_emb,-,6925,0,0.004427000
pgvector,1,generar_emb,-,6926,0,0.013680700
pgvector,1,insert_emb,-,6926,0,0.004227500
pgvector,1,generar_emb,-,6927,0,0.013741900
pgvector,1,insert_emb,-,6927,0,0.004275400
pgvector,1,generar_emb,-,6928,0,0.013610200
pgvector,1,insert_emb,-,6928,0,0.004441900
pgvector,1,generar_emb,-,6929,0,0.013172000
pgvector,1,insert_emb,-,6929,0,0.004639100
pgvector,1,generar_emb,-,6930,0,0.011322900
pgvector,1,insert_emb,-,6930,0,0.004526400
pgvector,1,generar_emb,-,6931,0,0.011294700
pgvector,1,insert_emb,-,6931,0,0.004249900
pgvector,1,generar_emb,-,6932,0,0.010815700
pgvector,1,insert_emb,-,6932,0,0.004253300
pgvector,1,generar_emb,-,6933,0,0.011772000
pgvector,1,insert_emb,-,6933,0,0.004299600
pgvector,1,generar_emb,-,6934,0,0.011707400
pgvector,1,insert_emb,-,6934,0,0.004274100
pgvector,1,generar_emb,-,6935,0,0.011477400
pgvector,1,insert_emb,-,6935,0,0.004682800
pgvector,1,generar_emb,-,6936,0,0.013514800
pgvector,1,insert_emb,-,6936,0,0.004235200
pgvector,1,generar_emb,-,6937,0,0.013516300
pgvector,1,insert_emb,-,6937,0,0.004151300
pgvector,1,generar_emb,-,6938,0,0.013073100
pgvector,1,insert_emb,-,6938,0,0.004272700
pgvector,1,generar_emb,-,6939,0,0.012324500
pgvector,1,insert_emb,-,6939,0,0.004465200
pgvector,1,generar_emb,-,6940,0,0.014365300
pgvector,1,insert_emb,-,6940,0,0.004626500
pgvector,1,generar_emb,-,6941,0,0.013503300
pgvector,1,insert_emb,-,6941,0,0.004633300
pgvector,1,generar_emb,-,6942,0,0.012133900
pgvector,1,insert_emb,-,6942,0,0.004590400
pgvector,1,generar_emb,-,6943,0,0.015738600
pgvector,1,insert_emb,-,6943,0,0.004553900
pgvector,1,generar_emb,-,6944,0,0.012463700
pgvector,1,insert_emb,-,6944,0,0.004228000
pgvector,1,generar_emb,-,6945,0,0.012650500
pgvector,1,insert_emb,-,6945,0,0.004786900
pgvector,1,generar_emb,-,6946,0,0.011653300
pgvector,1,insert_emb,-,6946,0,0.004525800
pgvector,1,generar_emb,-,6947,0,0.012977700
pgvector,1,insert_emb,-,6947,0,0.004594400
pgvector,1,generar_emb,-,6948,0,0.011615800
pgvector,1,insert_emb,-,6948,0,0.004160600
pgvector,1,generar_emb,-,6949,0,0.010905700
pgvector,1,insert_emb,-,6949,0,0.004253600
pgvector,1,generar_emb,-,6950,0,0.011360800
pgvector,1,insert_emb,-,6950,0,0.004028300
pgvector,1,generar_emb,-,6951,0,0.010841500
pgvector,1,insert_emb,-,6951,0,0.004568100
pgvector,1,generar_emb,-,6952,0,0.011151200
pgvector,1,insert_emb,-,6952,0,0.004221100
pgvector,1,generar_emb,-,6953,0,0.011403500
pgvector,1,insert_emb,-,6953,0,0.004110200
pgvector,1,generar_emb,-,6954,0,0.010523200
pgvector,1,insert_emb,-,6954,0,0.003967000
pgvector,1,generar_emb,-,6955,0,0.012064700
pgvector,1,insert_emb,-,6955,0,0.004182400
pgvector,1,generar_emb,-,6956,0,0.011411900
pgvector,1,insert_emb,-,6956,0,0.004233400
pgvector,1,generar_emb,-,6957,0,0.011412900
pgvector,1,insert_emb,-,6957,0,0.004389800
pgvector,1,generar_emb,-,6958,0,0.010654000
pgvector,1,insert_emb,-,6958,0,0.004277500
pgvector,1,generar_emb,-,6959,0,0.011416700
pgvector,1,insert_emb,-,6959,0,0.004353600
pgvector,1,generar_emb,-,6960,0,0.010634100
pgvector,1,insert_emb,-,6960,0,0.004383400
pgvector,1,generar_emb,-,6961,0,0.011188000
pgvector,1,insert_emb,-,6961,0,0.004322700
pgvector,1,generar_emb,-,6962,0,0.011762200
pgvector,1,insert_emb,-,6962,0,0.004421700
pgvector,1,generar_emb,-,6963,0,0.012782200
pgvector,1,insert_emb,-,6963,0,0.004200900
pgvector,1,generar_emb,-,6964,0,0.012277000
pgvector,1,insert_emb,-,6964,0,0.004356400
pgvector,1,generar_emb,-,6965,0,0.012195500
pgvector,1,insert_emb,-,6965,0,0.004514900
pgvector,1,generar_emb,-,6966,0,0.011428200
pgvector,1,insert_emb,-,6966,0,0.004551600
pgvector,1,generar_emb,-,6967,0,0.012800100
pgvector,1,insert_emb,-,6967,0,0.004498300
pgvector,1,generar_emb,-,6968,0,0.012930100
pgvector,1,insert_emb,-,6968,0,0.004565300
pgvector,1,generar_emb,-,6969,0,0.011508000
pgvector,1,insert_emb,-,6969,0,0.004570400
pgvector,1,generar_emb,-,6970,0,0.015105000
pgvector,1,insert_emb,-,6970,0,0.004645100
pgvector,1,generar_emb,-,6971,0,0.011021200
pgvector,1,insert_emb,-,6971,0,0.004580900
pgvector,1,generar_emb,-,6972,0,0.010096200
pgvector,1,insert_emb,-,6972,0,0.004771000
pgvector,1,generar_emb,-,6973,0,0.011831600
pgvector,1,insert_emb,-,6973,0,0.004256200
pgvector,1,generar_emb,-,6974,0,0.013740100
pgvector,1,insert_emb,-,6974,0,0.004643000
pgvector,1,generar_emb,-,6975,0,0.011688800
pgvector,1,insert_emb,-,6975,0,0.004336700
pgvector,1,generar_emb,-,6976,0,0.011734100
pgvector,1,insert_emb,-,6976,0,0.004253700
pgvector,1,generar_emb,-,6977,0,0.011706300
pgvector,1,insert_emb,-,6977,0,0.004128900
pgvector,1,generar_emb,-,6978,0,0.014906500
pgvector,1,insert_emb,-,6978,0,0.004366300
pgvector,1,generar_emb,-,6979,0,0.011474700
pgvector,1,insert_emb,-,6979,0,0.004386500
pgvector,1,generar_emb,-,6980,0,0.012133700
pgvector,1,insert_emb,-,6980,0,0.004358500
pgvector,1,generar_emb,-,6981,0,0.014548700
pgvector,1,insert_emb,-,6981,0,0.004505900
pgvector,1,generar_emb,-,6982,0,0.011975300
pgvector,1,insert_emb,-,6982,0,0.004231300
pgvector,1,generar_emb,-,6983,0,0.017198500
pgvector,1,insert_emb,-,6983,0,0.004557900
pgvector,1,generar_emb,-,6984,0,0.011582000
pgvector,1,insert_emb,-,6984,0,0.004508700
pgvector,1,generar_emb,-,6985,0,0.010690700
pgvector,1,insert_emb,-,6985,0,0.004449600
pgvector,1,generar_emb,-,6986,0,0.013293300
pgvector,1,insert_emb,-,6986,0,0.004401400
pgvector,1,generar_emb,-,6987,0,0.015659900
pgvector,1,insert_emb,-,6987,0,0.004856000
pgvector,1,generar_emb,-,6988,0,0.013925600
pgvector,1,insert_emb,-,6988,0,0.004680400
pgvector,1,generar_emb,-,6989,0,0.011695600
pgvector,1,insert_emb,-,6989,0,0.004401700
pgvector,1,generar_emb,-,6990,0,0.011584000
pgvector,1,insert_emb,-,6990,0,0.004718300
pgvector,1,generar_emb,-,6991,0,0.012573100
pgvector,1,insert_emb,-,6991,0,0.004174300
pgvector,1,generar_emb,-,6992,0,0.013400900
pgvector,1,insert_emb,-,6992,0,0.004136200
pgvector,1,generar_emb,-,6993,0,0.010717800
pgvector,1,insert_emb,-,6993,0,0.004260800
pgvector,1,generar_emb,-,6994,0,0.012436600
pgvector,1,insert_emb,-,6994,0,0.004306300
pgvector,1,generar_emb,-,6995,0,0.013774200
pgvector,1,insert_emb,-,6995,0,0.004587200
pgvector,1,generar_emb,-,6996,0,0.012311700
pgvector,1,insert_emb,-,6996,0,0.004259600
pgvector,1,generar_emb,-,6997,0,0.011074900
pgvector,1,insert_emb,-,6997,0,0.004287600
pgvector,1,generar_emb,-,6998,0,0.011659600
pgvector,1,insert_emb,-,6998,0,0.004259600
pgvector,1,generar_emb,-,6999,0,0.014066900
pgvector,1,insert_emb,-,6999,0,0.004359600
pgvector,1,generar_emb,-,7000,0,0.014431000
pgvector,1,insert_emb,-,7000,0,0.004584000
pgvector,1,generar_emb,-,7001,0,0.011996400
pgvector,1,insert_emb,-,7001,0,0.004597200
pgvector,1,generar_emb,-,7002,0,0.010313600
pgvector,1,insert_emb,-,7002,0,0.004241800
pgvector,1,generar_emb,-,7003,0,0.010592000
pgvector,1,insert_emb,-,7003,0,0.004187300
pgvector,1,generar_emb,-,7004,0,0.011566200
pgvector,1,insert_emb,-,7004,0,0.004207200
pgvector,1,generar_emb,-,7005,0,0.011780500
pgvector,1,insert_emb,-,7005,0,0.004262200
pgvector,1,generar_emb,-,7006,0,0.013789600
pgvector,1,insert_emb,-,7006,0,0.004341100
pgvector,1,generar_emb,-,7007,0,0.013137200
pgvector,1,insert_emb,-,7007,0,0.004309600
pgvector,1,generar_emb,-,7008,0,0.013423000
pgvector,1,insert_emb,-,7008,0,0.004096400
pgvector,1,generar_emb,-,7009,0,0.014443500
pgvector,1,insert_emb,-,7009,0,0.004047900
pgvector,1,generar_emb,-,7010,0,0.013610300
pgvector,1,insert_emb,-,7010,0,0.004261600
pgvector,1,generar_emb,-,7011,0,0.012123000
pgvector,1,insert_emb,-,7011,0,0.004412300
pgvector,1,generar_emb,-,7012,0,0.011776800
pgvector,1,insert_emb,-,7012,0,0.004077200
pgvector,1,generar_emb,-,7013,0,0.017586000
pgvector,1,insert_emb,-,7013,0,0.004044600
pgvector,1,generar_emb,-,7014,0,0.014265900
pgvector,1,insert_emb,-,7014,0,0.004464900
pgvector,1,generar_emb,-,7015,0,0.010794400
pgvector,1,insert_emb,-,7015,0,0.004354200
pgvector,1,generar_emb,-,7016,0,0.010925400
pgvector,1,insert_emb,-,7016,0,0.004459500
pgvector,1,generar_emb,-,7017,0,0.015873400
pgvector,1,insert_emb,-,7017,0,0.004205600
pgvector,1,generar_emb,-,7018,0,0.011652100
pgvector,1,insert_emb,-,7018,0,0.004227400
pgvector,1,generar_emb,-,7019,0,0.014077800
pgvector,1,insert_emb,-,7019,0,0.004339900
pgvector,1,generar_emb,-,7020,0,0.011487900
pgvector,1,insert_emb,-,7020,0,0.005068600
pgvector,1,generar_emb,-,7021,0,0.011664700
pgvector,1,insert_emb,-,7021,0,0.004454000
pgvector,1,generar_emb,-,7022,0,0.015809000
pgvector,1,insert_emb,-,7022,0,0.004569300
pgvector,1,generar_emb,-,7023,0,0.013474200
pgvector,1,insert_emb,-,7023,0,0.004359400
pgvector,1,generar_emb,-,7024,0,0.011078700
pgvector,1,insert_emb,-,7024,0,0.004468800
pgvector,1,generar_emb,-,7025,0,0.011271300
pgvector,1,insert_emb,-,7025,0,0.004231800
pgvector,1,generar_emb,-,7026,0,0.014384400
pgvector,1,insert_emb,-,7026,0,0.004267100
pgvector,1,generar_emb,-,7027,0,0.013608000
pgvector,1,insert_emb,-,7027,0,0.004356300
pgvector,1,generar_emb,-,7028,0,0.014272400
pgvector,1,insert_emb,-,7028,0,0.004256300
pgvector,1,generar_emb,-,7029,0,0.012929000
pgvector,1,insert_emb,-,7029,0,0.004238600
pgvector,1,generar_emb,-,7030,0,0.012291900
pgvector,1,insert_emb,-,7030,0,0.004323600
pgvector,1,generar_emb,-,7031,0,0.011325200
pgvector,1,insert_emb,-,7031,0,0.004317300
pgvector,1,generar_emb,-,7032,0,0.011190700
pgvector,1,insert_emb,-,7032,0,0.004312500
pgvector,1,generar_emb,-,7033,0,0.011315500
pgvector,1,insert_emb,-,7033,0,0.004230700
pgvector,1,generar_emb,-,7034,0,0.010945300
pgvector,1,insert_emb,-,7034,0,0.004195800
pgvector,1,generar_emb,-,7035,0,0.010873100
pgvector,1,insert_emb,-,7035,0,0.004100200
pgvector,1,generar_emb,-,7036,0,0.011403100
pgvector,1,insert_emb,-,7036,0,0.004365500
pgvector,1,generar_emb,-,7037,0,0.012242200
pgvector,1,insert_emb,-,7037,0,0.004112800
pgvector,1,generar_emb,-,7038,0,0.014650100
pgvector,1,insert_emb,-,7038,0,0.004403900
pgvector,1,generar_emb,-,7039,0,0.011973700
pgvector,1,insert_emb,-,7039,0,0.004423700
pgvector,1,generar_emb,-,7040,0,0.012696400
pgvector,1,insert_emb,-,7040,0,0.004458500
pgvector,1,generar_emb,-,7041,0,0.012739900
pgvector,1,insert_emb,-,7041,0,0.004696200
pgvector,1,generar_emb,-,7042,0,0.012918400
pgvector,1,insert_emb,-,7042,0,0.004267900
pgvector,1,generar_emb,-,7043,0,0.010156100
pgvector,1,insert_emb,-,7043,0,0.004496400
pgvector,1,generar_emb,-,7044,0,0.012521200
pgvector,1,insert_emb,-,7044,0,0.004248700
pgvector,1,generar_emb,-,7045,0,0.011784600
pgvector,1,insert_emb,-,7045,0,0.004055300
pgvector,1,generar_emb,-,7046,0,0.011438200
pgvector,1,insert_emb,-,7046,0,0.004032600
pgvector,1,generar_emb,-,7047,0,0.010436100
pgvector,1,insert_emb,-,7047,0,0.004428700
pgvector,1,generar_emb,-,7048,0,0.011603000
pgvector,1,insert_emb,-,7048,0,0.004464400
pgvector,1,generar_emb,-,7049,0,0.011882400
pgvector,1,insert_emb,-,7049,0,0.004296900
pgvector,1,generar_emb,-,7050,0,0.013776600
pgvector,1,insert_emb,-,7050,0,0.004359700
pgvector,1,generar_emb,-,7051,0,0.012248300
pgvector,1,insert_emb,-,7051,0,0.004059900
pgvector,1,generar_emb,-,7052,0,0.011855700
pgvector,1,insert_emb,-,7052,0,0.004721300
pgvector,1,generar_emb,-,7053,0,0.011088500
pgvector,1,insert_emb,-,7053,0,0.004595000
pgvector,1,generar_emb,-,7054,0,0.011874900
pgvector,1,insert_emb,-,7054,0,0.004232900
pgvector,1,generar_emb,-,7055,0,0.012521400
pgvector,1,insert_emb,-,7055,0,0.004365400
pgvector,1,generar_emb,-,7056,0,0.010692700
pgvector,1,insert_emb,-,7056,0,0.004463600
pgvector,1,generar_emb,-,7057,0,0.012254600
pgvector,1,insert_emb,-,7057,0,0.004574400
pgvector,1,generar_emb,-,7058,0,0.014061200
pgvector,1,insert_emb,-,7058,0,0.004557600
pgvector,1,generar_emb,-,7059,0,0.013851600
pgvector,1,insert_emb,-,7059,0,0.004567100
pgvector,1,generar_emb,-,7060,0,0.013238900
pgvector,1,insert_emb,-,7060,0,0.004456700
pgvector,1,generar_emb,-,7061,0,0.013373100
pgvector,1,insert_emb,-,7061,0,0.004681000
pgvector,1,generar_emb,-,7062,0,0.012141300
pgvector,1,insert_emb,-,7062,0,0.004691800
pgvector,1,generar_emb,-,7063,0,0.011943800
pgvector,1,insert_emb,-,7063,0,0.004735600
pgvector,1,generar_emb,-,7064,0,0.012934600
pgvector,1,insert_emb,-,7064,0,0.004369200
pgvector,1,generar_emb,-,7065,0,0.014678900
pgvector,1,insert_emb,-,7065,0,0.004543300
pgvector,1,generar_emb,-,7066,0,0.012013900
pgvector,1,insert_emb,-,7066,0,0.004476100
pgvector,1,generar_emb,-,7067,0,0.012731800
pgvector,1,insert_emb,-,7067,0,0.004512400
pgvector,1,generar_emb,-,7068,0,0.012286900
pgvector,1,insert_emb,-,7068,0,0.004475000
pgvector,1,generar_emb,-,7069,0,0.011773100
pgvector,1,insert_emb,-,7069,0,0.004365100
pgvector,1,generar_emb,-,7070,0,0.013040300
pgvector,1,insert_emb,-,7070,0,0.004230700
pgvector,1,generar_emb,-,7071,0,0.012256700
pgvector,1,insert_emb,-,7071,0,0.004106500
pgvector,1,generar_emb,-,7072,0,0.013235400
pgvector,1,insert_emb,-,7072,0,0.004142000
pgvector,1,generar_emb,-,7073,0,0.013206500
pgvector,1,insert_emb,-,7073,0,0.004139100
pgvector,1,generar_emb,-,7074,0,0.012130000
pgvector,1,insert_emb,-,7074,0,0.004223100
pgvector,1,generar_emb,-,7075,0,0.014337800
pgvector,1,insert_emb,-,7075,0,0.004180200
pgvector,1,generar_emb,-,7076,0,0.012551300
pgvector,1,insert_emb,-,7076,0,0.004363600
pgvector,1,generar_emb,-,7077,0,0.013931200
pgvector,1,insert_emb,-,7077,0,0.004265000
pgvector,1,generar_emb,-,7078,0,0.017040100
pgvector,1,insert_emb,-,7078,0,0.004117700
pgvector,1,generar_emb,-,7079,0,0.012703000
pgvector,1,insert_emb,-,7079,0,0.004085800
pgvector,1,generar_emb,-,7080,0,0.012254800
pgvector,1,insert_emb,-,7080,0,0.004540900
pgvector,1,generar_emb,-,7081,0,0.014806400
pgvector,1,insert_emb,-,7081,0,0.004969800
pgvector,1,generar_emb,-,7082,0,0.016072600
pgvector,1,insert_emb,-,7082,0,0.004426300
pgvector,1,generar_emb,-,7083,0,0.011962600
pgvector,1,insert_emb,-,7083,0,0.004431500
pgvector,1,generar_emb,-,7084,0,0.012264500
pgvector,1,insert_emb,-,7084,0,0.004499100
pgvector,1,generar_emb,-,7085,0,0.014281700
pgvector,1,insert_emb,-,7085,0,0.004895100
pgvector,1,generar_emb,-,7086,0,0.011154100
pgvector,1,insert_emb,-,7086,0,0.004302800
pgvector,1,generar_emb,-,7087,0,0.011805500
pgvector,1,insert_emb,-,7087,0,0.003987100
pgvector,1,generar_emb,-,7088,0,0.011864100
pgvector,1,insert_emb,-,7088,0,0.004104800
pgvector,1,generar_emb,-,7089,0,0.013148000
pgvector,1,insert_emb,-,7089,0,0.004229300
pgvector,1,generar_emb,-,7090,0,0.014920300
pgvector,1,insert_emb,-,7090,0,0.004313100
pgvector,1,generar_emb,-,7091,0,0.013752300
pgvector,1,insert_emb,-,7091,0,0.004106500
pgvector,1,generar_emb,-,7092,0,0.011323100
pgvector,1,insert_emb,-,7092,0,0.003997700
pgvector,1,generar_emb,-,7093,0,0.011987400
pgvector,1,insert_emb,-,7093,0,0.004178400
pgvector,1,generar_emb,-,7094,0,0.012126700
pgvector,1,insert_emb,-,7094,0,0.004594300
pgvector,1,generar_emb,-,7095,0,0.011890200
pgvector,1,insert_emb,-,7095,0,0.004447400
pgvector,1,generar_emb,-,7096,0,0.013921600
pgvector,1,insert_emb,-,7096,0,0.004500200
pgvector,1,generar_emb,-,7097,0,0.013462000
pgvector,1,insert_emb,-,7097,0,0.004324100
pgvector,1,generar_emb,-,7098,0,0.012467900
pgvector,1,insert_emb,-,7098,0,0.004493500
pgvector,1,generar_emb,-,7099,0,0.011977200
pgvector,1,insert_emb,-,7099,0,0.004374300
pgvector,1,generar_emb,-,7100,0,0.012397100
pgvector,1,insert_emb,-,7100,0,0.004798100
pgvector,1,generar_emb,-,7101,0,0.012501600
pgvector,1,insert_emb,-,7101,0,0.004272600
pgvector,1,generar_emb,-,7102,0,0.013811200
pgvector,1,insert_emb,-,7102,0,0.004507900
pgvector,1,generar_emb,-,7103,0,0.013191500
pgvector,1,insert_emb,-,7103,0,0.004196300
pgvector,1,generar_emb,-,7104,0,0.014104700
pgvector,1,insert_emb,-,7104,0,0.004600200
pgvector,1,generar_emb,-,7105,0,0.011854700
pgvector,1,insert_emb,-,7105,0,0.005170200
pgvector,1,generar_emb,-,7106,0,0.013097600
pgvector,1,insert_emb,-,7106,0,0.004334600
pgvector,1,generar_emb,-,7107,0,0.013414900
pgvector,1,insert_emb,-,7107,0,0.004344200
pgvector,1,generar_emb,-,7108,0,0.014297600
pgvector,1,insert_emb,-,7108,0,0.004633500
pgvector,1,generar_emb,-,7109,0,0.012690700
pgvector,1,insert_emb,-,7109,0,0.004516500
pgvector,1,generar_emb,-,7110,0,0.011945900
pgvector,1,insert_emb,-,7110,0,0.004624700
pgvector,1,generar_emb,-,7111,0,0.013449900
pgvector,1,insert_emb,-,7111,0,0.004657800
pgvector,1,generar_emb,-,7112,0,0.010694300
pgvector,1,insert_emb,-,7112,0,0.004870500
pgvector,1,generar_emb,-,7113,0,0.010489100
pgvector,1,insert_emb,-,7113,0,0.004336500
pgvector,1,generar_emb,-,7114,0,0.011666500
pgvector,1,insert_emb,-,7114,0,0.004286800
pgvector,1,generar_emb,-,7115,0,0.010038600
pgvector,1,insert_emb,-,7115,0,0.004292600
pgvector,1,generar_emb,-,7116,0,0.011960500
pgvector,1,insert_emb,-,7116,0,0.004264400
pgvector,1,generar_emb,-,7117,0,0.013033500
pgvector,1,insert_emb,-,7117,0,0.004488900
pgvector,1,generar_emb,-,7118,0,0.011324600
pgvector,1,insert_emb,-,7118,0,0.004366600
pgvector,1,generar_emb,-,7119,0,0.012452100
pgvector,1,insert_emb,-,7119,0,0.004320900
pgvector,1,generar_emb,-,7120,0,0.011508300
pgvector,1,insert_emb,-,7120,0,0.004313600
pgvector,1,generar_emb,-,7121,0,0.010861100
pgvector,1,insert_emb,-,7121,0,0.004317300
pgvector,1,generar_emb,-,7122,0,0.010581700
pgvector,1,insert_emb,-,7122,0,0.004470300
pgvector,1,generar_emb,-,7123,0,0.012896700
pgvector,1,insert_emb,-,7123,0,0.004114500
pgvector,1,generar_emb,-,7124,0,0.011955700
pgvector,1,insert_emb,-,7124,0,0.004323900
pgvector,1,generar_emb,-,7125,0,0.011139800
pgvector,1,insert_emb,-,7125,0,0.004344800
pgvector,1,generar_emb,-,7126,0,0.014003700
pgvector,1,insert_emb,-,7126,0,0.004630500
pgvector,1,generar_emb,-,7127,0,0.013195300
pgvector,1,insert_emb,-,7127,0,0.004196900
pgvector,1,generar_emb,-,7128,0,0.012147100
pgvector,1,insert_emb,-,7128,0,0.004055400
pgvector,1,generar_emb,-,7129,0,0.012966800
pgvector,1,insert_emb,-,7129,0,0.004329900
pgvector,1,generar_emb,-,7130,0,0.011960600
pgvector,1,insert_emb,-,7130,0,0.004162300
pgvector,1,generar_emb,-,7131,0,0.011759000
pgvector,1,insert_emb,-,7131,0,0.003905600
pgvector,1,generar_emb,-,7132,0,0.011915100
pgvector,1,insert_emb,-,7132,0,0.004374200
pgvector,1,generar_emb,-,7133,0,0.011661300
pgvector,1,insert_emb,-,7133,0,0.004246400
pgvector,1,generar_emb,-,7134,0,0.012301400
pgvector,1,insert_emb,-,7134,0,0.004153800
pgvector,1,generar_emb,-,7135,0,0.011786900
pgvector,1,insert_emb,-,7135,0,0.004198800
pgvector,1,generar_emb,-,7136,0,0.012204700
pgvector,1,insert_emb,-,7136,0,0.004172400
pgvector,1,generar_emb,-,7137,0,0.011487400
pgvector,1,insert_emb,-,7137,0,0.004295400
pgvector,1,generar_emb,-,7138,0,0.011177200
pgvector,1,insert_emb,-,7138,0,0.004023800
pgvector,1,generar_emb,-,7139,0,0.011658000
pgvector,1,insert_emb,-,7139,0,0.004073300
pgvector,1,generar_emb,-,7140,0,0.012086200
pgvector,1,insert_emb,-,7140,0,0.004506700
pgvector,1,generar_emb,-,7141,0,0.010973200
pgvector,1,insert_emb,-,7141,0,0.004905400
pgvector,1,generar_emb,-,7142,0,0.011959800
pgvector,1,insert_emb,-,7142,0,0.003915500
pgvector,1,generar_emb,-,7143,0,0.011053400
pgvector,1,insert_emb,-,7143,0,0.004528000
pgvector,1,generar_emb,-,7144,0,0.012679300
pgvector,1,insert_emb,-,7144,0,0.004263400
pgvector,1,generar_emb,-,7145,0,0.011431700
pgvector,1,insert_emb,-,7145,0,0.004488700
pgvector,1,generar_emb,-,7146,0,0.011885700
pgvector,1,insert_emb,-,7146,0,0.004478400
pgvector,1,generar_emb,-,7147,0,0.010611800
pgvector,1,insert_emb,-,7147,0,0.004333200
pgvector,1,generar_emb,-,7148,0,0.011426300
pgvector,1,insert_emb,-,7148,0,0.004318200
pgvector,1,generar_emb,-,7149,0,0.010866200
pgvector,1,insert_emb,-,7149,0,0.004668300
pgvector,1,generar_emb,-,7150,0,0.013003500
pgvector,1,insert_emb,-,7150,0,0.004232200
pgvector,1,generar_emb,-,7151,0,0.011435300
pgvector,1,insert_emb,-,7151,0,0.003846700
pgvector,1,generar_emb,-,7152,0,0.013412800
pgvector,1,insert_emb,-,7152,0,0.003711200
pgvector,1,generar_emb,-,7153,0,0.013243000
pgvector,1,insert_emb,-,7153,0,0.004102400
pgvector,1,generar_emb,-,7154,0,0.011998200
pgvector,1,insert_emb,-,7154,0,0.004193700
pgvector,1,generar_emb,-,7155,0,0.013258000
pgvector,1,insert_emb,-,7155,0,0.004612700
pgvector,1,generar_emb,-,7156,0,0.011526400
pgvector,1,insert_emb,-,7156,0,0.004663300
pgvector,1,generar_emb,-,7157,0,0.011987900
pgvector,1,insert_emb,-,7157,0,0.003984800
pgvector,1,generar_emb,-,7158,0,0.013018300
pgvector,1,insert_emb,-,7158,0,0.003956600
pgvector,1,generar_emb,-,7159,0,0.012776300
pgvector,1,insert_emb,-,7159,0,0.003937300
pgvector,1,generar_emb,-,7160,0,0.012072400
pgvector,1,insert_emb,-,7160,0,0.004093600
pgvector,1,generar_emb,-,7161,0,0.012014300
pgvector,1,insert_emb,-,7161,0,0.003916600
pgvector,1,generar_emb,-,7162,0,0.012397400
pgvector,1,insert_emb,-,7162,0,0.003994800
pgvector,1,generar_emb,-,7163,0,0.016887200
pgvector,1,insert_emb,-,7163,0,0.004196100
pgvector,1,generar_emb,-,7164,0,0.013385900
pgvector,1,insert_emb,-,7164,0,0.004150700
pgvector,1,generar_emb,-,7165,0,0.012346300
pgvector,1,insert_emb,-,7165,0,0.004237800
pgvector,1,generar_emb,-,7166,0,0.013653400
pgvector,1,insert_emb,-,7166,0,0.003979000
pgvector,1,generar_emb,-,7167,0,0.010753900
pgvector,1,insert_emb,-,7167,0,0.003924700
pgvector,1,generar_emb,-,7168,0,0.011859200
pgvector,1,insert_emb,-,7168,0,0.004033200
pgvector,1,generar_emb,-,7169,0,0.010606300
pgvector,1,insert_emb,-,7169,0,0.004105000
pgvector,1,generar_emb,-,7170,0,0.012543000
pgvector,1,insert_emb,-,7170,0,0.004511300
pgvector,1,generar_emb,-,7171,0,0.011497600
pgvector,1,insert_emb,-,7171,0,0.003865600
pgvector,1,generar_emb,-,7172,0,0.012321400
pgvector,1,insert_emb,-,7172,0,0.003881100
pgvector,1,generar_emb,-,7173,0,0.010478400
pgvector,1,insert_emb,-,7173,0,0.004138700
pgvector,1,generar_emb,-,7174,0,0.012307300
pgvector,1,insert_emb,-,7174,0,0.004348400
pgvector,1,generar_emb,-,7175,0,0.011830700
pgvector,1,insert_emb,-,7175,0,0.004218700
pgvector,1,generar_emb,-,7176,0,0.011328800
pgvector,1,insert_emb,-,7176,0,0.004041200
pgvector,1,generar_emb,-,7177,0,0.011433900
pgvector,1,insert_emb,-,7177,0,0.004110300
pgvector,1,generar_emb,-,7178,0,0.014617400
pgvector,1,insert_emb,-,7178,0,0.004622600
pgvector,1,generar_emb,-,7179,0,0.011670500
pgvector,1,insert_emb,-,7179,0,0.004087700
pgvector,1,generar_emb,-,7180,0,0.011774000
pgvector,1,insert_emb,-,7180,0,0.004356800
pgvector,1,generar_emb,-,7181,0,0.010314200
pgvector,1,insert_emb,-,7181,0,0.004172800
pgvector,1,generar_emb,-,7182,0,0.010683600
pgvector,1,insert_emb,-,7182,0,0.004131400
pgvector,1,generar_emb,-,7183,0,0.011299600
pgvector,1,insert_emb,-,7183,0,0.004256400
pgvector,1,generar_emb,-,7184,0,0.010852400
pgvector,1,insert_emb,-,7184,0,0.004145500
pgvector,1,generar_emb,-,7185,0,0.011924300
pgvector,1,insert_emb,-,7185,0,0.004339600
pgvector,1,generar_emb,-,7186,0,0.011260700
pgvector,1,insert_emb,-,7186,0,0.004331400
pgvector,1,generar_emb,-,7187,0,0.011980300
pgvector,1,insert_emb,-,7187,0,0.004217200
pgvector,1,generar_emb,-,7188,0,0.012371100
pgvector,1,insert_emb,-,7188,0,0.004084300
pgvector,1,generar_emb,-,7189,0,0.014099100
pgvector,1,insert_emb,-,7189,0,0.004269600
pgvector,1,generar_emb,-,7190,0,0.013537000
pgvector,1,insert_emb,-,7190,0,0.004453100
pgvector,1,generar_emb,-,7191,0,0.013749400
pgvector,1,insert_emb,-,7191,0,0.004196100
pgvector,1,generar_emb,-,7192,0,0.015324200
pgvector,1,insert_emb,-,7192,0,0.004017400
pgvector,1,generar_emb,-,7193,0,0.013028300
pgvector,1,insert_emb,-,7193,0,0.004109200
pgvector,1,generar_emb,-,7194,0,0.011912200
pgvector,1,insert_emb,-,7194,0,0.003864400
pgvector,1,generar_emb,-,7195,0,0.013539000
pgvector,1,insert_emb,-,7195,0,0.004144000
pgvector,1,generar_emb,-,7196,0,0.013846600
pgvector,1,insert_emb,-,7196,0,0.004466700
pgvector,1,generar_emb,-,7197,0,0.014017800
pgvector,1,insert_emb,-,7197,0,0.004251500
pgvector,1,generar_emb,-,7198,0,0.013863800
pgvector,1,insert_emb,-,7198,0,0.004274900
pgvector,1,generar_emb,-,7199,0,0.011546500
pgvector,1,insert_emb,-,7199,0,0.004447200
pgvector,1,generar_emb,-,7200,0,0.012608200
pgvector,1,insert_emb,-,7200,0,0.004518800
pgvector,1,generar_emb,-,7201,0,0.012317200
pgvector,1,insert_emb,-,7201,0,0.004282700
pgvector,1,generar_emb,-,7202,0,0.011171400
pgvector,1,insert_emb,-,7202,0,0.004433200
pgvector,1,generar_emb,-,7203,0,0.010113700
pgvector,1,insert_emb,-,7203,0,0.004503800
pgvector,1,generar_emb,-,7204,0,0.013669100
pgvector,1,insert_emb,-,7204,0,0.004183100
pgvector,1,generar_emb,-,7205,0,0.011513900
pgvector,1,insert_emb,-,7205,0,0.004004700
pgvector,1,generar_emb,-,7206,0,0.011771400
pgvector,1,insert_emb,-,7206,0,0.004301400
pgvector,1,generar_emb,-,7207,0,0.011838400
pgvector,1,insert_emb,-,7207,0,0.003971600
pgvector,1,generar_emb,-,7208,0,0.012544700
pgvector,1,insert_emb,-,7208,0,0.004124700
pgvector,1,generar_emb,-,7209,0,0.012957900
pgvector,1,insert_emb,-,7209,0,0.004163600
pgvector,1,generar_emb,-,7210,0,0.011807500
pgvector,1,insert_emb,-,7210,0,0.004189400
pgvector,1,generar_emb,-,7211,0,0.012268000
pgvector,1,insert_emb,-,7211,0,0.003981800
pgvector,1,generar_emb,-,7212,0,0.012380200
pgvector,1,insert_emb,-,7212,0,0.003903200
pgvector,1,generar_emb,-,7213,0,0.013896800
pgvector,1,insert_emb,-,7213,0,0.004146900
pgvector,1,generar_emb,-,7214,0,0.012299500
pgvector,1,insert_emb,-,7214,0,0.004461000
pgvector,1,generar_emb,-,7215,0,0.012531000
pgvector,1,insert_emb,-,7215,0,0.004250600
pgvector,1,generar_emb,-,7216,0,0.011422000
pgvector,1,insert_emb,-,7216,0,0.004563600
pgvector,1,generar_emb,-,7217,0,0.012253400
pgvector,1,insert_emb,-,7217,0,0.004147900
pgvector,1,generar_emb,-,7218,0,0.011851900
pgvector,1,insert_emb,-,7218,0,0.004007600
pgvector,1,generar_emb,-,7219,0,0.011327800
pgvector,1,insert_emb,-,7219,0,0.004603700
pgvector,1,generar_emb,-,7220,0,0.013292600
pgvector,1,insert_emb,-,7220,0,0.003824900
pgvector,1,generar_emb,-,7221,0,0.012456500
pgvector,1,insert_emb,-,7221,0,0.003908000
pgvector,1,generar_emb,-,7222,0,0.011170000
pgvector,1,insert_emb,-,7222,0,0.003806200
pgvector,1,generar_emb,-,7223,0,0.011405200
pgvector,1,insert_emb,-,7223,0,0.004278600
pgvector,1,generar_emb,-,7224,0,0.011395800
pgvector,1,insert_emb,-,7224,0,0.004341100
pgvector,1,generar_emb,-,7225,0,0.010795000
pgvector,1,insert_emb,-,7225,0,0.004250200
pgvector,1,generar_emb,-,7226,0,0.011861200
pgvector,1,insert_emb,-,7226,0,0.004100600
pgvector,1,generar_emb,-,7227,0,0.011167300
pgvector,1,insert_emb,-,7227,0,0.004057000
pgvector,1,generar_emb,-,7228,0,0.011442000
pgvector,1,insert_emb,-,7228,0,0.004177400
pgvector,1,generar_emb,-,7229,0,0.011714300
pgvector,1,insert_emb,-,7229,0,0.004340900
pgvector,1,generar_emb,-,7230,0,0.010654000
pgvector,1,insert_emb,-,7230,0,0.004075100
pgvector,1,generar_emb,-,7231,0,0.014857500
pgvector,1,insert_emb,-,7231,0,0.004339000
pgvector,1,generar_emb,-,7232,0,0.011664200
pgvector,1,insert_emb,-,7232,0,0.004287900
pgvector,1,generar_emb,-,7233,0,0.010856600
pgvector,1,insert_emb,-,7233,0,0.004254600
pgvector,1,generar_emb,-,7234,0,0.010518500
pgvector,1,insert_emb,-,7234,0,0.003964600
pgvector,1,generar_emb,-,7235,0,0.012097800
pgvector,1,insert_emb,-,7235,0,0.004219300
pgvector,1,generar_emb,-,7236,0,0.011498400
pgvector,1,insert_emb,-,7236,0,0.004367400
pgvector,1,generar_emb,-,7237,0,0.010700300
pgvector,1,insert_emb,-,7237,0,0.004043700
pgvector,1,generar_emb,-,7238,0,0.010713000
pgvector,1,insert_emb,-,7238,0,0.004308100
pgvector,1,generar_emb,-,7239,0,0.010555000
pgvector,1,insert_emb,-,7239,0,0.004026900
pgvector,1,generar_emb,-,7240,0,0.012081300
pgvector,1,insert_emb,-,7240,0,0.004169200
pgvector,1,generar_emb,-,7241,0,0.012728400
pgvector,1,insert_emb,-,7241,0,0.003862100
pgvector,1,generar_emb,-,7242,0,0.010637000
pgvector,1,insert_emb,-,7242,0,0.004057400
pgvector,1,generar_emb,-,7243,0,0.010657200
pgvector,1,insert_emb,-,7243,0,0.003769100
pgvector,1,generar_emb,-,7244,0,0.012148800
pgvector,1,insert_emb,-,7244,0,0.003852300
pgvector,1,generar_emb,-,7245,0,0.011529900
pgvector,1,insert_emb,-,7245,0,0.004345300
pgvector,1,generar_emb,-,7246,0,0.013934000
pgvector,1,insert_emb,-,7246,0,0.004032600
pgvector,1,generar_emb,-,7247,0,0.012364300
pgvector,1,insert_emb,-,7247,0,0.004046400
pgvector,1,generar_emb,-,7248,0,0.013735800
pgvector,1,insert_emb,-,7248,0,0.004173000
pgvector,1,generar_emb,-,7249,0,0.013732900
pgvector,1,insert_emb,-,7249,0,0.004131400
pgvector,1,generar_emb,-,7250,0,0.015514800
pgvector,1,insert_emb,-,7250,0,0.004117500
pgvector,1,generar_emb,-,7251,0,0.012698200
pgvector,1,insert_emb,-,7251,0,0.004168700
pgvector,1,generar_emb,-,7252,0,0.012897400
pgvector,1,insert_emb,-,7252,0,0.004042100
pgvector,1,generar_emb,-,7253,0,0.012541400
pgvector,1,insert_emb,-,7253,0,0.004000900
pgvector,1,generar_emb,-,7254,0,0.013449700
pgvector,1,insert_emb,-,7254,0,0.003987700
pgvector,1,generar_emb,-,7255,0,0.013141500
pgvector,1,insert_emb,-,7255,0,0.004040300
pgvector,1,generar_emb,-,7256,0,0.012072900
pgvector,1,insert_emb,-,7256,0,0.003961300
pgvector,1,generar_emb,-,7257,0,0.012257300
pgvector,1,insert_emb,-,7257,0,0.004153800
pgvector,1,generar_emb,-,7258,0,0.011620000
pgvector,1,insert_emb,-,7258,0,0.004007100
pgvector,1,generar_emb,-,7259,0,0.012745800
pgvector,1,insert_emb,-,7259,0,0.004114900
pgvector,1,generar_emb,-,7260,0,0.012051500
pgvector,1,insert_emb,-,7260,0,0.004132100
pgvector,1,generar_emb,-,7261,0,0.012313000
pgvector,1,insert_emb,-,7261,0,0.003916100
pgvector,1,generar_emb,-,7262,0,0.011620800
pgvector,1,insert_emb,-,7262,0,0.003957900
pgvector,1,generar_emb,-,7263,0,0.013379100
pgvector,1,insert_emb,-,7263,0,0.003917700
pgvector,1,generar_emb,-,7264,0,0.012324400
pgvector,1,insert_emb,-,7264,0,0.004374400
pgvector,1,generar_emb,-,7265,0,0.012314000
pgvector,1,insert_emb,-,7265,0,0.004147100
pgvector,1,generar_emb,-,7266,0,0.012753300
pgvector,1,insert_emb,-,7266,0,0.004045500
pgvector,1,generar_emb,-,7267,0,0.012137100
pgvector,1,insert_emb,-,7267,0,0.004010000
pgvector,1,generar_emb,-,7268,0,0.011742800
pgvector,1,insert_emb,-,7268,0,0.004026300
pgvector,1,generar_emb,-,7269,0,0.013312200
pgvector,1,insert_emb,-,7269,0,0.004086000
pgvector,1,generar_emb,-,7270,0,0.012880600
pgvector,1,insert_emb,-,7270,0,0.004161200
pgvector,1,generar_emb,-,7271,0,0.012171000
pgvector,1,insert_emb,-,7271,0,0.004112000
pgvector,1,generar_emb,-,7272,0,0.012400200
pgvector,1,insert_emb,-,7272,0,0.004010800
pgvector,1,generar_emb,-,7273,0,0.011479600
pgvector,1,insert_emb,-,7273,0,0.003887900
pgvector,1,generar_emb,-,7274,0,0.010728700
pgvector,1,insert_emb,-,7274,0,0.003805600
pgvector,1,generar_emb,-,7275,0,0.011572500
pgvector,1,insert_emb,-,7275,0,0.004628900
pgvector,1,generar_emb,-,7276,0,0.011355300
pgvector,1,insert_emb,-,7276,0,0.004030100
pgvector,1,generar_emb,-,7277,0,0.011736900
pgvector,1,insert_emb,-,7277,0,0.003988100
pgvector,1,generar_emb,-,7278,0,0.012068100
pgvector,1,insert_emb,-,7278,0,0.004092400
pgvector,1,generar_emb,-,7279,0,0.011772600
pgvector,1,insert_emb,-,7279,0,0.004057900
pgvector,1,generar_emb,-,7280,0,0.013140600
pgvector,1,insert_emb,-,7280,0,0.004185000
pgvector,1,generar_emb,-,7281,0,0.011177200
pgvector,1,insert_emb,-,7281,0,0.003994500
pgvector,1,generar_emb,-,7282,0,0.012958900
pgvector,1,insert_emb,-,7282,0,0.004014500
pgvector,1,generar_emb,-,7283,0,0.011986200
pgvector,1,insert_emb,-,7283,0,0.003913700
pgvector,1,generar_emb,-,7284,0,0.011526400
pgvector,1,insert_emb,-,7284,0,0.004209000
pgvector,1,generar_emb,-,7285,0,0.011912300
pgvector,1,insert_emb,-,7285,0,0.004077000
pgvector,1,generar_emb,-,7286,0,0.010991900
pgvector,1,insert_emb,-,7286,0,0.004340600
pgvector,1,generar_emb,-,7287,0,0.011178100
pgvector,1,insert_emb,-,7287,0,0.004145900
pgvector,1,generar_emb,-,7288,0,0.012289300
pgvector,1,insert_emb,-,7288,0,0.004314500
pgvector,1,generar_emb,-,7289,0,0.010810600
pgvector,1,insert_emb,-,7289,0,0.004229900
pgvector,1,generar_emb,-,7290,0,0.011074100
pgvector,1,insert_emb,-,7290,0,0.004521000
pgvector,1,generar_emb,-,7291,0,0.011279400
pgvector,1,insert_emb,-,7291,0,0.004667300
pgvector,1,generar_emb,-,7292,0,0.011408200
pgvector,1,insert_emb,-,7292,0,0.004560800
pgvector,1,generar_emb,-,7293,0,0.011424400
pgvector,1,insert_emb,-,7293,0,0.004449800
pgvector,1,generar_emb,-,7294,0,0.010977900
pgvector,1,insert_emb,-,7294,0,0.004339300
pgvector,1,generar_emb,-,7295,0,0.010522800
pgvector,1,insert_emb,-,7295,0,0.004080000
pgvector,1,generar_emb,-,7296,0,0.010661700
pgvector,1,insert_emb,-,7296,0,0.004054000
pgvector,1,generar_emb,-,7297,0,0.011649600
pgvector,1,insert_emb,-,7297,0,0.004130800
pgvector,1,generar_emb,-,7298,0,0.012473600
pgvector,1,insert_emb,-,7298,0,0.004081100
pgvector,1,generar_emb,-,7299,0,0.012519300
pgvector,1,insert_emb,-,7299,0,0.003751900
pgvector,1,generar_emb,-,7300,0,0.011392900
pgvector,1,insert_emb,-,7300,0,0.004215100
pgvector,1,generar_emb,-,7301,0,0.012304300
pgvector,1,insert_emb,-,7301,0,0.004683700
pgvector,1,generar_emb,-,7302,0,0.012667300
pgvector,1,insert_emb,-,7302,0,0.003893100
pgvector,1,generar_emb,-,7303,0,0.012594600
pgvector,1,insert_emb,-,7303,0,0.004201100
pgvector,1,generar_emb,-,7304,0,0.012681900
pgvector,1,insert_emb,-,7304,0,0.004008400
pgvector,1,generar_emb,-,7305,0,0.012607100
pgvector,1,insert_emb,-,7305,0,0.004146100
pgvector,1,generar_emb,-,7306,0,0.013806700
pgvector,1,insert_emb,-,7306,0,0.004711800
pgvector,1,generar_emb,-,7307,0,0.015711000
pgvector,1,insert_emb,-,7307,0,0.005342000
pgvector,1,generar_emb,-,7308,0,0.017881300
pgvector,1,insert_emb,-,7308,0,0.004616200
pgvector,1,generar_emb,-,7309,0,0.018474000
pgvector,1,insert_emb,-,7309,0,0.004370700
pgvector,1,generar_emb,-,7310,0,0.017688600
pgvector,1,insert_emb,-,7310,0,0.006087300
pgvector,1,generar_emb,-,7311,0,0.024090000
pgvector,1,insert_emb,-,7311,0,0.005886600
pgvector,1,generar_emb,-,7312,0,0.022804500
pgvector,1,insert_emb,-,7312,0,0.005980400
pgvector,1,generar_emb,-,7313,0,0.027706900
pgvector,1,insert_emb,-,7313,0,0.005588300
pgvector,1,generar_emb,-,7314,0,0.015421100
pgvector,1,insert_emb,-,7314,0,0.004502500
pgvector,1,generar_emb,-,7315,0,0.013854800
pgvector,1,insert_emb,-,7315,0,0.004481000
pgvector,1,generar_emb,-,7316,0,0.012383900
pgvector,1,insert_emb,-,7316,0,0.004238200
pgvector,1,generar_emb,-,7317,0,0.011927900
pgvector,1,insert_emb,-,7317,0,0.003932200
pgvector,1,generar_emb,-,7318,0,0.011466500
pgvector,1,insert_emb,-,7318,0,0.004195400
pgvector,1,generar_emb,-,7319,0,0.011247200
pgvector,1,insert_emb,-,7319,0,0.004185400
pgvector,1,generar_emb,-,7320,0,0.013740000
pgvector,1,insert_emb,-,7320,0,0.004200900
pgvector,1,generar_emb,-,7321,0,0.010919900
pgvector,1,insert_emb,-,7321,0,0.004258600
pgvector,1,generar_emb,-,7322,0,0.011549100
pgvector,1,insert_emb,-,7322,0,0.004090600
pgvector,1,generar_emb,-,7323,0,0.010518400
pgvector,1,insert_emb,-,7323,0,0.004341800
pgvector,1,generar_emb,-,7324,0,0.012414100
pgvector,1,insert_emb,-,7324,0,0.003883800
pgvector,1,generar_emb,-,7325,0,0.011080700
pgvector,1,insert_emb,-,7325,0,0.004240100
pgvector,1,generar_emb,-,7326,0,0.013917200
pgvector,1,insert_emb,-,7326,0,0.004043600
pgvector,1,generar_emb,-,7327,0,0.013413100
pgvector,1,insert_emb,-,7327,0,0.003876800
pgvector,1,generar_emb,-,7328,0,0.012128500
pgvector,1,insert_emb,-,7328,0,0.004051900
pgvector,1,generar_emb,-,7329,0,0.010681700
pgvector,1,insert_emb,-,7329,0,0.004133700
pgvector,1,generar_emb,-,7330,0,0.010134700
pgvector,1,insert_emb,-,7330,0,0.004197200
pgvector,1,generar_emb,-,7331,0,0.010763100
pgvector,1,insert_emb,-,7331,0,0.004132900
pgvector,1,generar_emb,-,7332,0,0.010598000
pgvector,1,insert_emb,-,7332,0,0.004019900
pgvector,1,generar_emb,-,7333,0,0.012875900
pgvector,1,insert_emb,-,7333,0,0.004278500
pgvector,1,generar_emb,-,7334,0,0.012387800
pgvector,1,insert_emb,-,7334,0,0.004275000
pgvector,1,generar_emb,-,7335,0,0.014221900
pgvector,1,insert_emb,-,7335,0,0.004230900
pgvector,1,generar_emb,-,7336,0,0.013058900
pgvector,1,insert_emb,-,7336,0,0.003958000
pgvector,1,generar_emb,-,7337,0,0.012360300
pgvector,1,insert_emb,-,7337,0,0.004063800
pgvector,1,generar_emb,-,7338,0,0.011945800
pgvector,1,insert_emb,-,7338,0,0.004167900
pgvector,1,generar_emb,-,7339,0,0.012825500
pgvector,1,insert_emb,-,7339,0,0.004350900
pgvector,1,generar_emb,-,7340,0,0.011538500
pgvector,1,insert_emb,-,7340,0,0.004151000
pgvector,1,generar_emb,-,7341,0,0.015759200
pgvector,1,insert_emb,-,7341,0,0.004027900
pgvector,1,generar_emb,-,7342,0,0.014822200
pgvector,1,insert_emb,-,7342,0,0.004319700
pgvector,1,generar_emb,-,7343,0,0.012248900
pgvector,1,insert_emb,-,7343,0,0.003978400
pgvector,1,generar_emb,-,7344,0,0.012687500
pgvector,1,insert_emb,-,7344,0,0.004145100
pgvector,1,generar_emb,-,7345,0,0.012539100
pgvector,1,insert_emb,-,7345,0,0.004093300
pgvector,1,generar_emb,-,7346,0,0.012353400
pgvector,1,insert_emb,-,7346,0,0.004167100
pgvector,1,generar_emb,-,7347,0,0.012245200
pgvector,1,insert_emb,-,7347,0,0.003961400
pgvector,1,generar_emb,-,7348,0,0.011559400
pgvector,1,insert_emb,-,7348,0,0.004245700
pgvector,1,generar_emb,-,7349,0,0.011792900
pgvector,1,insert_emb,-,7349,0,0.004155800
pgvector,1,generar_emb,-,7350,0,0.013205100
pgvector,1,insert_emb,-,7350,0,0.004379000
pgvector,1,generar_emb,-,7351,0,0.011297700
pgvector,1,insert_emb,-,7351,0,0.004171400
pgvector,1,generar_emb,-,7352,0,0.011866700
pgvector,1,insert_emb,-,7352,0,0.004321000
pgvector,1,generar_emb,-,7353,0,0.012937700
pgvector,1,insert_emb,-,7353,0,0.004345800
pgvector,1,generar_emb,-,7354,0,0.012310300
pgvector,1,insert_emb,-,7354,0,0.003995000
pgvector,1,generar_emb,-,7355,0,0.013011500
pgvector,1,insert_emb,-,7355,0,0.004054200
pgvector,1,generar_emb,-,7356,0,0.012741100
pgvector,1,insert_emb,-,7356,0,0.004498900
pgvector,1,generar_emb,-,7357,0,0.012178500
pgvector,1,insert_emb,-,7357,0,0.004264400
pgvector,1,generar_emb,-,7358,0,0.012552200
pgvector,1,insert_emb,-,7358,0,0.004141800
pgvector,1,generar_emb,-,7359,0,0.011687400
pgvector,1,insert_emb,-,7359,0,0.004063400
pgvector,1,generar_emb,-,7360,0,0.013300900
pgvector,1,insert_emb,-,7360,0,0.004013300
pgvector,1,generar_emb,-,7361,0,0.011721600
pgvector,1,insert_emb,-,7361,0,0.004338400
pgvector,1,generar_emb,-,7362,0,0.010879300
pgvector,1,insert_emb,-,7362,0,0.004250600
pgvector,1,generar_emb,-,7363,0,0.011499200
pgvector,1,insert_emb,-,7363,0,0.004191600
pgvector,1,generar_emb,-,7364,0,0.011088400
pgvector,1,insert_emb,-,7364,0,0.004079500
pgvector,1,generar_emb,-,7365,0,0.014252600
pgvector,1,insert_emb,-,7365,0,0.004440500
pgvector,1,generar_emb,-,7366,0,0.010784100
pgvector,1,insert_emb,-,7366,0,0.003997800
pgvector,1,generar_emb,-,7367,0,0.012145900
pgvector,1,insert_emb,-,7367,0,0.004103700
pgvector,1,generar_emb,-,7368,0,0.012252800
pgvector,1,insert_emb,-,7368,0,0.004470100
pgvector,1,generar_emb,-,7369,0,0.011626300
pgvector,1,insert_emb,-,7369,0,0.004374000
pgvector,1,generar_emb,-,7370,0,0.011930000
pgvector,1,insert_emb,-,7370,0,0.004374900
pgvector,1,generar_emb,-,7371,0,0.013031400
pgvector,1,insert_emb,-,7371,0,0.004697400
pgvector,1,generar_emb,-,7372,0,0.010820900
pgvector,1,insert_emb,-,7372,0,0.004048600
pgvector,1,generar_emb,-,7373,0,0.011665400
pgvector,1,insert_emb,-,7373,0,0.004370500
pgvector,1,generar_emb,-,7374,0,0.022269000
pgvector,1,insert_emb,-,7374,0,0.004327500
pgvector,1,generar_emb,-,7375,0,0.013866600
pgvector,1,insert_emb,-,7375,0,0.004267900
pgvector,1,generar_emb,-,7376,0,0.013231200
pgvector,1,insert_emb,-,7376,0,0.004454000
pgvector,1,generar_emb,-,7377,0,0.012453400
pgvector,1,insert_emb,-,7377,0,0.004343500
pgvector,1,generar_emb,-,7378,0,0.013082800
pgvector,1,insert_emb,-,7378,0,0.004177800
pgvector,1,generar_emb,-,7379,0,0.011465800
pgvector,1,insert_emb,-,7379,0,0.003959900
pgvector,1,generar_emb,-,7380,0,0.014387600
pgvector,1,insert_emb,-,7380,0,0.004249900
pgvector,1,generar_emb,-,7381,0,0.012333200
pgvector,1,insert_emb,-,7381,0,0.004483300
pgvector,1,generar_emb,-,7382,0,0.012192000
pgvector,1,insert_emb,-,7382,0,0.004451300
pgvector,1,generar_emb,-,7383,0,0.013662700
pgvector,1,insert_emb,-,7383,0,0.004528700
pgvector,1,generar_emb,-,7384,0,0.011041100
pgvector,1,insert_emb,-,7384,0,0.004458400
pgvector,1,generar_emb,-,7385,0,0.011799500
pgvector,1,insert_emb,-,7385,0,0.004499500
pgvector,1,generar_emb,-,7386,0,0.014737200
pgvector,1,insert_emb,-,7386,0,0.004953600
pgvector,1,generar_emb,-,7387,0,0.013973700
pgvector,1,insert_emb,-,7387,0,0.004558900
pgvector,1,generar_emb,-,7388,0,0.012430700
pgvector,1,insert_emb,-,7388,0,0.004403900
pgvector,1,generar_emb,-,7389,0,0.012388300
pgvector,1,insert_emb,-,7389,0,0.004085400
pgvector,1,generar_emb,-,7390,0,0.011686200
pgvector,1,insert_emb,-,7390,0,0.004205600
pgvector,1,generar_emb,-,7391,0,0.012419400
pgvector,1,insert_emb,-,7391,0,0.004051100
pgvector,1,generar_emb,-,7392,0,0.011327400
pgvector,1,insert_emb,-,7392,0,0.004331800
pgvector,1,generar_emb,-,7393,0,0.010885200
pgvector,1,insert_emb,-,7393,0,0.004186000
pgvector,1,generar_emb,-,7394,0,0.013388300
pgvector,1,insert_emb,-,7394,0,0.004331500
pgvector,1,generar_emb,-,7395,0,0.010903000
pgvector,1,insert_emb,-,7395,0,0.004194700
pgvector,1,generar_emb,-,7396,0,0.011768300
pgvector,1,insert_emb,-,7396,0,0.004264800
pgvector,1,generar_emb,-,7397,0,0.011887300
pgvector,1,insert_emb,-,7397,0,0.004371300
pgvector,1,generar_emb,-,7398,0,0.015152900
pgvector,1,insert_emb,-,7398,0,0.004345600
pgvector,1,generar_emb,-,7399,0,0.012025200
pgvector,1,insert_emb,-,7399,0,0.004151100
pgvector,1,generar_emb,-,7400,0,0.011631300
pgvector,1,insert_emb,-,7400,0,0.004198200
pgvector,1,generar_emb,-,7401,0,0.013701200
pgvector,1,insert_emb,-,7401,0,0.004382900
pgvector,1,generar_emb,-,7402,0,0.011049100
pgvector,1,insert_emb,-,7402,0,0.004129800
pgvector,1,generar_emb,-,7403,0,0.013647700
pgvector,1,insert_emb,-,7403,0,0.004358800
pgvector,1,generar_emb,-,7404,0,0.010522800
pgvector,1,insert_emb,-,7404,0,0.004016800
pgvector,1,generar_emb,-,7405,0,0.010902100
pgvector,1,insert_emb,-,7405,0,0.004328200
pgvector,1,generar_emb,-,7406,0,0.010828100
pgvector,1,insert_emb,-,7406,0,0.004162200
pgvector,1,generar_emb,-,7407,0,0.013847800
pgvector,1,insert_emb,-,7407,0,0.004209600
pgvector,1,generar_emb,-,7408,0,0.010838600
pgvector,1,insert_emb,-,7408,0,0.004204000
pgvector,1,generar_emb,-,7409,0,0.011818500
pgvector,1,insert_emb,-,7409,0,0.004179900
pgvector,1,generar_emb,-,7410,0,0.010618100
pgvector,1,insert_emb,-,7410,0,0.004361500
pgvector,1,generar_emb,-,7411,0,0.011720100
pgvector,1,insert_emb,-,7411,0,0.004301000
pgvector,1,generar_emb,-,7412,0,0.012901900
pgvector,1,insert_emb,-,7412,0,0.004200200
pgvector,1,generar_emb,-,7413,0,0.012140300
pgvector,1,insert_emb,-,7413,0,0.004263200
pgvector,1,generar_emb,-,7414,0,0.014880600
pgvector,1,insert_emb,-,7414,0,0.004111500
pgvector,1,generar_emb,-,7415,0,0.013556000
pgvector,1,insert_emb,-,7415,0,0.004381900
pgvector,1,generar_emb,-,7416,0,0.013078100
pgvector,1,insert_emb,-,7416,0,0.004246100
pgvector,1,generar_emb,-,7417,0,0.012323500
pgvector,1,insert_emb,-,7417,0,0.004133400
pgvector,1,generar_emb,-,7418,0,0.014426500
pgvector,1,insert_emb,-,7418,0,0.004302900
pgvector,1,generar_emb,-,7419,0,0.010965000
pgvector,1,insert_emb,-,7419,0,0.004452300
pgvector,1,generar_emb,-,7420,0,0.010096100
pgvector,1,insert_emb,-,7420,0,0.004392400
pgvector,1,generar_emb,-,7421,0,0.010704200
pgvector,1,insert_emb,-,7421,0,0.004080100
pgvector,1,generar_emb,-,7422,0,0.012813500
pgvector,1,insert_emb,-,7422,0,0.004411200
pgvector,1,generar_emb,-,7423,0,0.011614100
pgvector,1,insert_emb,-,7423,0,0.004179600
pgvector,1,generar_emb,-,7424,0,0.016417800
pgvector,1,insert_emb,-,7424,0,0.004281900
pgvector,1,generar_emb,-,7425,0,0.011810600
pgvector,1,insert_emb,-,7425,0,0.004354600
pgvector,1,generar_emb,-,7426,0,0.011034300
pgvector,1,insert_emb,-,7426,0,0.004119400
pgvector,1,generar_emb,-,7427,0,0.011090800
pgvector,1,insert_emb,-,7427,0,0.004168200
pgvector,1,generar_emb,-,7428,0,0.013544200
pgvector,1,insert_emb,-,7428,0,0.004075300
pgvector,1,generar_emb,-,7429,0,0.016327000
pgvector,1,insert_emb,-,7429,0,0.004185100
pgvector,1,generar_emb,-,7430,0,0.011544000
pgvector,1,insert_emb,-,7430,0,0.004374000
pgvector,1,generar_emb,-,7431,0,0.011909300
pgvector,1,insert_emb,-,7431,0,0.004414500
pgvector,1,generar_emb,-,7432,0,0.015716200
pgvector,1,insert_emb,-,7432,0,0.004273500
pgvector,1,generar_emb,-,7433,0,0.018272300
pgvector,1,insert_emb,-,7433,0,0.005289400
pgvector,1,generar_emb,-,7434,0,0.014430300
pgvector,1,insert_emb,-,7434,0,0.004588100
pgvector,1,generar_emb,-,7435,0,0.015224000
pgvector,1,insert_emb,-,7435,0,0.004722600
pgvector,1,generar_emb,-,7436,0,0.014457800
pgvector,1,insert_emb,-,7436,0,0.004420400
pgvector,1,generar_emb,-,7437,0,0.014873000
pgvector,1,insert_emb,-,7437,0,0.004886500
pgvector,1,generar_emb,-,7438,0,0.013448400
pgvector,1,insert_emb,-,7438,0,0.004293900
pgvector,1,generar_emb,-,7439,0,0.013165400
pgvector,1,insert_emb,-,7439,0,0.004237700
pgvector,1,generar_emb,-,7440,0,0.013108600
pgvector,1,insert_emb,-,7440,0,0.004243500
pgvector,1,generar_emb,-,7441,0,0.013539200
pgvector,1,insert_emb,-,7441,0,0.004220600
pgvector,1,generar_emb,-,7442,0,0.013415800
pgvector,1,insert_emb,-,7442,0,0.004253500
pgvector,1,generar_emb,-,7443,0,0.011850200
pgvector,1,insert_emb,-,7443,0,0.004057000
pgvector,1,generar_emb,-,7444,0,0.012586300
pgvector,1,insert_emb,-,7444,0,0.004230200
pgvector,1,generar_emb,-,7445,0,0.012381800
pgvector,1,insert_emb,-,7445,0,0.004414400
pgvector,1,generar_emb,-,7446,0,0.013151900
pgvector,1,insert_emb,-,7446,0,0.004419700
pgvector,1,generar_emb,-,7447,0,0.012172000
pgvector,1,insert_emb,-,7447,0,0.004139500
pgvector,1,generar_emb,-,7448,0,0.013543500
pgvector,1,insert_emb,-,7448,0,0.004188100
pgvector,1,generar_emb,-,7449,0,0.014656000
pgvector,1,insert_emb,-,7449,0,0.004008500
pgvector,1,generar_emb,-,7450,0,0.013703400
pgvector,1,insert_emb,-,7450,0,0.004084600
pgvector,1,generar_emb,-,7451,0,0.012161900
pgvector,1,insert_emb,-,7451,0,0.004105400
pgvector,1,generar_emb,-,7452,0,0.011814000
pgvector,1,insert_emb,-,7452,0,0.004433500
pgvector,1,generar_emb,-,7453,0,0.012594000
pgvector,1,insert_emb,-,7453,0,0.004509800
pgvector,1,generar_emb,-,7454,0,0.011009100
pgvector,1,insert_emb,-,7454,0,0.004385600
pgvector,1,generar_emb,-,7455,0,0.012061500
pgvector,1,insert_emb,-,7455,0,0.004394700
pgvector,1,generar_emb,-,7456,0,0.011077700
pgvector,1,insert_emb,-,7456,0,0.004318300
pgvector,1,generar_emb,-,7457,0,0.010809900
pgvector,1,insert_emb,-,7457,0,0.004258000
pgvector,1,generar_emb,-,7458,0,0.014722000
pgvector,1,insert_emb,-,7458,0,0.004340900
pgvector,1,generar_emb,-,7459,0,0.011894000
pgvector,1,insert_emb,-,7459,0,0.004327400
pgvector,1,generar_emb,-,7460,0,0.011671700
pgvector,1,insert_emb,-,7460,0,0.004231400
pgvector,1,generar_emb,-,7461,0,0.010766200
pgvector,1,insert_emb,-,7461,0,0.004182500
pgvector,1,generar_emb,-,7462,0,0.011590200
pgvector,1,insert_emb,-,7462,0,0.004367800
pgvector,1,generar_emb,-,7463,0,0.012651800
pgvector,1,insert_emb,-,7463,0,0.004166000
pgvector,1,generar_emb,-,7464,0,0.012134500
pgvector,1,insert_emb,-,7464,0,0.004274000
pgvector,1,generar_emb,-,7465,0,0.011375000
pgvector,1,insert_emb,-,7465,0,0.004272600
pgvector,1,generar_emb,-,7466,0,0.011810900
pgvector,1,insert_emb,-,7466,0,0.004476500
pgvector,1,generar_emb,-,7467,0,0.013833400
pgvector,1,insert_emb,-,7467,0,0.004295000
pgvector,1,generar_emb,-,7468,0,0.013491300
pgvector,1,insert_emb,-,7468,0,0.004051100
pgvector,1,generar_emb,-,7469,0,0.012745100
pgvector,1,insert_emb,-,7469,0,0.004051900
pgvector,1,generar_emb,-,7470,0,0.012458000
pgvector,1,insert_emb,-,7470,0,0.004310800
pgvector,1,generar_emb,-,7471,0,0.012050500
pgvector,1,insert_emb,-,7471,0,0.004032900
pgvector,1,generar_emb,-,7472,0,0.011640100
pgvector,1,insert_emb,-,7472,0,0.004071600
pgvector,1,generar_emb,-,7473,0,0.012502800
pgvector,1,insert_emb,-,7473,0,0.004486600
pgvector,1,generar_emb,-,7474,0,0.011775500
pgvector,1,insert_emb,-,7474,0,0.004425900
pgvector,1,generar_emb,-,7475,0,0.012005300
pgvector,1,insert_emb,-,7475,0,0.004495500
pgvector,1,generar_emb,-,7476,0,0.013000400
pgvector,1,insert_emb,-,7476,0,0.004453100
pgvector,1,generar_emb,-,7477,0,0.013436500
pgvector,1,insert_emb,-,7477,0,0.004566500
pgvector,1,generar_emb,-,7478,0,0.012865400
pgvector,1,insert_emb,-,7478,0,0.004396300
pgvector,1,generar_emb,-,7479,0,0.011429300
pgvector,1,insert_emb,-,7479,0,0.004774900
pgvector,1,generar_emb,-,7480,0,0.011911000
pgvector,1,insert_emb,-,7480,0,0.004126600
pgvector,1,generar_emb,-,7481,0,0.011030900
pgvector,1,insert_emb,-,7481,0,0.004116100
pgvector,1,generar_emb,-,7482,0,0.010753600
pgvector,1,insert_emb,-,7482,0,0.004120800
pgvector,1,generar_emb,-,7483,0,0.012751800
pgvector,1,insert_emb,-,7483,0,0.004087300
pgvector,1,generar_emb,-,7484,0,0.013528300
pgvector,1,insert_emb,-,7484,0,0.004172300
pgvector,1,generar_emb,-,7485,0,0.013269200
pgvector,1,insert_emb,-,7485,0,0.004564400
pgvector,1,generar_emb,-,7486,0,0.011716300
pgvector,1,insert_emb,-,7486,0,0.004165900
pgvector,1,generar_emb,-,7487,0,0.013601100
pgvector,1,insert_emb,-,7487,0,0.004513400
pgvector,1,generar_emb,-,7488,0,0.011488200
pgvector,1,insert_emb,-,7488,0,0.003872300
pgvector,1,generar_emb,-,7489,0,0.012158300
pgvector,1,insert_emb,-,7489,0,0.004357900
pgvector,1,generar_emb,-,7490,0,0.015273400
pgvector,1,insert_emb,-,7490,0,0.004483000
pgvector,1,generar_emb,-,7491,0,0.012750000
pgvector,1,insert_emb,-,7491,0,0.004189600
pgvector,1,generar_emb,-,7492,0,0.012459200
pgvector,1,insert_emb,-,7492,0,0.004034500
pgvector,1,generar_emb,-,7493,0,0.012545500
pgvector,1,insert_emb,-,7493,0,0.003873200
pgvector,1,generar_emb,-,7494,0,0.012909000
pgvector,1,insert_emb,-,7494,0,0.004249600
pgvector,1,generar_emb,-,7495,0,0.013544600
pgvector,1,insert_emb,-,7495,0,0.004276100
pgvector,1,generar_emb,-,7496,0,0.013172500
pgvector,1,insert_emb,-,7496,0,0.004043400
pgvector,1,generar_emb,-,7497,0,0.012253400
pgvector,1,insert_emb,-,7497,0,0.004032000
pgvector,1,generar_emb,-,7498,0,0.011751700
pgvector,1,insert_emb,-,7498,0,0.004684500
pgvector,1,generar_emb,-,7499,0,0.015694900
pgvector,1,insert_emb,-,7499,0,0.004315400
pgvector,1,generar_emb,-,7500,0,0.013085700
pgvector,1,insert_emb,-,7500,0,0.004410800
pgvector,1,generar_emb,-,7501,0,0.012231800
pgvector,1,insert_emb,-,7501,0,0.004237600
pgvector,1,generar_emb,-,7502,0,0.013857600
pgvector,1,insert_emb,-,7502,0,0.004302800
pgvector,1,generar_emb,-,7503,0,0.011161300
pgvector,1,insert_emb,-,7503,0,0.004487200
pgvector,1,generar_emb,-,7504,0,0.013551100
pgvector,1,insert_emb,-,7504,0,0.004456200
pgvector,1,generar_emb,-,7505,0,0.011443000
pgvector,1,insert_emb,-,7505,0,0.004540800
pgvector,1,generar_emb,-,7506,0,0.012211500
pgvector,1,insert_emb,-,7506,0,0.004254400
pgvector,1,generar_emb,-,7507,0,0.012173100
pgvector,1,insert_emb,-,7507,0,0.004571200
pgvector,1,generar_emb,-,7508,0,0.010975900
pgvector,1,insert_emb,-,7508,0,0.004228600
pgvector,1,generar_emb,-,7509,0,0.010547300
pgvector,1,insert_emb,-,7509,0,0.004192400
pgvector,1,generar_emb,-,7510,0,0.012840800
pgvector,1,insert_emb,-,7510,0,0.004432500
pgvector,1,generar_emb,-,7511,0,0.012137400
pgvector,1,insert_emb,-,7511,0,0.004434000
pgvector,1,generar_emb,-,7512,0,0.012782500
pgvector,1,insert_emb,-,7512,0,0.004350800
pgvector,1,generar_emb,-,7513,0,0.010597900
pgvector,1,insert_emb,-,7513,0,0.004378000
pgvector,1,generar_emb,-,7514,0,0.011029300
pgvector,1,insert_emb,-,7514,0,0.004164300
pgvector,1,generar_emb,-,7515,0,0.010789900
pgvector,1,insert_emb,-,7515,0,0.004282300
pgvector,1,generar_emb,-,7516,0,0.012694400
pgvector,1,insert_emb,-,7516,0,0.004344700
pgvector,1,generar_emb,-,7517,0,0.011578400
pgvector,1,insert_emb,-,7517,0,0.004291900
pgvector,1,generar_emb,-,7518,0,0.010803100
pgvector,1,insert_emb,-,7518,0,0.004159900
pgvector,1,generar_emb,-,7519,0,0.011459000
pgvector,1,insert_emb,-,7519,0,0.004126800
pgvector,1,generar_emb,-,7520,0,0.010689200
pgvector,1,insert_emb,-,7520,0,0.004545600
pgvector,1,generar_emb,-,7521,0,0.011845900
pgvector,1,insert_emb,-,7521,0,0.004170900
pgvector,1,generar_emb,-,7522,0,0.015102200
pgvector,1,insert_emb,-,7522,0,0.004396800
pgvector,1,generar_emb,-,7523,0,0.012814600
pgvector,1,insert_emb,-,7523,0,0.004059800
pgvector,1,generar_emb,-,7524,0,0.012696000
pgvector,1,insert_emb,-,7524,0,0.004196200
pgvector,1,generar_emb,-,7525,0,0.015367400
pgvector,1,insert_emb,-,7525,0,0.004549600
pgvector,1,generar_emb,-,7526,0,0.016209100
pgvector,1,insert_emb,-,7526,0,0.004096800
pgvector,1,generar_emb,-,7527,0,0.012898200
pgvector,1,insert_emb,-,7527,0,0.004150000
pgvector,1,generar_emb,-,7528,0,0.012817100
pgvector,1,insert_emb,-,7528,0,0.004231100
pgvector,1,generar_emb,-,7529,0,0.012951200
pgvector,1,insert_emb,-,7529,0,0.004186000
pgvector,1,generar_emb,-,7530,0,0.012606300
pgvector,1,insert_emb,-,7530,0,0.004201400
pgvector,1,generar_emb,-,7531,0,0.012234800
pgvector,1,insert_emb,-,7531,0,0.004241400
pgvector,1,generar_emb,-,7532,0,0.013193000
pgvector,1,insert_emb,-,7532,0,0.004110100
pgvector,1,generar_emb,-,7533,0,0.013120200
pgvector,1,insert_emb,-,7533,0,0.004273300
pgvector,1,generar_emb,-,7534,0,0.012724200
pgvector,1,insert_emb,-,7534,0,0.004168800
pgvector,1,generar_emb,-,7535,0,0.013062300
pgvector,1,insert_emb,-,7535,0,0.004312000
pgvector,1,generar_emb,-,7536,0,0.012678300
pgvector,1,insert_emb,-,7536,0,0.004343300
pgvector,1,generar_emb,-,7537,0,0.012243100
pgvector,1,insert_emb,-,7537,0,0.004529900
pgvector,1,generar_emb,-,7538,0,0.013340800
pgvector,1,insert_emb,-,7538,0,0.004393000
pgvector,1,generar_emb,-,7539,0,0.011600200
pgvector,1,insert_emb,-,7539,0,0.004235200
pgvector,1,generar_emb,-,7540,0,0.012940600
pgvector,1,insert_emb,-,7540,0,0.004394600
pgvector,1,generar_emb,-,7541,0,0.013645000
pgvector,1,insert_emb,-,7541,0,0.004679300
pgvector,1,generar_emb,-,7542,0,0.017156500
pgvector,1,insert_emb,-,7542,0,0.004620500
pgvector,1,generar_emb,-,7543,0,0.013954800
pgvector,1,insert_emb,-,7543,0,0.004704200
pgvector,1,generar_emb,-,7544,0,0.014294900
pgvector,1,insert_emb,-,7544,0,0.004719700
pgvector,1,generar_emb,-,7545,0,0.014104600
pgvector,1,insert_emb,-,7545,0,0.004665400
pgvector,1,generar_emb,-,7546,0,0.016516000
pgvector,1,insert_emb,-,7546,0,0.004481400
pgvector,1,generar_emb,-,7547,0,0.016947700
pgvector,1,insert_emb,-,7547,0,0.004584300
pgvector,1,generar_emb,-,7548,0,0.013664600
pgvector,1,insert_emb,-,7548,0,0.004370900
pgvector,1,generar_emb,-,7549,0,0.013216300
pgvector,1,insert_emb,-,7549,0,0.004609700
pgvector,1,generar_emb,-,7550,0,0.013724400
pgvector,1,insert_emb,-,7550,0,0.004549600
pgvector,1,generar_emb,-,7551,0,0.015702400
pgvector,1,insert_emb,-,7551,0,0.004204500
pgvector,1,generar_emb,-,7552,0,0.016665800
pgvector,1,insert_emb,-,7552,0,0.004408000
pgvector,1,generar_emb,-,7553,0,0.014750300
pgvector,1,insert_emb,-,7553,0,0.004790600
pgvector,1,generar_emb,-,7554,0,0.013746500
pgvector,1,insert_emb,-,7554,0,0.004168500
pgvector,1,generar_emb,-,7555,0,0.011875800
pgvector,1,insert_emb,-,7555,0,0.004302800
pgvector,1,generar_emb,-,7556,0,0.012384000
pgvector,1,insert_emb,-,7556,0,0.004683800
pgvector,1,generar_emb,-,7557,0,0.011607900
pgvector,1,insert_emb,-,7557,0,0.004262300
pgvector,1,generar_emb,-,7558,0,0.012054500
pgvector,1,insert_emb,-,7558,0,0.004483700
pgvector,1,generar_emb,-,7559,0,0.014288200
pgvector,1,insert_emb,-,7559,0,0.004100000
pgvector,1,generar_emb,-,7560,0,0.017182800
pgvector,1,insert_emb,-,7560,0,0.004328600
pgvector,1,generar_emb,-,7561,0,0.012960100
pgvector,1,insert_emb,-,7561,0,0.004185600
pgvector,1,generar_emb,-,7562,0,0.015486700
pgvector,1,insert_emb,-,7562,0,0.004656000
pgvector,1,generar_emb,-,7563,0,0.012022300
pgvector,1,insert_emb,-,7563,0,0.004108400
pgvector,1,generar_emb,-,7564,0,0.013275100
pgvector,1,insert_emb,-,7564,0,0.004182000
pgvector,1,generar_emb,-,7565,0,0.011619100
pgvector,1,insert_emb,-,7565,0,0.004437000
pgvector,1,generar_emb,-,7566,0,0.011367200
pgvector,1,insert_emb,-,7566,0,0.004182200
pgvector,1,generar_emb,-,7567,0,0.012110500
pgvector,1,insert_emb,-,7567,0,0.004577700
pgvector,1,generar_emb,-,7568,0,0.011609500
pgvector,1,insert_emb,-,7568,0,0.004738700
pgvector,1,generar_emb,-,7569,0,0.010698700
pgvector,1,insert_emb,-,7569,0,0.005096300
pgvector,1,generar_emb,-,7570,0,0.012903600
pgvector,1,insert_emb,-,7570,0,0.004748400
pgvector,1,generar_emb,-,7571,0,0.013694300
pgvector,1,insert_emb,-,7571,0,0.004525000
pgvector,1,generar_emb,-,7572,0,0.012495600
pgvector,1,insert_emb,-,7572,0,0.004537300
pgvector,1,generar_emb,-,7573,0,0.012931300
pgvector,1,insert_emb,-,7573,0,0.004074000
pgvector,1,generar_emb,-,7574,0,0.015052400
pgvector,1,insert_emb,-,7574,0,0.004096400
pgvector,1,generar_emb,-,7575,0,0.011485400
pgvector,1,insert_emb,-,7575,0,0.004224200
pgvector,1,generar_emb,-,7576,0,0.011687100
pgvector,1,insert_emb,-,7576,0,0.004181500
pgvector,1,generar_emb,-,7577,0,0.016959700
pgvector,1,insert_emb,-,7577,0,0.004484600
pgvector,1,generar_emb,-,7578,0,0.012085200
pgvector,1,insert_emb,-,7578,0,0.004027700
pgvector,1,generar_emb,-,7579,0,0.011291800
pgvector,1,insert_emb,-,7579,0,0.004112200
pgvector,1,generar_emb,-,7580,0,0.011876600
pgvector,1,insert_emb,-,7580,0,0.004288300
pgvector,1,generar_emb,-,7581,0,0.010857000
pgvector,1,insert_emb,-,7581,0,0.004641200
pgvector,1,generar_emb,-,7582,0,0.011585800
pgvector,1,insert_emb,-,7582,0,0.004381400
pgvector,1,generar_emb,-,7583,0,0.010797100
pgvector,1,insert_emb,-,7583,0,0.004043000
pgvector,1,generar_emb,-,7584,0,0.011336600
pgvector,1,insert_emb,-,7584,0,0.004288100
pgvector,1,generar_emb,-,7585,0,0.013940300
pgvector,1,insert_emb,-,7585,0,0.004487000
pgvector,1,generar_emb,-,7586,0,0.012423800
pgvector,1,insert_emb,-,7586,0,0.004122700
pgvector,1,generar_emb,-,7587,0,0.012353400
pgvector,1,insert_emb,-,7587,0,0.004181800
pgvector,1,generar_emb,-,7588,0,0.013110200
pgvector,1,insert_emb,-,7588,0,0.004136800
pgvector,1,generar_emb,-,7589,0,0.011509800
pgvector,1,insert_emb,-,7589,0,0.003988300
pgvector,1,generar_emb,-,7590,0,0.011445100
pgvector,1,insert_emb,-,7590,0,0.004333500
pgvector,1,generar_emb,-,7591,0,0.012954000
pgvector,1,insert_emb,-,7591,0,0.004408400
pgvector,1,generar_emb,-,7592,0,0.012895900
pgvector,1,insert_emb,-,7592,0,0.004178400
pgvector,1,generar_emb,-,7593,0,0.014186100
pgvector,1,insert_emb,-,7593,0,0.004317000
pgvector,1,generar_emb,-,7594,0,0.011572500
pgvector,1,insert_emb,-,7594,0,0.004074700
pgvector,1,generar_emb,-,7595,0,0.012559300
pgvector,1,insert_emb,-,7595,0,0.004125100
pgvector,1,generar_emb,-,7596,0,0.013408200
pgvector,1,insert_emb,-,7596,0,0.004109100
pgvector,1,generar_emb,-,7597,0,0.013235900
pgvector,1,insert_emb,-,7597,0,0.004209400
pgvector,1,generar_emb,-,7598,0,0.011869900
pgvector,1,insert_emb,-,7598,0,0.004259600
pgvector,1,generar_emb,-,7599,0,0.014156800
pgvector,1,insert_emb,-,7599,0,0.004107500
pgvector,1,generar_emb,-,7600,0,0.012319800
pgvector,1,insert_emb,-,7600,0,0.004209900
pgvector,1,generar_emb,-,7601,0,0.012635400
pgvector,1,insert_emb,-,7601,0,0.004115300
pgvector,1,generar_emb,-,7602,0,0.012556300
pgvector,1,insert_emb,-,7602,0,0.004080200
pgvector,1,generar_emb,-,7603,0,0.012509000
pgvector,1,insert_emb,-,7603,0,0.004072800
pgvector,1,generar_emb,-,7604,0,0.013395000
pgvector,1,insert_emb,-,7604,0,0.004329300
pgvector,1,generar_emb,-,7605,0,0.012981900
pgvector,1,insert_emb,-,7605,0,0.004390100
pgvector,1,generar_emb,-,7606,0,0.012384900
pgvector,1,insert_emb,-,7606,0,0.004094700
pgvector,1,generar_emb,-,7607,0,0.012459500
pgvector,1,insert_emb,-,7607,0,0.004305000
pgvector,1,generar_emb,-,7608,0,0.012490300
pgvector,1,insert_emb,-,7608,0,0.004070000
pgvector,1,generar_emb,-,7609,0,0.011985400
pgvector,1,insert_emb,-,7609,0,0.004099600
pgvector,1,generar_emb,-,7610,0,0.012069200
pgvector,1,insert_emb,-,7610,0,0.004031000
pgvector,1,generar_emb,-,7611,0,0.011508100
pgvector,1,insert_emb,-,7611,0,0.004202200
pgvector,1,generar_emb,-,7612,0,0.011296300
pgvector,1,insert_emb,-,7612,0,0.004033500
pgvector,1,generar_emb,-,7613,0,0.012644900
pgvector,1,insert_emb,-,7613,0,0.004373800
pgvector,1,generar_emb,-,7614,0,0.011395700
pgvector,1,insert_emb,-,7614,0,0.004059900
pgvector,1,generar_emb,-,7615,0,0.010955200
pgvector,1,insert_emb,-,7615,0,0.004294500
pgvector,1,generar_emb,-,7616,0,0.012996800
pgvector,1,insert_emb,-,7616,0,0.004415500
pgvector,1,generar_emb,-,7617,0,0.012225500
pgvector,1,insert_emb,-,7617,0,0.004218200
pgvector,1,generar_emb,-,7618,0,0.011394600
pgvector,1,insert_emb,-,7618,0,0.004285200
pgvector,1,generar_emb,-,7619,0,0.010793900
pgvector,1,insert_emb,-,7619,0,0.004038600
pgvector,1,generar_emb,-,7620,0,0.011157500
pgvector,1,insert_emb,-,7620,0,0.004217600
pgvector,1,generar_emb,-,7621,0,0.010773000
pgvector,1,insert_emb,-,7621,0,0.004324900
pgvector,1,generar_emb,-,7622,0,0.012072300
pgvector,1,insert_emb,-,7622,0,0.004106300
pgvector,1,generar_emb,-,7623,0,0.011427100
pgvector,1,insert_emb,-,7623,0,0.004080400
pgvector,1,generar_emb,-,7624,0,0.011099700
pgvector,1,insert_emb,-,7624,0,0.004140100
pgvector,1,generar_emb,-,7625,0,0.010866200
pgvector,1,insert_emb,-,7625,0,0.004127000
pgvector,1,generar_emb,-,7626,0,0.011871000
pgvector,1,insert_emb,-,7626,0,0.003975800
pgvector,1,generar_emb,-,7627,0,0.011196400
pgvector,1,insert_emb,-,7627,0,0.004261900
pgvector,1,generar_emb,-,7628,0,0.010547900
pgvector,1,insert_emb,-,7628,0,0.003923800
pgvector,1,generar_emb,-,7629,0,0.010732500
pgvector,1,insert_emb,-,7629,0,0.004072000
pgvector,1,generar_emb,-,7630,0,0.010448700
pgvector,1,insert_emb,-,7630,0,0.004937700
pgvector,1,generar_emb,-,7631,0,0.013486000
pgvector,1,insert_emb,-,7631,0,0.004112500
pgvector,1,generar_emb,-,7632,0,0.012886000
pgvector,1,insert_emb,-,7632,0,0.004222500
pgvector,1,generar_emb,-,7633,0,0.011624900
pgvector,1,insert_emb,-,7633,0,0.004279000
pgvector,1,generar_emb,-,7634,0,0.012751200
pgvector,1,insert_emb,-,7634,0,0.004105400
pgvector,1,generar_emb,-,7635,0,0.012084800
pgvector,1,insert_emb,-,7635,0,0.004480700
pgvector,1,generar_emb,-,7636,0,0.013109900
pgvector,1,insert_emb,-,7636,0,0.004202600
pgvector,1,generar_emb,-,7637,0,0.011687900
pgvector,1,insert_emb,-,7637,0,0.004235100
pgvector,1,generar_emb,-,7638,0,0.011338200
pgvector,1,insert_emb,-,7638,0,0.004083000
pgvector,1,generar_emb,-,7639,0,0.011321000
pgvector,1,insert_emb,-,7639,0,0.004110200
pgvector,1,generar_emb,-,7640,0,0.010972600
pgvector,1,insert_emb,-,7640,0,0.004183800
pgvector,1,generar_emb,-,7641,0,0.011698800
pgvector,1,insert_emb,-,7641,0,0.004079100
pgvector,1,generar_emb,-,7642,0,0.012380300
pgvector,1,insert_emb,-,7642,0,0.004146200
pgvector,1,generar_emb,-,7643,0,0.011028600
pgvector,1,insert_emb,-,7643,0,0.004404400
pgvector,1,generar_emb,-,7644,0,0.015703500
pgvector,1,insert_emb,-,7644,0,0.004417300
pgvector,1,generar_emb,-,7645,0,0.014930500
pgvector,1,insert_emb,-,7645,0,0.004914300
pgvector,1,generar_emb,-,7646,0,0.012758100
pgvector,1,insert_emb,-,7646,0,0.004869700
pgvector,1,generar_emb,-,7647,0,0.014682000
pgvector,1,insert_emb,-,7647,0,0.004660400
pgvector,1,generar_emb,-,7648,0,0.011207500
pgvector,1,insert_emb,-,7648,0,0.004637600
pgvector,1,generar_emb,-,7649,0,0.010821700
pgvector,1,insert_emb,-,7649,0,0.004343800
pgvector,1,generar_emb,-,7650,0,0.010574500
pgvector,1,insert_emb,-,7650,0,0.004351600
pgvector,1,generar_emb,-,7651,0,0.011423100
pgvector,1,insert_emb,-,7651,0,0.004219600
pgvector,1,generar_emb,-,7652,0,0.010730700
pgvector,1,insert_emb,-,7652,0,0.004163400
pgvector,1,generar_emb,-,7653,0,0.011103300
pgvector,1,insert_emb,-,7653,0,0.004167300
pgvector,1,generar_emb,-,7654,0,0.010945700
pgvector,1,insert_emb,-,7654,0,0.004629400
pgvector,1,generar_emb,-,7655,0,0.010376300
pgvector,1,insert_emb,-,7655,0,0.004398300
pgvector,1,generar_emb,-,7656,0,0.011071500
pgvector,1,insert_emb,-,7656,0,0.004389400
pgvector,1,generar_emb,-,7657,0,0.010793100
pgvector,1,insert_emb,-,7657,0,0.004508100
pgvector,1,generar_emb,-,7658,0,0.011959200
pgvector,1,insert_emb,-,7658,0,0.004810600
pgvector,1,generar_emb,-,7659,0,0.012315500
pgvector,1,insert_emb,-,7659,0,0.004685400
pgvector,1,generar_emb,-,7660,0,0.011298200
pgvector,1,insert_emb,-,7660,0,0.004599700
pgvector,1,generar_emb,-,7661,0,0.012151600
pgvector,1,insert_emb,-,7661,0,0.004629200
pgvector,1,generar_emb,-,7662,0,0.011205900
pgvector,1,insert_emb,-,7662,0,0.004347800
pgvector,1,generar_emb,-,7663,0,0.011052000
pgvector,1,insert_emb,-,7663,0,0.004279400
pgvector,1,generar_emb,-,7664,0,0.011598600
pgvector,1,insert_emb,-,7664,0,0.004351100
pgvector,1,generar_emb,-,7665,0,0.011895500
pgvector,1,insert_emb,-,7665,0,0.004437600
pgvector,1,generar_emb,-,7666,0,0.011871700
pgvector,1,insert_emb,-,7666,0,0.004150700
pgvector,1,generar_emb,-,7667,0,0.010929900
pgvector,1,insert_emb,-,7667,0,0.004177200
pgvector,1,generar_emb,-,7668,0,0.012438800
pgvector,1,insert_emb,-,7668,0,0.004365000
pgvector,1,generar_emb,-,7669,0,0.010497600
pgvector,1,insert_emb,-,7669,0,0.004373500
pgvector,1,generar_emb,-,7670,0,0.012107700
pgvector,1,insert_emb,-,7670,0,0.004304700
pgvector,1,generar_emb,-,7671,0,0.010948700
pgvector,1,insert_emb,-,7671,0,0.004227900
pgvector,1,generar_emb,-,7672,0,0.012259100
pgvector,1,insert_emb,-,7672,0,0.004177300
pgvector,1,generar_emb,-,7673,0,0.012320800
pgvector,1,insert_emb,-,7673,0,0.004301200
pgvector,1,generar_emb,-,7674,0,0.011217700
pgvector,1,insert_emb,-,7674,0,0.004284000
pgvector,1,generar_emb,-,7675,0,0.010865300
pgvector,1,insert_emb,-,7675,0,0.004103900
pgvector,1,generar_emb,-,7676,0,0.010726500
pgvector,1,insert_emb,-,7676,0,0.004095100
pgvector,1,generar_emb,-,7677,0,0.012606800
pgvector,1,insert_emb,-,7677,0,0.004139300
pgvector,1,generar_emb,-,7678,0,0.014213200
pgvector,1,insert_emb,-,7678,0,0.004408800
pgvector,1,generar_emb,-,7679,0,0.011724400
pgvector,1,insert_emb,-,7679,0,0.004293000
pgvector,1,generar_emb,-,7680,0,0.012675600
pgvector,1,insert_emb,-,7680,0,0.004101800
pgvector,1,generar_emb,-,7681,0,0.012412500
pgvector,1,insert_emb,-,7681,0,0.004038900
pgvector,1,generar_emb,-,7682,0,0.012049700
pgvector,1,insert_emb,-,7682,0,0.004126800
pgvector,1,generar_emb,-,7683,0,0.012378300
pgvector,1,insert_emb,-,7683,0,0.004285700
pgvector,1,generar_emb,-,7684,0,0.011121700
pgvector,1,insert_emb,-,7684,0,0.004397000
pgvector,1,generar_emb,-,7685,0,0.010353300
pgvector,1,insert_emb,-,7685,0,0.004275600
pgvector,1,generar_emb,-,7686,0,0.011854900
pgvector,1,insert_emb,-,7686,0,0.004205200
pgvector,1,generar_emb,-,7687,0,0.011594800
pgvector,1,insert_emb,-,7687,0,0.004413900
pgvector,1,generar_emb,-,7688,0,0.010794100
pgvector,1,insert_emb,-,7688,0,0.004283000
pgvector,1,generar_emb,-,7689,0,0.012039700
pgvector,1,insert_emb,-,7689,0,0.004355400
pgvector,1,generar_emb,-,7690,0,0.011583300
pgvector,1,insert_emb,-,7690,0,0.004264700
pgvector,1,generar_emb,-,7691,0,0.011823000
pgvector,1,insert_emb,-,7691,0,0.004355000
pgvector,1,generar_emb,-,7692,0,0.011028800
pgvector,1,insert_emb,-,7692,0,0.004280500
pgvector,1,generar_emb,-,7693,0,0.011048900
pgvector,1,insert_emb,-,7693,0,0.004222800
pgvector,1,generar_emb,-,7694,0,0.011080800
pgvector,1,insert_emb,-,7694,0,0.004308900
pgvector,1,generar_emb,-,7695,0,0.011948900
pgvector,1,insert_emb,-,7695,0,0.004509200
pgvector,1,generar_emb,-,7696,0,0.012609100
pgvector,1,insert_emb,-,7696,0,0.004233100
pgvector,1,generar_emb,-,7697,0,0.015126200
pgvector,1,insert_emb,-,7697,0,0.004256900
pgvector,1,generar_emb,-,7698,0,0.011951800
pgvector,1,insert_emb,-,7698,0,0.004079700
pgvector,1,generar_emb,-,7699,0,0.013176200
pgvector,1,insert_emb,-,7699,0,0.004080600
pgvector,1,generar_emb,-,7700,0,0.012565700
pgvector,1,insert_emb,-,7700,0,0.004235500
pgvector,1,generar_emb,-,7701,0,0.012489900
pgvector,1,insert_emb,-,7701,0,0.004130100
pgvector,1,generar_emb,-,7702,0,0.013354800
pgvector,1,insert_emb,-,7702,0,0.004465700
pgvector,1,generar_emb,-,7703,0,0.012962200
pgvector,1,insert_emb,-,7703,0,0.004287400
pgvector,1,generar_emb,-,7704,0,0.012129200
pgvector,1,insert_emb,-,7704,0,0.004121800
pgvector,1,generar_emb,-,7705,0,0.011268100
pgvector,1,insert_emb,-,7705,0,0.004212800
pgvector,1,generar_emb,-,7706,0,0.011418100
pgvector,1,insert_emb,-,7706,0,0.004215400
pgvector,1,generar_emb,-,7707,0,0.011632500
pgvector,1,insert_emb,-,7707,0,0.004366100
pgvector,1,generar_emb,-,7708,0,0.013040500
pgvector,1,insert_emb,-,7708,0,0.004238300
pgvector,1,generar_emb,-,7709,0,0.011102400
pgvector,1,insert_emb,-,7709,0,0.004649000
pgvector,1,generar_emb,-,7710,0,0.015701100
pgvector,1,insert_emb,-,7710,0,0.004424400
pgvector,1,generar_emb,-,7711,0,0.011799500
pgvector,1,insert_emb,-,7711,0,0.004368700
pgvector,1,generar_emb,-,7712,0,0.014295200
pgvector,1,insert_emb,-,7712,0,0.004241400
pgvector,1,generar_emb,-,7713,0,0.012934500
pgvector,1,insert_emb,-,7713,0,0.004236600
pgvector,1,generar_emb,-,7714,0,0.010623000
pgvector,1,insert_emb,-,7714,0,0.004387100
pgvector,1,generar_emb,-,7715,0,0.011533900
pgvector,1,insert_emb,-,7715,0,0.004533300
pgvector,1,generar_emb,-,7716,0,0.014712400
pgvector,1,insert_emb,-,7716,0,0.004656500
pgvector,1,generar_emb,-,7717,0,0.015296200
pgvector,1,insert_emb,-,7717,0,0.004178900
pgvector,1,generar_emb,-,7718,0,0.013884400
pgvector,1,insert_emb,-,7718,0,0.004431000
pgvector,1,generar_emb,-,7719,0,0.013081700
pgvector,1,insert_emb,-,7719,0,0.004367700
pgvector,1,generar_emb,-,7720,0,0.012847000
pgvector,1,insert_emb,-,7720,0,0.004226700
pgvector,1,generar_emb,-,7721,0,0.015310400
pgvector,1,insert_emb,-,7721,0,0.004409400
pgvector,1,generar_emb,-,7722,0,0.015299900
pgvector,1,insert_emb,-,7722,0,0.004465800
pgvector,1,generar_emb,-,7723,0,0.014766000
pgvector,1,insert_emb,-,7723,0,0.004438200
pgvector,1,generar_emb,-,7724,0,0.012803300
pgvector,1,insert_emb,-,7724,0,0.004333900
pgvector,1,generar_emb,-,7725,0,0.013195200
pgvector,1,insert_emb,-,7725,0,0.004384000
pgvector,1,generar_emb,-,7726,0,0.011850300
pgvector,1,insert_emb,-,7726,0,0.004270800
pgvector,1,generar_emb,-,7727,0,0.014987700
pgvector,1,insert_emb,-,7727,0,0.004506200
pgvector,1,generar_emb,-,7728,0,0.011745500
pgvector,1,insert_emb,-,7728,0,0.004264000
pgvector,1,generar_emb,-,7729,0,0.012289600
pgvector,1,insert_emb,-,7729,0,0.004447000
pgvector,1,generar_emb,-,7730,0,0.013243200
pgvector,1,insert_emb,-,7730,0,0.004515600
pgvector,1,generar_emb,-,7731,0,0.010760000
pgvector,1,insert_emb,-,7731,0,0.004327900
pgvector,1,generar_emb,-,7732,0,0.012273600
pgvector,1,insert_emb,-,7732,0,0.004310100
pgvector,1,generar_emb,-,7733,0,0.012964800
pgvector,1,insert_emb,-,7733,0,0.004074500
pgvector,1,generar_emb,-,7734,0,0.015214300
pgvector,1,insert_emb,-,7734,0,0.004417400
pgvector,1,generar_emb,-,7735,0,0.012814300
pgvector,1,insert_emb,-,7735,0,0.004148600
pgvector,1,generar_emb,-,7736,0,0.012586100
pgvector,1,insert_emb,-,7736,0,0.004575100
pgvector,1,generar_emb,-,7737,0,0.014115500
pgvector,1,insert_emb,-,7737,0,0.004102500
pgvector,1,generar_emb,-,7738,0,0.013733400
pgvector,1,insert_emb,-,7738,0,0.004609600
pgvector,1,generar_emb,-,7739,0,0.014320100
pgvector,1,insert_emb,-,7739,0,0.004674100
pgvector,1,generar_emb,-,7740,0,0.012035300
pgvector,1,insert_emb,-,7740,0,0.004679600
pgvector,1,generar_emb,-,7741,0,0.013305900
pgvector,1,insert_emb,-,7741,0,0.005329000
pgvector,1,generar_emb,-,7742,0,0.015129100
pgvector,1,insert_emb,-,7742,0,0.004551100
pgvector,1,generar_emb,-,7743,0,0.012141900
pgvector,1,insert_emb,-,7743,0,0.004444900
pgvector,1,generar_emb,-,7744,0,0.012112300
pgvector,1,insert_emb,-,7744,0,0.004429500
pgvector,1,generar_emb,-,7745,0,0.014081500
pgvector,1,insert_emb,-,7745,0,0.004498800
pgvector,1,generar_emb,-,7746,0,0.012618500
pgvector,1,insert_emb,-,7746,0,0.004480700
pgvector,1,generar_emb,-,7747,0,0.012533000
pgvector,1,insert_emb,-,7747,0,0.004607600
pgvector,1,generar_emb,-,7748,0,0.012966900
pgvector,1,insert_emb,-,7748,0,0.004139200
pgvector,1,generar_emb,-,7749,0,0.012445900
pgvector,1,insert_emb,-,7749,0,0.004157600
pgvector,1,generar_emb,-,7750,0,0.015955700
pgvector,1,insert_emb,-,7750,0,0.004602000
pgvector,1,generar_emb,-,7751,0,0.012318200
pgvector,1,insert_emb,-,7751,0,0.004469900
pgvector,1,generar_emb,-,7752,0,0.015044500
pgvector,1,insert_emb,-,7752,0,0.004448700
pgvector,1,generar_emb,-,7753,0,0.012519100
pgvector,1,insert_emb,-,7753,0,0.004373400
pgvector,1,generar_emb,-,7754,0,0.011722400
pgvector,1,insert_emb,-,7754,0,0.004314000
pgvector,1,generar_emb,-,7755,0,0.012807600
pgvector,1,insert_emb,-,7755,0,0.004563400
pgvector,1,generar_emb,-,7756,0,0.011694600
pgvector,1,insert_emb,-,7756,0,0.004109500
pgvector,1,generar_emb,-,7757,0,0.012180000
pgvector,1,insert_emb,-,7757,0,0.004191800
pgvector,1,generar_emb,-,7758,0,0.011925700
pgvector,1,insert_emb,-,7758,0,0.004092700
pgvector,1,generar_emb,-,7759,0,0.011137900
pgvector,1,insert_emb,-,7759,0,0.004102700
pgvector,1,generar_emb,-,7760,0,0.013540700
pgvector,1,insert_emb,-,7760,0,0.004209600
pgvector,1,generar_emb,-,7761,0,0.011159100
pgvector,1,insert_emb,-,7761,0,0.003968100
pgvector,1,generar_emb,-,7762,0,0.011438500
pgvector,1,insert_emb,-,7762,0,0.004120700
pgvector,1,generar_emb,-,7763,0,0.012256400
pgvector,1,insert_emb,-,7763,0,0.004168400
pgvector,1,generar_emb,-,7764,0,0.011088500
pgvector,1,insert_emb,-,7764,0,0.004170000
pgvector,1,generar_emb,-,7765,0,0.011761800
pgvector,1,insert_emb,-,7765,0,0.004085700
pgvector,1,generar_emb,-,7766,0,0.011165500
pgvector,1,insert_emb,-,7766,0,0.004072500
pgvector,1,generar_emb,-,7767,0,0.011964300
pgvector,1,insert_emb,-,7767,0,0.004085100
pgvector,1,generar_emb,-,7768,0,0.010750300
pgvector,1,insert_emb,-,7768,0,0.004137300
pgvector,1,generar_emb,-,7769,0,0.011557900
pgvector,1,insert_emb,-,7769,0,0.004122700
pgvector,1,generar_emb,-,7770,0,0.012126900
pgvector,1,insert_emb,-,7770,0,0.004250700
pgvector,1,generar_emb,-,7771,0,0.012053200
pgvector,1,insert_emb,-,7771,0,0.004196100
pgvector,1,generar_emb,-,7772,0,0.011920900
pgvector,1,insert_emb,-,7772,0,0.004529700
pgvector,1,generar_emb,-,7773,0,0.011168000
pgvector,1,insert_emb,-,7773,0,0.004133400
pgvector,1,generar_emb,-,7774,0,0.011996800
pgvector,1,insert_emb,-,7774,0,0.004073300
pgvector,1,generar_emb,-,7775,0,0.011683100
pgvector,1,insert_emb,-,7775,0,0.004420000
pgvector,1,generar_emb,-,7776,0,0.012273900
pgvector,1,insert_emb,-,7776,0,0.004593300
pgvector,1,generar_emb,-,7777,0,0.012617200
pgvector,1,insert_emb,-,7777,0,0.004648500
pgvector,1,generar_emb,-,7778,0,0.011391800
pgvector,1,insert_emb,-,7778,0,0.004430700
pgvector,1,generar_emb,-,7779,0,0.011696400
pgvector,1,insert_emb,-,7779,0,0.004368100
pgvector,1,generar_emb,-,7780,0,0.010569100
pgvector,1,insert_emb,-,7780,0,0.004501000
pgvector,1,generar_emb,-,7781,0,0.011028400
pgvector,1,insert_emb,-,7781,0,0.004515000
pgvector,1,generar_emb,-,7782,0,0.012991700
pgvector,1,insert_emb,-,7782,0,0.004243100
pgvector,1,generar_emb,-,7783,0,0.012354300
pgvector,1,insert_emb,-,7783,0,0.004428700
pgvector,1,generar_emb,-,7784,0,0.012454100
pgvector,1,insert_emb,-,7784,0,0.004361400
pgvector,1,generar_emb,-,7785,0,0.011163500
pgvector,1,insert_emb,-,7785,0,0.004290200
pgvector,1,generar_emb,-,7786,0,0.013923900
pgvector,1,insert_emb,-,7786,0,0.004252200
pgvector,1,generar_emb,-,7787,0,0.011938000
pgvector,1,insert_emb,-,7787,0,0.004064700
pgvector,1,generar_emb,-,7788,0,0.013423800
pgvector,1,insert_emb,-,7788,0,0.004061300
pgvector,1,generar_emb,-,7789,0,0.012296600
pgvector,1,insert_emb,-,7789,0,0.004062600
pgvector,1,generar_emb,-,7790,0,0.012880300
pgvector,1,insert_emb,-,7790,0,0.004269400
pgvector,1,generar_emb,-,7791,0,0.012906500
pgvector,1,insert_emb,-,7791,0,0.004133300
pgvector,1,generar_emb,-,7792,0,0.012976500
pgvector,1,insert_emb,-,7792,0,0.004159600
pgvector,1,generar_emb,-,7793,0,0.012823600
pgvector,1,insert_emb,-,7793,0,0.004507500
pgvector,1,generar_emb,-,7794,0,0.012221300
pgvector,1,insert_emb,-,7794,0,0.004193900
pgvector,1,generar_emb,-,7795,0,0.012396500
pgvector,1,insert_emb,-,7795,0,0.004302000
pgvector,1,generar_emb,-,7796,0,0.012764400
pgvector,1,insert_emb,-,7796,0,0.004106600
pgvector,1,generar_emb,-,7797,0,0.014160600
pgvector,1,insert_emb,-,7797,0,0.004501000
pgvector,1,generar_emb,-,7798,0,0.010726400
pgvector,1,insert_emb,-,7798,0,0.004089700
pgvector,1,generar_emb,-,7799,0,0.011002400
pgvector,1,insert_emb,-,7799,0,0.004196100
pgvector,1,generar_emb,-,7800,0,0.012146300
pgvector,1,insert_emb,-,7800,0,0.004205600
pgvector,1,generar_emb,-,7801,0,0.011135300
pgvector,1,insert_emb,-,7801,0,0.004255100
pgvector,1,generar_emb,-,7802,0,0.010649000
pgvector,1,insert_emb,-,7802,0,0.004178400
pgvector,1,generar_emb,-,7803,0,0.012278600
pgvector,1,insert_emb,-,7803,0,0.004039300
pgvector,1,generar_emb,-,7804,0,0.011469400
pgvector,1,insert_emb,-,7804,0,0.004192300
pgvector,1,generar_emb,-,7805,0,0.011541800
pgvector,1,insert_emb,-,7805,0,0.004269300
pgvector,1,generar_emb,-,7806,0,0.014458700
pgvector,1,insert_emb,-,7806,0,0.004365700
pgvector,1,generar_emb,-,7807,0,0.012510900
pgvector,1,insert_emb,-,7807,0,0.004340600
pgvector,1,generar_emb,-,7808,0,0.015430400
pgvector,1,insert_emb,-,7808,0,0.004235800
pgvector,1,generar_emb,-,7809,0,0.013403800
pgvector,1,insert_emb,-,7809,0,0.004323500
pgvector,1,generar_emb,-,7810,0,0.011257700
pgvector,1,insert_emb,-,7810,0,0.004394900
pgvector,1,generar_emb,-,7811,0,0.011592000
pgvector,1,insert_emb,-,7811,0,0.004438200
pgvector,1,generar_emb,-,7812,0,0.012360600
pgvector,1,insert_emb,-,7812,0,0.004339900
pgvector,1,generar_emb,-,7813,0,0.012771100
pgvector,1,insert_emb,-,7813,0,0.004218800
pgvector,1,generar_emb,-,7814,0,0.011131300
pgvector,1,insert_emb,-,7814,0,0.004260900
pgvector,1,generar_emb,-,7815,0,0.011348100
pgvector,1,insert_emb,-,7815,0,0.004211900
pgvector,1,generar_emb,-,7816,0,0.011916700
pgvector,1,insert_emb,-,7816,0,0.004214400
pgvector,1,generar_emb,-,7817,0,0.012583300
pgvector,1,insert_emb,-,7817,0,0.004298300
pgvector,1,generar_emb,-,7818,0,0.010858900
pgvector,1,insert_emb,-,7818,0,0.004059600
pgvector,1,generar_emb,-,7819,0,0.012723800
pgvector,1,insert_emb,-,7819,0,0.004274800
pgvector,1,generar_emb,-,7820,0,0.013448900
pgvector,1,insert_emb,-,7820,0,0.004320500
pgvector,1,generar_emb,-,7821,0,0.012041700
pgvector,1,insert_emb,-,7821,0,0.004147000
pgvector,1,generar_emb,-,7822,0,0.011518400
pgvector,1,insert_emb,-,7822,0,0.004326100
pgvector,1,generar_emb,-,7823,0,0.012462200
pgvector,1,insert_emb,-,7823,0,0.003996200
pgvector,1,generar_emb,-,7824,0,0.012590300
pgvector,1,insert_emb,-,7824,0,0.003935400
pgvector,1,generar_emb,-,7825,0,0.011724300
pgvector,1,insert_emb,-,7825,0,0.004596700
pgvector,1,generar_emb,-,7826,0,0.012166400
pgvector,1,insert_emb,-,7826,0,0.004198300
pgvector,1,generar_emb,-,7827,0,0.013206400
pgvector,1,insert_emb,-,7827,0,0.004163700
pgvector,1,generar_emb,-,7828,0,0.012891500
pgvector,1,insert_emb,-,7828,0,0.004259400
pgvector,1,generar_emb,-,7829,0,0.014585100
pgvector,1,insert_emb,-,7829,0,0.004284500
pgvector,1,generar_emb,-,7830,0,0.012128300
pgvector,1,insert_emb,-,7830,0,0.004680700
pgvector,1,generar_emb,-,7831,0,0.012073900
pgvector,1,insert_emb,-,7831,0,0.004151600
pgvector,1,generar_emb,-,7832,0,0.011904000
pgvector,1,insert_emb,-,7832,0,0.004198300
pgvector,1,generar_emb,-,7833,0,0.011311900
pgvector,1,insert_emb,-,7833,0,0.004300100
pgvector,1,generar_emb,-,7834,0,0.012327400
pgvector,1,insert_emb,-,7834,0,0.004618100
pgvector,1,generar_emb,-,7835,0,0.011471000
pgvector,1,insert_emb,-,7835,0,0.004634500
pgvector,1,generar_emb,-,7836,0,0.010748500
pgvector,1,insert_emb,-,7836,0,0.004342800
pgvector,1,generar_emb,-,7837,0,0.011656200
pgvector,1,insert_emb,-,7837,0,0.004387100
pgvector,1,generar_emb,-,7838,0,0.011484100
pgvector,1,insert_emb,-,7838,0,0.004331000
pgvector,1,generar_emb,-,7839,0,0.012935400
pgvector,1,insert_emb,-,7839,0,0.004536200
pgvector,1,generar_emb,-,7840,0,0.011779700
pgvector,1,insert_emb,-,7840,0,0.004593900
pgvector,1,generar_emb,-,7841,0,0.010775900
pgvector,1,insert_emb,-,7841,0,0.004791400
pgvector,1,generar_emb,-,7842,0,0.012096400
pgvector,1,insert_emb,-,7842,0,0.004464400
pgvector,1,generar_emb,-,7843,0,0.015042100
pgvector,1,insert_emb,-,7843,0,0.003925000
pgvector,1,generar_emb,-,7844,0,0.012123600
pgvector,1,insert_emb,-,7844,0,0.004019400
pgvector,1,generar_emb,-,7845,0,0.012385200
pgvector,1,insert_emb,-,7845,0,0.004346300
pgvector,1,generar_emb,-,7846,0,0.012138600
pgvector,1,insert_emb,-,7846,0,0.004466300
pgvector,1,generar_emb,-,7847,0,0.011770400
pgvector,1,insert_emb,-,7847,0,0.004424200
pgvector,1,generar_emb,-,7848,0,0.011114600
pgvector,1,insert_emb,-,7848,0,0.004303000
pgvector,1,generar_emb,-,7849,0,0.011740400
pgvector,1,insert_emb,-,7849,0,0.004231400
pgvector,1,generar_emb,-,7850,0,0.011557100
pgvector,1,insert_emb,-,7850,0,0.004380400
pgvector,1,generar_emb,-,7851,0,0.011172200
pgvector,1,insert_emb,-,7851,0,0.004152700
pgvector,1,generar_emb,-,7852,0,0.010931500
pgvector,1,insert_emb,-,7852,0,0.004494700
pgvector,1,generar_emb,-,7853,0,0.010865100
pgvector,1,insert_emb,-,7853,0,0.004135300
pgvector,1,generar_emb,-,7854,0,0.011830900
pgvector,1,insert_emb,-,7854,0,0.004231400
pgvector,1,generar_emb,-,7855,0,0.011286100
pgvector,1,insert_emb,-,7855,0,0.004204100
pgvector,1,generar_emb,-,7856,0,0.013244500
pgvector,1,insert_emb,-,7856,0,0.004293300
pgvector,1,generar_emb,-,7857,0,0.011636000
pgvector,1,insert_emb,-,7857,0,0.004209300
pgvector,1,generar_emb,-,7858,0,0.012588300
pgvector,1,insert_emb,-,7858,0,0.004016900
pgvector,1,generar_emb,-,7859,0,0.013218400
pgvector,1,insert_emb,-,7859,0,0.004319300
pgvector,1,generar_emb,-,7860,0,0.014290100
pgvector,1,insert_emb,-,7860,0,0.004151800
pgvector,1,generar_emb,-,7861,0,0.012640200
pgvector,1,insert_emb,-,7861,0,0.004555500
pgvector,1,generar_emb,-,7862,0,0.012896300
pgvector,1,insert_emb,-,7862,0,0.004619400
pgvector,1,generar_emb,-,7863,0,0.015338800
pgvector,1,insert_emb,-,7863,0,0.004936500
pgvector,1,generar_emb,-,7864,0,0.014577900
pgvector,1,insert_emb,-,7864,0,0.004667900
pgvector,1,generar_emb,-,7865,0,0.016234500
pgvector,1,insert_emb,-,7865,0,0.005659900
pgvector,1,generar_emb,-,7866,0,0.016670500
pgvector,1,insert_emb,-,7866,0,0.004827100
pgvector,1,generar_emb,-,7867,0,0.016814300
pgvector,1,insert_emb,-,7867,0,0.004441600
pgvector,1,generar_emb,-,7868,0,0.014237000
pgvector,1,insert_emb,-,7868,0,0.004944200
pgvector,1,generar_emb,-,7869,0,0.017656100
pgvector,1,insert_emb,-,7869,0,0.004706500
pgvector,1,generar_emb,-,7870,0,0.015479800
pgvector,1,insert_emb,-,7870,0,0.005678000
pgvector,1,generar_emb,-,7871,0,0.014553800
pgvector,1,insert_emb,-,7871,0,0.004169000
pgvector,1,generar_emb,-,7872,0,0.012920700
pgvector,1,insert_emb,-,7872,0,0.004319100
pgvector,1,generar_emb,-,7873,0,0.013145000
pgvector,1,insert_emb,-,7873,0,0.004301700
pgvector,1,generar_emb,-,7874,0,0.012981800
pgvector,1,insert_emb,-,7874,0,0.004426700
pgvector,1,generar_emb,-,7875,0,0.011694800
pgvector,1,insert_emb,-,7875,0,0.004448400
pgvector,1,generar_emb,-,7876,0,0.011222500
pgvector,1,insert_emb,-,7876,0,0.004209300
pgvector,1,generar_emb,-,7877,0,0.011445800
pgvector,1,insert_emb,-,7877,0,0.004381800
pgvector,1,generar_emb,-,7878,0,0.011175600
pgvector,1,insert_emb,-,7878,0,0.004318700
pgvector,1,generar_emb,-,7879,0,0.012405000
pgvector,1,insert_emb,-,7879,0,0.004289600
pgvector,1,generar_emb,-,7880,0,0.011948800
pgvector,1,insert_emb,-,7880,0,0.004384200
pgvector,1,generar_emb,-,7881,0,0.011312400
pgvector,1,insert_emb,-,7881,0,0.004370400
pgvector,1,generar_emb,-,7882,0,0.011818400
pgvector,1,insert_emb,-,7882,0,0.004313200
pgvector,1,generar_emb,-,7883,0,0.012464800
pgvector,1,insert_emb,-,7883,0,0.004590900
pgvector,1,generar_emb,-,7884,0,0.011871200
pgvector,1,insert_emb,-,7884,0,0.004097300
pgvector,1,generar_emb,-,7885,0,0.012575300
pgvector,1,insert_emb,-,7885,0,0.004208900
pgvector,1,generar_emb,-,7886,0,0.014463600
pgvector,1,insert_emb,-,7886,0,0.004546000
pgvector,1,generar_emb,-,7887,0,0.015496900
pgvector,1,insert_emb,-,7887,0,0.004156800
pgvector,1,generar_emb,-,7888,0,0.013485900
pgvector,1,insert_emb,-,7888,0,0.004421100
pgvector,1,generar_emb,-,7889,0,0.011722900
pgvector,1,insert_emb,-,7889,0,0.004401800
pgvector,1,generar_emb,-,7890,0,0.012109600
pgvector,1,insert_emb,-,7890,0,0.004664900
pgvector,1,generar_emb,-,7891,0,0.014217200
pgvector,1,insert_emb,-,7891,0,0.004411800
pgvector,1,generar_emb,-,7892,0,0.014091000
pgvector,1,insert_emb,-,7892,0,0.004543900
pgvector,1,generar_emb,-,7893,0,0.012230100
pgvector,1,insert_emb,-,7893,0,0.004517900
pgvector,1,generar_emb,-,7894,0,0.010720400
pgvector,1,insert_emb,-,7894,0,0.004428300
pgvector,1,generar_emb,-,7895,0,0.013232100
pgvector,1,insert_emb,-,7895,0,0.004431500
pgvector,1,generar_emb,-,7896,0,0.012669300
pgvector,1,insert_emb,-,7896,0,0.004464300
pgvector,1,generar_emb,-,7897,0,0.015481400
pgvector,1,insert_emb,-,7897,0,0.005516200
pgvector,1,generar_emb,-,7898,0,0.014706100
pgvector,1,insert_emb,-,7898,0,0.004935100
pgvector,1,generar_emb,-,7899,0,0.018576500
pgvector,1,insert_emb,-,7899,0,0.005423500
pgvector,1,generar_emb,-,7900,0,0.014254800
pgvector,1,insert_emb,-,7900,0,0.005503500
pgvector,1,generar_emb,-,7901,0,0.024501000
pgvector,1,insert_emb,-,7901,0,0.005846700
pgvector,1,generar_emb,-,7902,0,0.022816600
pgvector,1,insert_emb,-,7902,0,0.005764200
pgvector,1,generar_emb,-,7903,0,0.026750200
pgvector,1,insert_emb,-,7903,0,0.007617100
pgvector,1,generar_emb,-,7904,0,0.021994100
pgvector,1,insert_emb,-,7904,0,0.004778300
pgvector,1,generar_emb,-,7905,0,0.011891300
pgvector,1,insert_emb,-,7905,0,0.004713400
pgvector,1,generar_emb,-,7906,0,0.011847700
pgvector,1,insert_emb,-,7906,0,0.004610200
pgvector,1,generar_emb,-,7907,0,0.011389300
pgvector,1,insert_emb,-,7907,0,0.004579600
pgvector,1,generar_emb,-,7908,0,0.014280100
pgvector,1,insert_emb,-,7908,0,0.004253400
pgvector,1,generar_emb,-,7909,0,0.012662100
pgvector,1,insert_emb,-,7909,0,0.004104200
pgvector,1,generar_emb,-,7910,0,0.012032100
pgvector,1,insert_emb,-,7910,0,0.004311900
pgvector,1,generar_emb,-,7911,0,0.013645000
pgvector,1,insert_emb,-,7911,0,0.004506600
pgvector,1,generar_emb,-,7912,0,0.011110800
pgvector,1,insert_emb,-,7912,0,0.004202200
pgvector,1,generar_emb,-,7913,0,0.012574300
pgvector,1,insert_emb,-,7913,0,0.004097700
pgvector,1,generar_emb,-,7914,0,0.011667600
pgvector,1,insert_emb,-,7914,0,0.004228500
pgvector,1,generar_emb,-,7915,0,0.010915000
pgvector,1,insert_emb,-,7915,0,0.004615100
pgvector,1,generar_emb,-,7916,0,0.011903300
pgvector,1,insert_emb,-,7916,0,0.004962600
pgvector,1,generar_emb,-,7917,0,0.013465000
pgvector,1,insert_emb,-,7917,0,0.004106200
pgvector,1,generar_emb,-,7918,0,0.014456700
pgvector,1,insert_emb,-,7918,0,0.004297300
pgvector,1,generar_emb,-,7919,0,0.012518700
pgvector,1,insert_emb,-,7919,0,0.004498200
pgvector,1,generar_emb,-,7920,0,0.013105700
pgvector,1,insert_emb,-,7920,0,0.004368700
pgvector,1,generar_emb,-,7921,0,0.013219000
pgvector,1,insert_emb,-,7921,0,0.004299500
pgvector,1,generar_emb,-,7922,0,0.013399000
pgvector,1,insert_emb,-,7922,0,0.004179100
pgvector,1,generar_emb,-,7923,0,0.014504900
pgvector,1,insert_emb,-,7923,0,0.004460400
pgvector,1,generar_emb,-,7924,0,0.013700700
pgvector,1,insert_emb,-,7924,0,0.004355100
pgvector,1,generar_emb,-,7925,0,0.013331500
pgvector,1,insert_emb,-,7925,0,0.004415200
pgvector,1,generar_emb,-,7926,0,0.013889000
pgvector,1,insert_emb,-,7926,0,0.004572000
pgvector,1,generar_emb,-,7927,0,0.012465600
pgvector,1,insert_emb,-,7927,0,0.004489400
pgvector,1,generar_emb,-,7928,0,0.011798100
pgvector,1,insert_emb,-,7928,0,0.004512900
pgvector,1,generar_emb,-,7929,0,0.011599100
pgvector,1,insert_emb,-,7929,0,0.004519600
pgvector,1,generar_emb,-,7930,0,0.012695400
pgvector,1,insert_emb,-,7930,0,0.004657200
pgvector,1,generar_emb,-,7931,0,0.012311500
pgvector,1,insert_emb,-,7931,0,0.004604100
pgvector,1,generar_emb,-,7932,0,0.011780700
pgvector,1,insert_emb,-,7932,0,0.004459700
pgvector,1,generar_emb,-,7933,0,0.015178100
pgvector,1,insert_emb,-,7933,0,0.004842700
pgvector,1,generar_emb,-,7934,0,0.011991100
pgvector,1,insert_emb,-,7934,0,0.004571300
pgvector,1,generar_emb,-,7935,0,0.013413900
pgvector,1,insert_emb,-,7935,0,0.004279300
pgvector,1,generar_emb,-,7936,0,0.013239800
pgvector,1,insert_emb,-,7936,0,0.004074800
pgvector,1,generar_emb,-,7937,0,0.013249400
pgvector,1,insert_emb,-,7937,0,0.004302400
pgvector,1,generar_emb,-,7938,0,0.013043000
pgvector,1,insert_emb,-,7938,0,0.004255700
pgvector,1,generar_emb,-,7939,0,0.012932300
pgvector,1,insert_emb,-,7939,0,0.004210600
pgvector,1,generar_emb,-,7940,0,0.012284100
pgvector,1,insert_emb,-,7940,0,0.004376200
pgvector,1,generar_emb,-,7941,0,0.011712400
pgvector,1,insert_emb,-,7941,0,0.004641500
pgvector,1,generar_emb,-,7942,0,0.013898400
pgvector,1,insert_emb,-,7942,0,0.004355400
pgvector,1,generar_emb,-,7943,0,0.011083600
pgvector,1,insert_emb,-,7943,0,0.004591900
pgvector,1,generar_emb,-,7944,0,0.010421200
pgvector,1,insert_emb,-,7944,0,0.004392300
pgvector,1,generar_emb,-,7945,0,0.011665300
pgvector,1,insert_emb,-,7945,0,0.004462700
pgvector,1,generar_emb,-,7946,0,0.011723700
pgvector,1,insert_emb,-,7946,0,0.004439600
pgvector,1,generar_emb,-,7947,0,0.010873500
pgvector,1,insert_emb,-,7947,0,0.004230400
pgvector,1,generar_emb,-,7948,0,0.015004300
pgvector,1,insert_emb,-,7948,0,0.004496800
pgvector,1,generar_emb,-,7949,0,0.013488200
pgvector,1,insert_emb,-,7949,0,0.004381000
pgvector,1,generar_emb,-,7950,0,0.016093000
pgvector,1,insert_emb,-,7950,0,0.004239400
pgvector,1,generar_emb,-,7951,0,0.013959200
pgvector,1,insert_emb,-,7951,0,0.004324600
pgvector,1,generar_emb,-,7952,0,0.012263400
pgvector,1,insert_emb,-,7952,0,0.004385000
pgvector,1,generar_emb,-,7953,0,0.012477900
pgvector,1,insert_emb,-,7953,0,0.004469100
pgvector,1,generar_emb,-,7954,0,0.011703800
pgvector,1,insert_emb,-,7954,0,0.004176100
pgvector,1,generar_emb,-,7955,0,0.012082500
pgvector,1,insert_emb,-,7955,0,0.004318300
pgvector,1,generar_emb,-,7956,0,0.012506100
pgvector,1,insert_emb,-,7956,0,0.004267500
pgvector,1,generar_emb,-,7957,0,0.011611300
pgvector,1,insert_emb,-,7957,0,0.004385400
pgvector,1,generar_emb,-,7958,0,0.016524300
pgvector,1,insert_emb,-,7958,0,0.004855300
pgvector,1,generar_emb,-,7959,0,0.013239800
pgvector,1,insert_emb,-,7959,0,0.004271000
pgvector,1,generar_emb,-,7960,0,0.015260100
pgvector,1,insert_emb,-,7960,0,0.004475700
pgvector,1,generar_emb,-,7961,0,0.014326800
pgvector,1,insert_emb,-,7961,0,0.005238400
pgvector,1,generar_emb,-,7962,0,0.016013400
pgvector,1,insert_emb,-,7962,0,0.004829800
pgvector,1,generar_emb,-,7963,0,0.014549900
pgvector,1,insert_emb,-,7963,0,0.004489600
pgvector,1,generar_emb,-,7964,0,0.014593100
pgvector,1,insert_emb,-,7964,0,0.004466300
pgvector,1,generar_emb,-,7965,0,0.012483400
pgvector,1,insert_emb,-,7965,0,0.004506700
pgvector,1,generar_emb,-,7966,0,0.011182200
pgvector,1,insert_emb,-,7966,0,0.004185800
pgvector,1,generar_emb,-,7967,0,0.015269400
pgvector,1,insert_emb,-,7967,0,0.004261900
pgvector,1,generar_emb,-,7968,0,0.011866700
pgvector,1,insert_emb,-,7968,0,0.004366800
pgvector,1,generar_emb,-,7969,0,0.010758300
pgvector,1,insert_emb,-,7969,0,0.004252100
pgvector,1,generar_emb,-,7970,0,0.012128500
pgvector,1,insert_emb,-,7970,0,0.004425500
pgvector,1,generar_emb,-,7971,0,0.011875100
pgvector,1,insert_emb,-,7971,0,0.004386000
pgvector,1,generar_emb,-,7972,0,0.015451500
pgvector,1,insert_emb,-,7972,0,0.004607200
pgvector,1,generar_emb,-,7973,0,0.014129200
pgvector,1,insert_emb,-,7973,0,0.004207600
pgvector,1,generar_emb,-,7974,0,0.012039800
pgvector,1,insert_emb,-,7974,0,0.004494600
pgvector,1,generar_emb,-,7975,0,0.011615600
pgvector,1,insert_emb,-,7975,0,0.004696400
pgvector,1,generar_emb,-,7976,0,0.015636100
pgvector,1,insert_emb,-,7976,0,0.004485300
pgvector,1,generar_emb,-,7977,0,0.011980400
pgvector,1,insert_emb,-,7977,0,0.004171100
pgvector,1,generar_emb,-,7978,0,0.011397500
pgvector,1,insert_emb,-,7978,0,0.004362500
pgvector,1,generar_emb,-,7979,0,0.011290600
pgvector,1,insert_emb,-,7979,0,0.004132200
pgvector,1,generar_emb,-,7980,0,0.011255900
pgvector,1,insert_emb,-,7980,0,0.004481800
pgvector,1,generar_emb,-,7981,0,0.011230600
pgvector,1,insert_emb,-,7981,0,0.004393100
pgvector,1,generar_emb,-,7982,0,0.010991400
pgvector,1,insert_emb,-,7982,0,0.004452700
pgvector,1,generar_emb,-,7983,0,0.011948000
pgvector,1,insert_emb,-,7983,0,0.004174600
pgvector,1,generar_emb,-,7984,0,0.010880800
pgvector,1,insert_emb,-,7984,0,0.004357000
pgvector,1,generar_emb,-,7985,0,0.014239700
pgvector,1,insert_emb,-,7985,0,0.004857000
pgvector,1,generar_emb,-,7986,0,0.015074300
pgvector,1,insert_emb,-,7986,0,0.004390800
pgvector,1,generar_emb,-,7987,0,0.012936400
pgvector,1,insert_emb,-,7987,0,0.004458700
pgvector,1,generar_emb,-,7988,0,0.011354700
pgvector,1,insert_emb,-,7988,0,0.004270500
pgvector,1,generar_emb,-,7989,0,0.014801600
pgvector,1,insert_emb,-,7989,0,0.004762300
pgvector,1,generar_emb,-,7990,0,0.012772900
pgvector,1,insert_emb,-,7990,0,0.004427000
pgvector,1,generar_emb,-,7991,0,0.011456100
pgvector,1,insert_emb,-,7991,0,0.004274700
pgvector,1,generar_emb,-,7992,0,0.010758400
pgvector,1,insert_emb,-,7992,0,0.004326300
pgvector,1,generar_emb,-,7993,0,0.012245300
pgvector,1,insert_emb,-,7993,0,0.004248700
pgvector,1,generar_emb,-,7994,0,0.012681300
pgvector,1,insert_emb,-,7994,0,0.004082000
pgvector,1,generar_emb,-,7995,0,0.011713700
pgvector,1,insert_emb,-,7995,0,0.004017800
pgvector,1,generar_emb,-,7996,0,0.013717700
pgvector,1,insert_emb,-,7996,0,0.004429500
pgvector,1,generar_emb,-,7997,0,0.012741100
pgvector,1,insert_emb,-,7997,0,0.004193800
pgvector,1,generar_emb,-,7998,0,0.012446700
pgvector,1,insert_emb,-,7998,0,0.004484300
pgvector,1,generar_emb,-,7999,0,0.011631400
pgvector,1,insert_emb,-,7999,0,0.004127300
pgvector,1,generar_emb,-,8000,0,0.012898200
pgvector,1,insert_emb,-,8000,0,0.004331200
pgvector,1,generar_emb,-,8001,0,0.011694400
pgvector,1,insert_emb,-,8001,0,0.004137400
pgvector,1,generar_emb,-,8002,0,0.012748300
pgvector,1,insert_emb,-,8002,0,0.004056200
pgvector,1,generar_emb,-,8003,0,0.011435800
pgvector,1,insert_emb,-,8003,0,0.004434100
pgvector,1,generar_emb,-,8004,0,0.013644800
pgvector,1,insert_emb,-,8004,0,0.004328200
pgvector,1,generar_emb,-,8005,0,0.012968000
pgvector,1,insert_emb,-,8005,0,0.004407900
pgvector,1,generar_emb,-,8006,0,0.013824500
pgvector,1,insert_emb,-,8006,0,0.004203200
pgvector,1,generar_emb,-,8007,0,0.012304500
pgvector,1,insert_emb,-,8007,0,0.004345000
pgvector,1,generar_emb,-,8008,0,0.010892500
pgvector,1,insert_emb,-,8008,0,0.004330100
pgvector,1,generar_emb,-,8009,0,0.012352400
pgvector,1,insert_emb,-,8009,0,0.004695000
pgvector,1,generar_emb,-,8010,0,0.011587400
pgvector,1,insert_emb,-,8010,0,0.004546300
pgvector,1,generar_emb,-,8011,0,0.010663400
pgvector,1,insert_emb,-,8011,0,0.004337400
pgvector,1,generar_emb,-,8012,0,0.013250400
pgvector,1,insert_emb,-,8012,0,0.004429300
pgvector,1,generar_emb,-,8013,0,0.011630300
pgvector,1,insert_emb,-,8013,0,0.004211600
pgvector,1,generar_emb,-,8014,0,0.013455800
pgvector,1,insert_emb,-,8014,0,0.004316200
pgvector,1,generar_emb,-,8015,0,0.013593900
pgvector,1,insert_emb,-,8015,0,0.004168800
pgvector,1,generar_emb,-,8016,0,0.011495400
pgvector,1,insert_emb,-,8016,0,0.004237500
pgvector,1,generar_emb,-,8017,0,0.012410900
pgvector,1,insert_emb,-,8017,0,0.004434200
pgvector,1,generar_emb,-,8018,0,0.011345500
pgvector,1,insert_emb,-,8018,0,0.004256700
pgvector,1,generar_emb,-,8019,0,0.011225800
pgvector,1,insert_emb,-,8019,0,0.004152100
pgvector,1,generar_emb,-,8020,0,0.010997800
pgvector,1,insert_emb,-,8020,0,0.005170700
pgvector,1,generar_emb,-,8021,0,0.016654100
pgvector,1,insert_emb,-,8021,0,0.004919400
pgvector,1,generar_emb,-,8022,0,0.013325100
pgvector,1,insert_emb,-,8022,0,0.005105300
pgvector,1,generar_emb,-,8023,0,0.013824000
pgvector,1,insert_emb,-,8023,0,0.005397400
pgvector,1,generar_emb,-,8024,0,0.014887500
pgvector,1,insert_emb,-,8024,0,0.004821300
pgvector,1,generar_emb,-,8025,0,0.013436200
pgvector,1,insert_emb,-,8025,0,0.004939900
pgvector,1,generar_emb,-,8026,0,0.013478600
pgvector,1,insert_emb,-,8026,0,0.005151600
pgvector,1,generar_emb,-,8027,0,0.015824100
pgvector,1,insert_emb,-,8027,0,0.005401100
pgvector,1,generar_emb,-,8028,0,0.013845200
pgvector,1,insert_emb,-,8028,0,0.004512800
pgvector,1,generar_emb,-,8029,0,0.012276500
pgvector,1,insert_emb,-,8029,0,0.004499200
pgvector,1,generar_emb,-,8030,0,0.017884100
pgvector,1,insert_emb,-,8030,0,0.004466700
pgvector,1,generar_emb,-,8031,0,0.012959600
pgvector,1,insert_emb,-,8031,0,0.004390400
pgvector,1,generar_emb,-,8032,0,0.012148800
pgvector,1,insert_emb,-,8032,0,0.004125600
pgvector,1,generar_emb,-,8033,0,0.011900500
pgvector,1,insert_emb,-,8033,0,0.004096100
pgvector,1,generar_emb,-,8034,0,0.013332500
pgvector,1,insert_emb,-,8034,0,0.004025900
pgvector,1,generar_emb,-,8035,0,0.011108000
pgvector,1,insert_emb,-,8035,0,0.004317600
pgvector,1,generar_emb,-,8036,0,0.011118500
pgvector,1,insert_emb,-,8036,0,0.004161200
pgvector,1,generar_emb,-,8037,0,0.012318000
pgvector,1,insert_emb,-,8037,0,0.004457400
pgvector,1,generar_emb,-,8038,0,0.012637700
pgvector,1,insert_emb,-,8038,0,0.004201000
pgvector,1,generar_emb,-,8039,0,0.011798400
pgvector,1,insert_emb,-,8039,0,0.004148600
pgvector,1,generar_emb,-,8040,0,0.012752900
pgvector,1,insert_emb,-,8040,0,0.004493800
pgvector,1,generar_emb,-,8041,0,0.012430400
pgvector,1,insert_emb,-,8041,0,0.004311000
pgvector,1,generar_emb,-,8042,0,0.014314700
pgvector,1,insert_emb,-,8042,0,0.004508700
pgvector,1,generar_emb,-,8043,0,0.011801000
pgvector,1,insert_emb,-,8043,0,0.004440400
pgvector,1,generar_emb,-,8044,0,0.010900000
pgvector,1,insert_emb,-,8044,0,0.004581800
pgvector,1,generar_emb,-,8045,0,0.010885100
pgvector,1,insert_emb,-,8045,0,0.004391800
pgvector,1,generar_emb,-,8046,0,0.011237900
pgvector,1,insert_emb,-,8046,0,0.004363000
pgvector,1,generar_emb,-,8047,0,0.011342100
pgvector,1,insert_emb,-,8047,0,0.004220000
pgvector,1,generar_emb,-,8048,0,0.010989000
pgvector,1,insert_emb,-,8048,0,0.004227800
pgvector,1,generar_emb,-,8049,0,0.012807700
pgvector,1,insert_emb,-,8049,0,0.004397500
pgvector,1,generar_emb,-,8050,0,0.010967000
pgvector,1,insert_emb,-,8050,0,0.004786200
pgvector,1,generar_emb,-,8051,0,0.013776900
pgvector,1,insert_emb,-,8051,0,0.004457100
pgvector,1,generar_emb,-,8052,0,0.012867600
pgvector,1,insert_emb,-,8052,0,0.004090100
pgvector,1,generar_emb,-,8053,0,0.013621600
pgvector,1,insert_emb,-,8053,0,0.004356700
pgvector,1,generar_emb,-,8054,0,0.013842000
pgvector,1,insert_emb,-,8054,0,0.004344300
pgvector,1,generar_emb,-,8055,0,0.013853000
pgvector,1,insert_emb,-,8055,0,0.004433800
pgvector,1,generar_emb,-,8056,0,0.013383900
pgvector,1,insert_emb,-,8056,0,0.004482100
pgvector,1,generar_emb,-,8057,0,0.011637600
pgvector,1,insert_emb,-,8057,0,0.004441900
pgvector,1,generar_emb,-,8058,0,0.013921700
pgvector,1,insert_emb,-,8058,0,0.004232800
pgvector,1,generar_emb,-,8059,0,0.013179000
pgvector,1,insert_emb,-,8059,0,0.004154000
pgvector,1,generar_emb,-,8060,0,0.013375300
pgvector,1,insert_emb,-,8060,0,0.004909500
pgvector,1,generar_emb,-,8061,0,0.014665000
pgvector,1,insert_emb,-,8061,0,0.004200000
pgvector,1,generar_emb,-,8062,0,0.012406900
pgvector,1,insert_emb,-,8062,0,0.004144000
pgvector,1,generar_emb,-,8063,0,0.011760200
pgvector,1,insert_emb,-,8063,0,0.004243900
pgvector,1,generar_emb,-,8064,0,0.011185900
pgvector,1,insert_emb,-,8064,0,0.004199900
pgvector,1,generar_emb,-,8065,0,0.010479200
pgvector,1,insert_emb,-,8065,0,0.004212200
pgvector,1,generar_emb,-,8066,0,0.014952900
pgvector,1,insert_emb,-,8066,0,0.004440700
pgvector,1,generar_emb,-,8067,0,0.014051600
pgvector,1,insert_emb,-,8067,0,0.004382700
pgvector,1,generar_emb,-,8068,0,0.013348800
pgvector,1,insert_emb,-,8068,0,0.004661900
pgvector,1,generar_emb,-,8069,0,0.011628000
pgvector,1,insert_emb,-,8069,0,0.004395400
pgvector,1,generar_emb,-,8070,0,0.014817900
pgvector,1,insert_emb,-,8070,0,0.005006800
pgvector,1,generar_emb,-,8071,0,0.012180300
pgvector,1,insert_emb,-,8071,0,0.004452900
pgvector,1,generar_emb,-,8072,0,0.012828400
pgvector,1,insert_emb,-,8072,0,0.004427500
pgvector,1,generar_emb,-,8073,0,0.012324900
pgvector,1,insert_emb,-,8073,0,0.004465100
pgvector,1,generar_emb,-,8074,0,0.011594200
pgvector,1,insert_emb,-,8074,0,0.004713800
pgvector,1,generar_emb,-,8075,0,0.013835000
pgvector,1,insert_emb,-,8075,0,0.004412100
pgvector,1,generar_emb,-,8076,0,0.011972200
pgvector,1,insert_emb,-,8076,0,0.004506300
pgvector,1,generar_emb,-,8077,0,0.011525000
pgvector,1,insert_emb,-,8077,0,0.004100500
pgvector,1,generar_emb,-,8078,0,0.010791000
pgvector,1,insert_emb,-,8078,0,0.004140200
pgvector,1,generar_emb,-,8079,0,0.010704800
pgvector,1,insert_emb,-,8079,0,0.004016200
pgvector,1,generar_emb,-,8080,0,0.013672100
pgvector,1,insert_emb,-,8080,0,0.004911100
pgvector,1,generar_emb,-,8081,0,0.011400800
pgvector,1,insert_emb,-,8081,0,0.004506700
pgvector,1,generar_emb,-,8082,0,0.012296400
pgvector,1,insert_emb,-,8082,0,0.004204600
pgvector,1,generar_emb,-,8083,0,0.012251200
pgvector,1,insert_emb,-,8083,0,0.004675800
pgvector,1,generar_emb,-,8084,0,0.012196400
pgvector,1,insert_emb,-,8084,0,0.004256100
pgvector,1,generar_emb,-,8085,0,0.011937300
pgvector,1,insert_emb,-,8085,0,0.004301200
pgvector,1,generar_emb,-,8086,0,0.011519900
pgvector,1,insert_emb,-,8086,0,0.004379200
pgvector,1,generar_emb,-,8087,0,0.011800100
pgvector,1,insert_emb,-,8087,0,0.004475900
pgvector,1,generar_emb,-,8088,0,0.012461300
pgvector,1,insert_emb,-,8088,0,0.004318700
pgvector,1,generar_emb,-,8089,0,0.012830300
pgvector,1,insert_emb,-,8089,0,0.004273900
pgvector,1,generar_emb,-,8090,0,0.012267700
pgvector,1,insert_emb,-,8090,0,0.004281500
pgvector,1,generar_emb,-,8091,0,0.011393000
pgvector,1,insert_emb,-,8091,0,0.004269400
pgvector,1,generar_emb,-,8092,0,0.013160200
pgvector,1,insert_emb,-,8092,0,0.004155400
pgvector,1,generar_emb,-,8093,0,0.011965400
pgvector,1,insert_emb,-,8093,0,0.004656800
pgvector,1,generar_emb,-,8094,0,0.013429600
pgvector,1,insert_emb,-,8094,0,0.004638800
pgvector,1,generar_emb,-,8095,0,0.011498100
pgvector,1,insert_emb,-,8095,0,0.004402400
pgvector,1,generar_emb,-,8096,0,0.011644000
pgvector,1,insert_emb,-,8096,0,0.004406600
pgvector,1,generar_emb,-,8097,0,0.011977300
pgvector,1,insert_emb,-,8097,0,0.004407000
pgvector,1,generar_emb,-,8098,0,0.014198300
pgvector,1,insert_emb,-,8098,0,0.004497200
pgvector,1,generar_emb,-,8099,0,0.012216600
pgvector,1,insert_emb,-,8099,0,0.004330200
pgvector,1,generar_emb,-,8100,0,0.011248500
pgvector,1,insert_emb,-,8100,0,0.004356900
pgvector,1,generar_emb,-,8101,0,0.012091100
pgvector,1,insert_emb,-,8101,0,0.004277500
pgvector,1,generar_emb,-,8102,0,0.012734300
pgvector,1,insert_emb,-,8102,0,0.004196200
pgvector,1,generar_emb,-,8103,0,0.012579700
pgvector,1,insert_emb,-,8103,0,0.003993300
pgvector,1,generar_emb,-,8104,0,0.013108000
pgvector,1,insert_emb,-,8104,0,0.004287500
pgvector,1,generar_emb,-,8105,0,0.012663000
pgvector,1,insert_emb,-,8105,0,0.004316700
pgvector,1,generar_emb,-,8106,0,0.012183000
pgvector,1,insert_emb,-,8106,0,0.004280300
pgvector,1,generar_emb,-,8107,0,0.012392700
pgvector,1,insert_emb,-,8107,0,0.004135500
pgvector,1,generar_emb,-,8108,0,0.014963700
pgvector,1,insert_emb,-,8108,0,0.004369300
pgvector,1,generar_emb,-,8109,0,0.012648400
pgvector,1,insert_emb,-,8109,0,0.004211500
pgvector,1,generar_emb,-,8110,0,0.013229000
pgvector,1,insert_emb,-,8110,0,0.004453000
pgvector,1,generar_emb,-,8111,0,0.013280500
pgvector,1,insert_emb,-,8111,0,0.004486100
pgvector,1,generar_emb,-,8112,0,0.012426900
pgvector,1,insert_emb,-,8112,0,0.004395000
pgvector,1,generar_emb,-,8113,0,0.012858200
pgvector,1,insert_emb,-,8113,0,0.004166000
pgvector,1,generar_emb,-,8114,0,0.013450300
pgvector,1,insert_emb,-,8114,0,0.004316000
pgvector,1,generar_emb,-,8115,0,0.014026100
pgvector,1,insert_emb,-,8115,0,0.004715300
pgvector,1,generar_emb,-,8116,0,0.011803300
pgvector,1,insert_emb,-,8116,0,0.004395300
pgvector,1,generar_emb,-,8117,0,0.015363500
pgvector,1,insert_emb,-,8117,0,0.005060400
pgvector,1,generar_emb,-,8118,0,0.013451300
pgvector,1,insert_emb,-,8118,0,0.004395100
pgvector,1,generar_emb,-,8119,0,0.016590500
pgvector,1,insert_emb,-,8119,0,0.004615900
pgvector,1,generar_emb,-,8120,0,0.013253100
pgvector,1,insert_emb,-,8120,0,0.004739200
pgvector,1,generar_emb,-,8121,0,0.012299800
pgvector,1,insert_emb,-,8121,0,0.004588000
pgvector,1,generar_emb,-,8122,0,0.012523000
pgvector,1,insert_emb,-,8122,0,0.004549800
pgvector,1,generar_emb,-,8123,0,0.013888300
pgvector,1,insert_emb,-,8123,0,0.004597200
pgvector,1,generar_emb,-,8124,0,0.011133800
pgvector,1,insert_emb,-,8124,0,0.004493400
pgvector,1,generar_emb,-,8125,0,0.015859800
pgvector,1,insert_emb,-,8125,0,0.004816800
pgvector,1,generar_emb,-,8126,0,0.014860200
pgvector,1,insert_emb,-,8126,0,0.004381700
pgvector,1,generar_emb,-,8127,0,0.083334400
pgvector,1,insert_emb,-,8127,0,0.014205600
pgvector,1,generar_emb,-,8128,0,0.012761100
pgvector,1,insert_emb,-,8128,0,0.004078700
pgvector,1,generar_emb,-,8129,0,0.011873700
pgvector,1,insert_emb,-,8129,0,0.004216400
pgvector,1,generar_emb,-,8130,0,0.011522200
pgvector,1,insert_emb,-,8130,0,0.004394800
pgvector,1,generar_emb,-,8131,0,0.010884000
pgvector,1,insert_emb,-,8131,0,0.004143700
pgvector,1,generar_emb,-,8132,0,0.011579400
pgvector,1,insert_emb,-,8132,0,0.004135600
pgvector,1,generar_emb,-,8133,0,0.014947400
pgvector,1,insert_emb,-,8133,0,0.004381200
pgvector,1,generar_emb,-,8134,0,0.013599500
pgvector,1,insert_emb,-,8134,0,0.004244400
pgvector,1,generar_emb,-,8135,0,0.011640600
pgvector,1,insert_emb,-,8135,0,0.013639900
pgvector,1,generar_emb,-,8136,0,0.013342200
pgvector,1,insert_emb,-,8136,0,0.004212300
pgvector,1,generar_emb,-,8137,0,0.012794400
pgvector,1,insert_emb,-,8137,0,0.004266500
pgvector,1,generar_emb,-,8138,0,0.013780300
pgvector,1,insert_emb,-,8138,0,0.004520300
pgvector,1,generar_emb,-,8139,0,0.012880500
pgvector,1,insert_emb,-,8139,0,0.004444200
pgvector,1,generar_emb,-,8140,0,0.011095700
pgvector,1,insert_emb,-,8140,0,0.004267600
pgvector,1,generar_emb,-,8141,0,0.012345600
pgvector,1,insert_emb,-,8141,0,0.004349600
pgvector,1,generar_emb,-,8142,0,0.013281100
pgvector,1,insert_emb,-,8142,0,0.004462300
pgvector,1,generar_emb,-,8143,0,0.012189100
pgvector,1,insert_emb,-,8143,0,0.004259500
pgvector,1,generar_emb,-,8144,0,0.012370600
pgvector,1,insert_emb,-,8144,0,0.004167700
pgvector,1,generar_emb,-,8145,0,0.011618500
pgvector,1,insert_emb,-,8145,0,0.004268000
pgvector,1,generar_emb,-,8146,0,0.011899300
pgvector,1,insert_emb,-,8146,0,0.004204900
pgvector,1,generar_emb,-,8147,0,0.013648300
pgvector,1,insert_emb,-,8147,0,0.004739500
pgvector,1,generar_emb,-,8148,0,0.012569000
pgvector,1,insert_emb,-,8148,0,0.004179700
pgvector,1,generar_emb,-,8149,0,0.012033900
pgvector,1,insert_emb,-,8149,0,0.004299800
pgvector,1,generar_emb,-,8150,0,0.011222100
pgvector,1,insert_emb,-,8150,0,0.004907700
pgvector,1,generar_emb,-,8151,0,0.013095800
pgvector,1,insert_emb,-,8151,0,0.004790100
pgvector,1,generar_emb,-,8152,0,0.012223400
pgvector,1,insert_emb,-,8152,0,0.004619600
pgvector,1,generar_emb,-,8153,0,0.011850200
pgvector,1,insert_emb,-,8153,0,0.004432000
pgvector,1,generar_emb,-,8154,0,0.010947600
pgvector,1,insert_emb,-,8154,0,0.004922300
pgvector,1,generar_emb,-,8155,0,0.012403400
pgvector,1,insert_emb,-,8155,0,0.004681400
pgvector,1,generar_emb,-,8156,0,0.013492200
pgvector,1,insert_emb,-,8156,0,0.005020000
pgvector,1,generar_emb,-,8157,0,0.012121700
pgvector,1,insert_emb,-,8157,0,0.004662400
pgvector,1,generar_emb,-,8158,0,0.011386500
pgvector,1,insert_emb,-,8158,0,0.004488700
pgvector,1,generar_emb,-,8159,0,0.011393800
pgvector,1,insert_emb,-,8159,0,0.004336300
pgvector,1,generar_emb,-,8160,0,0.011434000
pgvector,1,insert_emb,-,8160,0,0.004434100
pgvector,1,generar_emb,-,8161,0,0.011317000
pgvector,1,insert_emb,-,8161,0,0.004181500
pgvector,1,generar_emb,-,8162,0,0.012907700
pgvector,1,insert_emb,-,8162,0,0.004062200
pgvector,1,generar_emb,-,8163,0,0.014384900
pgvector,1,insert_emb,-,8163,0,0.004289100
pgvector,1,generar_emb,-,8164,0,0.014203200
pgvector,1,insert_emb,-,8164,0,0.004417200
pgvector,1,generar_emb,-,8165,0,0.013293100
pgvector,1,insert_emb,-,8165,0,0.004668200
pgvector,1,generar_emb,-,8166,0,0.011452500
pgvector,1,insert_emb,-,8166,0,0.004431400
pgvector,1,generar_emb,-,8167,0,0.012280400
pgvector,1,insert_emb,-,8167,0,0.004107500
pgvector,1,generar_emb,-,8168,0,0.013934200
pgvector,1,insert_emb,-,8168,0,0.004483100
pgvector,1,generar_emb,-,8169,0,0.013737200
pgvector,1,insert_emb,-,8169,0,0.004615200
pgvector,1,generar_emb,-,8170,0,0.013287600
pgvector,1,insert_emb,-,8170,0,0.004638600
pgvector,1,generar_emb,-,8171,0,0.013976700
pgvector,1,insert_emb,-,8171,0,0.004197100
pgvector,1,generar_emb,-,8172,0,0.013977700
pgvector,1,insert_emb,-,8172,0,0.004275300
pgvector,1,generar_emb,-,8173,0,0.011537200
pgvector,1,insert_emb,-,8173,0,0.004250500
pgvector,1,generar_emb,-,8174,0,0.011662300
pgvector,1,insert_emb,-,8174,0,0.004416400
pgvector,1,generar_emb,-,8175,0,0.011576100
pgvector,1,insert_emb,-,8175,0,0.004520300
pgvector,1,generar_emb,-,8176,0,0.011402500
pgvector,1,insert_emb,-,8176,0,0.004271200
pgvector,1,generar_emb,-,8177,0,0.012394000
pgvector,1,insert_emb,-,8177,0,0.004282500
pgvector,1,generar_emb,-,8178,0,0.011987100
pgvector,1,insert_emb,-,8178,0,0.004379500
pgvector,1,generar_emb,-,8179,0,0.011679000
pgvector,1,insert_emb,-,8179,0,0.004473800
pgvector,1,generar_emb,-,8180,0,0.011989800
pgvector,1,insert_emb,-,8180,0,0.004157000
pgvector,1,generar_emb,-,8181,0,0.011738600
pgvector,1,insert_emb,-,8181,0,0.004228900
pgvector,1,generar_emb,-,8182,0,0.010677300
pgvector,1,insert_emb,-,8182,0,0.004103600
pgvector,1,generar_emb,-,8183,0,0.011204100
pgvector,1,insert_emb,-,8183,0,0.004483800
pgvector,1,generar_emb,-,8184,0,0.013788800
pgvector,1,insert_emb,-,8184,0,0.004340500
pgvector,1,generar_emb,-,8185,0,0.012358100
pgvector,1,insert_emb,-,8185,0,0.004476000
pgvector,1,generar_emb,-,8186,0,0.012171500
pgvector,1,insert_emb,-,8186,0,0.004420700
pgvector,1,generar_emb,-,8187,0,0.011936700
pgvector,1,insert_emb,-,8187,0,0.004545100
pgvector,1,generar_emb,-,8188,0,0.012152700
pgvector,1,insert_emb,-,8188,0,0.004404200
pgvector,1,generar_emb,-,8189,0,0.013784300
pgvector,1,insert_emb,-,8189,0,0.004313200
pgvector,1,generar_emb,-,8190,0,0.012884300
pgvector,1,insert_emb,-,8190,0,0.004368700
pgvector,1,generar_emb,-,8191,0,0.011914600
pgvector,1,insert_emb,-,8191,0,0.004604200
pgvector,1,generar_emb,-,8192,0,0.010868600
pgvector,1,insert_emb,-,8192,0,0.004220200
pgvector,1,generar_emb,-,8193,0,0.013386300
pgvector,1,insert_emb,-,8193,0,0.004674900
pgvector,1,generar_emb,-,8194,0,0.010956300
pgvector,1,insert_emb,-,8194,0,0.004480800
pgvector,1,generar_emb,-,8195,0,0.011759200
pgvector,1,insert_emb,-,8195,0,0.004530500
pgvector,1,generar_emb,-,8196,0,0.013858000
pgvector,1,insert_emb,-,8196,0,0.004423900
pgvector,1,generar_emb,-,8197,0,0.011847300
pgvector,1,insert_emb,-,8197,0,0.004419300
pgvector,1,generar_emb,-,8198,0,0.011361800
pgvector,1,insert_emb,-,8198,0,0.004225400
pgvector,1,generar_emb,-,8199,0,0.012047600
pgvector,1,insert_emb,-,8199,0,0.004293500
pgvector,1,generar_emb,-,8200,0,0.010845300
pgvector,1,insert_emb,-,8200,0,0.004229700
pgvector,1,generar_emb,-,8201,0,0.012242900
pgvector,1,insert_emb,-,8201,0,0.004191200
pgvector,1,generar_emb,-,8202,0,0.011487700
pgvector,1,insert_emb,-,8202,0,0.004183600
pgvector,1,generar_emb,-,8203,0,0.012988300
pgvector,1,insert_emb,-,8203,0,0.004423500
pgvector,1,generar_emb,-,8204,0,0.011290700
pgvector,1,insert_emb,-,8204,0,0.004226500
pgvector,1,generar_emb,-,8205,0,0.015954300
pgvector,1,insert_emb,-,8205,0,0.004647200
pgvector,1,generar_emb,-,8206,0,0.012169900
pgvector,1,insert_emb,-,8206,0,0.004564900
pgvector,1,generar_emb,-,8207,0,0.013671300
pgvector,1,insert_emb,-,8207,0,0.004208200
pgvector,1,generar_emb,-,8208,0,0.010507600
pgvector,1,insert_emb,-,8208,0,0.004429700
pgvector,1,generar_emb,-,8209,0,0.013541300
pgvector,1,insert_emb,-,8209,0,0.004243400
pgvector,1,generar_emb,-,8210,0,0.010901100
pgvector,1,insert_emb,-,8210,0,0.004261700
pgvector,1,generar_emb,-,8211,0,0.014127100
pgvector,1,insert_emb,-,8211,0,0.004220300
pgvector,1,generar_emb,-,8212,0,0.011911700
pgvector,1,insert_emb,-,8212,0,0.004325000
pgvector,1,generar_emb,-,8213,0,0.011148200
pgvector,1,insert_emb,-,8213,0,0.004305000
pgvector,1,generar_emb,-,8214,0,0.012519200
pgvector,1,insert_emb,-,8214,0,0.004355100
pgvector,1,generar_emb,-,8215,0,0.011492300
pgvector,1,insert_emb,-,8215,0,0.004399900
pgvector,1,generar_emb,-,8216,0,0.011788500
pgvector,1,insert_emb,-,8216,0,0.004189400
pgvector,1,generar_emb,-,8217,0,0.013848400
pgvector,1,insert_emb,-,8217,0,0.004583200
pgvector,1,generar_emb,-,8218,0,0.015846400
pgvector,1,insert_emb,-,8218,0,0.004627900
pgvector,1,generar_emb,-,8219,0,0.013396600
pgvector,1,insert_emb,-,8219,0,0.004491500
pgvector,1,generar_emb,-,8220,0,0.010520000
pgvector,1,insert_emb,-,8220,0,0.004484800
pgvector,1,generar_emb,-,8221,0,0.011016700
pgvector,1,insert_emb,-,8221,0,0.004322300
pgvector,1,generar_emb,-,8222,0,0.011835800
pgvector,1,insert_emb,-,8222,0,0.004092900
pgvector,1,generar_emb,-,8223,0,0.012833600
pgvector,1,insert_emb,-,8223,0,0.004204000
pgvector,1,generar_emb,-,8224,0,0.013217400
pgvector,1,insert_emb,-,8224,0,0.004485500
pgvector,1,generar_emb,-,8225,0,0.013040500
pgvector,1,insert_emb,-,8225,0,0.004540000
pgvector,1,generar_emb,-,8226,0,0.011355500
pgvector,1,insert_emb,-,8226,0,0.004169900
pgvector,1,generar_emb,-,8227,0,0.010447400
pgvector,1,insert_emb,-,8227,0,0.004287200
pgvector,1,generar_emb,-,8228,0,0.010841400
pgvector,1,insert_emb,-,8228,0,0.004131200
pgvector,1,generar_emb,-,8229,0,0.010721300
pgvector,1,insert_emb,-,8229,0,0.004311500
pgvector,1,generar_emb,-,8230,0,0.013080900
pgvector,1,insert_emb,-,8230,0,0.004408400
pgvector,1,generar_emb,-,8231,0,0.010805300
pgvector,1,insert_emb,-,8231,0,0.004596800
pgvector,1,generar_emb,-,8232,0,0.011848900
pgvector,1,insert_emb,-,8232,0,0.004481200
pgvector,1,generar_emb,-,8233,0,0.015881700
pgvector,1,insert_emb,-,8233,0,0.004377600
pgvector,1,generar_emb,-,8234,0,0.012863100
pgvector,1,insert_emb,-,8234,0,0.004641200
pgvector,1,generar_emb,-,8235,0,0.012595900
pgvector,1,insert_emb,-,8235,0,0.004518700
pgvector,1,generar_emb,-,8236,0,0.012053500
pgvector,1,insert_emb,-,8236,0,0.004366700
pgvector,1,generar_emb,-,8237,0,0.015035400
pgvector,1,insert_emb,-,8237,0,0.004214500
pgvector,1,generar_emb,-,8238,0,0.013499300
pgvector,1,insert_emb,-,8238,0,0.004505500
pgvector,1,generar_emb,-,8239,0,0.010897600
pgvector,1,insert_emb,-,8239,0,0.004556900
pgvector,1,generar_emb,-,8240,0,0.010755400
pgvector,1,insert_emb,-,8240,0,0.004724400
pgvector,1,generar_emb,-,8241,0,0.014730600
pgvector,1,insert_emb,-,8241,0,0.004774700
pgvector,1,generar_emb,-,8242,0,0.013089600
pgvector,1,insert_emb,-,8242,0,0.004869300
pgvector,1,generar_emb,-,8243,0,0.011238000
pgvector,1,insert_emb,-,8243,0,0.004744700
pgvector,1,generar_emb,-,8244,0,0.012300900
pgvector,1,insert_emb,-,8244,0,0.004790200
pgvector,1,generar_emb,-,8245,0,0.012293700
pgvector,1,insert_emb,-,8245,0,0.004523600
pgvector,1,generar_emb,-,8246,0,0.013449400
pgvector,1,insert_emb,-,8246,0,0.004745400
pgvector,1,generar_emb,-,8247,0,0.011559500
pgvector,1,insert_emb,-,8247,0,0.004324000
pgvector,1,generar_emb,-,8248,0,0.010615400
pgvector,1,insert_emb,-,8248,0,0.004237900
pgvector,1,generar_emb,-,8249,0,0.013577900
pgvector,1,insert_emb,-,8249,0,0.004337400
pgvector,1,generar_emb,-,8250,0,0.011584700
pgvector,1,insert_emb,-,8250,0,0.004418900
pgvector,1,generar_emb,-,8251,0,0.011746300
pgvector,1,insert_emb,-,8251,0,0.004401200
pgvector,1,generar_emb,-,8252,0,0.012222500
pgvector,1,insert_emb,-,8252,0,0.004385500
pgvector,1,generar_emb,-,8253,0,0.012910700
pgvector,1,insert_emb,-,8253,0,0.004499800
pgvector,1,generar_emb,-,8254,0,0.010615300
pgvector,1,insert_emb,-,8254,0,0.004258400
pgvector,1,generar_emb,-,8255,0,0.014443800
pgvector,1,insert_emb,-,8255,0,0.004438600
pgvector,1,generar_emb,-,8256,0,0.011817000
pgvector,1,insert_emb,-,8256,0,0.004580700
pgvector,1,generar_emb,-,8257,0,0.013747700
pgvector,1,insert_emb,-,8257,0,0.004195800
pgvector,1,generar_emb,-,8258,0,0.011397400
pgvector,1,insert_emb,-,8258,0,0.004245200
pgvector,1,generar_emb,-,8259,0,0.013469200
pgvector,1,insert_emb,-,8259,0,0.004341800
pgvector,1,generar_emb,-,8260,0,0.012529200
pgvector,1,insert_emb,-,8260,0,0.004342400
pgvector,1,generar_emb,-,8261,0,0.012152700
pgvector,1,insert_emb,-,8261,0,0.004182400
pgvector,1,generar_emb,-,8262,0,0.011675200
pgvector,1,insert_emb,-,8262,0,0.004273200
pgvector,1,generar_emb,-,8263,0,0.012314400
pgvector,1,insert_emb,-,8263,0,0.004093700
pgvector,1,generar_emb,-,8264,0,0.012535500
pgvector,1,insert_emb,-,8264,0,0.004532700
pgvector,1,generar_emb,-,8265,0,0.013512700
pgvector,1,insert_emb,-,8265,0,0.004447000
pgvector,1,generar_emb,-,8266,0,0.011541000
pgvector,1,insert_emb,-,8266,0,0.004332400
pgvector,1,generar_emb,-,8267,0,0.011198100
pgvector,1,insert_emb,-,8267,0,0.004236000
pgvector,1,generar_emb,-,8268,0,0.011788300
pgvector,1,insert_emb,-,8268,0,0.004122800
pgvector,1,generar_emb,-,8269,0,0.010610800
pgvector,1,insert_emb,-,8269,0,0.004276600
pgvector,1,generar_emb,-,8270,0,0.011105900
pgvector,1,insert_emb,-,8270,0,0.004273000
pgvector,1,generar_emb,-,8271,0,0.011015700
pgvector,1,insert_emb,-,8271,0,0.004149700
pgvector,1,generar_emb,-,8272,0,0.010950700
pgvector,1,insert_emb,-,8272,0,0.004119800
pgvector,1,generar_emb,-,8273,0,0.011009700
pgvector,1,insert_emb,-,8273,0,0.004194400
pgvector,1,generar_emb,-,8274,0,0.011129700
pgvector,1,insert_emb,-,8274,0,0.004442600
pgvector,1,generar_emb,-,8275,0,0.010776600
pgvector,1,insert_emb,-,8275,0,0.004401900
pgvector,1,generar_emb,-,8276,0,0.010660200
pgvector,1,insert_emb,-,8276,0,0.004394100
pgvector,1,generar_emb,-,8277,0,0.010183000
pgvector,1,insert_emb,-,8277,0,0.004330400
pgvector,1,generar_emb,-,8278,0,0.011140800
pgvector,1,insert_emb,-,8278,0,0.004661200
pgvector,1,generar_emb,-,8279,0,0.010551400
pgvector,1,insert_emb,-,8279,0,0.004280800
pgvector,1,generar_emb,-,8280,0,0.012433600
pgvector,1,insert_emb,-,8280,0,0.004694200
pgvector,1,generar_emb,-,8281,0,0.010354700
pgvector,1,insert_emb,-,8281,0,0.004700700
pgvector,1,generar_emb,-,8282,0,0.014576500
pgvector,1,insert_emb,-,8282,0,0.004436200
pgvector,1,generar_emb,-,8283,0,0.011534500
pgvector,1,insert_emb,-,8283,0,0.004453500
pgvector,1,generar_emb,-,8284,0,0.011554400
pgvector,1,insert_emb,-,8284,0,0.004616100
pgvector,1,generar_emb,-,8285,0,0.011369000
pgvector,1,insert_emb,-,8285,0,0.004573100
pgvector,1,generar_emb,-,8286,0,0.011751600
pgvector,1,insert_emb,-,8286,0,0.004379200
pgvector,1,generar_emb,-,8287,0,0.011445500
pgvector,1,insert_emb,-,8287,0,0.004260600
pgvector,1,generar_emb,-,8288,0,0.011340900
pgvector,1,insert_emb,-,8288,0,0.004040400
pgvector,1,generar_emb,-,8289,0,0.010449800
pgvector,1,insert_emb,-,8289,0,0.004233900
pgvector,1,generar_emb,-,8290,0,0.011228300
pgvector,1,insert_emb,-,8290,0,0.004549000
pgvector,1,generar_emb,-,8291,0,0.012418900
pgvector,1,insert_emb,-,8291,0,0.004436300
pgvector,1,generar_emb,-,8292,0,0.012254100
pgvector,1,insert_emb,-,8292,0,0.004405600
pgvector,1,generar_emb,-,8293,0,0.010723300
pgvector,1,insert_emb,-,8293,0,0.004742500
pgvector,1,generar_emb,-,8294,0,0.011507700
pgvector,1,insert_emb,-,8294,0,0.004704100
pgvector,1,generar_emb,-,8295,0,0.009921200
pgvector,1,insert_emb,-,8295,0,0.004372700
pgvector,1,generar_emb,-,8296,0,0.010590200
pgvector,1,insert_emb,-,8296,0,0.004534800
pgvector,1,generar_emb,-,8297,0,0.011645800
pgvector,1,insert_emb,-,8297,0,0.004263300
pgvector,1,generar_emb,-,8298,0,0.013553800
pgvector,1,insert_emb,-,8298,0,0.004321500
pgvector,1,generar_emb,-,8299,0,0.012965100
pgvector,1,insert_emb,-,8299,0,0.004296200
pgvector,1,generar_emb,-,8300,0,0.016145500
pgvector,1,insert_emb,-,8300,0,0.004920900
pgvector,1,generar_emb,-,8301,0,0.013029600
pgvector,1,insert_emb,-,8301,0,0.004182100
pgvector,1,generar_emb,-,8302,0,0.012585400
pgvector,1,insert_emb,-,8302,0,0.004066500
pgvector,1,generar_emb,-,8303,0,0.012332000
pgvector,1,insert_emb,-,8303,0,0.004475300
pgvector,1,generar_emb,-,8304,0,0.011152900
pgvector,1,insert_emb,-,8304,0,0.004374600
pgvector,1,generar_emb,-,8305,0,0.013201400
pgvector,1,insert_emb,-,8305,0,0.004308800
pgvector,1,generar_emb,-,8306,0,0.010714500
pgvector,1,insert_emb,-,8306,0,0.004482600
pgvector,1,generar_emb,-,8307,0,0.011495300
pgvector,1,insert_emb,-,8307,0,0.004382700
pgvector,1,generar_emb,-,8308,0,0.012197900
pgvector,1,insert_emb,-,8308,0,0.004440900
pgvector,1,generar_emb,-,8309,0,0.010969700
pgvector,1,insert_emb,-,8309,0,0.004307000
pgvector,1,generar_emb,-,8310,0,0.012397100
pgvector,1,insert_emb,-,8310,0,0.004443200
pgvector,1,generar_emb,-,8311,0,0.013413100
pgvector,1,insert_emb,-,8311,0,0.004262500
pgvector,1,generar_emb,-,8312,0,0.013610300
pgvector,1,insert_emb,-,8312,0,0.004526500
pgvector,1,generar_emb,-,8313,0,0.012395800
pgvector,1,insert_emb,-,8313,0,0.004494300
pgvector,1,generar_emb,-,8314,0,0.011035500
pgvector,1,insert_emb,-,8314,0,0.004307400
pgvector,1,generar_emb,-,8315,0,0.011129100
pgvector,1,insert_emb,-,8315,0,0.004698600
pgvector,1,generar_emb,-,8316,0,0.011362400
pgvector,1,insert_emb,-,8316,0,0.004442900
pgvector,1,generar_emb,-,8317,0,0.013401500
pgvector,1,insert_emb,-,8317,0,0.004643000
pgvector,1,generar_emb,-,8318,0,0.013885500
pgvector,1,insert_emb,-,8318,0,0.004621500
pgvector,1,generar_emb,-,8319,0,0.011360900
pgvector,1,insert_emb,-,8319,0,0.004157700
pgvector,1,generar_emb,-,8320,0,0.011875000
pgvector,1,insert_emb,-,8320,0,0.004224600
pgvector,1,generar_emb,-,8321,0,0.010662500
pgvector,1,insert_emb,-,8321,0,0.004567500
pgvector,1,generar_emb,-,8322,0,0.011524800
pgvector,1,insert_emb,-,8322,0,0.004226500
pgvector,1,generar_emb,-,8323,0,0.012356000
pgvector,1,insert_emb,-,8323,0,0.004148100
pgvector,1,generar_emb,-,8324,0,0.011344000
pgvector,1,insert_emb,-,8324,0,0.004383600
pgvector,1,generar_emb,-,8325,0,0.011368000
pgvector,1,insert_emb,-,8325,0,0.004319700
pgvector,1,generar_emb,-,8326,0,0.011846500
pgvector,1,insert_emb,-,8326,0,0.004131400
pgvector,1,generar_emb,-,8327,0,0.011699500
pgvector,1,insert_emb,-,8327,0,0.004320900
pgvector,1,generar_emb,-,8328,0,0.011281800
pgvector,1,insert_emb,-,8328,0,0.004386600
pgvector,1,generar_emb,-,8329,0,0.012184600
pgvector,1,insert_emb,-,8329,0,0.004243900
pgvector,1,generar_emb,-,8330,0,0.012305800
pgvector,1,insert_emb,-,8330,0,0.004849600
pgvector,1,generar_emb,-,8331,0,0.011936000
pgvector,1,insert_emb,-,8331,0,0.004535900
pgvector,1,generar_emb,-,8332,0,0.011584600
pgvector,1,insert_emb,-,8332,0,0.004567900
pgvector,1,generar_emb,-,8333,0,0.012082100
pgvector,1,insert_emb,-,8333,0,0.004643900
pgvector,1,generar_emb,-,8334,0,0.011060200
pgvector,1,insert_emb,-,8334,0,0.004541900
pgvector,1,generar_emb,-,8335,0,0.012075400
pgvector,1,insert_emb,-,8335,0,0.004467200
pgvector,1,generar_emb,-,8336,0,0.012057500
pgvector,1,insert_emb,-,8336,0,0.004551400
pgvector,1,generar_emb,-,8337,0,0.012672000
pgvector,1,insert_emb,-,8337,0,0.004719600
pgvector,1,generar_emb,-,8338,0,0.011571700
pgvector,1,insert_emb,-,8338,0,0.004664500
pgvector,1,generar_emb,-,8339,0,0.011498700
pgvector,1,insert_emb,-,8339,0,0.004533600
pgvector,1,generar_emb,-,8340,0,0.011842500
pgvector,1,insert_emb,-,8340,0,0.004380300
pgvector,1,generar_emb,-,8341,0,0.011108600
pgvector,1,insert_emb,-,8341,0,0.004238200
pgvector,1,generar_emb,-,8342,0,0.010880700
pgvector,1,insert_emb,-,8342,0,0.004215600
pgvector,1,generar_emb,-,8343,0,0.011414300
pgvector,1,insert_emb,-,8343,0,0.004242600
pgvector,1,generar_emb,-,8344,0,0.013755200
pgvector,1,insert_emb,-,8344,0,0.004254300
pgvector,1,generar_emb,-,8345,0,0.011301800
pgvector,1,insert_emb,-,8345,0,0.004335900
pgvector,1,generar_emb,-,8346,0,0.010709700
pgvector,1,insert_emb,-,8346,0,0.004088900
pgvector,1,generar_emb,-,8347,0,0.013089100
pgvector,1,insert_emb,-,8347,0,0.004338300
pgvector,1,generar_emb,-,8348,0,0.010723300
pgvector,1,insert_emb,-,8348,0,0.004362500
pgvector,1,generar_emb,-,8349,0,0.011510800
pgvector,1,insert_emb,-,8349,0,0.004167500
pgvector,1,generar_emb,-,8350,0,0.012151900
pgvector,1,insert_emb,-,8350,0,0.004188700
pgvector,1,generar_emb,-,8351,0,0.013137400
pgvector,1,insert_emb,-,8351,0,0.004177900
pgvector,1,generar_emb,-,8352,0,0.011867100
pgvector,1,insert_emb,-,8352,0,0.004075200
pgvector,1,generar_emb,-,8353,0,0.012467600
pgvector,1,insert_emb,-,8353,0,0.004153000
pgvector,1,generar_emb,-,8354,0,0.012768500
pgvector,1,insert_emb,-,8354,0,0.004235300
pgvector,1,generar_emb,-,8355,0,0.010910500
pgvector,1,insert_emb,-,8355,0,0.004695700
pgvector,1,generar_emb,-,8356,0,0.014024400
pgvector,1,insert_emb,-,8356,0,0.004402700
pgvector,1,generar_emb,-,8357,0,0.013314900
pgvector,1,insert_emb,-,8357,0,0.004534400
pgvector,1,generar_emb,-,8358,0,0.012621500
pgvector,1,insert_emb,-,8358,0,0.004775300
pgvector,1,generar_emb,-,8359,0,0.012576400
pgvector,1,insert_emb,-,8359,0,0.004407400
pgvector,1,generar_emb,-,8360,0,0.013286400
pgvector,1,insert_emb,-,8360,0,0.005043700
pgvector,1,generar_emb,-,8361,0,0.013961900
pgvector,1,insert_emb,-,8361,0,0.004529900
pgvector,1,generar_emb,-,8362,0,0.011468200
pgvector,1,insert_emb,-,8362,0,0.004349500
pgvector,1,generar_emb,-,8363,0,0.010726500
pgvector,1,insert_emb,-,8363,0,0.004021000
pgvector,1,generar_emb,-,8364,0,0.010374200
pgvector,1,insert_emb,-,8364,0,0.004367000
pgvector,1,generar_emb,-,8365,0,0.011947900
pgvector,1,insert_emb,-,8365,0,0.004750300
pgvector,1,generar_emb,-,8366,0,0.010510900
pgvector,1,insert_emb,-,8366,0,0.004218800
pgvector,1,generar_emb,-,8367,0,0.013215500
pgvector,1,insert_emb,-,8367,0,0.004299200
pgvector,1,generar_emb,-,8368,0,0.010697800
pgvector,1,insert_emb,-,8368,0,0.004442600
pgvector,1,generar_emb,-,8369,0,0.010589000
pgvector,1,insert_emb,-,8369,0,0.004156000
pgvector,1,generar_emb,-,8370,0,0.012436100
pgvector,1,insert_emb,-,8370,0,0.004154000
pgvector,1,generar_emb,-,8371,0,0.012509100
pgvector,1,insert_emb,-,8371,0,0.004262800
pgvector,1,generar_emb,-,8372,0,0.013581600
pgvector,1,insert_emb,-,8372,0,0.004297300
pgvector,1,generar_emb,-,8373,0,0.012373900
pgvector,1,insert_emb,-,8373,0,0.004324500
pgvector,1,generar_emb,-,8374,0,0.012289800
pgvector,1,insert_emb,-,8374,0,0.004312300
pgvector,1,generar_emb,-,8375,0,0.012697700
pgvector,1,insert_emb,-,8375,0,0.005146900
pgvector,1,generar_emb,-,8376,0,0.013107300
pgvector,1,insert_emb,-,8376,0,0.004114100
pgvector,1,generar_emb,-,8377,0,0.013602500
pgvector,1,insert_emb,-,8377,0,0.004352600
pgvector,1,generar_emb,-,8378,0,0.010644100
pgvector,1,insert_emb,-,8378,0,0.004222400
pgvector,1,generar_emb,-,8379,0,0.012793800
pgvector,1,insert_emb,-,8379,0,0.004683100
pgvector,1,generar_emb,-,8380,0,0.012543600
pgvector,1,insert_emb,-,8380,0,0.004516400
pgvector,1,generar_emb,-,8381,0,0.012536000
pgvector,1,insert_emb,-,8381,0,0.004386200
pgvector,1,generar_emb,-,8382,0,0.011987800
pgvector,1,insert_emb,-,8382,0,0.004285800
pgvector,1,generar_emb,-,8383,0,0.011480300
pgvector,1,insert_emb,-,8383,0,0.004596800
pgvector,1,generar_emb,-,8384,0,0.013652000
pgvector,1,insert_emb,-,8384,0,0.004473300
pgvector,1,generar_emb,-,8385,0,0.014622600
pgvector,1,insert_emb,-,8385,0,0.004293000
pgvector,1,generar_emb,-,8386,0,0.012157800
pgvector,1,insert_emb,-,8386,0,0.004274000
pgvector,1,generar_emb,-,8387,0,0.011517600
pgvector,1,insert_emb,-,8387,0,0.004531700
pgvector,1,generar_emb,-,8388,0,0.014121900
pgvector,1,insert_emb,-,8388,0,0.004702300
pgvector,1,generar_emb,-,8389,0,0.014505400
pgvector,1,insert_emb,-,8389,0,0.004379800
pgvector,1,generar_emb,-,8390,0,0.011823600
pgvector,1,insert_emb,-,8390,0,0.004136100
pgvector,1,generar_emb,-,8391,0,0.010749200
pgvector,1,insert_emb,-,8391,0,0.004152900
pgvector,1,generar_emb,-,8392,0,0.012420600
pgvector,1,insert_emb,-,8392,0,0.004188900
pgvector,1,generar_emb,-,8393,0,0.012986900
pgvector,1,insert_emb,-,8393,0,0.004408800
pgvector,1,generar_emb,-,8394,0,0.013586100
pgvector,1,insert_emb,-,8394,0,0.004099200
pgvector,1,generar_emb,-,8395,0,0.012437800
pgvector,1,insert_emb,-,8395,0,0.004372600
pgvector,1,generar_emb,-,8396,0,0.012459000
pgvector,1,insert_emb,-,8396,0,0.004484400
pgvector,1,generar_emb,-,8397,0,0.012795200
pgvector,1,insert_emb,-,8397,0,0.004299800
pgvector,1,generar_emb,-,8398,0,0.012728300
pgvector,1,insert_emb,-,8398,0,0.004274900
pgvector,1,generar_emb,-,8399,0,0.013538600
pgvector,1,insert_emb,-,8399,0,0.004357600
pgvector,1,generar_emb,-,8400,0,0.012492100
pgvector,1,insert_emb,-,8400,0,0.004522000
pgvector,1,generar_emb,-,8401,0,0.012672000
pgvector,1,insert_emb,-,8401,0,0.004314300
pgvector,1,generar_emb,-,8402,0,0.011952200
pgvector,1,insert_emb,-,8402,0,0.004097200
pgvector,1,generar_emb,-,8403,0,0.013199800
pgvector,1,insert_emb,-,8403,0,0.004234300
pgvector,1,generar_emb,-,8404,0,0.010433000
pgvector,1,insert_emb,-,8404,0,0.004217400
pgvector,1,generar_emb,-,8405,0,0.012815800
pgvector,1,insert_emb,-,8405,0,0.004675100
pgvector,1,generar_emb,-,8406,0,0.012073400
pgvector,1,insert_emb,-,8406,0,0.004564600
pgvector,1,generar_emb,-,8407,0,0.012496900
pgvector,1,insert_emb,-,8407,0,0.004331400
pgvector,1,generar_emb,-,8408,0,0.012763600
pgvector,1,insert_emb,-,8408,0,0.004365900
pgvector,1,generar_emb,-,8409,0,0.011379300
pgvector,1,insert_emb,-,8409,0,0.004441200
pgvector,1,generar_emb,-,8410,0,0.013343100
pgvector,1,insert_emb,-,8410,0,0.004369700
pgvector,1,generar_emb,-,8411,0,0.011543900
pgvector,1,insert_emb,-,8411,0,0.004393800
pgvector,1,generar_emb,-,8412,0,0.011984500
pgvector,1,insert_emb,-,8412,0,0.004333200
pgvector,1,generar_emb,-,8413,0,0.011973400
pgvector,1,insert_emb,-,8413,0,0.004516300
pgvector,1,generar_emb,-,8414,0,0.011683400
pgvector,1,insert_emb,-,8414,0,0.004424200
pgvector,1,generar_emb,-,8415,0,0.011791800
pgvector,1,insert_emb,-,8415,0,0.004619200
pgvector,1,generar_emb,-,8416,0,0.013368000
pgvector,1,insert_emb,-,8416,0,0.004652600
pgvector,1,generar_emb,-,8417,0,0.012451400
pgvector,1,insert_emb,-,8417,0,0.004392100
pgvector,1,generar_emb,-,8418,0,0.012332700
pgvector,1,insert_emb,-,8418,0,0.004422100
pgvector,1,generar_emb,-,8419,0,0.012690100
pgvector,1,insert_emb,-,8419,0,0.004506900
pgvector,1,generar_emb,-,8420,0,0.012959800
pgvector,1,insert_emb,-,8420,0,0.004665900
pgvector,1,generar_emb,-,8421,0,0.012286100
pgvector,1,insert_emb,-,8421,0,0.004376400
pgvector,1,generar_emb,-,8422,0,0.012808900
pgvector,1,insert_emb,-,8422,0,0.004431700
pgvector,1,generar_emb,-,8423,0,0.011265000
pgvector,1,insert_emb,-,8423,0,0.004771400
pgvector,1,generar_emb,-,8424,0,0.011338100
pgvector,1,insert_emb,-,8424,0,0.004695900
pgvector,1,generar_emb,-,8425,0,0.012352400
pgvector,1,insert_emb,-,8425,0,0.004139400
pgvector,1,generar_emb,-,8426,0,0.014284300
pgvector,1,insert_emb,-,8426,0,0.004382200
pgvector,1,generar_emb,-,8427,0,0.015220700
pgvector,1,insert_emb,-,8427,0,0.004604600
pgvector,1,generar_emb,-,8428,0,0.012254500
pgvector,1,insert_emb,-,8428,0,0.004775400
pgvector,1,generar_emb,-,8429,0,0.012779700
pgvector,1,insert_emb,-,8429,0,0.004646600
pgvector,1,generar_emb,-,8430,0,0.012191100
pgvector,1,insert_emb,-,8430,0,0.004338700
pgvector,1,generar_emb,-,8431,0,0.013232000
pgvector,1,insert_emb,-,8431,0,0.004528900
pgvector,1,generar_emb,-,8432,0,0.011503200
pgvector,1,insert_emb,-,8432,0,0.004495400
pgvector,1,generar_emb,-,8433,0,0.015044700
pgvector,1,insert_emb,-,8433,0,0.004729900
pgvector,1,generar_emb,-,8434,0,0.012521800
pgvector,1,insert_emb,-,8434,0,0.004415400
pgvector,1,generar_emb,-,8435,0,0.011350000
pgvector,1,insert_emb,-,8435,0,0.004045300
pgvector,1,generar_emb,-,8436,0,0.012283900
pgvector,1,insert_emb,-,8436,0,0.004029000
pgvector,1,generar_emb,-,8437,0,0.012915700
pgvector,1,insert_emb,-,8437,0,0.004310400
pgvector,1,generar_emb,-,8438,0,0.012805800
pgvector,1,insert_emb,-,8438,0,0.004270000
pgvector,1,generar_emb,-,8439,0,0.011524200
pgvector,1,insert_emb,-,8439,0,0.004181000
pgvector,1,generar_emb,-,8440,0,0.013490100
pgvector,1,insert_emb,-,8440,0,0.004547500
pgvector,1,generar_emb,-,8441,0,0.013544600
pgvector,1,insert_emb,-,8441,0,0.004176000
pgvector,1,generar_emb,-,8442,0,0.013157300
pgvector,1,insert_emb,-,8442,0,0.004248100
pgvector,1,generar_emb,-,8443,0,0.013566500
pgvector,1,insert_emb,-,8443,0,0.004399100
pgvector,1,generar_emb,-,8444,0,0.011666600
pgvector,1,insert_emb,-,8444,0,0.004396400
pgvector,1,generar_emb,-,8445,0,0.010742200
pgvector,1,insert_emb,-,8445,0,0.004570800
pgvector,1,generar_emb,-,8446,0,0.015853100
pgvector,1,insert_emb,-,8446,0,0.004700300
pgvector,1,generar_emb,-,8447,0,0.011936500
pgvector,1,insert_emb,-,8447,0,0.004400300
pgvector,1,generar_emb,-,8448,0,0.012957200
pgvector,1,insert_emb,-,8448,0,0.004607500
pgvector,1,generar_emb,-,8449,0,0.013682400
pgvector,1,insert_emb,-,8449,0,0.004350000
pgvector,1,generar_emb,-,8450,0,0.012090500
pgvector,1,insert_emb,-,8450,0,0.004494100
pgvector,1,generar_emb,-,8451,0,0.011782600
pgvector,1,insert_emb,-,8451,0,0.004427600
pgvector,1,generar_emb,-,8452,0,0.013621000
pgvector,1,insert_emb,-,8452,0,0.004474900
pgvector,1,generar_emb,-,8453,0,0.012587100
pgvector,1,insert_emb,-,8453,0,0.004289300
pgvector,1,generar_emb,-,8454,0,0.013284400
pgvector,1,insert_emb,-,8454,0,0.004314500
pgvector,1,generar_emb,-,8455,0,0.014068900
pgvector,1,insert_emb,-,8455,0,0.004220500
pgvector,1,generar_emb,-,8456,0,0.017062400
pgvector,1,insert_emb,-,8456,0,0.004287600
pgvector,1,generar_emb,-,8457,0,0.015398100
pgvector,1,insert_emb,-,8457,0,0.004284000
pgvector,1,generar_emb,-,8458,0,0.012694100
pgvector,1,insert_emb,-,8458,0,0.004139900
pgvector,1,generar_emb,-,8459,0,0.014505400
pgvector,1,insert_emb,-,8459,0,0.004509900
pgvector,1,generar_emb,-,8460,0,0.017202200
pgvector,1,insert_emb,-,8460,0,0.004645100
pgvector,1,generar_emb,-,8461,0,0.016793000
pgvector,1,insert_emb,-,8461,0,0.004226600
pgvector,1,generar_emb,-,8462,0,0.012940300
pgvector,1,insert_emb,-,8462,0,0.004499800
pgvector,1,generar_emb,-,8463,0,0.014704800
pgvector,1,insert_emb,-,8463,0,0.004421100
pgvector,1,generar_emb,-,8464,0,0.016722200
pgvector,1,insert_emb,-,8464,0,0.005006400
pgvector,1,generar_emb,-,8465,0,0.012412800
pgvector,1,insert_emb,-,8465,0,0.004375100
pgvector,1,generar_emb,-,8466,0,0.013765600
pgvector,1,insert_emb,-,8466,0,0.004480900
pgvector,1,generar_emb,-,8467,0,0.013186600
pgvector,1,insert_emb,-,8467,0,0.004396400
pgvector,1,generar_emb,-,8468,0,0.013302900
pgvector,1,insert_emb,-,8468,0,0.004592300
pgvector,1,generar_emb,-,8469,0,0.014579700
pgvector,1,insert_emb,-,8469,0,0.004581600
pgvector,1,generar_emb,-,8470,0,0.012813800
pgvector,1,insert_emb,-,8470,0,0.004584800
pgvector,1,generar_emb,-,8471,0,0.011263300
pgvector,1,insert_emb,-,8471,0,0.004331700
pgvector,1,generar_emb,-,8472,0,0.011933500
pgvector,1,insert_emb,-,8472,0,0.004243200
pgvector,1,generar_emb,-,8473,0,0.016745200
pgvector,1,insert_emb,-,8473,0,0.004169200
pgvector,1,generar_emb,-,8474,0,0.011741500
pgvector,1,insert_emb,-,8474,0,0.004511300
pgvector,1,generar_emb,-,8475,0,0.016103000
pgvector,1,insert_emb,-,8475,0,0.004356400
pgvector,1,generar_emb,-,8476,0,0.013410100
pgvector,1,insert_emb,-,8476,0,0.004307300
pgvector,1,generar_emb,-,8477,0,0.013317300
pgvector,1,insert_emb,-,8477,0,0.004388600
pgvector,1,generar_emb,-,8478,0,0.013668600
pgvector,1,insert_emb,-,8478,0,0.005893500
pgvector,1,generar_emb,-,8479,0,0.021685900
pgvector,1,insert_emb,-,8479,0,0.005566600
pgvector,1,generar_emb,-,8480,0,0.016353400
pgvector,1,insert_emb,-,8480,0,0.006148300
pgvector,1,generar_emb,-,8481,0,0.023423700
pgvector,1,insert_emb,-,8481,0,0.006315200
pgvector,1,generar_emb,-,8482,0,0.020249200
pgvector,1,insert_emb,-,8482,0,0.005993900
pgvector,1,generar_emb,-,8483,0,0.028406500
pgvector,1,insert_emb,-,8483,0,0.005704000
pgvector,1,generar_emb,-,8484,0,0.028646800
pgvector,1,insert_emb,-,8484,0,0.004612500
pgvector,1,generar_emb,-,8485,0,0.015913500
pgvector,1,insert_emb,-,8485,0,0.004868300
pgvector,1,generar_emb,-,8486,0,0.014006700
pgvector,1,insert_emb,-,8486,0,0.004412700
pgvector,1,generar_emb,-,8487,0,0.013888800
pgvector,1,insert_emb,-,8487,0,0.004120700
pgvector,1,generar_emb,-,8488,0,0.014447900
pgvector,1,insert_emb,-,8488,0,0.004252600
pgvector,1,generar_emb,-,8489,0,0.014614200
pgvector,1,insert_emb,-,8489,0,0.004528600
pgvector,1,generar_emb,-,8490,0,0.013825000
pgvector,1,insert_emb,-,8490,0,0.004690800
pgvector,1,generar_emb,-,8491,0,0.014565100
pgvector,1,insert_emb,-,8491,0,0.004461900
pgvector,1,generar_emb,-,8492,0,0.011882200
pgvector,1,insert_emb,-,8492,0,0.004488600
pgvector,1,generar_emb,-,8493,0,0.011694600
pgvector,1,insert_emb,-,8493,0,0.004462000
pgvector,1,generar_emb,-,8494,0,0.012638300
pgvector,1,insert_emb,-,8494,0,0.004937000
pgvector,1,generar_emb,-,8495,0,0.012208800
pgvector,1,insert_emb,-,8495,0,0.004481300
pgvector,1,generar_emb,-,8496,0,0.012596100
pgvector,1,insert_emb,-,8496,0,0.004454300
pgvector,1,generar_emb,-,8497,0,0.012055900
pgvector,1,insert_emb,-,8497,0,0.004643500
pgvector,1,generar_emb,-,8498,0,0.011992500
pgvector,1,insert_emb,-,8498,0,0.004555800
pgvector,1,generar_emb,-,8499,0,0.012711000
pgvector,1,insert_emb,-,8499,0,0.004355900
pgvector,1,generar_emb,-,8500,0,0.013173500
pgvector,1,insert_emb,-,8500,0,0.004583800
pgvector,1,generar_emb,-,8501,0,0.013682200
pgvector,1,insert_emb,-,8501,0,0.004650000
pgvector,1,generar_emb,-,8502,0,0.012176400
pgvector,1,insert_emb,-,8502,0,0.004347200
pgvector,1,generar_emb,-,8503,0,0.013083600
pgvector,1,insert_emb,-,8503,0,0.004447900
pgvector,1,generar_emb,-,8504,0,0.010378200
pgvector,1,insert_emb,-,8504,0,0.004368500
pgvector,1,generar_emb,-,8505,0,0.010371500
pgvector,1,insert_emb,-,8505,0,0.004301400
pgvector,1,generar_emb,-,8506,0,0.012721500
pgvector,1,insert_emb,-,8506,0,0.004239400
pgvector,1,generar_emb,-,8507,0,0.012368900
pgvector,1,insert_emb,-,8507,0,0.004268600
pgvector,1,generar_emb,-,8508,0,0.012664500
pgvector,1,insert_emb,-,8508,0,0.004511400
pgvector,1,generar_emb,-,8509,0,0.014208300
pgvector,1,insert_emb,-,8509,0,0.005013100
pgvector,1,generar_emb,-,8510,0,0.015106800
pgvector,1,insert_emb,-,8510,0,0.004644000
pgvector,1,generar_emb,-,8511,0,0.015946400
pgvector,1,insert_emb,-,8511,0,0.004982800
pgvector,1,generar_emb,-,8512,0,0.018661100
pgvector,1,insert_emb,-,8512,0,0.004835400
pgvector,1,generar_emb,-,8513,0,0.014849000
pgvector,1,insert_emb,-,8513,0,0.004970900
pgvector,1,generar_emb,-,8514,0,0.016667400
pgvector,1,insert_emb,-,8514,0,0.004879900
pgvector,1,generar_emb,-,8515,0,0.018899200
pgvector,1,insert_emb,-,8515,0,0.005079000
pgvector,1,generar_emb,-,8516,0,0.014912200
pgvector,1,insert_emb,-,8516,0,0.005244400
pgvector,1,generar_emb,-,8517,0,0.016047700
pgvector,1,insert_emb,-,8517,0,0.005873700
pgvector,1,generar_emb,-,8518,0,0.013951800
pgvector,1,insert_emb,-,8518,0,0.004736600
pgvector,1,generar_emb,-,8519,0,0.016599900
pgvector,1,insert_emb,-,8519,0,0.005278900
pgvector,1,generar_emb,-,8520,0,0.017415400
pgvector,1,insert_emb,-,8520,0,0.005222900
pgvector,1,generar_emb,-,8521,0,0.012463400
pgvector,1,insert_emb,-,8521,0,0.004785600
pgvector,1,generar_emb,-,8522,0,0.011453000
pgvector,1,insert_emb,-,8522,0,0.004879600
pgvector,1,generar_emb,-,8523,0,0.014154900
pgvector,1,insert_emb,-,8523,0,0.004627000
pgvector,1,generar_emb,-,8524,0,0.014019200
pgvector,1,insert_emb,-,8524,0,0.004933300
pgvector,1,generar_emb,-,8525,0,0.012999400
pgvector,1,insert_emb,-,8525,0,0.004244400
pgvector,1,generar_emb,-,8526,0,0.011634900
pgvector,1,insert_emb,-,8526,0,0.004079000
pgvector,1,generar_emb,-,8527,0,0.012739200
pgvector,1,insert_emb,-,8527,0,0.004454900
pgvector,1,generar_emb,-,8528,0,0.011293100
pgvector,1,insert_emb,-,8528,0,0.004052100
pgvector,1,generar_emb,-,8529,0,0.012065700
pgvector,1,insert_emb,-,8529,0,0.004273600
pgvector,1,generar_emb,-,8530,0,0.012128200
pgvector,1,insert_emb,-,8530,0,0.004664400
pgvector,1,generar_emb,-,8531,0,0.012710700
pgvector,1,insert_emb,-,8531,0,0.004332600
pgvector,1,generar_emb,-,8532,0,0.010658300
pgvector,1,insert_emb,-,8532,0,0.004301700
pgvector,1,generar_emb,-,8533,0,0.012691600
pgvector,1,insert_emb,-,8533,0,0.004162500
pgvector,1,generar_emb,-,8534,0,0.012443700
pgvector,1,insert_emb,-,8534,0,0.004412100
pgvector,1,generar_emb,-,8535,0,0.012034700
pgvector,1,insert_emb,-,8535,0,0.004262300
pgvector,1,generar_emb,-,8536,0,0.012335700
pgvector,1,insert_emb,-,8536,0,0.003947300
pgvector,1,generar_emb,-,8537,0,0.012819900
pgvector,1,insert_emb,-,8537,0,0.004311400
pgvector,1,generar_emb,-,8538,0,0.012711100
pgvector,1,insert_emb,-,8538,0,0.004362200
pgvector,1,generar_emb,-,8539,0,0.013477400
pgvector,1,insert_emb,-,8539,0,0.004585800
pgvector,1,generar_emb,-,8540,0,0.016058400
pgvector,1,insert_emb,-,8540,0,0.004907100
pgvector,1,generar_emb,-,8541,0,0.012922900
pgvector,1,insert_emb,-,8541,0,0.004304800
pgvector,1,generar_emb,-,8542,0,0.011111200
pgvector,1,insert_emb,-,8542,0,0.004280100
pgvector,1,generar_emb,-,8543,0,0.012573800
pgvector,1,insert_emb,-,8543,0,0.004456700
pgvector,1,generar_emb,-,8544,0,0.011468100
pgvector,1,insert_emb,-,8544,0,0.004357800
pgvector,1,generar_emb,-,8545,0,0.013661300
pgvector,1,insert_emb,-,8545,0,0.004640100
pgvector,1,generar_emb,-,8546,0,0.011595600
pgvector,1,insert_emb,-,8546,0,0.004415100
pgvector,1,generar_emb,-,8547,0,0.013636400
pgvector,1,insert_emb,-,8547,0,0.004501900
pgvector,1,generar_emb,-,8548,0,0.010920400
pgvector,1,insert_emb,-,8548,0,0.004352300
pgvector,1,generar_emb,-,8549,0,0.012225900
pgvector,1,insert_emb,-,8549,0,0.004484300
pgvector,1,generar_emb,-,8550,0,0.012417400
pgvector,1,insert_emb,-,8550,0,0.004431000
pgvector,1,generar_emb,-,8551,0,0.012233200
pgvector,1,insert_emb,-,8551,0,0.004388800
pgvector,1,generar_emb,-,8552,0,0.012480300
pgvector,1,insert_emb,-,8552,0,0.004532200
pgvector,1,generar_emb,-,8553,0,0.010489100
pgvector,1,insert_emb,-,8553,0,0.004193300
pgvector,1,generar_emb,-,8554,0,0.012131900
pgvector,1,insert_emb,-,8554,0,0.004352200
pgvector,1,generar_emb,-,8555,0,0.011688200
pgvector,1,insert_emb,-,8555,0,0.004505500
pgvector,1,generar_emb,-,8556,0,0.011649200
pgvector,1,insert_emb,-,8556,0,0.004367100
pgvector,1,generar_emb,-,8557,0,0.010761700
pgvector,1,insert_emb,-,8557,0,0.004522200
pgvector,1,generar_emb,-,8558,0,0.011420900
pgvector,1,insert_emb,-,8558,0,0.004311900
pgvector,1,generar_emb,-,8559,0,0.010395800
pgvector,1,insert_emb,-,8559,0,0.004289200
pgvector,1,generar_emb,-,8560,0,0.010645600
pgvector,1,insert_emb,-,8560,0,0.004303800
pgvector,1,generar_emb,-,8561,0,0.011555500
pgvector,1,insert_emb,-,8561,0,0.004283200
pgvector,1,generar_emb,-,8562,0,0.011221700
pgvector,1,insert_emb,-,8562,0,0.004211200
pgvector,1,generar_emb,-,8563,0,0.011938800
pgvector,1,insert_emb,-,8563,0,0.004350400
pgvector,1,generar_emb,-,8564,0,0.012436500
pgvector,1,insert_emb,-,8564,0,0.004413200
pgvector,1,generar_emb,-,8565,0,0.013046500
pgvector,1,insert_emb,-,8565,0,0.004820200
pgvector,1,generar_emb,-,8566,0,0.012759100
pgvector,1,insert_emb,-,8566,0,0.004373300
pgvector,1,generar_emb,-,8567,0,0.014100700
pgvector,1,insert_emb,-,8567,0,0.004335300
pgvector,1,generar_emb,-,8568,0,0.012920200
pgvector,1,insert_emb,-,8568,0,0.004658200
pgvector,1,generar_emb,-,8569,0,0.011755800
pgvector,1,insert_emb,-,8569,0,0.004273600
pgvector,1,generar_emb,-,8570,0,0.011732900
pgvector,1,insert_emb,-,8570,0,0.004208500
pgvector,1,generar_emb,-,8571,0,0.012612700
pgvector,1,insert_emb,-,8571,0,0.004161400
pgvector,1,generar_emb,-,8572,0,0.011546400
pgvector,1,insert_emb,-,8572,0,0.004252400
pgvector,1,generar_emb,-,8573,0,0.011238100
pgvector,1,insert_emb,-,8573,0,0.004540200
pgvector,1,generar_emb,-,8574,0,0.011022200
pgvector,1,insert_emb,-,8574,0,0.004360500
pgvector,1,generar_emb,-,8575,0,0.011430700
pgvector,1,insert_emb,-,8575,0,0.004502600
pgvector,1,generar_emb,-,8576,0,0.012721300
pgvector,1,insert_emb,-,8576,0,0.004755800
pgvector,1,generar_emb,-,8577,0,0.011524300
pgvector,1,insert_emb,-,8577,0,0.004486100
pgvector,1,generar_emb,-,8578,0,0.013553000
pgvector,1,insert_emb,-,8578,0,0.004289200
pgvector,1,generar_emb,-,8579,0,0.011710000
pgvector,1,insert_emb,-,8579,0,0.003986100
pgvector,1,generar_emb,-,8580,0,0.013970800
pgvector,1,insert_emb,-,8580,0,0.004474500
pgvector,1,generar_emb,-,8581,0,0.013445700
pgvector,1,insert_emb,-,8581,0,0.004266800
pgvector,1,generar_emb,-,8582,0,0.012118800
pgvector,1,insert_emb,-,8582,0,0.004433200
pgvector,1,generar_emb,-,8583,0,0.014998500
pgvector,1,insert_emb,-,8583,0,0.004551500
pgvector,1,generar_emb,-,8584,0,0.010671100
pgvector,1,insert_emb,-,8584,0,0.004667100
pgvector,1,generar_emb,-,8585,0,0.011455500
pgvector,1,insert_emb,-,8585,0,0.004597200
pgvector,1,generar_emb,-,8586,0,0.010892100
pgvector,1,insert_emb,-,8586,0,0.004643600
pgvector,1,generar_emb,-,8587,0,0.011966800
pgvector,1,insert_emb,-,8587,0,0.004245800
pgvector,1,generar_emb,-,8588,0,0.012846800
pgvector,1,insert_emb,-,8588,0,0.004281100
pgvector,1,generar_emb,-,8589,0,0.012474300
pgvector,1,insert_emb,-,8589,0,0.004329500
pgvector,1,generar_emb,-,8590,0,0.012606100
pgvector,1,insert_emb,-,8590,0,0.004509200
pgvector,1,generar_emb,-,8591,0,0.011968300
pgvector,1,insert_emb,-,8591,0,0.004344800
pgvector,1,generar_emb,-,8592,0,0.012206400
pgvector,1,insert_emb,-,8592,0,0.004174800
pgvector,1,generar_emb,-,8593,0,0.010890200
pgvector,1,insert_emb,-,8593,0,0.004257500
pgvector,1,generar_emb,-,8594,0,0.012162800
pgvector,1,insert_emb,-,8594,0,0.004361600
pgvector,1,generar_emb,-,8595,0,0.012579700
pgvector,1,insert_emb,-,8595,0,0.004421500
pgvector,1,generar_emb,-,8596,0,0.011091500
pgvector,1,insert_emb,-,8596,0,0.004462800
pgvector,1,generar_emb,-,8597,0,0.013298300
pgvector,1,insert_emb,-,8597,0,0.004471700
pgvector,1,generar_emb,-,8598,0,0.011014000
pgvector,1,insert_emb,-,8598,0,0.004205400
pgvector,1,generar_emb,-,8599,0,0.010755800
pgvector,1,insert_emb,-,8599,0,0.004387300
pgvector,1,generar_emb,-,8600,0,0.011661000
pgvector,1,insert_emb,-,8600,0,0.005216300
pgvector,1,generar_emb,-,8601,0,0.015255800
pgvector,1,insert_emb,-,8601,0,0.004599200
pgvector,1,generar_emb,-,8602,0,0.012983400
pgvector,1,insert_emb,-,8602,0,0.004746300
pgvector,1,generar_emb,-,8603,0,0.012808500
pgvector,1,insert_emb,-,8603,0,0.004840300
pgvector,1,generar_emb,-,8604,0,0.012760600
pgvector,1,insert_emb,-,8604,0,0.004732900
pgvector,1,generar_emb,-,8605,0,0.014258000
pgvector,1,insert_emb,-,8605,0,0.005116900
pgvector,1,generar_emb,-,8606,0,0.014113000
pgvector,1,insert_emb,-,8606,0,0.004402700
pgvector,1,generar_emb,-,8607,0,0.012920800
pgvector,1,insert_emb,-,8607,0,0.004624400
pgvector,1,generar_emb,-,8608,0,0.011387700
pgvector,1,insert_emb,-,8608,0,0.004233700
pgvector,1,generar_emb,-,8609,0,0.013232100
pgvector,1,insert_emb,-,8609,0,0.004655300
pgvector,1,generar_emb,-,8610,0,0.014614100
pgvector,1,insert_emb,-,8610,0,0.004710700
pgvector,1,generar_emb,-,8611,0,0.012339400
pgvector,1,insert_emb,-,8611,0,0.004607600
pgvector,1,generar_emb,-,8612,0,0.012276000
pgvector,1,insert_emb,-,8612,0,0.004616300
pgvector,1,generar_emb,-,8613,0,0.012593600
pgvector,1,insert_emb,-,8613,0,0.004403500
pgvector,1,generar_emb,-,8614,0,0.012150900
pgvector,1,insert_emb,-,8614,0,0.005726800
pgvector,1,generar_emb,-,8615,0,0.011618200
pgvector,1,insert_emb,-,8615,0,0.004632100
pgvector,1,generar_emb,-,8616,0,0.011192100
pgvector,1,insert_emb,-,8616,0,0.004411500
pgvector,1,generar_emb,-,8617,0,0.011688400
pgvector,1,insert_emb,-,8617,0,0.004467200
pgvector,1,generar_emb,-,8618,0,0.012584600
pgvector,1,insert_emb,-,8618,0,0.004310300
pgvector,1,generar_emb,-,8619,0,0.010647900
pgvector,1,insert_emb,-,8619,0,0.004195900
pgvector,1,generar_emb,-,8620,0,0.011051300
pgvector,1,insert_emb,-,8620,0,0.004138500
pgvector,1,generar_emb,-,8621,0,0.010494500
pgvector,1,insert_emb,-,8621,0,0.004453000
pgvector,1,generar_emb,-,8622,0,0.013123300
pgvector,1,insert_emb,-,8622,0,0.004503600
pgvector,1,generar_emb,-,8623,0,0.011511000
pgvector,1,insert_emb,-,8623,0,0.004327300
pgvector,1,generar_emb,-,8624,0,0.011722200
pgvector,1,insert_emb,-,8624,0,0.004077300
pgvector,1,generar_emb,-,8625,0,0.010762600
pgvector,1,insert_emb,-,8625,0,0.004477500
pgvector,1,generar_emb,-,8626,0,0.012509400
pgvector,1,insert_emb,-,8626,0,0.003846500
pgvector,1,generar_emb,-,8627,0,0.012659000
pgvector,1,insert_emb,-,8627,0,0.004117400
pgvector,1,generar_emb,-,8628,0,0.012737300
pgvector,1,insert_emb,-,8628,0,0.004187700
pgvector,1,generar_emb,-,8629,0,0.012043400
pgvector,1,insert_emb,-,8629,0,0.004511900
pgvector,1,generar_emb,-,8630,0,0.012557000
pgvector,1,insert_emb,-,8630,0,0.004584400
pgvector,1,generar_emb,-,8631,0,0.012333100
pgvector,1,insert_emb,-,8631,0,0.004406900
pgvector,1,generar_emb,-,8632,0,0.013780300
pgvector,1,insert_emb,-,8632,0,0.004249100
pgvector,1,generar_emb,-,8633,0,0.012184500
pgvector,1,insert_emb,-,8633,0,0.004223400
pgvector,1,generar_emb,-,8634,0,0.012973300
pgvector,1,insert_emb,-,8634,0,0.004476100
pgvector,1,generar_emb,-,8635,0,0.012398200
pgvector,1,insert_emb,-,8635,0,0.004283200
pgvector,1,generar_emb,-,8636,0,0.012858800
pgvector,1,insert_emb,-,8636,0,0.004480900
pgvector,1,generar_emb,-,8637,0,0.012711300
pgvector,1,insert_emb,-,8637,0,0.004124000
pgvector,1,generar_emb,-,8638,0,0.012002600
pgvector,1,insert_emb,-,8638,0,0.004031600
pgvector,1,generar_emb,-,8639,0,0.012187100
pgvector,1,insert_emb,-,8639,0,0.004398200
pgvector,1,generar_emb,-,8640,0,0.014475400
pgvector,1,insert_emb,-,8640,0,0.004705300
pgvector,1,generar_emb,-,8641,0,0.011405600
pgvector,1,insert_emb,-,8641,0,0.004622400
pgvector,1,generar_emb,-,8642,0,0.012321300
pgvector,1,insert_emb,-,8642,0,0.004340800
pgvector,1,generar_emb,-,8643,0,0.013619200
pgvector,1,insert_emb,-,8643,0,0.004345800
pgvector,1,generar_emb,-,8644,0,0.013145100
pgvector,1,insert_emb,-,8644,0,0.004373300
pgvector,1,generar_emb,-,8645,0,0.013167900
pgvector,1,insert_emb,-,8645,0,0.004233600
pgvector,1,generar_emb,-,8646,0,0.014499900
pgvector,1,insert_emb,-,8646,0,0.004508500
pgvector,1,generar_emb,-,8647,0,0.012631900
pgvector,1,insert_emb,-,8647,0,0.004343200
pgvector,1,generar_emb,-,8648,0,0.010448400
pgvector,1,insert_emb,-,8648,0,0.004658600
pgvector,1,generar_emb,-,8649,0,0.013607900
pgvector,1,insert_emb,-,8649,0,0.004288500
pgvector,1,generar_emb,-,8650,0,0.013182900
pgvector,1,insert_emb,-,8650,0,0.004537100
pgvector,1,generar_emb,-,8651,0,0.010830700
pgvector,1,insert_emb,-,8651,0,0.004079500
pgvector,1,generar_emb,-,8652,0,0.011606900
pgvector,1,insert_emb,-,8652,0,0.004220900
pgvector,1,generar_emb,-,8653,0,0.010686900
pgvector,1,insert_emb,-,8653,0,0.003992300
pgvector,1,generar_emb,-,8654,0,0.010988100
pgvector,1,insert_emb,-,8654,0,0.004184300
pgvector,1,generar_emb,-,8655,0,0.012029000
pgvector,1,insert_emb,-,8655,0,0.004187400
pgvector,1,generar_emb,-,8656,0,0.011317800
pgvector,1,insert_emb,-,8656,0,0.004166500
pgvector,1,generar_emb,-,8657,0,0.012094800
pgvector,1,insert_emb,-,8657,0,0.004286700
pgvector,1,generar_emb,-,8658,0,0.012542600
pgvector,1,insert_emb,-,8658,0,0.004324400
pgvector,1,generar_emb,-,8659,0,0.011755500
pgvector,1,insert_emb,-,8659,0,0.004082900
pgvector,1,generar_emb,-,8660,0,0.011794800
pgvector,1,insert_emb,-,8660,0,0.004391400
pgvector,1,generar_emb,-,8661,0,0.011107700
pgvector,1,insert_emb,-,8661,0,0.004256100
pgvector,1,generar_emb,-,8662,0,0.012170300
pgvector,1,insert_emb,-,8662,0,0.004212100
pgvector,1,generar_emb,-,8663,0,0.010612000
pgvector,1,insert_emb,-,8663,0,0.004267500
pgvector,1,generar_emb,-,8664,0,0.012159400
pgvector,1,insert_emb,-,8664,0,0.004340200
pgvector,1,generar_emb,-,8665,0,0.014081700
pgvector,1,insert_emb,-,8665,0,0.004401900
pgvector,1,generar_emb,-,8666,0,0.013903000
pgvector,1,insert_emb,-,8666,0,0.004703700
pgvector,1,generar_emb,-,8667,0,0.012909800
pgvector,1,insert_emb,-,8667,0,0.004503200
pgvector,1,generar_emb,-,8668,0,0.011611100
pgvector,1,insert_emb,-,8668,0,0.004344600
pgvector,1,generar_emb,-,8669,0,0.013420500
pgvector,1,insert_emb,-,8669,0,0.004238200
pgvector,1,generar_emb,-,8670,0,0.012339700
pgvector,1,insert_emb,-,8670,0,0.004260800
pgvector,1,generar_emb,-,8671,0,0.013060800
pgvector,1,insert_emb,-,8671,0,0.004021100
pgvector,1,generar_emb,-,8672,0,0.013333600
pgvector,1,insert_emb,-,8672,0,0.004198500
pgvector,1,generar_emb,-,8673,0,0.012535500
pgvector,1,insert_emb,-,8673,0,0.004233200
pgvector,1,generar_emb,-,8674,0,0.013074100
pgvector,1,insert_emb,-,8674,0,0.004293000
pgvector,1,generar_emb,-,8675,0,0.011795100
pgvector,1,insert_emb,-,8675,0,0.004244300
pgvector,1,generar_emb,-,8676,0,0.013208000
pgvector,1,insert_emb,-,8676,0,0.004115500
pgvector,1,generar_emb,-,8677,0,0.012886900
pgvector,1,insert_emb,-,8677,0,0.004234100
pgvector,1,generar_emb,-,8678,0,0.012517700
pgvector,1,insert_emb,-,8678,0,0.004115800
pgvector,1,generar_emb,-,8679,0,0.014135100
pgvector,1,insert_emb,-,8679,0,0.004038100
pgvector,1,generar_emb,-,8680,0,0.011639900
pgvector,1,insert_emb,-,8680,0,0.004182000
pgvector,1,generar_emb,-,8681,0,0.013752800
pgvector,1,insert_emb,-,8681,0,0.004125700
pgvector,1,generar_emb,-,8682,0,0.012499500
pgvector,1,insert_emb,-,8682,0,0.004365200
pgvector,1,generar_emb,-,8683,0,0.011695000
pgvector,1,insert_emb,-,8683,0,0.004318300
pgvector,1,generar_emb,-,8684,0,0.013473900
pgvector,1,insert_emb,-,8684,0,0.004202400
pgvector,1,generar_emb,-,8685,0,0.013390200
pgvector,1,insert_emb,-,8685,0,0.004582900
pgvector,1,generar_emb,-,8686,0,0.011992800
pgvector,1,insert_emb,-,8686,0,0.004069200
pgvector,1,generar_emb,-,8687,0,0.012388100
pgvector,1,insert_emb,-,8687,0,0.004145600
pgvector,1,generar_emb,-,8688,0,0.011592900
pgvector,1,insert_emb,-,8688,0,0.004302200
pgvector,1,generar_emb,-,8689,0,0.010522700
pgvector,1,insert_emb,-,8689,0,0.004129300
pgvector,1,generar_emb,-,8690,0,0.012800800
pgvector,1,insert_emb,-,8690,0,0.004243200
pgvector,1,generar_emb,-,8691,0,0.010868200
pgvector,1,insert_emb,-,8691,0,0.004175100
pgvector,1,generar_emb,-,8692,0,0.010414300
pgvector,1,insert_emb,-,8692,0,0.004450600
pgvector,1,generar_emb,-,8693,0,0.010952700
pgvector,1,insert_emb,-,8693,0,0.004326200
pgvector,1,generar_emb,-,8694,0,0.010875000
pgvector,1,insert_emb,-,8694,0,0.004236000
pgvector,1,generar_emb,-,8695,0,0.010499700
pgvector,1,insert_emb,-,8695,0,0.004490200
pgvector,1,generar_emb,-,8696,0,0.011636800
pgvector,1,insert_emb,-,8696,0,0.004241900
pgvector,1,generar_emb,-,8697,0,0.011500400
pgvector,1,insert_emb,-,8697,0,0.004363300
pgvector,1,generar_emb,-,8698,0,0.011490700
pgvector,1,insert_emb,-,8698,0,0.004380400
pgvector,1,generar_emb,-,8699,0,0.012756600
pgvector,1,insert_emb,-,8699,0,0.004442700
pgvector,1,generar_emb,-,8700,0,0.010881900
pgvector,1,insert_emb,-,8700,0,0.004392400
pgvector,1,generar_emb,-,8701,0,0.013817800
pgvector,1,insert_emb,-,8701,0,0.004468500
pgvector,1,generar_emb,-,8702,0,0.011349900
pgvector,1,insert_emb,-,8702,0,0.004304900
pgvector,1,generar_emb,-,8703,0,0.012263300
pgvector,1,insert_emb,-,8703,0,0.004563500
pgvector,1,generar_emb,-,8704,0,0.010561300
pgvector,1,insert_emb,-,8704,0,0.004554800
pgvector,1,generar_emb,-,8705,0,0.017110400
pgvector,1,insert_emb,-,8705,0,0.004869200
pgvector,1,generar_emb,-,8706,0,0.010946500
pgvector,1,insert_emb,-,8706,0,0.004427100
pgvector,1,generar_emb,-,8707,0,0.010580800
pgvector,1,insert_emb,-,8707,0,0.004687800
pgvector,1,generar_emb,-,8708,0,0.010434800
pgvector,1,insert_emb,-,8708,0,0.004640200
pgvector,1,generar_emb,-,8709,0,0.010338300
pgvector,1,insert_emb,-,8709,0,0.004827300
pgvector,1,generar_emb,-,8710,0,0.012138900
pgvector,1,insert_emb,-,8710,0,0.004676600
pgvector,1,generar_emb,-,8711,0,0.014284000
pgvector,1,insert_emb,-,8711,0,0.004538200
pgvector,1,generar_emb,-,8712,0,0.013962200
pgvector,1,insert_emb,-,8712,0,0.004412000
pgvector,1,generar_emb,-,8713,0,0.015334700
pgvector,1,insert_emb,-,8713,0,0.004717000
pgvector,1,generar_emb,-,8714,0,0.016272100
pgvector,1,insert_emb,-,8714,0,0.004568800
pgvector,1,generar_emb,-,8715,0,0.013865900
pgvector,1,insert_emb,-,8715,0,0.004486700
pgvector,1,generar_emb,-,8716,0,0.013884400
pgvector,1,insert_emb,-,8716,0,0.004309800
pgvector,1,generar_emb,-,8717,0,0.016143400
pgvector,1,insert_emb,-,8717,0,0.004199100
pgvector,1,generar_emb,-,8718,0,0.014171200
pgvector,1,insert_emb,-,8718,0,0.004691900
pgvector,1,generar_emb,-,8719,0,0.012509800
pgvector,1,insert_emb,-,8719,0,0.004609500
pgvector,1,generar_emb,-,8720,0,0.013508500
pgvector,1,insert_emb,-,8720,0,0.005352500
pgvector,1,generar_emb,-,8721,0,0.013855500
pgvector,1,insert_emb,-,8721,0,0.004083000
pgvector,1,generar_emb,-,8722,0,0.014036100
pgvector,1,insert_emb,-,8722,0,0.004420700
pgvector,1,generar_emb,-,8723,0,0.011809500
pgvector,1,insert_emb,-,8723,0,0.004267400
pgvector,1,generar_emb,-,8724,0,0.012455800
pgvector,1,insert_emb,-,8724,0,0.004276300
pgvector,1,generar_emb,-,8725,0,0.013237800
pgvector,1,insert_emb,-,8725,0,0.004220400
pgvector,1,generar_emb,-,8726,0,0.012627700
pgvector,1,insert_emb,-,8726,0,0.004472600
pgvector,1,generar_emb,-,8727,0,0.013210400
pgvector,1,insert_emb,-,8727,0,0.004407600
pgvector,1,generar_emb,-,8728,0,0.012206000
pgvector,1,insert_emb,-,8728,0,0.004454200
pgvector,1,generar_emb,-,8729,0,0.013028200
pgvector,1,insert_emb,-,8729,0,0.004427500
pgvector,1,generar_emb,-,8730,0,0.012432300
pgvector,1,insert_emb,-,8730,0,0.004617400
pgvector,1,generar_emb,-,8731,0,0.012692700
pgvector,1,insert_emb,-,8731,0,0.004291100
pgvector,1,generar_emb,-,8732,0,0.012849800
pgvector,1,insert_emb,-,8732,0,0.004557200
pgvector,1,generar_emb,-,8733,0,0.012485900
pgvector,1,insert_emb,-,8733,0,0.004300800
pgvector,1,generar_emb,-,8734,0,0.011911000
pgvector,1,insert_emb,-,8734,0,0.004420900
pgvector,1,generar_emb,-,8735,0,0.010669100
pgvector,1,insert_emb,-,8735,0,0.004442900
pgvector,1,generar_emb,-,8736,0,0.012411700
pgvector,1,insert_emb,-,8736,0,0.004565500
pgvector,1,generar_emb,-,8737,0,0.012477700
pgvector,1,insert_emb,-,8737,0,0.004334400
pgvector,1,generar_emb,-,8738,0,0.010582200
pgvector,1,insert_emb,-,8738,0,0.004440600
pgvector,1,generar_emb,-,8739,0,0.011887400
pgvector,1,insert_emb,-,8739,0,0.004324100
pgvector,1,generar_emb,-,8740,0,0.011091100
pgvector,1,insert_emb,-,8740,0,0.004354300
pgvector,1,generar_emb,-,8741,0,0.010732600
pgvector,1,insert_emb,-,8741,0,0.004167200
pgvector,1,generar_emb,-,8742,0,0.012210200
pgvector,1,insert_emb,-,8742,0,0.004480400
pgvector,1,generar_emb,-,8743,0,0.010449000
pgvector,1,insert_emb,-,8743,0,0.004178200
pgvector,1,generar_emb,-,8744,0,0.011888900
pgvector,1,insert_emb,-,8744,0,0.004325700
pgvector,1,generar_emb,-,8745,0,0.013480500
pgvector,1,insert_emb,-,8745,0,0.004692300
pgvector,1,generar_emb,-,8746,0,0.012619300
pgvector,1,insert_emb,-,8746,0,0.004500700
pgvector,1,generar_emb,-,8747,0,0.010905500
pgvector,1,insert_emb,-,8747,0,0.004274900
pgvector,1,generar_emb,-,8748,0,0.011850300
pgvector,1,insert_emb,-,8748,0,0.004492500
pgvector,1,generar_emb,-,8749,0,0.010672500
pgvector,1,insert_emb,-,8749,0,0.004554700
pgvector,1,generar_emb,-,8750,0,0.012707000
pgvector,1,insert_emb,-,8750,0,0.004194100
pgvector,1,generar_emb,-,8751,0,0.012086500
pgvector,1,insert_emb,-,8751,0,0.004334700
pgvector,1,generar_emb,-,8752,0,0.012137100
pgvector,1,insert_emb,-,8752,0,0.004304200
pgvector,1,generar_emb,-,8753,0,0.014199100
pgvector,1,insert_emb,-,8753,0,0.004509800
pgvector,1,generar_emb,-,8754,0,0.013076700
pgvector,1,insert_emb,-,8754,0,0.004585700
pgvector,1,generar_emb,-,8755,0,0.011156500
pgvector,1,insert_emb,-,8755,0,0.004343300
pgvector,1,generar_emb,-,8756,0,0.012489000
pgvector,1,insert_emb,-,8756,0,0.004267200
pgvector,1,generar_emb,-,8757,0,0.011851000
pgvector,1,insert_emb,-,8757,0,0.004331900
pgvector,1,generar_emb,-,8758,0,0.012063500
pgvector,1,insert_emb,-,8758,0,0.004301700
pgvector,1,generar_emb,-,8759,0,0.011029000
pgvector,1,insert_emb,-,8759,0,0.004106300
pgvector,1,generar_emb,-,8760,0,0.012194100
pgvector,1,insert_emb,-,8760,0,0.004174400
pgvector,1,generar_emb,-,8761,0,0.012884600
pgvector,1,insert_emb,-,8761,0,0.004107900
pgvector,1,generar_emb,-,8762,0,0.011781300
pgvector,1,insert_emb,-,8762,0,0.004273100
pgvector,1,generar_emb,-,8763,0,0.010988300
pgvector,1,insert_emb,-,8763,0,0.004225500
pgvector,1,generar_emb,-,8764,0,0.013468000
pgvector,1,insert_emb,-,8764,0,0.004555100
pgvector,1,generar_emb,-,8765,0,0.013308700
pgvector,1,insert_emb,-,8765,0,0.004531600
pgvector,1,generar_emb,-,8766,0,0.013206500
pgvector,1,insert_emb,-,8766,0,0.004188500
pgvector,1,generar_emb,-,8767,0,0.013390500
pgvector,1,insert_emb,-,8767,0,0.004233000
pgvector,1,generar_emb,-,8768,0,0.012615000
pgvector,1,insert_emb,-,8768,0,0.004485800
pgvector,1,generar_emb,-,8769,0,0.012501900
pgvector,1,insert_emb,-,8769,0,0.004347300
pgvector,1,generar_emb,-,8770,0,0.013159700
pgvector,1,insert_emb,-,8770,0,0.004639800
pgvector,1,generar_emb,-,8771,0,0.012435300
pgvector,1,insert_emb,-,8771,0,0.004034800
pgvector,1,generar_emb,-,8772,0,0.012594200
pgvector,1,insert_emb,-,8772,0,0.004173900
pgvector,1,generar_emb,-,8773,0,0.013419700
pgvector,1,insert_emb,-,8773,0,0.004338400
pgvector,1,generar_emb,-,8774,0,0.012056900
pgvector,1,insert_emb,-,8774,0,0.004125200
pgvector,1,generar_emb,-,8775,0,0.010019500
pgvector,1,insert_emb,-,8775,0,0.004231900
pgvector,1,generar_emb,-,8776,0,0.011096700
pgvector,1,insert_emb,-,8776,0,0.004027600
pgvector,1,generar_emb,-,8777,0,0.011663300
pgvector,1,insert_emb,-,8777,0,0.004072300
pgvector,1,generar_emb,-,8778,0,0.012280500
pgvector,1,insert_emb,-,8778,0,0.003976000
pgvector,1,generar_emb,-,8779,0,0.011707100
pgvector,1,insert_emb,-,8779,0,0.004128200
pgvector,1,generar_emb,-,8780,0,0.010762100
pgvector,1,insert_emb,-,8780,0,0.004278800
pgvector,1,generar_emb,-,8781,0,0.010608900
pgvector,1,insert_emb,-,8781,0,0.004118600
pgvector,1,generar_emb,-,8782,0,0.011438500
pgvector,1,insert_emb,-,8782,0,0.004114100
pgvector,1,generar_emb,-,8783,0,0.011306000
pgvector,1,insert_emb,-,8783,0,0.004168600
pgvector,1,generar_emb,-,8784,0,0.012367100
pgvector,1,insert_emb,-,8784,0,0.004196700
pgvector,1,generar_emb,-,8785,0,0.014152100
pgvector,1,insert_emb,-,8785,0,0.004119800
pgvector,1,generar_emb,-,8786,0,0.012998800
pgvector,1,insert_emb,-,8786,0,0.004223100
pgvector,1,generar_emb,-,8787,0,0.012928700
pgvector,1,insert_emb,-,8787,0,0.004567500
pgvector,1,generar_emb,-,8788,0,0.012076500
pgvector,1,insert_emb,-,8788,0,0.004563900
pgvector,1,generar_emb,-,8789,0,0.010802800
pgvector,1,insert_emb,-,8789,0,0.004379900
pgvector,1,generar_emb,-,8790,0,0.013926100
pgvector,1,insert_emb,-,8790,0,0.004283000
pgvector,1,generar_emb,-,8791,0,0.011392300
pgvector,1,insert_emb,-,8791,0,0.004432600
pgvector,1,generar_emb,-,8792,0,0.012646500
pgvector,1,insert_emb,-,8792,0,0.004423500
pgvector,1,generar_emb,-,8793,0,0.012660200
pgvector,1,insert_emb,-,8793,0,0.004388100
pgvector,1,generar_emb,-,8794,0,0.011564700
pgvector,1,insert_emb,-,8794,0,0.004464200
pgvector,1,generar_emb,-,8795,0,0.014395100
pgvector,1,insert_emb,-,8795,0,0.004871500
pgvector,1,generar_emb,-,8796,0,0.011471800
pgvector,1,insert_emb,-,8796,0,0.004508800
pgvector,1,generar_emb,-,8797,0,0.013283400
pgvector,1,insert_emb,-,8797,0,0.004564800
pgvector,1,generar_emb,-,8798,0,0.015000700
pgvector,1,insert_emb,-,8798,0,0.004415800
pgvector,1,generar_emb,-,8799,0,0.012194800
pgvector,1,insert_emb,-,8799,0,0.004630800
pgvector,1,generar_emb,-,8800,0,0.012124500
pgvector,1,insert_emb,-,8800,0,0.004593200
pgvector,1,generar_emb,-,8801,0,0.012907300
pgvector,1,insert_emb,-,8801,0,0.004660100
pgvector,1,generar_emb,-,8802,0,0.013139800
pgvector,1,insert_emb,-,8802,0,0.004613800
pgvector,1,generar_emb,-,8803,0,0.011908300
pgvector,1,insert_emb,-,8803,0,0.004352800
pgvector,1,generar_emb,-,8804,0,0.010582100
pgvector,1,insert_emb,-,8804,0,0.004010000
pgvector,1,generar_emb,-,8805,0,0.012463300
pgvector,1,insert_emb,-,8805,0,0.004499100
pgvector,1,generar_emb,-,8806,0,0.011593900
pgvector,1,insert_emb,-,8806,0,0.004403900
pgvector,1,generar_emb,-,8807,0,0.011822200
pgvector,1,insert_emb,-,8807,0,0.004372200
pgvector,1,generar_emb,-,8808,0,0.012210300
pgvector,1,insert_emb,-,8808,0,0.004326400
pgvector,1,generar_emb,-,8809,0,0.012319400
pgvector,1,insert_emb,-,8809,0,0.004210900
pgvector,1,generar_emb,-,8810,0,0.013095900
pgvector,1,insert_emb,-,8810,0,0.004182800
pgvector,1,generar_emb,-,8811,0,0.011711600
pgvector,1,insert_emb,-,8811,0,0.004144800
pgvector,1,generar_emb,-,8812,0,0.012560800
pgvector,1,insert_emb,-,8812,0,0.004397000
pgvector,1,generar_emb,-,8813,0,0.011467500
pgvector,1,insert_emb,-,8813,0,0.004395500
pgvector,1,generar_emb,-,8814,0,0.010612900
pgvector,1,insert_emb,-,8814,0,0.004172300
pgvector,1,generar_emb,-,8815,0,0.011691100
pgvector,1,insert_emb,-,8815,0,0.004402100
pgvector,1,generar_emb,-,8816,0,0.012256300
pgvector,1,insert_emb,-,8816,0,0.004157000
pgvector,1,generar_emb,-,8817,0,0.013649100
pgvector,1,insert_emb,-,8817,0,0.004444700
pgvector,1,generar_emb,-,8818,0,0.013203200
pgvector,1,insert_emb,-,8818,0,0.004586200
pgvector,1,generar_emb,-,8819,0,0.013500000
pgvector,1,insert_emb,-,8819,0,0.004245200
pgvector,1,generar_emb,-,8820,0,0.013450600
pgvector,1,insert_emb,-,8820,0,0.004608500
pgvector,1,generar_emb,-,8821,0,0.012017200
pgvector,1,insert_emb,-,8821,0,0.004263000
pgvector,1,generar_emb,-,8822,0,0.013130700
pgvector,1,insert_emb,-,8822,0,0.004136100
pgvector,1,generar_emb,-,8823,0,0.013186000
pgvector,1,insert_emb,-,8823,0,0.004405300
pgvector,1,generar_emb,-,8824,0,0.014882900
pgvector,1,insert_emb,-,8824,0,0.004103100
pgvector,1,generar_emb,-,8825,0,0.013075000
pgvector,1,insert_emb,-,8825,0,0.004356800
pgvector,1,generar_emb,-,8826,0,0.012449300
pgvector,1,insert_emb,-,8826,0,0.004208700
pgvector,1,generar_emb,-,8827,0,0.011524800
pgvector,1,insert_emb,-,8827,0,0.004661900
pgvector,1,generar_emb,-,8828,0,0.011053000
pgvector,1,insert_emb,-,8828,0,0.004147600
pgvector,1,generar_emb,-,8829,0,0.012859700
pgvector,1,insert_emb,-,8829,0,0.004130100
pgvector,1,generar_emb,-,8830,0,0.011741100
pgvector,1,insert_emb,-,8830,0,0.004513600
pgvector,1,generar_emb,-,8831,0,0.013029000
pgvector,1,insert_emb,-,8831,0,0.004238300
pgvector,1,generar_emb,-,8832,0,0.011516800
pgvector,1,insert_emb,-,8832,0,0.004326100
pgvector,1,generar_emb,-,8833,0,0.011051000
pgvector,1,insert_emb,-,8833,0,0.004261000
pgvector,1,generar_emb,-,8834,0,0.012373600
pgvector,1,insert_emb,-,8834,0,0.004127400
pgvector,1,generar_emb,-,8835,0,0.012613200
pgvector,1,insert_emb,-,8835,0,0.004544800
pgvector,1,generar_emb,-,8836,0,0.016237600
pgvector,1,insert_emb,-,8836,0,0.004391800
pgvector,1,generar_emb,-,8837,0,0.015077300
pgvector,1,insert_emb,-,8837,0,0.004507500
pgvector,1,generar_emb,-,8838,0,0.012336200
pgvector,1,insert_emb,-,8838,0,0.004310200
pgvector,1,generar_emb,-,8839,0,0.012961600
pgvector,1,insert_emb,-,8839,0,0.004223700
pgvector,1,generar_emb,-,8840,0,0.011773600
pgvector,1,insert_emb,-,8840,0,0.004290700
pgvector,1,generar_emb,-,8841,0,0.011454400
pgvector,1,insert_emb,-,8841,0,0.004166800
pgvector,1,generar_emb,-,8842,0,0.011134200
pgvector,1,insert_emb,-,8842,0,0.004422000
pgvector,1,generar_emb,-,8843,0,0.015561800
pgvector,1,insert_emb,-,8843,0,0.005002300
pgvector,1,generar_emb,-,8844,0,0.014090200
pgvector,1,insert_emb,-,8844,0,0.004319200
pgvector,1,generar_emb,-,8845,0,0.011659600
pgvector,1,insert_emb,-,8845,0,0.004390100
pgvector,1,generar_emb,-,8846,0,0.011915400
pgvector,1,insert_emb,-,8846,0,0.004911800
pgvector,1,generar_emb,-,8847,0,0.013498200
pgvector,1,insert_emb,-,8847,0,0.004673200
pgvector,1,generar_emb,-,8848,0,0.011572800
pgvector,1,insert_emb,-,8848,0,0.004701200
pgvector,1,generar_emb,-,8849,0,0.011976600
pgvector,1,insert_emb,-,8849,0,0.004789300
pgvector,1,generar_emb,-,8850,0,0.011426300
pgvector,1,insert_emb,-,8850,0,0.004588200
pgvector,1,generar_emb,-,8851,0,0.011343900
pgvector,1,insert_emb,-,8851,0,0.004530000
pgvector,1,generar_emb,-,8852,0,0.011036200
pgvector,1,insert_emb,-,8852,0,0.004482400
pgvector,1,generar_emb,-,8853,0,0.011877500
pgvector,1,insert_emb,-,8853,0,0.004324600
pgvector,1,generar_emb,-,8854,0,0.011190600
pgvector,1,insert_emb,-,8854,0,0.004683700
pgvector,1,generar_emb,-,8855,0,0.010994100
pgvector,1,insert_emb,-,8855,0,0.004393800
pgvector,1,generar_emb,-,8856,0,0.012888000
pgvector,1,insert_emb,-,8856,0,0.004374400
pgvector,1,generar_emb,-,8857,0,0.011052300
pgvector,1,insert_emb,-,8857,0,0.004175200
pgvector,1,generar_emb,-,8858,0,0.010953800
pgvector,1,insert_emb,-,8858,0,0.004230600
pgvector,1,generar_emb,-,8859,0,0.010807000
pgvector,1,insert_emb,-,8859,0,0.004147100
pgvector,1,generar_emb,-,8860,0,0.011102400
pgvector,1,insert_emb,-,8860,0,0.004276500
pgvector,1,generar_emb,-,8861,0,0.011459200
pgvector,1,insert_emb,-,8861,0,0.004246800
pgvector,1,generar_emb,-,8862,0,0.011630000
pgvector,1,insert_emb,-,8862,0,0.004345400
pgvector,1,generar_emb,-,8863,0,0.011621600
pgvector,1,insert_emb,-,8863,0,0.004396000
pgvector,1,generar_emb,-,8864,0,0.013058500
pgvector,1,insert_emb,-,8864,0,0.004528900
pgvector,1,generar_emb,-,8865,0,0.012167600
pgvector,1,insert_emb,-,8865,0,0.004453000
pgvector,1,generar_emb,-,8866,0,0.012975900
pgvector,1,insert_emb,-,8866,0,0.004159300
pgvector,1,generar_emb,-,8867,0,0.011885000
pgvector,1,insert_emb,-,8867,0,0.004173300
pgvector,1,generar_emb,-,8868,0,0.012924700
pgvector,1,insert_emb,-,8868,0,0.004211100
pgvector,1,generar_emb,-,8869,0,0.012966600
pgvector,1,insert_emb,-,8869,0,0.004145300
pgvector,1,generar_emb,-,8870,0,0.012365300
pgvector,1,insert_emb,-,8870,0,0.004197900
pgvector,1,generar_emb,-,8871,0,0.011709300
pgvector,1,insert_emb,-,8871,0,0.004285500
pgvector,1,generar_emb,-,8872,0,0.011908000
pgvector,1,insert_emb,-,8872,0,0.004348100
pgvector,1,generar_emb,-,8873,0,0.012197600
pgvector,1,insert_emb,-,8873,0,0.004205600
pgvector,1,generar_emb,-,8874,0,0.015318600
pgvector,1,insert_emb,-,8874,0,0.004332000
pgvector,1,generar_emb,-,8875,0,0.013061700
pgvector,1,insert_emb,-,8875,0,0.004345500
pgvector,1,generar_emb,-,8876,0,0.012514900
pgvector,1,insert_emb,-,8876,0,0.004223200
pgvector,1,generar_emb,-,8877,0,0.012626100
pgvector,1,insert_emb,-,8877,0,0.004146600
pgvector,1,generar_emb,-,8878,0,0.012457800
pgvector,1,insert_emb,-,8878,0,0.004135000
pgvector,1,generar_emb,-,8879,0,0.011933600
pgvector,1,insert_emb,-,8879,0,0.004347300
pgvector,1,generar_emb,-,8880,0,0.012869800
pgvector,1,insert_emb,-,8880,0,0.004228100
pgvector,1,generar_emb,-,8881,0,0.011506800
pgvector,1,insert_emb,-,8881,0,0.004172800
pgvector,1,generar_emb,-,8882,0,0.012224700
pgvector,1,insert_emb,-,8882,0,0.004118100
pgvector,1,generar_emb,-,8883,0,0.010904900
pgvector,1,insert_emb,-,8883,0,0.004274400
pgvector,1,generar_emb,-,8884,0,0.011330200
pgvector,1,insert_emb,-,8884,0,0.004224000
pgvector,1,generar_emb,-,8885,0,0.010999300
pgvector,1,insert_emb,-,8885,0,0.004136700
pgvector,1,generar_emb,-,8886,0,0.013248400
pgvector,1,insert_emb,-,8886,0,0.004283800
pgvector,1,generar_emb,-,8887,0,0.012802600
pgvector,1,insert_emb,-,8887,0,0.004245600
pgvector,1,generar_emb,-,8888,0,0.012923700
pgvector,1,insert_emb,-,8888,0,0.004211300
pgvector,1,generar_emb,-,8889,0,0.011876600
pgvector,1,insert_emb,-,8889,0,0.004461700
pgvector,1,generar_emb,-,8890,0,0.011335800
pgvector,1,insert_emb,-,8890,0,0.004340500
pgvector,1,generar_emb,-,8891,0,0.015247300
pgvector,1,insert_emb,-,8891,0,0.004160400
pgvector,1,generar_emb,-,8892,0,0.010772600
pgvector,1,insert_emb,-,8892,0,0.004184200
pgvector,1,generar_emb,-,8893,0,0.011338000
pgvector,1,insert_emb,-,8893,0,0.004313200
pgvector,1,generar_emb,-,8894,0,0.011146900
pgvector,1,insert_emb,-,8894,0,0.004404400
pgvector,1,generar_emb,-,8895,0,0.011429300
pgvector,1,insert_emb,-,8895,0,0.004838500
pgvector,1,generar_emb,-,8896,0,0.010480700
pgvector,1,insert_emb,-,8896,0,0.004212500
pgvector,1,generar_emb,-,8897,0,0.011954700
pgvector,1,insert_emb,-,8897,0,0.004255800
pgvector,1,generar_emb,-,8898,0,0.011438100
pgvector,1,insert_emb,-,8898,0,0.004154100
pgvector,1,generar_emb,-,8899,0,0.012834600
pgvector,1,insert_emb,-,8899,0,0.004320200
pgvector,1,generar_emb,-,8900,0,0.012628100
pgvector,1,insert_emb,-,8900,0,0.004391500
pgvector,1,generar_emb,-,8901,0,0.014175300
pgvector,1,insert_emb,-,8901,0,0.004321800
pgvector,1,generar_emb,-,8902,0,0.012337600
pgvector,1,insert_emb,-,8902,0,0.004452900
pgvector,1,generar_emb,-,8903,0,0.013271500
pgvector,1,insert_emb,-,8903,0,0.004333200
pgvector,1,generar_emb,-,8904,0,0.013025800
pgvector,1,insert_emb,-,8904,0,0.004276600
pgvector,1,generar_emb,-,8905,0,0.014515100
pgvector,1,insert_emb,-,8905,0,0.004276200
pgvector,1,generar_emb,-,8906,0,0.013166100
pgvector,1,insert_emb,-,8906,0,0.004074500
pgvector,1,generar_emb,-,8907,0,0.013070800
pgvector,1,insert_emb,-,8907,0,0.004326500
pgvector,1,generar_emb,-,8908,0,0.014036200
pgvector,1,insert_emb,-,8908,0,0.004447300
pgvector,1,generar_emb,-,8909,0,0.012301500
pgvector,1,insert_emb,-,8909,0,0.004448900
pgvector,1,generar_emb,-,8910,0,0.012216200
pgvector,1,insert_emb,-,8910,0,0.004337100
pgvector,1,generar_emb,-,8911,0,0.011377900
pgvector,1,insert_emb,-,8911,0,0.004282200
pgvector,1,generar_emb,-,8912,0,0.012176200
pgvector,1,insert_emb,-,8912,0,0.004182800
pgvector,1,generar_emb,-,8913,0,0.012196500
pgvector,1,insert_emb,-,8913,0,0.004291400
pgvector,1,generar_emb,-,8914,0,0.011970800
pgvector,1,insert_emb,-,8914,0,0.004308600
pgvector,1,generar_emb,-,8915,0,0.013120600
pgvector,1,insert_emb,-,8915,0,0.004141500
pgvector,1,generar_emb,-,8916,0,0.012250900
pgvector,1,insert_emb,-,8916,0,0.004305700
pgvector,1,generar_emb,-,8917,0,0.011651900
pgvector,1,insert_emb,-,8917,0,0.004176800
pgvector,1,generar_emb,-,8918,0,0.013541400
pgvector,1,insert_emb,-,8918,0,0.003971500
pgvector,1,generar_emb,-,8919,0,0.012970900
pgvector,1,insert_emb,-,8919,0,0.004230100
pgvector,1,generar_emb,-,8920,0,0.012971800
pgvector,1,insert_emb,-,8920,0,0.004220700
pgvector,1,generar_emb,-,8921,0,0.013193100
pgvector,1,insert_emb,-,8921,0,0.004182100
pgvector,1,generar_emb,-,8922,0,0.013166300
pgvector,1,insert_emb,-,8922,0,0.004260900
pgvector,1,generar_emb,-,8923,0,0.013425000
pgvector,1,insert_emb,-,8923,0,0.004231700
pgvector,1,generar_emb,-,8924,0,0.013704200
pgvector,1,insert_emb,-,8924,0,0.004060000
pgvector,1,generar_emb,-,8925,0,0.012457500
pgvector,1,insert_emb,-,8925,0,0.004335900
pgvector,1,generar_emb,-,8926,0,0.012081600
pgvector,1,insert_emb,-,8926,0,0.004262800
pgvector,1,generar_emb,-,8927,0,0.013829300
pgvector,1,insert_emb,-,8927,0,0.004638400
pgvector,1,generar_emb,-,8928,0,0.011367700
pgvector,1,insert_emb,-,8928,0,0.004510200
pgvector,1,generar_emb,-,8929,0,0.012036800
pgvector,1,insert_emb,-,8929,0,0.004186800
pgvector,1,generar_emb,-,8930,0,0.011463400
pgvector,1,insert_emb,-,8930,0,0.004271100
pgvector,1,generar_emb,-,8931,0,0.011486900
pgvector,1,insert_emb,-,8931,0,0.004206300
pgvector,1,generar_emb,-,8932,0,0.012083400
pgvector,1,insert_emb,-,8932,0,0.004184100
pgvector,1,generar_emb,-,8933,0,0.012538200
pgvector,1,insert_emb,-,8933,0,0.004545300
pgvector,1,generar_emb,-,8934,0,0.011833700
pgvector,1,insert_emb,-,8934,0,0.004219600
pgvector,1,generar_emb,-,8935,0,0.013146400
pgvector,1,insert_emb,-,8935,0,0.004567500
pgvector,1,generar_emb,-,8936,0,0.013359300
pgvector,1,insert_emb,-,8936,0,0.004508600
pgvector,1,generar_emb,-,8937,0,0.014537700
pgvector,1,insert_emb,-,8937,0,0.004625100
pgvector,1,generar_emb,-,8938,0,0.013251600
pgvector,1,insert_emb,-,8938,0,0.004675000
pgvector,1,generar_emb,-,8939,0,0.016063200
pgvector,1,insert_emb,-,8939,0,0.004730200
pgvector,1,generar_emb,-,8940,0,0.011901700
pgvector,1,insert_emb,-,8940,0,0.004742400
pgvector,1,generar_emb,-,8941,0,0.014054900
pgvector,1,insert_emb,-,8941,0,0.004269200
pgvector,1,generar_emb,-,8942,0,0.013225100
pgvector,1,insert_emb,-,8942,0,0.004740000
pgvector,1,generar_emb,-,8943,0,0.011185400
pgvector,1,insert_emb,-,8943,0,0.004265000
pgvector,1,generar_emb,-,8944,0,0.012681900
pgvector,1,insert_emb,-,8944,0,0.004579500
pgvector,1,generar_emb,-,8945,0,0.013672000
pgvector,1,insert_emb,-,8945,0,0.004342300
pgvector,1,generar_emb,-,8946,0,0.013369300
pgvector,1,insert_emb,-,8946,0,0.004383600
pgvector,1,generar_emb,-,8947,0,0.013463600
pgvector,1,insert_emb,-,8947,0,0.004111800
pgvector,1,generar_emb,-,8948,0,0.011703900
pgvector,1,insert_emb,-,8948,0,0.004288600
pgvector,1,generar_emb,-,8949,0,0.013111800
pgvector,1,insert_emb,-,8949,0,0.004080400
pgvector,1,generar_emb,-,8950,0,0.013676800
pgvector,1,insert_emb,-,8950,0,0.004507000
pgvector,1,generar_emb,-,8951,0,0.012012600
pgvector,1,insert_emb,-,8951,0,0.004352800
pgvector,1,generar_emb,-,8952,0,0.011208900
pgvector,1,insert_emb,-,8952,0,0.004354300
pgvector,1,generar_emb,-,8953,0,0.011912500
pgvector,1,insert_emb,-,8953,0,0.004444400
pgvector,1,generar_emb,-,8954,0,0.011505200
pgvector,1,insert_emb,-,8954,0,0.004248000
pgvector,1,generar_emb,-,8955,0,0.012665300
pgvector,1,insert_emb,-,8955,0,0.004260300
pgvector,1,generar_emb,-,8956,0,0.013065000
pgvector,1,insert_emb,-,8956,0,0.004190800
pgvector,1,generar_emb,-,8957,0,0.010521800
pgvector,1,insert_emb,-,8957,0,0.004274500
pgvector,1,generar_emb,-,8958,0,0.013246100
pgvector,1,insert_emb,-,8958,0,0.004249700
pgvector,1,generar_emb,-,8959,0,0.012500500
pgvector,1,insert_emb,-,8959,0,0.004286500
pgvector,1,generar_emb,-,8960,0,0.015580100
pgvector,1,insert_emb,-,8960,0,0.004562700
pgvector,1,generar_emb,-,8961,0,0.011432300
pgvector,1,insert_emb,-,8961,0,0.004445000
pgvector,1,generar_emb,-,8962,0,0.010325600
pgvector,1,insert_emb,-,8962,0,0.004082600
pgvector,1,generar_emb,-,8963,0,0.011504700
pgvector,1,insert_emb,-,8963,0,0.004266900
pgvector,1,generar_emb,-,8964,0,0.013176100
pgvector,1,insert_emb,-,8964,0,0.004245500
pgvector,1,generar_emb,-,8965,0,0.013268000
pgvector,1,insert_emb,-,8965,0,0.004338100
pgvector,1,generar_emb,-,8966,0,0.012924700
pgvector,1,insert_emb,-,8966,0,0.004063500
pgvector,1,generar_emb,-,8967,0,0.014708900
pgvector,1,insert_emb,-,8967,0,0.004473700
pgvector,1,generar_emb,-,8968,0,0.014939100
pgvector,1,insert_emb,-,8968,0,0.004400200
pgvector,1,generar_emb,-,8969,0,0.014464300
pgvector,1,insert_emb,-,8969,0,0.004333300
pgvector,1,generar_emb,-,8970,0,0.012399800
pgvector,1,insert_emb,-,8970,0,0.004448000
pgvector,1,generar_emb,-,8971,0,0.013260400
pgvector,1,insert_emb,-,8971,0,0.004352500
pgvector,1,generar_emb,-,8972,0,0.012991300
pgvector,1,insert_emb,-,8972,0,0.004358300
pgvector,1,generar_emb,-,8973,0,0.016513200
pgvector,1,insert_emb,-,8973,0,0.004261600
pgvector,1,generar_emb,-,8974,0,0.012713900
pgvector,1,insert_emb,-,8974,0,0.004419400
pgvector,1,generar_emb,-,8975,0,0.013547700
pgvector,1,insert_emb,-,8975,0,0.004564400
pgvector,1,generar_emb,-,8976,0,0.012638800
pgvector,1,insert_emb,-,8976,0,0.004340000
pgvector,1,generar_emb,-,8977,0,0.013758900
pgvector,1,insert_emb,-,8977,0,0.004344100
pgvector,1,generar_emb,-,8978,0,0.011421700
pgvector,1,insert_emb,-,8978,0,0.004229300
pgvector,1,generar_emb,-,8979,0,0.015855500
pgvector,1,insert_emb,-,8979,0,0.004532500
pgvector,1,generar_emb,-,8980,0,0.013774400
pgvector,1,insert_emb,-,8980,0,0.004362600
pgvector,1,generar_emb,-,8981,0,0.014305900
pgvector,1,insert_emb,-,8981,0,0.004424500
pgvector,1,generar_emb,-,8982,0,0.013292600
pgvector,1,insert_emb,-,8982,0,0.004461200
pgvector,1,generar_emb,-,8983,0,0.012220400
pgvector,1,insert_emb,-,8983,0,0.004389300
pgvector,1,generar_emb,-,8984,0,0.012667400
pgvector,1,insert_emb,-,8984,0,0.004213300
pgvector,1,generar_emb,-,8985,0,0.012765900
pgvector,1,insert_emb,-,8985,0,0.004205500
pgvector,1,generar_emb,-,8986,0,0.012292300
pgvector,1,insert_emb,-,8986,0,0.004167800
pgvector,1,generar_emb,-,8987,0,0.013122000
pgvector,1,insert_emb,-,8987,0,0.004281800
pgvector,1,generar_emb,-,8988,0,0.011421600
pgvector,1,insert_emb,-,8988,0,0.004304300
pgvector,1,generar_emb,-,8989,0,0.011232300
pgvector,1,insert_emb,-,8989,0,0.004278000
pgvector,1,generar_emb,-,8990,0,0.010961100
pgvector,1,insert_emb,-,8990,0,0.004278900
pgvector,1,generar_emb,-,8991,0,0.011122200
pgvector,1,insert_emb,-,8991,0,0.004152100
pgvector,1,generar_emb,-,8992,0,0.010726400
pgvector,1,insert_emb,-,8992,0,0.004159200
pgvector,1,generar_emb,-,8993,0,0.012126600
pgvector,1,insert_emb,-,8993,0,0.004365600
pgvector,1,generar_emb,-,8994,0,0.011213800
pgvector,1,insert_emb,-,8994,0,0.004129600
pgvector,1,generar_emb,-,8995,0,0.010683900
pgvector,1,insert_emb,-,8995,0,0.004216400
pgvector,1,generar_emb,-,8996,0,0.011518200
pgvector,1,insert_emb,-,8996,0,0.004318100
pgvector,1,generar_emb,-,8997,0,0.013290800
pgvector,1,insert_emb,-,8997,0,0.004307900
pgvector,1,generar_emb,-,8998,0,0.012173700
pgvector,1,insert_emb,-,8998,0,0.004211000
pgvector,1,generar_emb,-,8999,0,0.010836000
pgvector,1,insert_emb,-,8999,0,0.004196600
pgvector,1,generar_emb,-,9000,0,0.013866200
pgvector,1,insert_emb,-,9000,0,0.004188300
pgvector,1,generar_emb,-,9001,0,0.014599000
pgvector,1,insert_emb,-,9001,0,0.004347200
pgvector,1,generar_emb,-,9002,0,0.011451300
pgvector,1,insert_emb,-,9002,0,0.004435400
pgvector,1,generar_emb,-,9003,0,0.010710600
pgvector,1,insert_emb,-,9003,0,0.004319400
pgvector,1,generar_emb,-,9004,0,0.012412100
pgvector,1,insert_emb,-,9004,0,0.004213600
pgvector,1,generar_emb,-,9005,0,0.012017800
pgvector,1,insert_emb,-,9005,0,0.004325200
pgvector,1,generar_emb,-,9006,0,0.011580100
pgvector,1,insert_emb,-,9006,0,0.004300400
pgvector,1,generar_emb,-,9007,0,0.012845300
pgvector,1,insert_emb,-,9007,0,0.004375400
pgvector,1,generar_emb,-,9008,0,0.012081300
pgvector,1,insert_emb,-,9008,0,0.004391300
pgvector,1,generar_emb,-,9009,0,0.011200100
pgvector,1,insert_emb,-,9009,0,0.004395000
pgvector,1,generar_emb,-,9010,0,0.011652200
pgvector,1,insert_emb,-,9010,0,0.004633900
pgvector,1,generar_emb,-,9011,0,0.016636500
pgvector,1,insert_emb,-,9011,0,0.004513400
pgvector,1,generar_emb,-,9012,0,0.012501700
pgvector,1,insert_emb,-,9012,0,0.004373100
pgvector,1,generar_emb,-,9013,0,0.014232100
pgvector,1,insert_emb,-,9013,0,0.004320500
pgvector,1,generar_emb,-,9014,0,0.012402500
pgvector,1,insert_emb,-,9014,0,0.004043300
pgvector,1,generar_emb,-,9015,0,0.013337800
pgvector,1,insert_emb,-,9015,0,0.004575500
pgvector,1,generar_emb,-,9016,0,0.011629100
pgvector,1,insert_emb,-,9016,0,0.004260200
pgvector,1,generar_emb,-,9017,0,0.011667000
pgvector,1,insert_emb,-,9017,0,0.004121100
pgvector,1,generar_emb,-,9018,0,0.011886100
pgvector,1,insert_emb,-,9018,0,0.004092900
pgvector,1,generar_emb,-,9019,0,0.011635000
pgvector,1,insert_emb,-,9019,0,0.004018100
pgvector,1,generar_emb,-,9020,0,0.012688900
pgvector,1,insert_emb,-,9020,0,0.004244500
pgvector,1,generar_emb,-,9021,0,0.015793700
pgvector,1,insert_emb,-,9021,0,0.004305800
pgvector,1,generar_emb,-,9022,0,0.013142000
pgvector,1,insert_emb,-,9022,0,0.004284600
pgvector,1,generar_emb,-,9023,0,0.011685600
pgvector,1,insert_emb,-,9023,0,0.004244700
pgvector,1,generar_emb,-,9024,0,0.015564900
pgvector,1,insert_emb,-,9024,0,0.004488400
pgvector,1,generar_emb,-,9025,0,0.014219300
pgvector,1,insert_emb,-,9025,0,0.004500600
pgvector,1,generar_emb,-,9026,0,0.013428600
pgvector,1,insert_emb,-,9026,0,0.004385000
pgvector,1,generar_emb,-,9027,0,0.011820600
pgvector,1,insert_emb,-,9027,0,0.004315100
pgvector,1,generar_emb,-,9028,0,0.012217400
pgvector,1,insert_emb,-,9028,0,0.004588700
pgvector,1,generar_emb,-,9029,0,0.010693100
pgvector,1,insert_emb,-,9029,0,0.004447400
pgvector,1,generar_emb,-,9030,0,0.010959600
pgvector,1,insert_emb,-,9030,0,0.004716300
pgvector,1,generar_emb,-,9031,0,0.012069900
pgvector,1,insert_emb,-,9031,0,0.004682500
pgvector,1,generar_emb,-,9032,0,0.012567400
pgvector,1,insert_emb,-,9032,0,0.004887300
pgvector,1,generar_emb,-,9033,0,0.011156800
pgvector,1,insert_emb,-,9033,0,0.004545900
pgvector,1,generar_emb,-,9034,0,0.012270200
pgvector,1,insert_emb,-,9034,0,0.004706700
pgvector,1,generar_emb,-,9035,0,0.010963600
pgvector,1,insert_emb,-,9035,0,0.005134100
pgvector,1,generar_emb,-,9036,0,0.013585400
pgvector,1,insert_emb,-,9036,0,0.004244600
pgvector,1,generar_emb,-,9037,0,0.012861200
pgvector,1,insert_emb,-,9037,0,0.004122700
pgvector,1,generar_emb,-,9038,0,0.011630900
pgvector,1,insert_emb,-,9038,0,0.004237400
pgvector,1,generar_emb,-,9039,0,0.012759700
pgvector,1,insert_emb,-,9039,0,0.004177000
pgvector,1,generar_emb,-,9040,0,0.011662600
pgvector,1,insert_emb,-,9040,0,0.004144200
pgvector,1,generar_emb,-,9041,0,0.012880100
pgvector,1,insert_emb,-,9041,0,0.004195100
pgvector,1,generar_emb,-,9042,0,0.013170200
pgvector,1,insert_emb,-,9042,0,0.004354500
pgvector,1,generar_emb,-,9043,0,0.011993200
pgvector,1,insert_emb,-,9043,0,0.004648900
pgvector,1,generar_emb,-,9044,0,0.011107600
pgvector,1,insert_emb,-,9044,0,0.004188600
pgvector,1,generar_emb,-,9045,0,0.013220100
pgvector,1,insert_emb,-,9045,0,0.004162200
pgvector,1,generar_emb,-,9046,0,0.011030000
pgvector,1,insert_emb,-,9046,0,0.004329400
pgvector,1,generar_emb,-,9047,0,0.012489600
pgvector,1,insert_emb,-,9047,0,0.004039700
pgvector,1,generar_emb,-,9048,0,0.013725700
pgvector,1,insert_emb,-,9048,0,0.004280900
pgvector,1,generar_emb,-,9049,0,0.012573500
pgvector,1,insert_emb,-,9049,0,0.004067300
pgvector,1,generar_emb,-,9050,0,0.013185900
pgvector,1,insert_emb,-,9050,0,0.004563800
pgvector,1,generar_emb,-,9051,0,0.010533900
pgvector,1,insert_emb,-,9051,0,0.004218900
pgvector,1,generar_emb,-,9052,0,0.011159600
pgvector,1,insert_emb,-,9052,0,0.004150800
pgvector,1,generar_emb,-,9053,0,0.010954300
pgvector,1,insert_emb,-,9053,0,0.004238900
pgvector,1,generar_emb,-,9054,0,0.012172000
pgvector,1,insert_emb,-,9054,0,0.004329000
pgvector,1,generar_emb,-,9055,0,0.010755700
pgvector,1,insert_emb,-,9055,0,0.004374900
pgvector,1,generar_emb,-,9056,0,0.010704800
pgvector,1,insert_emb,-,9056,0,0.004252900
pgvector,1,generar_emb,-,9057,0,0.015900100
pgvector,1,insert_emb,-,9057,0,0.004594500
pgvector,1,generar_emb,-,9058,0,0.013457200
pgvector,1,insert_emb,-,9058,0,0.004442700
pgvector,1,generar_emb,-,9059,0,0.011841300
pgvector,1,insert_emb,-,9059,0,0.004336400
pgvector,1,generar_emb,-,9060,0,0.012004200
pgvector,1,insert_emb,-,9060,0,0.004302000
pgvector,1,generar_emb,-,9061,0,0.013219400
pgvector,1,insert_emb,-,9061,0,0.004334100
pgvector,1,generar_emb,-,9062,0,0.012425300
pgvector,1,insert_emb,-,9062,0,0.004317400
pgvector,1,generar_emb,-,9063,0,0.012076800
pgvector,1,insert_emb,-,9063,0,0.004185900
pgvector,1,generar_emb,-,9064,0,0.015238100
pgvector,1,insert_emb,-,9064,0,0.004328800
pgvector,1,generar_emb,-,9065,0,0.011479900
pgvector,1,insert_emb,-,9065,0,0.004509200
pgvector,1,generar_emb,-,9066,0,0.016972000
pgvector,1,insert_emb,-,9066,0,0.005641800
pgvector,1,generar_emb,-,9067,0,0.016422200
pgvector,1,insert_emb,-,9067,0,0.005194500
pgvector,1,generar_emb,-,9068,0,0.016606300
pgvector,1,insert_emb,-,9068,0,0.004992600
pgvector,1,generar_emb,-,9069,0,0.023929200
pgvector,1,insert_emb,-,9069,0,0.006316700
pgvector,1,generar_emb,-,9070,0,0.022359000
pgvector,1,insert_emb,-,9070,0,0.006249400
pgvector,1,generar_emb,-,9071,0,0.021868600
pgvector,1,insert_emb,-,9071,0,0.005937500
pgvector,1,generar_emb,-,9072,0,0.026887200
pgvector,1,insert_emb,-,9072,0,0.004833100
pgvector,1,generar_emb,-,9073,0,0.015835900
pgvector,1,insert_emb,-,9073,0,0.004854300
pgvector,1,generar_emb,-,9074,0,0.012244700
pgvector,1,insert_emb,-,9074,0,0.004119600
pgvector,1,generar_emb,-,9075,0,0.011977200
pgvector,1,insert_emb,-,9075,0,0.004270500
pgvector,1,generar_emb,-,9076,0,0.012618600
pgvector,1,insert_emb,-,9076,0,0.004226200
pgvector,1,generar_emb,-,9077,0,0.017748600
pgvector,1,insert_emb,-,9077,0,0.004759300
pgvector,1,generar_emb,-,9078,0,0.011743200
pgvector,1,insert_emb,-,9078,0,0.004262800
pgvector,1,generar_emb,-,9079,0,0.012634500
pgvector,1,insert_emb,-,9079,0,0.004613800
pgvector,1,generar_emb,-,9080,0,0.011164100
pgvector,1,insert_emb,-,9080,0,0.004678800
pgvector,1,generar_emb,-,9081,0,0.010805000
pgvector,1,insert_emb,-,9081,0,0.004525400
pgvector,1,generar_emb,-,9082,0,0.013879300
pgvector,1,insert_emb,-,9082,0,0.004367100
pgvector,1,generar_emb,-,9083,0,0.010560300
pgvector,1,insert_emb,-,9083,0,0.004351300
pgvector,1,generar_emb,-,9084,0,0.010705000
pgvector,1,insert_emb,-,9084,0,0.004099900
pgvector,1,generar_emb,-,9085,0,0.010614400
pgvector,1,insert_emb,-,9085,0,0.004469200
pgvector,1,generar_emb,-,9086,0,0.011275400
pgvector,1,insert_emb,-,9086,0,0.004323500
pgvector,1,generar_emb,-,9087,0,0.012244200
pgvector,1,insert_emb,-,9087,0,0.004433500
pgvector,1,generar_emb,-,9088,0,0.012071900
pgvector,1,insert_emb,-,9088,0,0.004256100
pgvector,1,generar_emb,-,9089,0,0.011301200
pgvector,1,insert_emb,-,9089,0,0.004426900
pgvector,1,generar_emb,-,9090,0,0.011131800
pgvector,1,insert_emb,-,9090,0,0.004340300
pgvector,1,generar_emb,-,9091,0,0.012063300
pgvector,1,insert_emb,-,9091,0,0.004158500
pgvector,1,generar_emb,-,9092,0,0.012917100
pgvector,1,insert_emb,-,9092,0,0.004042400
pgvector,1,generar_emb,-,9093,0,0.017762300
pgvector,1,insert_emb,-,9093,0,0.004830300
pgvector,1,generar_emb,-,9094,0,0.013027100
pgvector,1,insert_emb,-,9094,0,0.004422800
pgvector,1,generar_emb,-,9095,0,0.011513300
pgvector,1,insert_emb,-,9095,0,0.004544000
pgvector,1,generar_emb,-,9096,0,0.014795600
pgvector,1,insert_emb,-,9096,0,0.004252200
pgvector,1,generar_emb,-,9097,0,0.011734900
pgvector,1,insert_emb,-,9097,0,0.004339200
pgvector,1,generar_emb,-,9098,0,0.012996500
pgvector,1,insert_emb,-,9098,0,0.004354300
pgvector,1,generar_emb,-,9099,0,0.013479400
pgvector,1,insert_emb,-,9099,0,0.004180500
pgvector,1,generar_emb,-,9100,0,0.012013800
pgvector,1,insert_emb,-,9100,0,0.004344000
pgvector,1,generar_emb,-,9101,0,0.011400500
pgvector,1,insert_emb,-,9101,0,0.004383800
pgvector,1,generar_emb,-,9102,0,0.011520200
pgvector,1,insert_emb,-,9102,0,0.004400700
pgvector,1,generar_emb,-,9103,0,0.011591100
pgvector,1,insert_emb,-,9103,0,0.004442300
pgvector,1,generar_emb,-,9104,0,0.011393900
pgvector,1,insert_emb,-,9104,0,0.004396900
pgvector,1,generar_emb,-,9105,0,0.014554700
pgvector,1,insert_emb,-,9105,0,0.004453600
pgvector,1,generar_emb,-,9106,0,0.011075100
pgvector,1,insert_emb,-,9106,0,0.004289200
pgvector,1,generar_emb,-,9107,0,0.010869700
pgvector,1,insert_emb,-,9107,0,0.004405500
pgvector,1,generar_emb,-,9108,0,0.010917900
pgvector,1,insert_emb,-,9108,0,0.004322500
pgvector,1,generar_emb,-,9109,0,0.010654900
pgvector,1,insert_emb,-,9109,0,0.004091000
pgvector,1,generar_emb,-,9110,0,0.011192600
pgvector,1,insert_emb,-,9110,0,0.004434000
pgvector,1,generar_emb,-,9111,0,0.014373800
pgvector,1,insert_emb,-,9111,0,0.004308200
pgvector,1,generar_emb,-,9112,0,0.013526500
pgvector,1,insert_emb,-,9112,0,0.004313800
pgvector,1,generar_emb,-,9113,0,0.016133000
pgvector,1,insert_emb,-,9113,0,0.004217400
pgvector,1,generar_emb,-,9114,0,0.011558100
pgvector,1,insert_emb,-,9114,0,0.004284800
pgvector,1,generar_emb,-,9115,0,0.013691600
pgvector,1,insert_emb,-,9115,0,0.004359300
pgvector,1,generar_emb,-,9116,0,0.012892500
pgvector,1,insert_emb,-,9116,0,0.004309800
pgvector,1,generar_emb,-,9117,0,0.011850500
pgvector,1,insert_emb,-,9117,0,0.004443400
pgvector,1,generar_emb,-,9118,0,0.010741100
pgvector,1,insert_emb,-,9118,0,0.004345900
pgvector,1,generar_emb,-,9119,0,0.011877900
pgvector,1,insert_emb,-,9119,0,0.004261700
pgvector,1,generar_emb,-,9120,0,0.012668200
pgvector,1,insert_emb,-,9120,0,0.004623200
pgvector,1,generar_emb,-,9121,0,0.013352100
pgvector,1,insert_emb,-,9121,0,0.004408000
pgvector,1,generar_emb,-,9122,0,0.018476200
pgvector,1,insert_emb,-,9122,0,0.004874900
pgvector,1,generar_emb,-,9123,0,0.012533100
pgvector,1,insert_emb,-,9123,0,0.004734900
pgvector,1,generar_emb,-,9124,0,0.011452500
pgvector,1,insert_emb,-,9124,0,0.004587300
pgvector,1,generar_emb,-,9125,0,0.015367400
pgvector,1,insert_emb,-,9125,0,0.004704500
pgvector,1,generar_emb,-,9126,0,0.011392400
pgvector,1,insert_emb,-,9126,0,0.004708200
pgvector,1,generar_emb,-,9127,0,0.011377100
pgvector,1,insert_emb,-,9127,0,0.004964300
pgvector,1,generar_emb,-,9128,0,0.012991500
pgvector,1,insert_emb,-,9128,0,0.004320500
pgvector,1,generar_emb,-,9129,0,0.011518100
pgvector,1,insert_emb,-,9129,0,0.004119700
pgvector,1,generar_emb,-,9130,0,0.015174500
pgvector,1,insert_emb,-,9130,0,0.004402600
pgvector,1,generar_emb,-,9131,0,0.019947100
pgvector,1,insert_emb,-,9131,0,0.004718300
pgvector,1,generar_emb,-,9132,0,0.012576700
pgvector,1,insert_emb,-,9132,0,0.004353000
pgvector,1,generar_emb,-,9133,0,0.011898300
pgvector,1,insert_emb,-,9133,0,0.004168600
pgvector,1,generar_emb,-,9134,0,0.011990800
pgvector,1,insert_emb,-,9134,0,0.004343800
pgvector,1,generar_emb,-,9135,0,0.012825000
pgvector,1,insert_emb,-,9135,0,0.004571100
pgvector,1,generar_emb,-,9136,0,0.011888100
pgvector,1,insert_emb,-,9136,0,0.004359500
pgvector,1,generar_emb,-,9137,0,0.015545300
pgvector,1,insert_emb,-,9137,0,0.004145500
pgvector,1,generar_emb,-,9138,0,0.011654900
pgvector,1,insert_emb,-,9138,0,0.004266900
pgvector,1,generar_emb,-,9139,0,0.017191700
pgvector,1,insert_emb,-,9139,0,0.004564500
pgvector,1,generar_emb,-,9140,0,0.012074400
pgvector,1,insert_emb,-,9140,0,0.004558200
pgvector,1,generar_emb,-,9141,0,0.010836800
pgvector,1,insert_emb,-,9141,0,0.004152900
pgvector,1,generar_emb,-,9142,0,0.011430900
pgvector,1,insert_emb,-,9142,0,0.004236300
pgvector,1,generar_emb,-,9143,0,0.011532300
pgvector,1,insert_emb,-,9143,0,0.004080900
pgvector,1,generar_emb,-,9144,0,0.010530900
pgvector,1,insert_emb,-,9144,0,0.004268900
pgvector,1,generar_emb,-,9145,0,0.011267400
pgvector,1,insert_emb,-,9145,0,0.004206500
pgvector,1,generar_emb,-,9146,0,0.010537600
pgvector,1,insert_emb,-,9146,0,0.004112000
pgvector,1,generar_emb,-,9147,0,0.013746900
pgvector,1,insert_emb,-,9147,0,0.004105500
pgvector,1,generar_emb,-,9148,0,0.011375700
pgvector,1,insert_emb,-,9148,0,0.004079600
pgvector,1,generar_emb,-,9149,0,0.012068700
pgvector,1,insert_emb,-,9149,0,0.004123400
pgvector,1,generar_emb,-,9150,0,0.011327100
pgvector,1,insert_emb,-,9150,0,0.004295500
pgvector,1,generar_emb,-,9151,0,0.010823800
pgvector,1,insert_emb,-,9151,0,0.004590100
pgvector,1,generar_emb,-,9152,0,0.012267600
pgvector,1,insert_emb,-,9152,0,0.004060300
pgvector,1,generar_emb,-,9153,0,0.013719400
pgvector,1,insert_emb,-,9153,0,0.004360000
pgvector,1,generar_emb,-,9154,0,0.014451200
pgvector,1,insert_emb,-,9154,0,0.004556000
pgvector,1,generar_emb,-,9155,0,0.012069800
pgvector,1,insert_emb,-,9155,0,0.004367400
pgvector,1,generar_emb,-,9156,0,0.013346700
pgvector,1,insert_emb,-,9156,0,0.004642900
pgvector,1,generar_emb,-,9157,0,0.012596000
pgvector,1,insert_emb,-,9157,0,0.004237200
pgvector,1,generar_emb,-,9158,0,0.010940800
pgvector,1,insert_emb,-,9158,0,0.004280700
pgvector,1,generar_emb,-,9159,0,0.012067000
pgvector,1,insert_emb,-,9159,0,0.003863400
pgvector,1,generar_emb,-,9160,0,0.011832100
pgvector,1,insert_emb,-,9160,0,0.004286700
pgvector,1,generar_emb,-,9161,0,0.010973500
pgvector,1,insert_emb,-,9161,0,0.004025800
pgvector,1,generar_emb,-,9162,0,0.011150900
pgvector,1,insert_emb,-,9162,0,0.004203200
pgvector,1,generar_emb,-,9163,0,0.011360100
pgvector,1,insert_emb,-,9163,0,0.004463800
pgvector,1,generar_emb,-,9164,0,0.011663700
pgvector,1,insert_emb,-,9164,0,0.004595400
pgvector,1,generar_emb,-,9165,0,0.015809600
pgvector,1,insert_emb,-,9165,0,0.004504900
pgvector,1,generar_emb,-,9166,0,0.012123100
pgvector,1,insert_emb,-,9166,0,0.004150200
pgvector,1,generar_emb,-,9167,0,0.011649900
pgvector,1,insert_emb,-,9167,0,0.004189100
pgvector,1,generar_emb,-,9168,0,0.010672900
pgvector,1,insert_emb,-,9168,0,0.004200800
pgvector,1,generar_emb,-,9169,0,0.011097500
pgvector,1,insert_emb,-,9169,0,0.004391000
pgvector,1,generar_emb,-,9170,0,0.015198700
pgvector,1,insert_emb,-,9170,0,0.004341400
pgvector,1,generar_emb,-,9171,0,0.011883100
pgvector,1,insert_emb,-,9171,0,0.004339600
pgvector,1,generar_emb,-,9172,0,0.011037200
pgvector,1,insert_emb,-,9172,0,0.004481900
pgvector,1,generar_emb,-,9173,0,0.011241100
pgvector,1,insert_emb,-,9173,0,0.004711200
pgvector,1,generar_emb,-,9174,0,0.011294600
pgvector,1,insert_emb,-,9174,0,0.004306400
pgvector,1,generar_emb,-,9175,0,0.012449800
pgvector,1,insert_emb,-,9175,0,0.005174100
pgvector,1,generar_emb,-,9176,0,0.015278600
pgvector,1,insert_emb,-,9176,0,0.004308200
pgvector,1,generar_emb,-,9177,0,0.011222400
pgvector,1,insert_emb,-,9177,0,0.004122100
pgvector,1,generar_emb,-,9178,0,0.011576200
pgvector,1,insert_emb,-,9178,0,0.004482200
pgvector,1,generar_emb,-,9179,0,0.012997200
pgvector,1,insert_emb,-,9179,0,0.004359700
pgvector,1,generar_emb,-,9180,0,0.016038100
pgvector,1,insert_emb,-,9180,0,0.004509500
pgvector,1,generar_emb,-,9181,0,0.011008700
pgvector,1,insert_emb,-,9181,0,0.004165300
pgvector,1,generar_emb,-,9182,0,0.013413300
pgvector,1,insert_emb,-,9182,0,0.004160900
pgvector,1,generar_emb,-,9183,0,0.012401200
pgvector,1,insert_emb,-,9183,0,0.004337900
pgvector,1,generar_emb,-,9184,0,0.013059500
pgvector,1,insert_emb,-,9184,0,0.004451800
pgvector,1,generar_emb,-,9185,0,0.012141200
pgvector,1,insert_emb,-,9185,0,0.004283900
pgvector,1,generar_emb,-,9186,0,0.012687600
pgvector,1,insert_emb,-,9186,0,0.004001700
pgvector,1,generar_emb,-,9187,0,0.013686600
pgvector,1,insert_emb,-,9187,0,0.004474300
pgvector,1,generar_emb,-,9188,0,0.013087000
pgvector,1,insert_emb,-,9188,0,0.004416300
pgvector,1,generar_emb,-,9189,0,0.013210700
pgvector,1,insert_emb,-,9189,0,0.004244700
pgvector,1,generar_emb,-,9190,0,0.015106800
pgvector,1,insert_emb,-,9190,0,0.004986500
pgvector,1,generar_emb,-,9191,0,0.020609200
pgvector,1,insert_emb,-,9191,0,0.004820900
pgvector,1,generar_emb,-,9192,0,0.014583100
pgvector,1,insert_emb,-,9192,0,0.004991700
pgvector,1,generar_emb,-,9193,0,0.015193100
pgvector,1,insert_emb,-,9193,0,0.004960000
pgvector,1,generar_emb,-,9194,0,0.017218600
pgvector,1,insert_emb,-,9194,0,0.004782100
pgvector,1,generar_emb,-,9195,0,0.015876900
pgvector,1,insert_emb,-,9195,0,0.004562600
pgvector,1,generar_emb,-,9196,0,0.012044500
pgvector,1,insert_emb,-,9196,0,0.004454800
pgvector,1,generar_emb,-,9197,0,0.014153600
pgvector,1,insert_emb,-,9197,0,0.004593800
pgvector,1,generar_emb,-,9198,0,0.012661800
pgvector,1,insert_emb,-,9198,0,0.005059800
pgvector,1,generar_emb,-,9199,0,0.010990500
pgvector,1,insert_emb,-,9199,0,0.004844200
pgvector,1,generar_emb,-,9200,0,0.011801500
pgvector,1,insert_emb,-,9200,0,0.004439500
pgvector,1,generar_emb,-,9201,0,0.013394900
pgvector,1,insert_emb,-,9201,0,0.004340100
pgvector,1,generar_emb,-,9202,0,0.011137300
pgvector,1,insert_emb,-,9202,0,0.004365800
pgvector,1,generar_emb,-,9203,0,0.012663000
pgvector,1,insert_emb,-,9203,0,0.004380200
pgvector,1,generar_emb,-,9204,0,0.012916300
pgvector,1,insert_emb,-,9204,0,0.004543000
pgvector,1,generar_emb,-,9205,0,0.012864100
pgvector,1,insert_emb,-,9205,0,0.004778200
pgvector,1,generar_emb,-,9206,0,0.012265900
pgvector,1,insert_emb,-,9206,0,0.004246400
pgvector,1,generar_emb,-,9207,0,0.013196400
pgvector,1,insert_emb,-,9207,0,0.004485300
pgvector,1,generar_emb,-,9208,0,0.012517100
pgvector,1,insert_emb,-,9208,0,0.003954900
pgvector,1,generar_emb,-,9209,0,0.011810400
pgvector,1,insert_emb,-,9209,0,0.004183200
pgvector,1,generar_emb,-,9210,0,0.013632500
pgvector,1,insert_emb,-,9210,0,0.004342300
pgvector,1,generar_emb,-,9211,0,0.010534000
pgvector,1,insert_emb,-,9211,0,0.004564400
pgvector,1,generar_emb,-,9212,0,0.011804400
pgvector,1,insert_emb,-,9212,0,0.004562900
pgvector,1,generar_emb,-,9213,0,0.011956200
pgvector,1,insert_emb,-,9213,0,0.004555600
pgvector,1,generar_emb,-,9214,0,0.012438000
pgvector,1,insert_emb,-,9214,0,0.004606700
pgvector,1,generar_emb,-,9215,0,0.011939500
pgvector,1,insert_emb,-,9215,0,0.004653600
pgvector,1,generar_emb,-,9216,0,0.010787300
pgvector,1,insert_emb,-,9216,0,0.004490500
pgvector,1,generar_emb,-,9217,0,0.014379300
pgvector,1,insert_emb,-,9217,0,0.004783500
pgvector,1,generar_emb,-,9218,0,0.012155900
pgvector,1,insert_emb,-,9218,0,0.004931200
pgvector,1,generar_emb,-,9219,0,0.011073300
pgvector,1,insert_emb,-,9219,0,0.004514900
pgvector,1,generar_emb,-,9220,0,0.011365700
pgvector,1,insert_emb,-,9220,0,0.004583200
pgvector,1,generar_emb,-,9221,0,0.011729100
pgvector,1,insert_emb,-,9221,0,0.004631400
pgvector,1,generar_emb,-,9222,0,0.010637800
pgvector,1,insert_emb,-,9222,0,0.004249900
pgvector,1,generar_emb,-,9223,0,0.012337700
pgvector,1,insert_emb,-,9223,0,0.004284100
pgvector,1,generar_emb,-,9224,0,0.010633100
pgvector,1,insert_emb,-,9224,0,0.004218300
pgvector,1,generar_emb,-,9225,0,0.010750000
pgvector,1,insert_emb,-,9225,0,0.004442800
pgvector,1,generar_emb,-,9226,0,0.013494500
pgvector,1,insert_emb,-,9226,0,0.004539100
pgvector,1,generar_emb,-,9227,0,0.012303200
pgvector,1,insert_emb,-,9227,0,0.004433400
pgvector,1,generar_emb,-,9228,0,0.012007800
pgvector,1,insert_emb,-,9228,0,0.004266700
pgvector,1,generar_emb,-,9229,0,0.013302100
pgvector,1,insert_emb,-,9229,0,0.004439200
pgvector,1,generar_emb,-,9230,0,0.012540400
pgvector,1,insert_emb,-,9230,0,0.004446800
pgvector,1,generar_emb,-,9231,0,0.012554200
pgvector,1,insert_emb,-,9231,0,0.004837600
pgvector,1,generar_emb,-,9232,0,0.016206800
pgvector,1,insert_emb,-,9232,0,0.004324300
pgvector,1,generar_emb,-,9233,0,0.012765800
pgvector,1,insert_emb,-,9233,0,0.004966600
pgvector,1,generar_emb,-,9234,0,0.012136700
pgvector,1,insert_emb,-,9234,0,0.004407300
pgvector,1,generar_emb,-,9235,0,0.010507600
pgvector,1,insert_emb,-,9235,0,0.004462200
pgvector,1,generar_emb,-,9236,0,0.012140400
pgvector,1,insert_emb,-,9236,0,0.004287600
pgvector,1,generar_emb,-,9237,0,0.013871200
pgvector,1,insert_emb,-,9237,0,0.004224700
pgvector,1,generar_emb,-,9238,0,0.011947200
pgvector,1,insert_emb,-,9238,0,0.004412300
pgvector,1,generar_emb,-,9239,0,0.012298600
pgvector,1,insert_emb,-,9239,0,0.004474800
pgvector,1,generar_emb,-,9240,0,0.011066000
pgvector,1,insert_emb,-,9240,0,0.004472700
pgvector,1,generar_emb,-,9241,0,0.011024400
pgvector,1,insert_emb,-,9241,0,0.004326600
pgvector,1,generar_emb,-,9242,0,0.010781900
pgvector,1,insert_emb,-,9242,0,0.004403000
pgvector,1,generar_emb,-,9243,0,0.011352300
pgvector,1,insert_emb,-,9243,0,0.004160800
pgvector,1,generar_emb,-,9244,0,0.010844200
pgvector,1,insert_emb,-,9244,0,0.004268900
pgvector,1,generar_emb,-,9245,0,0.013276900
pgvector,1,insert_emb,-,9245,0,0.004482300
pgvector,1,generar_emb,-,9246,0,0.013029800
pgvector,1,insert_emb,-,9246,0,0.004169800
pgvector,1,generar_emb,-,9247,0,0.012031600
pgvector,1,insert_emb,-,9247,0,0.004292200
pgvector,1,generar_emb,-,9248,0,0.013499800
pgvector,1,insert_emb,-,9248,0,0.004658400
pgvector,1,generar_emb,-,9249,0,0.010830100
pgvector,1,insert_emb,-,9249,0,0.004333100
pgvector,1,generar_emb,-,9250,0,0.012915000
pgvector,1,insert_emb,-,9250,0,0.004454100
pgvector,1,generar_emb,-,9251,0,0.013422600
pgvector,1,insert_emb,-,9251,0,0.004140700
pgvector,1,generar_emb,-,9252,0,0.011393800
pgvector,1,insert_emb,-,9252,0,0.004260800
pgvector,1,generar_emb,-,9253,0,0.012873800
pgvector,1,insert_emb,-,9253,0,0.004162300
pgvector,1,generar_emb,-,9254,0,0.011665100
pgvector,1,insert_emb,-,9254,0,0.004126500
pgvector,1,generar_emb,-,9255,0,0.011601000
pgvector,1,insert_emb,-,9255,0,0.004347100
pgvector,1,generar_emb,-,9256,0,0.014409600
pgvector,1,insert_emb,-,9256,0,0.004319900
pgvector,1,generar_emb,-,9257,0,0.012124700
pgvector,1,insert_emb,-,9257,0,0.004067600
pgvector,1,generar_emb,-,9258,0,0.012838600
pgvector,1,insert_emb,-,9258,0,0.004881800
pgvector,1,generar_emb,-,9259,0,0.011753100
pgvector,1,insert_emb,-,9259,0,0.004481200
pgvector,1,generar_emb,-,9260,0,0.011633700
pgvector,1,insert_emb,-,9260,0,0.004665600
pgvector,1,generar_emb,-,9261,0,0.012746200
pgvector,1,insert_emb,-,9261,0,0.004377000
pgvector,1,generar_emb,-,9262,0,0.011266700
pgvector,1,insert_emb,-,9262,0,0.004319600
pgvector,1,generar_emb,-,9263,0,0.012192800
pgvector,1,insert_emb,-,9263,0,0.004087800
pgvector,1,generar_emb,-,9264,0,0.013452200
pgvector,1,insert_emb,-,9264,0,0.004192800
pgvector,1,generar_emb,-,9265,0,0.013327700
pgvector,1,insert_emb,-,9265,0,0.004459300
pgvector,1,generar_emb,-,9266,0,0.014051800
pgvector,1,insert_emb,-,9266,0,0.004223300
pgvector,1,generar_emb,-,9267,0,0.012492000
pgvector,1,insert_emb,-,9267,0,0.004263400
pgvector,1,generar_emb,-,9268,0,0.011476200
pgvector,1,insert_emb,-,9268,0,0.004519100
pgvector,1,generar_emb,-,9269,0,0.011317200
pgvector,1,insert_emb,-,9269,0,0.004325000
pgvector,1,generar_emb,-,9270,0,0.011860900
pgvector,1,insert_emb,-,9270,0,0.004387300
pgvector,1,generar_emb,-,9271,0,0.010841300
pgvector,1,insert_emb,-,9271,0,0.004337300
pgvector,1,generar_emb,-,9272,0,0.011176100
pgvector,1,insert_emb,-,9272,0,0.004267600
pgvector,1,generar_emb,-,9273,0,0.011368700
pgvector,1,insert_emb,-,9273,0,0.004374600
pgvector,1,generar_emb,-,9274,0,0.011241100
pgvector,1,insert_emb,-,9274,0,0.004303400
pgvector,1,generar_emb,-,9275,0,0.011116800
pgvector,1,insert_emb,-,9275,0,0.004285100
pgvector,1,generar_emb,-,9276,0,0.010719800
pgvector,1,insert_emb,-,9276,0,0.004311900
pgvector,1,generar_emb,-,9277,0,0.011322000
pgvector,1,insert_emb,-,9277,0,0.004449600
pgvector,1,generar_emb,-,9278,0,0.012444000
pgvector,1,insert_emb,-,9278,0,0.004458400
pgvector,1,generar_emb,-,9279,0,0.011334500
pgvector,1,insert_emb,-,9279,0,0.004236300
pgvector,1,generar_emb,-,9280,0,0.013549900
pgvector,1,insert_emb,-,9280,0,0.004435000
pgvector,1,generar_emb,-,9281,0,0.011622600
pgvector,1,insert_emb,-,9281,0,0.004457100
pgvector,1,generar_emb,-,9282,0,0.012460500
pgvector,1,insert_emb,-,9282,0,0.004350500
pgvector,1,generar_emb,-,9283,0,0.011491900
pgvector,1,insert_emb,-,9283,0,0.004346300
pgvector,1,generar_emb,-,9284,0,0.011382000
pgvector,1,insert_emb,-,9284,0,0.004442200
pgvector,1,generar_emb,-,9285,0,0.012045300
pgvector,1,insert_emb,-,9285,0,0.004259500
pgvector,1,generar_emb,-,9286,0,0.010734900
pgvector,1,insert_emb,-,9286,0,0.004114900
pgvector,1,generar_emb,-,9287,0,0.011100200
pgvector,1,insert_emb,-,9287,0,0.004262900
pgvector,1,generar_emb,-,9288,0,0.010850300
pgvector,1,insert_emb,-,9288,0,0.004285800
pgvector,1,generar_emb,-,9289,0,0.013745200
pgvector,1,insert_emb,-,9289,0,0.004172300
pgvector,1,generar_emb,-,9290,0,0.012317300
pgvector,1,insert_emb,-,9290,0,0.004417900
pgvector,1,generar_emb,-,9291,0,0.014312100
pgvector,1,insert_emb,-,9291,0,0.004304800
pgvector,1,generar_emb,-,9292,0,0.012245300
pgvector,1,insert_emb,-,9292,0,0.004302400
pgvector,1,generar_emb,-,9293,0,0.011106200
pgvector,1,insert_emb,-,9293,0,0.004520800
pgvector,1,generar_emb,-,9294,0,0.011926500
pgvector,1,insert_emb,-,9294,0,0.004211400
pgvector,1,generar_emb,-,9295,0,0.011717000
pgvector,1,insert_emb,-,9295,0,0.004369700
pgvector,1,generar_emb,-,9296,0,0.010872100
pgvector,1,insert_emb,-,9296,0,0.004270400
pgvector,1,generar_emb,-,9297,0,0.012336300
pgvector,1,insert_emb,-,9297,0,0.004185000
pgvector,1,generar_emb,-,9298,0,0.011721400
pgvector,1,insert_emb,-,9298,0,0.004630800
pgvector,1,generar_emb,-,9299,0,0.011931300
pgvector,1,insert_emb,-,9299,0,0.004445500
pgvector,1,generar_emb,-,9300,0,0.013484400
pgvector,1,insert_emb,-,9300,0,0.004705000
pgvector,1,generar_emb,-,9301,0,0.017476900
pgvector,1,insert_emb,-,9301,0,0.005285300
pgvector,1,generar_emb,-,9302,0,0.012642800
pgvector,1,insert_emb,-,9302,0,0.004902000
pgvector,1,generar_emb,-,9303,0,0.013272500
pgvector,1,insert_emb,-,9303,0,0.004516500
pgvector,1,generar_emb,-,9304,0,0.012255800
pgvector,1,insert_emb,-,9304,0,0.004660300
pgvector,1,generar_emb,-,9305,0,0.014627100
pgvector,1,insert_emb,-,9305,0,0.004796000
pgvector,1,generar_emb,-,9306,0,0.012047000
pgvector,1,insert_emb,-,9306,0,0.005062100
pgvector,1,generar_emb,-,9307,0,0.011908400
pgvector,1,insert_emb,-,9307,0,0.004804800
pgvector,1,generar_emb,-,9308,0,0.011313400
pgvector,1,insert_emb,-,9308,0,0.004807300
pgvector,1,generar_emb,-,9309,0,0.013356900
pgvector,1,insert_emb,-,9309,0,0.004749800
pgvector,1,generar_emb,-,9310,0,0.013123700
pgvector,1,insert_emb,-,9310,0,0.004882000
pgvector,1,generar_emb,-,9311,0,0.012195200
pgvector,1,insert_emb,-,9311,0,0.004790700
pgvector,1,generar_emb,-,9312,0,0.014137100
pgvector,1,insert_emb,-,9312,0,0.004640500
pgvector,1,generar_emb,-,9313,0,0.016155700
pgvector,1,insert_emb,-,9313,0,0.004671800
pgvector,1,generar_emb,-,9314,0,0.011972300
pgvector,1,insert_emb,-,9314,0,0.004761300
pgvector,1,generar_emb,-,9315,0,0.013667900
pgvector,1,insert_emb,-,9315,0,0.004445400
pgvector,1,generar_emb,-,9316,0,0.012195500
pgvector,1,insert_emb,-,9316,0,0.004393000
pgvector,1,generar_emb,-,9317,0,0.012886200
pgvector,1,insert_emb,-,9317,0,0.004481800
pgvector,1,generar_emb,-,9318,0,0.013488200
pgvector,1,insert_emb,-,9318,0,0.004431500
pgvector,1,generar_emb,-,9319,0,0.012175200
pgvector,1,insert_emb,-,9319,0,0.004288000
pgvector,1,generar_emb,-,9320,0,0.012240500
pgvector,1,insert_emb,-,9320,0,0.004576300
pgvector,1,generar_emb,-,9321,0,0.012338300
pgvector,1,insert_emb,-,9321,0,0.004409200
pgvector,1,generar_emb,-,9322,0,0.011503200
pgvector,1,insert_emb,-,9322,0,0.004519100
pgvector,1,generar_emb,-,9323,0,0.012345500
pgvector,1,insert_emb,-,9323,0,0.004387900
pgvector,1,generar_emb,-,9324,0,0.011264500
pgvector,1,insert_emb,-,9324,0,0.004319600
pgvector,1,generar_emb,-,9325,0,0.012593600
pgvector,1,insert_emb,-,9325,0,0.004457800
pgvector,1,generar_emb,-,9326,0,0.011863900
pgvector,1,insert_emb,-,9326,0,0.004489900
pgvector,1,generar_emb,-,9327,0,0.011387400
pgvector,1,insert_emb,-,9327,0,0.004494100
pgvector,1,generar_emb,-,9328,0,0.012825000
pgvector,1,insert_emb,-,9328,0,0.004869100
pgvector,1,generar_emb,-,9329,0,0.011766500
pgvector,1,insert_emb,-,9329,0,0.004940800
pgvector,1,generar_emb,-,9330,0,0.012015800
pgvector,1,insert_emb,-,9330,0,0.004833000
pgvector,1,generar_emb,-,9331,0,0.010873800
pgvector,1,insert_emb,-,9331,0,0.004468900
pgvector,1,generar_emb,-,9332,0,0.013516200
pgvector,1,insert_emb,-,9332,0,0.004426200
pgvector,1,generar_emb,-,9333,0,0.011165900
pgvector,1,insert_emb,-,9333,0,0.004078000
pgvector,1,generar_emb,-,9334,0,0.010510700
pgvector,1,insert_emb,-,9334,0,0.004283900
pgvector,1,generar_emb,-,9335,0,0.011546200
pgvector,1,insert_emb,-,9335,0,0.004850700
pgvector,1,generar_emb,-,9336,0,0.014322000
pgvector,1,insert_emb,-,9336,0,0.004324000
pgvector,1,generar_emb,-,9337,0,0.013225500
pgvector,1,insert_emb,-,9337,0,0.004415800
pgvector,1,generar_emb,-,9338,0,0.011988400
pgvector,1,insert_emb,-,9338,0,0.004317100
pgvector,1,generar_emb,-,9339,0,0.012347200
pgvector,1,insert_emb,-,9339,0,0.004530900
pgvector,1,generar_emb,-,9340,0,0.011439500
pgvector,1,insert_emb,-,9340,0,0.004438400
pgvector,1,generar_emb,-,9341,0,0.011015900
pgvector,1,insert_emb,-,9341,0,0.004132900
pgvector,1,generar_emb,-,9342,0,0.014569500
pgvector,1,insert_emb,-,9342,0,0.004560900
pgvector,1,generar_emb,-,9343,0,0.011692500
pgvector,1,insert_emb,-,9343,0,0.004712400
pgvector,1,generar_emb,-,9344,0,0.011369500
pgvector,1,insert_emb,-,9344,0,0.004423900
pgvector,1,generar_emb,-,9345,0,0.011628700
pgvector,1,insert_emb,-,9345,0,0.004622700
pgvector,1,generar_emb,-,9346,0,0.012107300
pgvector,1,insert_emb,-,9346,0,0.004251000
pgvector,1,generar_emb,-,9347,0,0.011455700
pgvector,1,insert_emb,-,9347,0,0.004197700
pgvector,1,generar_emb,-,9348,0,0.010684200
pgvector,1,insert_emb,-,9348,0,0.004147900
pgvector,1,generar_emb,-,9349,0,0.010812600
pgvector,1,insert_emb,-,9349,0,0.004302700
pgvector,1,generar_emb,-,9350,0,0.012927600
pgvector,1,insert_emb,-,9350,0,0.004358900
pgvector,1,generar_emb,-,9351,0,0.012600500
pgvector,1,insert_emb,-,9351,0,0.004361700
pgvector,1,generar_emb,-,9352,0,0.011201400
pgvector,1,insert_emb,-,9352,0,0.004356500
pgvector,1,generar_emb,-,9353,0,0.011943900
pgvector,1,insert_emb,-,9353,0,0.004298400
pgvector,1,generar_emb,-,9354,0,0.011602700
pgvector,1,insert_emb,-,9354,0,0.004357200
pgvector,1,generar_emb,-,9355,0,0.011496200
pgvector,1,insert_emb,-,9355,0,0.004354400
pgvector,1,generar_emb,-,9356,0,0.012108900
pgvector,1,insert_emb,-,9356,0,0.004175900
pgvector,1,generar_emb,-,9357,0,0.011725500
pgvector,1,insert_emb,-,9357,0,0.004269200
pgvector,1,generar_emb,-,9358,0,0.012692600
pgvector,1,insert_emb,-,9358,0,0.004586300
pgvector,1,generar_emb,-,9359,0,0.012923600
pgvector,1,insert_emb,-,9359,0,0.004539500
pgvector,1,generar_emb,-,9360,0,0.012534500
pgvector,1,insert_emb,-,9360,0,0.004566300
pgvector,1,generar_emb,-,9361,0,0.012728800
pgvector,1,insert_emb,-,9361,0,0.004175400
pgvector,1,generar_emb,-,9362,0,0.011711300
pgvector,1,insert_emb,-,9362,0,0.004374200
pgvector,1,generar_emb,-,9363,0,0.011411400
pgvector,1,insert_emb,-,9363,0,0.004300200
pgvector,1,generar_emb,-,9364,0,0.013049400
pgvector,1,insert_emb,-,9364,0,0.004296100
pgvector,1,generar_emb,-,9365,0,0.014156200
pgvector,1,insert_emb,-,9365,0,0.004238300
pgvector,1,generar_emb,-,9366,0,0.014006400
pgvector,1,insert_emb,-,9366,0,0.004626400
pgvector,1,generar_emb,-,9367,0,0.014536900
pgvector,1,insert_emb,-,9367,0,0.004154000
pgvector,1,generar_emb,-,9368,0,0.015263600
pgvector,1,insert_emb,-,9368,0,0.004798300
pgvector,1,generar_emb,-,9369,0,0.010898500
pgvector,1,insert_emb,-,9369,0,0.004148200
pgvector,1,generar_emb,-,9370,0,0.011441100
pgvector,1,insert_emb,-,9370,0,0.004361000
pgvector,1,generar_emb,-,9371,0,0.010745800
pgvector,1,insert_emb,-,9371,0,0.004531000
pgvector,1,generar_emb,-,9372,0,0.012451300
pgvector,1,insert_emb,-,9372,0,0.004435700
pgvector,1,generar_emb,-,9373,0,0.010809800
pgvector,1,insert_emb,-,9373,0,0.004391700
pgvector,1,generar_emb,-,9374,0,0.011366400
pgvector,1,insert_emb,-,9374,0,0.004523200
pgvector,1,generar_emb,-,9375,0,0.011129400
pgvector,1,insert_emb,-,9375,0,0.004582000
pgvector,1,generar_emb,-,9376,0,0.014302800
pgvector,1,insert_emb,-,9376,0,0.004473700
pgvector,1,generar_emb,-,9377,0,0.010526200
pgvector,1,insert_emb,-,9377,0,0.004182400
pgvector,1,generar_emb,-,9378,0,0.013490700
pgvector,1,insert_emb,-,9378,0,0.004561900
pgvector,1,generar_emb,-,9379,0,0.010747400
pgvector,1,insert_emb,-,9379,0,0.004131300
pgvector,1,generar_emb,-,9380,0,0.010790000
pgvector,1,insert_emb,-,9380,0,0.004356800
pgvector,1,generar_emb,-,9381,0,0.014389800
pgvector,1,insert_emb,-,9381,0,0.004146900
pgvector,1,generar_emb,-,9382,0,0.012612400
pgvector,1,insert_emb,-,9382,0,0.004187400
pgvector,1,generar_emb,-,9383,0,0.013850200
pgvector,1,insert_emb,-,9383,0,0.004482800
pgvector,1,generar_emb,-,9384,0,0.014595800
pgvector,1,insert_emb,-,9384,0,0.004589700
pgvector,1,generar_emb,-,9385,0,0.012700600
pgvector,1,insert_emb,-,9385,0,0.004647900
pgvector,1,generar_emb,-,9386,0,0.013468300
pgvector,1,insert_emb,-,9386,0,0.004333000
pgvector,1,generar_emb,-,9387,0,0.012113900
pgvector,1,insert_emb,-,9387,0,0.004315100
pgvector,1,generar_emb,-,9388,0,0.013638500
pgvector,1,insert_emb,-,9388,0,0.004286700
pgvector,1,generar_emb,-,9389,0,0.012362300
pgvector,1,insert_emb,-,9389,0,0.004491400
pgvector,1,generar_emb,-,9390,0,0.012393900
pgvector,1,insert_emb,-,9390,0,0.004513400
pgvector,1,generar_emb,-,9391,0,0.012445000
pgvector,1,insert_emb,-,9391,0,0.003969300
pgvector,1,generar_emb,-,9392,0,0.012622800
pgvector,1,insert_emb,-,9392,0,0.004040200
pgvector,1,generar_emb,-,9393,0,0.012564900
pgvector,1,insert_emb,-,9393,0,0.004032400
pgvector,1,generar_emb,-,9394,0,0.013959700
pgvector,1,insert_emb,-,9394,0,0.004476100
pgvector,1,generar_emb,-,9395,0,0.014162300
pgvector,1,insert_emb,-,9395,0,0.004405700
pgvector,1,generar_emb,-,9396,0,0.014486100
pgvector,1,insert_emb,-,9396,0,0.004274200
pgvector,1,generar_emb,-,9397,0,0.012494200
pgvector,1,insert_emb,-,9397,0,0.004552200
pgvector,1,generar_emb,-,9398,0,0.012059300
pgvector,1,insert_emb,-,9398,0,0.004638700
pgvector,1,generar_emb,-,9399,0,0.011779700
pgvector,1,insert_emb,-,9399,0,0.004587700
pgvector,1,generar_emb,-,9400,0,0.013398500
pgvector,1,insert_emb,-,9400,0,0.004978900
pgvector,1,generar_emb,-,9401,0,0.012514700
pgvector,1,insert_emb,-,9401,0,0.004547300
pgvector,1,generar_emb,-,9402,0,0.014935500
pgvector,1,insert_emb,-,9402,0,0.004481100
pgvector,1,generar_emb,-,9403,0,0.011244200
pgvector,1,insert_emb,-,9403,0,0.004492400
pgvector,1,generar_emb,-,9404,0,0.011887200
pgvector,1,insert_emb,-,9404,0,0.004504300
pgvector,1,generar_emb,-,9405,0,0.012808200
pgvector,1,insert_emb,-,9405,0,0.004481800
pgvector,1,generar_emb,-,9406,0,0.011795200
pgvector,1,insert_emb,-,9406,0,0.004277400
pgvector,1,generar_emb,-,9407,0,0.013112700
pgvector,1,insert_emb,-,9407,0,0.004352300
pgvector,1,generar_emb,-,9408,0,0.011934400
pgvector,1,insert_emb,-,9408,0,0.004345300
pgvector,1,generar_emb,-,9409,0,0.012962000
pgvector,1,insert_emb,-,9409,0,0.004081900
pgvector,1,generar_emb,-,9410,0,0.014090500
pgvector,1,insert_emb,-,9410,0,0.004160200
pgvector,1,generar_emb,-,9411,0,0.013077100
pgvector,1,insert_emb,-,9411,0,0.004564000
pgvector,1,generar_emb,-,9412,0,0.013254700
pgvector,1,insert_emb,-,9412,0,0.004166900
pgvector,1,generar_emb,-,9413,0,0.012071800
pgvector,1,insert_emb,-,9413,0,0.004308600
pgvector,1,generar_emb,-,9414,0,0.011656700
pgvector,1,insert_emb,-,9414,0,0.004367700
pgvector,1,generar_emb,-,9415,0,0.011260500
pgvector,1,insert_emb,-,9415,0,0.004592900
pgvector,1,generar_emb,-,9416,0,0.013995200
pgvector,1,insert_emb,-,9416,0,0.004155200
pgvector,1,generar_emb,-,9417,0,0.011275900
pgvector,1,insert_emb,-,9417,0,0.004525200
pgvector,1,generar_emb,-,9418,0,0.015030400
pgvector,1,insert_emb,-,9418,0,0.004318200
pgvector,1,generar_emb,-,9419,0,0.012195600
pgvector,1,insert_emb,-,9419,0,0.004433200
pgvector,1,generar_emb,-,9420,0,0.013902000
pgvector,1,insert_emb,-,9420,0,0.004722500
pgvector,1,generar_emb,-,9421,0,0.014834100
pgvector,1,insert_emb,-,9421,0,0.004268900
pgvector,1,generar_emb,-,9422,0,0.012405300
pgvector,1,insert_emb,-,9422,0,0.004531200
pgvector,1,generar_emb,-,9423,0,0.013322500
pgvector,1,insert_emb,-,9423,0,0.004310600
pgvector,1,generar_emb,-,9424,0,0.014692800
pgvector,1,insert_emb,-,9424,0,0.004305000
pgvector,1,generar_emb,-,9425,0,0.012804900
pgvector,1,insert_emb,-,9425,0,0.004342500
pgvector,1,generar_emb,-,9426,0,0.015173600
pgvector,1,insert_emb,-,9426,0,0.004276200
pgvector,1,generar_emb,-,9427,0,0.012422200
pgvector,1,insert_emb,-,9427,0,0.004586000
pgvector,1,generar_emb,-,9428,0,0.012603300
pgvector,1,insert_emb,-,9428,0,0.004810700
pgvector,1,generar_emb,-,9429,0,0.012395800
pgvector,1,insert_emb,-,9429,0,0.004477800
pgvector,1,generar_emb,-,9430,0,0.012162800
pgvector,1,insert_emb,-,9430,0,0.004262500
pgvector,1,generar_emb,-,9431,0,0.012442000
pgvector,1,insert_emb,-,9431,0,0.004580600
pgvector,1,generar_emb,-,9432,0,0.013325500
pgvector,1,insert_emb,-,9432,0,0.004230100
pgvector,1,generar_emb,-,9433,0,0.011567300
pgvector,1,insert_emb,-,9433,0,0.004203600
pgvector,1,generar_emb,-,9434,0,0.010789800
pgvector,1,insert_emb,-,9434,0,0.004263500
pgvector,1,generar_emb,-,9435,0,0.010752200
pgvector,1,insert_emb,-,9435,0,0.004098400
pgvector,1,generar_emb,-,9436,0,0.013960800
pgvector,1,insert_emb,-,9436,0,0.004298000
pgvector,1,generar_emb,-,9437,0,0.013192600
pgvector,1,insert_emb,-,9437,0,0.004890800
pgvector,1,generar_emb,-,9438,0,0.011930900
pgvector,1,insert_emb,-,9438,0,0.004581200
pgvector,1,generar_emb,-,9439,0,0.010527100
pgvector,1,insert_emb,-,9439,0,0.004267600
pgvector,1,generar_emb,-,9440,0,0.011009300
pgvector,1,insert_emb,-,9440,0,0.004681300
pgvector,1,generar_emb,-,9441,0,0.012145500
pgvector,1,insert_emb,-,9441,0,0.004414200
pgvector,1,generar_emb,-,9442,0,0.011229200
pgvector,1,insert_emb,-,9442,0,0.004356900
pgvector,1,generar_emb,-,9443,0,0.010657400
pgvector,1,insert_emb,-,9443,0,0.004221600
pgvector,1,generar_emb,-,9444,0,0.011433400
pgvector,1,insert_emb,-,9444,0,0.004256300
pgvector,1,generar_emb,-,9445,0,0.011503900
pgvector,1,insert_emb,-,9445,0,0.004321000
pgvector,1,generar_emb,-,9446,0,0.012881000
pgvector,1,insert_emb,-,9446,0,0.004311900
pgvector,1,generar_emb,-,9447,0,0.011643800
pgvector,1,insert_emb,-,9447,0,0.004448200
pgvector,1,generar_emb,-,9448,0,0.012296400
pgvector,1,insert_emb,-,9448,0,0.004191000
pgvector,1,generar_emb,-,9449,0,0.010804100
pgvector,1,insert_emb,-,9449,0,0.004561800
pgvector,1,generar_emb,-,9450,0,0.010977700
pgvector,1,insert_emb,-,9450,0,0.004329400
pgvector,1,generar_emb,-,9451,0,0.011390700
pgvector,1,insert_emb,-,9451,0,0.004291600
pgvector,1,generar_emb,-,9452,0,0.012318700
pgvector,1,insert_emb,-,9452,0,0.004336800
pgvector,1,generar_emb,-,9453,0,0.011009500
pgvector,1,insert_emb,-,9453,0,0.004421900
pgvector,1,generar_emb,-,9454,0,0.011187900
pgvector,1,insert_emb,-,9454,0,0.004370900
pgvector,1,generar_emb,-,9455,0,0.011398900
pgvector,1,insert_emb,-,9455,0,0.004469300
pgvector,1,generar_emb,-,9456,0,0.010389900
pgvector,1,insert_emb,-,9456,0,0.004181400
pgvector,1,generar_emb,-,9457,0,0.011077900
pgvector,1,insert_emb,-,9457,0,0.004379800
pgvector,1,generar_emb,-,9458,0,0.013519100
pgvector,1,insert_emb,-,9458,0,0.004566400
pgvector,1,generar_emb,-,9459,0,0.010881500
pgvector,1,insert_emb,-,9459,0,0.004693400
pgvector,1,generar_emb,-,9460,0,0.010494600
pgvector,1,insert_emb,-,9460,0,0.004580400
pgvector,1,generar_emb,-,9461,0,0.010828500
pgvector,1,insert_emb,-,9461,0,0.004479100
pgvector,1,generar_emb,-,9462,0,0.010834000
pgvector,1,insert_emb,-,9462,0,0.004251400
pgvector,1,generar_emb,-,9463,0,0.011472900
pgvector,1,insert_emb,-,9463,0,0.004571200
pgvector,1,generar_emb,-,9464,0,0.011075800
pgvector,1,insert_emb,-,9464,0,0.004664300
pgvector,1,generar_emb,-,9465,0,0.011598700
pgvector,1,insert_emb,-,9465,0,0.004410800
pgvector,1,generar_emb,-,9466,0,0.012329700
pgvector,1,insert_emb,-,9466,0,0.004421700
pgvector,1,generar_emb,-,9467,0,0.011764700
pgvector,1,insert_emb,-,9467,0,0.004264200
pgvector,1,generar_emb,-,9468,0,0.013518600
pgvector,1,insert_emb,-,9468,0,0.004384300
pgvector,1,generar_emb,-,9469,0,0.012559400
pgvector,1,insert_emb,-,9469,0,0.004266100
pgvector,1,generar_emb,-,9470,0,0.014935700
pgvector,1,insert_emb,-,9470,0,0.004474900
pgvector,1,generar_emb,-,9471,0,0.012853300
pgvector,1,insert_emb,-,9471,0,0.004307700
pgvector,1,generar_emb,-,9472,0,0.012906600
pgvector,1,insert_emb,-,9472,0,0.004524300
pgvector,1,generar_emb,-,9473,0,0.013096100
pgvector,1,insert_emb,-,9473,0,0.004260200
pgvector,1,generar_emb,-,9474,0,0.011862600
pgvector,1,insert_emb,-,9474,0,0.004456800
pgvector,1,generar_emb,-,9475,0,0.011946800
pgvector,1,insert_emb,-,9475,0,0.004446200
pgvector,1,generar_emb,-,9476,0,0.012921200
pgvector,1,insert_emb,-,9476,0,0.004624800
pgvector,1,generar_emb,-,9477,0,0.010941200
pgvector,1,insert_emb,-,9477,0,0.004677900
pgvector,1,generar_emb,-,9478,0,0.011019400
pgvector,1,insert_emb,-,9478,0,0.004284800
pgvector,1,generar_emb,-,9479,0,0.011092100
pgvector,1,insert_emb,-,9479,0,0.004660100
pgvector,1,generar_emb,-,9480,0,0.013770600
pgvector,1,insert_emb,-,9480,0,0.004460500
pgvector,1,generar_emb,-,9481,0,0.012456000
pgvector,1,insert_emb,-,9481,0,0.004407500
pgvector,1,generar_emb,-,9482,0,0.014618500
pgvector,1,insert_emb,-,9482,0,0.004401000
pgvector,1,generar_emb,-,9483,0,0.012172100
pgvector,1,insert_emb,-,9483,0,0.004427500
pgvector,1,generar_emb,-,9484,0,0.011708200
pgvector,1,insert_emb,-,9484,0,0.004348300
pgvector,1,generar_emb,-,9485,0,0.012046800
pgvector,1,insert_emb,-,9485,0,0.004277700
pgvector,1,generar_emb,-,9486,0,0.014170100
pgvector,1,insert_emb,-,9486,0,0.004314800
pgvector,1,generar_emb,-,9487,0,0.013102800
pgvector,1,insert_emb,-,9487,0,0.004351500
pgvector,1,generar_emb,-,9488,0,0.012614300
pgvector,1,insert_emb,-,9488,0,0.004406400
pgvector,1,generar_emb,-,9489,0,0.012538600
pgvector,1,insert_emb,-,9489,0,0.004319300
pgvector,1,generar_emb,-,9490,0,0.013238000
pgvector,1,insert_emb,-,9490,0,0.004438800
pgvector,1,generar_emb,-,9491,0,0.013287200
pgvector,1,insert_emb,-,9491,0,0.004344600
pgvector,1,generar_emb,-,9492,0,0.015366500
pgvector,1,insert_emb,-,9492,0,0.004511400
pgvector,1,generar_emb,-,9493,0,0.013930600
pgvector,1,insert_emb,-,9493,0,0.004865200
pgvector,1,generar_emb,-,9494,0,0.014072400
pgvector,1,insert_emb,-,9494,0,0.004783500
pgvector,1,generar_emb,-,9495,0,0.013584100
pgvector,1,insert_emb,-,9495,0,0.004797600
pgvector,1,generar_emb,-,9496,0,0.010889900
pgvector,1,insert_emb,-,9496,0,0.004659600
pgvector,1,generar_emb,-,9497,0,0.012044900
pgvector,1,insert_emb,-,9497,0,0.004798700
pgvector,1,generar_emb,-,9498,0,0.012948200
pgvector,1,insert_emb,-,9498,0,0.004845800
pgvector,1,generar_emb,-,9499,0,0.011063100
pgvector,1,insert_emb,-,9499,0,0.004768500
pgvector,1,generar_emb,-,9500,0,0.010714900
pgvector,1,insert_emb,-,9500,0,0.004548900
pgvector,1,generar_emb,-,9501,0,0.011790400
pgvector,1,insert_emb,-,9501,0,0.004228300
pgvector,1,generar_emb,-,9502,0,0.012627600
pgvector,1,insert_emb,-,9502,0,0.004410500
pgvector,1,generar_emb,-,9503,0,0.012510900
pgvector,1,insert_emb,-,9503,0,0.004494100
pgvector,1,generar_emb,-,9504,0,0.012846900
pgvector,1,insert_emb,-,9504,0,0.004267200
pgvector,1,generar_emb,-,9505,0,0.013998500
pgvector,1,insert_emb,-,9505,0,0.004456100
pgvector,1,generar_emb,-,9506,0,0.012749200
pgvector,1,insert_emb,-,9506,0,0.004416500
pgvector,1,generar_emb,-,9507,0,0.012934100
pgvector,1,insert_emb,-,9507,0,0.004542900
pgvector,1,generar_emb,-,9508,0,0.013749900
pgvector,1,insert_emb,-,9508,0,0.004237600
pgvector,1,generar_emb,-,9509,0,0.013209100
pgvector,1,insert_emb,-,9509,0,0.004224100
pgvector,1,generar_emb,-,9510,0,0.012221700
pgvector,1,insert_emb,-,9510,0,0.004317000
pgvector,1,generar_emb,-,9511,0,0.013268400
pgvector,1,insert_emb,-,9511,0,0.004292400
pgvector,1,generar_emb,-,9512,0,0.014461600
pgvector,1,insert_emb,-,9512,0,0.004521400
pgvector,1,generar_emb,-,9513,0,0.014368600
pgvector,1,insert_emb,-,9513,0,0.004556200
pgvector,1,generar_emb,-,9514,0,0.013894900
pgvector,1,insert_emb,-,9514,0,0.005156400
pgvector,1,generar_emb,-,9515,0,0.013836400
pgvector,1,insert_emb,-,9515,0,0.004808000
pgvector,1,generar_emb,-,9516,0,0.015186900
pgvector,1,insert_emb,-,9516,0,0.005093800
pgvector,1,generar_emb,-,9517,0,0.014187300
pgvector,1,insert_emb,-,9517,0,0.005620900
pgvector,1,generar_emb,-,9518,0,0.017210100
pgvector,1,insert_emb,-,9518,0,0.005160700
pgvector,1,generar_emb,-,9519,0,0.016113400
pgvector,1,insert_emb,-,9519,0,0.005722200
pgvector,1,generar_emb,-,9520,0,0.018683300
pgvector,1,insert_emb,-,9520,0,0.005269900
pgvector,1,generar_emb,-,9521,0,0.016539700
pgvector,1,insert_emb,-,9521,0,0.004565200
pgvector,1,generar_emb,-,9522,0,0.017765700
pgvector,1,insert_emb,-,9522,0,0.004747000
pgvector,1,generar_emb,-,9523,0,0.013217700
pgvector,1,insert_emb,-,9523,0,0.005513000
pgvector,1,generar_emb,-,9524,0,0.013145500
pgvector,1,insert_emb,-,9524,0,0.004525400
pgvector,1,generar_emb,-,9525,0,0.011889300
pgvector,1,insert_emb,-,9525,0,0.004739200
pgvector,1,generar_emb,-,9526,0,0.014214300
pgvector,1,insert_emb,-,9526,0,0.004906900
pgvector,1,generar_emb,-,9527,0,0.013852000
pgvector,1,insert_emb,-,9527,0,0.005344300
pgvector,1,generar_emb,-,9528,0,0.015607100
pgvector,1,insert_emb,-,9528,0,0.004865800
pgvector,1,generar_emb,-,9529,0,0.012312100
pgvector,1,insert_emb,-,9529,0,0.004659100
pgvector,1,generar_emb,-,9530,0,0.013017200
pgvector,1,insert_emb,-,9530,0,0.004328300
pgvector,1,generar_emb,-,9531,0,0.012995000
pgvector,1,insert_emb,-,9531,0,0.004210300
pgvector,1,generar_emb,-,9532,0,0.011342200
pgvector,1,insert_emb,-,9532,0,0.004275200
pgvector,1,generar_emb,-,9533,0,0.012893800
pgvector,1,insert_emb,-,9533,0,0.004298900
pgvector,1,generar_emb,-,9534,0,0.014139400
pgvector,1,insert_emb,-,9534,0,0.004369100
pgvector,1,generar_emb,-,9535,0,0.012581600
pgvector,1,insert_emb,-,9535,0,0.004477000
pgvector,1,generar_emb,-,9536,0,0.012192800
pgvector,1,insert_emb,-,9536,0,0.004366400
pgvector,1,generar_emb,-,9537,0,0.011840500
pgvector,1,insert_emb,-,9537,0,0.004550500
pgvector,1,generar_emb,-,9538,0,0.012646800
pgvector,1,insert_emb,-,9538,0,0.004234100
pgvector,1,generar_emb,-,9539,0,0.011294500
pgvector,1,insert_emb,-,9539,0,0.004230200
pgvector,1,generar_emb,-,9540,0,0.010701300
pgvector,1,insert_emb,-,9540,0,0.004188400
pgvector,1,generar_emb,-,9541,0,0.011197600
pgvector,1,insert_emb,-,9541,0,0.005072900
pgvector,1,generar_emb,-,9542,0,0.050412100
pgvector,1,insert_emb,-,9542,0,0.006963900
pgvector,1,generar_emb,-,9543,0,0.019477800
pgvector,1,insert_emb,-,9543,0,0.005395700
pgvector,1,generar_emb,-,9544,0,0.014183300
pgvector,1,insert_emb,-,9544,0,0.004622600
pgvector,1,generar_emb,-,9545,0,0.014708600
pgvector,1,insert_emb,-,9545,0,0.004455200
pgvector,1,generar_emb,-,9546,0,0.011137200
pgvector,1,insert_emb,-,9546,0,0.004057600
pgvector,1,generar_emb,-,9547,0,0.012605200
pgvector,1,insert_emb,-,9547,0,0.004352600
pgvector,1,generar_emb,-,9548,0,0.014773600
pgvector,1,insert_emb,-,9548,0,0.004882400
pgvector,1,generar_emb,-,9549,0,0.012102200
pgvector,1,insert_emb,-,9549,0,0.004331000
pgvector,1,generar_emb,-,9550,0,0.013034900
pgvector,1,insert_emb,-,9550,0,0.004699900
pgvector,1,generar_emb,-,9551,0,0.012935100
pgvector,1,insert_emb,-,9551,0,0.004142100
pgvector,1,generar_emb,-,9552,0,0.013120700
pgvector,1,insert_emb,-,9552,0,0.004276500
pgvector,1,generar_emb,-,9553,0,0.010813500
pgvector,1,insert_emb,-,9553,0,0.004172500
pgvector,1,generar_emb,-,9554,0,0.011241200
pgvector,1,insert_emb,-,9554,0,0.004394600
pgvector,1,generar_emb,-,9555,0,0.010601200
pgvector,1,insert_emb,-,9555,0,0.004395100
pgvector,1,generar_emb,-,9556,0,0.011877900
pgvector,1,insert_emb,-,9556,0,0.004442900
pgvector,1,generar_emb,-,9557,0,0.010589800
pgvector,1,insert_emb,-,9557,0,0.004422300
pgvector,1,generar_emb,-,9558,0,0.011184300
pgvector,1,insert_emb,-,9558,0,0.004252200
pgvector,1,generar_emb,-,9559,0,0.015284500
pgvector,1,insert_emb,-,9559,0,0.004500700
pgvector,1,generar_emb,-,9560,0,0.010995600
pgvector,1,insert_emb,-,9560,0,0.004402500
pgvector,1,generar_emb,-,9561,0,0.012050400
pgvector,1,insert_emb,-,9561,0,0.004509300
pgvector,1,generar_emb,-,9562,0,0.012877300
pgvector,1,insert_emb,-,9562,0,0.004506700
pgvector,1,generar_emb,-,9563,0,0.014855500
pgvector,1,insert_emb,-,9563,0,0.004362100
pgvector,1,generar_emb,-,9564,0,0.013457300
pgvector,1,insert_emb,-,9564,0,0.004171300
pgvector,1,generar_emb,-,9565,0,0.011700000
pgvector,1,insert_emb,-,9565,0,0.004340400
pgvector,1,generar_emb,-,9566,0,0.011623300
pgvector,1,insert_emb,-,9566,0,0.004320900
pgvector,1,generar_emb,-,9567,0,0.012669500
pgvector,1,insert_emb,-,9567,0,0.004258600
pgvector,1,generar_emb,-,9568,0,0.012311300
pgvector,1,insert_emb,-,9568,0,0.004135400
pgvector,1,generar_emb,-,9569,0,0.012312100
pgvector,1,insert_emb,-,9569,0,0.004239800
pgvector,1,generar_emb,-,9570,0,0.012354600
pgvector,1,insert_emb,-,9570,0,0.004576600
pgvector,1,generar_emb,-,9571,0,0.013362700
pgvector,1,insert_emb,-,9571,0,0.004333600
pgvector,1,generar_emb,-,9572,0,0.014430200
pgvector,1,insert_emb,-,9572,0,0.004448900
pgvector,1,generar_emb,-,9573,0,0.013382000
pgvector,1,insert_emb,-,9573,0,0.004581200
pgvector,1,generar_emb,-,9574,0,0.010809500
pgvector,1,insert_emb,-,9574,0,0.004472900
pgvector,1,generar_emb,-,9575,0,0.012338200
pgvector,1,insert_emb,-,9575,0,0.004407300
pgvector,1,generar_emb,-,9576,0,0.011574300
pgvector,1,insert_emb,-,9576,0,0.004749900
pgvector,1,generar_emb,-,9577,0,0.011586300
pgvector,1,insert_emb,-,9577,0,0.004223600
pgvector,1,generar_emb,-,9578,0,0.010760000
pgvector,1,insert_emb,-,9578,0,0.004321100
pgvector,1,generar_emb,-,9579,0,0.010591800
pgvector,1,insert_emb,-,9579,0,0.004258800
pgvector,1,generar_emb,-,9580,0,0.012562600
pgvector,1,insert_emb,-,9580,0,0.004702700
pgvector,1,generar_emb,-,9581,0,0.014578200
pgvector,1,insert_emb,-,9581,0,0.005002200
pgvector,1,generar_emb,-,9582,0,0.013454500
pgvector,1,insert_emb,-,9582,0,0.004554000
pgvector,1,generar_emb,-,9583,0,0.011640100
pgvector,1,insert_emb,-,9583,0,0.004452300
pgvector,1,generar_emb,-,9584,0,0.011986600
pgvector,1,insert_emb,-,9584,0,0.004695700
pgvector,1,generar_emb,-,9585,0,0.011094100
pgvector,1,insert_emb,-,9585,0,0.004407000
pgvector,1,generar_emb,-,9586,0,0.011665600
pgvector,1,insert_emb,-,9586,0,0.004191800
pgvector,1,generar_emb,-,9587,0,0.011809400
pgvector,1,insert_emb,-,9587,0,0.004446100
pgvector,1,generar_emb,-,9588,0,0.010251100
pgvector,1,insert_emb,-,9588,0,0.004410600
pgvector,1,generar_emb,-,9589,0,0.011959100
pgvector,1,insert_emb,-,9589,0,0.004523900
pgvector,1,generar_emb,-,9590,0,0.011828100
pgvector,1,insert_emb,-,9590,0,0.004506800
pgvector,1,generar_emb,-,9591,0,0.012114700
pgvector,1,insert_emb,-,9591,0,0.004418400
pgvector,1,generar_emb,-,9592,0,0.011608400
pgvector,1,insert_emb,-,9592,0,0.004500700
pgvector,1,generar_emb,-,9593,0,0.012579100
pgvector,1,insert_emb,-,9593,0,0.004244400
pgvector,1,generar_emb,-,9594,0,0.014471800
pgvector,1,insert_emb,-,9594,0,0.004384200
pgvector,1,generar_emb,-,9595,0,0.011824600
pgvector,1,insert_emb,-,9595,0,0.004485100
pgvector,1,generar_emb,-,9596,0,0.010950300
pgvector,1,insert_emb,-,9596,0,0.004414700
pgvector,1,generar_emb,-,9597,0,0.010888700
pgvector,1,insert_emb,-,9597,0,0.004348300
pgvector,1,generar_emb,-,9598,0,0.011821000
pgvector,1,insert_emb,-,9598,0,0.004304800
pgvector,1,generar_emb,-,9599,0,0.011264700
pgvector,1,insert_emb,-,9599,0,0.004363600
pgvector,1,generar_emb,-,9600,0,0.011467400
pgvector,1,insert_emb,-,9600,0,0.004454900
pgvector,1,generar_emb,-,9601,0,0.011034200
pgvector,1,insert_emb,-,9601,0,0.004280800
pgvector,1,generar_emb,-,9602,0,0.012401300
pgvector,1,insert_emb,-,9602,0,0.004437800
pgvector,1,generar_emb,-,9603,0,0.012792100
pgvector,1,insert_emb,-,9603,0,0.004326400
pgvector,1,generar_emb,-,9604,0,0.012941600
pgvector,1,insert_emb,-,9604,0,0.004296100
pgvector,1,generar_emb,-,9605,0,0.011340100
pgvector,1,insert_emb,-,9605,0,0.004341700
pgvector,1,generar_emb,-,9606,0,0.011010700
pgvector,1,insert_emb,-,9606,0,0.004274500
pgvector,1,generar_emb,-,9607,0,0.009940300
pgvector,1,insert_emb,-,9607,0,0.004292100
pgvector,1,generar_emb,-,9608,0,0.011136700
pgvector,1,insert_emb,-,9608,0,0.004519600
pgvector,1,generar_emb,-,9609,0,0.013133500
pgvector,1,insert_emb,-,9609,0,0.004386400
pgvector,1,generar_emb,-,9610,0,0.010496300
pgvector,1,insert_emb,-,9610,0,0.004418900
pgvector,1,generar_emb,-,9611,0,0.011420900
pgvector,1,insert_emb,-,9611,0,0.004259900
pgvector,1,generar_emb,-,9612,0,0.012175600
pgvector,1,insert_emb,-,9612,0,0.004328800
pgvector,1,generar_emb,-,9613,0,0.011749700
pgvector,1,insert_emb,-,9613,0,0.004271100
pgvector,1,generar_emb,-,9614,0,0.012765600
pgvector,1,insert_emb,-,9614,0,0.004600800
pgvector,1,generar_emb,-,9615,0,0.010874000
pgvector,1,insert_emb,-,9615,0,0.004500800
pgvector,1,generar_emb,-,9616,0,0.010558500
pgvector,1,insert_emb,-,9616,0,0.004222600
pgvector,1,generar_emb,-,9617,0,0.011698200
pgvector,1,insert_emb,-,9617,0,0.004315300
pgvector,1,generar_emb,-,9618,0,0.012035500
pgvector,1,insert_emb,-,9618,0,0.004553000
pgvector,1,generar_emb,-,9619,0,0.014090600
pgvector,1,insert_emb,-,9619,0,0.004326200
pgvector,1,generar_emb,-,9620,0,0.012571200
pgvector,1,insert_emb,-,9620,0,0.004437200
pgvector,1,generar_emb,-,9621,0,0.010940300
pgvector,1,insert_emb,-,9621,0,0.006280300
pgvector,1,generar_emb,-,9622,0,0.011999400
pgvector,1,insert_emb,-,9622,0,0.004431900
pgvector,1,generar_emb,-,9623,0,0.012029600
pgvector,1,insert_emb,-,9623,0,0.004525300
pgvector,1,generar_emb,-,9624,0,0.010917200
pgvector,1,insert_emb,-,9624,0,0.004424400
pgvector,1,generar_emb,-,9625,0,0.012273300
pgvector,1,insert_emb,-,9625,0,0.004556500
pgvector,1,generar_emb,-,9626,0,0.011384100
pgvector,1,insert_emb,-,9626,0,0.004309300
pgvector,1,generar_emb,-,9627,0,0.012490700
pgvector,1,insert_emb,-,9627,0,0.004374900
pgvector,1,generar_emb,-,9628,0,0.011957400
pgvector,1,insert_emb,-,9628,0,0.004445000
pgvector,1,generar_emb,-,9629,0,0.013333800
pgvector,1,insert_emb,-,9629,0,0.004787900
pgvector,1,generar_emb,-,9630,0,0.012372600
pgvector,1,insert_emb,-,9630,0,0.004645300
pgvector,1,generar_emb,-,9631,0,0.012339800
pgvector,1,insert_emb,-,9631,0,0.004616200
pgvector,1,generar_emb,-,9632,0,0.011600000
pgvector,1,insert_emb,-,9632,0,0.004208200
pgvector,1,generar_emb,-,9633,0,0.012574800
pgvector,1,insert_emb,-,9633,0,0.004421900
pgvector,1,generar_emb,-,9634,0,0.011988700
pgvector,1,insert_emb,-,9634,0,0.004590800
pgvector,1,generar_emb,-,9635,0,0.010821900
pgvector,1,insert_emb,-,9635,0,0.004301600
pgvector,1,generar_emb,-,9636,0,0.011912500
pgvector,1,insert_emb,-,9636,0,0.004438400
pgvector,1,generar_emb,-,9637,0,0.011479500
pgvector,1,insert_emb,-,9637,0,0.004493400
pgvector,1,generar_emb,-,9638,0,0.014372100
pgvector,1,insert_emb,-,9638,0,0.004352200
pgvector,1,generar_emb,-,9639,0,0.011232700
pgvector,1,insert_emb,-,9639,0,0.004243700
pgvector,1,generar_emb,-,9640,0,0.012121700
pgvector,1,insert_emb,-,9640,0,0.004453600
pgvector,1,generar_emb,-,9641,0,0.011924500
pgvector,1,insert_emb,-,9641,0,0.004272600
pgvector,1,generar_emb,-,9642,0,0.010884000
pgvector,1,insert_emb,-,9642,0,0.004032100
pgvector,1,generar_emb,-,9643,0,0.011640000
pgvector,1,insert_emb,-,9643,0,0.004447600
pgvector,1,generar_emb,-,9644,0,0.010533400
pgvector,1,insert_emb,-,9644,0,0.004328100
pgvector,1,generar_emb,-,9645,0,0.011553900
pgvector,1,insert_emb,-,9645,0,0.004264600
pgvector,1,generar_emb,-,9646,0,0.011256800
pgvector,1,insert_emb,-,9646,0,0.004283000
pgvector,1,generar_emb,-,9647,0,0.011514300
pgvector,1,insert_emb,-,9647,0,0.004178800
pgvector,1,generar_emb,-,9648,0,0.011669600
pgvector,1,insert_emb,-,9648,0,0.004158300
pgvector,1,generar_emb,-,9649,0,0.012517500
pgvector,1,insert_emb,-,9649,0,0.004682300
pgvector,1,generar_emb,-,9650,0,0.011829000
pgvector,1,insert_emb,-,9650,0,0.004649600
pgvector,1,generar_emb,-,9651,0,0.015682600
pgvector,1,insert_emb,-,9651,0,0.005381400
pgvector,1,generar_emb,-,9652,0,0.018601300
pgvector,1,insert_emb,-,9652,0,0.005228600
pgvector,1,generar_emb,-,9653,0,0.015748100
pgvector,1,insert_emb,-,9653,0,0.005550300
pgvector,1,generar_emb,-,9654,0,0.014361000
pgvector,1,insert_emb,-,9654,0,0.005323800
pgvector,1,generar_emb,-,9655,0,0.024220800
pgvector,1,insert_emb,-,9655,0,0.005938100
pgvector,1,generar_emb,-,9656,0,0.023506600
pgvector,1,insert_emb,-,9656,0,0.006476300
pgvector,1,generar_emb,-,9657,0,0.019988300
pgvector,1,insert_emb,-,9657,0,0.006018300
pgvector,1,generar_emb,-,9658,0,0.023363200
pgvector,1,insert_emb,-,9658,0,0.004837300
pgvector,1,generar_emb,-,9659,0,0.012938000
pgvector,1,insert_emb,-,9659,0,0.004799000
pgvector,1,generar_emb,-,9660,0,0.014276100
pgvector,1,insert_emb,-,9660,0,0.004357300
pgvector,1,generar_emb,-,9661,0,0.010796600
pgvector,1,insert_emb,-,9661,0,0.004189400
pgvector,1,generar_emb,-,9662,0,0.011287200
pgvector,1,insert_emb,-,9662,0,0.004137200
pgvector,1,generar_emb,-,9663,0,0.011955300
pgvector,1,insert_emb,-,9663,0,0.004335700
pgvector,1,generar_emb,-,9664,0,0.013800200
pgvector,1,insert_emb,-,9664,0,0.004457500
pgvector,1,generar_emb,-,9665,0,0.012068300
pgvector,1,insert_emb,-,9665,0,0.004850700
pgvector,1,generar_emb,-,9666,0,0.012355000
pgvector,1,insert_emb,-,9666,0,0.004162900
pgvector,1,generar_emb,-,9667,0,0.011504000
pgvector,1,insert_emb,-,9667,0,0.004161700
pgvector,1,generar_emb,-,9668,0,0.013294000
pgvector,1,insert_emb,-,9668,0,0.004584800
pgvector,1,generar_emb,-,9669,0,0.011931200
pgvector,1,insert_emb,-,9669,0,0.004327900
pgvector,1,generar_emb,-,9670,0,0.011417100
pgvector,1,insert_emb,-,9670,0,0.004532800
pgvector,1,generar_emb,-,9671,0,0.011976800
pgvector,1,insert_emb,-,9671,0,0.004411600
pgvector,1,generar_emb,-,9672,0,0.011223700
pgvector,1,insert_emb,-,9672,0,0.004271300
pgvector,1,generar_emb,-,9673,0,0.012213900
pgvector,1,insert_emb,-,9673,0,0.004227100
pgvector,1,generar_emb,-,9674,0,0.011373100
pgvector,1,insert_emb,-,9674,0,0.004242400
pgvector,1,generar_emb,-,9675,0,0.012142600
pgvector,1,insert_emb,-,9675,0,0.004773700
pgvector,1,generar_emb,-,9676,0,0.012455100
pgvector,1,insert_emb,-,9676,0,0.004135200
pgvector,1,generar_emb,-,9677,0,0.013025300
pgvector,1,insert_emb,-,9677,0,0.004269500
pgvector,1,generar_emb,-,9678,0,0.012387400
pgvector,1,insert_emb,-,9678,0,0.004471600
pgvector,1,generar_emb,-,9679,0,0.011935100
pgvector,1,insert_emb,-,9679,0,0.004391900
pgvector,1,generar_emb,-,9680,0,0.012621900
pgvector,1,insert_emb,-,9680,0,0.004754800
pgvector,1,generar_emb,-,9681,0,0.011209100
pgvector,1,insert_emb,-,9681,0,0.004378800
pgvector,1,generar_emb,-,9682,0,0.012519600
pgvector,1,insert_emb,-,9682,0,0.004421200
pgvector,1,generar_emb,-,9683,0,0.013474400
pgvector,1,insert_emb,-,9683,0,0.004006000
pgvector,1,generar_emb,-,9684,0,0.012948700
pgvector,1,insert_emb,-,9684,0,0.004073600
pgvector,1,generar_emb,-,9685,0,0.011827100
pgvector,1,insert_emb,-,9685,0,0.004534200
pgvector,1,generar_emb,-,9686,0,0.013241700
pgvector,1,insert_emb,-,9686,0,0.004356100
pgvector,1,generar_emb,-,9687,0,0.011780000
pgvector,1,insert_emb,-,9687,0,0.004182800
pgvector,1,generar_emb,-,9688,0,0.011500300
pgvector,1,insert_emb,-,9688,0,0.004226700
pgvector,1,generar_emb,-,9689,0,0.011570300
pgvector,1,insert_emb,-,9689,0,0.004468600
pgvector,1,generar_emb,-,9690,0,0.011821100
pgvector,1,insert_emb,-,9690,0,0.004470100
pgvector,1,generar_emb,-,9691,0,0.012719700
pgvector,1,insert_emb,-,9691,0,0.004409100
pgvector,1,generar_emb,-,9692,0,0.012774200
pgvector,1,insert_emb,-,9692,0,0.004711900
pgvector,1,generar_emb,-,9693,0,0.012830800
pgvector,1,insert_emb,-,9693,0,0.004279200
pgvector,1,generar_emb,-,9694,0,0.012160700
pgvector,1,insert_emb,-,9694,0,0.004424800
pgvector,1,generar_emb,-,9695,0,0.012888100
pgvector,1,insert_emb,-,9695,0,0.004335800
pgvector,1,generar_emb,-,9696,0,0.013953300
pgvector,1,insert_emb,-,9696,0,0.004826100
pgvector,1,generar_emb,-,9697,0,0.010723800
pgvector,1,insert_emb,-,9697,0,0.004388400
pgvector,1,generar_emb,-,9698,0,0.012570500
pgvector,1,insert_emb,-,9698,0,0.004190700
pgvector,1,generar_emb,-,9699,0,0.012209100
pgvector,1,insert_emb,-,9699,0,0.004343600
pgvector,1,generar_emb,-,9700,0,0.012008900
pgvector,1,insert_emb,-,9700,0,0.004200100
pgvector,1,generar_emb,-,9701,0,0.011710300
pgvector,1,insert_emb,-,9701,0,0.004331400
pgvector,1,generar_emb,-,9702,0,0.012801100
pgvector,1,insert_emb,-,9702,0,0.004330700
pgvector,1,generar_emb,-,9703,0,0.011043400
pgvector,1,insert_emb,-,9703,0,0.004000800
pgvector,1,generar_emb,-,9704,0,0.011488900
pgvector,1,insert_emb,-,9704,0,0.004505400
pgvector,1,generar_emb,-,9705,0,0.012529200
pgvector,1,insert_emb,-,9705,0,0.004720800
pgvector,1,generar_emb,-,9706,0,0.013192900
pgvector,1,insert_emb,-,9706,0,0.004214200
pgvector,1,generar_emb,-,9707,0,0.012097700
pgvector,1,insert_emb,-,9707,0,0.004177900
pgvector,1,generar_emb,-,9708,0,0.015854300
pgvector,1,insert_emb,-,9708,0,0.004326100
pgvector,1,generar_emb,-,9709,0,0.014308900
pgvector,1,insert_emb,-,9709,0,0.004195400
pgvector,1,generar_emb,-,9710,0,0.011290900
pgvector,1,insert_emb,-,9710,0,0.004379300
pgvector,1,generar_emb,-,9711,0,0.013366000
pgvector,1,insert_emb,-,9711,0,0.004408500
pgvector,1,generar_emb,-,9712,0,0.013357000
pgvector,1,insert_emb,-,9712,0,0.004322000
pgvector,1,generar_emb,-,9713,0,0.012938900
pgvector,1,insert_emb,-,9713,0,0.004555600
pgvector,1,generar_emb,-,9714,0,0.012591900
pgvector,1,insert_emb,-,9714,0,0.004548500
pgvector,1,generar_emb,-,9715,0,0.013655000
pgvector,1,insert_emb,-,9715,0,0.004529300
pgvector,1,generar_emb,-,9716,0,0.012336200
pgvector,1,insert_emb,-,9716,0,0.004628500
pgvector,1,generar_emb,-,9717,0,0.013483600
pgvector,1,insert_emb,-,9717,0,0.005198300
pgvector,1,generar_emb,-,9718,0,0.016865300
pgvector,1,insert_emb,-,9718,0,0.004473300
pgvector,1,generar_emb,-,9719,0,0.015207200
pgvector,1,insert_emb,-,9719,0,0.004956400
pgvector,1,generar_emb,-,9720,0,0.016276800
pgvector,1,insert_emb,-,9720,0,0.005081600
pgvector,1,generar_emb,-,9721,0,0.011885300
pgvector,1,insert_emb,-,9721,0,0.005257700
pgvector,1,generar_emb,-,9722,0,0.014641400
pgvector,1,insert_emb,-,9722,0,0.004919300
pgvector,1,generar_emb,-,9723,0,0.014650500
pgvector,1,insert_emb,-,9723,0,0.004696000
pgvector,1,generar_emb,-,9724,0,0.013515300
pgvector,1,insert_emb,-,9724,0,0.004821800
pgvector,1,generar_emb,-,9725,0,0.013338400
pgvector,1,insert_emb,-,9725,0,0.004751800
pgvector,1,generar_emb,-,9726,0,0.015366200
pgvector,1,insert_emb,-,9726,0,0.006493100
pgvector,1,generar_emb,-,9727,0,0.011129000
pgvector,1,insert_emb,-,9727,0,0.004410300
pgvector,1,generar_emb,-,9728,0,0.013394500
pgvector,1,insert_emb,-,9728,0,0.004340800
pgvector,1,generar_emb,-,9729,0,0.014711300
pgvector,1,insert_emb,-,9729,0,0.004380100
pgvector,1,generar_emb,-,9730,0,0.011600500
pgvector,1,insert_emb,-,9730,0,0.004486400
pgvector,1,generar_emb,-,9731,0,0.010611600
pgvector,1,insert_emb,-,9731,0,0.004426800
pgvector,1,generar_emb,-,9732,0,0.011757000
pgvector,1,insert_emb,-,9732,0,0.004184000
pgvector,1,generar_emb,-,9733,0,0.011933000
pgvector,1,insert_emb,-,9733,0,0.004190900
pgvector,1,generar_emb,-,9734,0,0.012759800
pgvector,1,insert_emb,-,9734,0,0.004338100
pgvector,1,generar_emb,-,9735,0,0.012458200
pgvector,1,insert_emb,-,9735,0,0.004487400
pgvector,1,generar_emb,-,9736,0,0.012265400
pgvector,1,insert_emb,-,9736,0,0.004188000
pgvector,1,generar_emb,-,9737,0,0.011564500
pgvector,1,insert_emb,-,9737,0,0.004388400
pgvector,1,generar_emb,-,9738,0,0.013722500
pgvector,1,insert_emb,-,9738,0,0.004529800
pgvector,1,generar_emb,-,9739,0,0.012201300
pgvector,1,insert_emb,-,9739,0,0.004237700
pgvector,1,generar_emb,-,9740,0,0.013069300
pgvector,1,insert_emb,-,9740,0,0.004341700
pgvector,1,generar_emb,-,9741,0,0.011161100
pgvector,1,insert_emb,-,9741,0,0.004548700
pgvector,1,generar_emb,-,9742,0,0.011162500
pgvector,1,insert_emb,-,9742,0,0.004477700
pgvector,1,generar_emb,-,9743,0,0.011282900
pgvector,1,insert_emb,-,9743,0,0.004325500
pgvector,1,generar_emb,-,9744,0,0.012111200
pgvector,1,insert_emb,-,9744,0,0.004329100
pgvector,1,generar_emb,-,9745,0,0.011821200
pgvector,1,insert_emb,-,9745,0,0.004664700
pgvector,1,generar_emb,-,9746,0,0.013127300
pgvector,1,insert_emb,-,9746,0,0.004660400
pgvector,1,generar_emb,-,9747,0,0.012905300
pgvector,1,insert_emb,-,9747,0,0.004560400
pgvector,1,generar_emb,-,9748,0,0.011578200
pgvector,1,insert_emb,-,9748,0,0.004410700
pgvector,1,generar_emb,-,9749,0,0.012348600
pgvector,1,insert_emb,-,9749,0,0.004498300
pgvector,1,generar_emb,-,9750,0,0.012731200
pgvector,1,insert_emb,-,9750,0,0.004370800
pgvector,1,generar_emb,-,9751,0,0.012409800
pgvector,1,insert_emb,-,9751,0,0.004207900
pgvector,1,generar_emb,-,9752,0,0.012414200
pgvector,1,insert_emb,-,9752,0,0.004496300
pgvector,1,generar_emb,-,9753,0,0.012612200
pgvector,1,insert_emb,-,9753,0,0.004252900
pgvector,1,generar_emb,-,9754,0,0.012765300
pgvector,1,insert_emb,-,9754,0,0.004283100
pgvector,1,generar_emb,-,9755,0,0.011994800
pgvector,1,insert_emb,-,9755,0,0.004192500
pgvector,1,generar_emb,-,9756,0,0.013418400
pgvector,1,insert_emb,-,9756,0,0.004431200
pgvector,1,generar_emb,-,9757,0,0.012398600
pgvector,1,insert_emb,-,9757,0,0.004464600
pgvector,1,generar_emb,-,9758,0,0.012385800
pgvector,1,insert_emb,-,9758,0,0.004476200
pgvector,1,generar_emb,-,9759,0,0.011736300
pgvector,1,insert_emb,-,9759,0,0.004695300
pgvector,1,generar_emb,-,9760,0,0.011528000
pgvector,1,insert_emb,-,9760,0,0.004395100
pgvector,1,generar_emb,-,9761,0,0.014907700
pgvector,1,insert_emb,-,9761,0,0.004553200
pgvector,1,generar_emb,-,9762,0,0.011393500
pgvector,1,insert_emb,-,9762,0,0.004375000
pgvector,1,generar_emb,-,9763,0,0.012405500
pgvector,1,insert_emb,-,9763,0,0.004164400
pgvector,1,generar_emb,-,9764,0,0.011174800
pgvector,1,insert_emb,-,9764,0,0.004506900
pgvector,1,generar_emb,-,9765,0,0.010852600
pgvector,1,insert_emb,-,9765,0,0.004606300
pgvector,1,generar_emb,-,9766,0,0.012089000
pgvector,1,insert_emb,-,9766,0,0.004273300
pgvector,1,generar_emb,-,9767,0,0.011301500
pgvector,1,insert_emb,-,9767,0,0.004459200
pgvector,1,generar_emb,-,9768,0,0.011774200
pgvector,1,insert_emb,-,9768,0,0.004382200
pgvector,1,generar_emb,-,9769,0,0.013295800
pgvector,1,insert_emb,-,9769,0,0.004343900
pgvector,1,generar_emb,-,9770,0,0.012673100
pgvector,1,insert_emb,-,9770,0,0.004163400
pgvector,1,generar_emb,-,9771,0,0.012981200
pgvector,1,insert_emb,-,9771,0,0.004154300
pgvector,1,generar_emb,-,9772,0,0.012964700
pgvector,1,insert_emb,-,9772,0,0.004316200
pgvector,1,generar_emb,-,9773,0,0.012155900
pgvector,1,insert_emb,-,9773,0,0.004630700
pgvector,1,generar_emb,-,9774,0,0.012576900
pgvector,1,insert_emb,-,9774,0,0.004641700
pgvector,1,generar_emb,-,9775,0,0.010735600
pgvector,1,insert_emb,-,9775,0,0.004479800
pgvector,1,generar_emb,-,9776,0,0.024381000
pgvector,1,insert_emb,-,9776,0,0.004765000
pgvector,1,generar_emb,-,9777,0,0.013477700
pgvector,1,insert_emb,-,9777,0,0.004259100
pgvector,1,generar_emb,-,9778,0,0.017381400
pgvector,1,insert_emb,-,9778,0,0.004948100
pgvector,1,generar_emb,-,9779,0,0.016899700
pgvector,1,insert_emb,-,9779,0,0.004392000
pgvector,1,generar_emb,-,9780,0,0.015938100
pgvector,1,insert_emb,-,9780,0,0.004717600
pgvector,1,generar_emb,-,9781,0,0.013608300
pgvector,1,insert_emb,-,9781,0,0.004669800
pgvector,1,generar_emb,-,9782,0,0.011891700
pgvector,1,insert_emb,-,9782,0,0.004189500
pgvector,1,generar_emb,-,9783,0,0.020276000
pgvector,1,insert_emb,-,9783,0,0.004635300
pgvector,1,generar_emb,-,9784,0,0.013528800
pgvector,1,insert_emb,-,9784,0,0.004410100
pgvector,1,generar_emb,-,9785,0,0.012215500
pgvector,1,insert_emb,-,9785,0,0.004873900
pgvector,1,generar_emb,-,9786,0,0.014847000
pgvector,1,insert_emb,-,9786,0,0.004730100
pgvector,1,generar_emb,-,9787,0,0.012400300
pgvector,1,insert_emb,-,9787,0,0.004563800
pgvector,1,generar_emb,-,9788,0,0.012307700
pgvector,1,insert_emb,-,9788,0,0.004192100
pgvector,1,generar_emb,-,9789,0,0.011579400
pgvector,1,insert_emb,-,9789,0,0.004087300
pgvector,1,generar_emb,-,9790,0,0.010944200
pgvector,1,insert_emb,-,9790,0,0.004224200
pgvector,1,generar_emb,-,9791,0,0.011757200
pgvector,1,insert_emb,-,9791,0,0.004223400
pgvector,1,generar_emb,-,9792,0,0.012863800
pgvector,1,insert_emb,-,9792,0,0.004134000
pgvector,1,generar_emb,-,9793,0,0.013327800
pgvector,1,insert_emb,-,9793,0,0.004355400
pgvector,1,generar_emb,-,9794,0,0.013503000
pgvector,1,insert_emb,-,9794,0,0.004580900
pgvector,1,generar_emb,-,9795,0,0.012851400
pgvector,1,insert_emb,-,9795,0,0.004458100
pgvector,1,generar_emb,-,9796,0,0.012310900
pgvector,1,insert_emb,-,9796,0,0.004356300
pgvector,1,generar_emb,-,9797,0,0.011198200
pgvector,1,insert_emb,-,9797,0,0.004316100
pgvector,1,generar_emb,-,9798,0,0.010880700
pgvector,1,insert_emb,-,9798,0,0.004290900
pgvector,1,generar_emb,-,9799,0,0.010679300
pgvector,1,insert_emb,-,9799,0,0.004127500
pgvector,1,generar_emb,-,9800,0,0.011881400
pgvector,1,insert_emb,-,9800,0,0.004321100
pgvector,1,generar_emb,-,9801,0,0.011179700
pgvector,1,insert_emb,-,9801,0,0.004414800
pgvector,1,generar_emb,-,9802,0,0.012772900
pgvector,1,insert_emb,-,9802,0,0.004399700
pgvector,1,generar_emb,-,9803,0,0.011717400
pgvector,1,insert_emb,-,9803,0,0.004292700
pgvector,1,generar_emb,-,9804,0,0.012298100
pgvector,1,insert_emb,-,9804,0,0.004549800
pgvector,1,generar_emb,-,9805,0,0.014055800
pgvector,1,insert_emb,-,9805,0,0.004735700
pgvector,1,generar_emb,-,9806,0,0.011360300
pgvector,1,insert_emb,-,9806,0,0.004561600
pgvector,1,generar_emb,-,9807,0,0.011851900
pgvector,1,insert_emb,-,9807,0,0.004446900
pgvector,1,generar_emb,-,9808,0,0.014748100
pgvector,1,insert_emb,-,9808,0,0.004599600
pgvector,1,generar_emb,-,9809,0,0.012553500
pgvector,1,insert_emb,-,9809,0,0.004654200
pgvector,1,generar_emb,-,9810,0,0.012042700
pgvector,1,insert_emb,-,9810,0,0.004374500
pgvector,1,generar_emb,-,9811,0,0.011623800
pgvector,1,insert_emb,-,9811,0,0.004371200
pgvector,1,generar_emb,-,9812,0,0.011952000
pgvector,1,insert_emb,-,9812,0,0.004406500
pgvector,1,generar_emb,-,9813,0,0.010666400
pgvector,1,insert_emb,-,9813,0,0.004254300
pgvector,1,generar_emb,-,9814,0,0.011991900
pgvector,1,insert_emb,-,9814,0,0.004396100
pgvector,1,generar_emb,-,9815,0,0.012271600
pgvector,1,insert_emb,-,9815,0,0.004821800
pgvector,1,generar_emb,-,9816,0,0.015719200
pgvector,1,insert_emb,-,9816,0,0.004304600
pgvector,1,generar_emb,-,9817,0,0.015414500
pgvector,1,insert_emb,-,9817,0,0.004306500
pgvector,1,generar_emb,-,9818,0,0.011120600
pgvector,1,insert_emb,-,9818,0,0.004310100
pgvector,1,generar_emb,-,9819,0,0.011054500
pgvector,1,insert_emb,-,9819,0,0.004578000
pgvector,1,generar_emb,-,9820,0,0.012782600
pgvector,1,insert_emb,-,9820,0,0.004716800
pgvector,1,generar_emb,-,9821,0,0.014824200
pgvector,1,insert_emb,-,9821,0,0.004711800
pgvector,1,generar_emb,-,9822,0,0.012527000
pgvector,1,insert_emb,-,9822,0,0.004274400
pgvector,1,generar_emb,-,9823,0,0.012239400
pgvector,1,insert_emb,-,9823,0,0.004545500
pgvector,1,generar_emb,-,9824,0,0.013321500
pgvector,1,insert_emb,-,9824,0,0.004228700
pgvector,1,generar_emb,-,9825,0,0.011502600
pgvector,1,insert_emb,-,9825,0,0.004405900
pgvector,1,generar_emb,-,9826,0,0.011559500
pgvector,1,insert_emb,-,9826,0,0.004365000
pgvector,1,generar_emb,-,9827,0,0.012009900
pgvector,1,insert_emb,-,9827,0,0.004451500
pgvector,1,generar_emb,-,9828,0,0.014122800
pgvector,1,insert_emb,-,9828,0,0.004494800
pgvector,1,generar_emb,-,9829,0,0.014176400
pgvector,1,insert_emb,-,9829,0,0.004375700
pgvector,1,generar_emb,-,9830,0,0.015320300
pgvector,1,insert_emb,-,9830,0,0.004640200
pgvector,1,generar_emb,-,9831,0,0.013097100
pgvector,1,insert_emb,-,9831,0,0.004556300
pgvector,1,generar_emb,-,9832,0,0.012655700
pgvector,1,insert_emb,-,9832,0,0.004670100
pgvector,1,generar_emb,-,9833,0,0.014042100
pgvector,1,insert_emb,-,9833,0,0.004116200
pgvector,1,generar_emb,-,9834,0,0.011119200
pgvector,1,insert_emb,-,9834,0,0.004320400
pgvector,1,generar_emb,-,9835,0,0.011715900
pgvector,1,insert_emb,-,9835,0,0.004296600
pgvector,1,generar_emb,-,9836,0,0.010957900
pgvector,1,insert_emb,-,9836,0,0.004439000
pgvector,1,generar_emb,-,9837,0,0.013795900
pgvector,1,insert_emb,-,9837,0,0.004534800
pgvector,1,generar_emb,-,9838,0,0.016197400
pgvector,1,insert_emb,-,9838,0,0.004358600
pgvector,1,generar_emb,-,9839,0,0.010641000
pgvector,1,insert_emb,-,9839,0,0.004232100
pgvector,1,generar_emb,-,9840,0,0.011302200
pgvector,1,insert_emb,-,9840,0,0.004513200
pgvector,1,generar_emb,-,9841,0,0.011884800
pgvector,1,insert_emb,-,9841,0,0.004335800
pgvector,1,generar_emb,-,9842,0,0.012334300
pgvector,1,insert_emb,-,9842,0,0.004540600
pgvector,1,generar_emb,-,9843,0,0.014602900
pgvector,1,insert_emb,-,9843,0,0.004194100
pgvector,1,generar_emb,-,9844,0,0.011966900
pgvector,1,insert_emb,-,9844,0,0.004189700
pgvector,1,generar_emb,-,9845,0,0.011084700
pgvector,1,insert_emb,-,9845,0,0.004431500
pgvector,1,generar_emb,-,9846,0,0.012429900
pgvector,1,insert_emb,-,9846,0,0.004502600
pgvector,1,generar_emb,-,9847,0,0.011444700
pgvector,1,insert_emb,-,9847,0,0.004448700
pgvector,1,generar_emb,-,9848,0,0.013238600
pgvector,1,insert_emb,-,9848,0,0.004427700
pgvector,1,generar_emb,-,9849,0,0.012582500
pgvector,1,insert_emb,-,9849,0,0.004200600
pgvector,1,generar_emb,-,9850,0,0.012011100
pgvector,1,insert_emb,-,9850,0,0.004139700
pgvector,1,generar_emb,-,9851,0,0.011702300
pgvector,1,insert_emb,-,9851,0,0.004272000
pgvector,1,generar_emb,-,9852,0,0.012663000
pgvector,1,insert_emb,-,9852,0,0.004250600
pgvector,1,generar_emb,-,9853,0,0.010778900
pgvector,1,insert_emb,-,9853,0,0.004174000
pgvector,1,generar_emb,-,9854,0,0.011707400
pgvector,1,insert_emb,-,9854,0,0.004181200
pgvector,1,generar_emb,-,9855,0,0.011802200
pgvector,1,insert_emb,-,9855,0,0.004501300
pgvector,1,generar_emb,-,9856,0,0.013476600
pgvector,1,insert_emb,-,9856,0,0.004266700
pgvector,1,generar_emb,-,9857,0,0.011686000
pgvector,1,insert_emb,-,9857,0,0.004313800
pgvector,1,generar_emb,-,9858,0,0.011560400
pgvector,1,insert_emb,-,9858,0,0.004436900
pgvector,1,generar_emb,-,9859,0,0.011174300
pgvector,1,insert_emb,-,9859,0,0.004417100
pgvector,1,generar_emb,-,9860,0,0.010347500
pgvector,1,insert_emb,-,9860,0,0.004364600
pgvector,1,generar_emb,-,9861,0,0.012473200
pgvector,1,insert_emb,-,9861,0,0.004194200
pgvector,1,generar_emb,-,9862,0,0.011463200
pgvector,1,insert_emb,-,9862,0,0.004219400
pgvector,1,generar_emb,-,9863,0,0.011033600
pgvector,1,insert_emb,-,9863,0,0.004232400
pgvector,1,generar_emb,-,9864,0,0.012574600
pgvector,1,insert_emb,-,9864,0,0.004350600
pgvector,1,generar_emb,-,9865,0,0.011119000
pgvector,1,insert_emb,-,9865,0,0.004525800
pgvector,1,generar_emb,-,9866,0,0.012891600
pgvector,1,insert_emb,-,9866,0,0.004549900
pgvector,1,generar_emb,-,9867,0,0.010864000
pgvector,1,insert_emb,-,9867,0,0.004268600
pgvector,1,generar_emb,-,9868,0,0.012049800
pgvector,1,insert_emb,-,9868,0,0.004246100
pgvector,1,generar_emb,-,9869,0,0.011164200
pgvector,1,insert_emb,-,9869,0,0.004134600
pgvector,1,generar_emb,-,9870,0,0.010820300
pgvector,1,insert_emb,-,9870,0,0.004356700
pgvector,1,generar_emb,-,9871,0,0.013397000
pgvector,1,insert_emb,-,9871,0,0.004411600
pgvector,1,generar_emb,-,9872,0,0.012477700
pgvector,1,insert_emb,-,9872,0,0.004570300
pgvector,1,generar_emb,-,9873,0,0.010695600
pgvector,1,insert_emb,-,9873,0,0.004510400
pgvector,1,generar_emb,-,9874,0,0.012115600
pgvector,1,insert_emb,-,9874,0,0.004444400
pgvector,1,generar_emb,-,9875,0,0.011148900
pgvector,1,insert_emb,-,9875,0,0.004279900
pgvector,1,generar_emb,-,9876,0,0.012382600
pgvector,1,insert_emb,-,9876,0,0.004187700
pgvector,1,generar_emb,-,9877,0,0.011935100
pgvector,1,insert_emb,-,9877,0,0.004380900
pgvector,1,generar_emb,-,9878,0,0.011698100
pgvector,1,insert_emb,-,9878,0,0.004490800
pgvector,1,generar_emb,-,9879,0,0.011524100
pgvector,1,insert_emb,-,9879,0,0.004474300
pgvector,1,generar_emb,-,9880,0,0.010893600
pgvector,1,insert_emb,-,9880,0,0.004700200
pgvector,1,generar_emb,-,9881,0,0.011187000
pgvector,1,insert_emb,-,9881,0,0.004542800
pgvector,1,generar_emb,-,9882,0,0.015292500
pgvector,1,insert_emb,-,9882,0,0.004716700
pgvector,1,generar_emb,-,9883,0,0.012347600
pgvector,1,insert_emb,-,9883,0,0.004615600
pgvector,1,generar_emb,-,9884,0,0.012488700
pgvector,1,insert_emb,-,9884,0,0.004616600
pgvector,1,generar_emb,-,9885,0,0.013885000
pgvector,1,insert_emb,-,9885,0,0.004705400
pgvector,1,generar_emb,-,9886,0,0.015188000
pgvector,1,insert_emb,-,9886,0,0.004567200
pgvector,1,generar_emb,-,9887,0,0.011578400
pgvector,1,insert_emb,-,9887,0,0.004872700
pgvector,1,generar_emb,-,9888,0,0.012838500
pgvector,1,insert_emb,-,9888,0,0.004400200
pgvector,1,generar_emb,-,9889,0,0.011467900
pgvector,1,insert_emb,-,9889,0,0.004418400
pgvector,1,generar_emb,-,9890,0,0.011370600
pgvector,1,insert_emb,-,9890,0,0.004624100
pgvector,1,generar_emb,-,9891,0,0.011490400
pgvector,1,insert_emb,-,9891,0,0.004742700
pgvector,1,generar_emb,-,9892,0,0.011874400
pgvector,1,insert_emb,-,9892,0,0.004606700
pgvector,1,generar_emb,-,9893,0,0.011879300
pgvector,1,insert_emb,-,9893,0,0.004785400
pgvector,1,generar_emb,-,9894,0,0.015661700
pgvector,1,insert_emb,-,9894,0,0.004898600
pgvector,1,generar_emb,-,9895,0,0.015235700
pgvector,1,insert_emb,-,9895,0,0.004883400
pgvector,1,generar_emb,-,9896,0,0.013022000
pgvector,1,insert_emb,-,9896,0,0.004778400
pgvector,1,generar_emb,-,9897,0,0.013164000
pgvector,1,insert_emb,-,9897,0,0.004489600
pgvector,1,generar_emb,-,9898,0,0.012517500
pgvector,1,insert_emb,-,9898,0,0.004633000
pgvector,1,generar_emb,-,9899,0,0.012387800
pgvector,1,insert_emb,-,9899,0,0.004311200
pgvector,1,generar_emb,-,9900,0,0.014486500
pgvector,1,insert_emb,-,9900,0,0.004288600
pgvector,1,generar_emb,-,9901,0,0.011741300
pgvector,1,insert_emb,-,9901,0,0.004205400
pgvector,1,generar_emb,-,9902,0,0.011615700
pgvector,1,insert_emb,-,9902,0,0.004198500
pgvector,1,generar_emb,-,9903,0,0.013143500
pgvector,1,insert_emb,-,9903,0,0.004301700
pgvector,1,generar_emb,-,9904,0,0.011920700
pgvector,1,insert_emb,-,9904,0,0.004238000
pgvector,1,generar_emb,-,9905,0,0.012515700
pgvector,1,insert_emb,-,9905,0,0.004309800
pgvector,1,generar_emb,-,9906,0,0.012435700
pgvector,1,insert_emb,-,9906,0,0.004280500
pgvector,1,generar_emb,-,9907,0,0.012445700
pgvector,1,insert_emb,-,9907,0,0.004151500
pgvector,1,generar_emb,-,9908,0,0.012584500
pgvector,1,insert_emb,-,9908,0,0.004683600
pgvector,1,generar_emb,-,9909,0,0.012104500
pgvector,1,insert_emb,-,9909,0,0.004490300
pgvector,1,generar_emb,-,9910,0,0.012979200
pgvector,1,insert_emb,-,9910,0,0.004422400
pgvector,1,generar_emb,-,9911,0,0.011593100
pgvector,1,insert_emb,-,9911,0,0.004880000
pgvector,1,generar_emb,-,9912,0,0.012287500
pgvector,1,insert_emb,-,9912,0,0.004472600
pgvector,1,generar_emb,-,9913,0,0.014046600
pgvector,1,insert_emb,-,9913,0,0.004491900
pgvector,1,generar_emb,-,9914,0,0.013120900
pgvector,1,insert_emb,-,9914,0,0.004195400
pgvector,1,generar_emb,-,9915,0,0.012081300
pgvector,1,insert_emb,-,9915,0,0.004459500
pgvector,1,generar_emb,-,9916,0,0.014501500
pgvector,1,insert_emb,-,9916,0,0.004572700
pgvector,1,generar_emb,-,9917,0,0.012514400
pgvector,1,insert_emb,-,9917,0,0.004418000
pgvector,1,generar_emb,-,9918,0,0.013298200
pgvector,1,insert_emb,-,9918,0,0.004524100
pgvector,1,generar_emb,-,9919,0,0.011679900
pgvector,1,insert_emb,-,9919,0,0.004741100
pgvector,1,generar_emb,-,9920,0,0.013695500
pgvector,1,insert_emb,-,9920,0,0.005212200
pgvector,1,generar_emb,-,9921,0,0.016577000
pgvector,1,insert_emb,-,9921,0,0.004676200
pgvector,1,generar_emb,-,9922,0,0.012233600
pgvector,1,insert_emb,-,9922,0,0.004340200
pgvector,1,generar_emb,-,9923,0,0.012258700
pgvector,1,insert_emb,-,9923,0,0.004435900
pgvector,1,generar_emb,-,9924,0,0.012880900
pgvector,1,insert_emb,-,9924,0,0.004412400
pgvector,1,generar_emb,-,9925,0,0.013220300
pgvector,1,insert_emb,-,9925,0,0.004348100
pgvector,1,generar_emb,-,9926,0,0.012931900
pgvector,1,insert_emb,-,9926,0,0.004307600
pgvector,1,generar_emb,-,9927,0,0.012763100
pgvector,1,insert_emb,-,9927,0,0.004634600
pgvector,1,generar_emb,-,9928,0,0.011922700
pgvector,1,insert_emb,-,9928,0,0.004230300
pgvector,1,generar_emb,-,9929,0,0.011910100
pgvector,1,insert_emb,-,9929,0,0.004316400
pgvector,1,generar_emb,-,9930,0,0.012228300
pgvector,1,insert_emb,-,9930,0,0.004495200
pgvector,1,generar_emb,-,9931,0,0.012856300
pgvector,1,insert_emb,-,9931,0,0.004640500
pgvector,1,generar_emb,-,9932,0,0.013824300
pgvector,1,insert_emb,-,9932,0,0.004859900
pgvector,1,generar_emb,-,9933,0,0.012208400
pgvector,1,insert_emb,-,9933,0,0.004470300
pgvector,1,generar_emb,-,9934,0,0.015456900
pgvector,1,insert_emb,-,9934,0,0.004476600
pgvector,1,generar_emb,-,9935,0,0.011905100
pgvector,1,insert_emb,-,9935,0,0.004503600
pgvector,1,generar_emb,-,9936,0,0.012376900
pgvector,1,insert_emb,-,9936,0,0.004572600
pgvector,1,generar_emb,-,9937,0,0.012899300
pgvector,1,insert_emb,-,9937,0,0.004374500
pgvector,1,generar_emb,-,9938,0,0.011959100
pgvector,1,insert_emb,-,9938,0,0.004414300
pgvector,1,generar_emb,-,9939,0,0.013053300
pgvector,1,insert_emb,-,9939,0,0.004523100
pgvector,1,generar_emb,-,9940,0,0.012763400
pgvector,1,insert_emb,-,9940,0,0.004402100
pgvector,1,generar_emb,-,9941,0,0.016038100
pgvector,1,insert_emb,-,9941,0,0.004569100
pgvector,1,generar_emb,-,9942,0,0.013129500
pgvector,1,insert_emb,-,9942,0,0.004318200
pgvector,1,generar_emb,-,9943,0,0.013711300
pgvector,1,insert_emb,-,9943,0,0.004715800
pgvector,1,generar_emb,-,9944,0,0.013295400
pgvector,1,insert_emb,-,9944,0,0.004423100
pgvector,1,generar_emb,-,9945,0,0.011752900
pgvector,1,insert_emb,-,9945,0,0.004544700
pgvector,1,generar_emb,-,9946,0,0.012543600
pgvector,1,insert_emb,-,9946,0,0.003963000
pgvector,1,generar_emb,-,9947,0,0.011380800
pgvector,1,insert_emb,-,9947,0,0.004168600
pgvector,1,generar_emb,-,9948,0,0.012508700
pgvector,1,insert_emb,-,9948,0,0.004178800
pgvector,1,generar_emb,-,9949,0,0.013619400
pgvector,1,insert_emb,-,9949,0,0.005208500
pgvector,1,generar_emb,-,9950,0,0.012880200
pgvector,1,insert_emb,-,9950,0,0.004557200
pgvector,1,generar_emb,-,9951,0,0.015650200
pgvector,1,insert_emb,-,9951,0,0.004880900
pgvector,1,generar_emb,-,9952,0,0.013811800
pgvector,1,insert_emb,-,9952,0,0.005043400
pgvector,1,generar_emb,-,9953,0,0.014204400
pgvector,1,insert_emb,-,9953,0,0.004845100
pgvector,1,generar_emb,-,9954,0,0.018576100
pgvector,1,insert_emb,-,9954,0,0.004677900
pgvector,1,generar_emb,-,9955,0,0.015257900
pgvector,1,insert_emb,-,9955,0,0.005062300
pgvector,1,generar_emb,-,9956,0,0.012898600
pgvector,1,insert_emb,-,9956,0,0.004491500
pgvector,1,generar_emb,-,9957,0,0.011838500
pgvector,1,insert_emb,-,9957,0,0.004606100
pgvector,1,generar_emb,-,9958,0,0.013641900
pgvector,1,insert_emb,-,9958,0,0.004470500
pgvector,1,generar_emb,-,9959,0,0.011361900
pgvector,1,insert_emb,-,9959,0,0.004254200
pgvector,1,generar_emb,-,9960,0,0.011320800
pgvector,1,insert_emb,-,9960,0,0.004607600
pgvector,1,generar_emb,-,9961,0,0.016316100
pgvector,1,insert_emb,-,9961,0,0.004397600
pgvector,1,generar_emb,-,9962,0,0.014143600
pgvector,1,insert_emb,-,9962,0,0.004394000
pgvector,1,generar_emb,-,9963,0,0.013167400
pgvector,1,insert_emb,-,9963,0,0.004442700
pgvector,1,generar_emb,-,9964,0,0.016248500
pgvector,1,insert_emb,-,9964,0,0.004219600
pgvector,1,generar_emb,-,9965,0,0.013065300
pgvector,1,insert_emb,-,9965,0,0.004330200
pgvector,1,generar_emb,-,9966,0,0.014773100
pgvector,1,insert_emb,-,9966,0,0.004548600
pgvector,1,generar_emb,-,9967,0,0.013057700
pgvector,1,insert_emb,-,9967,0,0.004544400
pgvector,1,generar_emb,-,9968,0,0.015300000
pgvector,1,insert_emb,-,9968,0,0.004047800
pgvector,1,generar_emb,-,9969,0,0.013255500
pgvector,1,insert_emb,-,9969,0,0.004334400
pgvector,1,generar_emb,-,9970,0,0.013895600
pgvector,1,insert_emb,-,9970,0,0.004414800
pgvector,1,generar_emb,-,9971,0,0.017848900
pgvector,1,insert_emb,-,9971,0,0.004495500
pgvector,1,generar_emb,-,9972,0,0.012577000
pgvector,1,insert_emb,-,9972,0,0.004545200
pgvector,1,generar_emb,-,9973,0,0.010814400
pgvector,1,insert_emb,-,9973,0,0.004402400
pgvector,1,generar_emb,-,9974,0,0.011452500
pgvector,1,insert_emb,-,9974,0,0.004340100
pgvector,1,generar_emb,-,9975,0,0.012743200
pgvector,1,insert_emb,-,9975,0,0.004558500
pgvector,1,generar_emb,-,9976,0,0.011548000
pgvector,1,insert_emb,-,9976,0,0.004450700
pgvector,1,generar_emb,-,9977,0,0.013094400
pgvector,1,insert_emb,-,9977,0,0.004363100
pgvector,1,generar_emb,-,9978,0,0.013036600
pgvector,1,insert_emb,-,9978,0,0.004222100
pgvector,1,generar_emb,-,9979,0,0.012717100
pgvector,1,insert_emb,-,9979,0,0.004363700
pgvector,1,generar_emb,-,9980,0,0.012390800
pgvector,1,insert_emb,-,9980,0,0.004430100
pgvector,1,generar_emb,-,9981,0,0.012477000
pgvector,1,insert_emb,-,9981,0,0.004174100
pgvector,1,generar_emb,-,9982,0,0.012338100
pgvector,1,insert_emb,-,9982,0,0.004161000
pgvector,1,generar_emb,-,9983,0,0.012181300
pgvector,1,insert_emb,-,9983,0,0.004131300
pgvector,1,generar_emb,-,9984,0,0.012382100
pgvector,1,insert_emb,-,9984,0,0.004491200
pgvector,1,generar_emb,-,9985,0,0.013557200
pgvector,1,insert_emb,-,9985,0,0.004689900
pgvector,1,generar_emb,-,9986,0,0.012530000
pgvector,1,insert_emb,-,9986,0,0.004343800
pgvector,1,generar_emb,-,9987,0,0.011576200
pgvector,1,insert_emb,-,9987,0,0.004320900
pgvector,1,generar_emb,-,9988,0,0.011760400
pgvector,1,insert_emb,-,9988,0,0.004290900
pgvector,1,generar_emb,-,9989,0,0.012232200
pgvector,1,insert_emb,-,9989,0,0.004390700
pgvector,1,generar_emb,-,9990,0,0.013763200
pgvector,1,insert_emb,-,9990,0,0.004461600
pgvector,1,generar_emb,-,9991,0,0.014697200
pgvector,1,insert_emb,-,9991,0,0.004531900
pgvector,1,generar_emb,-,9992,0,0.012846200
pgvector,1,insert_emb,-,9992,0,0.004219700
pgvector,1,generar_emb,-,9993,0,0.012822800
pgvector,1,insert_emb,-,9993,0,0.004203300
pgvector,1,generar_emb,-,9994,0,0.011841100
pgvector,1,insert_emb,-,9994,0,0.004246800
pgvector,1,generar_emb,-,9995,0,0.014454500
pgvector,1,insert_emb,-,9995,0,0.004406100
pgvector,1,generar_emb,-,9996,0,0.013933000
pgvector,1,insert_emb,-,9996,0,0.004268300
pgvector,1,generar_emb,-,9997,0,0.013192900
pgvector,1,insert_emb,-,9997,0,0.004309800
pgvector,1,generar_emb,-,9998,0,0.015990200
pgvector,1,insert_emb,-,9998,0,0.004863000
pgvector,1,generar_emb,-,9999,0,0.013130800
pgvector,1,insert_emb,-,9999,0,0.004524900
pgvector,10,generar_emb,-,0,0,0.051246700
pgvector,10,insert_emb,-,0,0,0.012971600
pgvector,10,generar_emb,-,1,0,0.040466900
pgvector,10,insert_emb,-,1,0,0.051232300
pgvector,10,generar_emb,-,2,0,0.032365100
pgvector,10,insert_emb,-,2,0,0.053488300
pgvector,10,generar_emb,-,3,0,0.071766400
pgvector,10,insert_emb,-,3,0,0.050675800
pgvector,10,generar_emb,-,4,0,0.052741400
pgvector,10,insert_emb,-,4,0,0.050507500
pgvector,10,generar_emb,-,5,0,0.057741200
pgvector,10,insert_emb,-,5,0,0.054246900
pgvector,10,generar_emb,-,6,0,0.045144700
pgvector,10,insert_emb,-,6,0,0.059501900
pgvector,10,generar_emb,-,7,0,0.043082500
pgvector,10,insert_emb,-,7,0,0.055755900
pgvector,10,generar_emb,-,8,0,0.059827400
pgvector,10,insert_emb,-,8,0,0.073564000
pgvector,10,generar_emb,-,9,0,0.093799200
pgvector,10,insert_emb,-,9,0,0.055204200
pgvector,10,generar_emb,-,10,0,0.058547000
pgvector,10,insert_emb,-,10,0,0.057118800
pgvector,10,generar_emb,-,11,0,0.058231700
pgvector,10,insert_emb,-,11,0,0.052493800
pgvector,10,generar_emb,-,12,0,0.049017500
pgvector,10,insert_emb,-,12,0,0.069262200
pgvector,10,generar_emb,-,13,0,0.047938700
pgvector,10,insert_emb,-,13,0,0.063050500
pgvector,10,generar_emb,-,14,0,0.045053900
pgvector,10,insert_emb,-,14,0,0.067448700
pgvector,10,generar_emb,-,15,0,0.046155100
pgvector,10,insert_emb,-,15,0,0.066318700
pgvector,10,generar_emb,-,16,0,0.039111600
pgvector,10,insert_emb,-,16,0,0.049946600
pgvector,10,generar_emb,-,17,0,0.042869400
pgvector,10,insert_emb,-,17,0,0.054812200
pgvector,10,generar_emb,-,18,0,0.036336000
pgvector,10,insert_emb,-,18,0,0.056981200
pgvector,10,generar_emb,-,19,0,0.045675700
pgvector,10,insert_emb,-,19,0,0.067242700
pgvector,10,generar_emb,-,20,0,0.036060100
pgvector,10,insert_emb,-,20,0,0.052955000
pgvector,10,generar_emb,-,21,0,0.029445300
pgvector,10,insert_emb,-,21,0,0.057156100
pgvector,10,generar_emb,-,22,0,0.051810100
pgvector,10,insert_emb,-,22,0,0.065265500
pgvector,10,generar_emb,-,23,0,0.050764800
pgvector,10,insert_emb,-,23,0,0.053755200
pgvector,10,generar_emb,-,24,0,0.051635100
pgvector,10,insert_emb,-,24,0,0.065747200
pgvector,10,generar_emb,-,25,0,0.035504700
pgvector,10,insert_emb,-,25,0,0.051072100
pgvector,10,generar_emb,-,26,0,0.043576500
pgvector,10,insert_emb,-,26,0,0.060509300
pgvector,10,generar_emb,-,27,0,0.047341400
pgvector,10,insert_emb,-,27,0,0.054087200
pgvector,10,generar_emb,-,28,0,0.040001900
pgvector,10,insert_emb,-,28,0,0.061271700
pgvector,10,generar_emb,-,29,0,0.065027400
pgvector,10,insert_emb,-,29,0,0.051008700
pgvector,10,generar_emb,-,30,0,0.041250000
pgvector,10,insert_emb,-,30,0,0.062021600
pgvector,10,generar_emb,-,31,0,0.043405900
pgvector,10,insert_emb,-,31,0,0.065947600
pgvector,10,generar_emb,-,32,0,0.051787800
pgvector,10,insert_emb,-,32,0,0.052785600
pgvector,10,generar_emb,-,33,0,0.047408200
pgvector,10,insert_emb,-,33,0,0.051006600
pgvector,10,generar_emb,-,34,0,0.040844200
pgvector,10,insert_emb,-,34,0,0.063055300
pgvector,10,generar_emb,-,35,0,0.032878400
pgvector,10,insert_emb,-,35,0,0.059691100
pgvector,10,generar_emb,-,36,0,0.046484000
pgvector,10,insert_emb,-,36,0,0.060118300
pgvector,10,generar_emb,-,37,0,0.038285600
pgvector,10,insert_emb,-,37,0,0.052232000
pgvector,10,generar_emb,-,38,0,0.070026800
pgvector,10,insert_emb,-,38,0,0.062342800
pgvector,10,generar_emb,-,39,0,0.036873000
pgvector,10,insert_emb,-,39,0,0.053285700
pgvector,10,generar_emb,-,40,0,0.036480800
pgvector,10,insert_emb,-,40,0,0.053792000
pgvector,10,generar_emb,-,41,0,0.041341300
pgvector,10,insert_emb,-,41,0,0.065692100
pgvector,10,generar_emb,-,42,0,0.054445300
pgvector,10,insert_emb,-,42,0,0.055984200
pgvector,10,generar_emb,-,43,0,0.040390900
pgvector,10,insert_emb,-,43,0,0.060728100
pgvector,10,generar_emb,-,44,0,0.075900000
pgvector,10,insert_emb,-,44,0,0.055973300
pgvector,10,generar_emb,-,45,0,0.067760100
pgvector,10,insert_emb,-,45,0,0.060113600
pgvector,10,generar_emb,-,46,0,0.076496000
pgvector,10,insert_emb,-,46,0,0.061159900
pgvector,10,generar_emb,-,47,0,0.043750800
pgvector,10,insert_emb,-,47,0,0.064530700
pgvector,10,generar_emb,-,48,0,0.057760400
pgvector,10,insert_emb,-,48,0,0.054076700
pgvector,10,generar_emb,-,49,0,0.043276400
pgvector,10,insert_emb,-,49,0,0.064001500
pgvector,10,generar_emb,-,50,0,0.058133200
pgvector,10,insert_emb,-,50,0,0.068605700
pgvector,10,generar_emb,-,51,0,0.055227400
pgvector,10,insert_emb,-,51,0,0.051771200
pgvector,10,generar_emb,-,52,0,0.065654400
pgvector,10,insert_emb,-,52,0,0.057834700
pgvector,10,generar_emb,-,53,0,0.042222600
pgvector,10,insert_emb,-,53,0,0.051054900
pgvector,10,generar_emb,-,54,0,0.057249100
pgvector,10,insert_emb,-,54,0,0.049644500
pgvector,10,generar_emb,-,55,0,0.085555300
pgvector,10,insert_emb,-,55,0,0.058390300
pgvector,10,generar_emb,-,56,0,0.063380400
pgvector,10,insert_emb,-,56,0,0.064388900
pgvector,10,generar_emb,-,57,0,0.068788800
pgvector,10,insert_emb,-,57,0,0.051381700
pgvector,10,generar_emb,-,58,0,0.080497200
pgvector,10,insert_emb,-,58,0,0.065730200
pgvector,10,generar_emb,-,59,0,0.072551700
pgvector,10,insert_emb,-,59,0,0.053759900
pgvector,10,generar_emb,-,60,0,0.075013300
pgvector,10,insert_emb,-,60,0,0.057912600
pgvector,10,generar_emb,-,61,0,0.083751300
pgvector,10,insert_emb,-,61,0,0.062412800
pgvector,10,generar_emb,-,62,0,0.044810100
pgvector,10,insert_emb,-,62,0,0.064969000
pgvector,10,generar_emb,-,63,0,0.038153300
pgvector,10,insert_emb,-,63,0,0.053015800
pgvector,10,generar_emb,-,64,0,0.042234200
pgvector,10,insert_emb,-,64,0,0.063935100
pgvector,10,generar_emb,-,65,0,0.057365700
pgvector,10,insert_emb,-,65,0,0.051400600
pgvector,10,generar_emb,-,66,0,0.063320900
pgvector,10,insert_emb,-,66,0,0.062820400
pgvector,10,generar_emb,-,67,0,0.043996000
pgvector,10,insert_emb,-,67,0,0.051563000
pgvector,10,generar_emb,-,68,0,0.054459300
pgvector,10,insert_emb,-,68,0,0.053595600
pgvector,10,generar_emb,-,69,0,0.059606500
pgvector,10,insert_emb,-,69,0,0.066677600
pgvector,10,generar_emb,-,70,0,0.034023400
pgvector,10,insert_emb,-,70,0,0.060222100
pgvector,10,generar_emb,-,71,0,0.053853500
pgvector,10,insert_emb,-,71,0,0.055030200
pgvector,10,generar_emb,-,72,0,0.044039500
pgvector,10,insert_emb,-,72,0,0.064550100
pgvector,10,generar_emb,-,73,0,0.053969400
pgvector,10,insert_emb,-,73,0,0.057118500
pgvector,10,generar_emb,-,74,0,0.056146200
pgvector,10,insert_emb,-,74,0,0.053958200
pgvector,10,generar_emb,-,75,0,0.050905300
pgvector,10,insert_emb,-,75,0,0.057231700
pgvector,10,generar_emb,-,76,0,0.042757900
pgvector,10,insert_emb,-,76,0,0.058464800
pgvector,10,generar_emb,-,77,0,0.043715700
pgvector,10,insert_emb,-,77,0,0.064747500
pgvector,10,generar_emb,-,78,0,0.049441700
pgvector,10,insert_emb,-,78,0,0.051675600
pgvector,10,generar_emb,-,79,0,0.052099800
pgvector,10,insert_emb,-,79,0,0.056875700
pgvector,10,generar_emb,-,80,0,0.046888900
pgvector,10,insert_emb,-,80,0,0.066415900
pgvector,10,generar_emb,-,81,0,0.065285100
pgvector,10,insert_emb,-,81,0,0.064262400
pgvector,10,generar_emb,-,82,0,0.053244800
pgvector,10,insert_emb,-,82,0,0.055075800
pgvector,10,generar_emb,-,83,0,0.052154300
pgvector,10,insert_emb,-,83,0,0.058293200
pgvector,10,generar_emb,-,84,0,0.064164900
pgvector,10,insert_emb,-,84,0,0.061789200
pgvector,10,generar_emb,-,85,0,0.065790400
pgvector,10,insert_emb,-,85,0,0.064991700
pgvector,10,generar_emb,-,86,0,0.053152200
pgvector,10,insert_emb,-,86,0,0.062273900
pgvector,10,generar_emb,-,87,0,0.041411200
pgvector,10,insert_emb,-,87,0,0.055159400
pgvector,10,generar_emb,-,88,0,0.045351400
pgvector,10,insert_emb,-,88,0,0.060180100
pgvector,10,generar_emb,-,89,0,0.062362400
pgvector,10,insert_emb,-,89,0,0.060920200
pgvector,10,generar_emb,-,90,0,0.029271800
pgvector,10,insert_emb,-,90,0,0.050274000
pgvector,10,generar_emb,-,91,0,0.051601900
pgvector,10,insert_emb,-,91,0,0.064600200
pgvector,10,generar_emb,-,92,0,0.066637800
pgvector,10,insert_emb,-,92,0,0.064166400
pgvector,10,generar_emb,-,93,0,0.047064100
pgvector,10,insert_emb,-,93,0,0.057867600
pgvector,10,generar_emb,-,94,0,0.032286000
pgvector,10,insert_emb,-,94,0,0.057202700
pgvector,10,generar_emb,-,95,0,0.039919900
pgvector,10,insert_emb,-,95,0,0.068516900
pgvector,10,generar_emb,-,96,0,0.030949700
pgvector,10,insert_emb,-,96,0,0.056209500
pgvector,10,generar_emb,-,97,0,0.049834100
pgvector,10,insert_emb,-,97,0,0.061603900
pgvector,10,generar_emb,-,98,0,0.060524200
pgvector,10,insert_emb,-,98,0,0.067524200
pgvector,10,generar_emb,-,99,0,0.056983800
pgvector,10,insert_emb,-,99,0,0.069229100
pgvector,10,generar_emb,-,100,0,0.062850800
pgvector,10,insert_emb,-,100,0,0.068913500
pgvector,10,generar_emb,-,101,0,0.043202900
pgvector,10,insert_emb,-,101,0,0.063417500
pgvector,10,generar_emb,-,102,0,0.031826600
pgvector,10,insert_emb,-,102,0,0.050681700
pgvector,10,generar_emb,-,103,0,0.044641800
pgvector,10,insert_emb,-,103,0,0.061565700
pgvector,10,generar_emb,-,104,0,0.066350600
pgvector,10,insert_emb,-,104,0,0.053108900
pgvector,10,generar_emb,-,105,0,0.050017900
pgvector,10,insert_emb,-,105,0,0.066767500
pgvector,10,generar_emb,-,106,0,0.043588000
pgvector,10,insert_emb,-,106,0,0.061379600
pgvector,10,generar_emb,-,107,0,0.042790400
pgvector,10,insert_emb,-,107,0,0.065480400
pgvector,10,generar_emb,-,108,0,0.056630300
pgvector,10,insert_emb,-,108,0,0.072630300
pgvector,10,generar_emb,-,109,0,0.056266100
pgvector,10,insert_emb,-,109,0,0.063602000
pgvector,10,generar_emb,-,110,0,0.049696000
pgvector,10,insert_emb,-,110,0,0.053759000
pgvector,10,generar_emb,-,111,0,0.044528800
pgvector,10,insert_emb,-,111,0,0.059504600
pgvector,10,generar_emb,-,112,0,0.063825900
pgvector,10,insert_emb,-,112,0,0.052148900
pgvector,10,generar_emb,-,113,0,0.039169900
pgvector,10,insert_emb,-,113,0,0.060437300
pgvector,10,generar_emb,-,114,0,0.039588800
pgvector,10,insert_emb,-,114,0,0.057322400
pgvector,10,generar_emb,-,115,0,0.057427400
pgvector,10,insert_emb,-,115,0,0.055910300
pgvector,10,generar_emb,-,116,0,0.052429400
pgvector,10,insert_emb,-,116,0,0.063633900
pgvector,10,generar_emb,-,117,0,0.035726100
pgvector,10,insert_emb,-,117,0,0.063626000
pgvector,10,generar_emb,-,118,0,0.037963200
pgvector,10,insert_emb,-,118,0,0.059142200
pgvector,10,generar_emb,-,119,0,0.044003900
pgvector,10,insert_emb,-,119,0,0.053093000
pgvector,10,generar_emb,-,120,0,0.040355200
pgvector,10,insert_emb,-,120,0,0.056028900
pgvector,10,generar_emb,-,121,0,0.035321100
pgvector,10,insert_emb,-,121,0,0.058593200
pgvector,10,generar_emb,-,122,0,0.033044700
pgvector,10,insert_emb,-,122,0,0.055542700
pgvector,10,generar_emb,-,123,0,0.057765500
pgvector,10,insert_emb,-,123,0,0.064119400
pgvector,10,generar_emb,-,124,0,0.045338200
pgvector,10,insert_emb,-,124,0,0.057293200
pgvector,10,generar_emb,-,125,0,0.039208500
pgvector,10,insert_emb,-,125,0,0.051985400
pgvector,10,generar_emb,-,126,0,0.045857000
pgvector,10,insert_emb,-,126,0,0.060442600
pgvector,10,generar_emb,-,127,0,0.037000500
pgvector,10,insert_emb,-,127,0,0.055599800
pgvector,10,generar_emb,-,128,0,0.054091600
pgvector,10,insert_emb,-,128,0,0.056160100
pgvector,10,generar_emb,-,129,0,0.038756400
pgvector,10,insert_emb,-,129,0,0.056769700
pgvector,10,generar_emb,-,130,0,0.029556800
pgvector,10,insert_emb,-,130,0,0.059885100
pgvector,10,generar_emb,-,131,0,0.036845300
pgvector,10,insert_emb,-,131,0,0.051916300
pgvector,10,generar_emb,-,132,0,0.047375100
pgvector,10,insert_emb,-,132,0,0.061124800
pgvector,10,generar_emb,-,133,0,0.033653100
pgvector,10,insert_emb,-,133,0,0.058305800
pgvector,10,generar_emb,-,134,0,0.055416500
pgvector,10,insert_emb,-,134,0,0.049772400
pgvector,10,generar_emb,-,135,0,0.042042600
pgvector,10,insert_emb,-,135,0,0.055961100
pgvector,10,generar_emb,-,136,0,0.049713500
pgvector,10,insert_emb,-,136,0,0.058578600
pgvector,10,generar_emb,-,137,0,0.038670000
pgvector,10,insert_emb,-,137,0,0.051325100
pgvector,10,generar_emb,-,138,0,0.064371000
pgvector,10,insert_emb,-,138,0,0.059345300
pgvector,10,generar_emb,-,139,0,0.070642300
pgvector,10,insert_emb,-,139,0,0.054893800
pgvector,10,generar_emb,-,140,0,0.051885700
pgvector,10,insert_emb,-,140,0,0.055377600
pgvector,10,generar_emb,-,141,0,0.061131100
pgvector,10,insert_emb,-,141,0,0.054552600
pgvector,10,generar_emb,-,142,0,0.052402700
pgvector,10,insert_emb,-,142,0,0.055125200
pgvector,10,generar_emb,-,143,0,0.036102500
pgvector,10,insert_emb,-,143,0,0.055675900
pgvector,10,generar_emb,-,144,0,0.053630100
pgvector,10,insert_emb,-,144,0,0.054744500
pgvector,10,generar_emb,-,145,0,0.049862400
pgvector,10,insert_emb,-,145,0,0.061394200
pgvector,10,generar_emb,-,146,0,0.053331300
pgvector,10,insert_emb,-,146,0,0.056239500
pgvector,10,generar_emb,-,147,0,0.056021200
pgvector,10,insert_emb,-,147,0,0.053557300
pgvector,10,generar_emb,-,148,0,0.073771800
pgvector,10,insert_emb,-,148,0,0.052893400
pgvector,10,generar_emb,-,149,0,0.068244800
pgvector,10,insert_emb,-,149,0,0.050182800
pgvector,10,generar_emb,-,150,0,0.057774200
pgvector,10,insert_emb,-,150,0,0.066822800
pgvector,10,generar_emb,-,151,0,0.050527000
pgvector,10,insert_emb,-,151,0,0.058743700
pgvector,10,generar_emb,-,152,0,0.047094500
pgvector,10,insert_emb,-,152,0,0.060278500
pgvector,10,generar_emb,-,153,0,0.048189700
pgvector,10,insert_emb,-,153,0,0.059247900
pgvector,10,generar_emb,-,154,0,0.039642900
pgvector,10,insert_emb,-,154,0,0.054216600
pgvector,10,generar_emb,-,155,0,0.053499300
pgvector,10,insert_emb,-,155,0,0.056140900
pgvector,10,generar_emb,-,156,0,0.044258100
pgvector,10,insert_emb,-,156,0,0.054543100
pgvector,10,generar_emb,-,157,0,0.050653200
pgvector,10,insert_emb,-,157,0,0.059647300
pgvector,10,generar_emb,-,158,0,0.043155800
pgvector,10,insert_emb,-,158,0,0.064439700
pgvector,10,generar_emb,-,159,0,0.046465500
pgvector,10,insert_emb,-,159,0,0.061489100
pgvector,10,generar_emb,-,160,0,0.035653400
pgvector,10,insert_emb,-,160,0,0.061778000
pgvector,10,generar_emb,-,161,0,0.052718500
pgvector,10,insert_emb,-,161,0,0.059715300
pgvector,10,generar_emb,-,162,0,0.050259600
pgvector,10,insert_emb,-,162,0,0.063263600
pgvector,10,generar_emb,-,163,0,0.048062800
pgvector,10,insert_emb,-,163,0,0.065448700
pgvector,10,generar_emb,-,164,0,0.055676300
pgvector,10,insert_emb,-,164,0,0.059043600
pgvector,10,generar_emb,-,165,0,0.040985500
pgvector,10,insert_emb,-,165,0,0.061604900
pgvector,10,generar_emb,-,166,0,0.058595900
pgvector,10,insert_emb,-,166,0,0.065829500
pgvector,10,generar_emb,-,167,0,0.049436300
pgvector,10,insert_emb,-,167,0,0.056169100
pgvector,10,generar_emb,-,168,0,0.035393300
pgvector,10,insert_emb,-,168,0,0.054069000
pgvector,10,generar_emb,-,169,0,0.047881800
pgvector,10,insert_emb,-,169,0,0.057598500
pgvector,10,generar_emb,-,170,0,0.080598600
pgvector,10,insert_emb,-,170,0,0.061480800
pgvector,10,generar_emb,-,171,0,0.040357000
pgvector,10,insert_emb,-,171,0,0.053054700
pgvector,10,generar_emb,-,172,0,0.036107700
pgvector,10,insert_emb,-,172,0,0.055005600
pgvector,10,generar_emb,-,173,0,0.026407700
pgvector,10,insert_emb,-,173,0,0.057184300
pgvector,10,generar_emb,-,174,0,0.036719800
pgvector,10,insert_emb,-,174,0,0.056059400
pgvector,10,generar_emb,-,175,0,0.051075400
pgvector,10,insert_emb,-,175,0,0.058666400
pgvector,10,generar_emb,-,176,0,0.036983100
pgvector,10,insert_emb,-,176,0,0.055343000
pgvector,10,generar_emb,-,177,0,0.073176300
pgvector,10,insert_emb,-,177,0,0.064350900
pgvector,10,generar_emb,-,178,0,0.051244200
pgvector,10,insert_emb,-,178,0,0.057239300
pgvector,10,generar_emb,-,179,0,0.043142500
pgvector,10,insert_emb,-,179,0,0.062869700
pgvector,10,generar_emb,-,180,0,0.068993000
pgvector,10,insert_emb,-,180,0,0.057951000
pgvector,10,generar_emb,-,181,0,0.072970600
pgvector,10,insert_emb,-,181,0,0.051963300
pgvector,10,generar_emb,-,182,0,0.043330200
pgvector,10,insert_emb,-,182,0,0.056026600
pgvector,10,generar_emb,-,183,0,0.050140500
pgvector,10,insert_emb,-,183,0,0.056327100
pgvector,10,generar_emb,-,184,0,0.053061800
pgvector,10,insert_emb,-,184,0,0.053831900
pgvector,10,generar_emb,-,185,0,0.037879300
pgvector,10,insert_emb,-,185,0,0.055038500
pgvector,10,generar_emb,-,186,0,0.047262700
pgvector,10,insert_emb,-,186,0,0.053097500
pgvector,10,generar_emb,-,187,0,0.031872200
pgvector,10,insert_emb,-,187,0,0.061065700
pgvector,10,generar_emb,-,188,0,0.056768500
pgvector,10,insert_emb,-,188,0,0.053261900
pgvector,10,generar_emb,-,189,0,0.051770800
pgvector,10,insert_emb,-,189,0,0.059428600
pgvector,10,generar_emb,-,190,0,0.046391500
pgvector,10,insert_emb,-,190,0,0.063046100
pgvector,10,generar_emb,-,191,0,0.039175400
pgvector,10,insert_emb,-,191,0,0.053133700
pgvector,10,generar_emb,-,192,0,0.063548100
pgvector,10,insert_emb,-,192,0,0.064983600
pgvector,10,generar_emb,-,193,0,0.061233400
pgvector,10,insert_emb,-,193,0,0.054717900
pgvector,10,generar_emb,-,194,0,0.047319500
pgvector,10,insert_emb,-,194,0,0.061329000
pgvector,10,generar_emb,-,195,0,0.055060800
pgvector,10,insert_emb,-,195,0,0.064865200
pgvector,10,generar_emb,-,196,0,0.057608600
pgvector,10,insert_emb,-,196,0,0.062834200
pgvector,10,generar_emb,-,197,0,0.053533000
pgvector,10,insert_emb,-,197,0,0.062840500
pgvector,10,generar_emb,-,198,0,0.057887200
pgvector,10,insert_emb,-,198,0,0.067251600
pgvector,10,generar_emb,-,199,0,0.043191200
pgvector,10,insert_emb,-,199,0,0.055441400
pgvector,10,generar_emb,-,200,0,0.059897400
pgvector,10,insert_emb,-,200,0,0.058758800
pgvector,10,generar_emb,-,201,0,0.039927500
pgvector,10,insert_emb,-,201,0,0.059598500
pgvector,10,generar_emb,-,202,0,0.056969800
pgvector,10,insert_emb,-,202,0,0.050860000
pgvector,10,generar_emb,-,203,0,0.073118200
pgvector,10,insert_emb,-,203,0,0.053863400
pgvector,10,generar_emb,-,204,0,0.031323400
pgvector,10,insert_emb,-,204,0,0.049694500
pgvector,10,generar_emb,-,205,0,0.049750900
pgvector,10,insert_emb,-,205,0,0.060110200
pgvector,10,generar_emb,-,206,0,0.035825800
pgvector,10,insert_emb,-,206,0,0.068214600
pgvector,10,generar_emb,-,207,0,0.046212100
pgvector,10,insert_emb,-,207,0,0.056171200
pgvector,10,generar_emb,-,208,0,0.056103100
pgvector,10,insert_emb,-,208,0,0.067060300
pgvector,10,generar_emb,-,209,0,0.041966000
pgvector,10,insert_emb,-,209,0,0.061256500
pgvector,10,generar_emb,-,210,0,0.059137800
pgvector,10,insert_emb,-,210,0,0.073046800
pgvector,10,generar_emb,-,211,0,0.060647900
pgvector,10,insert_emb,-,211,0,0.091291900
pgvector,10,generar_emb,-,212,0,0.057758600
pgvector,10,insert_emb,-,212,0,0.057314700
pgvector,10,generar_emb,-,213,0,0.066890800
pgvector,10,insert_emb,-,213,0,0.059225000
pgvector,10,generar_emb,-,214,0,0.055606500
pgvector,10,insert_emb,-,214,0,0.067616000
pgvector,10,generar_emb,-,215,0,0.040350200
pgvector,10,insert_emb,-,215,0,0.067477700
pgvector,10,generar_emb,-,216,0,0.044315100
pgvector,10,insert_emb,-,216,0,0.067712300
pgvector,10,generar_emb,-,217,0,0.039938800
pgvector,10,insert_emb,-,217,0,0.068165600
pgvector,10,generar_emb,-,218,0,0.049717600
pgvector,10,insert_emb,-,218,0,0.083020100
pgvector,10,generar_emb,-,219,0,0.077065100
pgvector,10,insert_emb,-,219,0,0.081376600
pgvector,10,generar_emb,-,220,0,0.046456300
pgvector,10,insert_emb,-,220,0,0.077603600
pgvector,10,generar_emb,-,221,0,0.045715400
pgvector,10,insert_emb,-,221,0,0.067421300
pgvector,10,generar_emb,-,222,0,0.033359600
pgvector,10,insert_emb,-,222,0,0.073110000
pgvector,10,generar_emb,-,223,0,0.032195700
pgvector,10,insert_emb,-,223,0,0.067708200
pgvector,10,generar_emb,-,224,0,0.047348000
pgvector,10,insert_emb,-,224,0,0.062127900
pgvector,10,generar_emb,-,225,0,0.058099000
pgvector,10,insert_emb,-,225,0,0.077996000
pgvector,10,generar_emb,-,226,0,0.037961900
pgvector,10,insert_emb,-,226,0,0.075919500
pgvector,10,generar_emb,-,227,0,0.045373700
pgvector,10,insert_emb,-,227,0,0.084977800
pgvector,10,generar_emb,-,228,0,0.050276900
pgvector,10,insert_emb,-,228,0,0.054243900
pgvector,10,generar_emb,-,229,0,0.073155500
pgvector,10,insert_emb,-,229,0,0.066942100
pgvector,10,generar_emb,-,230,0,0.072937200
pgvector,10,insert_emb,-,230,0,0.094278500
pgvector,10,generar_emb,-,231,0,0.073274300
pgvector,10,insert_emb,-,231,0,0.065773500
pgvector,10,generar_emb,-,232,0,0.055470800
pgvector,10,insert_emb,-,232,0,0.079159700
pgvector,10,generar_emb,-,233,0,0.069549800
pgvector,10,insert_emb,-,233,0,0.063227800
pgvector,10,generar_emb,-,234,0,0.052180700
pgvector,10,insert_emb,-,234,0,0.073816800
pgvector,10,generar_emb,-,235,0,0.042240200
pgvector,10,insert_emb,-,235,0,0.065730200
pgvector,10,generar_emb,-,236,0,0.040604700
pgvector,10,insert_emb,-,236,0,0.061161000
pgvector,10,generar_emb,-,237,0,0.043668600
pgvector,10,insert_emb,-,237,0,0.067400500
pgvector,10,generar_emb,-,238,0,0.044644200
pgvector,10,insert_emb,-,238,0,0.059636400
pgvector,10,generar_emb,-,239,0,0.032557600
pgvector,10,insert_emb,-,239,0,0.066019600
pgvector,10,generar_emb,-,240,0,0.050528900
pgvector,10,insert_emb,-,240,0,0.062658000
pgvector,10,generar_emb,-,241,0,0.038879000
pgvector,10,insert_emb,-,241,0,0.070683900
pgvector,10,generar_emb,-,242,0,0.053537100
pgvector,10,insert_emb,-,242,0,0.059581600
pgvector,10,generar_emb,-,243,0,0.054669400
pgvector,10,insert_emb,-,243,0,0.052828100
pgvector,10,generar_emb,-,244,0,0.070298100
pgvector,10,insert_emb,-,244,0,0.060092900
pgvector,10,generar_emb,-,245,0,0.059023600
pgvector,10,insert_emb,-,245,0,0.073510600
pgvector,10,generar_emb,-,246,0,0.080390800
pgvector,10,insert_emb,-,246,0,0.070484700
pgvector,10,generar_emb,-,247,0,0.053657500
pgvector,10,insert_emb,-,247,0,0.057568100
pgvector,10,generar_emb,-,248,0,0.061167600
pgvector,10,insert_emb,-,248,0,0.070637400
pgvector,10,generar_emb,-,249,0,0.041633800
pgvector,10,insert_emb,-,249,0,0.073247500
pgvector,10,generar_emb,-,250,0,0.045137300
pgvector,10,insert_emb,-,250,0,0.068038500
pgvector,10,generar_emb,-,251,0,0.060190600
pgvector,10,insert_emb,-,251,0,0.051157200
pgvector,10,generar_emb,-,252,0,0.041502900
pgvector,10,insert_emb,-,252,0,0.075431100
pgvector,10,generar_emb,-,253,0,0.035261000
pgvector,10,insert_emb,-,253,0,0.080312800
pgvector,10,generar_emb,-,254,0,0.042955300
pgvector,10,insert_emb,-,254,0,0.069124800
pgvector,10,generar_emb,-,255,0,0.044133200
pgvector,10,insert_emb,-,255,0,0.062511000
pgvector,10,generar_emb,-,256,0,0.048494000
pgvector,10,insert_emb,-,256,0,0.061186900
pgvector,10,generar_emb,-,257,0,0.076008200
pgvector,10,insert_emb,-,257,0,0.050446700
pgvector,10,generar_emb,-,258,0,0.068724900
pgvector,10,insert_emb,-,258,0,0.050781500
pgvector,10,generar_emb,-,259,0,0.050145000
pgvector,10,insert_emb,-,259,0,0.062669200
pgvector,10,generar_emb,-,260,0,0.039763000
pgvector,10,insert_emb,-,260,0,0.070967800
pgvector,10,generar_emb,-,261,0,0.068065700
pgvector,10,insert_emb,-,261,0,0.079148100
pgvector,10,generar_emb,-,262,0,0.040905500
pgvector,10,insert_emb,-,262,0,0.059857400
pgvector,10,generar_emb,-,263,0,0.047321000
pgvector,10,insert_emb,-,263,0,0.063379700
pgvector,10,generar_emb,-,264,0,0.055905900
pgvector,10,insert_emb,-,264,0,0.061063000
pgvector,10,generar_emb,-,265,0,0.035060900
pgvector,10,insert_emb,-,265,0,0.073635900
pgvector,10,generar_emb,-,266,0,0.051318900
pgvector,10,insert_emb,-,266,0,0.064293900
pgvector,10,generar_emb,-,267,0,0.057530300
pgvector,10,insert_emb,-,267,0,0.074975700
pgvector,10,generar_emb,-,268,0,0.056490600
pgvector,10,insert_emb,-,268,0,0.057311400
pgvector,10,generar_emb,-,269,0,0.051730300
pgvector,10,insert_emb,-,269,0,0.059762800
pgvector,10,generar_emb,-,270,0,0.046554200
pgvector,10,insert_emb,-,270,0,0.063654700
pgvector,10,generar_emb,-,271,0,0.065950100
pgvector,10,insert_emb,-,271,0,0.082297900
pgvector,10,generar_emb,-,272,0,0.035779400
pgvector,10,insert_emb,-,272,0,0.056842100
pgvector,10,generar_emb,-,273,0,0.044830200
pgvector,10,insert_emb,-,273,0,0.064764400
pgvector,10,generar_emb,-,274,0,0.044802300
pgvector,10,insert_emb,-,274,0,0.067080400
pgvector,10,generar_emb,-,275,0,0.039449900
pgvector,10,insert_emb,-,275,0,0.068720100
pgvector,10,generar_emb,-,276,0,0.045261000
pgvector,10,insert_emb,-,276,0,0.064111000
pgvector,10,generar_emb,-,277,0,0.044153300
pgvector,10,insert_emb,-,277,0,0.073281100
pgvector,10,generar_emb,-,278,0,0.043756500
pgvector,10,insert_emb,-,278,0,0.065084400
pgvector,10,generar_emb,-,279,0,0.039395400
pgvector,10,insert_emb,-,279,0,0.069680900
pgvector,10,generar_emb,-,280,0,0.044992800
pgvector,10,insert_emb,-,280,0,0.065815700
pgvector,10,generar_emb,-,281,0,0.060009100
pgvector,10,insert_emb,-,281,0,0.056554900
pgvector,10,generar_emb,-,282,0,0.037324200
pgvector,10,insert_emb,-,282,0,0.072349500
pgvector,10,generar_emb,-,283,0,0.047512900
pgvector,10,insert_emb,-,283,0,0.052059400
pgvector,10,generar_emb,-,284,0,0.053616100
pgvector,10,insert_emb,-,284,0,0.060585800
pgvector,10,generar_emb,-,285,0,0.052843000
pgvector,10,insert_emb,-,285,0,0.060335700
pgvector,10,generar_emb,-,286,0,0.095744700
pgvector,10,insert_emb,-,286,0,0.053118300
pgvector,10,generar_emb,-,287,0,0.086547200
pgvector,10,insert_emb,-,287,0,0.064022900
pgvector,10,generar_emb,-,288,0,0.063225700
pgvector,10,insert_emb,-,288,0,0.063008700
pgvector,10,generar_emb,-,289,0,0.061580000
pgvector,10,insert_emb,-,289,0,0.076686900
pgvector,10,generar_emb,-,290,0,0.070308000
pgvector,10,insert_emb,-,290,0,0.050175300
pgvector,10,generar_emb,-,291,0,0.090293600
pgvector,10,insert_emb,-,291,0,0.070894700
pgvector,10,generar_emb,-,292,0,0.063252700
pgvector,10,insert_emb,-,292,0,0.064965100
pgvector,10,generar_emb,-,293,0,0.070133700
pgvector,10,insert_emb,-,293,0,0.076623800
pgvector,10,generar_emb,-,294,0,0.074429900
pgvector,10,insert_emb,-,294,0,0.053555500
pgvector,10,generar_emb,-,295,0,0.056218900
pgvector,10,insert_emb,-,295,0,0.070755100
pgvector,10,generar_emb,-,296,0,0.055932800
pgvector,10,insert_emb,-,296,0,0.070647100
pgvector,10,generar_emb,-,297,0,0.077281700
pgvector,10,insert_emb,-,297,0,0.057759800
pgvector,10,generar_emb,-,298,0,0.037689700
pgvector,10,insert_emb,-,298,0,0.062382300
pgvector,10,generar_emb,-,299,0,0.059861700
pgvector,10,insert_emb,-,299,0,0.052252000
pgvector,10,generar_emb,-,300,0,0.052272600
pgvector,10,insert_emb,-,300,0,0.055234400
pgvector,10,generar_emb,-,301,0,0.085017600
pgvector,10,insert_emb,-,301,0,0.067525000
pgvector,10,generar_emb,-,302,0,0.060689300
pgvector,10,insert_emb,-,302,0,0.079273400
pgvector,10,generar_emb,-,303,0,0.081456000
pgvector,10,insert_emb,-,303,0,0.082041800
pgvector,10,generar_emb,-,304,0,0.056502200
pgvector,10,insert_emb,-,304,0,0.057627700
pgvector,10,generar_emb,-,305,0,0.054340900
pgvector,10,insert_emb,-,305,0,0.069940100
pgvector,10,generar_emb,-,306,0,0.068378800
pgvector,10,insert_emb,-,306,0,0.052797600
pgvector,10,generar_emb,-,307,0,0.050873900
pgvector,10,insert_emb,-,307,0,0.071064100
pgvector,10,generar_emb,-,308,0,0.047758400
pgvector,10,insert_emb,-,308,0,0.065782000
pgvector,10,generar_emb,-,309,0,0.045859700
pgvector,10,insert_emb,-,309,0,0.086040200
pgvector,10,generar_emb,-,310,0,0.040732800
pgvector,10,insert_emb,-,310,0,0.086982200
pgvector,10,generar_emb,-,311,0,0.036001000
pgvector,10,insert_emb,-,311,0,0.083070400
pgvector,10,generar_emb,-,312,0,0.046911300
pgvector,10,insert_emb,-,312,0,0.071300600
pgvector,10,generar_emb,-,313,0,0.050471800
pgvector,10,insert_emb,-,313,0,0.069649500
pgvector,10,generar_emb,-,314,0,0.052678900
pgvector,10,insert_emb,-,314,0,0.066691900
pgvector,10,generar_emb,-,315,0,0.036937300
pgvector,10,insert_emb,-,315,0,0.064891900
pgvector,10,generar_emb,-,316,0,0.048725300
pgvector,10,insert_emb,-,316,0,0.054519800
pgvector,10,generar_emb,-,317,0,0.060608300
pgvector,10,insert_emb,-,317,0,0.050983900
pgvector,10,generar_emb,-,318,0,0.048549500
pgvector,10,insert_emb,-,318,0,0.079519500
pgvector,10,generar_emb,-,319,0,0.059383400
pgvector,10,insert_emb,-,319,0,0.077608200
pgvector,10,generar_emb,-,320,0,0.049695100
pgvector,10,insert_emb,-,320,0,0.072287100
pgvector,10,generar_emb,-,321,0,0.039072900
pgvector,10,insert_emb,-,321,0,0.052242500
pgvector,10,generar_emb,-,322,0,0.049496600
pgvector,10,insert_emb,-,322,0,0.065216800
pgvector,10,generar_emb,-,323,0,0.038860400
pgvector,10,insert_emb,-,323,0,0.070866700
pgvector,10,generar_emb,-,324,0,0.042787600
pgvector,10,insert_emb,-,324,0,0.052746100
pgvector,10,generar_emb,-,325,0,0.047045900
pgvector,10,insert_emb,-,325,0,0.062365800
pgvector,10,generar_emb,-,326,0,0.038341400
pgvector,10,insert_emb,-,326,0,0.064786500
pgvector,10,generar_emb,-,327,0,0.043694400
pgvector,10,insert_emb,-,327,0,0.055291500
pgvector,10,generar_emb,-,328,0,0.065828100
pgvector,10,insert_emb,-,328,0,0.071347800
pgvector,10,generar_emb,-,329,0,0.047768300
pgvector,10,insert_emb,-,329,0,0.062087300
pgvector,10,generar_emb,-,330,0,0.048298600
pgvector,10,insert_emb,-,330,0,0.068152400
pgvector,10,generar_emb,-,331,0,0.063984400
pgvector,10,insert_emb,-,331,0,0.076229200
pgvector,10,generar_emb,-,332,0,0.063772000
pgvector,10,insert_emb,-,332,0,0.078485900
pgvector,10,generar_emb,-,333,0,0.058711300
pgvector,10,insert_emb,-,333,0,0.054248500
pgvector,10,generar_emb,-,334,0,0.047666700
pgvector,10,insert_emb,-,334,0,0.059373700
pgvector,10,generar_emb,-,335,0,0.035854300
pgvector,10,insert_emb,-,335,0,0.071807800
pgvector,10,generar_emb,-,336,0,0.037960000
pgvector,10,insert_emb,-,336,0,0.069522500
pgvector,10,generar_emb,-,337,0,0.037658700
pgvector,10,insert_emb,-,337,0,0.071386000
pgvector,10,generar_emb,-,338,0,0.048874700
pgvector,10,insert_emb,-,338,0,0.074208100
pgvector,10,generar_emb,-,339,0,0.040694400
pgvector,10,insert_emb,-,339,0,0.059533300
pgvector,10,generar_emb,-,340,0,0.040581500
pgvector,10,insert_emb,-,340,0,0.073470400
pgvector,10,generar_emb,-,341,0,0.050222900
pgvector,10,insert_emb,-,341,0,0.058508800
pgvector,10,generar_emb,-,342,0,0.066554800
pgvector,10,insert_emb,-,342,0,0.059991300
pgvector,10,generar_emb,-,343,0,0.035287600
pgvector,10,insert_emb,-,343,0,0.064200800
pgvector,10,generar_emb,-,344,0,0.051005800
pgvector,10,insert_emb,-,344,0,0.076093000
pgvector,10,generar_emb,-,345,0,0.045207700
pgvector,10,insert_emb,-,345,0,0.054576700
pgvector,10,generar_emb,-,346,0,0.055889400
pgvector,10,insert_emb,-,346,0,0.052801400
pgvector,10,generar_emb,-,347,0,0.035902500
pgvector,10,insert_emb,-,347,0,0.074403100
pgvector,10,generar_emb,-,348,0,0.051678300
pgvector,10,insert_emb,-,348,0,0.063783800
pgvector,10,generar_emb,-,349,0,0.039682500
pgvector,10,insert_emb,-,349,0,0.068630800
pgvector,10,generar_emb,-,350,0,0.030574800
pgvector,10,insert_emb,-,350,0,0.076687800
pgvector,10,generar_emb,-,351,0,0.031261500
pgvector,10,insert_emb,-,351,0,0.063271800
pgvector,10,generar_emb,-,352,0,0.057549900
pgvector,10,insert_emb,-,352,0,0.056311800
pgvector,10,generar_emb,-,353,0,0.049425200
pgvector,10,insert_emb,-,353,0,0.065696700
pgvector,10,generar_emb,-,354,0,0.041491600
pgvector,10,insert_emb,-,354,0,0.069081200
pgvector,10,generar_emb,-,355,0,0.038037400
pgvector,10,insert_emb,-,355,0,0.061480200
pgvector,10,generar_emb,-,356,0,0.050751500
pgvector,10,insert_emb,-,356,0,0.080240900
pgvector,10,generar_emb,-,357,0,0.051007200
pgvector,10,insert_emb,-,357,0,0.059548500
pgvector,10,generar_emb,-,358,0,0.040616500
pgvector,10,insert_emb,-,358,0,0.473475000
pgvector,10,generar_emb,-,359,0,0.033007400
pgvector,10,insert_emb,-,359,0,0.061616400
pgvector,10,generar_emb,-,360,0,0.035951700
pgvector,10,insert_emb,-,360,0,0.065980100
pgvector,10,generar_emb,-,361,0,0.031800100
pgvector,10,insert_emb,-,361,0,0.059654500
pgvector,10,generar_emb,-,362,0,0.055720800
pgvector,10,insert_emb,-,362,0,0.052205100
pgvector,10,generar_emb,-,363,0,0.036456800
pgvector,10,insert_emb,-,363,0,0.050504700
pgvector,10,generar_emb,-,364,0,0.046965900
pgvector,10,insert_emb,-,364,0,0.062792900
pgvector,10,generar_emb,-,365,0,0.053655500
pgvector,10,insert_emb,-,365,0,0.070066100
pgvector,10,generar_emb,-,366,0,0.039628300
pgvector,10,insert_emb,-,366,0,0.066653500
pgvector,10,generar_emb,-,367,0,0.051288100
pgvector,10,insert_emb,-,367,0,0.055928600
pgvector,10,generar_emb,-,368,0,0.058595000
pgvector,10,insert_emb,-,368,0,0.062758300
pgvector,10,generar_emb,-,369,0,0.044842900
pgvector,10,insert_emb,-,369,0,0.082983800
pgvector,10,generar_emb,-,370,0,0.066743000
pgvector,10,insert_emb,-,370,0,0.077815000
pgvector,10,generar_emb,-,371,0,0.089885600
pgvector,10,insert_emb,-,371,0,0.053267300
pgvector,10,generar_emb,-,372,0,0.069006400
pgvector,10,insert_emb,-,372,0,0.073905300
pgvector,10,generar_emb,-,373,0,0.049183100
pgvector,10,insert_emb,-,373,0,0.057030200
pgvector,10,generar_emb,-,374,0,0.045080000
pgvector,10,insert_emb,-,374,0,0.060860200
pgvector,10,generar_emb,-,375,0,0.044816000
pgvector,10,insert_emb,-,375,0,0.067758400
pgvector,10,generar_emb,-,376,0,0.042863500
pgvector,10,insert_emb,-,376,0,0.071638700
pgvector,10,generar_emb,-,377,0,0.052836400
pgvector,10,insert_emb,-,377,0,0.063627400
pgvector,10,generar_emb,-,378,0,0.040343600
pgvector,10,insert_emb,-,378,0,0.061768600
pgvector,10,generar_emb,-,379,0,0.051096600
pgvector,10,insert_emb,-,379,0,0.061932700
pgvector,10,generar_emb,-,380,0,0.040784900
pgvector,10,insert_emb,-,380,0,0.065351900
pgvector,10,generar_emb,-,381,0,0.060220000
pgvector,10,insert_emb,-,381,0,0.075113900
pgvector,10,generar_emb,-,382,0,0.051757200
pgvector,10,insert_emb,-,382,0,0.058402300
pgvector,10,generar_emb,-,383,0,0.060560200
pgvector,10,insert_emb,-,383,0,0.091935500
pgvector,10,generar_emb,-,384,0,0.061200800
pgvector,10,insert_emb,-,384,0,0.052592800
pgvector,10,generar_emb,-,385,0,0.045463700
pgvector,10,insert_emb,-,385,0,0.071660700
pgvector,10,generar_emb,-,386,0,0.076420900
pgvector,10,insert_emb,-,386,0,0.085059100
pgvector,10,generar_emb,-,387,0,0.048278800
pgvector,10,insert_emb,-,387,0,0.071726600
pgvector,10,generar_emb,-,388,0,0.052172000
pgvector,10,insert_emb,-,388,0,0.064954100
pgvector,10,generar_emb,-,389,0,0.053730800
pgvector,10,insert_emb,-,389,0,0.068032200
pgvector,10,generar_emb,-,390,0,0.062813900
pgvector,10,insert_emb,-,390,0,0.067615300
pgvector,10,generar_emb,-,391,0,0.058133600
pgvector,10,insert_emb,-,391,0,0.068404600
pgvector,10,generar_emb,-,392,0,0.084583200
pgvector,10,insert_emb,-,392,0,0.084071500
pgvector,10,generar_emb,-,393,0,0.049279900
pgvector,10,insert_emb,-,393,0,0.073035400
pgvector,10,generar_emb,-,394,0,0.066818300
pgvector,10,insert_emb,-,394,0,0.055035300
pgvector,10,generar_emb,-,395,0,0.059700000
pgvector,10,insert_emb,-,395,0,0.067845800
pgvector,10,generar_emb,-,396,0,0.033719800
pgvector,10,insert_emb,-,396,0,0.096664900
pgvector,10,generar_emb,-,397,0,0.038769200
pgvector,10,insert_emb,-,397,0,0.235288900
pgvector,10,generar_emb,-,398,0,0.033078200
pgvector,10,insert_emb,-,398,0,0.052195900
pgvector,10,generar_emb,-,399,0,0.058242500
pgvector,10,insert_emb,-,399,0,0.053208500
pgvector,10,generar_emb,-,400,0,0.068507500
pgvector,10,insert_emb,-,400,0,0.052091400
pgvector,10,generar_emb,-,401,0,0.040094500
pgvector,10,insert_emb,-,401,0,0.051163400
pgvector,10,generar_emb,-,402,0,0.051848900
pgvector,10,insert_emb,-,402,0,0.052085900
pgvector,10,generar_emb,-,403,0,0.032553900
pgvector,10,insert_emb,-,403,0,0.051309900
pgvector,10,generar_emb,-,404,0,0.074487300
pgvector,10,insert_emb,-,404,0,0.052758700
pgvector,10,generar_emb,-,405,0,0.071492300
pgvector,10,insert_emb,-,405,0,0.053052400
pgvector,10,generar_emb,-,406,0,0.065391400
pgvector,10,insert_emb,-,406,0,0.050519500
pgvector,10,generar_emb,-,407,0,0.058792500
pgvector,10,insert_emb,-,407,0,0.053351400
pgvector,10,generar_emb,-,408,0,0.080243800
pgvector,10,insert_emb,-,408,0,0.052204200
pgvector,10,generar_emb,-,409,0,0.068733100
pgvector,10,insert_emb,-,409,0,0.051114200
pgvector,10,generar_emb,-,410,0,0.057447000
pgvector,10,insert_emb,-,410,0,0.050113800
pgvector,10,generar_emb,-,411,0,0.060974400
pgvector,10,insert_emb,-,411,0,0.050689100
pgvector,10,generar_emb,-,412,0,0.070078500
pgvector,10,insert_emb,-,412,0,0.050168600
pgvector,10,generar_emb,-,413,0,0.058847000
pgvector,10,insert_emb,-,413,0,0.052987900
pgvector,10,generar_emb,-,414,0,0.049984500
pgvector,10,insert_emb,-,414,0,0.054068100
pgvector,10,generar_emb,-,415,0,0.049733800
pgvector,10,insert_emb,-,415,0,0.050119800
pgvector,10,generar_emb,-,416,0,0.054333300
pgvector,10,insert_emb,-,416,0,0.049548700
pgvector,10,generar_emb,-,417,0,0.038180700
pgvector,10,insert_emb,-,417,0,0.049833800
pgvector,10,generar_emb,-,418,0,0.033472200
pgvector,10,insert_emb,-,418,0,0.050874100
pgvector,10,generar_emb,-,419,0,0.036707300
pgvector,10,insert_emb,-,419,0,0.051338000
pgvector,10,generar_emb,-,420,0,0.068137300
pgvector,10,insert_emb,-,420,0,0.052081300
pgvector,10,generar_emb,-,421,0,0.058735500
pgvector,10,insert_emb,-,421,0,0.053296500
pgvector,10,generar_emb,-,422,0,0.078351400
pgvector,10,insert_emb,-,422,0,0.054098400
pgvector,10,generar_emb,-,423,0,0.051972600
pgvector,10,insert_emb,-,423,0,0.051188200
pgvector,10,generar_emb,-,424,0,0.041392000
pgvector,10,insert_emb,-,424,0,0.050269200
pgvector,10,generar_emb,-,425,0,0.041891000
pgvector,10,insert_emb,-,425,0,0.050486500
pgvector,10,generar_emb,-,426,0,0.048854200
pgvector,10,insert_emb,-,426,0,0.051308300
pgvector,10,generar_emb,-,427,0,0.040349000
pgvector,10,insert_emb,-,427,0,0.050885900
pgvector,10,generar_emb,-,428,0,0.040021600
pgvector,10,insert_emb,-,428,0,0.051736100
pgvector,10,generar_emb,-,429,0,0.037233700
pgvector,10,insert_emb,-,429,0,0.051182500
pgvector,10,generar_emb,-,430,0,0.052270100
pgvector,10,insert_emb,-,430,0,0.052101600
pgvector,10,generar_emb,-,431,0,0.051455100
pgvector,10,insert_emb,-,431,0,0.051829400
pgvector,10,generar_emb,-,432,0,0.048541300
pgvector,10,insert_emb,-,432,0,0.051958200
pgvector,10,generar_emb,-,433,0,0.051967800
pgvector,10,insert_emb,-,433,0,0.051585600
pgvector,10,generar_emb,-,434,0,0.040252900
pgvector,10,insert_emb,-,434,0,0.051845400
pgvector,10,generar_emb,-,435,0,0.040212100
pgvector,10,insert_emb,-,435,0,0.051667600
pgvector,10,generar_emb,-,436,0,0.036993500
pgvector,10,insert_emb,-,436,0,0.050967300
pgvector,10,generar_emb,-,437,0,0.062205300
pgvector,10,insert_emb,-,437,0,0.050335000
pgvector,10,generar_emb,-,438,0,0.038580100
pgvector,10,insert_emb,-,438,0,0.052588400
pgvector,10,generar_emb,-,439,0,0.046210100
pgvector,10,insert_emb,-,439,0,0.050121600
pgvector,10,generar_emb,-,440,0,0.038490200
pgvector,10,insert_emb,-,440,0,0.049447100
pgvector,10,generar_emb,-,441,0,0.057688500
pgvector,10,insert_emb,-,441,0,0.050318800
pgvector,10,generar_emb,-,442,0,0.068677400
pgvector,10,insert_emb,-,442,0,0.052089900
pgvector,10,generar_emb,-,443,0,0.045141800
pgvector,10,insert_emb,-,443,0,0.054084600
pgvector,10,generar_emb,-,444,0,0.052195300
pgvector,10,insert_emb,-,444,0,0.051779200
pgvector,10,generar_emb,-,445,0,0.049599400
pgvector,10,insert_emb,-,445,0,0.050497900
pgvector,10,generar_emb,-,446,0,0.039701000
pgvector,10,insert_emb,-,446,0,0.052081800
pgvector,10,generar_emb,-,447,0,0.041423800
pgvector,10,insert_emb,-,447,0,0.050773800
pgvector,10,generar_emb,-,448,0,0.043387800
pgvector,10,insert_emb,-,448,0,0.052555600
pgvector,10,generar_emb,-,449,0,0.043671800
pgvector,10,insert_emb,-,449,0,0.052181200
pgvector,10,generar_emb,-,450,0,0.052167700
pgvector,10,insert_emb,-,450,0,0.051560900
pgvector,10,generar_emb,-,451,0,0.052974100
pgvector,10,insert_emb,-,451,0,0.051458600
pgvector,10,generar_emb,-,452,0,0.053555500
pgvector,10,insert_emb,-,452,0,0.050131300
pgvector,10,generar_emb,-,453,0,0.052127800
pgvector,10,insert_emb,-,453,0,0.051479000
pgvector,10,generar_emb,-,454,0,0.039879500
pgvector,10,insert_emb,-,454,0,0.052566300
pgvector,10,generar_emb,-,455,0,0.052993300
pgvector,10,insert_emb,-,455,0,0.050675400
pgvector,10,generar_emb,-,456,0,0.057289900
pgvector,10,insert_emb,-,456,0,0.050792800
pgvector,10,generar_emb,-,457,0,0.043326700
pgvector,10,insert_emb,-,457,0,0.052846500
pgvector,10,generar_emb,-,458,0,0.038707000
pgvector,10,insert_emb,-,458,0,0.053349800
pgvector,10,generar_emb,-,459,0,0.036662600
pgvector,10,insert_emb,-,459,0,0.051211300
pgvector,10,generar_emb,-,460,0,0.038524900
pgvector,10,insert_emb,-,460,0,0.049346600
pgvector,10,generar_emb,-,461,0,0.054477800
pgvector,10,insert_emb,-,461,0,0.053731700
pgvector,10,generar_emb,-,462,0,0.048224800
pgvector,10,insert_emb,-,462,0,0.052112200
pgvector,10,generar_emb,-,463,0,0.047830700
pgvector,10,insert_emb,-,463,0,0.051618100
pgvector,10,generar_emb,-,464,0,0.068857200
pgvector,10,insert_emb,-,464,0,0.051425100
pgvector,10,generar_emb,-,465,0,0.071623800
pgvector,10,insert_emb,-,465,0,0.052290300
pgvector,10,generar_emb,-,466,0,0.055305500
pgvector,10,insert_emb,-,466,0,0.052735100
pgvector,10,generar_emb,-,467,0,0.056255300
pgvector,10,insert_emb,-,467,0,0.050937400
pgvector,10,generar_emb,-,468,0,0.086946700
pgvector,10,insert_emb,-,468,0,0.053605900
pgvector,10,generar_emb,-,469,0,0.041621600
pgvector,10,insert_emb,-,469,0,0.050220100
pgvector,10,generar_emb,-,470,0,0.039614400
pgvector,10,insert_emb,-,470,0,0.052119100
pgvector,10,generar_emb,-,471,0,0.080943200
pgvector,10,insert_emb,-,471,0,0.051367300
pgvector,10,generar_emb,-,472,0,0.053211500
pgvector,10,insert_emb,-,472,0,0.050784500
pgvector,10,generar_emb,-,473,0,0.043078100
pgvector,10,insert_emb,-,473,0,0.052754800
pgvector,10,generar_emb,-,474,0,0.047200500
pgvector,10,insert_emb,-,474,0,0.052875900
pgvector,10,generar_emb,-,475,0,0.047519500
pgvector,10,insert_emb,-,475,0,0.052530300
pgvector,10,generar_emb,-,476,0,0.046501800
pgvector,10,insert_emb,-,476,0,0.053380600
pgvector,10,generar_emb,-,477,0,0.049797300
pgvector,10,insert_emb,-,477,0,0.051011000
pgvector,10,generar_emb,-,478,0,0.058337500
pgvector,10,insert_emb,-,478,0,0.054039900
pgvector,10,generar_emb,-,479,0,0.052242300
pgvector,10,insert_emb,-,479,0,0.050355800
pgvector,10,generar_emb,-,480,0,0.052356600
pgvector,10,insert_emb,-,480,0,0.051654600
pgvector,10,generar_emb,-,481,0,0.033507400
pgvector,10,insert_emb,-,481,0,0.050500400
pgvector,10,generar_emb,-,482,0,0.032438000
pgvector,10,insert_emb,-,482,0,0.051163000
pgvector,10,generar_emb,-,483,0,0.042397400
pgvector,10,insert_emb,-,483,0,0.049818900
pgvector,10,generar_emb,-,484,0,0.035394000
pgvector,10,insert_emb,-,484,0,0.052266700
pgvector,10,generar_emb,-,485,0,0.044080500
pgvector,10,insert_emb,-,485,0,0.051735800
pgvector,10,generar_emb,-,486,0,0.040160900
pgvector,10,insert_emb,-,486,0,0.052643200
pgvector,10,generar_emb,-,487,0,0.032333800
pgvector,10,insert_emb,-,487,0,0.051192100
pgvector,10,generar_emb,-,488,0,0.043300500
pgvector,10,insert_emb,-,488,0,0.052470100
pgvector,10,generar_emb,-,489,0,0.038218500
pgvector,10,insert_emb,-,489,0,0.055176500
pgvector,10,generar_emb,-,490,0,0.045910300
pgvector,10,insert_emb,-,490,0,0.053016400
pgvector,10,generar_emb,-,491,0,0.039281900
pgvector,10,insert_emb,-,491,0,0.053048300
pgvector,10,generar_emb,-,492,0,0.040113700
pgvector,10,insert_emb,-,492,0,0.051225800
pgvector,10,generar_emb,-,493,0,0.042235400
pgvector,10,insert_emb,-,493,0,0.049680800
pgvector,10,generar_emb,-,494,0,0.033217500
pgvector,10,insert_emb,-,494,0,0.050615900
pgvector,10,generar_emb,-,495,0,0.044044400
pgvector,10,insert_emb,-,495,0,0.053034900
pgvector,10,generar_emb,-,496,0,0.041034000
pgvector,10,insert_emb,-,496,0,0.050820700
pgvector,10,generar_emb,-,497,0,0.037593500
pgvector,10,insert_emb,-,497,0,0.050465700
pgvector,10,generar_emb,-,498,0,0.049960100
pgvector,10,insert_emb,-,498,0,0.049961100
pgvector,10,generar_emb,-,499,0,0.045265200
pgvector,10,insert_emb,-,499,0,0.050362900
pgvector,10,generar_emb,-,500,0,0.042873500
pgvector,10,insert_emb,-,500,0,0.053476900
pgvector,10,generar_emb,-,501,0,0.036875400
pgvector,10,insert_emb,-,501,0,0.054931300
pgvector,10,generar_emb,-,502,0,0.045497200
pgvector,10,insert_emb,-,502,0,0.054178100
pgvector,10,generar_emb,-,503,0,0.049803000
pgvector,10,insert_emb,-,503,0,0.054207700
pgvector,10,generar_emb,-,504,0,0.041905500
pgvector,10,insert_emb,-,504,0,0.049878200
pgvector,10,generar_emb,-,505,0,0.070594000
pgvector,10,insert_emb,-,505,0,0.054437200
pgvector,10,generar_emb,-,506,0,0.050785700
pgvector,10,insert_emb,-,506,0,0.052252800
pgvector,10,generar_emb,-,507,0,0.038216200
pgvector,10,insert_emb,-,507,0,0.049618800
pgvector,10,generar_emb,-,508,0,0.042049900
pgvector,10,insert_emb,-,508,0,0.050256600
pgvector,10,generar_emb,-,509,0,0.048666200
pgvector,10,insert_emb,-,509,0,0.051003300
pgvector,10,generar_emb,-,510,0,0.071698600
pgvector,10,insert_emb,-,510,0,0.052812100
pgvector,10,generar_emb,-,511,0,0.048920300
pgvector,10,insert_emb,-,511,0,0.050841700
pgvector,10,generar_emb,-,512,0,0.065670600
pgvector,10,insert_emb,-,512,0,0.050034700
pgvector,10,generar_emb,-,513,0,0.081584800
pgvector,10,insert_emb,-,513,0,0.054747800
pgvector,10,generar_emb,-,514,0,0.072555500
pgvector,10,insert_emb,-,514,0,0.050758900
pgvector,10,generar_emb,-,515,0,0.057279200
pgvector,10,insert_emb,-,515,0,0.050948300
pgvector,10,generar_emb,-,516,0,0.081976800
pgvector,10,insert_emb,-,516,0,0.049896300
pgvector,10,generar_emb,-,517,0,0.044756300
pgvector,10,insert_emb,-,517,0,0.050724200
pgvector,10,generar_emb,-,518,0,0.055698900
pgvector,10,insert_emb,-,518,0,0.053009200
pgvector,10,generar_emb,-,519,0,0.063509200
pgvector,10,insert_emb,-,519,0,0.052231000
pgvector,10,generar_emb,-,520,0,0.033385700
pgvector,10,insert_emb,-,520,0,0.050488100
pgvector,10,generar_emb,-,521,0,0.027243700
pgvector,10,insert_emb,-,521,0,0.052386800
pgvector,10,generar_emb,-,522,0,0.050709400
pgvector,10,insert_emb,-,522,0,0.049428900
pgvector,10,generar_emb,-,523,0,0.041954200
pgvector,10,insert_emb,-,523,0,0.050065600
pgvector,10,generar_emb,-,524,0,0.048046200
pgvector,10,insert_emb,-,524,0,0.052567300
pgvector,10,generar_emb,-,525,0,0.059825700
pgvector,10,insert_emb,-,525,0,0.051831600
pgvector,10,generar_emb,-,526,0,0.035377400
pgvector,10,insert_emb,-,526,0,0.052287700
pgvector,10,generar_emb,-,527,0,0.049378800
pgvector,10,insert_emb,-,527,0,0.050842500
pgvector,10,generar_emb,-,528,0,0.043392800
pgvector,10,insert_emb,-,528,0,0.052464900
pgvector,10,generar_emb,-,529,0,0.045689200
pgvector,10,insert_emb,-,529,0,0.051016800
pgvector,10,generar_emb,-,530,0,0.039352300
pgvector,10,insert_emb,-,530,0,0.052470100
pgvector,10,generar_emb,-,531,0,0.043838900
pgvector,10,insert_emb,-,531,0,0.051556800
pgvector,10,generar_emb,-,532,0,0.048796300
pgvector,10,insert_emb,-,532,0,0.051322900
pgvector,10,generar_emb,-,533,0,0.038790400
pgvector,10,insert_emb,-,533,0,0.053077100
pgvector,10,generar_emb,-,534,0,0.051262500
pgvector,10,insert_emb,-,534,0,0.052767200
pgvector,10,generar_emb,-,535,0,0.066089300
pgvector,10,insert_emb,-,535,0,0.053975100
pgvector,10,generar_emb,-,536,0,0.081517900
pgvector,10,insert_emb,-,536,0,0.050674200
pgvector,10,generar_emb,-,537,0,0.048916500
pgvector,10,insert_emb,-,537,0,0.050380000
pgvector,10,generar_emb,-,538,0,0.046835000
pgvector,10,insert_emb,-,538,0,0.049436800
pgvector,10,generar_emb,-,539,0,0.059587000
pgvector,10,insert_emb,-,539,0,0.052541600
pgvector,10,generar_emb,-,540,0,0.047351400
pgvector,10,insert_emb,-,540,0,0.052930800
pgvector,10,generar_emb,-,541,0,0.048762700
pgvector,10,insert_emb,-,541,0,0.050719200
pgvector,10,generar_emb,-,542,0,0.077143400
pgvector,10,insert_emb,-,542,0,0.051028700
pgvector,10,generar_emb,-,543,0,0.060236300
pgvector,10,insert_emb,-,543,0,0.051496900
pgvector,10,generar_emb,-,544,0,0.047239900
pgvector,10,insert_emb,-,544,0,0.052711200
pgvector,10,generar_emb,-,545,0,0.057248300
pgvector,10,insert_emb,-,545,0,0.050414900
pgvector,10,generar_emb,-,546,0,0.055585900
pgvector,10,insert_emb,-,546,0,0.052784600
pgvector,10,generar_emb,-,547,0,0.049483300
pgvector,10,insert_emb,-,547,0,0.050498300
pgvector,10,generar_emb,-,548,0,0.042352900
pgvector,10,insert_emb,-,548,0,0.054070700
pgvector,10,generar_emb,-,549,0,0.037363400
pgvector,10,insert_emb,-,549,0,0.050179300
pgvector,10,generar_emb,-,550,0,0.040852100
pgvector,10,insert_emb,-,550,0,0.051162600
pgvector,10,generar_emb,-,551,0,0.084590200
pgvector,10,insert_emb,-,551,0,0.051550900
pgvector,10,generar_emb,-,552,0,0.066551700
pgvector,10,insert_emb,-,552,0,0.053588100
pgvector,10,generar_emb,-,553,0,0.051189100
pgvector,10,insert_emb,-,553,0,0.052249000
pgvector,10,generar_emb,-,554,0,0.042785800
pgvector,10,insert_emb,-,554,0,0.049447600
pgvector,10,generar_emb,-,555,0,0.059962800
pgvector,10,insert_emb,-,555,0,0.051901000
pgvector,10,generar_emb,-,556,0,0.065983800
pgvector,10,insert_emb,-,556,0,0.050419000
pgvector,10,generar_emb,-,557,0,0.071306300
pgvector,10,insert_emb,-,557,0,0.052503700
pgvector,10,generar_emb,-,558,0,0.053753200
pgvector,10,insert_emb,-,558,0,0.049725000
pgvector,10,generar_emb,-,559,0,0.033955100
pgvector,10,insert_emb,-,559,0,0.050410500
pgvector,10,generar_emb,-,560,0,0.053453300
pgvector,10,insert_emb,-,560,0,0.050468700
pgvector,10,generar_emb,-,561,0,0.061557100
pgvector,10,insert_emb,-,561,0,0.050374200
pgvector,10,generar_emb,-,562,0,0.038734000
pgvector,10,insert_emb,-,562,0,0.053313200
pgvector,10,generar_emb,-,563,0,0.031691200
pgvector,10,insert_emb,-,563,0,0.052563100
pgvector,10,generar_emb,-,564,0,0.049097200
pgvector,10,insert_emb,-,564,0,0.050303000
pgvector,10,generar_emb,-,565,0,0.040118500
pgvector,10,insert_emb,-,565,0,0.051814900
pgvector,10,generar_emb,-,566,0,0.042411200
pgvector,10,insert_emb,-,566,0,0.049969000
pgvector,10,generar_emb,-,567,0,0.037119800
pgvector,10,insert_emb,-,567,0,0.050412600
pgvector,10,generar_emb,-,568,0,0.046782200
pgvector,10,insert_emb,-,568,0,0.053242200
pgvector,10,generar_emb,-,569,0,0.044312900
pgvector,10,insert_emb,-,569,0,0.051839900
pgvector,10,generar_emb,-,570,0,0.072285400
pgvector,10,insert_emb,-,570,0,0.051618200
pgvector,10,generar_emb,-,571,0,0.049392800
pgvector,10,insert_emb,-,571,0,0.050448100
pgvector,10,generar_emb,-,572,0,0.044187600
pgvector,10,insert_emb,-,572,0,0.052107900
pgvector,10,generar_emb,-,573,0,0.044506400
pgvector,10,insert_emb,-,573,0,0.051747700
pgvector,10,generar_emb,-,574,0,0.038295000
pgvector,10,insert_emb,-,574,0,0.052766400
pgvector,10,generar_emb,-,575,0,0.047550900
pgvector,10,insert_emb,-,575,0,0.052700200
pgvector,10,generar_emb,-,576,0,0.039150200
pgvector,10,insert_emb,-,576,0,0.053485400
pgvector,10,generar_emb,-,577,0,0.101899300
pgvector,10,insert_emb,-,577,0,0.058500400
pgvector,10,generar_emb,-,578,0,0.040498300
pgvector,10,insert_emb,-,578,0,0.050899700
pgvector,10,generar_emb,-,579,0,0.048238300
pgvector,10,insert_emb,-,579,0,0.050993800
pgvector,10,generar_emb,-,580,0,0.044944200
pgvector,10,insert_emb,-,580,0,0.051723600
pgvector,10,generar_emb,-,581,0,0.060957700
pgvector,10,insert_emb,-,581,0,0.050989600
pgvector,10,generar_emb,-,582,0,0.039946500
pgvector,10,insert_emb,-,582,0,0.051379100
pgvector,10,generar_emb,-,583,0,0.052660300
pgvector,10,insert_emb,-,583,0,0.052075000
pgvector,10,generar_emb,-,584,0,0.057658100
pgvector,10,insert_emb,-,584,0,0.049363800
pgvector,10,generar_emb,-,585,0,0.061062500
pgvector,10,insert_emb,-,585,0,0.051229000
pgvector,10,generar_emb,-,586,0,0.052406400
pgvector,10,insert_emb,-,586,0,0.051791400
pgvector,10,generar_emb,-,587,0,0.044088100
pgvector,10,insert_emb,-,587,0,0.056960300
pgvector,10,generar_emb,-,588,0,0.052998300
pgvector,10,insert_emb,-,588,0,0.049927400
pgvector,10,generar_emb,-,589,0,0.057443000
pgvector,10,insert_emb,-,589,0,0.050281000
pgvector,10,generar_emb,-,590,0,0.041596500
pgvector,10,insert_emb,-,590,0,0.050315500
pgvector,10,generar_emb,-,591,0,0.053537700
pgvector,10,insert_emb,-,591,0,0.050843400
pgvector,10,generar_emb,-,592,0,0.056101300
pgvector,10,insert_emb,-,592,0,0.051833400
pgvector,10,generar_emb,-,593,0,0.036701200
pgvector,10,insert_emb,-,593,0,0.051356300
pgvector,10,generar_emb,-,594,0,0.048751300
pgvector,10,insert_emb,-,594,0,0.050811000
pgvector,10,generar_emb,-,595,0,0.057430900
pgvector,10,insert_emb,-,595,0,0.050904600
pgvector,10,generar_emb,-,596,0,0.070025100
pgvector,10,insert_emb,-,596,0,0.049772600
pgvector,10,generar_emb,-,597,0,0.059961800
pgvector,10,insert_emb,-,597,0,0.052161700
pgvector,10,generar_emb,-,598,0,0.055650900
pgvector,10,insert_emb,-,598,0,0.052257200
pgvector,10,generar_emb,-,599,0,0.056799700
pgvector,10,insert_emb,-,599,0,0.051022400
pgvector,10,generar_emb,-,600,0,0.060167200
pgvector,10,insert_emb,-,600,0,0.051903600
pgvector,10,generar_emb,-,601,0,0.040028000
pgvector,10,insert_emb,-,601,0,0.052458300
pgvector,10,generar_emb,-,602,0,0.058100900
pgvector,10,insert_emb,-,602,0,0.053734800
pgvector,10,generar_emb,-,603,0,0.042205200
pgvector,10,insert_emb,-,603,0,0.049247500
pgvector,10,generar_emb,-,604,0,0.053808400
pgvector,10,insert_emb,-,604,0,0.050545400
pgvector,10,generar_emb,-,605,0,0.053024900
pgvector,10,insert_emb,-,605,0,0.051034500
pgvector,10,generar_emb,-,606,0,0.041440200
pgvector,10,insert_emb,-,606,0,0.050370700
pgvector,10,generar_emb,-,607,0,0.044668000
pgvector,10,insert_emb,-,607,0,0.051004800
pgvector,10,generar_emb,-,608,0,0.039118900
pgvector,10,insert_emb,-,608,0,0.053144000
pgvector,10,generar_emb,-,609,0,0.055422500
pgvector,10,insert_emb,-,609,0,0.052422200
pgvector,10,generar_emb,-,610,0,0.045227800
pgvector,10,insert_emb,-,610,0,0.050988000
pgvector,10,generar_emb,-,611,0,0.042783600
pgvector,10,insert_emb,-,611,0,0.053166800
pgvector,10,generar_emb,-,612,0,0.046728300
pgvector,10,insert_emb,-,612,0,0.052595500
pgvector,10,generar_emb,-,613,0,0.045376200
pgvector,10,insert_emb,-,613,0,0.051281200
pgvector,10,generar_emb,-,614,0,0.049161100
pgvector,10,insert_emb,-,614,0,0.050633100
pgvector,10,generar_emb,-,615,0,0.057780800
pgvector,10,insert_emb,-,615,0,0.054094200
pgvector,10,generar_emb,-,616,0,0.035373600
pgvector,10,insert_emb,-,616,0,0.052820800
pgvector,10,generar_emb,-,617,0,0.039877300
pgvector,10,insert_emb,-,617,0,0.052114700
pgvector,10,generar_emb,-,618,0,0.054211500
pgvector,10,insert_emb,-,618,0,0.049794100
pgvector,10,generar_emb,-,619,0,0.029007300
pgvector,10,insert_emb,-,619,0,0.050784400
pgvector,10,generar_emb,-,620,0,0.035228600
pgvector,10,insert_emb,-,620,0,0.052657000
pgvector,10,generar_emb,-,621,0,0.044323500
pgvector,10,insert_emb,-,621,0,0.051713400
pgvector,10,generar_emb,-,622,0,0.051386100
pgvector,10,insert_emb,-,622,0,0.052979000
pgvector,10,generar_emb,-,623,0,0.047393100
pgvector,10,insert_emb,-,623,0,0.052328100
pgvector,10,generar_emb,-,624,0,0.035844500
pgvector,10,insert_emb,-,624,0,0.052010200
pgvector,10,generar_emb,-,625,0,0.058137500
pgvector,10,insert_emb,-,625,0,0.050241600
pgvector,10,generar_emb,-,626,0,0.043090700
pgvector,10,insert_emb,-,626,0,0.052580400
pgvector,10,generar_emb,-,627,0,0.041233400
pgvector,10,insert_emb,-,627,0,0.050463800
pgvector,10,generar_emb,-,628,0,0.039189400
pgvector,10,insert_emb,-,628,0,0.052886100
pgvector,10,generar_emb,-,629,0,0.051394900
pgvector,10,insert_emb,-,629,0,0.052429400
pgvector,10,generar_emb,-,630,0,0.048640500
pgvector,10,insert_emb,-,630,0,0.051779000
pgvector,10,generar_emb,-,631,0,0.038630200
pgvector,10,insert_emb,-,631,0,0.053650600
pgvector,10,generar_emb,-,632,0,0.038140900
pgvector,10,insert_emb,-,632,0,0.049512600
pgvector,10,generar_emb,-,633,0,0.037923100
pgvector,10,insert_emb,-,633,0,0.053782500
pgvector,10,generar_emb,-,634,0,0.038812700
pgvector,10,insert_emb,-,634,0,0.053552600
pgvector,10,generar_emb,-,635,0,0.044726900
pgvector,10,insert_emb,-,635,0,0.050481300
pgvector,10,generar_emb,-,636,0,0.037168200
pgvector,10,insert_emb,-,636,0,0.051740600
pgvector,10,generar_emb,-,637,0,0.044074900
pgvector,10,insert_emb,-,637,0,0.051502200
pgvector,10,generar_emb,-,638,0,0.041405700
pgvector,10,insert_emb,-,638,0,0.054886900
pgvector,10,generar_emb,-,639,0,0.039739100
pgvector,10,insert_emb,-,639,0,0.051727600
pgvector,10,generar_emb,-,640,0,0.042851300
pgvector,10,insert_emb,-,640,0,0.053204800
pgvector,10,generar_emb,-,641,0,0.040209100
pgvector,10,insert_emb,-,641,0,0.051260700
pgvector,10,generar_emb,-,642,0,0.041478000
pgvector,10,insert_emb,-,642,0,0.050738600
pgvector,10,generar_emb,-,643,0,0.047280100
pgvector,10,insert_emb,-,643,0,0.052704600
pgvector,10,generar_emb,-,644,0,0.050855100
pgvector,10,insert_emb,-,644,0,0.049315600
pgvector,10,generar_emb,-,645,0,0.055059300
pgvector,10,insert_emb,-,645,0,0.052691300
pgvector,10,generar_emb,-,646,0,0.044275900
pgvector,10,insert_emb,-,646,0,0.052092800
pgvector,10,generar_emb,-,647,0,0.058274900
pgvector,10,insert_emb,-,647,0,0.049384400
pgvector,10,generar_emb,-,648,0,0.045440500
pgvector,10,insert_emb,-,648,0,0.050777600
pgvector,10,generar_emb,-,649,0,0.049614900
pgvector,10,insert_emb,-,649,0,0.054141600
pgvector,10,generar_emb,-,650,0,0.080863200
pgvector,10,insert_emb,-,650,0,0.051154300
pgvector,10,generar_emb,-,651,0,0.038809000
pgvector,10,insert_emb,-,651,0,0.049431900
pgvector,10,generar_emb,-,652,0,0.049951600
pgvector,10,insert_emb,-,652,0,0.049272100
pgvector,10,generar_emb,-,653,0,0.047772000
pgvector,10,insert_emb,-,653,0,0.052841100
pgvector,10,generar_emb,-,654,0,0.047735300
pgvector,10,insert_emb,-,654,0,0.052083200
pgvector,10,generar_emb,-,655,0,0.064186600
pgvector,10,insert_emb,-,655,0,0.052214700
pgvector,10,generar_emb,-,656,0,0.041086000
pgvector,10,insert_emb,-,656,0,0.050601300
pgvector,10,generar_emb,-,657,0,0.036639200
pgvector,10,insert_emb,-,657,0,0.051370900
pgvector,10,generar_emb,-,658,0,0.037598700
pgvector,10,insert_emb,-,658,0,0.049946400
pgvector,10,generar_emb,-,659,0,0.057069100
pgvector,10,insert_emb,-,659,0,0.050924500
pgvector,10,generar_emb,-,660,0,0.036964500
pgvector,10,insert_emb,-,660,0,0.051269400
pgvector,10,generar_emb,-,661,0,0.057115100
pgvector,10,insert_emb,-,661,0,0.051147100
pgvector,10,generar_emb,-,662,0,0.039725200
pgvector,10,insert_emb,-,662,0,0.052251100
pgvector,10,generar_emb,-,663,0,0.046647200
pgvector,10,insert_emb,-,663,0,0.053146700
pgvector,10,generar_emb,-,664,0,0.039814700
pgvector,10,insert_emb,-,664,0,0.051868300
pgvector,10,generar_emb,-,665,0,0.035020700
pgvector,10,insert_emb,-,665,0,0.053123000
pgvector,10,generar_emb,-,666,0,0.045551600
pgvector,10,insert_emb,-,666,0,0.050901300
pgvector,10,generar_emb,-,667,0,0.066107900
pgvector,10,insert_emb,-,667,0,0.053366800
pgvector,10,generar_emb,-,668,0,0.049930700
pgvector,10,insert_emb,-,668,0,0.050606700
pgvector,10,generar_emb,-,669,0,0.067721600
pgvector,10,insert_emb,-,669,0,0.052078900
pgvector,10,generar_emb,-,670,0,0.043313300
pgvector,10,insert_emb,-,670,0,0.052573600
pgvector,10,generar_emb,-,671,0,0.055945500
pgvector,10,insert_emb,-,671,0,0.051723200
pgvector,10,generar_emb,-,672,0,0.042624200
pgvector,10,insert_emb,-,672,0,0.049481700
pgvector,10,generar_emb,-,673,0,0.038227400
pgvector,10,insert_emb,-,673,0,0.050001800
pgvector,10,generar_emb,-,674,0,0.033768000
pgvector,10,insert_emb,-,674,0,0.049659000
pgvector,10,generar_emb,-,675,0,0.065716100
pgvector,10,insert_emb,-,675,0,0.050524000
pgvector,10,generar_emb,-,676,0,0.057363600
pgvector,10,insert_emb,-,676,0,0.051765300
pgvector,10,generar_emb,-,677,0,0.089913700
pgvector,10,insert_emb,-,677,0,0.054983100
pgvector,10,generar_emb,-,678,0,0.063742100
pgvector,10,insert_emb,-,678,0,0.049463500
pgvector,10,generar_emb,-,679,0,0.046042100
pgvector,10,insert_emb,-,679,0,0.050506200
pgvector,10,generar_emb,-,680,0,0.064418600
pgvector,10,insert_emb,-,680,0,0.052011500
pgvector,10,generar_emb,-,681,0,0.054544300
pgvector,10,insert_emb,-,681,0,0.053299400
pgvector,10,generar_emb,-,682,0,0.048155900
pgvector,10,insert_emb,-,682,0,0.051726700
pgvector,10,generar_emb,-,683,0,0.082513100
pgvector,10,insert_emb,-,683,0,0.053152300
pgvector,10,generar_emb,-,684,0,0.053914400
pgvector,10,insert_emb,-,684,0,0.049952300
pgvector,10,generar_emb,-,685,0,0.049834100
pgvector,10,insert_emb,-,685,0,0.049573600
pgvector,10,generar_emb,-,686,0,0.035706500
pgvector,10,insert_emb,-,686,0,0.053058800
pgvector,10,generar_emb,-,687,0,0.037480300
pgvector,10,insert_emb,-,687,0,0.050920100
pgvector,10,generar_emb,-,688,0,0.040773900
pgvector,10,insert_emb,-,688,0,0.050481700
pgvector,10,generar_emb,-,689,0,0.046819000
pgvector,10,insert_emb,-,689,0,0.049428500
pgvector,10,generar_emb,-,690,0,0.053094700
pgvector,10,insert_emb,-,690,0,0.050526700
pgvector,10,generar_emb,-,691,0,0.040781100
pgvector,10,insert_emb,-,691,0,0.051952100
pgvector,10,generar_emb,-,692,0,0.046560000
pgvector,10,insert_emb,-,692,0,0.053518500
pgvector,10,generar_emb,-,693,0,0.033490600
pgvector,10,insert_emb,-,693,0,0.049967000
pgvector,10,generar_emb,-,694,0,0.039361100
pgvector,10,insert_emb,-,694,0,0.052258200
pgvector,10,generar_emb,-,695,0,0.030921600
pgvector,10,insert_emb,-,695,0,0.049629700
pgvector,10,generar_emb,-,696,0,0.030956900
pgvector,10,insert_emb,-,696,0,0.052689500
pgvector,10,generar_emb,-,697,0,0.060100100
pgvector,10,insert_emb,-,697,0,0.052337800
pgvector,10,generar_emb,-,698,0,0.091034700
pgvector,10,insert_emb,-,698,0,0.052369100
pgvector,10,generar_emb,-,699,0,0.054289900
pgvector,10,insert_emb,-,699,0,0.049866500
pgvector,10,generar_emb,-,700,0,0.046406400
pgvector,10,insert_emb,-,700,0,0.049497900
pgvector,10,generar_emb,-,701,0,0.080784900
pgvector,10,insert_emb,-,701,0,0.051450800
pgvector,10,generar_emb,-,702,0,0.047728500
pgvector,10,insert_emb,-,702,0,0.052480600
pgvector,10,generar_emb,-,703,0,0.053972800
pgvector,10,insert_emb,-,703,0,0.049517700
pgvector,10,generar_emb,-,704,0,0.043076900
pgvector,10,insert_emb,-,704,0,0.052962000
pgvector,10,generar_emb,-,705,0,0.050498400
pgvector,10,insert_emb,-,705,0,0.053701800
pgvector,10,generar_emb,-,706,0,0.043268600
pgvector,10,insert_emb,-,706,0,0.052501300
pgvector,10,generar_emb,-,707,0,0.052031100
pgvector,10,insert_emb,-,707,0,0.051879200
pgvector,10,generar_emb,-,708,0,0.050868900
pgvector,10,insert_emb,-,708,0,0.053159100
pgvector,10,generar_emb,-,709,0,0.043105500
pgvector,10,insert_emb,-,709,0,0.053044600
pgvector,10,generar_emb,-,710,0,0.037300700
pgvector,10,insert_emb,-,710,0,0.050481000
pgvector,10,generar_emb,-,711,0,0.030359200
pgvector,10,insert_emb,-,711,0,0.050168100
pgvector,10,generar_emb,-,712,0,0.037542200
pgvector,10,insert_emb,-,712,0,0.049881400
pgvector,10,generar_emb,-,713,0,0.040906800
pgvector,10,insert_emb,-,713,0,0.050754400
pgvector,10,generar_emb,-,714,0,0.035390300
pgvector,10,insert_emb,-,714,0,0.052713000
pgvector,10,generar_emb,-,715,0,0.034476200
pgvector,10,insert_emb,-,715,0,0.049439600
pgvector,10,generar_emb,-,716,0,0.050952200
pgvector,10,insert_emb,-,716,0,0.053208200
pgvector,10,generar_emb,-,717,0,0.049648700
pgvector,10,insert_emb,-,717,0,0.050819400
pgvector,10,generar_emb,-,718,0,0.062123300
pgvector,10,insert_emb,-,718,0,0.053253500
pgvector,10,generar_emb,-,719,0,0.053076200
pgvector,10,insert_emb,-,719,0,0.051037800
pgvector,10,generar_emb,-,720,0,0.047163100
pgvector,10,insert_emb,-,720,0,0.052833100
pgvector,10,generar_emb,-,721,0,0.039785000
pgvector,10,insert_emb,-,721,0,0.052086200
pgvector,10,generar_emb,-,722,0,0.035049100
pgvector,10,insert_emb,-,722,0,0.053012000
pgvector,10,generar_emb,-,723,0,0.061251300
pgvector,10,insert_emb,-,723,0,0.050560700
pgvector,10,generar_emb,-,724,0,0.044772900
pgvector,10,insert_emb,-,724,0,0.051228900
pgvector,10,generar_emb,-,725,0,0.055974700
pgvector,10,insert_emb,-,725,0,0.052043000
pgvector,10,generar_emb,-,726,0,0.043224400
pgvector,10,insert_emb,-,726,0,0.052576300
pgvector,10,generar_emb,-,727,0,0.031777000
pgvector,10,insert_emb,-,727,0,0.052484100
pgvector,10,generar_emb,-,728,0,0.038609300
pgvector,10,insert_emb,-,728,0,0.049042900
pgvector,10,generar_emb,-,729,0,0.039263000
pgvector,10,insert_emb,-,729,0,0.052956300
pgvector,10,generar_emb,-,730,0,0.041450200
pgvector,10,insert_emb,-,730,0,0.050588200
pgvector,10,generar_emb,-,731,0,0.043050500
pgvector,10,insert_emb,-,731,0,0.053157300
pgvector,10,generar_emb,-,732,0,0.038054900
pgvector,10,insert_emb,-,732,0,0.053627200
pgvector,10,generar_emb,-,733,0,0.051027800
pgvector,10,insert_emb,-,733,0,0.052617800
pgvector,10,generar_emb,-,734,0,0.067204700
pgvector,10,insert_emb,-,734,0,0.054105700
pgvector,10,generar_emb,-,735,0,0.041050300
pgvector,10,insert_emb,-,735,0,0.049984600
pgvector,10,generar_emb,-,736,0,0.041237800
pgvector,10,insert_emb,-,736,0,0.051140900
pgvector,10,generar_emb,-,737,0,0.062415600
pgvector,10,insert_emb,-,737,0,0.053323100
pgvector,10,generar_emb,-,738,0,0.055182700
pgvector,10,insert_emb,-,738,0,0.052012500
pgvector,10,generar_emb,-,739,0,0.051593700
pgvector,10,insert_emb,-,739,0,0.053023800
pgvector,10,generar_emb,-,740,0,0.055406000
pgvector,10,insert_emb,-,740,0,0.052497700
pgvector,10,generar_emb,-,741,0,0.062040900
pgvector,10,insert_emb,-,741,0,0.050094700
pgvector,10,generar_emb,-,742,0,0.081906700
pgvector,10,insert_emb,-,742,0,0.050135500
pgvector,10,generar_emb,-,743,0,0.061716800
pgvector,10,insert_emb,-,743,0,0.049958300
pgvector,10,generar_emb,-,744,0,0.050143700
pgvector,10,insert_emb,-,744,0,0.054173000
pgvector,10,generar_emb,-,745,0,0.069269500
pgvector,10,insert_emb,-,745,0,0.050578000
pgvector,10,generar_emb,-,746,0,0.040932300
pgvector,10,insert_emb,-,746,0,0.050869200
pgvector,10,generar_emb,-,747,0,0.042994900
pgvector,10,insert_emb,-,747,0,0.053438700
pgvector,10,generar_emb,-,748,0,0.046278400
pgvector,10,insert_emb,-,748,0,0.052623500
pgvector,10,generar_emb,-,749,0,0.063501900
pgvector,10,insert_emb,-,749,0,0.052784300
pgvector,10,generar_emb,-,750,0,0.054722600
pgvector,10,insert_emb,-,750,0,0.049984900
pgvector,10,generar_emb,-,751,0,0.034472100
pgvector,10,insert_emb,-,751,0,0.053128100
pgvector,10,generar_emb,-,752,0,0.076200600
pgvector,10,insert_emb,-,752,0,0.051654700
pgvector,10,generar_emb,-,753,0,0.049302700
pgvector,10,insert_emb,-,753,0,0.050368300
pgvector,10,generar_emb,-,754,0,0.053061000
pgvector,10,insert_emb,-,754,0,0.050926000
pgvector,10,generar_emb,-,755,0,0.044872700
pgvector,10,insert_emb,-,755,0,0.052163400
pgvector,10,generar_emb,-,756,0,0.079967300
pgvector,10,insert_emb,-,756,0,0.052043000
pgvector,10,generar_emb,-,757,0,0.067667600
pgvector,10,insert_emb,-,757,0,0.052048800
pgvector,10,generar_emb,-,758,0,0.042519600
pgvector,10,insert_emb,-,758,0,0.053520300
pgvector,10,generar_emb,-,759,0,0.057821600
pgvector,10,insert_emb,-,759,0,0.054852300
pgvector,10,generar_emb,-,760,0,0.040023100
pgvector,10,insert_emb,-,760,0,0.050744200
pgvector,10,generar_emb,-,761,0,0.033720100
pgvector,10,insert_emb,-,761,0,0.050263200
pgvector,10,generar_emb,-,762,0,0.035528600
pgvector,10,insert_emb,-,762,0,0.052418200
pgvector,10,generar_emb,-,763,0,0.038166800
pgvector,10,insert_emb,-,763,0,0.049517900
pgvector,10,generar_emb,-,764,0,0.033512900
pgvector,10,insert_emb,-,764,0,0.050077600
pgvector,10,generar_emb,-,765,0,0.030170000
pgvector,10,insert_emb,-,765,0,0.050563700
pgvector,10,generar_emb,-,766,0,0.035699600
pgvector,10,insert_emb,-,766,0,0.051739300
pgvector,10,generar_emb,-,767,0,0.044372500
pgvector,10,insert_emb,-,767,0,0.052036200
pgvector,10,generar_emb,-,768,0,0.036418700
pgvector,10,insert_emb,-,768,0,0.051451900
pgvector,10,generar_emb,-,769,0,0.036633900
pgvector,10,insert_emb,-,769,0,0.051290100
pgvector,10,generar_emb,-,770,0,0.034873700
pgvector,10,insert_emb,-,770,0,0.053232100
pgvector,10,generar_emb,-,771,0,0.061582400
pgvector,10,insert_emb,-,771,0,0.053922200
pgvector,10,generar_emb,-,772,0,0.067661500
pgvector,10,insert_emb,-,772,0,0.052832200
pgvector,10,generar_emb,-,773,0,0.056416500
pgvector,10,insert_emb,-,773,0,0.051144900
pgvector,10,generar_emb,-,774,0,0.046550900
pgvector,10,insert_emb,-,774,0,0.049608500
pgvector,10,generar_emb,-,775,0,0.075719100
pgvector,10,insert_emb,-,775,0,0.053364000
pgvector,10,generar_emb,-,776,0,0.075037600
pgvector,10,insert_emb,-,776,0,0.063212400
pgvector,10,generar_emb,-,777,0,0.043696200
pgvector,10,insert_emb,-,777,0,0.053181600
pgvector,10,generar_emb,-,778,0,0.053209200
pgvector,10,insert_emb,-,778,0,0.051152500
pgvector,10,generar_emb,-,779,0,0.042578700
pgvector,10,insert_emb,-,779,0,0.052864600
pgvector,10,generar_emb,-,780,0,0.046218500
pgvector,10,insert_emb,-,780,0,0.054044200
pgvector,10,generar_emb,-,781,0,0.045487600
pgvector,10,insert_emb,-,781,0,0.050474700
pgvector,10,generar_emb,-,782,0,0.048663100
pgvector,10,insert_emb,-,782,0,0.051314500
pgvector,10,generar_emb,-,783,0,0.044726100
pgvector,10,insert_emb,-,783,0,0.051358000
pgvector,10,generar_emb,-,784,0,0.039909500
pgvector,10,insert_emb,-,784,0,0.051508900
pgvector,10,generar_emb,-,785,0,0.048700200
pgvector,10,insert_emb,-,785,0,0.051387800
pgvector,10,generar_emb,-,786,0,0.041204600
pgvector,10,insert_emb,-,786,0,0.050694700
pgvector,10,generar_emb,-,787,0,0.051026100
pgvector,10,insert_emb,-,787,0,0.052839000
pgvector,10,generar_emb,-,788,0,0.046491200
pgvector,10,insert_emb,-,788,0,0.049563300
pgvector,10,generar_emb,-,789,0,0.047147000
pgvector,10,insert_emb,-,789,0,0.052847400
pgvector,10,generar_emb,-,790,0,0.048174800
pgvector,10,insert_emb,-,790,0,0.055762600
pgvector,10,generar_emb,-,791,0,0.038570800
pgvector,10,insert_emb,-,791,0,0.049266200
pgvector,10,generar_emb,-,792,0,0.046369400
pgvector,10,insert_emb,-,792,0,0.049847200
pgvector,10,generar_emb,-,793,0,0.064712800
pgvector,10,insert_emb,-,793,0,0.051323100
pgvector,10,generar_emb,-,794,0,0.035225200
pgvector,10,insert_emb,-,794,0,0.052653000
pgvector,10,generar_emb,-,795,0,0.068351700
pgvector,10,insert_emb,-,795,0,0.052583100
pgvector,10,generar_emb,-,796,0,0.068822900
pgvector,10,insert_emb,-,796,0,0.051011100
pgvector,10,generar_emb,-,797,0,0.070617300
pgvector,10,insert_emb,-,797,0,0.052449100
pgvector,10,generar_emb,-,798,0,0.051729600
pgvector,10,insert_emb,-,798,0,0.052266000
pgvector,10,generar_emb,-,799,0,0.037077900
pgvector,10,insert_emb,-,799,0,0.051156200
pgvector,10,generar_emb,-,800,0,0.047914100
pgvector,10,insert_emb,-,800,0,0.051474800
pgvector,10,generar_emb,-,801,0,0.042475300
pgvector,10,insert_emb,-,801,0,0.049826200
pgvector,10,generar_emb,-,802,0,0.037208900
pgvector,10,insert_emb,-,802,0,0.050933800
pgvector,10,generar_emb,-,803,0,0.051148500
pgvector,10,insert_emb,-,803,0,0.052763400
pgvector,10,generar_emb,-,804,0,0.042830100
pgvector,10,insert_emb,-,804,0,0.053171500
pgvector,10,generar_emb,-,805,0,0.042051100
pgvector,10,insert_emb,-,805,0,0.049590700
pgvector,10,generar_emb,-,806,0,0.050667700
pgvector,10,insert_emb,-,806,0,0.053430400
pgvector,10,generar_emb,-,807,0,0.045113200
pgvector,10,insert_emb,-,807,0,0.051110300
pgvector,10,generar_emb,-,808,0,0.043537100
pgvector,10,insert_emb,-,808,0,0.052839700
pgvector,10,generar_emb,-,809,0,0.044414100
pgvector,10,insert_emb,-,809,0,0.051382700
pgvector,10,generar_emb,-,810,0,0.043969200
pgvector,10,insert_emb,-,810,0,0.051442500
pgvector,10,generar_emb,-,811,0,0.064112400
pgvector,10,insert_emb,-,811,0,0.052268400
pgvector,10,generar_emb,-,812,0,0.040511200
pgvector,10,insert_emb,-,812,0,0.051095700
pgvector,10,generar_emb,-,813,0,0.042159800
pgvector,10,insert_emb,-,813,0,0.049685300
pgvector,10,generar_emb,-,814,0,0.042052600
pgvector,10,insert_emb,-,814,0,0.050442400
pgvector,10,generar_emb,-,815,0,0.033750200
pgvector,10,insert_emb,-,815,0,0.050188500
pgvector,10,generar_emb,-,816,0,0.040559400
pgvector,10,insert_emb,-,816,0,0.051052000
pgvector,10,generar_emb,-,817,0,0.037820200
pgvector,10,insert_emb,-,817,0,0.050263500
pgvector,10,generar_emb,-,818,0,0.047338900
pgvector,10,insert_emb,-,818,0,0.052322600
pgvector,10,generar_emb,-,819,0,0.057314800
pgvector,10,insert_emb,-,819,0,0.050689800
pgvector,10,generar_emb,-,820,0,0.046731800
pgvector,10,insert_emb,-,820,0,0.049466800
pgvector,10,generar_emb,-,821,0,0.056342100
pgvector,10,insert_emb,-,821,0,0.051702100
pgvector,10,generar_emb,-,822,0,0.041554400
pgvector,10,insert_emb,-,822,0,0.050261500
pgvector,10,generar_emb,-,823,0,0.052281800
pgvector,10,insert_emb,-,823,0,0.051812100
pgvector,10,generar_emb,-,824,0,0.045313000
pgvector,10,insert_emb,-,824,0,0.050770000
pgvector,10,generar_emb,-,825,0,0.042909500
pgvector,10,insert_emb,-,825,0,0.053009600
pgvector,10,generar_emb,-,826,0,0.044615500
pgvector,10,insert_emb,-,826,0,0.116738600
pgvector,10,generar_emb,-,827,0,0.029681600
pgvector,10,insert_emb,-,827,0,0.052795700
pgvector,10,generar_emb,-,828,0,0.058138500
pgvector,10,insert_emb,-,828,0,0.053938700
pgvector,10,generar_emb,-,829,0,0.039046800
pgvector,10,insert_emb,-,829,0,0.052819500
pgvector,10,generar_emb,-,830,0,0.036722000
pgvector,10,insert_emb,-,830,0,0.051883900
pgvector,10,generar_emb,-,831,0,0.040745100
pgvector,10,insert_emb,-,831,0,0.050329300
pgvector,10,generar_emb,-,832,0,0.041943600
pgvector,10,insert_emb,-,832,0,0.050554000
pgvector,10,generar_emb,-,833,0,0.039237800
pgvector,10,insert_emb,-,833,0,0.052590000
pgvector,10,generar_emb,-,834,0,0.055108100
pgvector,10,insert_emb,-,834,0,0.052880900
pgvector,10,generar_emb,-,835,0,0.041156300
pgvector,10,insert_emb,-,835,0,0.050846600
pgvector,10,generar_emb,-,836,0,0.054219900
pgvector,10,insert_emb,-,836,0,0.049224300
pgvector,10,generar_emb,-,837,0,0.048576300
pgvector,10,insert_emb,-,837,0,0.051631300
pgvector,10,generar_emb,-,838,0,0.050177500
pgvector,10,insert_emb,-,838,0,0.049774100
pgvector,10,generar_emb,-,839,0,0.043727000
pgvector,10,insert_emb,-,839,0,0.052739000
pgvector,10,generar_emb,-,840,0,0.051897100
pgvector,10,insert_emb,-,840,0,0.052561800
pgvector,10,generar_emb,-,841,0,0.059013500
pgvector,10,insert_emb,-,841,0,0.052563000
pgvector,10,generar_emb,-,842,0,0.072247400
pgvector,10,insert_emb,-,842,0,0.052427300
pgvector,10,generar_emb,-,843,0,0.054933800
pgvector,10,insert_emb,-,843,0,0.052295900
pgvector,10,generar_emb,-,844,0,0.057698300
pgvector,10,insert_emb,-,844,0,0.050087600
pgvector,10,generar_emb,-,845,0,0.063596100
pgvector,10,insert_emb,-,845,0,0.052668800
pgvector,10,generar_emb,-,846,0,0.087395100
pgvector,10,insert_emb,-,846,0,0.052845900
pgvector,10,generar_emb,-,847,0,0.084701400
pgvector,10,insert_emb,-,847,0,0.051232400
pgvector,10,generar_emb,-,848,0,0.066485200
pgvector,10,insert_emb,-,848,0,0.052764200
pgvector,10,generar_emb,-,849,0,0.046527000
pgvector,10,insert_emb,-,849,0,0.053669500
pgvector,10,generar_emb,-,850,0,0.046406200
pgvector,10,insert_emb,-,850,0,0.054040300
pgvector,10,generar_emb,-,851,0,0.059707500
pgvector,10,insert_emb,-,851,0,0.051611600
pgvector,10,generar_emb,-,852,0,0.058380500
pgvector,10,insert_emb,-,852,0,0.049814800
pgvector,10,generar_emb,-,853,0,0.039533900
pgvector,10,insert_emb,-,853,0,0.052226800
pgvector,10,generar_emb,-,854,0,0.035202200
pgvector,10,insert_emb,-,854,0,0.052984400
pgvector,10,generar_emb,-,855,0,0.042586300
pgvector,10,insert_emb,-,855,0,0.052866300
pgvector,10,generar_emb,-,856,0,0.049022300
pgvector,10,insert_emb,-,856,0,0.050884500
pgvector,10,generar_emb,-,857,0,0.042151300
pgvector,10,insert_emb,-,857,0,0.050351700
pgvector,10,generar_emb,-,858,0,0.046238000
pgvector,10,insert_emb,-,858,0,0.050246400
pgvector,10,generar_emb,-,859,0,0.042298700
pgvector,10,insert_emb,-,859,0,0.052770500
pgvector,10,generar_emb,-,860,0,0.031648600
pgvector,10,insert_emb,-,860,0,0.052641800
pgvector,10,generar_emb,-,861,0,0.044197400
pgvector,10,insert_emb,-,861,0,0.051443800
pgvector,10,generar_emb,-,862,0,0.034141700
pgvector,10,insert_emb,-,862,0,0.050108800
pgvector,10,generar_emb,-,863,0,0.046172200
pgvector,10,insert_emb,-,863,0,0.049545000
pgvector,10,generar_emb,-,864,0,0.048588800
pgvector,10,insert_emb,-,864,0,0.051543900
pgvector,10,generar_emb,-,865,0,0.035816700
pgvector,10,insert_emb,-,865,0,0.052318300
pgvector,10,generar_emb,-,866,0,0.040104200
pgvector,10,insert_emb,-,866,0,0.051396100
pgvector,10,generar_emb,-,867,0,0.039402700
pgvector,10,insert_emb,-,867,0,0.052910100
pgvector,10,generar_emb,-,868,0,0.035695800
pgvector,10,insert_emb,-,868,0,0.052170100
pgvector,10,generar_emb,-,869,0,0.040182500
pgvector,10,insert_emb,-,869,0,0.051440900
pgvector,10,generar_emb,-,870,0,0.062862300
pgvector,10,insert_emb,-,870,0,0.049247800
pgvector,10,generar_emb,-,871,0,0.064542900
pgvector,10,insert_emb,-,871,0,0.051539400
pgvector,10,generar_emb,-,872,0,0.042611400
pgvector,10,insert_emb,-,872,0,0.049288600
pgvector,10,generar_emb,-,873,0,0.047064800
pgvector,10,insert_emb,-,873,0,0.053200100
pgvector,10,generar_emb,-,874,0,0.033383000
pgvector,10,insert_emb,-,874,0,0.050663400
pgvector,10,generar_emb,-,875,0,0.048969800
pgvector,10,insert_emb,-,875,0,0.052154300
pgvector,10,generar_emb,-,876,0,0.069408500
pgvector,10,insert_emb,-,876,0,0.054288200
pgvector,10,generar_emb,-,877,0,0.043870000
pgvector,10,insert_emb,-,877,0,0.051153000
pgvector,10,generar_emb,-,878,0,0.027379600
pgvector,10,insert_emb,-,878,0,0.052867600
pgvector,10,generar_emb,-,879,0,0.048506300
pgvector,10,insert_emb,-,879,0,0.051473800
pgvector,10,generar_emb,-,880,0,0.042514900
pgvector,10,insert_emb,-,880,0,0.052616600
pgvector,10,generar_emb,-,881,0,0.040297400
pgvector,10,insert_emb,-,881,0,0.052112000
pgvector,10,generar_emb,-,882,0,0.037642300
pgvector,10,insert_emb,-,882,0,0.050622500
pgvector,10,generar_emb,-,883,0,0.052108000
pgvector,10,insert_emb,-,883,0,0.052133500
pgvector,10,generar_emb,-,884,0,0.063010500
pgvector,10,insert_emb,-,884,0,0.052577700
pgvector,10,generar_emb,-,885,0,0.038715700
pgvector,10,insert_emb,-,885,0,0.049247800
pgvector,10,generar_emb,-,886,0,0.038493600
pgvector,10,insert_emb,-,886,0,0.048781400
pgvector,10,generar_emb,-,887,0,0.066169600
pgvector,10,insert_emb,-,887,0,0.050065200
pgvector,10,generar_emb,-,888,0,0.030353200
pgvector,10,insert_emb,-,888,0,0.049969600
pgvector,10,generar_emb,-,889,0,0.050990800
pgvector,10,insert_emb,-,889,0,0.052678200
pgvector,10,generar_emb,-,890,0,0.043013300
pgvector,10,insert_emb,-,890,0,0.049309200
pgvector,10,generar_emb,-,891,0,0.040474900
pgvector,10,insert_emb,-,891,0,0.051579600
pgvector,10,generar_emb,-,892,0,0.036337100
pgvector,10,insert_emb,-,892,0,0.051281800
pgvector,10,generar_emb,-,893,0,0.037541900
pgvector,10,insert_emb,-,893,0,0.050930800
pgvector,10,generar_emb,-,894,0,0.035765300
pgvector,10,insert_emb,-,894,0,0.051813400
pgvector,10,generar_emb,-,895,0,0.043296400
pgvector,10,insert_emb,-,895,0,0.052878100
pgvector,10,generar_emb,-,896,0,0.049619800
pgvector,10,insert_emb,-,896,0,0.050116200
pgvector,10,generar_emb,-,897,0,0.056995300
pgvector,10,insert_emb,-,897,0,0.055791800
pgvector,10,generar_emb,-,898,0,0.056481900
pgvector,10,insert_emb,-,898,0,0.050839800
pgvector,10,generar_emb,-,899,0,0.061063600
pgvector,10,insert_emb,-,899,0,0.050854600
pgvector,10,generar_emb,-,900,0,0.056537300
pgvector,10,insert_emb,-,900,0,0.051054700
pgvector,10,generar_emb,-,901,0,0.059031800
pgvector,10,insert_emb,-,901,0,0.053869700
pgvector,10,generar_emb,-,902,0,0.064428800
pgvector,10,insert_emb,-,902,0,0.051198800
pgvector,10,generar_emb,-,903,0,0.037526600
pgvector,10,insert_emb,-,903,0,0.050287600
pgvector,10,generar_emb,-,904,0,0.041538300
pgvector,10,insert_emb,-,904,0,0.050587900
pgvector,10,generar_emb,-,905,0,0.056378900
pgvector,10,insert_emb,-,905,0,0.051325800
pgvector,10,generar_emb,-,906,0,0.050806800
pgvector,10,insert_emb,-,906,0,0.053092500
pgvector,10,generar_emb,-,907,0,0.055812000
pgvector,10,insert_emb,-,907,0,0.052397300
pgvector,10,generar_emb,-,908,0,0.032895900
pgvector,10,insert_emb,-,908,0,0.051467000
pgvector,10,generar_emb,-,909,0,0.073735600
pgvector,10,insert_emb,-,909,0,0.050469300
pgvector,10,generar_emb,-,910,0,0.044578300
pgvector,10,insert_emb,-,910,0,0.050770700
pgvector,10,generar_emb,-,911,0,0.059161500
pgvector,10,insert_emb,-,911,0,0.052753800
pgvector,10,generar_emb,-,912,0,0.076222100
pgvector,10,insert_emb,-,912,0,0.052904000
pgvector,10,generar_emb,-,913,0,0.077840300
pgvector,10,insert_emb,-,913,0,0.053765200
pgvector,10,generar_emb,-,914,0,0.048549200
pgvector,10,insert_emb,-,914,0,0.050677500
pgvector,10,generar_emb,-,915,0,0.045015000
pgvector,10,insert_emb,-,915,0,0.050618700
pgvector,10,generar_emb,-,916,0,0.071276100
pgvector,10,insert_emb,-,916,0,0.053540100
pgvector,10,generar_emb,-,917,0,0.051726700
pgvector,10,insert_emb,-,917,0,0.051304600
pgvector,10,generar_emb,-,918,0,0.057558400
pgvector,10,insert_emb,-,918,0,0.050845400
pgvector,10,generar_emb,-,919,0,0.070589500
pgvector,10,insert_emb,-,919,0,0.053503300
pgvector,10,generar_emb,-,920,0,0.041271900
pgvector,10,insert_emb,-,920,0,0.050421500
pgvector,10,generar_emb,-,921,0,0.055720500
pgvector,10,insert_emb,-,921,0,0.052691400
pgvector,10,generar_emb,-,922,0,0.040779400
pgvector,10,insert_emb,-,922,0,0.050889200
pgvector,10,generar_emb,-,923,0,0.052908700
pgvector,10,insert_emb,-,923,0,0.050786000
pgvector,10,generar_emb,-,924,0,0.040120900
pgvector,10,insert_emb,-,924,0,0.052721800
pgvector,10,generar_emb,-,925,0,0.049637900
pgvector,10,insert_emb,-,925,0,0.049565000
pgvector,10,generar_emb,-,926,0,0.043398200
pgvector,10,insert_emb,-,926,0,0.052318400
pgvector,10,generar_emb,-,927,0,0.041744400
pgvector,10,insert_emb,-,927,0,0.050738100
pgvector,10,generar_emb,-,928,0,0.049220800
pgvector,10,insert_emb,-,928,0,0.050499100
pgvector,10,generar_emb,-,929,0,0.043586300
pgvector,10,insert_emb,-,929,0,0.052372100
pgvector,10,generar_emb,-,930,0,0.040753000
pgvector,10,insert_emb,-,930,0,0.051628200
pgvector,10,generar_emb,-,931,0,0.047445500
pgvector,10,insert_emb,-,931,0,0.051939900
pgvector,10,generar_emb,-,932,0,0.033561000
pgvector,10,insert_emb,-,932,0,0.051158200
pgvector,10,generar_emb,-,933,0,0.046213200
pgvector,10,insert_emb,-,933,0,0.048893100
pgvector,10,generar_emb,-,934,0,0.046447200
pgvector,10,insert_emb,-,934,0,0.049592000
pgvector,10,generar_emb,-,935,0,0.040490600
pgvector,10,insert_emb,-,935,0,0.051668600
pgvector,10,generar_emb,-,936,0,0.061257500
pgvector,10,insert_emb,-,936,0,0.050559100
pgvector,10,generar_emb,-,937,0,0.055295300
pgvector,10,insert_emb,-,937,0,0.053253900
pgvector,10,generar_emb,-,938,0,0.051170800
pgvector,10,insert_emb,-,938,0,0.052133100
pgvector,10,generar_emb,-,939,0,0.046312600
pgvector,10,insert_emb,-,939,0,0.050231600
pgvector,10,generar_emb,-,940,0,0.049491500
pgvector,10,insert_emb,-,940,0,0.050323600
pgvector,10,generar_emb,-,941,0,0.054369800
pgvector,10,insert_emb,-,941,0,0.049806700
pgvector,10,generar_emb,-,942,0,0.054014000
pgvector,10,insert_emb,-,942,0,0.050030900
pgvector,10,generar_emb,-,943,0,0.038894200
pgvector,10,insert_emb,-,943,0,0.048619200
pgvector,10,generar_emb,-,944,0,0.035870300
pgvector,10,insert_emb,-,944,0,0.051969200
pgvector,10,generar_emb,-,945,0,0.050598900
pgvector,10,insert_emb,-,945,0,0.049731000
pgvector,10,generar_emb,-,946,0,0.043289000
pgvector,10,insert_emb,-,946,0,0.052844400
pgvector,10,generar_emb,-,947,0,0.072547500
pgvector,10,insert_emb,-,947,0,0.051181200
pgvector,10,generar_emb,-,948,0,0.047628100
pgvector,10,insert_emb,-,948,0,0.052387100
pgvector,10,generar_emb,-,949,0,0.044190600
pgvector,10,insert_emb,-,949,0,0.051480300
pgvector,10,generar_emb,-,950,0,0.045690300
pgvector,10,insert_emb,-,950,0,0.050360700
pgvector,10,generar_emb,-,951,0,0.040815700
pgvector,10,insert_emb,-,951,0,0.051589100
pgvector,10,generar_emb,-,952,0,0.058174400
pgvector,10,insert_emb,-,952,0,0.049245600
pgvector,10,generar_emb,-,953,0,0.036702700
pgvector,10,insert_emb,-,953,0,0.051236500
pgvector,10,generar_emb,-,954,0,0.051316300
pgvector,10,insert_emb,-,954,0,0.053124500
pgvector,10,generar_emb,-,955,0,0.048623300
pgvector,10,insert_emb,-,955,0,0.051505300
pgvector,10,generar_emb,-,956,0,0.046544500
pgvector,10,insert_emb,-,956,0,0.049094100
pgvector,10,generar_emb,-,957,0,0.047390700
pgvector,10,insert_emb,-,957,0,0.052299200
pgvector,10,generar_emb,-,958,0,0.038295900
pgvector,10,insert_emb,-,958,0,0.050048300
pgvector,10,generar_emb,-,959,0,0.048956500
pgvector,10,insert_emb,-,959,0,0.050915700
pgvector,10,generar_emb,-,960,0,0.044714000
pgvector,10,insert_emb,-,960,0,0.050909600
pgvector,10,generar_emb,-,961,0,0.049215700
pgvector,10,insert_emb,-,961,0,0.050980700
pgvector,10,generar_emb,-,962,0,0.037495800
pgvector,10,insert_emb,-,962,0,0.051257700
pgvector,10,generar_emb,-,963,0,0.043897500
pgvector,10,insert_emb,-,963,0,0.051361300
pgvector,10,generar_emb,-,964,0,0.036903100
pgvector,10,insert_emb,-,964,0,0.051118600
pgvector,10,generar_emb,-,965,0,0.036286200
pgvector,10,insert_emb,-,965,0,0.051497200
pgvector,10,generar_emb,-,966,0,0.039246700
pgvector,10,insert_emb,-,966,0,0.053367300
pgvector,10,generar_emb,-,967,0,0.042030500
pgvector,10,insert_emb,-,967,0,0.049482900
pgvector,10,generar_emb,-,968,0,0.044008000
pgvector,10,insert_emb,-,968,0,0.053443800
pgvector,10,generar_emb,-,969,0,0.039503800
pgvector,10,insert_emb,-,969,0,0.051244200
pgvector,10,generar_emb,-,970,0,0.036780100
pgvector,10,insert_emb,-,970,0,0.051072800
pgvector,10,generar_emb,-,971,0,0.042004500
pgvector,10,insert_emb,-,971,0,0.049810900
pgvector,10,generar_emb,-,972,0,0.049827000
pgvector,10,insert_emb,-,972,0,0.050448400
pgvector,10,generar_emb,-,973,0,0.031324900
pgvector,10,insert_emb,-,973,0,0.053330500
pgvector,10,generar_emb,-,974,0,0.045535200
pgvector,10,insert_emb,-,974,0,0.049652300
pgvector,10,generar_emb,-,975,0,0.028719600
pgvector,10,insert_emb,-,975,0,0.051189200
pgvector,10,generar_emb,-,976,0,0.048424600
pgvector,10,insert_emb,-,976,0,0.052413400
pgvector,10,generar_emb,-,977,0,0.119756400
pgvector,10,insert_emb,-,977,0,0.056188900
pgvector,10,generar_emb,-,978,0,0.091687600
pgvector,10,insert_emb,-,978,0,0.051550500
pgvector,10,generar_emb,-,979,0,0.040530200
pgvector,10,insert_emb,-,979,0,0.051477000
pgvector,10,generar_emb,-,980,0,0.059609800
pgvector,10,insert_emb,-,980,0,0.052718800
pgvector,10,generar_emb,-,981,0,0.054456000
pgvector,10,insert_emb,-,981,0,0.053751700
pgvector,10,generar_emb,-,982,0,0.048474100
pgvector,10,insert_emb,-,982,0,0.051785200
pgvector,10,generar_emb,-,983,0,0.060574600
pgvector,10,insert_emb,-,983,0,0.050471600
pgvector,10,generar_emb,-,984,0,0.052417000
pgvector,10,insert_emb,-,984,0,0.051556400
pgvector,10,generar_emb,-,985,0,0.043012800
pgvector,10,insert_emb,-,985,0,0.053628800
pgvector,10,generar_emb,-,986,0,0.043003800
pgvector,10,insert_emb,-,986,0,0.056717100
pgvector,10,generar_emb,-,987,0,0.049028900
pgvector,10,insert_emb,-,987,0,0.050353900
pgvector,10,generar_emb,-,988,0,0.056187500
pgvector,10,insert_emb,-,988,0,0.051965800
pgvector,10,generar_emb,-,989,0,0.039874600
pgvector,10,insert_emb,-,989,0,0.051664600
pgvector,10,generar_emb,-,990,0,0.027185800
pgvector,10,insert_emb,-,990,0,0.049468200
pgvector,10,generar_emb,-,991,0,0.047805400
pgvector,10,insert_emb,-,991,0,0.051902600
pgvector,10,generar_emb,-,992,0,0.077728700
pgvector,10,insert_emb,-,992,0,0.050476600
pgvector,10,generar_emb,-,993,0,0.051314000
pgvector,10,insert_emb,-,993,0,0.052162100
pgvector,10,generar_emb,-,994,0,0.046116400
pgvector,10,insert_emb,-,994,0,0.050379100
pgvector,10,generar_emb,-,995,0,0.058771000
pgvector,10,insert_emb,-,995,0,0.054265200
pgvector,10,generar_emb,-,996,0,0.075866700
pgvector,10,insert_emb,-,996,0,0.055136500
pgvector,10,generar_emb,-,997,0,0.063028700
pgvector,10,insert_emb,-,997,0,0.053387500
pgvector,10,generar_emb,-,998,0,0.036446600
pgvector,10,insert_emb,-,998,0,0.050734900
pgvector,10,generar_emb,-,999,0,0.058470400
pgvector,10,insert_emb,-,999,0,0.057580700
pgvector,100,generar_emb,-,0,0,0.381597900
pgvector,100,insert_emb,-,0,0,0.094421900
pgvector,100,generar_emb,-,1,0,0.405796700
pgvector,100,insert_emb,-,1,0,0.060782000
pgvector,100,generar_emb,-,2,0,0.329396200
pgvector,100,insert_emb,-,2,0,0.048788100
pgvector,100,generar_emb,-,3,0,0.337529200
pgvector,100,insert_emb,-,3,0,0.089861300
pgvector,100,generar_emb,-,4,0,0.419963500
pgvector,100,insert_emb,-,4,0,0.090372800
pgvector,100,generar_emb,-,5,0,0.475884700
pgvector,100,insert_emb,-,5,0,0.088472700
pgvector,100,generar_emb,-,6,0,0.426068000
pgvector,100,insert_emb,-,6,0,0.089140500
pgvector,100,generar_emb,-,7,0,0.338847400
pgvector,100,insert_emb,-,7,0,0.049332400
pgvector,100,generar_emb,-,8,0,0.389103800
pgvector,100,insert_emb,-,8,0,0.047147300
pgvector,100,generar_emb,-,9,0,0.340533400
pgvector,100,insert_emb,-,9,0,0.086216700
pgvector,100,generar_emb,-,10,0,0.344432400
pgvector,100,insert_emb,-,10,0,0.089009000
pgvector,100,generar_emb,-,11,0,0.337365100
pgvector,100,insert_emb,-,11,0,0.090824600
pgvector,100,generar_emb,-,12,0,0.311732000
pgvector,100,insert_emb,-,12,0,0.088357800
pgvector,100,generar_emb,-,13,0,0.331450700
pgvector,100,insert_emb,-,13,0,0.046335200
pgvector,100,generar_emb,-,14,0,0.396628800
pgvector,100,insert_emb,-,14,0,0.087893900
pgvector,100,generar_emb,-,15,0,0.332415400
pgvector,100,insert_emb,-,15,0,0.045788300
pgvector,100,generar_emb,-,16,0,0.353206200
pgvector,100,insert_emb,-,16,0,0.108116400
pgvector,100,generar_emb,-,17,0,0.404380800
pgvector,100,insert_emb,-,17,0,0.062477200
pgvector,100,generar_emb,-,18,0,0.389174500
pgvector,100,insert_emb,-,18,0,0.090282800
pgvector,100,generar_emb,-,19,0,0.410043900
pgvector,100,insert_emb,-,19,0,0.048972300
pgvector,100,generar_emb,-,20,0,0.418959400
pgvector,100,insert_emb,-,20,0,0.049173000
pgvector,100,generar_emb,-,21,0,0.388917200
pgvector,100,insert_emb,-,21,0,0.048198700
pgvector,100,generar_emb,-,22,0,0.325568300
pgvector,100,insert_emb,-,22,0,0.048712700
pgvector,100,generar_emb,-,23,0,0.433990200
pgvector,100,insert_emb,-,23,0,0.087843500
pgvector,100,generar_emb,-,24,0,0.429278900
pgvector,100,insert_emb,-,24,0,0.045846800
pgvector,100,generar_emb,-,25,0,0.500748500
pgvector,100,insert_emb,-,25,0,0.089737400
pgvector,100,generar_emb,-,26,0,0.386517000
pgvector,100,insert_emb,-,26,0,0.085136700
pgvector,100,generar_emb,-,27,0,0.329021000
pgvector,100,insert_emb,-,27,0,0.088251500
pgvector,100,generar_emb,-,28,0,0.470317500
pgvector,100,insert_emb,-,28,0,0.050901500
pgvector,100,generar_emb,-,29,0,0.440804300
pgvector,100,insert_emb,-,29,0,0.089791500
pgvector,100,generar_emb,-,30,0,0.396306900
pgvector,100,insert_emb,-,30,0,0.091576500
pgvector,100,generar_emb,-,31,0,0.330297500
pgvector,100,insert_emb,-,31,0,0.087726100
pgvector,100,generar_emb,-,32,0,0.399883500
pgvector,100,insert_emb,-,32,0,0.090663300
pgvector,100,generar_emb,-,33,0,0.377498400
pgvector,100,insert_emb,-,33,0,0.049647200
pgvector,100,generar_emb,-,34,0,0.403665800
pgvector,100,insert_emb,-,34,0,0.048150300
pgvector,100,generar_emb,-,35,0,0.320169700
pgvector,100,insert_emb,-,35,0,0.046567200
pgvector,100,generar_emb,-,36,0,0.329177300
pgvector,100,insert_emb,-,36,0,0.092622300
pgvector,100,generar_emb,-,37,0,0.447158500
pgvector,100,insert_emb,-,37,0,0.048145200
pgvector,100,generar_emb,-,38,0,0.505100100
pgvector,100,insert_emb,-,38,0,0.092088300
pgvector,100,generar_emb,-,39,0,0.425264800
pgvector,100,insert_emb,-,39,0,0.089034900
pgvector,100,generar_emb,-,40,0,0.439137800
pgvector,100,insert_emb,-,40,0,0.089989400
pgvector,100,generar_emb,-,41,0,0.366207200
pgvector,100,insert_emb,-,41,0,0.093511100
pgvector,100,generar_emb,-,42,0,0.442618200
pgvector,100,insert_emb,-,42,0,0.046549700
pgvector,100,generar_emb,-,43,0,0.371159200
pgvector,100,insert_emb,-,43,0,0.053490500
pgvector,100,generar_emb,-,44,0,0.455423900
pgvector,100,insert_emb,-,44,0,0.050360700
pgvector,100,generar_emb,-,45,0,0.414844500
pgvector,100,insert_emb,-,45,0,0.089152300
pgvector,100,generar_emb,-,46,0,0.512247100
pgvector,100,insert_emb,-,46,0,0.086574300
pgvector,100,generar_emb,-,47,0,0.408349000
pgvector,100,insert_emb,-,47,0,0.046241100
pgvector,100,generar_emb,-,48,0,0.331509900
pgvector,100,insert_emb,-,48,0,0.088142500
pgvector,100,generar_emb,-,49,0,0.299941300
pgvector,100,insert_emb,-,49,0,0.092335000
pgvector,100,generar_emb,-,50,0,0.342287300
pgvector,100,insert_emb,-,50,0,0.049309600
pgvector,100,generar_emb,-,51,0,0.458345000
pgvector,100,insert_emb,-,51,0,0.048484100
pgvector,100,generar_emb,-,52,0,0.337158300
pgvector,100,insert_emb,-,52,0,0.050750900
pgvector,100,generar_emb,-,53,0,0.401975800
pgvector,100,insert_emb,-,53,0,0.049666800
pgvector,100,generar_emb,-,54,0,0.417662500
pgvector,100,insert_emb,-,54,0,0.087940700
pgvector,100,generar_emb,-,55,0,0.431643800
pgvector,100,insert_emb,-,55,0,0.050065600
pgvector,100,generar_emb,-,56,0,0.341046500
pgvector,100,insert_emb,-,56,0,0.089257500
pgvector,100,generar_emb,-,57,0,0.441007000
pgvector,100,insert_emb,-,57,0,0.047299000
pgvector,100,generar_emb,-,58,0,0.375305800
pgvector,100,insert_emb,-,58,0,0.090189800
pgvector,100,generar_emb,-,59,0,0.504114200
pgvector,100,insert_emb,-,59,0,0.098012600
pgvector,100,generar_emb,-,60,0,0.349858700
pgvector,100,insert_emb,-,60,0,0.089113400
pgvector,100,generar_emb,-,61,0,0.318676800
pgvector,100,insert_emb,-,61,0,0.058442700
pgvector,100,generar_emb,-,62,0,0.344337500
pgvector,100,insert_emb,-,62,0,0.090274000
pgvector,100,generar_emb,-,63,0,0.284226500
pgvector,100,insert_emb,-,63,0,0.048147600
pgvector,100,generar_emb,-,64,0,0.341902500
pgvector,100,insert_emb,-,64,0,0.050413000
pgvector,100,generar_emb,-,65,0,0.390965100
pgvector,100,insert_emb,-,65,0,0.087307000
pgvector,100,generar_emb,-,66,0,0.364275900
pgvector,100,insert_emb,-,66,0,0.087232800
pgvector,100,generar_emb,-,67,0,0.404975500
pgvector,100,insert_emb,-,67,0,0.087480800
pgvector,100,generar_emb,-,68,0,0.374323500
pgvector,100,insert_emb,-,68,0,0.089984500
pgvector,100,generar_emb,-,69,0,0.486197500
pgvector,100,insert_emb,-,69,0,0.057733200
pgvector,100,generar_emb,-,70,0,0.446538200
pgvector,100,insert_emb,-,70,0,0.045955200
pgvector,100,generar_emb,-,71,0,0.338356200
pgvector,100,insert_emb,-,71,0,0.090210400
pgvector,100,generar_emb,-,72,0,0.347431900
pgvector,100,insert_emb,-,72,0,0.092013000
pgvector,100,generar_emb,-,73,0,0.305709700
pgvector,100,insert_emb,-,73,0,0.045966300
pgvector,100,generar_emb,-,74,0,0.367846300
pgvector,100,insert_emb,-,74,0,0.091855400
pgvector,100,generar_emb,-,75,0,0.373456400
pgvector,100,insert_emb,-,75,0,0.085592000
pgvector,100,generar_emb,-,76,0,0.275124900
pgvector,100,insert_emb,-,76,0,0.089743100
pgvector,100,generar_emb,-,77,0,0.408981100
pgvector,100,insert_emb,-,77,0,0.047892200
pgvector,100,generar_emb,-,78,0,0.352739900
pgvector,100,insert_emb,-,78,0,0.090606300
pgvector,100,generar_emb,-,79,0,0.422366200
pgvector,100,insert_emb,-,79,0,0.088820600
pgvector,100,generar_emb,-,80,0,0.335604500
pgvector,100,insert_emb,-,80,0,0.046873400
pgvector,100,generar_emb,-,81,0,0.386049100
pgvector,100,insert_emb,-,81,0,0.074439400
pgvector,100,generar_emb,-,82,0,0.335312600
pgvector,100,insert_emb,-,82,0,0.049553000
pgvector,100,generar_emb,-,83,0,0.334037500
pgvector,100,insert_emb,-,83,0,0.055953900
pgvector,100,generar_emb,-,84,0,0.495878700
pgvector,100,insert_emb,-,84,0,0.090496400
pgvector,100,generar_emb,-,85,0,0.322123900
pgvector,100,insert_emb,-,85,0,0.045616800
pgvector,100,generar_emb,-,86,0,0.315919900
pgvector,100,insert_emb,-,86,0,0.091750400
pgvector,100,generar_emb,-,87,0,0.406897000
pgvector,100,insert_emb,-,87,0,0.094747200
pgvector,100,generar_emb,-,88,0,0.353836200
pgvector,100,insert_emb,-,88,0,0.088254400
pgvector,100,generar_emb,-,89,0,0.337542000
pgvector,100,insert_emb,-,89,0,0.091213200
pgvector,100,generar_emb,-,90,0,0.409538700
pgvector,100,insert_emb,-,90,0,0.046329600
pgvector,100,generar_emb,-,91,0,0.385486200
pgvector,100,insert_emb,-,91,0,0.052896800
pgvector,100,generar_emb,-,92,0,0.318604700
pgvector,100,insert_emb,-,92,0,0.045368800
pgvector,100,generar_emb,-,93,0,0.341484200
pgvector,100,insert_emb,-,93,0,0.088024400
pgvector,100,generar_emb,-,94,0,0.397944000
pgvector,100,insert_emb,-,94,0,0.048457700
pgvector,100,generar_emb,-,95,0,0.328233700
pgvector,100,insert_emb,-,95,0,0.087853000
pgvector,100,generar_emb,-,96,0,0.315368700
pgvector,100,insert_emb,-,96,0,0.045921600
pgvector,100,generar_emb,-,97,0,0.408955700
pgvector,100,insert_emb,-,97,0,0.086878200
pgvector,100,generar_emb,-,98,0,0.353512300
pgvector,100,insert_emb,-,98,0,0.088831600
pgvector,100,generar_emb,-,99,0,0.465169400
pgvector,100,insert_emb,-,99,0,0.047446700
pgvector,500,generar_emb,-,0,0,1.486616200
pgvector,500,insert_emb,-,0,0,0.249845000
pgvector,500,generar_emb,-,1,0,1.780536300
pgvector,500,insert_emb,-,1,0,0.259019000
pgvector,500,generar_emb,-,2,0,1.541456500
pgvector,500,insert_emb,-,2,0,0.219123800
pgvector,500,generar_emb,-,3,0,1.553579900
pgvector,500,insert_emb,-,3,0,0.214757500
pgvector,500,generar_emb,-,4,0,1.560549900
pgvector,500,insert_emb,-,4,0,0.227564300
pgvector,500,generar_emb,-,5,0,1.664652400
pgvector,500,insert_emb,-,5,0,0.253956700
pgvector,500,generar_emb,-,6,0,1.563532500
pgvector,500,insert_emb,-,6,0,0.222414500
pgvector,500,generar_emb,-,7,0,1.597824500
pgvector,500,insert_emb,-,7,0,0.258362100
pgvector,500,generar_emb,-,8,0,1.607040200
pgvector,500,insert_emb,-,8,0,0.215750200
pgvector,500,generar_emb,-,9,0,1.576792500
pgvector,500,insert_emb,-,9,0,0.201114500
pgvector,500,generar_emb,-,10,0,1.583549800
pgvector,500,insert_emb,-,10,0,0.223216400
pgvector,500,generar_emb,-,11,0,1.580296900
pgvector,500,insert_emb,-,11,0,0.246055500
pgvector,500,generar_emb,-,12,0,1.501530600
pgvector,500,insert_emb,-,12,0,0.260130700
pgvector,500,generar_emb,-,13,0,1.543148500
pgvector,500,insert_emb,-,13,0,0.225697000
pgvector,500,generar_emb,-,14,0,1.508321500
pgvector,500,insert_emb,-,14,0,0.203571300
pgvector,500,generar_emb,-,15,0,1.516673700
pgvector,500,insert_emb,-,15,0,0.214995700
pgvector,500,generar_emb,-,16,0,1.626276600
pgvector,500,insert_emb,-,16,0,0.200944500
pgvector,500,generar_emb,-,17,0,1.689349600
pgvector,500,insert_emb,-,17,0,0.272793200
pgvector,500,generar_emb,-,18,0,1.669079000
pgvector,500,insert_emb,-,18,0,0.267134000
pgvector,500,generar_emb,-,19,0,1.667782100
pgvector,500,insert_emb,-,19,0,0.207563900
pgvector,2000,generar_emb,-,0,0,5.983035000
pgvector,2000,insert_emb,-,0,0,0.793586400
pgvector,2000,generar_emb,-,1,0,6.377263100
pgvector,2000,insert_emb,-,1,0,0.792323900
pgvector,2000,generar_emb,-,2,0,6.093451300
pgvector,2000,insert_emb,-,2,0,0.825977600
pgvector,2000,generar_emb,-,3,0,5.864693200
pgvector,2000,insert_emb,-,3,0,0.810678600
pgvector,2000,generar_emb,-,4,0,5.898659400
pgvector,2000,insert_emb,-,4,0,0.896895700
pgvector,5000,generar_emb,-,0,0,15.379248500
pgvector,5000,insert_emb,-,0,0,2.113788800
pgvector,5000,generar_emb,-,1,0,14.627378500
pgvector,5000,insert_emb,-,1,0,2.077270800
pgvector,10000,generar_emb,-,0,0,30.578070000
pgvector,10000,insert_emb,-,0,0,3.884959100
