sistema,tam_chunk,operacion,metrica,muestra,repeticion,segundos
pgvector,1,insert_texto,-,0,0,0.005771700
pgvector,1,insert_texto,-,1,0,0.003167400
pgvector,1,insert_texto,-,2,0,0.003226500
pgvector,1,insert_texto,-,3,0,0.003288800
pgvector,1,insert_texto,-,4,0,0.002961300
pgvector,1,insert_texto,-,5,0,0.002920100
pgvector,1,insert_texto,-,6,0,0.002943500
pgvector,1,insert_texto,-,7,0,0.002922000
pgvector,1,insert_texto,-,8,0,0.002974700
pgvector,1,insert_texto,-,9,0,0.002976900
pgvector,1,insert_texto,-,10,0,0.002901500
pgvector,1,insert_texto,-,11,0,0.003231300
pgvector,1,insert_texto,-,12,0,0.003064000
pgvector,1,insert_texto,-,13,0,0.003068100
pgvector,1,insert_texto,-,14,0,0.002926400
pgvector,1,insert_texto,-,15,0,0.002855600
pgvector,1,insert_texto,-,16,0,0.002870300
pgvector,1,insert_texto,-,17,0,0.002971600
pgvector,1,insert_texto,-,18,0,0.002892200
pgvector,1,insert_texto,-,19,0,0.003135400
pgvector,1,insert_texto,-,20,0,0.002942500
pgvector,1,insert_texto,-,21,0,0.002995200
pgvector,1,insert_texto,-,22,0,0.003219900
pgvector,1,insert_texto,-,23,0,0.003151900
pgvector,1,insert_texto,-,24,0,0.003041600
pgvector,1,insert_texto,-,25,0,0.003186000
pgvector,1,insert_texto,-,26,0,0.003200800
pgvector,1,insert_texto,-,27,0,0.002943300
pgvector,1,insert_texto,-,28,0,0.003134300
pgvector,1,insert_texto,-,29,0,0.003156100
pgvector,1,insert_texto,-,30,0,0.002942800
pgvector,1,insert_texto,-,31,0,0.003420100
pgvector,1,insert_texto,-,32,0,0.003104300
pgvector,1,insert_texto,-,33,0,0.002994900
pgvector,1,insert_texto,-,34,0,0.003196500
pgvector,1,insert_texto,-,35,0,0.002955000
pgvector,1,insert_texto,-,36,0,0.003087100
pgvector,1,insert_texto,-,37,0,0.002995200
pgvector,1,insert_texto,-,38,0,0.002796900
pgvector,1,insert_texto,-,39,0,0.003304500
pgvector,1,insert_texto,-,40,0,0.002851200
pgvector,1,insert_texto,-,41,0,0.003015100
pgvector,1,insert_texto,-,42,0,0.003146300
pgvector,1,insert_texto,-,43,0,0.002992400
pgvector,1,insert_texto,-,44,0,0.003303900
pgvector,1,insert_texto,-,45,0,0.003040300
pgvector,1,insert_texto,-,46,0,0.002981200
pgvector,1,insert_texto,-,47,0,0.002884800
pgvector,1,insert_texto,-,48,0,0.002934400
pgvector,1,insert_texto,-,49,0,0.003116100
pgvector,1,insert_texto,-,50,0,0.002967400
pgvector,1,insert_texto,-,51,0,0.002907300
pgvector,1,insert_texto,-,52,0,0.002902300
pgvector,1,insert_texto,-,53,0,0.002991700
pgvector,1,insert_texto,-,54,0,0.003062800
pgvector,1,insert_texto,-,55,0,0.003492000
pgvector,1,insert_texto,-,56,0,0.003072400
pgvector,1,insert_texto,-,57,0,0.003069600
pgvector,1,insert_texto,-,58,0,0.003216900
pgvector,1,insert_texto,-,59,0,0.003199300
pgvector,1,insert_texto,-,60,0,0.003658700
pgvector,1,insert_texto,-,61,0,0.003134400
pgvector,1,insert_texto,-,62,0,0.002874900
pgvector,1,insert_texto,-,63,0,0.002968800
pgvector,1,insert_texto,-,64,0,0.003334500
pgvector,1,insert_texto,-,65,0,0.003226100
pgvector,1,insert_texto,-,66,0,0.003416700
pgvector,1,insert_texto,-,67,0,0.003279400
pgvector,1,insert_texto,-,68,0,0.003268800
pgvector,1,insert_texto,-,69,0,0.003471700
pgvector,1,insert_texto,-,70,0,0.003482500
pgvector,1,insert_texto,-,71,0,0.003808800
pgvector,1,insert_texto,-,72,0,0.002883600
pgvector,1,insert_texto,-,73,0,0.003147500
pgvector,1,insert_texto,-,74,0,0.002919800
pgvector,1,insert_texto,-,75,0,0.003150000
pgvector,1,insert_texto,-,76,0,0.003279200
pgvector,1,insert_texto,-,77,0,0.003123600
pgvector,1,insert_texto,-,78,0,0.002986500
pgvector,1,insert_texto,-,79,0,0.002926900
pgvector,1,insert_texto,-,80,0,0.003064200
pgvector,1,insert_texto,-,81,0,0.003104200
pgvector,1,insert_texto,-,82,0,0.002932100
pgvector,1,insert_texto,-,83,0,0.002979100
pgvector,1,insert_texto,-,84,0,0.002840200
pgvector,1,insert_texto,-,85,0,0.002948300
pgvector,1,insert_texto,-,86,0,0.003283700
pgvector,1,insert_texto,-,87,0,0.003077100
pgvector,1,insert_texto,-,88,0,0.002941600
pgvector,1,insert_texto,-,89,0,0.002911800
pgvector,1,insert_texto,-,90,0,0.003153700
pgvector,1,insert_texto,-,91,0,0.003399200
pgvector,1,insert_texto,-,92,0,0.003066200
pgvector,1,insert_texto,-,93,0,0.003032700
pgvector,1,insert_texto,-,94,0,0.003024000
pgvector,1,insert_texto,-,95,0,0.002936900
pgvector,1,insert_texto,-,96,0,0.003128700
pgvector,1,insert_texto,-,97,0,0.002877000
pgvector,1,insert_texto,-,98,0,0.002962400
pgvector,1,insert_texto,-,99,0,0.003005200
pgvector,1,insert_texto,-,100,0,0.002999400
pgvector,1,insert_texto,-,101,0,0.003251900
pgvector,1,insert_texto,-,102,0,0.003066500
pgvector,1,insert_texto,-,103,0,0.003152200
pgvector,1,insert_texto,-,104,0,0.002924900
pgvector,1,insert_texto,-,105,0,0.002970800
pgvector,1,insert_texto,-,106,0,0.002947500
pgvector,1,insert_texto,-,107,0,0.002978300
pgvector,1,insert_texto,-,108,0,0.002946500
pgvector,1,insert_texto,-,109,0,0.003400200
pgvector,1,insert_texto,-,110,0,0.002975500
pgvector,1,insert_texto,-,111,0,0.002887600
pgvector,1,insert_texto,-,112,0,0.003105400
pgvector,1,insert_texto,-,113,0,0.002948200
pgvector,1,insert_texto,-,114,0,0.002970800
pgvector,1,insert_texto,-,115,0,0.002864900
pgvector,1,insert_texto,-,116,0,0.002946900
pgvector,1,insert_texto,-,117,0,0.002787400
pgvector,1,insert_texto,-,118,0,0.003312800
pgvector,1,insert_texto,-,119,0,0.003156400
pgvector,1,insert_texto,-,120,0,0.003588100
pgvector,1,insert_texto,-,121,0,0.002937300
pgvector,1,insert_texto,-,122,0,0.003070300
pgvector,1,insert_texto,-,123,0,0.002925200
pgvector,1,insert_texto,-,124,0,0.002946700
pgvector,1,insert_texto,-,125,0,0.003034400
pgvector,1,insert_texto,-,126,0,0.002945500
pgvector,1,insert_texto,-,127,0,0.002986600
pgvector,1,insert_texto,-,128,0,0.003035600
pgvector,1,insert_texto,-,129,0,0.002940000
pgvector,1,insert_texto,-,130,0,0.002920400
pgvector,1,insert_texto,-,131,0,0.002876600
pgvector,1,insert_texto,-,132,0,0.002770000
pgvector,1,insert_texto,-,133,0,0.003337000
pgvector,1,insert_texto,-,134,0,0.002998900
pgvector,1,insert_texto,-,135,0,0.003086700
pgvector,1,insert_texto,-,136,0,0.002957500
pgvector,1,insert_texto,-,137,0,0.002936200
pgvector,1,insert_texto,-,138,0,0.003221600
pgvector,1,insert_texto,-,139,0,0.003209700
pgvector,1,insert_texto,-,140,0,0.002945900
pgvector,1,insert_texto,-,141,0,0.003116800
pgvector,1,insert_texto,-,142,0,0.003089800
pgvector,1,insert_texto,-,143,0,0.003243300
pgvector,1,insert_texto,-,144,0,0.003030800
pgvector,1,insert_texto,-,145,0,0.002826900
pgvector,1,insert_texto,-,146,0,0.002886700
pgvector,1,insert_texto,-,147,0,0.003173400
pgvector,1,insert_texto,-,148,0,0.003172100
pgvector,1,insert_texto,-,149,0,0.002995600
pgvector,1,insert_texto,-,150,0,0.002991900
pgvector,1,insert_texto,-,151,0,0.002857200
pgvector,1,insert_texto,-,152,0,0.003150500
pgvector,1,insert_texto,-,153,0,0.003007700
pgvector,1,insert_texto,-,154,0,0.002899000
pgvector,1,insert_texto,-,155,0,0.002993900
pgvector,1,insert_texto,-,156,0,0.003458100
pgvector,1,insert_texto,-,157,0,0.003824100
pgvector,1,insert_texto,-,158,0,0.003882800
pgvector,1,insert_texto,-,159,0,0.004247900
pgvector,1,insert_texto,-,160,0,0.004647900
pgvector,1,insert_texto,-,161,0,0.004441500
pgvector,1,insert_texto,-,162,0,0.004336800
pgvector,1,insert_texto,-,163,0,0.004067500
pgvector,1,insert_texto,-,164,0,0.004076500
pgvector,1,insert_texto,-,165,0,0.004537000
pgvector,1,insert_texto,-,166,0,0.005694500
pgvector,1,insert_texto,-,167,0,0.005479500
pgvector,1,insert_texto,-,168,0,0.004114400
pgvector,1,insert_texto,-,169,0,0.008842700
pgvector,1,insert_texto,-,170,0,0.006800400
pgvector,1,insert_texto,-,171,0,0.006146900
pgvector,1,insert_texto,-,172,0,0.010659400
pgvector,1,insert_texto,-,173,0,0.007909100
pgvector,1,insert_texto,-,174,0,0.006502900
pgvector,1,insert_texto,-,175,0,0.007461400
pgvector,1,insert_texto,-,176,0,0.008991900
pgvector,1,insert_texto,-,177,0,0.005438500
pgvector,1,insert_texto,-,178,0,0.004812100
pgvector,1,insert_texto,-,179,0,0.004786100
pgvector,1,insert_texto,-,180,0,0.005770200
pgvector,1,insert_texto,-,181,0,0.006847200
pgvector,1,insert_texto,-,182,0,0.005788500
pgvector,1,insert_texto,-,183,0,0.004237500
pgvector,1,insert_texto,-,184,0,0.005595300
pgvector,1,insert_texto,-,185,0,0.004984800
pgvector,1,insert_texto,-,186,0,0.004961800
pgvector,1,insert_texto,-,187,0,0.004847600
pgvector,1,insert_texto,-,188,0,0.004158000
pgvector,1,insert_texto,-,189,0,0.003762800
pgvector,1,insert_texto,-,190,0,0.005432300
pgvector,1,insert_texto,-,191,0,0.004465800
pgvector,1,insert_texto,-,192,0,0.004393300
pgvector,1,insert_texto,-,193,0,0.003958000
pgvector,1,insert_texto,-,194,0,0.004459000
pgvector,1,insert_texto,-,195,0,0.003931500
pgvector,1,insert_texto,-,196,0,0.004437000
pgvector,1,insert_texto,-,197,0,0.004827000
pgvector,1,insert_texto,-,198,0,0.004565200
pgvector,1,insert_texto,-,199,0,0.003493700
pgvector,1,insert_texto,-,200,0,0.003341500
pgvector,1,insert_texto,-,201,0,0.004198400
pgvector,1,insert_texto,-,202,0,0.004535600
pgvector,1,insert_texto,-,203,0,0.004635400
pgvector,1,insert_texto,-,204,0,0.004552400
pgvector,1,insert_texto,-,205,0,0.003922200
pgvector,1,insert_texto,-,206,0,0.003850800
pgvector,1,insert_texto,-,207,0,0.003708600
pgvector,1,insert_texto,-,208,0,0.003840300
pgvector,1,insert_texto,-,209,0,0.004622800
pgvector,1,insert_texto,-,210,0,0.004722900
pgvector,1,insert_texto,-,211,0,0.004869500
pgvector,1,insert_texto,-,212,0,0.004562900
pgvector,1,insert_texto,-,213,0,0.004299200
pgvector,1,insert_texto,-,214,0,0.004055200
pgvector,1,insert_texto,-,215,0,0.003557000
pgvector,1,insert_texto,-,216,0,0.003639100
pgvector,1,insert_texto,-,217,0,0.003913000
pgvector,1,insert_texto,-,218,0,0.003854700
pgvector,1,insert_texto,-,219,0,0.004289700
pgvector,1,insert_texto,-,220,0,0.003871500
pgvector,1,insert_texto,-,221,0,0.004095100
pgvector,1,insert_texto,-,222,0,0.004378300
pgvector,1,insert_texto,-,223,0,0.004124100
pgvector,1,insert_texto,-,224,0,0.004400900
pgvector,1,insert_texto,-,225,0,0.004183400
pgvector,1,insert_texto,-,226,0,0.004436000
pgvector,1,insert_texto,-,227,0,0.004655900
pgvector,1,insert_texto,-,228,0,0.004190900
pgvector,1,insert_texto,-,229,0,0.004257100
pgvector,1,insert_texto,-,230,0,0.004518100
pgvector,1,insert_texto,-,231,0,0.003873400
pgvector,1,insert_texto,-,232,0,0.003409400
pgvector,1,insert_texto,-,233,0,0.003062800
pgvector,1,insert_texto,-,234,0,0.003194300
pgvector,1,insert_texto,-,235,0,0.003083200
pgvector,1,insert_texto,-,236,0,0.003165800
pgvector,1,insert_texto,-,237,0,0.002968200
pgvector,1,insert_texto,-,238,0,0.002780000
pgvector,1,insert_texto,-,239,0,0.002952200
pgvector,1,insert_texto,-,240,0,0.002998300
pgvector,1,insert_texto,-,241,0,0.002721700
pgvector,1,insert_texto,-,242,0,0.002812200
pgvector,1,insert_texto,-,243,0,0.003081800
pgvector,1,insert_texto,-,244,0,0.002944000
pgvector,1,insert_texto,-,245,0,0.002991200
pgvector,1,insert_texto,-,246,0,0.002900200
pgvector,1,insert_texto,-,247,0,0.002783800
pgvector,1,insert_texto,-,248,0,0.003078800
pgvector,1,insert_texto,-,249,0,0.002927600
pgvector,1,insert_texto,-,250,0,0.003305400
pgvector,1,insert_texto,-,251,0,0.003702200
pgvector,1,insert_texto,-,252,0,0.003591300
pgvector,1,insert_texto,-,253,0,0.003386200
pgvector,1,insert_texto,-,254,0,0.003288900
pgvector,1,insert_texto,-,255,0,0.003137900
pgvector,1,insert_texto,-,256,0,0.003220200
pgvector,1,insert_texto,-,257,0,0.003722400
pgvector,1,insert_texto,-,258,0,0.003610600
pgvector,1,insert_texto,-,259,0,0.003020700
pgvector,1,insert_texto,-,260,0,0.003076900
pgvector,1,insert_texto,-,261,0,0.003265000
pgvector,1,insert_texto,-,262,0,0.003002800
pgvector,1,insert_texto,-,263,0,0.003279500
pgvector,1,insert_texto,-,264,0,0.003053700
pgvector,1,insert_texto,-,265,0,0.003147300
pgvector,1,insert_texto,-,266,0,0.003497400
pgvector,1,insert_texto,-,267,0,0.003110500
pgvector,1,insert_texto,-,268,0,0.003622400
pgvector,1,insert_texto,-,269,0,0.004060200
pgvector,1,insert_texto,-,270,0,0.003775400
pgvector,1,insert_texto,-,271,0,0.003552000
pgvector,1,insert_texto,-,272,0,0.003693600
pgvector,1,insert_texto,-,273,0,0.004309000
pgvector,1,insert_texto,-,274,0,0.003496200
pgvector,1,insert_texto,-,275,0,0.004075100
pgvector,1,insert_texto,-,276,0,0.003725800
pgvector,1,insert_texto,-,277,0,0.004323600
pgvector,1,insert_texto,-,278,0,0.004191400
pgvector,1,insert_texto,-,279,0,0.003624200
pgvector,1,insert_texto,-,280,0,0.003474600
pgvector,1,insert_texto,-,281,0,0.003777900
pgvector,1,insert_texto,-,282,0,0.003691200
pgvector,1,insert_texto,-,283,0,0.003595400
pgvector,1,insert_texto,-,284,0,0.004134000
pgvector,1,insert_texto,-,285,0,0.003409900
pgvector,1,insert_texto,-,286,0,0.003421400
pgvector,1,insert_texto,-,287,0,0.003639600
pgvector,1,insert_texto,-,288,0,0.003720300
pgvector,1,insert_texto,-,289,0,0.003369500
pgvector,1,insert_texto,-,290,0,0.003140100
pgvector,1,insert_texto,-,291,0,0.003474300
pgvector,1,insert_texto,-,292,0,0.003867900
pgvector,1,insert_texto,-,293,0,0.003828700
pgvector,1,insert_texto,-,294,0,0.003010700
pgvector,1,insert_texto,-,295,0,0.003035900
pgvector,1,insert_texto,-,296,0,0.002788600
pgvector,1,insert_texto,-,297,0,0.002952000
pgvector,1,insert_texto,-,298,0,0.003110300
pgvector,1,insert_texto,-,299,0,0.003369800
pgvector,1,insert_texto,-,300,0,0.003204600
pgvector,1,insert_texto,-,301,0,0.002579900
pgvector,1,insert_texto,-,302,0,0.003057500
pgvector,1,insert_texto,-,303,0,0.002676400
pgvector,1,insert_texto,-,304,0,0.002676900
pgvector,1,insert_texto,-,305,0,0.002671400
pgvector,1,insert_texto,-,306,0,0.002567500
pgvector,1,insert_texto,-,307,0,0.002595900
pgvector,1,insert_texto,-,308,0,0.002736600
pgvector,1,insert_texto,-,309,0,0.002574800
pgvector,1,insert_texto,-,310,0,0.002574200
pgvector,1,insert_texto,-,311,0,0.002633400
pgvector,1,insert_texto,-,312,0,0.002724500
pgvector,1,insert_texto,-,313,0,0.002752000
pgvector,1,insert_texto,-,314,0,0.003440900
pgvector,1,insert_texto,-,315,0,0.002778200
pgvector,1,insert_texto,-,316,0,0.002702100
pgvector,1,insert_texto,-,317,0,0.002766200
pgvector,1,insert_texto,-,318,0,0.002821100
pgvector,1,insert_texto,-,319,0,0.003005500
pgvector,1,insert_texto,-,320,0,0.003083800
pgvector,1,insert_texto,-,321,0,0.002942100
pgvector,1,insert_texto,-,322,0,0.002891500
pgvector,1,insert_texto,-,323,0,0.002893600
pgvector,1,insert_texto,-,324,0,0.003255400
pgvector,1,insert_texto,-,325,0,0.003213100
pgvector,1,insert_texto,-,326,0,0.002977700
pgvector,1,insert_texto,-,327,0,0.002911300
pgvector,1,insert_texto,-,328,0,0.003071900
pgvector,1,insert_texto,-,329,0,0.002969400
pgvector,1,insert_texto,-,330,0,0.003014900
pgvector,1,insert_texto,-,331,0,0.003246600
pgvector,1,insert_texto,-,332,0,0.003291600
pgvector,1,insert_texto,-,333,0,0.002931300
pgvector,1,insert_texto,-,334,0,0.003181200
pgvector,1,insert_texto,-,335,0,0.002914500
pgvector,1,insert_texto,-,336,0,0.003276900
pgvector,1,insert_texto,-,337,0,0.003396300
pgvector,1,insert_texto,-,338,0,0.003348700
pgvector,1,insert_texto,-,339,0,0.003469000
pgvector,1,insert_texto,-,340,0,0.003193500
pgvector,1,insert_texto,-,341,0,0.003379400
pgvector,1,insert_texto,-,342,0,0.003309600
pgvector,1,insert_texto,-,343,0,0.003488800
pgvector,1,insert_texto,-,344,0,0.003391100
pgvector,1,insert_texto,-,345,0,0.003317600
pgvector,1,insert_texto,-,346,0,0.003033000
pgvector,1,insert_texto,-,347,0,0.003081700
pgvector,1,insert_texto,-,348,0,0.003162800
pgvector,1,insert_texto,-,349,0,0.003027900
pgvector,1,insert_texto,-,350,0,0.002877600
pgvector,1,insert_texto,-,351,0,0.003247700
pgvector,1,insert_texto,-,352,0,0.002902400
pgvector,1,insert_texto,-,353,0,0.002852800
pgvector,1,insert_texto,-,354,0,0.003018100
pgvector,1,insert_texto,-,355,0,0.002926900
pgvector,1,insert_texto,-,356,0,0.002898100
pgvector,1,insert_texto,-,357,0,0.002918300
pgvector,1,insert_texto,-,358,0,0.002829000
pgvector,1,insert_texto,-,359,0,0.002713800
pgvector,1,insert_texto,-,360,0,0.002724800
pgvector,1,insert_texto,-,361,0,0.003528900
pgvector,1,insert_texto,-,362,0,0.003564200
pgvector,1,insert_texto,-,363,0,0.003070500
pgvector,1,insert_texto,-,364,0,0.002915200
pgvector,1,insert_texto,-,365,0,0.003179600
pgvector,1,insert_texto,-,366,0,0.002966300
pgvector,1,insert_texto,-,367,0,0.002922800
pgvector,1,insert_texto,-,368,0,0.002619400
pgvector,1,insert_texto,-,369,0,0.002586100
pgvector,1,insert_texto,-,370,0,0.002784800
pgvector,1,insert_texto,-,371,0,0.002840900
pgvector,1,insert_texto,-,372,0,0.002848700
pgvector,1,insert_texto,-,373,0,0.002924100
pgvector,1,insert_texto,-,374,0,0.002888100
pgvector,1,insert_texto,-,375,0,0.002801800
pgvector,1,insert_texto,-,376,0,0.002988300
pgvector,1,insert_texto,-,377,0,0.002815300
pgvector,1,insert_texto,-,378,0,0.002785500
pgvector,1,insert_texto,-,379,0,0.002696600
pgvector,1,insert_texto,-,380,0,0.003086600
pgvector,1,insert_texto,-,381,0,0.002701600
pgvector,1,insert_texto,-,382,0,0.003109600
pgvector,1,insert_texto,-,383,0,0.003004000
pgvector,1,insert_texto,-,384,0,0.003701300
pgvector,1,insert_texto,-,385,0,0.003768900
pgvector,1,insert_texto,-,386,0,0.002873800
pgvector,1,insert_texto,-,387,0,0.003405400
pgvector,1,insert_texto,-,388,0,0.003166100
pgvector,1,insert_texto,-,389,0,0.003301700
pgvector,1,insert_texto,-,390,0,0.003076900
pgvector,1,insert_texto,-,391,0,0.003024300
pgvector,1,insert_texto,-,392,0,0.002842700
pgvector,1,insert_texto,-,393,0,0.002849600
pgvector,1,insert_texto,-,394,0,0.002613800
pgvector,1,insert_texto,-,395,0,0.002601500
pgvector,1,insert_texto,-,396,0,0.002752000
pgvector,1,insert_texto,-,397,0,0.003072200
pgvector,1,insert_texto,-,398,0,0.003070100
pgvector,1,insert_texto,-,399,0,0.002844400
pgvector,1,insert_texto,-,400,0,0.002814500
pgvector,1,insert_texto,-,401,0,0.003022100
pgvector,1,insert_texto,-,402,0,0.002783200
pgvector,1,insert_texto,-,403,0,0.002883400
pgvector,1,insert_texto,-,404,0,0.002889300
pgvector,1,insert_texto,-,405,0,0.002823500
pgvector,1,insert_texto,-,406,0,0.002733100
pgvector,1,insert_texto,-,407,0,0.002886100
pgvector,1,insert_texto,-,408,0,0.002657200
pgvector,1,insert_texto,-,409,0,0.003111600
pgvector,1,insert_texto,-,410,0,0.002988800
pgvector,1,insert_texto,-,411,0,0.003141300
pgvector,1,insert_texto,-,412,0,0.002980100
pgvector,1,insert_texto,-,413,0,0.002767600
pgvector,1,insert_texto,-,414,0,0.002818500
pgvector,1,insert_texto,-,415,0,0.003029700
pgvector,1,insert_texto,-,416,0,0.002997500
pgvector,1,insert_texto,-,417,0,0.002898500
pgvector,1,insert_texto,-,418,0,0.002847400
pgvector,1,insert_texto,-,419,0,0.002882700
pgvector,1,insert_texto,-,420,0,0.003007900
pgvector,1,insert_texto,-,421,0,0.002719900
pgvector,1,insert_texto,-,422,0,0.002752100
pgvector,1,insert_texto,-,423,0,0.003010500
pgvector,1,insert_texto,-,424,0,0.003118900
pgvector,1,insert_texto,-,425,0,0.002828500
pgvector,1,insert_texto,-,426,0,0.003271000
pgvector,1,insert_texto,-,427,0,0.002619500
pgvector,1,insert_texto,-,428,0,0.002925800
pgvector,1,insert_texto,-,429,0,0.002753600
pgvector,1,insert_texto,-,430,0,0.002733100
pgvector,1,insert_texto,-,431,0,0.003201700
pgvector,1,insert_texto,-,432,0,0.002905900
pgvector,1,insert_texto,-,433,0,0.003171200
pgvector,1,insert_texto,-,434,0,0.003068600
pgvector,1,insert_texto,-,435,0,0.002991100
pgvector,1,insert_texto,-,436,0,0.003068900
pgvector,1,insert_texto,-,437,0,0.003252100
pgvector,1,insert_texto,-,438,0,0.003546100
pgvector,1,insert_texto,-,439,0,0.003228700
pgvector,1,insert_texto,-,440,0,0.003327600
pgvector,1,insert_texto,-,441,0,0.003159300
pgvector,1,insert_texto,-,442,0,0.002791900
pgvector,1,insert_texto,-,443,0,0.002697000
pgvector,1,insert_texto,-,444,0,0.003122800
pgvector,1,insert_texto,-,445,0,0.002723900
pgvector,1,insert_texto,-,446,0,0.002856800
pgvector,1,insert_texto,-,447,0,0.002802300
pgvector,1,insert_texto,-,448,0,0.002793000
pgvector,1,insert_texto,-,449,0,0.002810000
pgvector,1,insert_texto,-,450,0,0.002914900
pgvector,1,insert_texto,-,451,0,0.002745700
pgvector,1,insert_texto,-,452,0,0.003081100
pgvector,1,insert_texto,-,453,0,0.002921100
pgvector,1,insert_texto,-,454,0,0.002978900
pgvector,1,insert_texto,-,455,0,0.002884500
pgvector,1,insert_texto,-,456,0,0.002858600
pgvector,1,insert_texto,-,457,0,0.002776700
pgvector,1,insert_texto,-,458,0,0.002761500
pgvector,1,insert_texto,-,459,0,0.002906800
pgvector,1,insert_texto,-,460,0,0.002904200
pgvector,1,insert_texto,-,461,0,0.002924900
pgvector,1,insert_texto,-,462,0,0.003047600
pgvector,1,insert_texto,-,463,0,0.003116100
pgvector,1,insert_texto,-,464,0,0.002886900
pgvector,1,insert_texto,-,465,0,0.002918200
pgvector,1,insert_texto,-,466,0,0.002780300
pgvector,1,insert_texto,-,467,0,0.002825300
pgvector,1,insert_texto,-,468,0,0.002790600
pgvector,1,insert_texto,-,469,0,0.003167500
pgvector,1,insert_texto,-,470,0,0.003169400
pgvector,1,insert_texto,-,471,0,0.002782400
pgvector,1,insert_texto,-,472,0,0.002761100
pgvector,1,insert_texto,-,473,0,0.002745000
pgvector,1,insert_texto,-,474,0,0.002991200
pgvector,1,insert_texto,-,475,0,0.002688400
pgvector,1,insert_texto,-,476,0,0.002742800
pgvector,1,insert_texto,-,477,0,0.002873600
pgvector,1,insert_texto,-,478,0,0.003338700
pgvector,1,insert_texto,-,479,0,0.003248600
pgvector,1,insert_texto,-,480,0,0.003780200
pgvector,1,insert_texto,-,481,0,0.003786000
pgvector,1,insert_texto,-,482,0,0.002863300
pgvector,1,insert_texto,-,483,0,0.002976000
pgvector,1,insert_texto,-,484,0,0.003029900
pgvector,1,insert_texto,-,485,0,0.002761000
pgvector,1,insert_texto,-,486,0,0.002676800
pgvector,1,insert_texto,-,487,0,0.002732800
pgvector,1,insert_texto,-,488,0,0.002702800
pgvector,1,insert_texto,-,489,0,0.002840800
pgvector,1,insert_texto,-,490,0,0.002965400
pgvector,1,insert_texto,-,491,0,0.002754300
pgvector,1,insert_texto,-,492,0,0.002890000
pgvector,1,insert_texto,-,493,0,0.002830500
pgvector,1,insert_texto,-,494,0,0.002897400
pgvector,1,insert_texto,-,495,0,0.002862700
pgvector,1,insert_texto,-,496,0,0.002571700
pgvector,1,insert_texto,-,497,0,0.002837900
pgvector,1,insert_texto,-,498,0,0.002778700
pgvector,1,insert_texto,-,499,0,0.003091000
pgvector,1,insert_texto,-,500,0,0.003040700
pgvector,1,insert_texto,-,501,0,0.002766900
pgvector,1,insert_texto,-,502,0,0.002888300
pgvector,1,insert_texto,-,503,0,0.002732400
pgvector,1,insert_texto,-,504,0,0.002700100
pgvector,1,insert_texto,-,505,0,0.002768200
pgvector,1,insert_texto,-,506,0,0.003250900
pgvector,1,insert_texto,-,507,0,0.002869100
pgvector,1,insert_texto,-,508,0,0.002673800
pgvector,1,insert_texto,-,509,0,0.002750300
pgvector,1,insert_texto,-,510,0,0.002680800
pgvector,1,insert_texto,-,511,0,0.002670600
pgvector,1,insert_texto,-,512,0,0.002916200
pgvector,1,insert_texto,-,513,0,0.002963200
pgvector,1,insert_texto,-,514,0,0.002983400
pgvector,1,insert_texto,-,515,0,0.002834500
pgvector,1,insert_texto,-,516,0,0.002653000
pgvector,1,insert_texto,-,517,0,0.002799500
pgvector,1,insert_texto,-,518,0,0.002845400
pgvector,1,insert_texto,-,519,0,0.002666800
pgvector,1,insert_texto,-,520,0,0.003162700
pgvector,1,insert_texto,-,521,0,0.003223600
pgvector,1,insert_texto,-,522,0,0.003006300
pgvector,1,insert_texto,-,523,0,0.003146500
pgvector,1,insert_texto,-,524,0,0.003121700
pgvector,1,insert_texto,-,525,0,0.003264100
pgvector,1,insert_texto,-,526,0,0.003147600
pgvector,1,insert_texto,-,527,0,0.003486300
pgvector,1,insert_texto,-,528,0,0.003414300
pgvector,1,insert_texto,-,529,0,0.003357400
pgvector,1,insert_texto,-,530,0,0.003058200
pgvector,1,insert_texto,-,531,0,0.003045800
pgvector,1,insert_texto,-,532,0,0.003113200
pgvector,1,insert_texto,-,533,0,0.003373200
pgvector,1,insert_texto,-,534,0,0.003773100
pgvector,1,insert_texto,-,535,0,0.003402100
pgvector,1,insert_texto,-,536,0,0.002964800
pgvector,1,insert_texto,-,537,0,0.003094700
pgvector,1,insert_texto,-,538,0,0.003077900
pgvector,1,insert_texto,-,539,0,0.003442200
pgvector,1,insert_texto,-,540,0,0.003565100
pgvector,1,insert_texto,-,541,0,0.003354200
pgvector,1,insert_texto,-,542,0,0.003805800
pgvector,1,insert_texto,-,543,0,0.003625700
pgvector,1,insert_texto,-,544,0,0.003909600
pgvector,1,insert_texto,-,545,0,0.003370000
pgvector,1,insert_texto,-,546,0,0.004296800
pgvector,1,insert_texto,-,547,0,0.003995600
pgvector,1,insert_texto,-,548,0,0.003330200
pgvector,1,insert_texto,-,549,0,0.003427200
pgvector,1,insert_texto,-,550,0,0.003370200
pgvector,1,insert_texto,-,551,0,0.003093000
pgvector,1,insert_texto,-,552,0,0.003156500
pgvector,1,insert_texto,-,553,0,0.003116600
pgvector,1,insert_texto,-,554,0,0.003592600
pgvector,1,insert_texto,-,555,0,0.003178700
pgvector,1,insert_texto,-,556,0,0.003022300
pgvector,1,insert_texto,-,557,0,0.003217100
pgvector,1,insert_texto,-,558,0,0.002967400
pgvector,1,insert_texto,-,559,0,0.003227600
pgvector,1,insert_texto,-,560,0,0.003224100
pgvector,1,insert_texto,-,561,0,0.003696900
pgvector,1,insert_texto,-,562,0,0.003063100
pgvector,1,insert_texto,-,563,0,0.003193300
pgvector,1,insert_texto,-,564,0,0.002998000
pgvector,1,insert_texto,-,565,0,0.003198600
pgvector,1,insert_texto,-,566,0,0.003301500
pgvector,1,insert_texto,-,567,0,0.003079700
pgvector,1,insert_texto,-,568,0,0.003148200
pgvector,1,insert_texto,-,569,0,0.003031800
pgvector,1,insert_texto,-,570,0,0.003229400
pgvector,1,insert_texto,-,571,0,0.003269200
pgvector,1,insert_texto,-,572,0,0.003283900
pgvector,1,insert_texto,-,573,0,0.003371200
pgvector,1,insert_texto,-,574,0,0.003567100
pgvector,1,insert_texto,-,575,0,0.003213700
pgvector,1,insert_texto,-,576,0,0.002949600
pgvector,1,insert_texto,-,577,0,0.003065800
pgvector,1,insert_texto,-,578,0,0.003181800
pgvector,1,insert_texto,-,579,0,0.003089700
pgvector,1,insert_texto,-,580,0,0.003145100
pgvector,1,insert_texto,-,581,0,0.004003200
pgvector,1,insert_texto,-,582,0,0.004179000
pgvector,1,insert_texto,-,583,0,0.003901500
pgvector,1,insert_texto,-,584,0,0.003849400
pgvector,1,insert_texto,-,585,0,0.003768400
pgvector,1,insert_texto,-,586,0,0.003313100
pgvector,1,insert_texto,-,587,0,0.003805300
pgvector,1,insert_texto,-,588,0,0.003516000
pgvector,1,insert_texto,-,589,0,0.003546800
pgvector,1,insert_texto,-,590,0,0.003726400
pgvector,1,insert_texto,-,591,0,0.003944100
pgvector,1,insert_texto,-,592,0,0.003599100
pgvector,1,insert_texto,-,593,0,0.003636600
pgvector,1,insert_texto,-,594,0,0.003354100
pgvector,1,insert_texto,-,595,0,0.003557900
pgvector,1,insert_texto,-,596,0,0.003786000
pgvector,1,insert_texto,-,597,0,0.003681000
pgvector,1,insert_texto,-,598,0,0.003932600
pgvector,1,insert_texto,-,599,0,0.004234200
pgvector,1,insert_texto,-,600,0,0.004035000
pgvector,1,insert_texto,-,601,0,0.003588300
pgvector,1,insert_texto,-,602,0,0.003888200
pgvector,1,insert_texto,-,603,0,0.003959800
pgvector,1,insert_texto,-,604,0,0.003728300
pgvector,1,insert_texto,-,605,0,0.003883600
pgvector,1,insert_texto,-,606,0,0.004056900
pgvector,1,insert_texto,-,607,0,0.003988300
pgvector,1,insert_texto,-,608,0,0.004104300
pgvector,1,insert_texto,-,609,0,0.003837400
pgvector,1,insert_texto,-,610,0,0.004054100
pgvector,1,insert_texto,-,611,0,0.004249300
pgvector,1,insert_texto,-,612,0,0.004418200
pgvector,1,insert_texto,-,613,0,0.004098000
pgvector,1,insert_texto,-,614,0,0.003526600
pgvector,1,insert_texto,-,615,0,0.003589600
pgvector,1,insert_texto,-,616,0,0.003762800
pgvector,1,insert_texto,-,617,0,0.004053800
pgvector,1,insert_texto,-,618,0,0.004283700
pgvector,1,insert_texto,-,619,0,0.004277900
pgvector,1,insert_texto,-,620,0,0.004076500
pgvector,1,insert_texto,-,621,0,0.004376300
pgvector,1,insert_texto,-,622,0,0.003378800
pgvector,1,insert_texto,-,623,0,0.003520400
pgvector,1,insert_texto,-,624,0,0.003315400
pgvector,1,insert_texto,-,625,0,0.003200500
pgvector,1,insert_texto,-,626,0,0.003269400
pgvector,1,insert_texto,-,627,0,0.003379800
pgvector,1,insert_texto,-,628,0,0.003231600
pgvector,1,insert_texto,-,629,0,0.003129900
pgvector,1,insert_texto,-,630,0,0.003008200
pgvector,1,insert_texto,-,631,0,0.002748200
pgvector,1,insert_texto,-,632,0,0.002534500
pgvector,1,insert_texto,-,633,0,0.002633400
pgvector,1,insert_texto,-,634,0,0.002629500
pgvector,1,insert_texto,-,635,0,0.002630300
pgvector,1,insert_texto,-,636,0,0.002509800
pgvector,1,insert_texto,-,637,0,0.002763600
pgvector,1,insert_texto,-,638,0,0.002599200
pgvector,1,insert_texto,-,639,0,0.002693700
pgvector,1,insert_texto,-,640,0,0.002802600
pgvector,1,insert_texto,-,641,0,0.002755400
pgvector,1,insert_texto,-,642,0,0.002794000
pgvector,1,insert_texto,-,643,0,0.002703600
pgvector,1,insert_texto,-,644,0,0.002785700
pgvector,1,insert_texto,-,645,0,0.003065600
pgvector,1,insert_texto,-,646,0,0.002662100
pgvector,1,insert_texto,-,647,0,0.002759700
pgvector,1,insert_texto,-,648,0,0.002644100
pgvector,1,insert_texto,-,649,0,0.002758600
pgvector,1,insert_texto,-,650,0,0.003192100
pgvector,1,insert_texto,-,651,0,0.002868200
pgvector,1,insert_texto,-,652,0,0.002586200
pgvector,1,insert_texto,-,653,0,0.002761800
pgvector,1,insert_texto,-,654,0,0.002732700
pgvector,1,insert_texto,-,655,0,0.002660400
pgvector,1,insert_texto,-,656,0,0.003122900
pgvector,1,insert_texto,-,657,0,0.003044700
pgvector,1,insert_texto,-,658,0,0.002842800
pgvector,1,insert_texto,-,659,0,0.003210100
pgvector,1,insert_texto,-,660,0,0.002781500
pgvector,1,insert_texto,-,661,0,0.003184800
pgvector,1,insert_texto,-,662,0,0.002881600
pgvector,1,insert_texto,-,663,0,0.003135900
pgvector,1,insert_texto,-,664,0,0.002826100
pgvector,1,insert_texto,-,665,0,0.002836000
pgvector,1,insert_texto,-,666,0,0.002962500
pgvector,1,insert_texto,-,667,0,0.002717100
pgvector,1,insert_texto,-,668,0,0.002584100
pgvector,1,insert_texto,-,669,0,0.002598600
pgvector,1,insert_texto,-,670,0,0.002411800
pgvector,1,insert_texto,-,671,0,0.002591800
pgvector,1,insert_texto,-,672,0,0.002471900
pgvector,1,insert_texto,-,673,0,0.002321400
pgvector,1,insert_texto,-,674,0,0.002444600
pgvector,1,insert_texto,-,675,0,0.002524200
pgvector,1,insert_texto,-,676,0,0.002416300
pgvector,1,insert_texto,-,677,0,0.002649900
pgvector,1,insert_texto,-,678,0,0.002635900
pgvector,1,insert_texto,-,679,0,0.002542400
pgvector,1,insert_texto,-,680,0,0.002782300
pgvector,1,insert_texto,-,681,0,0.002649700
pgvector,1,insert_texto,-,682,0,0.002467800
pgvector,1,insert_texto,-,683,0,0.002521100
pgvector,1,insert_texto,-,684,0,0.002406400
pgvector,1,insert_texto,-,685,0,0.002705800
pgvector,1,insert_texto,-,686,0,0.002512900
pgvector,1,insert_texto,-,687,0,0.002462100
pgvector,1,insert_texto,-,688,0,0.002454600
pgvector,1,insert_texto,-,689,0,0.002500100
pgvector,1,insert_texto,-,690,0,0.002575900
pgvector,1,insert_texto,-,691,0,0.002825000
pgvector,1,insert_texto,-,692,0,0.003015100
pgvector,1,insert_texto,-,693,0,0.002980700
pgvector,1,insert_texto,-,694,0,0.002510300
pgvector,1,insert_texto,-,695,0,0.002560200
pgvector,1,insert_texto,-,696,0,0.002615300
pgvector,1,insert_texto,-,697,0,0.002703400
pgvector,1,insert_texto,-,698,0,0.002619600
pgvector,1,insert_texto,-,699,0,0.002707700
pgvector,1,insert_texto,-,700,0,0.003546000
pgvector,1,insert_texto,-,701,0,0.003104300
pgvector,1,insert_texto,-,702,0,0.003452600
pgvector,1,insert_texto,-,703,0,0.002951000
pgvector,1,insert_texto,-,704,0,0.002590300
pgvector,1,insert_texto,-,705,0,0.002776300
pgvector,1,insert_texto,-,706,0,0.002654700
pgvector,1,insert_texto,-,707,0,0.002626300
pgvector,1,insert_texto,-,708,0,0.002979800
pgvector,1,insert_texto,-,709,0,0.002786600
pgvector,1,insert_texto,-,710,0,0.002567300
pgvector,1,insert_texto,-,711,0,0.002909800
pgvector,1,insert_texto,-,712,0,0.002639500
pgvector,1,insert_texto,-,713,0,0.002840100
pgvector,1,insert_texto,-,714,0,0.002542700
pgvector,1,insert_texto,-,715,0,0.002554000
pgvector,1,insert_texto,-,716,0,0.002472900
pgvector,1,insert_texto,-,717,0,0.002854100
pgvector,1,insert_texto,-,718,0,0.003095800
pgvector,1,insert_texto,-,719,0,0.003195900
pgvector,1,insert_texto,-,720,0,0.003111500
pgvector,1,insert_texto,-,721,0,0.003245800
pgvector,1,insert_texto,-,722,0,0.003133300
pgvector,1,insert_texto,-,723,0,0.002890000
pgvector,1,insert_texto,-,724,0,0.002639600
pgvector,1,insert_texto,-,725,0,0.002514300
pgvector,1,insert_texto,-,726,0,0.002489500
pgvector,1,insert_texto,-,727,0,0.002474100
pgvector,1,insert_texto,-,728,0,0.002438200
pgvector,1,insert_texto,-,729,0,0.002523800
pgvector,1,insert_texto,-,730,0,0.002526400
pgvector,1,insert_texto,-,731,0,0.002769100
pgvector,1,insert_texto,-,732,0,0.002634000
pgvector,1,insert_texto,-,733,0,0.002435600
pgvector,1,insert_texto,-,734,0,0.002654100
pgvector,1,insert_texto,-,735,0,0.002613200
pgvector,1,insert_texto,-,736,0,0.002720500
pgvector,1,insert_texto,-,737,0,0.003029500
pgvector,1,insert_texto,-,738,0,0.002788100
pgvector,1,insert_texto,-,739,0,0.002498400
pgvector,1,insert_texto,-,740,0,0.002692200
pgvector,1,insert_texto,-,741,0,0.002545700
pgvector,1,insert_texto,-,742,0,0.002948400
pgvector,1,insert_texto,-,743,0,0.002679700
pgvector,1,insert_texto,-,744,0,0.003135800
pgvector,1,insert_texto,-,745,0,0.003058400
pgvector,1,insert_texto,-,746,0,0.002916900
pgvector,1,insert_texto,-,747,0,0.002649700
pgvector,1,insert_texto,-,748,0,0.002866200
pgvector,1,insert_texto,-,749,0,0.002566400
pgvector,1,insert_texto,-,750,0,0.002865200
pgvector,1,insert_texto,-,751,0,0.002990000
pgvector,1,insert_texto,-,752,0,0.002864500
pgvector,1,insert_texto,-,753,0,0.002551600
pgvector,1,insert_texto,-,754,0,0.002847600
pgvector,1,insert_texto,-,755,0,0.002616000
pgvector,1,insert_texto,-,756,0,0.002824900
pgvector,1,insert_texto,-,757,0,0.002760900
pgvector,1,insert_texto,-,758,0,0.002724100
pgvector,1,insert_texto,-,759,0,0.002493200
pgvector,1,insert_texto,-,760,0,0.003023800
pgvector,1,insert_texto,-,761,0,0.002946700
pgvector,1,insert_texto,-,762,0,0.002792100
pgvector,1,insert_texto,-,763,0,0.002682100
pgvector,1,insert_texto,-,764,0,0.002713100
pgvector,1,insert_texto,-,765,0,0.003014100
pgvector,1,insert_texto,-,766,0,0.002571300
pgvector,1,insert_texto,-,767,0,0.003044500
pgvector,1,insert_texto,-,768,0,0.002547600
pgvector,1,insert_texto,-,769,0,0.002476300
pgvector,1,insert_texto,-,770,0,0.002489700
pgvector,1,insert_texto,-,771,0,0.002515700
pgvector,1,insert_texto,-,772,0,0.002652800
pgvector,1,insert_texto,-,773,0,0.002704800
pgvector,1,insert_texto,-,774,0,0.002890400
pgvector,1,insert_texto,-,775,0,0.002941700
pgvector,1,insert_texto,-,776,0,0.002754200
pgvector,1,insert_texto,-,777,0,0.002518500
pgvector,1,insert_texto,-,778,0,0.002582500
pgvector,1,insert_texto,-,779,0,0.002462800
pgvector,1,insert_texto,-,780,0,0.002896600
pgvector,1,insert_texto,-,781,0,0.002386800
pgvector,1,insert_texto,-,782,0,0.002513700
pgvector,1,insert_texto,-,783,0,0.002388900
pgvector,1,insert_texto,-,784,0,0.002480400
pgvector,1,insert_texto,-,785,0,0.002543400
pgvector,1,insert_texto,-,786,0,0.002833000
pgvector,1,insert_texto,-,787,0,0.002497000
pgvector,1,insert_texto,-,788,0,0.002460700
pgvector,1,insert_texto,-,789,0,0.002349600
pgvector,1,insert_texto,-,790,0,0.002348800
pgvector,1,insert_texto,-,791,0,0.002480600
pgvector,1,insert_texto,-,792,0,0.002538600
pgvector,1,insert_texto,-,793,0,0.003126300
pgvector,1,insert_texto,-,794,0,0.002686000
pgvector,1,insert_texto,-,795,0,0.002565100
pgvector,1,insert_texto,-,796,0,0.002693600
pgvector,1,insert_texto,-,797,0,0.002431500
pgvector,1,insert_texto,-,798,0,0.002619000
pgvector,1,insert_texto,-,799,0,0.002844000
pgvector,1,insert_texto,-,800,0,0.002643400
pgvector,1,insert_texto,-,801,0,0.002698200
pgvector,1,insert_texto,-,802,0,0.003066000
pgvector,1,insert_texto,-,803,0,0.003010200
pgvector,1,insert_texto,-,804,0,0.003044400
pgvector,1,insert_texto,-,805,0,0.002609000
pgvector,1,insert_texto,-,806,0,0.002589400
pgvector,1,insert_texto,-,807,0,0.002526700
pgvector,1,insert_texto,-,808,0,0.002624000
pgvector,1,insert_texto,-,809,0,0.002580700
pgvector,1,insert_texto,-,810,0,0.003396700
pgvector,1,insert_texto,-,811,0,0.003156300
pgvector,1,insert_texto,-,812,0,0.002986200
pgvector,1,insert_texto,-,813,0,0.002808600
pgvector,1,insert_texto,-,814,0,0.002957600
pgvector,1,insert_texto,-,815,0,0.003382400
pgvector,1,insert_texto,-,816,0,0.003028500
pgvector,1,insert_texto,-,817,0,0.003606900
pgvector,1,insert_texto,-,818,0,0.002845800
pgvector,1,insert_texto,-,819,0,0.002562300
pgvector,1,insert_texto,-,820,0,0.003010200
pgvector,1,insert_texto,-,821,0,0.002842700
pgvector,1,insert_texto,-,822,0,0.002438200
pgvector,1,insert_texto,-,823,0,0.002367700
pgvector,1,insert_texto,-,824,0,0.002637000
pgvector,1,insert_texto,-,825,0,0.002753300
pgvector,1,insert_texto,-,826,0,0.002817500
pgvector,1,insert_texto,-,827,0,0.002644800
pgvector,1,insert_texto,-,828,0,0.002582300
pgvector,1,insert_texto,-,829,0,0.002559600
pgvector,1,insert_texto,-,830,0,0.002846200
pgvector,1,insert_texto,-,831,0,0.002490600
pgvector,1,insert_texto,-,832,0,0.002670400
pgvector,1,insert_texto,-,833,0,0.002791400
pgvector,1,insert_texto,-,834,0,0.002525400
pgvector,1,insert_texto,-,835,0,0.002437200
pgvector,1,insert_texto,-,836,0,0.002539600
pgvector,1,insert_texto,-,837,0,0.002293300
pgvector,1,insert_texto,-,838,0,0.002483000
pgvector,1,insert_texto,-,839,0,0.002387400
pgvector,1,insert_texto,-,840,0,0.002673900
pgvector,1,insert_texto,-,841,0,0.002651800
pgvector,1,insert_texto,-,842,0,0.002642900
pgvector,1,insert_texto,-,843,0,0.002506400
pgvector,1,insert_texto,-,844,0,0.002592700
pgvector,1,insert_texto,-,845,0,0.002449200
pgvector,1,insert_texto,-,846,0,0.002505900
pgvector,1,insert_texto,-,847,0,0.002487700
pgvector,1,insert_texto,-,848,0,0.002648300
pgvector,1,insert_texto,-,849,0,0.002391700
pgvector,1,insert_texto,-,850,0,0.002358600
pgvector,1,insert_texto,-,851,0,0.002172500
pgvector,1,insert_texto,-,852,0,0.002441200
pgvector,1,insert_texto,-,853,0,0.002144700
pgvector,1,insert_texto,-,854,0,0.002409900
pgvector,1,insert_texto,-,855,0,0.002480300
pgvector,1,insert_texto,-,856,0,0.002320200
pgvector,1,insert_texto,-,857,0,0.002382000
pgvector,1,insert_texto,-,858,0,0.002300500
pgvector,1,insert_texto,-,859,0,0.002447900
pgvector,1,insert_texto,-,860,0,0.002348900
pgvector,1,insert_texto,-,861,0,0.002391700
pgvector,1,insert_texto,-,862,0,0.002313700
pgvector,1,insert_texto,-,863,0,0.002142000
pgvector,1,insert_texto,-,864,0,0.002774000
pgvector,1,insert_texto,-,865,0,0.002389700
pgvector,1,insert_texto,-,866,0,0.002373400
pgvector,1,insert_texto,-,867,0,0.002396200
pgvector,1,insert_texto,-,868,0,0.002197900
pgvector,1,insert_texto,-,869,0,0.002371400
pgvector,1,insert_texto,-,870,0,0.002399700
pgvector,1,insert_texto,-,871,0,0.002664500
pgvector,1,insert_texto,-,872,0,0.002448300
pgvector,1,insert_texto,-,873,0,0.002206400
pgvector,1,insert_texto,-,874,0,0.002257300
pgvector,1,insert_texto,-,875,0,0.002256300
pgvector,1,insert_texto,-,876,0,0.002487800
pgvector,1,insert_texto,-,877,0,0.002313900
pgvector,1,insert_texto,-,878,0,0.002212200
pgvector,1,insert_texto,-,879,0,0.002341300
pgvector,1,insert_texto,-,880,0,0.002116400
pgvector,1,insert_texto,-,881,0,0.002357700
pgvector,1,insert_texto,-,882,0,0.002276500
pgvector,1,insert_texto,-,883,0,0.002378300
pgvector,1,insert_texto,-,884,0,0.002353500
pgvector,1,insert_texto,-,885,0,0.002171300
pgvector,1,insert_texto,-,886,0,0.002245900
pgvector,1,insert_texto,-,887,0,0.002080300
pgvector,1,insert_texto,-,888,0,0.002295100
pgvector,1,insert_texto,-,889,0,0.002322900
pgvector,1,insert_texto,-,890,0,0.002477900
pgvector,1,insert_texto,-,891,0,0.002571400
pgvector,1,insert_texto,-,892,0,0.002202100
pgvector,1,insert_texto,-,893,0,0.002571300
pgvector,1,insert_texto,-,894,0,0.002241300
pgvector,1,insert_texto,-,895,0,0.002198200
pgvector,1,insert_texto,-,896,0,0.002184300
pgvector,1,insert_texto,-,897,0,0.002481700
pgvector,1,insert_texto,-,898,0,0.002273300
pgvector,1,insert_texto,-,899,0,0.002174400
pgvector,1,insert_texto,-,900,0,0.002191100
pgvector,1,insert_texto,-,901,0,0.002236100
pgvector,1,insert_texto,-,902,0,0.002366200
pgvector,1,insert_texto,-,903,0,0.002208000
pgvector,1,insert_texto,-,904,0,0.002220600
pgvector,1,insert_texto,-,905,0,0.002638100
pgvector,1,insert_texto,-,906,0,0.002898100
pgvector,1,insert_texto,-,907,0,0.002694100
pgvector,1,insert_texto,-,908,0,0.002740600
pgvector,1,insert_texto,-,909,0,0.002698600
pgvector,1,insert_texto,-,910,0,0.002854900
pgvector,1,insert_texto,-,911,0,0.003182400
pgvector,1,insert_texto,-,912,0,0.003506500
pgvector,1,insert_texto,-,913,0,0.002459500
pgvector,1,insert_texto,-,914,0,0.002384600
pgvector,1,insert_texto,-,915,0,0.002268800
pgvector,1,insert_texto,-,916,0,0.002688500
pgvector,1,insert_texto,-,917,0,0.002586100
pgvector,1,insert_texto,-,918,0,0.002679300
pgvector,1,insert_texto,-,919,0,0.002416800
pgvector,1,insert_texto,-,920,0,0.002288500
pgvector,1,insert_texto,-,921,0,0.002320700
pgvector,1,insert_texto,-,922,0,0.002356200
pgvector,1,insert_texto,-,923,0,0.002710500
pgvector,1,insert_texto,-,924,0,0.002554500
pgvector,1,insert_texto,-,925,0,0.002507400
pgvector,1,insert_texto,-,926,0,0.002695000
pgvector,1,insert_texto,-,927,0,0.002443300
pgvector,1,insert_texto,-,928,0,0.002388800
pgvector,1,insert_texto,-,929,0,0.002315500
pgvector,1,insert_texto,-,930,0,0.002643000
pgvector,1,insert_texto,-,931,0,0.002271500
pgvector,1,insert_texto,-,932,0,0.002358300
pgvector,1,insert_texto,-,933,0,0.002393900
pgvector,1,insert_texto,-,934,0,0.002538100
pgvector,1,insert_texto,-,935,0,0.002754700
pgvector,1,insert_texto,-,936,0,0.002445700
pgvector,1,insert_texto,-,937,0,0.002513400
pgvector,1,insert_texto,-,938,0,0.002921400
pgvector,1,insert_texto,-,939,0,0.002788300
pgvector,1,insert_texto,-,940,0,0.002533100
pgvector,1,insert_texto,-,941,0,0.002321600
pgvector,1,insert_texto,-,942,0,0.002680900
pgvector,1,insert_texto,-,943,0,0.002512600
pgvector,1,insert_texto,-,944,0,0.002529100
pgvector,1,insert_texto,-,945,0,0.002916400
pgvector,1,insert_texto,-,946,0,0.003050200
pgvector,1,insert_texto,-,947,0,0.003123300
pgvector,1,insert_texto,-,948,0,0.002596500
pgvector,1,insert_texto,-,949,0,0.002953200
pgvector,1,insert_texto,-,950,0,0.002348900
pgvector,1,insert_texto,-,951,0,0.002362400
pgvector,1,insert_texto,-,952,0,0.002418100
pgvector,1,insert_texto,-,953,0,0.002154200
pgvector,1,insert_texto,-,954,0,0.002180300
pgvector,1,insert_texto,-,955,0,0.002099000
pgvector,1,insert_texto,-,956,0,0.002387900
pgvector,1,insert_texto,-,957,0,0.003218300
pgvector,1,insert_texto,-,958,0,0.002745500
pgvector,1,insert_texto,-,959,0,0.002735600
pgvector,1,insert_texto,-,960,0,0.002565600
pgvector,1,insert_texto,-,961,0,0.002802400
pgvector,1,insert_texto,-,962,0,0.002821900
pgvector,1,insert_texto,-,963,0,0.002717400
pgvector,1,insert_texto,-,964,0,0.002714200
pgvector,1,insert_texto,-,965,0,0.002606500
pgvector,1,insert_texto,-,966,0,0.002336700
pgvector,1,insert_texto,-,967,0,0.002222100
pgvector,1,insert_texto,-,968,0,0.002549600
pgvector,1,insert_texto,-,969,0,0.002389800
pgvector,1,insert_texto,-,970,0,0.002517100
pgvector,1,insert_texto,-,971,0,0.002460800
pgvector,1,insert_texto,-,972,0,0.002167700
pgvector,1,insert_texto,-,973,0,0.002195000
pgvector,1,insert_texto,-,974,0,0.002334100
pgvector,1,insert_texto,-,975,0,0.002517400
pgvector,1,insert_texto,-,976,0,0.002479600
pgvector,1,insert_texto,-,977,0,0.002568600
pgvector,1,insert_texto,-,978,0,0.002218900
pgvector,1,insert_texto,-,979,0,0.002357900
pgvector,1,insert_texto,-,980,0,0.002485800
pgvector,1,insert_texto,-,981,0,0.002423400
pgvector,1,insert_texto,-,982,0,0.002298800
pgvector,1,insert_texto,-,983,0,0.002391000
pgvector,1,insert_texto,-,984,0,0.002418900
pgvector,1,insert_texto,-,985,0,0.002519200
pgvector,1,insert_texto,-,986,0,0.002764800
pgvector,1,insert_texto,-,987,0,0.002330300
pgvector,1,insert_texto,-,988,0,0.002378600
pgvector,1,insert_texto,-,989,0,0.002363500
pgvector,1,insert_texto,-,990,0,0.002600200
pgvector,1,insert_texto,-,991,0,0.002557200
pgvector,1,insert_texto,-,992,0,0.002702300
pgvector,1,insert_texto,-,993,0,0.002335600
pgvector,1,insert_texto,-,994,0,0.002450000
pgvector,1,insert_texto,-,995,0,0.002557900
pgvector,1,insert_texto,-,996,0,0.002809000
pgvector,1,insert_texto,-,997,0,0.002651300
pgvector,1,insert_texto,-,998,0,0.002427200
pgvector,1,insert_texto,-,999,0,0.002424000
pgvector,1,insert_texto,-,1000,0,0.002869600
pgvector,1,insert_texto,-,1001,0,0.003171700
pgvector,1,insert_texto,-,1002,0,0.002784700
pgvector,1,insert_texto,-,1003,0,0.002720900
pgvector,1,insert_texto,-,1004,0,0.002818500
pgvector,1,insert_texto,-,1005,0,0.002730000
pgvector,1,insert_texto,-,1006,0,0.002665300
pgvector,1,insert_texto,-,1007,0,0.002579100
pgvector,1,insert_texto,-,1008,0,0.002335900
pgvector,1,insert_texto,-,1009,0,0.002559500
pgvector,1,insert_texto,-,1010,0,0.002369500
pgvector,1,insert_texto,-,1011,0,0.002433500
pgvector,1,insert_texto,-,1012,0,0.002535200
pgvector,1,insert_texto,-,1013,0,0.002344400
pgvector,1,insert_texto,-,1014,0,0.002533000
pgvector,1,insert_texto,-,1015,0,0.002378200
pgvector,1,insert_texto,-,1016,0,0.002419400
pgvector,1,insert_texto,-,1017,0,0.002334400
pgvector,1,insert_texto,-,1018,0,0.002219700
pgvector,1,insert_texto,-,1019,0,0.002313400
pgvector,1,insert_texto,-,1020,0,0.002425800
pgvector,1,insert_texto,-,1021,0,0.002486500
pgvector,1,insert_texto,-,1022,0,0.002349200
pgvector,1,insert_texto,-,1023,0,0.002257900
pgvector,1,insert_texto,-,1024,0,0.002379500
pgvector,1,insert_texto,-,1025,0,0.002446200
pgvector,1,insert_texto,-,1026,0,0.002441400
pgvector,1,insert_texto,-,1027,0,0.002796000
pgvector,1,insert_texto,-,1028,0,0.002248900
pgvector,1,insert_texto,-,1029,0,0.002185900
pgvector,1,insert_texto,-,1030,0,0.002358900
pgvector,1,insert_texto,-,1031,0,0.002468300
pgvector,1,insert_texto,-,1032,0,0.002314800
pgvector,1,insert_texto,-,1033,0,0.002160500
pgvector,1,insert_texto,-,1034,0,0.002903000
pgvector,1,insert_texto,-,1035,0,0.002426400
pgvector,1,insert_texto,-,1036,0,0.002367000
pgvector,1,insert_texto,-,1037,0,0.003203600
pgvector,1,insert_texto,-,1038,0,0.002397900
pgvector,1,insert_texto,-,1039,0,0.002146900
pgvector,1,insert_texto,-,1040,0,0.002640900
pgvector,1,insert_texto,-,1041,0,0.002338500
pgvector,1,insert_texto,-,1042,0,0.002206200
pgvector,1,insert_texto,-,1043,0,0.002319300
pgvector,1,insert_texto,-,1044,0,0.002534600
pgvector,1,insert_texto,-,1045,0,0.002796100
pgvector,1,insert_texto,-,1046,0,0.002480700
pgvector,1,insert_texto,-,1047,0,0.002382100
pgvector,1,insert_texto,-,1048,0,0.002466300
pgvector,1,insert_texto,-,1049,0,0.002300800
pgvector,1,insert_texto,-,1050,0,0.002766100
pgvector,1,insert_texto,-,1051,0,0.002527700
pgvector,1,insert_texto,-,1052,0,0.002509400
pgvector,1,insert_texto,-,1053,0,0.002428000
pgvector,1,insert_texto,-,1054,0,0.002360300
pgvector,1,insert_texto,-,1055,0,0.002484800
pgvector,1,insert_texto,-,1056,0,0.002826800
pgvector,1,insert_texto,-,1057,0,0.002711400
pgvector,1,insert_texto,-,1058,0,0.002795300
pgvector,1,insert_texto,-,1059,0,0.002936300
pgvector,1,insert_texto,-,1060,0,0.002697200
pgvector,1,insert_texto,-,1061,0,0.002689900
pgvector,1,insert_texto,-,1062,0,0.002680200
pgvector,1,insert_texto,-,1063,0,0.002721800
pgvector,1,insert_texto,-,1064,0,0.002884800
pgvector,1,insert_texto,-,1065,0,0.002839800
pgvector,1,insert_texto,-,1066,0,0.002694900
pgvector,1,insert_texto,-,1067,0,0.002515800
pgvector,1,insert_texto,-,1068,0,0.002539400
pgvector,1,insert_texto,-,1069,0,0.002486400
pgvector,1,insert_texto,-,1070,0,0.002300400
pgvector,1,insert_texto,-,1071,0,0.002662800
pgvector,1,insert_texto,-,1072,0,0.002473400
pgvector,1,insert_texto,-,1073,0,0.002467100
pgvector,1,insert_texto,-,1074,0,0.002526900
pgvector,1,insert_texto,-,1075,0,0.002347500
pgvector,1,insert_texto,-,1076,0,0.002618100
pgvector,1,insert_texto,-,1077,0,0.002363000
pgvector,1,insert_texto,-,1078,0,0.002519300
pgvector,1,insert_texto,-,1079,0,0.002858300
pgvector,1,insert_texto,-,1080,0,0.002401300
pgvector,1,insert_texto,-,1081,0,0.002436600
pgvector,1,insert_texto,-,1082,0,0.002302500
pgvector,1,insert_texto,-,1083,0,0.002967600
pgvector,1,insert_texto,-,1084,0,0.002448100
pgvector,1,insert_texto,-,1085,0,0.002423400
pgvector,1,insert_texto,-,1086,0,0.002305000
pgvector,1,insert_texto,-,1087,0,0.002328500
pgvector,1,insert_texto,-,1088,0,0.002350000
pgvector,1,insert_texto,-,1089,0,0.002504500
pgvector,1,insert_texto,-,1090,0,0.002402100
pgvector,1,insert_texto,-,1091,0,0.002303500
pgvector,1,insert_texto,-,1092,0,0.002472800
pgvector,1,insert_texto,-,1093,0,0.002387600
pgvector,1,insert_texto,-,1094,0,0.002512300
pgvector,1,insert_texto,-,1095,0,0.002828900
pgvector,1,insert_texto,-,1096,0,0.002975900
pgvector,1,insert_texto,-,1097,0,0.002675700
pgvector,1,insert_texto,-,1098,0,0.002667800
pgvector,1,insert_texto,-,1099,0,0.002791400
pgvector,1,insert_texto,-,1100,0,0.002718600
pgvector,1,insert_texto,-,1101,0,0.003059900
pgvector,1,insert_texto,-,1102,0,0.002736500
pgvector,1,insert_texto,-,1103,0,0.002236300
pgvector,1,insert_texto,-,1104,0,0.002403900
pgvector,1,insert_texto,-,1105,0,0.002354100
pgvector,1,insert_texto,-,1106,0,0.002398000
pgvector,1,insert_texto,-,1107,0,0.002494800
pgvector,1,insert_texto,-,1108,0,0.002434700
pgvector,1,insert_texto,-,1109,0,0.002408900
pgvector,1,insert_texto,-,1110,0,0.002585600
pgvector,1,insert_texto,-,1111,0,0.002465100
pgvector,1,insert_texto,-,1112,0,0.002451500
pgvector,1,insert_texto,-,1113,0,0.002473400
pgvector,1,insert_texto,-,1114,0,0.002487600
pgvector,1,insert_texto,-,1115,0,0.002441400
pgvector,1,insert_texto,-,1116,0,0.002197000
pgvector,1,insert_texto,-,1117,0,0.002947400
pgvector,1,insert_texto,-,1118,0,0.002703600
pgvector,1,insert_texto,-,1119,0,0.002430300
pgvector,1,insert_texto,-,1120,0,0.002539500
pgvector,1,insert_texto,-,1121,0,0.002409500
pgvector,1,insert_texto,-,1122,0,0.002380000
pgvector,1,insert_texto,-,1123,0,0.002184400
pgvector,1,insert_texto,-,1124,0,0.002191600
pgvector,1,insert_texto,-,1125,0,0.002375500
pgvector,1,insert_texto,-,1126,0,0.002563100
pgvector,1,insert_texto,-,1127,0,0.002499400
pgvector,1,insert_texto,-,1128,0,0.002399800
pgvector,1,insert_texto,-,1129,0,0.002170800
pgvector,1,insert_texto,-,1130,0,0.002300600
pgvector,1,insert_texto,-,1131,0,0.002574500
pgvector,1,insert_texto,-,1132,0,0.002426900
pgvector,1,insert_texto,-,1133,0,0.002583500
pgvector,1,insert_texto,-,1134,0,0.002466000
pgvector,1,insert_texto,-,1135,0,0.002344900
pgvector,1,insert_texto,-,1136,0,0.002493900
pgvector,1,insert_texto,-,1137,0,0.002329400
pgvector,1,insert_texto,-,1138,0,0.002342300
pgvector,1,insert_texto,-,1139,0,0.002489200
pgvector,1,insert_texto,-,1140,0,0.002477900
pgvector,1,insert_texto,-,1141,0,0.002612500
pgvector,1,insert_texto,-,1142,0,0.002428200
pgvector,1,insert_texto,-,1143,0,0.002240800
pgvector,1,insert_texto,-,1144,0,0.002478700
pgvector,1,insert_texto,-,1145,0,0.002663200
pgvector,1,insert_texto,-,1146,0,0.002622600
pgvector,1,insert_texto,-,1147,0,0.002267300
pgvector,1,insert_texto,-,1148,0,0.002473000
pgvector,1,insert_texto,-,1149,0,0.002369800
pgvector,1,insert_texto,-,1150,0,0.002445200
pgvector,1,insert_texto,-,1151,0,0.002469400
pgvector,1,insert_texto,-,1152,0,0.002353400
pgvector,1,insert_texto,-,1153,0,0.002407000
pgvector,1,insert_texto,-,1154,0,0.002285900
pgvector,1,insert_texto,-,1155,0,0.002331300
pgvector,1,insert_texto,-,1156,0,0.002333200
pgvector,1,insert_texto,-,1157,0,0.002227100
pgvector,1,insert_texto,-,1158,0,0.002293300
pgvector,1,insert_texto,-,1159,0,0.002527700
pgvector,1,insert_texto,-,1160,0,0.002431700
pgvector,1,insert_texto,-,1161,0,0.002401300
pgvector,1,insert_texto,-,1162,0,0.002220900
pgvector,1,insert_texto,-,1163,0,0.002455900
pgvector,1,insert_texto,-,1164,0,0.002973200
pgvector,1,insert_texto,-,1165,0,0.002396000
pgvector,1,insert_texto,-,1166,0,0.002603000
pgvector,1,insert_texto,-,1167,0,0.002383500
pgvector,1,insert_texto,-,1168,0,0.002471800
pgvector,1,insert_texto,-,1169,0,0.002373400
pgvector,1,insert_texto,-,1170,0,0.002699400
pgvector,1,insert_texto,-,1171,0,0.002383900
pgvector,1,insert_texto,-,1172,0,0.002317500
pgvector,1,insert_texto,-,1173,0,0.002273800
pgvector,1,insert_texto,-,1174,0,0.002260000
pgvector,1,insert_texto,-,1175,0,0.002421200
pgvector,1,insert_texto,-,1176,0,0.002596600
pgvector,1,insert_texto,-,1177,0,0.002607900
pgvector,1,insert_texto,-,1178,0,0.002472600
pgvector,1,insert_texto,-,1179,0,0.002356600
pgvector,1,insert_texto,-,1180,0,0.002282400
pgvector,1,insert_texto,-,1181,0,0.002468500
pgvector,1,insert_texto,-,1182,0,0.002380100
pgvector,1,insert_texto,-,1183,0,0.002486100
pgvector,1,insert_texto,-,1184,0,0.002294700
pgvector,1,insert_texto,-,1185,0,0.002556600
pgvector,1,insert_texto,-,1186,0,0.002607900
pgvector,1,insert_texto,-,1187,0,0.002460500
pgvector,1,insert_texto,-,1188,0,0.002614800
pgvector,1,insert_texto,-,1189,0,0.002727000
pgvector,1,insert_texto,-,1190,0,0.002817400
pgvector,1,insert_texto,-,1191,0,0.003048200
pgvector,1,insert_texto,-,1192,0,0.002857100
pgvector,1,insert_texto,-,1193,0,0.003023100
pgvector,1,insert_texto,-,1194,0,0.002863700
pgvector,1,insert_texto,-,1195,0,0.002970500
pgvector,1,insert_texto,-,1196,0,0.003072900
pgvector,1,insert_texto,-,1197,0,0.002725600
pgvector,1,insert_texto,-,1198,0,0.002558300
pgvector,1,insert_texto,-,1199,0,0.002375600
pgvector,1,insert_texto,-,1200,0,0.003138100
pgvector,1,insert_texto,-,1201,0,0.002524500
pgvector,1,insert_texto,-,1202,0,0.002680100
pgvector,1,insert_texto,-,1203,0,0.002658000
pgvector,1,insert_texto,-,1204,0,0.002707100
pgvector,1,insert_texto,-,1205,0,0.002725600
pgvector,1,insert_texto,-,1206,0,0.003260800
pgvector,1,insert_texto,-,1207,0,0.002802100
pgvector,1,insert_texto,-,1208,0,0.002573200
pgvector,1,insert_texto,-,1209,0,0.002548600
pgvector,1,insert_texto,-,1210,0,0.002411500
pgvector,1,insert_texto,-,1211,0,0.002405900
pgvector,1,insert_texto,-,1212,0,0.002601700
pgvector,1,insert_texto,-,1213,0,0.002793500
pgvector,1,insert_texto,-,1214,0,0.002753500
pgvector,1,insert_texto,-,1215,0,0.002459800
pgvector,1,insert_texto,-,1216,0,0.002642200
pgvector,1,insert_texto,-,1217,0,0.002914700
pgvector,1,insert_texto,-,1218,0,0.002534900
pgvector,1,insert_texto,-,1219,0,0.002449100
pgvector,1,insert_texto,-,1220,0,0.002282700
pgvector,1,insert_texto,-,1221,0,0.002571800
pgvector,1,insert_texto,-,1222,0,0.002581500
pgvector,1,insert_texto,-,1223,0,0.002785000
pgvector,1,insert_texto,-,1224,0,0.002891300
pgvector,1,insert_texto,-,1225,0,0.002602300
pgvector,1,insert_texto,-,1226,0,0.002389300
pgvector,1,insert_texto,-,1227,0,0.002644000
pgvector,1,insert_texto,-,1228,0,0.002562000
pgvector,1,insert_texto,-,1229,0,0.002578600
pgvector,1,insert_texto,-,1230,0,0.002887200
pgvector,1,insert_texto,-,1231,0,0.002419500
pgvector,1,insert_texto,-,1232,0,0.002614200
pgvector,1,insert_texto,-,1233,0,0.002383500
pgvector,1,insert_texto,-,1234,0,0.002304100
pgvector,1,insert_texto,-,1235,0,0.002491800
pgvector,1,insert_texto,-,1236,0,0.002800100
pgvector,1,insert_texto,-,1237,0,0.002273900
pgvector,1,insert_texto,-,1238,0,0.002316600
pgvector,1,insert_texto,-,1239,0,0.002619500
pgvector,1,insert_texto,-,1240,0,0.002597300
pgvector,1,insert_texto,-,1241,0,0.002372400
pgvector,1,insert_texto,-,1242,0,0.002412700
pgvector,1,insert_texto,-,1243,0,0.002355900
pgvector,1,insert_texto,-,1244,0,0.002564700
pgvector,1,insert_texto,-,1245,0,0.002503800
pgvector,1,insert_texto,-,1246,0,0.002395700
pgvector,1,insert_texto,-,1247,0,0.002484800
pgvector,1,insert_texto,-,1248,0,0.002333800
pgvector,1,insert_texto,-,1249,0,0.002801300
pgvector,1,insert_texto,-,1250,0,0.002407700
pgvector,1,insert_texto,-,1251,0,0.002896300
pgvector,1,insert_texto,-,1252,0,0.002637200
pgvector,1,insert_texto,-,1253,0,0.002371900
pgvector,1,insert_texto,-,1254,0,0.002376000
pgvector,1,insert_texto,-,1255,0,0.002786800
pgvector,1,insert_texto,-,1256,0,0.002406700
pgvector,1,insert_texto,-,1257,0,0.002432300
pgvector,1,insert_texto,-,1258,0,0.002766000
pgvector,1,insert_texto,-,1259,0,0.002635300
pgvector,1,insert_texto,-,1260,0,0.002602300
pgvector,1,insert_texto,-,1261,0,0.002873600
pgvector,1,insert_texto,-,1262,0,0.002728300
pgvector,1,insert_texto,-,1263,0,0.002502300
pgvector,1,insert_texto,-,1264,0,0.002522300
pgvector,1,insert_texto,-,1265,0,0.002617800
pgvector,1,insert_texto,-,1266,0,0.002470200
pgvector,1,insert_texto,-,1267,0,0.002620100
pgvector,1,insert_texto,-,1268,0,0.002533000
pgvector,1,insert_texto,-,1269,0,0.002290300
pgvector,1,insert_texto,-,1270,0,0.002243500
pgvector,1,insert_texto,-,1271,0,0.002454200
pgvector,1,insert_texto,-,1272,0,0.002249800
pgvector,1,insert_texto,-,1273,0,0.002238400
pgvector,1,insert_texto,-,1274,0,0.002389700
pgvector,1,insert_texto,-,1275,0,0.002506300
pgvector,1,insert_texto,-,1276,0,0.002503200
pgvector,1,insert_texto,-,1277,0,0.002398300
pgvector,1,insert_texto,-,1278,0,0.002413400
pgvector,1,insert_texto,-,1279,0,0.002412300
pgvector,1,insert_texto,-,1280,0,0.002460400
pgvector,1,insert_texto,-,1281,0,0.002596700
pgvector,1,insert_texto,-,1282,0,0.002425000
pgvector,1,insert_texto,-,1283,0,0.002438400
pgvector,1,insert_texto,-,1284,0,0.002820300
pgvector,1,insert_texto,-,1285,0,0.003063300
pgvector,1,insert_texto,-,1286,0,0.002908600
pgvector,1,insert_texto,-,1287,0,0.002886300
pgvector,1,insert_texto,-,1288,0,0.002796200
pgvector,1,insert_texto,-,1289,0,0.002684500
pgvector,1,insert_texto,-,1290,0,0.002703300
pgvector,1,insert_texto,-,1291,0,0.002798500
pgvector,1,insert_texto,-,1292,0,0.002549800
pgvector,1,insert_texto,-,1293,0,0.002660200
pgvector,1,insert_texto,-,1294,0,0.002374800
pgvector,1,insert_texto,-,1295,0,0.002284900
pgvector,1,insert_texto,-,1296,0,0.002416600
pgvector,1,insert_texto,-,1297,0,0.002529600
pgvector,1,insert_texto,-,1298,0,0.002586300
pgvector,1,insert_texto,-,1299,0,0.002488800
pgvector,1,insert_texto,-,1300,0,0.002343500
pgvector,1,insert_texto,-,1301,0,0.002271400
pgvector,1,insert_texto,-,1302,0,0.002419500
pgvector,1,insert_texto,-,1303,0,0.002433700
pgvector,1,insert_texto,-,1304,0,0.002336900
pgvector,1,insert_texto,-,1305,0,0.002641000
pgvector,1,insert_texto,-,1306,0,0.002322800
pgvector,1,insert_texto,-,1307,0,0.002503800
pgvector,1,insert_texto,-,1308,0,0.002488000
pgvector,1,insert_texto,-,1309,0,0.002317100
pgvector,1,insert_texto,-,1310,0,0.002158000
pgvector,1,insert_texto,-,1311,0,0.002414700
pgvector,1,insert_texto,-,1312,0,0.002682800
pgvector,1,insert_texto,-,1313,0,0.002255300
pgvector,1,insert_texto,-,1314,0,0.002260200
pgvector,1,insert_texto,-,1315,0,0.002208900
pgvector,1,insert_texto,-,1316,0,0.002289400
pgvector,1,insert_texto,-,1317,0,0.002336400
pgvector,1,insert_texto,-,1318,0,0.002370200
pgvector,1,insert_texto,-,1319,0,0.002268900
pgvector,1,insert_texto,-,1320,0,0.002190900
pgvector,1,insert_texto,-,1321,0,0.002657000
pgvector,1,insert_texto,-,1322,0,0.002435200
pgvector,1,insert_texto,-,1323,0,0.002472100
pgvector,1,insert_texto,-,1324,0,0.002343200
pgvector,1,insert_texto,-,1325,0,0.002290500
pgvector,1,insert_texto,-,1326,0,0.002238300
pgvector,1,insert_texto,-,1327,0,0.002530400
pgvector,1,insert_texto,-,1328,0,0.002423700
pgvector,1,insert_texto,-,1329,0,0.002671800
pgvector,1,insert_texto,-,1330,0,0.002473000
pgvector,1,insert_texto,-,1331,0,0.002386100
pgvector,1,insert_texto,-,1332,0,0.002617900
pgvector,1,insert_texto,-,1333,0,0.002473300
pgvector,1,insert_texto,-,1334,0,0.002322400
pgvector,1,insert_texto,-,1335,0,0.002320600
pgvector,1,insert_texto,-,1336,0,0.002236800
pgvector,1,insert_texto,-,1337,0,0.002328200
pgvector,1,insert_texto,-,1338,0,0.002748200
pgvector,1,insert_texto,-,1339,0,0.002416900
pgvector,1,insert_texto,-,1340,0,0.002453300
pgvector,1,insert_texto,-,1341,0,0.002457300
pgvector,1,insert_texto,-,1342,0,0.002427400
pgvector,1,insert_texto,-,1343,0,0.002195900
pgvector,1,insert_texto,-,1344,0,0.002424300
pgvector,1,insert_texto,-,1345,0,0.002511200
pgvector,1,insert_texto,-,1346,0,0.002417500
pgvector,1,insert_texto,-,1347,0,0.002409900
pgvector,1,insert_texto,-,1348,0,0.002239900
pgvector,1,insert_texto,-,1349,0,0.002452600
pgvector,1,insert_texto,-,1350,0,0.002400500
pgvector,1,insert_texto,-,1351,0,0.002811700
pgvector,1,insert_texto,-,1352,0,0.002717400
pgvector,1,insert_texto,-,1353,0,0.002657300
pgvector,1,insert_texto,-,1354,0,0.002639100
pgvector,1,insert_texto,-,1355,0,0.002572900
pgvector,1,insert_texto,-,1356,0,0.002530600
pgvector,1,insert_texto,-,1357,0,0.003488300
pgvector,1,insert_texto,-,1358,0,0.002811300
pgvector,1,insert_texto,-,1359,0,0.002816800
pgvector,1,insert_texto,-,1360,0,0.002799900
pgvector,1,insert_texto,-,1361,0,0.003348000
pgvector,1,insert_texto,-,1362,0,0.003398900
pgvector,1,insert_texto,-,1363,0,0.002789200
pgvector,1,insert_texto,-,1364,0,0.002857500
pgvector,1,insert_texto,-,1365,0,0.002746800
pgvector,1,insert_texto,-,1366,0,0.002900200
pgvector,1,insert_texto,-,1367,0,0.003058400
pgvector,1,insert_texto,-,1368,0,0.002764900
pgvector,1,insert_texto,-,1369,0,0.002575400
pgvector,1,insert_texto,-,1370,0,0.002757400
pgvector,1,insert_texto,-,1371,0,0.002770000
pgvector,1,insert_texto,-,1372,0,0.002953200
pgvector,1,insert_texto,-,1373,0,0.003069300
pgvector,1,insert_texto,-,1374,0,0.002879800
pgvector,1,insert_texto,-,1375,0,0.002726400
pgvector,1,insert_texto,-,1376,0,0.002745900
pgvector,1,insert_texto,-,1377,0,0.003014600
pgvector,1,insert_texto,-,1378,0,0.003024700
pgvector,1,insert_texto,-,1379,0,0.003272700
pgvector,1,insert_texto,-,1380,0,0.003346100
pgvector,1,insert_texto,-,1381,0,0.003390300
pgvector,1,insert_texto,-,1382,0,0.003609100
pgvector,1,insert_texto,-,1383,0,0.003570900
pgvector,1,insert_texto,-,1384,0,0.003641800
pgvector,1,insert_texto,-,1385,0,0.003298700
pgvector,1,insert_texto,-,1386,0,0.003075700
pgvector,1,insert_texto,-,1387,0,0.003080800
pgvector,1,insert_texto,-,1388,0,0.002960000
pgvector,1,insert_texto,-,1389,0,0.002804000
pgvector,1,insert_texto,-,1390,0,0.003230000
pgvector,1,insert_texto,-,1391,0,0.002910400
pgvector,1,insert_texto,-,1392,0,0.003019900
pgvector,1,insert_texto,-,1393,0,0.003064700
pgvector,1,insert_texto,-,1394,0,0.003176200
pgvector,1,insert_texto,-,1395,0,0.002981500
pgvector,1,insert_texto,-,1396,0,0.002932500
pgvector,1,insert_texto,-,1397,0,0.003082000
pgvector,1,insert_texto,-,1398,0,0.002948700
pgvector,1,insert_texto,-,1399,0,0.003088500
pgvector,1,insert_texto,-,1400,0,0.003071100
pgvector,1,insert_texto,-,1401,0,0.003058000
pgvector,1,insert_texto,-,1402,0,0.003085500
pgvector,1,insert_texto,-,1403,0,0.002876800
pgvector,1,insert_texto,-,1404,0,0.002959200
pgvector,1,insert_texto,-,1405,0,0.002991100
pgvector,1,insert_texto,-,1406,0,0.002946800
pgvector,1,insert_texto,-,1407,0,0.002964300
pgvector,1,insert_texto,-,1408,0,0.003176300
pgvector,1,insert_texto,-,1409,0,0.003305500
pgvector,1,insert_texto,-,1410,0,0.003205200
pgvector,1,insert_texto,-,1411,0,0.003101900
pgvector,1,insert_texto,-,1412,0,0.002855000
pgvector,1,insert_texto,-,1413,0,0.002983000
pgvector,1,insert_texto,-,1414,0,0.002947900
pgvector,1,insert_texto,-,1415,0,0.002966500
pgvector,1,insert_texto,-,1416,0,0.002693600
pgvector,1,insert_texto,-,1417,0,0.002919800
pgvector,1,insert_texto,-,1418,0,0.003030300
pgvector,1,insert_texto,-,1419,0,0.002716400
pgvector,1,insert_texto,-,1420,0,0.002972500
pgvector,1,insert_texto,-,1421,0,0.002751900
pgvector,1,insert_texto,-,1422,0,0.002790200
pgvector,1,insert_texto,-,1423,0,0.003054100
pgvector,1,insert_texto,-,1424,0,0.002909400
pgvector,1,insert_texto,-,1425,0,0.002852900
pgvector,1,insert_texto,-,1426,0,0.003168100
pgvector,1,insert_texto,-,1427,0,0.002757300
pgvector,1,insert_texto,-,1428,0,0.002743400
pgvector,1,insert_texto,-,1429,0,0.002778300
pgvector,1,insert_texto,-,1430,0,0.002652300
pgvector,1,insert_texto,-,1431,0,0.002803400
pgvector,1,insert_texto,-,1432,0,0.002615200
pgvector,1,insert_texto,-,1433,0,0.002561700
pgvector,1,insert_texto,-,1434,0,0.002916500
pgvector,1,insert_texto,-,1435,0,0.002806800
pgvector,1,insert_texto,-,1436,0,0.002802100
pgvector,1,insert_texto,-,1437,0,0.002643600
pgvector,1,insert_texto,-,1438,0,0.002703900
pgvector,1,insert_texto,-,1439,0,0.002712700
pgvector,1,insert_texto,-,1440,0,0.002725300
pgvector,1,insert_texto,-,1441,0,0.002783400
pgvector,1,insert_texto,-,1442,0,0.002678700
pgvector,1,insert_texto,-,1443,0,0.002762500
pgvector,1,insert_texto,-,1444,0,0.002780600
pgvector,1,insert_texto,-,1445,0,0.002701000
pgvector,1,insert_texto,-,1446,0,0.002941400
pgvector,1,insert_texto,-,1447,0,0.002860700
pgvector,1,insert_texto,-,1448,0,0.002778600
pgvector,1,insert_texto,-,1449,0,0.002688500
pgvector,1,insert_texto,-,1450,0,0.002777000
pgvector,1,insert_texto,-,1451,0,0.002808300
pgvector,1,insert_texto,-,1452,0,0.002744800
pgvector,1,insert_texto,-,1453,0,0.002746900
pgvector,1,insert_texto,-,1454,0,0.002919100
pgvector,1,insert_texto,-,1455,0,0.002684700
pgvector,1,insert_texto,-,1456,0,0.002796300
pgvector,1,insert_texto,-,1457,0,0.003177200
pgvector,1,insert_texto,-,1458,0,0.002828400
pgvector,1,insert_texto,-,1459,0,0.002733500
pgvector,1,insert_texto,-,1460,0,0.002803400
pgvector,1,insert_texto,-,1461,0,0.002680500
pgvector,1,insert_texto,-,1462,0,0.002805800
pgvector,1,insert_texto,-,1463,0,0.002765200
pgvector,1,insert_texto,-,1464,0,0.002766000
pgvector,1,insert_texto,-,1465,0,0.002636800
pgvector,1,insert_texto,-,1466,0,0.002686900
pgvector,1,insert_texto,-,1467,0,0.002868500
pgvector,1,insert_texto,-,1468,0,0.002965200
pgvector,1,insert_texto,-,1469,0,0.002672600
pgvector,1,insert_texto,-,1470,0,0.002638200
pgvector,1,insert_texto,-,1471,0,0.002682900
pgvector,1,insert_texto,-,1472,0,0.002750900
pgvector,1,insert_texto,-,1473,0,0.002720000
pgvector,1,insert_texto,-,1474,0,0.003617100
pgvector,1,insert_texto,-,1475,0,0.003207800
pgvector,1,insert_texto,-,1476,0,0.003367000
pgvector,1,insert_texto,-,1477,0,0.002972700
pgvector,1,insert_texto,-,1478,0,0.003025600
pgvector,1,insert_texto,-,1479,0,0.003106700
pgvector,1,insert_texto,-,1480,0,0.002948100
pgvector,1,insert_texto,-,1481,0,0.002774900
pgvector,1,insert_texto,-,1482,0,0.002779100
pgvector,1,insert_texto,-,1483,0,0.002834900
pgvector,1,insert_texto,-,1484,0,0.002591400
pgvector,1,insert_texto,-,1485,0,0.002706700
pgvector,1,insert_texto,-,1486,0,0.002715300
pgvector,1,insert_texto,-,1487,0,0.002592000
pgvector,1,insert_texto,-,1488,0,0.002575100
pgvector,1,insert_texto,-,1489,0,0.002702300
pgvector,1,insert_texto,-,1490,0,0.002813500
pgvector,1,insert_texto,-,1491,0,0.002611400
pgvector,1,insert_texto,-,1492,0,0.002629700
pgvector,1,insert_texto,-,1493,0,0.002620300
pgvector,1,insert_texto,-,1494,0,0.002702400
pgvector,1,insert_texto,-,1495,0,0.002555200
pgvector,1,insert_texto,-,1496,0,0.002659200
pgvector,1,insert_texto,-,1497,0,0.002603000
pgvector,1,insert_texto,-,1498,0,0.002595500
pgvector,1,insert_texto,-,1499,0,0.002867400
pgvector,1,insert_texto,-,1500,0,0.002620800
pgvector,1,insert_texto,-,1501,0,0.002544900
pgvector,1,insert_texto,-,1502,0,0.002667800
pgvector,1,insert_texto,-,1503,0,0.002651100
pgvector,1,insert_texto,-,1504,0,0.002759600
pgvector,1,insert_texto,-,1505,0,0.002697500
pgvector,1,insert_texto,-,1506,0,0.002493600
pgvector,1,insert_texto,-,1507,0,0.002868500
pgvector,1,insert_texto,-,1508,0,0.002751300
pgvector,1,insert_texto,-,1509,0,0.002523000
pgvector,1,insert_texto,-,1510,0,0.002631100
pgvector,1,insert_texto,-,1511,0,0.002642900
pgvector,1,insert_texto,-,1512,0,0.002581300
pgvector,1,insert_texto,-,1513,0,0.002643600
pgvector,1,insert_texto,-,1514,0,0.002699900
pgvector,1,insert_texto,-,1515,0,0.002651200
pgvector,1,insert_texto,-,1516,0,0.002580100
pgvector,1,insert_texto,-,1517,0,0.002610000
pgvector,1,insert_texto,-,1518,0,0.002652100
pgvector,1,insert_texto,-,1519,0,0.002712300
pgvector,1,insert_texto,-,1520,0,0.002858800
pgvector,1,insert_texto,-,1521,0,0.002508500
pgvector,1,insert_texto,-,1522,0,0.002682000
pgvector,1,insert_texto,-,1523,0,0.002749000
pgvector,1,insert_texto,-,1524,0,0.002520500
pgvector,1,insert_texto,-,1525,0,0.002614400
pgvector,1,insert_texto,-,1526,0,0.002783200
pgvector,1,insert_texto,-,1527,0,0.002743500
pgvector,1,insert_texto,-,1528,0,0.002725800
pgvector,1,insert_texto,-,1529,0,0.002595700
pgvector,1,insert_texto,-,1530,0,0.002521300
pgvector,1,insert_texto,-,1531,0,0.002814600
pgvector,1,insert_texto,-,1532,0,0.002649600
pgvector,1,insert_texto,-,1533,0,0.002732400
pgvector,1,insert_texto,-,1534,0,0.002825900
pgvector,1,insert_texto,-,1535,0,0.002715700
pgvector,1,insert_texto,-,1536,0,0.002665700
pgvector,1,insert_texto,-,1537,0,0.002674900
pgvector,1,insert_texto,-,1538,0,0.002696500
pgvector,1,insert_texto,-,1539,0,0.002509200
pgvector,1,insert_texto,-,1540,0,0.002519500
pgvector,1,insert_texto,-,1541,0,0.002594400
pgvector,1,insert_texto,-,1542,0,0.002566600
pgvector,1,insert_texto,-,1543,0,0.002690100
pgvector,1,insert_texto,-,1544,0,0.002538500
pgvector,1,insert_texto,-,1545,0,0.002617900
pgvector,1,insert_texto,-,1546,0,0.002543900
pgvector,1,insert_texto,-,1547,0,0.002624300
pgvector,1,insert_texto,-,1548,0,0.002765200
pgvector,1,insert_texto,-,1549,0,0.002751800
pgvector,1,insert_texto,-,1550,0,0.002675600
pgvector,1,insert_texto,-,1551,0,0.002641700
pgvector,1,insert_texto,-,1552,0,0.002653000
pgvector,1,insert_texto,-,1553,0,0.002548800
pgvector,1,insert_texto,-,1554,0,0.002595900
pgvector,1,insert_texto,-,1555,0,0.003027100
pgvector,1,insert_texto,-,1556,0,0.002546600
pgvector,1,insert_texto,-,1557,0,0.002470800
pgvector,1,insert_texto,-,1558,0,0.002802400
pgvector,1,insert_texto,-,1559,0,0.002705800
pgvector,1,insert_texto,-,1560,0,0.002851900
pgvector,1,insert_texto,-,1561,0,0.015101700
pgvector,1,insert_texto,-,1562,0,0.003855600
pgvector,1,insert_texto,-,1563,0,0.003687700
pgvector,1,insert_texto,-,1564,0,0.003746100
pgvector,1,insert_texto,-,1565,0,0.003906200
pgvector,1,insert_texto,-,1566,0,0.003571000
pgvector,1,insert_texto,-,1567,0,0.003381200
pgvector,1,insert_texto,-,1568,0,0.003479600
pgvector,1,insert_texto,-,1569,0,0.002947200
pgvector,1,insert_texto,-,1570,0,0.003070100
pgvector,1,insert_texto,-,1571,0,0.003264200
pgvector,1,insert_texto,-,1572,0,0.002869000
pgvector,1,insert_texto,-,1573,0,0.002688000
pgvector,1,insert_texto,-,1574,0,0.002797700
pgvector,1,insert_texto,-,1575,0,0.002952700
pgvector,1,insert_texto,-,1576,0,0.002856600
pgvector,1,insert_texto,-,1577,0,0.002611300
pgvector,1,insert_texto,-,1578,0,0.002789800
pgvector,1,insert_texto,-,1579,0,0.002633200
pgvector,1,insert_texto,-,1580,0,0.002530500
pgvector,1,insert_texto,-,1581,0,0.002700100
pgvector,1,insert_texto,-,1582,0,0.002750400
pgvector,1,insert_texto,-,1583,0,0.002585500
pgvector,1,insert_texto,-,1584,0,0.002963400
pgvector,1,insert_texto,-,1585,0,0.002624200
pgvector,1,insert_texto,-,1586,0,0.002884000
pgvector,1,insert_texto,-,1587,0,0.003030800
pgvector,1,insert_texto,-,1588,0,0.002656700
pgvector,1,insert_texto,-,1589,0,0.002625000
pgvector,1,insert_texto,-,1590,0,0.002666500
pgvector,1,insert_texto,-,1591,0,0.002745300
pgvector,1,insert_texto,-,1592,0,0.002879200
pgvector,1,insert_texto,-,1593,0,0.002674600
pgvector,1,insert_texto,-,1594,0,0.002845000
pgvector,1,insert_texto,-,1595,0,0.002675200
pgvector,1,insert_texto,-,1596,0,0.002792000
pgvector,1,insert_texto,-,1597,0,0.002591000
pgvector,1,insert_texto,-,1598,0,0.002557100
pgvector,1,insert_texto,-,1599,0,0.002846500
pgvector,1,insert_texto,-,1600,0,0.002633600
pgvector,1,insert_texto,-,1601,0,0.002610100
pgvector,1,insert_texto,-,1602,0,0.002612700
pgvector,1,insert_texto,-,1603,0,0.002610600
pgvector,1,insert_texto,-,1604,0,0.002585100
pgvector,1,insert_texto,-,1605,0,0.002962600
pgvector,1,insert_texto,-,1606,0,0.002769000
pgvector,1,insert_texto,-,1607,0,0.002604700
pgvector,1,insert_texto,-,1608,0,0.002561500
pgvector,1,insert_texto,-,1609,0,0.002632300
pgvector,1,insert_texto,-,1610,0,0.002819200
pgvector,1,insert_texto,-,1611,0,0.002612600
pgvector,1,insert_texto,-,1612,0,0.002551700
pgvector,1,insert_texto,-,1613,0,0.002588700
pgvector,1,insert_texto,-,1614,0,0.002531000
pgvector,1,insert_texto,-,1615,0,0.002567300
pgvector,1,insert_texto,-,1616,0,0.002687700
pgvector,1,insert_texto,-,1617,0,0.002598600
pgvector,1,insert_texto,-,1618,0,0.002606800
pgvector,1,insert_texto,-,1619,0,0.002671700
pgvector,1,insert_texto,-,1620,0,0.002640900
pgvector,1,insert_texto,-,1621,0,0.002895400
pgvector,1,insert_texto,-,1622,0,0.002541100
pgvector,1,insert_texto,-,1623,0,0.002554300
pgvector,1,insert_texto,-,1624,0,0.002764300
pgvector,1,insert_texto,-,1625,0,0.002553000
pgvector,1,insert_texto,-,1626,0,0.002719700
pgvector,1,insert_texto,-,1627,0,0.002559300
pgvector,1,insert_texto,-,1628,0,0.002496400
pgvector,1,insert_texto,-,1629,0,0.002614700
pgvector,1,insert_texto,-,1630,0,0.002902500
pgvector,1,insert_texto,-,1631,0,0.002568300
pgvector,1,insert_texto,-,1632,0,0.002581800
pgvector,1,insert_texto,-,1633,0,0.002815500
pgvector,1,insert_texto,-,1634,0,0.002586300
pgvector,1,insert_texto,-,1635,0,0.002582400
pgvector,1,insert_texto,-,1636,0,0.002617100
pgvector,1,insert_texto,-,1637,0,0.002752200
pgvector,1,insert_texto,-,1638,0,0.002560400
pgvector,1,insert_texto,-,1639,0,0.002705400
pgvector,1,insert_texto,-,1640,0,0.002614900
pgvector,1,insert_texto,-,1641,0,0.002654300
pgvector,1,insert_texto,-,1642,0,0.002597600
pgvector,1,insert_texto,-,1643,0,0.002610600
pgvector,1,insert_texto,-,1644,0,0.002632400
pgvector,1,insert_texto,-,1645,0,0.002524800
pgvector,1,insert_texto,-,1646,0,0.002705300
pgvector,1,insert_texto,-,1647,0,0.002597500
pgvector,1,insert_texto,-,1648,0,0.002693600
pgvector,1,insert_texto,-,1649,0,0.002672600
pgvector,1,insert_texto,-,1650,0,0.002606900
pgvector,1,insert_texto,-,1651,0,0.002578000
pgvector,1,insert_texto,-,1652,0,0.002616100
pgvector,1,insert_texto,-,1653,0,0.002585100
pgvector,1,insert_texto,-,1654,0,0.002671800
pgvector,1,insert_texto,-,1655,0,0.002471400
pgvector,1,insert_texto,-,1656,0,0.002959300
pgvector,1,insert_texto,-,1657,0,0.002974200
pgvector,1,insert_texto,-,1658,0,0.003021500
pgvector,1,insert_texto,-,1659,0,0.003026900
pgvector,1,insert_texto,-,1660,0,0.002743700
pgvector,1,insert_texto,-,1661,0,0.003067000
pgvector,1,insert_texto,-,1662,0,0.003193200
pgvector,1,insert_texto,-,1663,0,0.003043600
pgvector,1,insert_texto,-,1664,0,0.002637800
pgvector,1,insert_texto,-,1665,0,0.002750100
pgvector,1,insert_texto,-,1666,0,0.002597700
pgvector,1,insert_texto,-,1667,0,0.002501200
pgvector,1,insert_texto,-,1668,0,0.002678300
pgvector,1,insert_texto,-,1669,0,0.002644500
pgvector,1,insert_texto,-,1670,0,0.002665900
pgvector,1,insert_texto,-,1671,0,0.002688900
pgvector,1,insert_texto,-,1672,0,0.002511400
pgvector,1,insert_texto,-,1673,0,0.002718900
pgvector,1,insert_texto,-,1674,0,0.002705700
pgvector,1,insert_texto,-,1675,0,0.002616300
pgvector,1,insert_texto,-,1676,0,0.002565100
pgvector,1,insert_texto,-,1677,0,0.002876200
pgvector,1,insert_texto,-,1678,0,0.002833200
pgvector,1,insert_texto,-,1679,0,0.002841700
pgvector,1,insert_texto,-,1680,0,0.002815000
pgvector,1,insert_texto,-,1681,0,0.003040900
pgvector,1,insert_texto,-,1682,0,0.002830700
pgvector,1,insert_texto,-,1683,0,0.002889200
pgvector,1,insert_texto,-,1684,0,0.002577000
pgvector,1,insert_texto,-,1685,0,0.002570700
pgvector,1,insert_texto,-,1686,0,0.002731900
pgvector,1,insert_texto,-,1687,0,0.002786900
pgvector,1,insert_texto,-,1688,0,0.002693500
pgvector,1,insert_texto,-,1689,0,0.002684200
pgvector,1,insert_texto,-,1690,0,0.002939400
pgvector,1,insert_texto,-,1691,0,0.002888800
pgvector,1,insert_texto,-,1692,0,0.002686800
pgvector,1,insert_texto,-,1693,0,0.002587100
pgvector,1,insert_texto,-,1694,0,0.002878200
pgvector,1,insert_texto,-,1695,0,0.002778900
pgvector,1,insert_texto,-,1696,0,0.002747900
pgvector,1,insert_texto,-,1697,0,0.002621200
pgvector,1,insert_texto,-,1698,0,0.002659400
pgvector,1,insert_texto,-,1699,0,0.002753900
pgvector,1,insert_texto,-,1700,0,0.002654000
pgvector,1,insert_texto,-,1701,0,0.002597600
pgvector,1,insert_texto,-,1702,0,0.002642900
pgvector,1,insert_texto,-,1703,0,0.002736400
pgvector,1,insert_texto,-,1704,0,0.002707400
pgvector,1,insert_texto,-,1705,0,0.002573900
pgvector,1,insert_texto,-,1706,0,0.002629700
pgvector,1,insert_texto,-,1707,0,0.002624700
pgvector,1,insert_texto,-,1708,0,0.002619700
pgvector,1,insert_texto,-,1709,0,0.003796800
pgvector,1,insert_texto,-,1710,0,0.003255900
pgvector,1,insert_texto,-,1711,0,0.003006600
pgvector,1,insert_texto,-,1712,0,0.002545400
pgvector,1,insert_texto,-,1713,0,0.002876900
pgvector,1,insert_texto,-,1714,0,0.002674400
pgvector,1,insert_texto,-,1715,0,0.002631300
pgvector,1,insert_texto,-,1716,0,0.002589000
pgvector,1,insert_texto,-,1717,0,0.002653300
pgvector,1,insert_texto,-,1718,0,0.002793800
pgvector,1,insert_texto,-,1719,0,0.002594600
pgvector,1,insert_texto,-,1720,0,0.002461400
pgvector,1,insert_texto,-,1721,0,0.002761800
pgvector,1,insert_texto,-,1722,0,0.002712900
pgvector,1,insert_texto,-,1723,0,0.002590400
pgvector,1,insert_texto,-,1724,0,0.002656400
pgvector,1,insert_texto,-,1725,0,0.002753100
pgvector,1,insert_texto,-,1726,0,0.002576200
pgvector,1,insert_texto,-,1727,0,0.002993100
pgvector,1,insert_texto,-,1728,0,0.002716200
pgvector,1,insert_texto,-,1729,0,0.002830500
pgvector,1,insert_texto,-,1730,0,0.002808700
pgvector,1,insert_texto,-,1731,0,0.002789600
pgvector,1,insert_texto,-,1732,0,0.002982200
pgvector,1,insert_texto,-,1733,0,0.002617900
pgvector,1,insert_texto,-,1734,0,0.002691600
pgvector,1,insert_texto,-,1735,0,0.002923300
pgvector,1,insert_texto,-,1736,0,0.002668400
pgvector,1,insert_texto,-,1737,0,0.002747200
pgvector,1,insert_texto,-,1738,0,0.003150900
pgvector,1,insert_texto,-,1739,0,0.002793300
pgvector,1,insert_texto,-,1740,0,0.002656600
pgvector,1,insert_texto,-,1741,0,0.002974600
pgvector,1,insert_texto,-,1742,0,0.002943300
pgvector,1,insert_texto,-,1743,0,0.002654700
pgvector,1,insert_texto,-,1744,0,0.002738700
pgvector,1,insert_texto,-,1745,0,0.002722500
pgvector,1,insert_texto,-,1746,0,0.002636600
pgvector,1,insert_texto,-,1747,0,0.003233900
pgvector,1,insert_texto,-,1748,0,0.002713600
pgvector,1,insert_texto,-,1749,0,0.003433500
pgvector,1,insert_texto,-,1750,0,0.003402700
pgvector,1,insert_texto,-,1751,0,0.003276300
pgvector,1,insert_texto,-,1752,0,0.003506200
pgvector,1,insert_texto,-,1753,0,0.003143000
pgvector,1,insert_texto,-,1754,0,0.003263100
pgvector,1,insert_texto,-,1755,0,0.003091400
pgvector,1,insert_texto,-,1756,0,0.003640800
pgvector,1,insert_texto,-,1757,0,0.003054600
pgvector,1,insert_texto,-,1758,0,0.002851200
pgvector,1,insert_texto,-,1759,0,0.002726200
pgvector,1,insert_texto,-,1760,0,0.002845600
pgvector,1,insert_texto,-,1761,0,0.002772900
pgvector,1,insert_texto,-,1762,0,0.003140300
pgvector,1,insert_texto,-,1763,0,0.003059600
pgvector,1,insert_texto,-,1764,0,0.002662700
pgvector,1,insert_texto,-,1765,0,0.002888700
pgvector,1,insert_texto,-,1766,0,0.002759200
pgvector,1,insert_texto,-,1767,0,0.002819400
pgvector,1,insert_texto,-,1768,0,0.002808600
pgvector,1,insert_texto,-,1769,0,0.002960900
pgvector,1,insert_texto,-,1770,0,0.002862000
pgvector,1,insert_texto,-,1771,0,0.002792300
pgvector,1,insert_texto,-,1772,0,0.002887800
pgvector,1,insert_texto,-,1773,0,0.002931800
pgvector,1,insert_texto,-,1774,0,0.002960200
pgvector,1,insert_texto,-,1775,0,0.002873400
pgvector,1,insert_texto,-,1776,0,0.002698400
pgvector,1,insert_texto,-,1777,0,0.003114500
pgvector,1,insert_texto,-,1778,0,0.003144300
pgvector,1,insert_texto,-,1779,0,0.002987500
pgvector,1,insert_texto,-,1780,0,0.002735700
pgvector,1,insert_texto,-,1781,0,0.002689400
pgvector,1,insert_texto,-,1782,0,0.002770500
pgvector,1,insert_texto,-,1783,0,0.002717300
pgvector,1,insert_texto,-,1784,0,0.002907600
pgvector,1,insert_texto,-,1785,0,0.002687900
pgvector,1,insert_texto,-,1786,0,0.002710200
pgvector,1,insert_texto,-,1787,0,0.002755400
pgvector,1,insert_texto,-,1788,0,0.002751100
pgvector,1,insert_texto,-,1789,0,0.003009400
pgvector,1,insert_texto,-,1790,0,0.002766100
pgvector,1,insert_texto,-,1791,0,0.002959900
pgvector,1,insert_texto,-,1792,0,0.002970100
pgvector,1,insert_texto,-,1793,0,0.002876600
pgvector,1,insert_texto,-,1794,0,0.002745100
pgvector,1,insert_texto,-,1795,0,0.002916800
pgvector,1,insert_texto,-,1796,0,0.002730800
pgvector,1,insert_texto,-,1797,0,0.002766700
pgvector,1,insert_texto,-,1798,0,0.002929900
pgvector,1,insert_texto,-,1799,0,0.002759100
pgvector,1,insert_texto,-,1800,0,0.003018200
pgvector,1,insert_texto,-,1801,0,0.002840000
pgvector,1,insert_texto,-,1802,0,0.002778400
pgvector,1,insert_texto,-,1803,0,0.002733800
pgvector,1,insert_texto,-,1804,0,0.002702900
pgvector,1,insert_texto,-,1805,0,0.002785900
pgvector,1,insert_texto,-,1806,0,0.003211500
pgvector,1,insert_texto,-,1807,0,0.002699700
pgvector,1,insert_texto,-,1808,0,0.002668600
pgvector,1,insert_texto,-,1809,0,0.002704800
pgvector,1,insert_texto,-,1810,0,0.002715900
pgvector,1,insert_texto,-,1811,0,0.002779300
pgvector,1,insert_texto,-,1812,0,0.002750800
pgvector,1,insert_texto,-,1813,0,0.002711700
pgvector,1,insert_texto,-,1814,0,0.002674300
pgvector,1,insert_texto,-,1815,0,0.003031800
pgvector,1,insert_texto,-,1816,0,0.003013600
pgvector,1,insert_texto,-,1817,0,0.003070500
pgvector,1,insert_texto,-,1818,0,0.002749800
pgvector,1,insert_texto,-,1819,0,0.002688200
pgvector,1,insert_texto,-,1820,0,0.002813000
pgvector,1,insert_texto,-,1821,0,0.002908500
pgvector,1,insert_texto,-,1822,0,0.003097500
pgvector,1,insert_texto,-,1823,0,0.002760400
pgvector,1,insert_texto,-,1824,0,0.002817500
pgvector,1,insert_texto,-,1825,0,0.002769100
pgvector,1,insert_texto,-,1826,0,0.002699900
pgvector,1,insert_texto,-,1827,0,0.002787000
pgvector,1,insert_texto,-,1828,0,0.003020000
pgvector,1,insert_texto,-,1829,0,0.002911300
pgvector,1,insert_texto,-,1830,0,0.002757100
pgvector,1,insert_texto,-,1831,0,0.003137600
pgvector,1,insert_texto,-,1832,0,0.002746900
pgvector,1,insert_texto,-,1833,0,0.003120600
pgvector,1,insert_texto,-,1834,0,0.002774700
pgvector,1,insert_texto,-,1835,0,0.002933600
pgvector,1,insert_texto,-,1836,0,0.002869000
pgvector,1,insert_texto,-,1837,0,0.002611600
pgvector,1,insert_texto,-,1838,0,0.002837300
pgvector,1,insert_texto,-,1839,0,0.003030300
pgvector,1,insert_texto,-,1840,0,0.002939700
pgvector,1,insert_texto,-,1841,0,0.002886500
pgvector,1,insert_texto,-,1842,0,0.002912300
pgvector,1,insert_texto,-,1843,0,0.002820000
pgvector,1,insert_texto,-,1844,0,0.003266100
pgvector,1,insert_texto,-,1845,0,0.003329600
pgvector,1,insert_texto,-,1846,0,0.003236900
pgvector,1,insert_texto,-,1847,0,0.003516700
pgvector,1,insert_texto,-,1848,0,0.003166100
pgvector,1,insert_texto,-,1849,0,0.003280900
pgvector,1,insert_texto,-,1850,0,0.003364300
pgvector,1,insert_texto,-,1851,0,0.003243600
pgvector,1,insert_texto,-,1852,0,0.002959700
pgvector,1,insert_texto,-,1853,0,0.002897000
pgvector,1,insert_texto,-,1854,0,0.002994200
pgvector,1,insert_texto,-,1855,0,0.002971700
pgvector,1,insert_texto,-,1856,0,0.002946500
pgvector,1,insert_texto,-,1857,0,0.003441600
pgvector,1,insert_texto,-,1858,0,0.003013800
pgvector,1,insert_texto,-,1859,0,0.003424300
pgvector,1,insert_texto,-,1860,0,0.002946800
pgvector,1,insert_texto,-,1861,0,0.002886900
pgvector,1,insert_texto,-,1862,0,0.002804300
pgvector,1,insert_texto,-,1863,0,0.003131400
pgvector,1,insert_texto,-,1864,0,0.002922000
pgvector,1,insert_texto,-,1865,0,0.003261800
pgvector,1,insert_texto,-,1866,0,0.002914400
pgvector,1,insert_texto,-,1867,0,0.002814100
pgvector,1,insert_texto,-,1868,0,0.002865000
pgvector,1,insert_texto,-,1869,0,0.002920600
pgvector,1,insert_texto,-,1870,0,0.003056000
pgvector,1,insert_texto,-,1871,0,0.003102200
pgvector,1,insert_texto,-,1872,0,0.002934500
pgvector,1,insert_texto,-,1873,0,0.002801700
pgvector,1,insert_texto,-,1874,0,0.002996500
pgvector,1,insert_texto,-,1875,0,0.002843500
pgvector,1,insert_texto,-,1876,0,0.002966800
pgvector,1,insert_texto,-,1877,0,0.002922900
pgvector,1,insert_texto,-,1878,0,0.003020900
pgvector,1,insert_texto,-,1879,0,0.002765800
pgvector,1,insert_texto,-,1880,0,0.002941500
pgvector,1,insert_texto,-,1881,0,0.003127000
pgvector,1,insert_texto,-,1882,0,0.002747600
pgvector,1,insert_texto,-,1883,0,0.002877100
pgvector,1,insert_texto,-,1884,0,0.003031300
pgvector,1,insert_texto,-,1885,0,0.002961300
pgvector,1,insert_texto,-,1886,0,0.002921900
pgvector,1,insert_texto,-,1887,0,0.002787700
pgvector,1,insert_texto,-,1888,0,0.002977100
pgvector,1,insert_texto,-,1889,0,0.002936000
pgvector,1,insert_texto,-,1890,0,0.002887200
pgvector,1,insert_texto,-,1891,0,0.002982500
pgvector,1,insert_texto,-,1892,0,0.002989400
pgvector,1,insert_texto,-,1893,0,0.002877200
pgvector,1,insert_texto,-,1894,0,0.003038300
pgvector,1,insert_texto,-,1895,0,0.003177600
pgvector,1,insert_texto,-,1896,0,0.003162500
pgvector,1,insert_texto,-,1897,0,0.002889100
pgvector,1,insert_texto,-,1898,0,0.002791300
pgvector,1,insert_texto,-,1899,0,0.002924000
pgvector,1,insert_texto,-,1900,0,0.002946200
pgvector,1,insert_texto,-,1901,0,0.002839000
pgvector,1,insert_texto,-,1902,0,0.003072000
pgvector,1,insert_texto,-,1903,0,0.002998600
pgvector,1,insert_texto,-,1904,0,0.002795000
pgvector,1,insert_texto,-,1905,0,0.003063300
pgvector,1,insert_texto,-,1906,0,0.003002100
pgvector,1,insert_texto,-,1907,0,0.002883600
pgvector,1,insert_texto,-,1908,0,0.002900600
pgvector,1,insert_texto,-,1909,0,0.002790100
pgvector,1,insert_texto,-,1910,0,0.002670300
pgvector,1,insert_texto,-,1911,0,0.002763400
pgvector,1,insert_texto,-,1912,0,0.003030600
pgvector,1,insert_texto,-,1913,0,0.003045600
pgvector,1,insert_texto,-,1914,0,0.002775400
pgvector,1,insert_texto,-,1915,0,0.002748800
pgvector,1,insert_texto,-,1916,0,0.002811400
pgvector,1,insert_texto,-,1917,0,0.002939700
pgvector,1,insert_texto,-,1918,0,0.003176700
pgvector,1,insert_texto,-,1919,0,0.003040800
pgvector,1,insert_texto,-,1920,0,0.003095600
pgvector,1,insert_texto,-,1921,0,0.003001100
pgvector,1,insert_texto,-,1922,0,0.002924300
pgvector,1,insert_texto,-,1923,0,0.003060600
pgvector,1,insert_texto,-,1924,0,0.002916800
pgvector,1,insert_texto,-,1925,0,0.002916300
pgvector,1,insert_texto,-,1926,0,0.002668500
pgvector,1,insert_texto,-,1927,0,0.002759600
pgvector,1,insert_texto,-,1928,0,0.003323100
pgvector,1,insert_texto,-,1929,0,0.002839200
pgvector,1,insert_texto,-,1930,0,0.002693300
pgvector,1,insert_texto,-,1931,0,0.002930600
pgvector,1,insert_texto,-,1932,0,0.002729100
pgvector,1,insert_texto,-,1933,0,0.002947700
pgvector,1,insert_texto,-,1934,0,0.002652700
pgvector,1,insert_texto,-,1935,0,0.002824900
pgvector,1,insert_texto,-,1936,0,0.002827200
pgvector,1,insert_texto,-,1937,0,0.002637700
pgvector,1,insert_texto,-,1938,0,0.002751300
pgvector,1,insert_texto,-,1939,0,0.003127700
pgvector,1,insert_texto,-,1940,0,0.003512200
pgvector,1,insert_texto,-,1941,0,0.003217000
pgvector,1,insert_texto,-,1942,0,0.003173300
pgvector,1,insert_texto,-,1943,0,0.003342800
pgvector,1,insert_texto,-,1944,0,0.003291500
pgvector,1,insert_texto,-,1945,0,0.003261100
pgvector,1,insert_texto,-,1946,0,0.003262000
pgvector,1,insert_texto,-,1947,0,0.002989600
pgvector,1,insert_texto,-,1948,0,0.003221100
pgvector,1,insert_texto,-,1949,0,0.002829400
pgvector,1,insert_texto,-,1950,0,0.002674400
pgvector,1,insert_texto,-,1951,0,0.002628300
pgvector,1,insert_texto,-,1952,0,0.002699300
pgvector,1,insert_texto,-,1953,0,0.002681500
pgvector,1,insert_texto,-,1954,0,0.002937200
pgvector,1,insert_texto,-,1955,0,0.002912700
pgvector,1,insert_texto,-,1956,0,0.002691200
pgvector,1,insert_texto,-,1957,0,0.002716300
pgvector,1,insert_texto,-,1958,0,0.002704600
pgvector,1,insert_texto,-,1959,0,0.002599300
pgvector,1,insert_texto,-,1960,0,0.002965600
pgvector,1,insert_texto,-,1961,0,0.002856500
pgvector,1,insert_texto,-,1962,0,0.002579800
pgvector,1,insert_texto,-,1963,0,0.002833800
pgvector,1,insert_texto,-,1964,0,0.002798900
pgvector,1,insert_texto,-,1965,0,0.002800000
pgvector,1,insert_texto,-,1966,0,0.002751700
pgvector,1,insert_texto,-,1967,0,0.002741600
pgvector,1,insert_texto,-,1968,0,0.002961200
pgvector,1,insert_texto,-,1969,0,0.003037800
pgvector,1,insert_texto,-,1970,0,0.003012500
pgvector,1,insert_texto,-,1971,0,0.003132400
pgvector,1,insert_texto,-,1972,0,0.003022000
pgvector,1,insert_texto,-,1973,0,0.002891000
pgvector,1,insert_texto,-,1974,0,0.002781400
pgvector,1,insert_texto,-,1975,0,0.002691800
pgvector,1,insert_texto,-,1976,0,0.003097600
pgvector,1,insert_texto,-,1977,0,0.002999600
pgvector,1,insert_texto,-,1978,0,0.002846500
pgvector,1,insert_texto,-,1979,0,0.002593900
pgvector,1,insert_texto,-,1980,0,0.002560200
pgvector,1,insert_texto,-,1981,0,0.002799700
pgvector,1,insert_texto,-,1982,0,0.003065000
pgvector,1,insert_texto,-,1983,0,0.002714300
pgvector,1,insert_texto,-,1984,0,0.002638200
pgvector,1,insert_texto,-,1985,0,0.002845000
pgvector,1,insert_texto,-,1986,0,0.002866000
pgvector,1,insert_texto,-,1987,0,0.002541000
pgvector,1,insert_texto,-,1988,0,0.002828800
pgvector,1,insert_texto,-,1989,0,0.002755100
pgvector,1,insert_texto,-,1990,0,0.002645300
pgvector,1,insert_texto,-,1991,0,0.002537800
pgvector,1,insert_texto,-,1992,0,0.002766800
pgvector,1,insert_texto,-,1993,0,0.002691800
pgvector,1,insert_texto,-,1994,0,0.002644400
pgvector,1,insert_texto,-,1995,0,0.002828900
pgvector,1,insert_texto,-,1996,0,0.003047000
pgvector,1,insert_texto,-,1997,0,0.002686800
pgvector,1,insert_texto,-,1998,0,0.003030000
pgvector,1,insert_texto,-,1999,0,0.002970500
pgvector,1,insert_texto,-,2000,0,0.002736400
pgvector,1,insert_texto,-,2001,0,0.002573200
pgvector,1,insert_texto,-,2002,0,0.002659800
pgvector,1,insert_texto,-,2003,0,0.002694300
pgvector,1,insert_texto,-,2004,0,0.002594400
pgvector,1,insert_texto,-,2005,0,0.002972000
pgvector,1,insert_texto,-,2006,0,0.002813600
pgvector,1,insert_texto,-,2007,0,0.002731400
pgvector,1,insert_texto,-,2008,0,0.002910900
pgvector,1,insert_texto,-,2009,0,0.002856900
pgvector,1,insert_texto,-,2010,0,0.002999000
pgvector,1,insert_texto,-,2011,0,0.002815500
pgvector,1,insert_texto,-,2012,0,0.002989800
pgvector,1,insert_texto,-,2013,0,0.002939200
pgvector,1,insert_texto,-,2014,0,0.002839800
pgvector,1,insert_texto,-,2015,0,0.002649100
pgvector,1,insert_texto,-,2016,0,0.003032800
pgvector,1,insert_texto,-,2017,0,0.002687400
pgvector,1,insert_texto,-,2018,0,0.002813900
pgvector,1,insert_texto,-,2019,0,0.002751600
pgvector,1,insert_texto,-,2020,0,0.002711700
pgvector,1,insert_texto,-,2021,0,0.002826200
pgvector,1,insert_texto,-,2022,0,0.002888200
pgvector,1,insert_texto,-,2023,0,0.002900300
pgvector,1,insert_texto,-,2024,0,0.002819800
pgvector,1,insert_texto,-,2025,0,0.002723700
pgvector,1,insert_texto,-,2026,0,0.002751600
pgvector,1,insert_texto,-,2027,0,0.002925900
pgvector,1,insert_texto,-,2028,0,0.002911100
pgvector,1,insert_texto,-,2029,0,0.002627200
pgvector,1,insert_texto,-,2030,0,0.002847500
pgvector,1,insert_texto,-,2031,0,0.003272900
pgvector,1,insert_texto,-,2032,0,0.002945400
pgvector,1,insert_texto,-,2033,0,0.002678700
pgvector,1,insert_texto,-,2034,0,0.003195800
pgvector,1,insert_texto,-,2035,0,0.003425700
pgvector,1,insert_texto,-,2036,0,0.003267400
pgvector,1,insert_texto,-,2037,0,0.003181500
pgvector,1,insert_texto,-,2038,0,0.003254400
pgvector,1,insert_texto,-,2039,0,0.003679500
pgvector,1,insert_texto,-,2040,0,0.003284900
pgvector,1,insert_texto,-,2041,0,0.003522300
pgvector,1,insert_texto,-,2042,0,0.003297900
pgvector,1,insert_texto,-,2043,0,0.003132000
pgvector,1,insert_texto,-,2044,0,0.003037100
pgvector,1,insert_texto,-,2045,0,0.002972700
pgvector,1,insert_texto,-,2046,0,0.002731300
pgvector,1,insert_texto,-,2047,0,0.003087500
pgvector,1,insert_texto,-,2048,0,0.002797000
pgvector,1,insert_texto,-,2049,0,0.002911600
pgvector,1,insert_texto,-,2050,0,0.002827000
pgvector,1,insert_texto,-,2051,0,0.002860900
pgvector,1,insert_texto,-,2052,0,0.003048900
pgvector,1,insert_texto,-,2053,0,0.002766500
pgvector,1,insert_texto,-,2054,0,0.002791000
pgvector,1,insert_texto,-,2055,0,0.002730000
pgvector,1,insert_texto,-,2056,0,0.002871300
pgvector,1,insert_texto,-,2057,0,0.002827300
pgvector,1,insert_texto,-,2058,0,0.002932500
pgvector,1,insert_texto,-,2059,0,0.002801800
pgvector,1,insert_texto,-,2060,0,0.002698900
pgvector,1,insert_texto,-,2061,0,0.002998000
pgvector,1,insert_texto,-,2062,0,0.002804800
pgvector,1,insert_texto,-,2063,0,0.002859700
pgvector,1,insert_texto,-,2064,0,0.003282600
pgvector,1,insert_texto,-,2065,0,0.002866700
pgvector,1,insert_texto,-,2066,0,0.002755800
pgvector,1,insert_texto,-,2067,0,0.003039400
pgvector,1,insert_texto,-,2068,0,0.002834200
pgvector,1,insert_texto,-,2069,0,0.003019000
pgvector,1,insert_texto,-,2070,0,0.002975600
pgvector,1,insert_texto,-,2071,0,0.002783500
pgvector,1,insert_texto,-,2072,0,0.002947900
pgvector,1,insert_texto,-,2073,0,0.003061200
pgvector,1,insert_texto,-,2074,0,0.002854600
pgvector,1,insert_texto,-,2075,0,0.002746700
pgvector,1,insert_texto,-,2076,0,0.002772700
pgvector,1,insert_texto,-,2077,0,0.002879100
pgvector,1,insert_texto,-,2078,0,0.002881400
pgvector,1,insert_texto,-,2079,0,0.002822400
pgvector,1,insert_texto,-,2080,0,0.002847000
pgvector,1,insert_texto,-,2081,0,0.002920700
pgvector,1,insert_texto,-,2082,0,0.002946400
pgvector,1,insert_texto,-,2083,0,0.002854200
pgvector,1,insert_texto,-,2084,0,0.002846100
pgvector,1,insert_texto,-,2085,0,0.003061100
pgvector,1,insert_texto,-,2086,0,0.003046800
pgvector,1,insert_texto,-,2087,0,0.002770400
pgvector,1,insert_texto,-,2088,0,0.002978600
pgvector,1,insert_texto,-,2089,0,0.002975500
pgvector,1,insert_texto,-,2090,0,0.002938300
pgvector,1,insert_texto,-,2091,0,0.002961600
pgvector,1,insert_texto,-,2092,0,0.002788900
pgvector,1,insert_texto,-,2093,0,0.002729700
pgvector,1,insert_texto,-,2094,0,0.002947600
pgvector,1,insert_texto,-,2095,0,0.002710800
pgvector,1,insert_texto,-,2096,0,0.003085800
pgvector,1,insert_texto,-,2097,0,0.002800700
pgvector,1,insert_texto,-,2098,0,0.002806700
pgvector,1,insert_texto,-,2099,0,0.002737100
pgvector,1,insert_texto,-,2100,0,0.002769400
pgvector,1,insert_texto,-,2101,0,0.002950600
pgvector,1,insert_texto,-,2102,0,0.003519800
pgvector,1,insert_texto,-,2103,0,0.002980000
pgvector,1,insert_texto,-,2104,0,0.002811400
pgvector,1,insert_texto,-,2105,0,0.003195700
pgvector,1,insert_texto,-,2106,0,0.002765000
pgvector,1,insert_texto,-,2107,0,0.002785700
pgvector,1,insert_texto,-,2108,0,0.002830600
pgvector,1,insert_texto,-,2109,0,0.002804600
pgvector,1,insert_texto,-,2110,0,0.002582000
pgvector,1,insert_texto,-,2111,0,0.002834900
pgvector,1,insert_texto,-,2112,0,0.002562000
pgvector,1,insert_texto,-,2113,0,0.002573500
pgvector,1,insert_texto,-,2114,0,0.002761600
pgvector,1,insert_texto,-,2115,0,0.002537400
pgvector,1,insert_texto,-,2116,0,0.002639200
pgvector,1,insert_texto,-,2117,0,0.002786000
pgvector,1,insert_texto,-,2118,0,0.002642800
pgvector,1,insert_texto,-,2119,0,0.002532900
pgvector,1,insert_texto,-,2120,0,0.002594300
pgvector,1,insert_texto,-,2121,0,0.002535400
pgvector,1,insert_texto,-,2122,0,0.002631600
pgvector,1,insert_texto,-,2123,0,0.002836500
pgvector,1,insert_texto,-,2124,0,0.002530800
pgvector,1,insert_texto,-,2125,0,0.002702500
pgvector,1,insert_texto,-,2126,0,0.002556500
pgvector,1,insert_texto,-,2127,0,0.002474500
pgvector,1,insert_texto,-,2128,0,0.002526000
pgvector,1,insert_texto,-,2129,0,0.002944100
pgvector,1,insert_texto,-,2130,0,0.002935900
pgvector,1,insert_texto,-,2131,0,0.002863300
pgvector,1,insert_texto,-,2132,0,0.002866600
pgvector,1,insert_texto,-,2133,0,0.003003700
pgvector,1,insert_texto,-,2134,0,0.002915900
pgvector,1,insert_texto,-,2135,0,0.003344400
pgvector,1,insert_texto,-,2136,0,0.002894800
pgvector,1,insert_texto,-,2137,0,0.002546800
pgvector,1,insert_texto,-,2138,0,0.002638900
pgvector,1,insert_texto,-,2139,0,0.002635200
pgvector,1,insert_texto,-,2140,0,0.002767700
pgvector,1,insert_texto,-,2141,0,0.002799200
pgvector,1,insert_texto,-,2142,0,0.002699900
pgvector,1,insert_texto,-,2143,0,0.002639800
pgvector,1,insert_texto,-,2144,0,0.002709900
pgvector,1,insert_texto,-,2145,0,0.002727000
pgvector,1,insert_texto,-,2146,0,0.002801900
pgvector,1,insert_texto,-,2147,0,0.002727200
pgvector,1,insert_texto,-,2148,0,0.002653700
pgvector,1,insert_texto,-,2149,0,0.002783000
pgvector,1,insert_texto,-,2150,0,0.002707200
pgvector,1,insert_texto,-,2151,0,0.002610800
pgvector,1,insert_texto,-,2152,0,0.002866500
pgvector,1,insert_texto,-,2153,0,0.002710100
pgvector,1,insert_texto,-,2154,0,0.002713400
pgvector,1,insert_texto,-,2155,0,0.002726200
pgvector,1,insert_texto,-,2156,0,0.002741800
pgvector,1,insert_texto,-,2157,0,0.002711200
pgvector,1,insert_texto,-,2158,0,0.002657700
pgvector,1,insert_texto,-,2159,0,0.002661800
pgvector,1,insert_texto,-,2160,0,0.002714700
pgvector,1,insert_texto,-,2161,0,0.002694700
pgvector,1,insert_texto,-,2162,0,0.002654800
pgvector,1,insert_texto,-,2163,0,0.002863200
pgvector,1,insert_texto,-,2164,0,0.002722500
pgvector,1,insert_texto,-,2165,0,0.002574500
pgvector,1,insert_texto,-,2166,0,0.002671900
pgvector,1,insert_texto,-,2167,0,0.002656000
pgvector,1,insert_texto,-,2168,0,0.002676800
pgvector,1,insert_texto,-,2169,0,0.002649000
pgvector,1,insert_texto,-,2170,0,0.002681200
pgvector,1,insert_texto,-,2171,0,0.002719600
pgvector,1,insert_texto,-,2172,0,0.002603900
pgvector,1,insert_texto,-,2173,0,0.002775800
pgvector,1,insert_texto,-,2174,0,0.002643900
pgvector,1,insert_texto,-,2175,0,0.002676600
pgvector,1,insert_texto,-,2176,0,0.002657000
pgvector,1,insert_texto,-,2177,0,0.002578500
pgvector,1,insert_texto,-,2178,0,0.002562800
pgvector,1,insert_texto,-,2179,0,0.002915400
pgvector,1,insert_texto,-,2180,0,0.002690200
pgvector,1,insert_texto,-,2181,0,0.002945600
pgvector,1,insert_texto,-,2182,0,0.002941700
pgvector,1,insert_texto,-,2183,0,0.002757400
pgvector,1,insert_texto,-,2184,0,0.002680900
pgvector,1,insert_texto,-,2185,0,0.002830100
pgvector,1,insert_texto,-,2186,0,0.003038600
pgvector,1,insert_texto,-,2187,0,0.002782900
pgvector,1,insert_texto,-,2188,0,0.002675600
pgvector,1,insert_texto,-,2189,0,0.002651200
pgvector,1,insert_texto,-,2190,0,0.002757500
pgvector,1,insert_texto,-,2191,0,0.002811800
pgvector,1,insert_texto,-,2192,0,0.002774000
pgvector,1,insert_texto,-,2193,0,0.002701400
pgvector,1,insert_texto,-,2194,0,0.002734500
pgvector,1,insert_texto,-,2195,0,0.002537900
pgvector,1,insert_texto,-,2196,0,0.002497000
pgvector,1,insert_texto,-,2197,0,0.002570400
pgvector,1,insert_texto,-,2198,0,0.002552700
pgvector,1,insert_texto,-,2199,0,0.002678400
pgvector,1,insert_texto,-,2200,0,0.002500700
pgvector,1,insert_texto,-,2201,0,0.002630600
pgvector,1,insert_texto,-,2202,0,0.002618900
pgvector,1,insert_texto,-,2203,0,0.002523400
pgvector,1,insert_texto,-,2204,0,0.002762400
pgvector,1,insert_texto,-,2205,0,0.002634600
pgvector,1,insert_texto,-,2206,0,0.002482200
pgvector,1,insert_texto,-,2207,0,0.002655800
pgvector,1,insert_texto,-,2208,0,0.002557600
pgvector,1,insert_texto,-,2209,0,0.002551000
pgvector,1,insert_texto,-,2210,0,0.002591700
pgvector,1,insert_texto,-,2211,0,0.002549100
pgvector,1,insert_texto,-,2212,0,0.002546800
pgvector,1,insert_texto,-,2213,0,0.002571100
pgvector,1,insert_texto,-,2214,0,0.002572400
pgvector,1,insert_texto,-,2215,0,0.002528400
pgvector,1,insert_texto,-,2216,0,0.002727200
pgvector,1,insert_texto,-,2217,0,0.002664200
pgvector,1,insert_texto,-,2218,0,0.002561300
pgvector,1,insert_texto,-,2219,0,0.002727300
pgvector,1,insert_texto,-,2220,0,0.002607700
pgvector,1,insert_texto,-,2221,0,0.002481600
pgvector,1,insert_texto,-,2222,0,0.002743400
pgvector,1,insert_texto,-,2223,0,0.002598000
pgvector,1,insert_texto,-,2224,0,0.002843400
pgvector,1,insert_texto,-,2225,0,0.003237000
pgvector,1,insert_texto,-,2226,0,0.002885900
pgvector,1,insert_texto,-,2227,0,0.002913800
pgvector,1,insert_texto,-,2228,0,0.002941300
pgvector,1,insert_texto,-,2229,0,0.003191700
pgvector,1,insert_texto,-,2230,0,0.003019700
pgvector,1,insert_texto,-,2231,0,0.003065700
pgvector,1,insert_texto,-,2232,0,0.002622700
pgvector,1,insert_texto,-,2233,0,0.002772500
pgvector,1,insert_texto,-,2234,0,0.002464100
pgvector,1,insert_texto,-,2235,0,0.002554200
pgvector,1,insert_texto,-,2236,0,0.002513600
pgvector,1,insert_texto,-,2237,0,0.002733400
pgvector,1,insert_texto,-,2238,0,0.002550100
pgvector,1,insert_texto,-,2239,0,0.002574700
pgvector,1,insert_texto,-,2240,0,0.002559100
pgvector,1,insert_texto,-,2241,0,0.002530700
pgvector,1,insert_texto,-,2242,0,0.002504600
pgvector,1,insert_texto,-,2243,0,0.002574800
pgvector,1,insert_texto,-,2244,0,0.002590000
pgvector,1,insert_texto,-,2245,0,0.002560300
pgvector,1,insert_texto,-,2246,0,0.002619700
pgvector,1,insert_texto,-,2247,0,0.002468600
pgvector,1,insert_texto,-,2248,0,0.002509700
pgvector,1,insert_texto,-,2249,0,0.002523800
pgvector,1,insert_texto,-,2250,0,0.002431000
pgvector,1,insert_texto,-,2251,0,0.002439000
pgvector,1,insert_texto,-,2252,0,0.002697300
pgvector,1,insert_texto,-,2253,0,0.002616300
pgvector,1,insert_texto,-,2254,0,0.002608300
pgvector,1,insert_texto,-,2255,0,0.002788300
pgvector,1,insert_texto,-,2256,0,0.002596700
pgvector,1,insert_texto,-,2257,0,0.002516800
pgvector,1,insert_texto,-,2258,0,0.002599700
pgvector,1,insert_texto,-,2259,0,0.002493000
pgvector,1,insert_texto,-,2260,0,0.002680800
pgvector,1,insert_texto,-,2261,0,0.002629600
pgvector,1,insert_texto,-,2262,0,0.002646300
pgvector,1,insert_texto,-,2263,0,0.002711200
pgvector,1,insert_texto,-,2264,0,0.002629400
pgvector,1,insert_texto,-,2265,0,0.002515600
pgvector,1,insert_texto,-,2266,0,0.002595500
pgvector,1,insert_texto,-,2267,0,0.002611200
pgvector,1,insert_texto,-,2268,0,0.002621300
pgvector,1,insert_texto,-,2269,0,0.003022500
pgvector,1,insert_texto,-,2270,0,0.002995700
pgvector,1,insert_texto,-,2271,0,0.002754600
pgvector,1,insert_texto,-,2272,0,0.002762200
pgvector,1,insert_texto,-,2273,0,0.002743200
pgvector,1,insert_texto,-,2274,0,0.002783900
pgvector,1,insert_texto,-,2275,0,0.003033100
pgvector,1,insert_texto,-,2276,0,0.002960600
pgvector,1,insert_texto,-,2277,0,0.002781000
pgvector,1,insert_texto,-,2278,0,0.002714300
pgvector,1,insert_texto,-,2279,0,0.002737300
pgvector,1,insert_texto,-,2280,0,0.002737600
pgvector,1,insert_texto,-,2281,0,0.002729400
pgvector,1,insert_texto,-,2282,0,0.002691900
pgvector,1,insert_texto,-,2283,0,0.002684800
pgvector,1,insert_texto,-,2284,0,0.002815500
pgvector,1,insert_texto,-,2285,0,0.002642700
pgvector,1,insert_texto,-,2286,0,0.002985400
pgvector,1,insert_texto,-,2287,0,0.002908200
pgvector,1,insert_texto,-,2288,0,0.002744500
pgvector,1,insert_texto,-,2289,0,0.002690100
pgvector,1,insert_texto,-,2290,0,0.002907200
pgvector,1,insert_texto,-,2291,0,0.002802100
pgvector,1,insert_texto,-,2292,0,0.002795000
pgvector,1,insert_texto,-,2293,0,0.002889000
pgvector,1,insert_texto,-,2294,0,0.002796000
pgvector,1,insert_texto,-,2295,0,0.002639400
pgvector,1,insert_texto,-,2296,0,0.002702500
pgvector,1,insert_texto,-,2297,0,0.003088500
pgvector,1,insert_texto,-,2298,0,0.003132900
pgvector,1,insert_texto,-,2299,0,0.003003900
pgvector,1,insert_texto,-,2300,0,0.002881800
pgvector,1,insert_texto,-,2301,0,0.002882800
pgvector,1,insert_texto,-,2302,0,0.002850100
pgvector,1,insert_texto,-,2303,0,0.002767400
pgvector,1,insert_texto,-,2304,0,0.002700900
pgvector,1,insert_texto,-,2305,0,0.002783800
pgvector,1,insert_texto,-,2306,0,0.002798100
pgvector,1,insert_texto,-,2307,0,0.002848300
pgvector,1,insert_texto,-,2308,0,0.002808500
pgvector,1,insert_texto,-,2309,0,0.002710800
pgvector,1,insert_texto,-,2310,0,0.002797100
pgvector,1,insert_texto,-,2311,0,0.002954700
pgvector,1,insert_texto,-,2312,0,0.002915000
pgvector,1,insert_texto,-,2313,0,0.003069700
pgvector,1,insert_texto,-,2314,0,0.003118500
pgvector,1,insert_texto,-,2315,0,0.003167700
pgvector,1,insert_texto,-,2316,0,0.003070100
pgvector,1,insert_texto,-,2317,0,0.003093300
pgvector,1,insert_texto,-,2318,0,0.003216400
pgvector,1,insert_texto,-,2319,0,0.003066700
pgvector,1,insert_texto,-,2320,0,0.003013400
pgvector,1,insert_texto,-,2321,0,0.002856200
pgvector,1,insert_texto,-,2322,0,0.002797000
pgvector,1,insert_texto,-,2323,0,0.002724000
pgvector,1,insert_texto,-,2324,0,0.003118600
pgvector,1,insert_texto,-,2325,0,0.002778600
pgvector,1,insert_texto,-,2326,0,0.002680500
pgvector,1,insert_texto,-,2327,0,0.002716500
pgvector,1,insert_texto,-,2328,0,0.003026700
pgvector,1,insert_texto,-,2329,0,0.002808200
pgvector,1,insert_texto,-,2330,0,0.002809400
pgvector,1,insert_texto,-,2331,0,0.002711200
pgvector,1,insert_texto,-,2332,0,0.002717200
pgvector,1,insert_texto,-,2333,0,0.002782000
pgvector,1,insert_texto,-,2334,0,0.003051500
pgvector,1,insert_texto,-,2335,0,0.002719800
pgvector,1,insert_texto,-,2336,0,0.002727700
pgvector,1,insert_texto,-,2337,0,0.002849400
pgvector,1,insert_texto,-,2338,0,0.002745700
pgvector,1,insert_texto,-,2339,0,0.002732300
pgvector,1,insert_texto,-,2340,0,0.003386700
pgvector,1,insert_texto,-,2341,0,0.002966200
pgvector,1,insert_texto,-,2342,0,0.002867800
pgvector,1,insert_texto,-,2343,0,0.002721300
pgvector,1,insert_texto,-,2344,0,0.002775100
pgvector,1,insert_texto,-,2345,0,0.003189000
pgvector,1,insert_texto,-,2346,0,0.002777700
pgvector,1,insert_texto,-,2347,0,0.003074300
pgvector,1,insert_texto,-,2348,0,0.002799700
pgvector,1,insert_texto,-,2349,0,0.002870900
pgvector,1,insert_texto,-,2350,0,0.002734900
pgvector,1,insert_texto,-,2351,0,0.002753500
pgvector,1,insert_texto,-,2352,0,0.002815100
pgvector,1,insert_texto,-,2353,0,0.002723600
pgvector,1,insert_texto,-,2354,0,0.002685700
pgvector,1,insert_texto,-,2355,0,0.002715100
pgvector,1,insert_texto,-,2356,0,0.002851300
pgvector,1,insert_texto,-,2357,0,0.002690900
pgvector,1,insert_texto,-,2358,0,0.002719100
pgvector,1,insert_texto,-,2359,0,0.002827500
pgvector,1,insert_texto,-,2360,0,0.002767900
pgvector,1,insert_texto,-,2361,0,0.002660700
pgvector,1,insert_texto,-,2362,0,0.002908300
pgvector,1,insert_texto,-,2363,0,0.002903200
pgvector,1,insert_texto,-,2364,0,0.002709200
pgvector,1,insert_texto,-,2365,0,0.002696300
pgvector,1,insert_texto,-,2366,0,0.002781300
pgvector,1,insert_texto,-,2367,0,0.002727700
pgvector,1,insert_texto,-,2368,0,0.002856300
pgvector,1,insert_texto,-,2369,0,0.002736900
pgvector,1,insert_texto,-,2370,0,0.002765100
pgvector,1,insert_texto,-,2371,0,0.002683700
pgvector,1,insert_texto,-,2372,0,0.002677500
pgvector,1,insert_texto,-,2373,0,0.002811200
pgvector,1,insert_texto,-,2374,0,0.003189000
pgvector,1,insert_texto,-,2375,0,0.003042900
pgvector,1,insert_texto,-,2376,0,0.002899700
pgvector,1,insert_texto,-,2377,0,0.002685000
pgvector,1,insert_texto,-,2378,0,0.002761600
pgvector,1,insert_texto,-,2379,0,0.003026800
pgvector,1,insert_texto,-,2380,0,0.002780500
pgvector,1,insert_texto,-,2381,0,0.002750100
pgvector,1,insert_texto,-,2382,0,0.002769100
pgvector,1,insert_texto,-,2383,0,0.002716700
pgvector,1,insert_texto,-,2384,0,0.002796600
pgvector,1,insert_texto,-,2385,0,0.002856900
pgvector,1,insert_texto,-,2386,0,0.002813100
pgvector,1,insert_texto,-,2387,0,0.002820600
pgvector,1,insert_texto,-,2388,0,0.002754100
pgvector,1,insert_texto,-,2389,0,0.002824400
pgvector,1,insert_texto,-,2390,0,0.002910000
pgvector,1,insert_texto,-,2391,0,0.002844200
pgvector,1,insert_texto,-,2392,0,0.002811100
pgvector,1,insert_texto,-,2393,0,0.002706800
pgvector,1,insert_texto,-,2394,0,0.002737300
pgvector,1,insert_texto,-,2395,0,0.002765000
pgvector,1,insert_texto,-,2396,0,0.002716900
pgvector,1,insert_texto,-,2397,0,0.002722800
pgvector,1,insert_texto,-,2398,0,0.002787400
pgvector,1,insert_texto,-,2399,0,0.002734900
pgvector,1,insert_texto,-,2400,0,0.002866700
pgvector,1,insert_texto,-,2401,0,0.002924100
pgvector,1,insert_texto,-,2402,0,0.003021600
pgvector,1,insert_texto,-,2403,0,0.002961700
pgvector,1,insert_texto,-,2404,0,0.002824400
pgvector,1,insert_texto,-,2405,0,0.002847600
pgvector,1,insert_texto,-,2406,0,0.002822300
pgvector,1,insert_texto,-,2407,0,0.002912700
pgvector,1,insert_texto,-,2408,0,0.003101400
pgvector,1,insert_texto,-,2409,0,0.003221500
pgvector,1,insert_texto,-,2410,0,0.003272100
pgvector,1,insert_texto,-,2411,0,0.003376400
pgvector,1,insert_texto,-,2412,0,0.003580800
pgvector,1,insert_texto,-,2413,0,0.003349700
pgvector,1,insert_texto,-,2414,0,0.003162900
pgvector,1,insert_texto,-,2415,0,0.003067500
pgvector,1,insert_texto,-,2416,0,0.002779600
pgvector,1,insert_texto,-,2417,0,0.003155500
pgvector,1,insert_texto,-,2418,0,0.002963100
pgvector,1,insert_texto,-,2419,0,0.002746100
pgvector,1,insert_texto,-,2420,0,0.002736200
pgvector,1,insert_texto,-,2421,0,0.002737800
pgvector,1,insert_texto,-,2422,0,0.002812200
pgvector,1,insert_texto,-,2423,0,0.002871200
pgvector,1,insert_texto,-,2424,0,0.002788200
pgvector,1,insert_texto,-,2425,0,0.002788300
pgvector,1,insert_texto,-,2426,0,0.002704100
pgvector,1,insert_texto,-,2427,0,0.002890000
pgvector,1,insert_texto,-,2428,0,0.002934200
pgvector,1,insert_texto,-,2429,0,0.002818800
pgvector,1,insert_texto,-,2430,0,0.002780900
pgvector,1,insert_texto,-,2431,0,0.002893400
pgvector,1,insert_texto,-,2432,0,0.002762200
pgvector,1,insert_texto,-,2433,0,0.002680300
pgvector,1,insert_texto,-,2434,0,0.002877500
pgvector,1,insert_texto,-,2435,0,0.002820100
pgvector,1,insert_texto,-,2436,0,0.002831200
pgvector,1,insert_texto,-,2437,0,0.002796800
pgvector,1,insert_texto,-,2438,0,0.002749800
pgvector,1,insert_texto,-,2439,0,0.002885500
pgvector,1,insert_texto,-,2440,0,0.002812000
pgvector,1,insert_texto,-,2441,0,0.002805400
pgvector,1,insert_texto,-,2442,0,0.002770700
pgvector,1,insert_texto,-,2443,0,0.002869000
pgvector,1,insert_texto,-,2444,0,0.002852400
pgvector,1,insert_texto,-,2445,0,0.003049800
pgvector,1,insert_texto,-,2446,0,0.002728400
pgvector,1,insert_texto,-,2447,0,0.003120000
pgvector,1,insert_texto,-,2448,0,0.002834400
pgvector,1,insert_texto,-,2449,0,0.002888000
pgvector,1,insert_texto,-,2450,0,0.002675200
pgvector,1,insert_texto,-,2451,0,0.002777000
pgvector,1,insert_texto,-,2452,0,0.002892800
pgvector,1,insert_texto,-,2453,0,0.002851200
pgvector,1,insert_texto,-,2454,0,0.002659900
pgvector,1,insert_texto,-,2455,0,0.003126400
pgvector,1,insert_texto,-,2456,0,0.002920900
pgvector,1,insert_texto,-,2457,0,0.002771200
pgvector,1,insert_texto,-,2458,0,0.002753600
pgvector,1,insert_texto,-,2459,0,0.002898300
pgvector,1,insert_texto,-,2460,0,0.002757600
pgvector,1,insert_texto,-,2461,0,0.002825300
pgvector,1,insert_texto,-,2462,0,0.002813000
pgvector,1,insert_texto,-,2463,0,0.002673100
pgvector,1,insert_texto,-,2464,0,0.002593400
pgvector,1,insert_texto,-,2465,0,0.002890900
pgvector,1,insert_texto,-,2466,0,0.002726100
pgvector,1,insert_texto,-,2467,0,0.002902100
pgvector,1,insert_texto,-,2468,0,0.002724200
pgvector,1,insert_texto,-,2469,0,0.002865300
pgvector,1,insert_texto,-,2470,0,0.002902600
pgvector,1,insert_texto,-,2471,0,0.002730300
pgvector,1,insert_texto,-,2472,0,0.003765000
pgvector,1,insert_texto,-,2473,0,0.002948700
pgvector,1,insert_texto,-,2474,0,0.002836000
pgvector,1,insert_texto,-,2475,0,0.002813000
pgvector,1,insert_texto,-,2476,0,0.002840300
pgvector,1,insert_texto,-,2477,0,0.002794800
pgvector,1,insert_texto,-,2478,0,0.003048000
pgvector,1,insert_texto,-,2479,0,0.002799700
pgvector,1,insert_texto,-,2480,0,0.003232400
pgvector,1,insert_texto,-,2481,0,0.002842000
pgvector,1,insert_texto,-,2482,0,0.002716100
pgvector,1,insert_texto,-,2483,0,0.002966700
pgvector,1,insert_texto,-,2484,0,0.002896300
pgvector,1,insert_texto,-,2485,0,0.002857500
pgvector,1,insert_texto,-,2486,0,0.003130200
pgvector,1,insert_texto,-,2487,0,0.002836500
pgvector,1,insert_texto,-,2488,0,0.002735600
pgvector,1,insert_texto,-,2489,0,0.002828900
pgvector,1,insert_texto,-,2490,0,0.002780200
pgvector,1,insert_texto,-,2491,0,0.002967900
pgvector,1,insert_texto,-,2492,0,0.002953700
pgvector,1,insert_texto,-,2493,0,0.002750400
pgvector,1,insert_texto,-,2494,0,0.002829900
pgvector,1,insert_texto,-,2495,0,0.002731200
pgvector,1,insert_texto,-,2496,0,0.002909600
pgvector,1,insert_texto,-,2497,0,0.003089800
pgvector,1,insert_texto,-,2498,0,0.002855400
pgvector,1,insert_texto,-,2499,0,0.002672400
pgvector,1,insert_texto,-,2500,0,0.002654300
pgvector,1,insert_texto,-,2501,0,0.002769600
pgvector,1,insert_texto,-,2502,0,0.002841700
pgvector,1,insert_texto,-,2503,0,0.003079600
pgvector,1,insert_texto,-,2504,0,0.002990600
pgvector,1,insert_texto,-,2505,0,0.003391000
pgvector,1,insert_texto,-,2506,0,0.003103800
pgvector,1,insert_texto,-,2507,0,0.003168500
pgvector,1,insert_texto,-,2508,0,0.003069000
pgvector,1,insert_texto,-,2509,0,0.003228200
pgvector,1,insert_texto,-,2510,0,0.003135000
pgvector,1,insert_texto,-,2511,0,0.002696100
pgvector,1,insert_texto,-,2512,0,0.002830000
pgvector,1,insert_texto,-,2513,0,0.002794200
pgvector,1,insert_texto,-,2514,0,0.002835800
pgvector,1,insert_texto,-,2515,0,0.002802900
pgvector,1,insert_texto,-,2516,0,0.002684500
pgvector,1,insert_texto,-,2517,0,0.002875200
pgvector,1,insert_texto,-,2518,0,0.002846400
pgvector,1,insert_texto,-,2519,0,0.002717500
pgvector,1,insert_texto,-,2520,0,0.002869400
pgvector,1,insert_texto,-,2521,0,0.002790600
pgvector,1,insert_texto,-,2522,0,0.002740400
pgvector,1,insert_texto,-,2523,0,0.002762400
pgvector,1,insert_texto,-,2524,0,0.002964600
pgvector,1,insert_texto,-,2525,0,0.002803400
pgvector,1,insert_texto,-,2526,0,0.002737700
pgvector,1,insert_texto,-,2527,0,0.002690400
pgvector,1,insert_texto,-,2528,0,0.002684700
pgvector,1,insert_texto,-,2529,0,0.002806500
pgvector,1,insert_texto,-,2530,0,0.002777100
pgvector,1,insert_texto,-,2531,0,0.002665400
pgvector,1,insert_texto,-,2532,0,0.002693300
pgvector,1,insert_texto,-,2533,0,0.002806900
pgvector,1,insert_texto,-,2534,0,0.002633900
pgvector,1,insert_texto,-,2535,0,0.002869500
pgvector,1,insert_texto,-,2536,0,0.002703900
pgvector,1,insert_texto,-,2537,0,0.002765500
pgvector,1,insert_texto,-,2538,0,0.002760800
pgvector,1,insert_texto,-,2539,0,0.002771600
pgvector,1,insert_texto,-,2540,0,0.002833900
pgvector,1,insert_texto,-,2541,0,0.002888200
pgvector,1,insert_texto,-,2542,0,0.002745700
pgvector,1,insert_texto,-,2543,0,0.002804500
pgvector,1,insert_texto,-,2544,0,0.002772600
pgvector,1,insert_texto,-,2545,0,0.002834700
pgvector,1,insert_texto,-,2546,0,0.002833700
pgvector,1,insert_texto,-,2547,0,0.002793700
pgvector,1,insert_texto,-,2548,0,0.002693200
pgvector,1,insert_texto,-,2549,0,0.002650600
pgvector,1,insert_texto,-,2550,0,0.002953900
pgvector,1,insert_texto,-,2551,0,0.002705000
pgvector,1,insert_texto,-,2552,0,0.002796800
pgvector,1,insert_texto,-,2553,0,0.003009300
pgvector,1,insert_texto,-,2554,0,0.002969700
pgvector,1,insert_texto,-,2555,0,0.002816700
pgvector,1,insert_texto,-,2556,0,0.002689200
pgvector,1,insert_texto,-,2557,0,0.003126100
pgvector,1,insert_texto,-,2558,0,0.002797100
pgvector,1,insert_texto,-,2559,0,0.002746700
pgvector,1,insert_texto,-,2560,0,0.002692300
pgvector,1,insert_texto,-,2561,0,0.002778900
pgvector,1,insert_texto,-,2562,0,0.002854300
pgvector,1,insert_texto,-,2563,0,0.002733700
pgvector,1,insert_texto,-,2564,0,0.002728900
pgvector,1,insert_texto,-,2565,0,0.002736500
pgvector,1,insert_texto,-,2566,0,0.002695600
pgvector,1,insert_texto,-,2567,0,0.002731300
pgvector,1,insert_texto,-,2568,0,0.002720800
pgvector,1,insert_texto,-,2569,0,0.002885500
pgvector,1,insert_texto,-,2570,0,0.002932300
pgvector,1,insert_texto,-,2571,0,0.003031700
pgvector,1,insert_texto,-,2572,0,0.002692900
pgvector,1,insert_texto,-,2573,0,0.002846900
pgvector,1,insert_texto,-,2574,0,0.002822500
pgvector,1,insert_texto,-,2575,0,0.002772500
pgvector,1,insert_texto,-,2576,0,0.002748200
pgvector,1,insert_texto,-,2577,0,0.002751500
pgvector,1,insert_texto,-,2578,0,0.002770100
pgvector,1,insert_texto,-,2579,0,0.002878400
pgvector,1,insert_texto,-,2580,0,0.003292400
pgvector,1,insert_texto,-,2581,0,0.003029200
pgvector,1,insert_texto,-,2582,0,0.002736500
pgvector,1,insert_texto,-,2583,0,0.002945600
pgvector,1,insert_texto,-,2584,0,0.002739600
pgvector,1,insert_texto,-,2585,0,0.002820000
pgvector,1,insert_texto,-,2586,0,0.002883900
pgvector,1,insert_texto,-,2587,0,0.002763300
pgvector,1,insert_texto,-,2588,0,0.002802100
pgvector,1,insert_texto,-,2589,0,0.002912000
pgvector,1,insert_texto,-,2590,0,0.002820700
pgvector,1,insert_texto,-,2591,0,0.003216800
pgvector,1,insert_texto,-,2592,0,0.003992200
pgvector,1,insert_texto,-,2593,0,0.004027300
pgvector,1,insert_texto,-,2594,0,0.004358700
pgvector,1,insert_texto,-,2595,0,0.004208600
pgvector,1,insert_texto,-,2596,0,0.003670600
pgvector,1,insert_texto,-,2597,0,0.003715700
pgvector,1,insert_texto,-,2598,0,0.003967600
pgvector,1,insert_texto,-,2599,0,0.003622000
pgvector,1,insert_texto,-,2600,0,0.003970300
pgvector,1,insert_texto,-,2601,0,0.004114700
pgvector,1,insert_texto,-,2602,0,0.003446200
pgvector,1,insert_texto,-,2603,0,0.003770500
pgvector,1,insert_texto,-,2604,0,0.003257900
pgvector,1,insert_texto,-,2605,0,0.004070500
pgvector,1,insert_texto,-,2606,0,0.003521900
pgvector,1,insert_texto,-,2607,0,0.003564000
pgvector,1,insert_texto,-,2608,0,0.004715000
pgvector,1,insert_texto,-,2609,0,0.004207100
pgvector,1,insert_texto,-,2610,0,0.004036900
pgvector,1,insert_texto,-,2611,0,0.003851000
pgvector,1,insert_texto,-,2612,0,0.003948000
pgvector,1,insert_texto,-,2613,0,0.004140400
pgvector,1,insert_texto,-,2614,0,0.003897800
pgvector,1,insert_texto,-,2615,0,0.004089800
pgvector,1,insert_texto,-,2616,0,0.003995100
pgvector,1,insert_texto,-,2617,0,0.003820400
pgvector,1,insert_texto,-,2618,0,0.003811200
pgvector,1,insert_texto,-,2619,0,0.004138900
pgvector,1,insert_texto,-,2620,0,0.004301600
pgvector,1,insert_texto,-,2621,0,0.004672900
pgvector,1,insert_texto,-,2622,0,0.003600600
pgvector,1,insert_texto,-,2623,0,0.003565800
pgvector,1,insert_texto,-,2624,0,0.003689400
pgvector,1,insert_texto,-,2625,0,0.002863800
pgvector,1,insert_texto,-,2626,0,0.002739100
pgvector,1,insert_texto,-,2627,0,0.002866900
pgvector,1,insert_texto,-,2628,0,0.002767000
pgvector,1,insert_texto,-,2629,0,0.002562400
pgvector,1,insert_texto,-,2630,0,0.002693900
pgvector,1,insert_texto,-,2631,0,0.002593000
pgvector,1,insert_texto,-,2632,0,0.002582800
pgvector,1,insert_texto,-,2633,0,0.002821400
pgvector,1,insert_texto,-,2634,0,0.002650000
pgvector,1,insert_texto,-,2635,0,0.002830400
pgvector,1,insert_texto,-,2636,0,0.003247700
pgvector,1,insert_texto,-,2637,0,0.003215700
pgvector,1,insert_texto,-,2638,0,0.003220200
pgvector,1,insert_texto,-,2639,0,0.002718300
pgvector,1,insert_texto,-,2640,0,0.002629200
pgvector,1,insert_texto,-,2641,0,0.002672800
pgvector,1,insert_texto,-,2642,0,0.002723100
pgvector,1,insert_texto,-,2643,0,0.002429800
pgvector,1,insert_texto,-,2644,0,0.002733400
pgvector,1,insert_texto,-,2645,0,0.002737400
pgvector,1,insert_texto,-,2646,0,0.002459000
pgvector,1,insert_texto,-,2647,0,0.002745400
pgvector,1,insert_texto,-,2648,0,0.002653900
pgvector,1,insert_texto,-,2649,0,0.002636300
pgvector,1,insert_texto,-,2650,0,0.002782000
pgvector,1,insert_texto,-,2651,0,0.002562900
pgvector,1,insert_texto,-,2652,0,0.002626900
pgvector,1,insert_texto,-,2653,0,0.002571700
pgvector,1,insert_texto,-,2654,0,0.002685300
pgvector,1,insert_texto,-,2655,0,0.002547000
pgvector,1,insert_texto,-,2656,0,0.003002800
pgvector,1,insert_texto,-,2657,0,0.002586800
pgvector,1,insert_texto,-,2658,0,0.002560800
pgvector,1,insert_texto,-,2659,0,0.002644400
pgvector,1,insert_texto,-,2660,0,0.002662600
pgvector,1,insert_texto,-,2661,0,0.002742700
pgvector,1,insert_texto,-,2662,0,0.002736800
pgvector,1,insert_texto,-,2663,0,0.002834400
pgvector,1,insert_texto,-,2664,0,0.002619100
pgvector,1,insert_texto,-,2665,0,0.002771400
pgvector,1,insert_texto,-,2666,0,0.002523200
pgvector,1,insert_texto,-,2667,0,0.002804500
pgvector,1,insert_texto,-,2668,0,0.002647100
pgvector,1,insert_texto,-,2669,0,0.002688300
pgvector,1,insert_texto,-,2670,0,0.002669700
pgvector,1,insert_texto,-,2671,0,0.002834800
pgvector,1,insert_texto,-,2672,0,0.002982200
pgvector,1,insert_texto,-,2673,0,0.002703500
pgvector,1,insert_texto,-,2674,0,0.002729900
pgvector,1,insert_texto,-,2675,0,0.002898100
pgvector,1,insert_texto,-,2676,0,0.002692100
pgvector,1,insert_texto,-,2677,0,0.002698100
pgvector,1,insert_texto,-,2678,0,0.002872000
pgvector,1,insert_texto,-,2679,0,0.002809200
pgvector,1,insert_texto,-,2680,0,0.002819800
pgvector,1,insert_texto,-,2681,0,0.002797700
pgvector,1,insert_texto,-,2682,0,0.002775200
pgvector,1,insert_texto,-,2683,0,0.002869700
pgvector,1,insert_texto,-,2684,0,0.002836800
pgvector,1,insert_texto,-,2685,0,0.002951000
pgvector,1,insert_texto,-,2686,0,0.002743600
pgvector,1,insert_texto,-,2687,0,0.002780400
pgvector,1,insert_texto,-,2688,0,0.002777600
pgvector,1,insert_texto,-,2689,0,0.002860300
pgvector,1,insert_texto,-,2690,0,0.002749000
pgvector,1,insert_texto,-,2691,0,0.002843600
pgvector,1,insert_texto,-,2692,0,0.002907600
pgvector,1,insert_texto,-,2693,0,0.003082900
pgvector,1,insert_texto,-,2694,0,0.003188200
pgvector,1,insert_texto,-,2695,0,0.003409400
pgvector,1,insert_texto,-,2696,0,0.003201300
pgvector,1,insert_texto,-,2697,0,0.003138500
pgvector,1,insert_texto,-,2698,0,0.003360800
pgvector,1,insert_texto,-,2699,0,0.003111900
pgvector,1,insert_texto,-,2700,0,0.003109600
pgvector,1,insert_texto,-,2701,0,0.002730200
pgvector,1,insert_texto,-,2702,0,0.002732700
pgvector,1,insert_texto,-,2703,0,0.002820000
pgvector,1,insert_texto,-,2704,0,0.002803300
pgvector,1,insert_texto,-,2705,0,0.002786300
pgvector,1,insert_texto,-,2706,0,0.002835200
pgvector,1,insert_texto,-,2707,0,0.002988200
pgvector,1,insert_texto,-,2708,0,0.002811200
pgvector,1,insert_texto,-,2709,0,0.003140100
pgvector,1,insert_texto,-,2710,0,0.002887600
pgvector,1,insert_texto,-,2711,0,0.002782100
pgvector,1,insert_texto,-,2712,0,0.002950800
pgvector,1,insert_texto,-,2713,0,0.002711400
pgvector,1,insert_texto,-,2714,0,0.002832600
pgvector,1,insert_texto,-,2715,0,0.002834300
pgvector,1,insert_texto,-,2716,0,0.002793100
pgvector,1,insert_texto,-,2717,0,0.002821200
pgvector,1,insert_texto,-,2718,0,0.002888300
pgvector,1,insert_texto,-,2719,0,0.003040000
pgvector,1,insert_texto,-,2720,0,0.002768600
pgvector,1,insert_texto,-,2721,0,0.002959700
pgvector,1,insert_texto,-,2722,0,0.003161000
pgvector,1,insert_texto,-,2723,0,0.002756000
pgvector,1,insert_texto,-,2724,0,0.002813100
pgvector,1,insert_texto,-,2725,0,0.002670900
pgvector,1,insert_texto,-,2726,0,0.002911700
pgvector,1,insert_texto,-,2727,0,0.002921600
pgvector,1,insert_texto,-,2728,0,0.002962300
pgvector,1,insert_texto,-,2729,0,0.002904400
pgvector,1,insert_texto,-,2730,0,0.002838600
pgvector,1,insert_texto,-,2731,0,0.002796500
pgvector,1,insert_texto,-,2732,0,0.002762600
pgvector,1,insert_texto,-,2733,0,0.002646400
pgvector,1,insert_texto,-,2734,0,0.002641400
pgvector,1,insert_texto,-,2735,0,0.002615100
pgvector,1,insert_texto,-,2736,0,0.002694100
pgvector,1,insert_texto,-,2737,0,0.003002000
pgvector,1,insert_texto,-,2738,0,0.002896700
pgvector,1,insert_texto,-,2739,0,0.002712700
pgvector,1,insert_texto,-,2740,0,0.002889100
pgvector,1,insert_texto,-,2741,0,0.002661200
pgvector,1,insert_texto,-,2742,0,0.002651900
pgvector,1,insert_texto,-,2743,0,0.002855100
pgvector,1,insert_texto,-,2744,0,0.002856500
pgvector,1,insert_texto,-,2745,0,0.002801200
pgvector,1,insert_texto,-,2746,0,0.002654500
pgvector,1,insert_texto,-,2747,0,0.002534900
pgvector,1,insert_texto,-,2748,0,0.002700200
pgvector,1,insert_texto,-,2749,0,0.002624600
pgvector,1,insert_texto,-,2750,0,0.003163900
pgvector,1,insert_texto,-,2751,0,0.002706600
pgvector,1,insert_texto,-,2752,0,0.002677000
pgvector,1,insert_texto,-,2753,0,0.002792200
pgvector,1,insert_texto,-,2754,0,0.002670500
pgvector,1,insert_texto,-,2755,0,0.002724900
pgvector,1,insert_texto,-,2756,0,0.003013000
pgvector,1,insert_texto,-,2757,0,0.002885100
pgvector,1,insert_texto,-,2758,0,0.002597100
pgvector,1,insert_texto,-,2759,0,0.002546900
pgvector,1,insert_texto,-,2760,0,0.002713000
pgvector,1,insert_texto,-,2761,0,0.003195900
pgvector,1,insert_texto,-,2762,0,0.002657300
pgvector,1,insert_texto,-,2763,0,0.002973700
pgvector,1,insert_texto,-,2764,0,0.002584900
pgvector,1,insert_texto,-,2765,0,0.002747500
pgvector,1,insert_texto,-,2766,0,0.002818400
pgvector,1,insert_texto,-,2767,0,0.002922900
pgvector,1,insert_texto,-,2768,0,0.002794200
pgvector,1,insert_texto,-,2769,0,0.002776600
pgvector,1,insert_texto,-,2770,0,0.002775500
pgvector,1,insert_texto,-,2771,0,0.002789500
pgvector,1,insert_texto,-,2772,0,0.002726400
pgvector,1,insert_texto,-,2773,0,0.002824100
pgvector,1,insert_texto,-,2774,0,0.002706000
pgvector,1,insert_texto,-,2775,0,0.002687200
pgvector,1,insert_texto,-,2776,0,0.002988100
pgvector,1,insert_texto,-,2777,0,0.002640800
pgvector,1,insert_texto,-,2778,0,0.002754800
pgvector,1,insert_texto,-,2779,0,0.002547900
pgvector,1,insert_texto,-,2780,0,0.002668500
pgvector,1,insert_texto,-,2781,0,0.002553000
pgvector,1,insert_texto,-,2782,0,0.002898700
pgvector,1,insert_texto,-,2783,0,0.002747100
pgvector,1,insert_texto,-,2784,0,0.002674400
pgvector,1,insert_texto,-,2785,0,0.002718800
pgvector,1,insert_texto,-,2786,0,0.002709200
pgvector,1,insert_texto,-,2787,0,0.002595700
pgvector,1,insert_texto,-,2788,0,0.003129400
pgvector,1,insert_texto,-,2789,0,0.003363700
pgvector,1,insert_texto,-,2790,0,0.002937300
pgvector,1,insert_texto,-,2791,0,0.003239000
pgvector,1,insert_texto,-,2792,0,0.003335100
pgvector,1,insert_texto,-,2793,0,0.003334800
pgvector,1,insert_texto,-,2794,0,0.003346300
pgvector,1,insert_texto,-,2795,0,0.003622600
pgvector,1,insert_texto,-,2796,0,0.002995800
pgvector,1,insert_texto,-,2797,0,0.002551200
pgvector,1,insert_texto,-,2798,0,0.002643000
pgvector,1,insert_texto,-,2799,0,0.002787500
pgvector,1,insert_texto,-,2800,0,0.002781400
pgvector,1,insert_texto,-,2801,0,0.002734200
pgvector,1,insert_texto,-,2802,0,0.002608500
pgvector,1,insert_texto,-,2803,0,0.002822000
pgvector,1,insert_texto,-,2804,0,0.002848000
pgvector,1,insert_texto,-,2805,0,0.003050800
pgvector,1,insert_texto,-,2806,0,0.002771000
pgvector,1,insert_texto,-,2807,0,0.002730500
pgvector,1,insert_texto,-,2808,0,0.002739100
pgvector,1,insert_texto,-,2809,0,0.002745700
pgvector,1,insert_texto,-,2810,0,0.002614300
pgvector,1,insert_texto,-,2811,0,0.002854500
pgvector,1,insert_texto,-,2812,0,0.002680400
pgvector,1,insert_texto,-,2813,0,0.002551500
pgvector,1,insert_texto,-,2814,0,0.002318300
pgvector,1,insert_texto,-,2815,0,0.002600800
pgvector,1,insert_texto,-,2816,0,0.002433400
pgvector,1,insert_texto,-,2817,0,0.002410400
pgvector,1,insert_texto,-,2818,0,0.002506700
pgvector,1,insert_texto,-,2819,0,0.002313000
pgvector,1,insert_texto,-,2820,0,0.002522800
pgvector,1,insert_texto,-,2821,0,0.002411000
pgvector,1,insert_texto,-,2822,0,0.002286000
pgvector,1,insert_texto,-,2823,0,0.002645500
pgvector,1,insert_texto,-,2824,0,0.002330300
pgvector,1,insert_texto,-,2825,0,0.002573500
pgvector,1,insert_texto,-,2826,0,0.002389300
pgvector,1,insert_texto,-,2827,0,0.002599700
pgvector,1,insert_texto,-,2828,0,0.002430400
pgvector,1,insert_texto,-,2829,0,0.002400800
pgvector,1,insert_texto,-,2830,0,0.002815900
pgvector,1,insert_texto,-,2831,0,0.002472700
pgvector,1,insert_texto,-,2832,0,0.002363400
pgvector,1,insert_texto,-,2833,0,0.002485700
pgvector,1,insert_texto,-,2834,0,0.002247300
pgvector,1,insert_texto,-,2835,0,0.002450300
pgvector,1,insert_texto,-,2836,0,0.002560000
pgvector,1,insert_texto,-,2837,0,0.002299400
pgvector,1,insert_texto,-,2838,0,0.002358600
pgvector,1,insert_texto,-,2839,0,0.002129000
pgvector,1,insert_texto,-,2840,0,0.002326900
pgvector,1,insert_texto,-,2841,0,0.002157700
pgvector,1,insert_texto,-,2842,0,0.002242500
pgvector,1,insert_texto,-,2843,0,0.003098900
pgvector,1,insert_texto,-,2844,0,0.002455700
pgvector,1,insert_texto,-,2845,0,0.002247100
pgvector,1,insert_texto,-,2846,0,0.002677900
pgvector,1,insert_texto,-,2847,0,0.002428900
pgvector,1,insert_texto,-,2848,0,0.002635300
pgvector,1,insert_texto,-,2849,0,0.002706700
pgvector,1,insert_texto,-,2850,0,0.002357500
pgvector,1,insert_texto,-,2851,0,0.002532400
pgvector,1,insert_texto,-,2852,0,0.002291500
pgvector,1,insert_texto,-,2853,0,0.002317200
pgvector,1,insert_texto,-,2854,0,0.002638900
pgvector,1,insert_texto,-,2855,0,0.002356600
pgvector,1,insert_texto,-,2856,0,0.002303700
pgvector,1,insert_texto,-,2857,0,0.002144500
pgvector,1,insert_texto,-,2858,0,0.002287900
pgvector,1,insert_texto,-,2859,0,0.002518700
pgvector,1,insert_texto,-,2860,0,0.002578000
pgvector,1,insert_texto,-,2861,0,0.002422600
pgvector,1,insert_texto,-,2862,0,0.002176400
pgvector,1,insert_texto,-,2863,0,0.002649800
pgvector,1,insert_texto,-,2864,0,0.002381500
pgvector,1,insert_texto,-,2865,0,0.002275200
pgvector,1,insert_texto,-,2866,0,0.002335000
pgvector,1,insert_texto,-,2867,0,0.002562200
pgvector,1,insert_texto,-,2868,0,0.002447500
pgvector,1,insert_texto,-,2869,0,0.002378900
pgvector,1,insert_texto,-,2870,0,0.002328700
pgvector,1,insert_texto,-,2871,0,0.002239400
pgvector,1,insert_texto,-,2872,0,0.002423100
pgvector,1,insert_texto,-,2873,0,0.002430200
pgvector,1,insert_texto,-,2874,0,0.002752100
pgvector,1,insert_texto,-,2875,0,0.002332100
pgvector,1,insert_texto,-,2876,0,0.002527700
pgvector,1,insert_texto,-,2877,0,0.002532100
pgvector,1,insert_texto,-,2878,0,0.002340100
pgvector,1,insert_texto,-,2879,0,0.002553100
pgvector,1,insert_texto,-,2880,0,0.002647400
pgvector,1,insert_texto,-,2881,0,0.002319100
pgvector,1,insert_texto,-,2882,0,0.002436500
pgvector,1,insert_texto,-,2883,0,0.002740500
pgvector,1,insert_texto,-,2884,0,0.002858100
pgvector,1,insert_texto,-,2885,0,0.002629600
pgvector,1,insert_texto,-,2886,0,0.002713200
pgvector,1,insert_texto,-,2887,0,0.003008400
pgvector,1,insert_texto,-,2888,0,0.003165200
pgvector,1,insert_texto,-,2889,0,0.002860100
pgvector,1,insert_texto,-,2890,0,0.002748200
pgvector,1,insert_texto,-,2891,0,0.002418600
pgvector,1,insert_texto,-,2892,0,0.002453400
pgvector,1,insert_texto,-,2893,0,0.002335100
pgvector,1,insert_texto,-,2894,0,0.002564600
pgvector,1,insert_texto,-,2895,0,0.002342900
pgvector,1,insert_texto,-,2896,0,0.002328300
pgvector,1,insert_texto,-,2897,0,0.002538400
pgvector,1,insert_texto,-,2898,0,0.002598600
pgvector,1,insert_texto,-,2899,0,0.002587100
pgvector,1,insert_texto,-,2900,0,0.002644900
pgvector,1,insert_texto,-,2901,0,0.002331700
pgvector,1,insert_texto,-,2902,0,0.002537100
pgvector,1,insert_texto,-,2903,0,0.002426800
pgvector,1,insert_texto,-,2904,0,0.002334400
pgvector,1,insert_texto,-,2905,0,0.002473200
pgvector,1,insert_texto,-,2906,0,0.002359400
pgvector,1,insert_texto,-,2907,0,0.002589000
pgvector,1,insert_texto,-,2908,0,0.002382200
pgvector,1,insert_texto,-,2909,0,0.002370500
pgvector,1,insert_texto,-,2910,0,0.002505800
pgvector,1,insert_texto,-,2911,0,0.002323200
pgvector,1,insert_texto,-,2912,0,0.002238800
pgvector,1,insert_texto,-,2913,0,0.002847200
pgvector,1,insert_texto,-,2914,0,0.002602400
pgvector,1,insert_texto,-,2915,0,0.002587400
pgvector,1,insert_texto,-,2916,0,0.002456900
pgvector,1,insert_texto,-,2917,0,0.002462500
pgvector,1,insert_texto,-,2918,0,0.002435100
pgvector,1,insert_texto,-,2919,0,0.002367400
pgvector,1,insert_texto,-,2920,0,0.002508400
pgvector,1,insert_texto,-,2921,0,0.002542900
pgvector,1,insert_texto,-,2922,0,0.002391500
pgvector,1,insert_texto,-,2923,0,0.002537100
pgvector,1,insert_texto,-,2924,0,0.002292000
pgvector,1,insert_texto,-,2925,0,0.002363600
pgvector,1,insert_texto,-,2926,0,0.002543900
pgvector,1,insert_texto,-,2927,0,0.002401600
pgvector,1,insert_texto,-,2928,0,0.002322100
pgvector,1,insert_texto,-,2929,0,0.002352200
pgvector,1,insert_texto,-,2930,0,0.002524700
pgvector,1,insert_texto,-,2931,0,0.002322300
pgvector,1,insert_texto,-,2932,0,0.002303300
pgvector,1,insert_texto,-,2933,0,0.002506300
pgvector,1,insert_texto,-,2934,0,0.002454800
pgvector,1,insert_texto,-,2935,0,0.002404100
pgvector,1,insert_texto,-,2936,0,0.002337500
pgvector,1,insert_texto,-,2937,0,0.002325800
pgvector,1,insert_texto,-,2938,0,0.002411900
pgvector,1,insert_texto,-,2939,0,0.002313500
pgvector,1,insert_texto,-,2940,0,0.002241700
pgvector,1,insert_texto,-,2941,0,0.002535200
pgvector,1,insert_texto,-,2942,0,0.002391800
pgvector,1,insert_texto,-,2943,0,0.002494700
pgvector,1,insert_texto,-,2944,0,0.002483300
pgvector,1,insert_texto,-,2945,0,0.002556300
pgvector,1,insert_texto,-,2946,0,0.002639800
pgvector,1,insert_texto,-,2947,0,0.002407100
pgvector,1,insert_texto,-,2948,0,0.002298400
pgvector,1,insert_texto,-,2949,0,0.002191100
pgvector,1,insert_texto,-,2950,0,0.003683000
pgvector,1,insert_texto,-,2951,0,0.002974600
pgvector,1,insert_texto,-,2952,0,0.002378900
pgvector,1,insert_texto,-,2953,0,0.002536500
pgvector,1,insert_texto,-,2954,0,0.002462300
pgvector,1,insert_texto,-,2955,0,0.002602300
pgvector,1,insert_texto,-,2956,0,0.002522300
pgvector,1,insert_texto,-,2957,0,0.002537000
pgvector,1,insert_texto,-,2958,0,0.002211600
pgvector,1,insert_texto,-,2959,0,0.002479900
pgvector,1,insert_texto,-,2960,0,0.002305000
pgvector,1,insert_texto,-,2961,0,0.002324900
pgvector,1,insert_texto,-,2962,0,0.002659400
pgvector,1,insert_texto,-,2963,0,0.002521500
pgvector,1,insert_texto,-,2964,0,0.002315900
pgvector,1,insert_texto,-,2965,0,0.002697700
pgvector,1,insert_texto,-,2966,0,0.002551800
pgvector,1,insert_texto,-,2967,0,0.002492300
pgvector,1,insert_texto,-,2968,0,0.002515600
pgvector,1,insert_texto,-,2969,0,0.002843600
pgvector,1,insert_texto,-,2970,0,0.002225300
pgvector,1,insert_texto,-,2971,0,0.002445000
pgvector,1,insert_texto,-,2972,0,0.002332800
pgvector,1,insert_texto,-,2973,0,0.002363700
pgvector,1,insert_texto,-,2974,0,0.002542800
pgvector,1,insert_texto,-,2975,0,0.002992300
pgvector,1,insert_texto,-,2976,0,0.002949800
pgvector,1,insert_texto,-,2977,0,0.002874700
pgvector,1,insert_texto,-,2978,0,0.002719400
pgvector,1,insert_texto,-,2979,0,0.002880900
pgvector,1,insert_texto,-,2980,0,0.002980100
pgvector,1,insert_texto,-,2981,0,0.003266700
pgvector,1,insert_texto,-,2982,0,0.002886100
pgvector,1,insert_texto,-,2983,0,0.002567500
pgvector,1,insert_texto,-,2984,0,0.002305200
pgvector,1,insert_texto,-,2985,0,0.002302600
pgvector,1,insert_texto,-,2986,0,0.002927600
pgvector,1,insert_texto,-,2987,0,0.002702500
pgvector,1,insert_texto,-,2988,0,0.002386500
pgvector,1,insert_texto,-,2989,0,0.002371500
pgvector,1,insert_texto,-,2990,0,0.002256300
pgvector,1,insert_texto,-,2991,0,0.002284800
pgvector,1,insert_texto,-,2992,0,0.002253400
pgvector,1,insert_texto,-,2993,0,0.002284300
pgvector,1,insert_texto,-,2994,0,0.002432300
pgvector,1,insert_texto,-,2995,0,0.002324500
pgvector,1,insert_texto,-,2996,0,0.003499400
pgvector,1,insert_texto,-,2997,0,0.004036900
pgvector,1,insert_texto,-,2998,0,0.003597700
pgvector,1,insert_texto,-,2999,0,0.003623500
pgvector,1,insert_texto,-,3000,0,0.002809000
pgvector,1,insert_texto,-,3001,0,0.002556100
pgvector,1,insert_texto,-,3002,0,0.002522700
pgvector,1,insert_texto,-,3003,0,0.002519400
pgvector,1,insert_texto,-,3004,0,0.002454900
pgvector,1,insert_texto,-,3005,0,0.002544500
pgvector,1,insert_texto,-,3006,0,0.002367800
pgvector,1,insert_texto,-,3007,0,0.002409200
pgvector,1,insert_texto,-,3008,0,0.002452900
pgvector,1,insert_texto,-,3009,0,0.002551300
pgvector,1,insert_texto,-,3010,0,0.002576500
pgvector,1,insert_texto,-,3011,0,0.002416300
pgvector,1,insert_texto,-,3012,0,0.002397400
pgvector,1,insert_texto,-,3013,0,0.002444400
pgvector,1,insert_texto,-,3014,0,0.002352400
pgvector,1,insert_texto,-,3015,0,0.002546900
pgvector,1,insert_texto,-,3016,0,0.005538400
pgvector,1,insert_texto,-,3017,0,0.005162500
pgvector,1,insert_texto,-,3018,0,0.004659600
pgvector,1,insert_texto,-,3019,0,0.004676600
pgvector,1,insert_texto,-,3020,0,0.004928300
pgvector,1,insert_texto,-,3021,0,0.004320200
pgvector,1,insert_texto,-,3022,0,0.004929900
pgvector,1,insert_texto,-,3023,0,0.004178200
pgvector,1,insert_texto,-,3024,0,0.004541200
pgvector,1,insert_texto,-,3025,0,0.002840800
pgvector,1,insert_texto,-,3026,0,0.003240600
pgvector,1,insert_texto,-,3027,0,0.003224800
pgvector,1,insert_texto,-,3028,0,0.003310800
pgvector,1,insert_texto,-,3029,0,0.004543200
pgvector,1,insert_texto,-,3030,0,0.005280200
pgvector,1,insert_texto,-,3031,0,0.003176000
pgvector,1,insert_texto,-,3032,0,0.002977900
pgvector,1,insert_texto,-,3033,0,0.002543100
pgvector,1,insert_texto,-,3034,0,0.002723700
pgvector,1,insert_texto,-,3035,0,0.002704000
pgvector,1,insert_texto,-,3036,0,0.002499800
pgvector,1,insert_texto,-,3037,0,0.002529900
pgvector,1,insert_texto,-,3038,0,0.002660000
pgvector,1,insert_texto,-,3039,0,0.002488300
pgvector,1,insert_texto,-,3040,0,0.002495600
pgvector,1,insert_texto,-,3041,0,0.002906200
pgvector,1,insert_texto,-,3042,0,0.002622300
pgvector,1,insert_texto,-,3043,0,0.002454400
pgvector,1,insert_texto,-,3044,0,0.002545100
pgvector,1,insert_texto,-,3045,0,0.002570600
pgvector,1,insert_texto,-,3046,0,0.002511700
pgvector,1,insert_texto,-,3047,0,0.002450000
pgvector,1,insert_texto,-,3048,0,0.002407300
pgvector,1,insert_texto,-,3049,0,0.002565600
pgvector,1,insert_texto,-,3050,0,0.002436100
pgvector,1,insert_texto,-,3051,0,0.002413000
pgvector,1,insert_texto,-,3052,0,0.002634900
pgvector,1,insert_texto,-,3053,0,0.002533700
pgvector,1,insert_texto,-,3054,0,0.002444500
pgvector,1,insert_texto,-,3055,0,0.002427700
pgvector,1,insert_texto,-,3056,0,0.002370400
pgvector,1,insert_texto,-,3057,0,0.002437400
pgvector,1,insert_texto,-,3058,0,0.002433000
pgvector,1,insert_texto,-,3059,0,0.002439900
pgvector,1,insert_texto,-,3060,0,0.002399600
pgvector,1,insert_texto,-,3061,0,0.002791000
pgvector,1,insert_texto,-,3062,0,0.002795200
pgvector,1,insert_texto,-,3063,0,0.002646800
pgvector,1,insert_texto,-,3064,0,0.002533600
pgvector,1,insert_texto,-,3065,0,0.002821900
pgvector,1,insert_texto,-,3066,0,0.002637000
pgvector,1,insert_texto,-,3067,0,0.002433700
pgvector,1,insert_texto,-,3068,0,0.002657100
pgvector,1,insert_texto,-,3069,0,0.002726400
pgvector,1,insert_texto,-,3070,0,0.002649400
pgvector,1,insert_texto,-,3071,0,0.003116200
pgvector,1,insert_texto,-,3072,0,0.003431400
pgvector,1,insert_texto,-,3073,0,0.002841300
pgvector,1,insert_texto,-,3074,0,0.002813900
pgvector,1,insert_texto,-,3075,0,0.003246600
pgvector,1,insert_texto,-,3076,0,0.002989200
pgvector,1,insert_texto,-,3077,0,0.002952900
pgvector,1,insert_texto,-,3078,0,0.002998100
pgvector,1,insert_texto,-,3079,0,0.002658500
pgvector,1,insert_texto,-,3080,0,0.002546700
pgvector,1,insert_texto,-,3081,0,0.002678800
pgvector,1,insert_texto,-,3082,0,0.002499600
pgvector,1,insert_texto,-,3083,0,0.002680800
pgvector,1,insert_texto,-,3084,0,0.002551000
pgvector,1,insert_texto,-,3085,0,0.002608000
pgvector,1,insert_texto,-,3086,0,0.002620600
pgvector,1,insert_texto,-,3087,0,0.002591500
pgvector,1,insert_texto,-,3088,0,0.002761700
pgvector,1,insert_texto,-,3089,0,0.002717500
pgvector,1,insert_texto,-,3090,0,0.002519600
pgvector,1,insert_texto,-,3091,0,0.002592200
pgvector,1,insert_texto,-,3092,0,0.002587200
pgvector,1,insert_texto,-,3093,0,0.002552400
pgvector,1,insert_texto,-,3094,0,0.002667400
pgvector,1,insert_texto,-,3095,0,0.002589400
pgvector,1,insert_texto,-,3096,0,0.002546500
pgvector,1,insert_texto,-,3097,0,0.002556100
pgvector,1,insert_texto,-,3098,0,0.002534400
pgvector,1,insert_texto,-,3099,0,0.002619500
pgvector,1,insert_texto,-,3100,0,0.002627300
pgvector,1,insert_texto,-,3101,0,0.002550100
pgvector,1,insert_texto,-,3102,0,0.002637500
pgvector,1,insert_texto,-,3103,0,0.002765500
pgvector,1,insert_texto,-,3104,0,0.002551800
pgvector,1,insert_texto,-,3105,0,0.002726400
pgvector,1,insert_texto,-,3106,0,0.002872400
pgvector,1,insert_texto,-,3107,0,0.002795500
pgvector,1,insert_texto,-,3108,0,0.002664600
pgvector,1,insert_texto,-,3109,0,0.002905000
pgvector,1,insert_texto,-,3110,0,0.002690500
pgvector,1,insert_texto,-,3111,0,0.002893500
pgvector,1,insert_texto,-,3112,0,0.002812700
pgvector,1,insert_texto,-,3113,0,0.002703300
pgvector,1,insert_texto,-,3114,0,0.002664900
pgvector,1,insert_texto,-,3115,0,0.002742900
pgvector,1,insert_texto,-,3116,0,0.003059800
pgvector,1,insert_texto,-,3117,0,0.002751300
pgvector,1,insert_texto,-,3118,0,0.003374900
pgvector,1,insert_texto,-,3119,0,0.003032100
pgvector,1,insert_texto,-,3120,0,0.002751400
pgvector,1,insert_texto,-,3121,0,0.002859800
pgvector,1,insert_texto,-,3122,0,0.002737700
pgvector,1,insert_texto,-,3123,0,0.002815500
pgvector,1,insert_texto,-,3124,0,0.002773800
pgvector,1,insert_texto,-,3125,0,0.003002200
pgvector,1,insert_texto,-,3126,0,0.002690900
pgvector,1,insert_texto,-,3127,0,0.003181700
pgvector,1,insert_texto,-,3128,0,0.002646400
pgvector,1,insert_texto,-,3129,0,0.002889200
pgvector,1,insert_texto,-,3130,0,0.002706800
pgvector,1,insert_texto,-,3131,0,0.002569300
pgvector,1,insert_texto,-,3132,0,0.002812400
pgvector,1,insert_texto,-,3133,0,0.002863100
pgvector,1,insert_texto,-,3134,0,0.002680200
pgvector,1,insert_texto,-,3135,0,0.002603800
pgvector,1,insert_texto,-,3136,0,0.002800900
pgvector,1,insert_texto,-,3137,0,0.002614200
pgvector,1,insert_texto,-,3138,0,0.002630100
pgvector,1,insert_texto,-,3139,0,0.003001200
pgvector,1,insert_texto,-,3140,0,0.002832700
pgvector,1,insert_texto,-,3141,0,0.002540600
pgvector,1,insert_texto,-,3142,0,0.002747500
pgvector,1,insert_texto,-,3143,0,0.002619100
pgvector,1,insert_texto,-,3144,0,0.002540000
pgvector,1,insert_texto,-,3145,0,0.002665900
pgvector,1,insert_texto,-,3146,0,0.002880300
pgvector,1,insert_texto,-,3147,0,0.002820600
pgvector,1,insert_texto,-,3148,0,0.002488300
pgvector,1,insert_texto,-,3149,0,0.002836600
pgvector,1,insert_texto,-,3150,0,0.003113300
pgvector,1,insert_texto,-,3151,0,0.002561600
pgvector,1,insert_texto,-,3152,0,0.002571100
pgvector,1,insert_texto,-,3153,0,0.002662700
pgvector,1,insert_texto,-,3154,0,0.002828500
pgvector,1,insert_texto,-,3155,0,0.002812600
pgvector,1,insert_texto,-,3156,0,0.002721900
pgvector,1,insert_texto,-,3157,0,0.002537800
pgvector,1,insert_texto,-,3158,0,0.002631000
pgvector,1,insert_texto,-,3159,0,0.002688600
pgvector,1,insert_texto,-,3160,0,0.002595300
pgvector,1,insert_texto,-,3161,0,0.002795400
pgvector,1,insert_texto,-,3162,0,0.002874700
pgvector,1,insert_texto,-,3163,0,0.002710700
pgvector,1,insert_texto,-,3164,0,0.002598600
pgvector,1,insert_texto,-,3165,0,0.002964300
pgvector,1,insert_texto,-,3166,0,0.002908800
pgvector,1,insert_texto,-,3167,0,0.003146900
pgvector,1,insert_texto,-,3168,0,0.003072000
pgvector,1,insert_texto,-,3169,0,0.003741700
pgvector,1,insert_texto,-,3170,0,0.003102400
pgvector,1,insert_texto,-,3171,0,0.002924700
pgvector,1,insert_texto,-,3172,0,0.003333000
pgvector,1,insert_texto,-,3173,0,0.003405300
pgvector,1,insert_texto,-,3174,0,0.002673200
pgvector,1,insert_texto,-,3175,0,0.002728200
pgvector,1,insert_texto,-,3176,0,0.002787400
pgvector,1,insert_texto,-,3177,0,0.002545200
pgvector,1,insert_texto,-,3178,0,0.002914600
pgvector,1,insert_texto,-,3179,0,0.002605900
pgvector,1,insert_texto,-,3180,0,0.002722900
pgvector,1,insert_texto,-,3181,0,0.002851100
pgvector,1,insert_texto,-,3182,0,0.002618100
pgvector,1,insert_texto,-,3183,0,0.002779000
pgvector,1,insert_texto,-,3184,0,0.002628900
pgvector,1,insert_texto,-,3185,0,0.002586000
pgvector,1,insert_texto,-,3186,0,0.002646900
pgvector,1,insert_texto,-,3187,0,0.002699100
pgvector,1,insert_texto,-,3188,0,0.002586200
pgvector,1,insert_texto,-,3189,0,0.002792000
pgvector,1,insert_texto,-,3190,0,0.002621100
pgvector,1,insert_texto,-,3191,0,0.002589200
pgvector,1,insert_texto,-,3192,0,0.002730100
pgvector,1,insert_texto,-,3193,0,0.002871200
pgvector,1,insert_texto,-,3194,0,0.002704400
pgvector,1,insert_texto,-,3195,0,0.002717500
pgvector,1,insert_texto,-,3196,0,0.002740600
pgvector,1,insert_texto,-,3197,0,0.002556100
pgvector,1,insert_texto,-,3198,0,0.002499500
pgvector,1,insert_texto,-,3199,0,0.002853500
pgvector,1,insert_texto,-,3200,0,0.002620000
pgvector,1,insert_texto,-,3201,0,0.002592800
pgvector,1,insert_texto,-,3202,0,0.002711600
pgvector,1,insert_texto,-,3203,0,0.002638800
pgvector,1,insert_texto,-,3204,0,0.002621100
pgvector,1,insert_texto,-,3205,0,0.002926200
pgvector,1,insert_texto,-,3206,0,0.002789500
pgvector,1,insert_texto,-,3207,0,0.002758700
pgvector,1,insert_texto,-,3208,0,0.002745400
pgvector,1,insert_texto,-,3209,0,0.002715800
pgvector,1,insert_texto,-,3210,0,0.002940800
pgvector,1,insert_texto,-,3211,0,0.002652400
pgvector,1,insert_texto,-,3212,0,0.002818600
pgvector,1,insert_texto,-,3213,0,0.002685700
pgvector,1,insert_texto,-,3214,0,0.002657000
pgvector,1,insert_texto,-,3215,0,0.002814300
pgvector,1,insert_texto,-,3216,0,0.002580000
pgvector,1,insert_texto,-,3217,0,0.002640300
pgvector,1,insert_texto,-,3218,0,0.002831900
pgvector,1,insert_texto,-,3219,0,0.002901400
pgvector,1,insert_texto,-,3220,0,0.002553900
pgvector,1,insert_texto,-,3221,0,0.002736500
pgvector,1,insert_texto,-,3222,0,0.002683700
pgvector,1,insert_texto,-,3223,0,0.002903000
pgvector,1,insert_texto,-,3224,0,0.002651300
pgvector,1,insert_texto,-,3225,0,0.002607900
pgvector,1,insert_texto,-,3226,0,0.002502800
pgvector,1,insert_texto,-,3227,0,0.002473100
pgvector,1,insert_texto,-,3228,0,0.002548400
pgvector,1,insert_texto,-,3229,0,0.002518500
pgvector,1,insert_texto,-,3230,0,0.002837700
pgvector,1,insert_texto,-,3231,0,0.002501900
pgvector,1,insert_texto,-,3232,0,0.002528000
pgvector,1,insert_texto,-,3233,0,0.002768700
pgvector,1,insert_texto,-,3234,0,0.002608600
pgvector,1,insert_texto,-,3235,0,0.002628700
pgvector,1,insert_texto,-,3236,0,0.003375100
pgvector,1,insert_texto,-,3237,0,0.002599100
pgvector,1,insert_texto,-,3238,0,0.002550700
pgvector,1,insert_texto,-,3239,0,0.002668200
pgvector,1,insert_texto,-,3240,0,0.002756400
pgvector,1,insert_texto,-,3241,0,0.002483900
pgvector,1,insert_texto,-,3242,0,0.002613600
pgvector,1,insert_texto,-,3243,0,0.002669500
pgvector,1,insert_texto,-,3244,0,0.002572700
pgvector,1,insert_texto,-,3245,0,0.002732100
pgvector,1,insert_texto,-,3246,0,0.002913500
pgvector,1,insert_texto,-,3247,0,0.002661400
pgvector,1,insert_texto,-,3248,0,0.002573700
pgvector,1,insert_texto,-,3249,0,0.002728100
pgvector,1,insert_texto,-,3250,0,0.002530200
pgvector,1,insert_texto,-,3251,0,0.002493300
pgvector,1,insert_texto,-,3252,0,0.002783200
pgvector,1,insert_texto,-,3253,0,0.013074100
pgvector,1,insert_texto,-,3254,0,0.004881800
pgvector,1,insert_texto,-,3255,0,0.004191600
pgvector,1,insert_texto,-,3256,0,0.004290500
pgvector,1,insert_texto,-,3257,0,0.004526600
pgvector,1,insert_texto,-,3258,0,0.003974700
pgvector,1,insert_texto,-,3259,0,0.003959700
pgvector,1,insert_texto,-,3260,0,0.004297100
pgvector,1,insert_texto,-,3261,0,0.004179500
pgvector,1,insert_texto,-,3262,0,0.003732500
pgvector,1,insert_texto,-,3263,0,0.005215300
pgvector,1,insert_texto,-,3264,0,0.004728600
pgvector,1,insert_texto,-,3265,0,0.003263800
pgvector,1,insert_texto,-,3266,0,0.003361900
pgvector,1,insert_texto,-,3267,0,0.002917600
pgvector,1,insert_texto,-,3268,0,0.002952800
pgvector,1,insert_texto,-,3269,0,0.002682900
pgvector,1,insert_texto,-,3270,0,0.002588800
pgvector,1,insert_texto,-,3271,0,0.002703500
pgvector,1,insert_texto,-,3272,0,0.002652100
pgvector,1,insert_texto,-,3273,0,0.002650400
pgvector,1,insert_texto,-,3274,0,0.002636100
pgvector,1,insert_texto,-,3275,0,0.002641200
pgvector,1,insert_texto,-,3276,0,0.002630400
pgvector,1,insert_texto,-,3277,0,0.002544400
pgvector,1,insert_texto,-,3278,0,0.002668000
pgvector,1,insert_texto,-,3279,0,0.002668700
pgvector,1,insert_texto,-,3280,0,0.002640500
pgvector,1,insert_texto,-,3281,0,0.002664800
pgvector,1,insert_texto,-,3282,0,0.002495400
pgvector,1,insert_texto,-,3283,0,0.002477900
pgvector,1,insert_texto,-,3284,0,0.002546300
pgvector,1,insert_texto,-,3285,0,0.002693100
pgvector,1,insert_texto,-,3286,0,0.002517200
pgvector,1,insert_texto,-,3287,0,0.002708400
pgvector,1,insert_texto,-,3288,0,0.002607200
pgvector,1,insert_texto,-,3289,0,0.002571100
pgvector,1,insert_texto,-,3290,0,0.002636200
pgvector,1,insert_texto,-,3291,0,0.002585500
pgvector,1,insert_texto,-,3292,0,0.002677600
pgvector,1,insert_texto,-,3293,0,0.002707900
pgvector,1,insert_texto,-,3294,0,0.002859400
pgvector,1,insert_texto,-,3295,0,0.002565800
pgvector,1,insert_texto,-,3296,0,0.002589500
pgvector,1,insert_texto,-,3297,0,0.002565100
pgvector,1,insert_texto,-,3298,0,0.002470800
pgvector,1,insert_texto,-,3299,0,0.002502700
pgvector,1,insert_texto,-,3300,0,0.002577900
pgvector,1,insert_texto,-,3301,0,0.002806900
pgvector,1,insert_texto,-,3302,0,0.002877600
pgvector,1,insert_texto,-,3303,0,0.002850400
pgvector,1,insert_texto,-,3304,0,0.002578000
pgvector,1,insert_texto,-,3305,0,0.002592800
pgvector,1,insert_texto,-,3306,0,0.002614700
pgvector,1,insert_texto,-,3307,0,0.002614300
pgvector,1,insert_texto,-,3308,0,0.002555900
pgvector,1,insert_texto,-,3309,0,0.002739400
pgvector,1,insert_texto,-,3310,0,0.002668000
pgvector,1,insert_texto,-,3311,0,0.002477200
pgvector,1,insert_texto,-,3312,0,0.002491800
pgvector,1,insert_texto,-,3313,0,0.002737500
pgvector,1,insert_texto,-,3314,0,0.002514700
pgvector,1,insert_texto,-,3315,0,0.002447300
pgvector,1,insert_texto,-,3316,0,0.002827700
pgvector,1,insert_texto,-,3317,0,0.002623900
pgvector,1,insert_texto,-,3318,0,0.002720800
pgvector,1,insert_texto,-,3319,0,0.002716700
pgvector,1,insert_texto,-,3320,0,0.002627800
pgvector,1,insert_texto,-,3321,0,0.002557700
pgvector,1,insert_texto,-,3322,0,0.002740500
pgvector,1,insert_texto,-,3323,0,0.002865400
pgvector,1,insert_texto,-,3324,0,0.002843300
pgvector,1,insert_texto,-,3325,0,0.002532500
pgvector,1,insert_texto,-,3326,0,0.002555800
pgvector,1,insert_texto,-,3327,0,0.002494100
pgvector,1,insert_texto,-,3328,0,0.002681000
pgvector,1,insert_texto,-,3329,0,0.002577600
pgvector,1,insert_texto,-,3330,0,0.002522300
pgvector,1,insert_texto,-,3331,0,0.002568000
pgvector,1,insert_texto,-,3332,0,0.002579200
pgvector,1,insert_texto,-,3333,0,0.002511900
pgvector,1,insert_texto,-,3334,0,0.002676400
pgvector,1,insert_texto,-,3335,0,0.002611100
pgvector,1,insert_texto,-,3336,0,0.002835600
pgvector,1,insert_texto,-,3337,0,0.002973300
pgvector,1,insert_texto,-,3338,0,0.002605900
pgvector,1,insert_texto,-,3339,0,0.002588600
pgvector,1,insert_texto,-,3340,0,0.002688900
pgvector,1,insert_texto,-,3341,0,0.002710100
pgvector,1,insert_texto,-,3342,0,0.002687000
pgvector,1,insert_texto,-,3343,0,0.002811200
pgvector,1,insert_texto,-,3344,0,0.002916400
pgvector,1,insert_texto,-,3345,0,0.002952400
pgvector,1,insert_texto,-,3346,0,0.003761200
pgvector,1,insert_texto,-,3347,0,0.003849000
pgvector,1,insert_texto,-,3348,0,0.003873400
pgvector,1,insert_texto,-,3349,0,0.003161100
pgvector,1,insert_texto,-,3350,0,0.003031200
pgvector,1,insert_texto,-,3351,0,0.003177900
pgvector,1,insert_texto,-,3352,0,0.002955500
pgvector,1,insert_texto,-,3353,0,0.003317700
pgvector,1,insert_texto,-,3354,0,0.003697200
pgvector,1,insert_texto,-,3355,0,0.003469700
pgvector,1,insert_texto,-,3356,0,0.003773200
pgvector,1,insert_texto,-,3357,0,0.003402100
pgvector,1,insert_texto,-,3358,0,0.003306500
pgvector,1,insert_texto,-,3359,0,0.003555100
pgvector,1,insert_texto,-,3360,0,0.003468000
pgvector,1,insert_texto,-,3361,0,0.003098500
pgvector,1,insert_texto,-,3362,0,0.003086900
pgvector,1,insert_texto,-,3363,0,0.003040000
pgvector,1,insert_texto,-,3364,0,0.003093500
pgvector,1,insert_texto,-,3365,0,0.002771300
pgvector,1,insert_texto,-,3366,0,0.003158100
pgvector,1,insert_texto,-,3367,0,0.003182100
pgvector,1,insert_texto,-,3368,0,0.003078100
pgvector,1,insert_texto,-,3369,0,0.003024100
pgvector,1,insert_texto,-,3370,0,0.002942000
pgvector,1,insert_texto,-,3371,0,0.003228700
pgvector,1,insert_texto,-,3372,0,0.003298900
pgvector,1,insert_texto,-,3373,0,0.002908900
pgvector,1,insert_texto,-,3374,0,0.003118800
pgvector,1,insert_texto,-,3375,0,0.003060200
pgvector,1,insert_texto,-,3376,0,0.003464600
pgvector,1,insert_texto,-,3377,0,0.003055300
pgvector,1,insert_texto,-,3378,0,0.002944700
pgvector,1,insert_texto,-,3379,0,0.002778400
pgvector,1,insert_texto,-,3380,0,0.002944600
pgvector,1,insert_texto,-,3381,0,0.002823300
pgvector,1,insert_texto,-,3382,0,0.002549300
pgvector,1,insert_texto,-,3383,0,0.002632800
pgvector,1,insert_texto,-,3384,0,0.002576300
pgvector,1,insert_texto,-,3385,0,0.002973400
pgvector,1,insert_texto,-,3386,0,0.003175600
pgvector,1,insert_texto,-,3387,0,0.004966800
pgvector,1,insert_texto,-,3388,0,0.004455300
pgvector,1,insert_texto,-,3389,0,0.002695800
pgvector,1,insert_texto,-,3390,0,0.002606600
pgvector,1,insert_texto,-,3391,0,0.002606900
pgvector,1,insert_texto,-,3392,0,0.002525300
pgvector,1,insert_texto,-,3393,0,0.002647700
pgvector,1,insert_texto,-,3394,0,0.002547300
pgvector,1,insert_texto,-,3395,0,0.002513500
pgvector,1,insert_texto,-,3396,0,0.002606600
pgvector,1,insert_texto,-,3397,0,0.002650800
pgvector,1,insert_texto,-,3398,0,0.002931900
pgvector,1,insert_texto,-,3399,0,0.002911900
pgvector,1,insert_texto,-,3400,0,0.002538300
pgvector,1,insert_texto,-,3401,0,0.002519200
pgvector,1,insert_texto,-,3402,0,0.002867600
pgvector,1,insert_texto,-,3403,0,0.002700200
pgvector,1,insert_texto,-,3404,0,0.002673000
pgvector,1,insert_texto,-,3405,0,0.002729900
pgvector,1,insert_texto,-,3406,0,0.002540600
pgvector,1,insert_texto,-,3407,0,0.002506700
pgvector,1,insert_texto,-,3408,0,0.002617100
pgvector,1,insert_texto,-,3409,0,0.002586300
pgvector,1,insert_texto,-,3410,0,0.002568500
pgvector,1,insert_texto,-,3411,0,0.002569300
pgvector,1,insert_texto,-,3412,0,0.002872500
pgvector,1,insert_texto,-,3413,0,0.002655600
pgvector,1,insert_texto,-,3414,0,0.002950000
pgvector,1,insert_texto,-,3415,0,0.002716500
pgvector,1,insert_texto,-,3416,0,0.002752600
pgvector,1,insert_texto,-,3417,0,0.002623500
pgvector,1,insert_texto,-,3418,0,0.002509600
pgvector,1,insert_texto,-,3419,0,0.002756800
pgvector,1,insert_texto,-,3420,0,0.002642500
pgvector,1,insert_texto,-,3421,0,0.002603400
pgvector,1,insert_texto,-,3422,0,0.002721200
pgvector,1,insert_texto,-,3423,0,0.002691200
pgvector,1,insert_texto,-,3424,0,0.002567100
pgvector,1,insert_texto,-,3425,0,0.002902800
pgvector,1,insert_texto,-,3426,0,0.002738300
pgvector,1,insert_texto,-,3427,0,0.002457500
pgvector,1,insert_texto,-,3428,0,0.002559000
pgvector,1,insert_texto,-,3429,0,0.002714500
pgvector,1,insert_texto,-,3430,0,0.002562200
pgvector,1,insert_texto,-,3431,0,0.002735200
pgvector,1,insert_texto,-,3432,0,0.002697000
pgvector,1,insert_texto,-,3433,0,0.002774400
pgvector,1,insert_texto,-,3434,0,0.002755800
pgvector,1,insert_texto,-,3435,0,0.002700600
pgvector,1,insert_texto,-,3436,0,0.002722900
pgvector,1,insert_texto,-,3437,0,0.002622300
pgvector,1,insert_texto,-,3438,0,0.002759600
pgvector,1,insert_texto,-,3439,0,0.002569800
pgvector,1,insert_texto,-,3440,0,0.002508300
pgvector,1,insert_texto,-,3441,0,0.002565800
pgvector,1,insert_texto,-,3442,0,0.002610300
pgvector,1,insert_texto,-,3443,0,0.002595500
pgvector,1,insert_texto,-,3444,0,0.002564200
pgvector,1,insert_texto,-,3445,0,0.002542700
pgvector,1,insert_texto,-,3446,0,0.002616100
pgvector,1,insert_texto,-,3447,0,0.002621100
pgvector,1,insert_texto,-,3448,0,0.002874100
pgvector,1,insert_texto,-,3449,0,0.002977900
pgvector,1,insert_texto,-,3450,0,0.002993200
pgvector,1,insert_texto,-,3451,0,0.002988800
pgvector,1,insert_texto,-,3452,0,0.002979900
pgvector,1,insert_texto,-,3453,0,0.002884600
pgvector,1,insert_texto,-,3454,0,0.003721200
pgvector,1,insert_texto,-,3455,0,0.003360400
pgvector,1,insert_texto,-,3456,0,0.002785700
pgvector,1,insert_texto,-,3457,0,0.002740700
pgvector,1,insert_texto,-,3458,0,0.002572300
pgvector,1,insert_texto,-,3459,0,0.002762500
pgvector,1,insert_texto,-,3460,0,0.002721800
pgvector,1,insert_texto,-,3461,0,0.002730400
pgvector,1,insert_texto,-,3462,0,0.003039000
pgvector,1,insert_texto,-,3463,0,0.002787800
pgvector,1,insert_texto,-,3464,0,0.002531500
pgvector,1,insert_texto,-,3465,0,0.003146700
pgvector,1,insert_texto,-,3466,0,0.003214200
pgvector,1,insert_texto,-,3467,0,0.003288900
pgvector,1,insert_texto,-,3468,0,0.003171500
pgvector,1,insert_texto,-,3469,0,0.002760000
pgvector,1,insert_texto,-,3470,0,0.003026600
pgvector,1,insert_texto,-,3471,0,0.002822000
pgvector,1,insert_texto,-,3472,0,0.002619300
pgvector,1,insert_texto,-,3473,0,0.002663500
pgvector,1,insert_texto,-,3474,0,0.002526900
pgvector,1,insert_texto,-,3475,0,0.002592400
pgvector,1,insert_texto,-,3476,0,0.002521800
pgvector,1,insert_texto,-,3477,0,0.002539600
pgvector,1,insert_texto,-,3478,0,0.002606100
pgvector,1,insert_texto,-,3479,0,0.002877400
pgvector,1,insert_texto,-,3480,0,0.002527500
pgvector,1,insert_texto,-,3481,0,0.002614200
pgvector,1,insert_texto,-,3482,0,0.002876100
pgvector,1,insert_texto,-,3483,0,0.002585000
pgvector,1,insert_texto,-,3484,0,0.002633900
pgvector,1,insert_texto,-,3485,0,0.002673400
pgvector,1,insert_texto,-,3486,0,0.002586600
pgvector,1,insert_texto,-,3487,0,0.002547400
pgvector,1,insert_texto,-,3488,0,0.002743500
pgvector,1,insert_texto,-,3489,0,0.002535500
pgvector,1,insert_texto,-,3490,0,0.002572300
pgvector,1,insert_texto,-,3491,0,0.002554400
pgvector,1,insert_texto,-,3492,0,0.002550500
pgvector,1,insert_texto,-,3493,0,0.002567100
pgvector,1,insert_texto,-,3494,0,0.002688400
pgvector,1,insert_texto,-,3495,0,0.002497700
pgvector,1,insert_texto,-,3496,0,0.002483300
pgvector,1,insert_texto,-,3497,0,0.002453700
pgvector,1,insert_texto,-,3498,0,0.002531800
pgvector,1,insert_texto,-,3499,0,0.002634800
pgvector,1,insert_texto,-,3500,0,0.002574600
pgvector,1,insert_texto,-,3501,0,0.002533600
pgvector,1,insert_texto,-,3502,0,0.002674300
pgvector,1,insert_texto,-,3503,0,0.002676100
pgvector,1,insert_texto,-,3504,0,0.002559600
pgvector,1,insert_texto,-,3505,0,0.002783600
pgvector,1,insert_texto,-,3506,0,0.002629400
pgvector,1,insert_texto,-,3507,0,0.002569500
pgvector,1,insert_texto,-,3508,0,0.002715200
pgvector,1,insert_texto,-,3509,0,0.002497900
pgvector,1,insert_texto,-,3510,0,0.002673200
pgvector,1,insert_texto,-,3511,0,0.002842100
pgvector,1,insert_texto,-,3512,0,0.002661600
pgvector,1,insert_texto,-,3513,0,0.002539700
pgvector,1,insert_texto,-,3514,0,0.002677800
pgvector,1,insert_texto,-,3515,0,0.002542000
pgvector,1,insert_texto,-,3516,0,0.002560400
pgvector,1,insert_texto,-,3517,0,0.002821100
pgvector,1,insert_texto,-,3518,0,0.002559700
pgvector,1,insert_texto,-,3519,0,0.002529700
pgvector,1,insert_texto,-,3520,0,0.002644100
pgvector,1,insert_texto,-,3521,0,0.002543700
pgvector,1,insert_texto,-,3522,0,0.002592700
pgvector,1,insert_texto,-,3523,0,0.002537700
pgvector,1,insert_texto,-,3524,0,0.002664300
pgvector,1,insert_texto,-,3525,0,0.002539400
pgvector,1,insert_texto,-,3526,0,0.002584000
pgvector,1,insert_texto,-,3527,0,0.002555500
pgvector,1,insert_texto,-,3528,0,0.002622700
pgvector,1,insert_texto,-,3529,0,0.002489600
pgvector,1,insert_texto,-,3530,0,0.002712000
pgvector,1,insert_texto,-,3531,0,0.002678100
pgvector,1,insert_texto,-,3532,0,0.002693800
pgvector,1,insert_texto,-,3533,0,0.002638300
pgvector,1,insert_texto,-,3534,0,0.002677800
pgvector,1,insert_texto,-,3535,0,0.002490800
pgvector,1,insert_texto,-,3536,0,0.002774500
pgvector,1,insert_texto,-,3537,0,0.002623700
pgvector,1,insert_texto,-,3538,0,0.002504900
pgvector,1,insert_texto,-,3539,0,0.002486200
pgvector,1,insert_texto,-,3540,0,0.002630700
pgvector,1,insert_texto,-,3541,0,0.002908200
pgvector,1,insert_texto,-,3542,0,0.003000300
pgvector,1,insert_texto,-,3543,0,0.002979400
pgvector,1,insert_texto,-,3544,0,0.002865500
pgvector,1,insert_texto,-,3545,0,0.003094000
pgvector,1,insert_texto,-,3546,0,0.003023900
pgvector,1,insert_texto,-,3547,0,0.003255600
pgvector,1,insert_texto,-,3548,0,0.003006600
pgvector,1,insert_texto,-,3549,0,0.002625400
pgvector,1,insert_texto,-,3550,0,0.002561000
pgvector,1,insert_texto,-,3551,0,0.002633000
pgvector,1,insert_texto,-,3552,0,0.002506900
pgvector,1,insert_texto,-,3553,0,0.002847500
pgvector,1,insert_texto,-,3554,0,0.002915500
pgvector,1,insert_texto,-,3555,0,0.002620300
pgvector,1,insert_texto,-,3556,0,0.002547700
pgvector,1,insert_texto,-,3557,0,0.002733400
pgvector,1,insert_texto,-,3558,0,0.002773100
pgvector,1,insert_texto,-,3559,0,0.002546400
pgvector,1,insert_texto,-,3560,0,0.002710500
pgvector,1,insert_texto,-,3561,0,0.002481000
pgvector,1,insert_texto,-,3562,0,0.002477600
pgvector,1,insert_texto,-,3563,0,0.002523700
pgvector,1,insert_texto,-,3564,0,0.002497000
pgvector,1,insert_texto,-,3565,0,0.002650400
pgvector,1,insert_texto,-,3566,0,0.002724300
pgvector,1,insert_texto,-,3567,0,0.002557800
pgvector,1,insert_texto,-,3568,0,0.002435400
pgvector,1,insert_texto,-,3569,0,0.002566100
pgvector,1,insert_texto,-,3570,0,0.002554400
pgvector,1,insert_texto,-,3571,0,0.002839200
pgvector,1,insert_texto,-,3572,0,0.002629800
pgvector,1,insert_texto,-,3573,0,0.002482900
pgvector,1,insert_texto,-,3574,0,0.002648500
pgvector,1,insert_texto,-,3575,0,0.002767200
pgvector,1,insert_texto,-,3576,0,0.002559800
pgvector,1,insert_texto,-,3577,0,0.002713100
pgvector,1,insert_texto,-,3578,0,0.002622100
pgvector,1,insert_texto,-,3579,0,0.002667500
pgvector,1,insert_texto,-,3580,0,0.002564400
pgvector,1,insert_texto,-,3581,0,0.002688600
pgvector,1,insert_texto,-,3582,0,0.002519000
pgvector,1,insert_texto,-,3583,0,0.002822100
pgvector,1,insert_texto,-,3584,0,0.002780000
pgvector,1,insert_texto,-,3585,0,0.002625100
pgvector,1,insert_texto,-,3586,0,0.002508000
pgvector,1,insert_texto,-,3587,0,0.002600500
pgvector,1,insert_texto,-,3588,0,0.002527500
pgvector,1,insert_texto,-,3589,0,0.002921000
pgvector,1,insert_texto,-,3590,0,0.002556500
pgvector,1,insert_texto,-,3591,0,0.002681600
pgvector,1,insert_texto,-,3592,0,0.002574700
pgvector,1,insert_texto,-,3593,0,0.002568000
pgvector,1,insert_texto,-,3594,0,0.002661500
pgvector,1,insert_texto,-,3595,0,0.002650300
pgvector,1,insert_texto,-,3596,0,0.002649300
pgvector,1,insert_texto,-,3597,0,0.002601300
pgvector,1,insert_texto,-,3598,0,0.002768500
pgvector,1,insert_texto,-,3599,0,0.002609700
pgvector,1,insert_texto,-,3600,0,0.002513000
pgvector,1,insert_texto,-,3601,0,0.002842300
pgvector,1,insert_texto,-,3602,0,0.002510200
pgvector,1,insert_texto,-,3603,0,0.002447200
pgvector,1,insert_texto,-,3604,0,0.002579700
pgvector,1,insert_texto,-,3605,0,0.002477300
pgvector,1,insert_texto,-,3606,0,0.002529500
pgvector,1,insert_texto,-,3607,0,0.003089200
pgvector,1,insert_texto,-,3608,0,0.002791900
pgvector,1,insert_texto,-,3609,0,0.002534200
pgvector,1,insert_texto,-,3610,0,0.002767100
pgvector,1,insert_texto,-,3611,0,0.002747200
pgvector,1,insert_texto,-,3612,0,0.002574400
pgvector,1,insert_texto,-,3613,0,0.002615100
pgvector,1,insert_texto,-,3614,0,0.002587900
pgvector,1,insert_texto,-,3615,0,0.002499300
pgvector,1,insert_texto,-,3616,0,0.003119200
pgvector,1,insert_texto,-,3617,0,0.002783800
pgvector,1,insert_texto,-,3618,0,0.002710000
pgvector,1,insert_texto,-,3619,0,0.002698900
pgvector,1,insert_texto,-,3620,0,0.002922700
pgvector,1,insert_texto,-,3621,0,0.002610600
pgvector,1,insert_texto,-,3622,0,0.002750300
pgvector,1,insert_texto,-,3623,0,0.002696600
pgvector,1,insert_texto,-,3624,0,0.002577900
pgvector,1,insert_texto,-,3625,0,0.002468100
pgvector,1,insert_texto,-,3626,0,0.002655000
pgvector,1,insert_texto,-,3627,0,0.002529000
pgvector,1,insert_texto,-,3628,0,0.002489700
pgvector,1,insert_texto,-,3629,0,0.002650300
pgvector,1,insert_texto,-,3630,0,0.002630500
pgvector,1,insert_texto,-,3631,0,0.002528800
pgvector,1,insert_texto,-,3632,0,0.002639300
pgvector,1,insert_texto,-,3633,0,0.002460600
pgvector,1,insert_texto,-,3634,0,0.002548900
pgvector,1,insert_texto,-,3635,0,0.002589300
pgvector,1,insert_texto,-,3636,0,0.002869500
pgvector,1,insert_texto,-,3637,0,0.002957200
pgvector,1,insert_texto,-,3638,0,0.003119400
pgvector,1,insert_texto,-,3639,0,0.003179900
pgvector,1,insert_texto,-,3640,0,0.003495300
pgvector,1,insert_texto,-,3641,0,0.002923200
pgvector,1,insert_texto,-,3642,0,0.003041600
pgvector,1,insert_texto,-,3643,0,0.003133300
pgvector,1,insert_texto,-,3644,0,0.002802400
pgvector,1,insert_texto,-,3645,0,0.002682400
pgvector,1,insert_texto,-,3646,0,0.002624200
pgvector,1,insert_texto,-,3647,0,0.002553700
pgvector,1,insert_texto,-,3648,0,0.002530800
pgvector,1,insert_texto,-,3649,0,0.002683500
pgvector,1,insert_texto,-,3650,0,0.002560300
pgvector,1,insert_texto,-,3651,0,0.002621200
pgvector,1,insert_texto,-,3652,0,0.002598000
pgvector,1,insert_texto,-,3653,0,0.002529200
pgvector,1,insert_texto,-,3654,0,0.002440600
pgvector,1,insert_texto,-,3655,0,0.002700000
pgvector,1,insert_texto,-,3656,0,0.002767600
pgvector,1,insert_texto,-,3657,0,0.002561100
pgvector,1,insert_texto,-,3658,0,0.002675300
pgvector,1,insert_texto,-,3659,0,0.002485500
pgvector,1,insert_texto,-,3660,0,0.002651400
pgvector,1,insert_texto,-,3661,0,0.002611100
pgvector,1,insert_texto,-,3662,0,0.002460200
pgvector,1,insert_texto,-,3663,0,0.002840400
pgvector,1,insert_texto,-,3664,0,0.002371400
pgvector,1,insert_texto,-,3665,0,0.002367500
pgvector,1,insert_texto,-,3666,0,0.002710200
pgvector,1,insert_texto,-,3667,0,0.002549400
pgvector,1,insert_texto,-,3668,0,0.002532400
pgvector,1,insert_texto,-,3669,0,0.002748900
pgvector,1,insert_texto,-,3670,0,0.002576200
pgvector,1,insert_texto,-,3671,0,0.002513700
pgvector,1,insert_texto,-,3672,0,0.002538600
pgvector,1,insert_texto,-,3673,0,0.002585900
pgvector,1,insert_texto,-,3674,0,0.002581900
pgvector,1,insert_texto,-,3675,0,0.002776300
pgvector,1,insert_texto,-,3676,0,0.002522700
pgvector,1,insert_texto,-,3677,0,0.002565700
pgvector,1,insert_texto,-,3678,0,0.002539200
pgvector,1,insert_texto,-,3679,0,0.002500600
pgvector,1,insert_texto,-,3680,0,0.002642700
pgvector,1,insert_texto,-,3681,0,0.002464100
pgvector,1,insert_texto,-,3682,0,0.002532400
pgvector,1,insert_texto,-,3683,0,0.002636500
pgvector,1,insert_texto,-,3684,0,0.002610100
pgvector,1,insert_texto,-,3685,0,0.002547500
pgvector,1,insert_texto,-,3686,0,0.002642600
pgvector,1,insert_texto,-,3687,0,0.002516000
pgvector,1,insert_texto,-,3688,0,0.002545900
pgvector,1,insert_texto,-,3689,0,0.002573800
pgvector,1,insert_texto,-,3690,0,0.002545400
pgvector,1,insert_texto,-,3691,0,0.002446700
pgvector,1,insert_texto,-,3692,0,0.002551900
pgvector,1,insert_texto,-,3693,0,0.002331200
pgvector,1,insert_texto,-,3694,0,0.002572900
pgvector,1,insert_texto,-,3695,0,0.002647800
pgvector,1,insert_texto,-,3696,0,0.002493100
pgvector,1,insert_texto,-,3697,0,0.002580500
pgvector,1,insert_texto,-,3698,0,0.002548000
pgvector,1,insert_texto,-,3699,0,0.002611800
pgvector,1,insert_texto,-,3700,0,0.002940100
pgvector,1,insert_texto,-,3701,0,0.003107200
pgvector,1,insert_texto,-,3702,0,0.002498000
pgvector,1,insert_texto,-,3703,0,0.002582400
pgvector,1,insert_texto,-,3704,0,0.002560200
pgvector,1,insert_texto,-,3705,0,0.002539700
pgvector,1,insert_texto,-,3706,0,0.002798900
pgvector,1,insert_texto,-,3707,0,0.002507800
pgvector,1,insert_texto,-,3708,0,0.002564100
pgvector,1,insert_texto,-,3709,0,0.002617600
pgvector,1,insert_texto,-,3710,0,0.002648000
pgvector,1,insert_texto,-,3711,0,0.002480100
pgvector,1,insert_texto,-,3712,0,0.002888900
pgvector,1,insert_texto,-,3713,0,0.002783000
pgvector,1,insert_texto,-,3714,0,0.002668500
pgvector,1,insert_texto,-,3715,0,0.002640100
pgvector,1,insert_texto,-,3716,0,0.002497100
pgvector,1,insert_texto,-,3717,0,0.002514200
pgvector,1,insert_texto,-,3718,0,0.002847800
pgvector,1,insert_texto,-,3719,0,0.002458300
pgvector,1,insert_texto,-,3720,0,0.002680700
pgvector,1,insert_texto,-,3721,0,0.002712100
pgvector,1,insert_texto,-,3722,0,0.002495700
pgvector,1,insert_texto,-,3723,0,0.002622700
pgvector,1,insert_texto,-,3724,0,0.002972000
pgvector,1,insert_texto,-,3725,0,0.002563100
pgvector,1,insert_texto,-,3726,0,0.002767800
pgvector,1,insert_texto,-,3727,0,0.002751200
pgvector,1,insert_texto,-,3728,0,0.002659200
pgvector,1,insert_texto,-,3729,0,0.002671300
pgvector,1,insert_texto,-,3730,0,0.002662300
pgvector,1,insert_texto,-,3731,0,0.002919600
pgvector,1,insert_texto,-,3732,0,0.003073600
pgvector,1,insert_texto,-,3733,0,0.002874100
pgvector,1,insert_texto,-,3734,0,0.002795400
pgvector,1,insert_texto,-,3735,0,0.003237100
pgvector,1,insert_texto,-,3736,0,0.002930000
pgvector,1,insert_texto,-,3737,0,0.002849800
pgvector,1,insert_texto,-,3738,0,0.003111200
pgvector,1,insert_texto,-,3739,0,0.002738900
pgvector,1,insert_texto,-,3740,0,0.002524100
pgvector,1,insert_texto,-,3741,0,0.002784600
pgvector,1,insert_texto,-,3742,0,0.002539000
pgvector,1,insert_texto,-,3743,0,0.002465100
pgvector,1,insert_texto,-,3744,0,0.002768500
pgvector,1,insert_texto,-,3745,0,0.002527500
pgvector,1,insert_texto,-,3746,0,0.002674200
pgvector,1,insert_texto,-,3747,0,0.002740300
pgvector,1,insert_texto,-,3748,0,0.002595100
pgvector,1,insert_texto,-,3749,0,0.002480600
pgvector,1,insert_texto,-,3750,0,0.003003400
pgvector,1,insert_texto,-,3751,0,0.002582700
pgvector,1,insert_texto,-,3752,0,0.002519400
pgvector,1,insert_texto,-,3753,0,0.002756100
pgvector,1,insert_texto,-,3754,0,0.002567600
pgvector,1,insert_texto,-,3755,0,0.002443300
pgvector,1,insert_texto,-,3756,0,0.002595700
pgvector,1,insert_texto,-,3757,0,0.002588600
pgvector,1,insert_texto,-,3758,0,0.002484500
pgvector,1,insert_texto,-,3759,0,0.002749800
pgvector,1,insert_texto,-,3760,0,0.002693100
pgvector,1,insert_texto,-,3761,0,0.002636400
pgvector,1,insert_texto,-,3762,0,0.002875200
pgvector,1,insert_texto,-,3763,0,0.002815700
pgvector,1,insert_texto,-,3764,0,0.002643100
pgvector,1,insert_texto,-,3765,0,0.002775800
pgvector,1,insert_texto,-,3766,0,0.002561400
pgvector,1,insert_texto,-,3767,0,0.002537700
pgvector,1,insert_texto,-,3768,0,0.002792400
pgvector,1,insert_texto,-,3769,0,0.002863600
pgvector,1,insert_texto,-,3770,0,0.002747200
pgvector,1,insert_texto,-,3771,0,0.002695300
pgvector,1,insert_texto,-,3772,0,0.002560700
pgvector,1,insert_texto,-,3773,0,0.002597400
pgvector,1,insert_texto,-,3774,0,0.002797000
pgvector,1,insert_texto,-,3775,0,0.002605200
pgvector,1,insert_texto,-,3776,0,0.003002300
pgvector,1,insert_texto,-,3777,0,0.002768700
pgvector,1,insert_texto,-,3778,0,0.002733600
pgvector,1,insert_texto,-,3779,0,0.002553700
pgvector,1,insert_texto,-,3780,0,0.002856800
pgvector,1,insert_texto,-,3781,0,0.002824200
pgvector,1,insert_texto,-,3782,0,0.002731900
pgvector,1,insert_texto,-,3783,0,0.002651300
pgvector,1,insert_texto,-,3784,0,0.002539900
pgvector,1,insert_texto,-,3785,0,0.002641800
pgvector,1,insert_texto,-,3786,0,0.002543100
pgvector,1,insert_texto,-,3787,0,0.002599800
pgvector,1,insert_texto,-,3788,0,0.002741800
pgvector,1,insert_texto,-,3789,0,0.002689400
pgvector,1,insert_texto,-,3790,0,0.002630100
pgvector,1,insert_texto,-,3791,0,0.002620200
pgvector,1,insert_texto,-,3792,0,0.002617500
pgvector,1,insert_texto,-,3793,0,0.002710000
pgvector,1,insert_texto,-,3794,0,0.002628100
pgvector,1,insert_texto,-,3795,0,0.002531700
pgvector,1,insert_texto,-,3796,0,0.002653100
pgvector,1,insert_texto,-,3797,0,0.002582000
pgvector,1,insert_texto,-,3798,0,0.002622600
pgvector,1,insert_texto,-,3799,0,0.002524600
pgvector,1,insert_texto,-,3800,0,0.002790600
pgvector,1,insert_texto,-,3801,0,0.002729800
pgvector,1,insert_texto,-,3802,0,0.002656500
pgvector,1,insert_texto,-,3803,0,0.002674100
pgvector,1,insert_texto,-,3804,0,0.002615900
pgvector,1,insert_texto,-,3805,0,0.002553200
pgvector,1,insert_texto,-,3806,0,0.003008300
pgvector,1,insert_texto,-,3807,0,0.002569800
pgvector,1,insert_texto,-,3808,0,0.002546000
pgvector,1,insert_texto,-,3809,0,0.002974100
pgvector,1,insert_texto,-,3810,0,0.002663300
pgvector,1,insert_texto,-,3811,0,0.002757900
pgvector,1,insert_texto,-,3812,0,0.002554000
pgvector,1,insert_texto,-,3813,0,0.002498000
pgvector,1,insert_texto,-,3814,0,0.002475300
pgvector,1,insert_texto,-,3815,0,0.002594500
pgvector,1,insert_texto,-,3816,0,0.002688900
pgvector,1,insert_texto,-,3817,0,0.002662200
pgvector,1,insert_texto,-,3818,0,0.002862800
pgvector,1,insert_texto,-,3819,0,0.002525100
pgvector,1,insert_texto,-,3820,0,0.002585200
pgvector,1,insert_texto,-,3821,0,0.002712200
pgvector,1,insert_texto,-,3822,0,0.002998000
pgvector,1,insert_texto,-,3823,0,0.003155300
pgvector,1,insert_texto,-,3824,0,0.002785400
pgvector,1,insert_texto,-,3825,0,0.002912400
pgvector,1,insert_texto,-,3826,0,0.003205000
pgvector,1,insert_texto,-,3827,0,0.004067200
pgvector,1,insert_texto,-,3828,0,0.003394200
pgvector,1,insert_texto,-,3829,0,0.003080100
pgvector,1,insert_texto,-,3830,0,0.003034500
pgvector,1,insert_texto,-,3831,0,0.002975900
pgvector,1,insert_texto,-,3832,0,0.003155800
pgvector,1,insert_texto,-,3833,0,0.003104300
pgvector,1,insert_texto,-,3834,0,0.003396900
pgvector,1,insert_texto,-,3835,0,0.002896600
pgvector,1,insert_texto,-,3836,0,0.002802200
pgvector,1,insert_texto,-,3837,0,0.003108900
pgvector,1,insert_texto,-,3838,0,0.002768600
pgvector,1,insert_texto,-,3839,0,0.002969800
pgvector,1,insert_texto,-,3840,0,0.002952300
pgvector,1,insert_texto,-,3841,0,0.002895700
pgvector,1,insert_texto,-,3842,0,0.002978400
pgvector,1,insert_texto,-,3843,0,0.002961000
pgvector,1,insert_texto,-,3844,0,0.003218400
pgvector,1,insert_texto,-,3845,0,0.003046400
pgvector,1,insert_texto,-,3846,0,0.002905300
pgvector,1,insert_texto,-,3847,0,0.003134600
pgvector,1,insert_texto,-,3848,0,0.002876600
pgvector,1,insert_texto,-,3849,0,0.002943700
pgvector,1,insert_texto,-,3850,0,0.003004400
pgvector,1,insert_texto,-,3851,0,0.002929300
pgvector,1,insert_texto,-,3852,0,0.002821800
pgvector,1,insert_texto,-,3853,0,0.002882500
pgvector,1,insert_texto,-,3854,0,0.002774800
pgvector,1,insert_texto,-,3855,0,0.002764500
pgvector,1,insert_texto,-,3856,0,0.002981800
pgvector,1,insert_texto,-,3857,0,0.002714000
pgvector,1,insert_texto,-,3858,0,0.002981500
pgvector,1,insert_texto,-,3859,0,0.003020400
pgvector,1,insert_texto,-,3860,0,0.002957000
pgvector,1,insert_texto,-,3861,0,0.003104900
pgvector,1,insert_texto,-,3862,0,0.002974200
pgvector,1,insert_texto,-,3863,0,0.002734900
pgvector,1,insert_texto,-,3864,0,0.002913500
pgvector,1,insert_texto,-,3865,0,0.002627000
pgvector,1,insert_texto,-,3866,0,0.002613500
pgvector,1,insert_texto,-,3867,0,0.002705500
pgvector,1,insert_texto,-,3868,0,0.002796900
pgvector,1,insert_texto,-,3869,0,0.002701600
pgvector,1,insert_texto,-,3870,0,0.002705100
pgvector,1,insert_texto,-,3871,0,0.002665600
pgvector,1,insert_texto,-,3872,0,0.002848700
pgvector,1,insert_texto,-,3873,0,0.002886300
pgvector,1,insert_texto,-,3874,0,0.002877600
pgvector,1,insert_texto,-,3875,0,0.003244200
pgvector,1,insert_texto,-,3876,0,0.002695700
pgvector,1,insert_texto,-,3877,0,0.002890700
pgvector,1,insert_texto,-,3878,0,0.002696300
pgvector,1,insert_texto,-,3879,0,0.002646500
pgvector,1,insert_texto,-,3880,0,0.002842400
pgvector,1,insert_texto,-,3881,0,0.002701700
pgvector,1,insert_texto,-,3882,0,0.002585200
pgvector,1,insert_texto,-,3883,0,0.002500300
pgvector,1,insert_texto,-,3884,0,0.002676900
pgvector,1,insert_texto,-,3885,0,0.002609100
pgvector,1,insert_texto,-,3886,0,0.002849600
pgvector,1,insert_texto,-,3887,0,0.002697500
pgvector,1,insert_texto,-,3888,0,0.002894100
pgvector,1,insert_texto,-,3889,0,0.002624500
pgvector,1,insert_texto,-,3890,0,0.002830800
pgvector,1,insert_texto,-,3891,0,0.002693500
pgvector,1,insert_texto,-,3892,0,0.002746100
pgvector,1,insert_texto,-,3893,0,0.002813400
pgvector,1,insert_texto,-,3894,0,0.002675100
pgvector,1,insert_texto,-,3895,0,0.002648000
pgvector,1,insert_texto,-,3896,0,0.003029500
pgvector,1,insert_texto,-,3897,0,0.003052300
pgvector,1,insert_texto,-,3898,0,0.002610900
pgvector,1,insert_texto,-,3899,0,0.002754300
pgvector,1,insert_texto,-,3900,0,0.002698200
pgvector,1,insert_texto,-,3901,0,0.002602800
pgvector,1,insert_texto,-,3902,0,0.002814000
pgvector,1,insert_texto,-,3903,0,0.003021500
pgvector,1,insert_texto,-,3904,0,0.002690100
pgvector,1,insert_texto,-,3905,0,0.002659800
pgvector,1,insert_texto,-,3906,0,0.002994700
pgvector,1,insert_texto,-,3907,0,0.002881000
pgvector,1,insert_texto,-,3908,0,0.002624900
pgvector,1,insert_texto,-,3909,0,0.002649600
pgvector,1,insert_texto,-,3910,0,0.002623400
pgvector,1,insert_texto,-,3911,0,0.002683800
pgvector,1,insert_texto,-,3912,0,0.002666500
pgvector,1,insert_texto,-,3913,0,0.002641200
pgvector,1,insert_texto,-,3914,0,0.002458200
pgvector,1,insert_texto,-,3915,0,0.002804200
pgvector,1,insert_texto,-,3916,0,0.002809000
pgvector,1,insert_texto,-,3917,0,0.002554400
pgvector,1,insert_texto,-,3918,0,0.002529900
pgvector,1,insert_texto,-,3919,0,0.002610100
pgvector,1,insert_texto,-,3920,0,0.002489200
pgvector,1,insert_texto,-,3921,0,0.003002200
pgvector,1,insert_texto,-,3922,0,0.003329000
pgvector,1,insert_texto,-,3923,0,0.003182100
pgvector,1,insert_texto,-,3924,0,0.003165900
pgvector,1,insert_texto,-,3925,0,0.002941700
pgvector,1,insert_texto,-,3926,0,0.003076900
pgvector,1,insert_texto,-,3927,0,0.003167000
pgvector,1,insert_texto,-,3928,0,0.003461300
pgvector,1,insert_texto,-,3929,0,0.002743200
pgvector,1,insert_texto,-,3930,0,0.002560700
pgvector,1,insert_texto,-,3931,0,0.002558400
pgvector,1,insert_texto,-,3932,0,0.002532800
pgvector,1,insert_texto,-,3933,0,0.002649300
pgvector,1,insert_texto,-,3934,0,0.002530800
pgvector,1,insert_texto,-,3935,0,0.002646700
pgvector,1,insert_texto,-,3936,0,0.002678400
pgvector,1,insert_texto,-,3937,0,0.002643700
pgvector,1,insert_texto,-,3938,0,0.002691100
pgvector,1,insert_texto,-,3939,0,0.002769800
pgvector,1,insert_texto,-,3940,0,0.002638600
pgvector,1,insert_texto,-,3941,0,0.002542000
pgvector,1,insert_texto,-,3942,0,0.002687800
pgvector,1,insert_texto,-,3943,0,0.002509700
pgvector,1,insert_texto,-,3944,0,0.002613100
pgvector,1,insert_texto,-,3945,0,0.002499600
pgvector,1,insert_texto,-,3946,0,0.002570800
pgvector,1,insert_texto,-,3947,0,0.002633100
pgvector,1,insert_texto,-,3948,0,0.002763200
pgvector,1,insert_texto,-,3949,0,0.002601600
pgvector,1,insert_texto,-,3950,0,0.002696600
pgvector,1,insert_texto,-,3951,0,0.002763600
pgvector,1,insert_texto,-,3952,0,0.002556500
pgvector,1,insert_texto,-,3953,0,0.002558300
pgvector,1,insert_texto,-,3954,0,0.002645600
pgvector,1,insert_texto,-,3955,0,0.002565500
pgvector,1,insert_texto,-,3956,0,0.002747900
pgvector,1,insert_texto,-,3957,0,0.002793900
pgvector,1,insert_texto,-,3958,0,0.002636000
pgvector,1,insert_texto,-,3959,0,0.002715100
pgvector,1,insert_texto,-,3960,0,0.002815000
pgvector,1,insert_texto,-,3961,0,0.002682900
pgvector,1,insert_texto,-,3962,0,0.002645600
pgvector,1,insert_texto,-,3963,0,0.002670400
pgvector,1,insert_texto,-,3964,0,0.002533400
pgvector,1,insert_texto,-,3965,0,0.002705700
pgvector,1,insert_texto,-,3966,0,0.002543100
pgvector,1,insert_texto,-,3967,0,0.002630100
pgvector,1,insert_texto,-,3968,0,0.002534100
pgvector,1,insert_texto,-,3969,0,0.002751700
pgvector,1,insert_texto,-,3970,0,0.002787200
pgvector,1,insert_texto,-,3971,0,0.002939100
pgvector,1,insert_texto,-,3972,0,0.002748300
pgvector,1,insert_texto,-,3973,0,0.002879000
pgvector,1,insert_texto,-,3974,0,0.002820600
pgvector,1,insert_texto,-,3975,0,0.002739900
pgvector,1,insert_texto,-,3976,0,0.003278600
pgvector,1,insert_texto,-,3977,0,0.002671200
pgvector,1,insert_texto,-,3978,0,0.002820100
pgvector,1,insert_texto,-,3979,0,0.002709000
pgvector,1,insert_texto,-,3980,0,0.002536800
pgvector,1,insert_texto,-,3981,0,0.002975400
pgvector,1,insert_texto,-,3982,0,0.002861100
pgvector,1,insert_texto,-,3983,0,0.002947700
pgvector,1,insert_texto,-,3984,0,0.003004000
pgvector,1,insert_texto,-,3985,0,0.002805300
pgvector,1,insert_texto,-,3986,0,0.002765300
pgvector,1,insert_texto,-,3987,0,0.002571800
pgvector,1,insert_texto,-,3988,0,0.002831600
pgvector,1,insert_texto,-,3989,0,0.002884200
pgvector,1,insert_texto,-,3990,0,0.002722000
pgvector,1,insert_texto,-,3991,0,0.002619000
pgvector,1,insert_texto,-,3992,0,0.002659400
pgvector,1,insert_texto,-,3993,0,0.002588900
pgvector,1,insert_texto,-,3994,0,0.002494700
pgvector,1,insert_texto,-,3995,0,0.002898300
pgvector,1,insert_texto,-,3996,0,0.003034600
pgvector,1,insert_texto,-,3997,0,0.002492900
pgvector,1,insert_texto,-,3998,0,0.002461300
pgvector,1,insert_texto,-,3999,0,0.002833800
pgvector,1,insert_texto,-,4000,0,0.002667900
pgvector,1,insert_texto,-,4001,0,0.002702200
pgvector,1,insert_texto,-,4002,0,0.002917700
pgvector,1,insert_texto,-,4003,0,0.002570400
pgvector,1,insert_texto,-,4004,0,0.002504900
pgvector,1,insert_texto,-,4005,0,0.002964500
pgvector,1,insert_texto,-,4006,0,0.002699800
pgvector,1,insert_texto,-,4007,0,0.002847600
pgvector,1,insert_texto,-,4008,0,0.002709300
pgvector,1,insert_texto,-,4009,0,0.002598400
pgvector,1,insert_texto,-,4010,0,0.002777900
pgvector,1,insert_texto,-,4011,0,0.002755100
pgvector,1,insert_texto,-,4012,0,0.002757100
pgvector,1,insert_texto,-,4013,0,0.002744100
pgvector,1,insert_texto,-,4014,0,0.002564800
pgvector,1,insert_texto,-,4015,0,0.002827100
pgvector,1,insert_texto,-,4016,0,0.002829200
pgvector,1,insert_texto,-,4017,0,0.003079800
pgvector,1,insert_texto,-,4018,0,0.003197000
pgvector,1,insert_texto,-,4019,0,0.003178900
pgvector,1,insert_texto,-,4020,0,0.003136600
pgvector,1,insert_texto,-,4021,0,0.002929200
pgvector,1,insert_texto,-,4022,0,0.002977600
pgvector,1,insert_texto,-,4023,0,0.003181000
pgvector,1,insert_texto,-,4024,0,0.003211800
pgvector,1,insert_texto,-,4025,0,0.002737100
pgvector,1,insert_texto,-,4026,0,0.002559600
pgvector,1,insert_texto,-,4027,0,0.002766500
pgvector,1,insert_texto,-,4028,0,0.003112300
pgvector,1,insert_texto,-,4029,0,0.002898200
pgvector,1,insert_texto,-,4030,0,0.002868000
pgvector,1,insert_texto,-,4031,0,0.002772400
pgvector,1,insert_texto,-,4032,0,0.003052100
pgvector,1,insert_texto,-,4033,0,0.002480400
pgvector,1,insert_texto,-,4034,0,0.002539700
pgvector,1,insert_texto,-,4035,0,0.002982200
pgvector,1,insert_texto,-,4036,0,0.002517100
pgvector,1,insert_texto,-,4037,0,0.002444000
pgvector,1,insert_texto,-,4038,0,0.003033800
pgvector,1,insert_texto,-,4039,0,0.002830800
pgvector,1,insert_texto,-,4040,0,0.003081100
pgvector,1,insert_texto,-,4041,0,0.003025100
pgvector,1,insert_texto,-,4042,0,0.002935100
pgvector,1,insert_texto,-,4043,0,0.002849900
pgvector,1,insert_texto,-,4044,0,0.002958300
pgvector,1,insert_texto,-,4045,0,0.002849800
pgvector,1,insert_texto,-,4046,0,0.003245400
pgvector,1,insert_texto,-,4047,0,0.002958400
pgvector,1,insert_texto,-,4048,0,0.002868400
pgvector,1,insert_texto,-,4049,0,0.002706400
pgvector,1,insert_texto,-,4050,0,0.002440500
pgvector,1,insert_texto,-,4051,0,0.002351400
pgvector,1,insert_texto,-,4052,0,0.002273300
pgvector,1,insert_texto,-,4053,0,0.002421000
pgvector,1,insert_texto,-,4054,0,0.002372500
pgvector,1,insert_texto,-,4055,0,0.002401000
pgvector,1,insert_texto,-,4056,0,0.002450000
pgvector,1,insert_texto,-,4057,0,0.002385600
pgvector,1,insert_texto,-,4058,0,0.002592500
pgvector,1,insert_texto,-,4059,0,0.002674100
pgvector,1,insert_texto,-,4060,0,0.002855100
pgvector,1,insert_texto,-,4061,0,0.002781100
pgvector,1,insert_texto,-,4062,0,0.003015000
pgvector,1,insert_texto,-,4063,0,0.002668600
pgvector,1,insert_texto,-,4064,0,0.002813200
pgvector,1,insert_texto,-,4065,0,0.002977500
pgvector,1,insert_texto,-,4066,0,0.002944400
pgvector,1,insert_texto,-,4067,0,0.002944800
pgvector,1,insert_texto,-,4068,0,0.002402700
pgvector,1,insert_texto,-,4069,0,0.002403800
pgvector,1,insert_texto,-,4070,0,0.002895400
pgvector,1,insert_texto,-,4071,0,0.002586900
pgvector,1,insert_texto,-,4072,0,0.002623000
pgvector,1,insert_texto,-,4073,0,0.003422300
pgvector,1,insert_texto,-,4074,0,0.002733100
pgvector,1,insert_texto,-,4075,0,0.003014200
pgvector,1,insert_texto,-,4076,0,0.002987200
pgvector,1,insert_texto,-,4077,0,0.002818500
pgvector,1,insert_texto,-,4078,0,0.002706900
pgvector,1,insert_texto,-,4079,0,0.003080000
pgvector,1,insert_texto,-,4080,0,0.003024900
pgvector,1,insert_texto,-,4081,0,0.002923300
pgvector,1,insert_texto,-,4082,0,0.002713500
pgvector,1,insert_texto,-,4083,0,0.002807900
pgvector,1,insert_texto,-,4084,0,0.002886500
pgvector,1,insert_texto,-,4085,0,0.002594700
pgvector,1,insert_texto,-,4086,0,0.002765300
pgvector,1,insert_texto,-,4087,0,0.002550600
pgvector,1,insert_texto,-,4088,0,0.002545300
pgvector,1,insert_texto,-,4089,0,0.002710700
pgvector,1,insert_texto,-,4090,0,0.002707000
pgvector,1,insert_texto,-,4091,0,0.002629500
pgvector,1,insert_texto,-,4092,0,0.002832500
pgvector,1,insert_texto,-,4093,0,0.002548100
pgvector,1,insert_texto,-,4094,0,0.002519900
pgvector,1,insert_texto,-,4095,0,0.002700700
pgvector,1,insert_texto,-,4096,0,0.002743200
pgvector,1,insert_texto,-,4097,0,0.002522400
pgvector,1,insert_texto,-,4098,0,0.002640200
pgvector,1,insert_texto,-,4099,0,0.002518300
pgvector,1,insert_texto,-,4100,0,0.002459400
pgvector,1,insert_texto,-,4101,0,0.002618100
pgvector,1,insert_texto,-,4102,0,0.002836700
pgvector,1,insert_texto,-,4103,0,0.002523000
pgvector,1,insert_texto,-,4104,0,0.002514600
pgvector,1,insert_texto,-,4105,0,0.002512300
pgvector,1,insert_texto,-,4106,0,0.002474400
pgvector,1,insert_texto,-,4107,0,0.002571400
pgvector,1,insert_texto,-,4108,0,0.002453200
pgvector,1,insert_texto,-,4109,0,0.002671000
pgvector,1,insert_texto,-,4110,0,0.002646900
pgvector,1,insert_texto,-,4111,0,0.002563600
pgvector,1,insert_texto,-,4112,0,0.002892700
pgvector,1,insert_texto,-,4113,0,0.002829900
pgvector,1,insert_texto,-,4114,0,0.002977000
pgvector,1,insert_texto,-,4115,0,0.002920500
pgvector,1,insert_texto,-,4116,0,0.003014800
pgvector,1,insert_texto,-,4117,0,0.002904800
pgvector,1,insert_texto,-,4118,0,0.003185000
pgvector,1,insert_texto,-,4119,0,0.003428200
pgvector,1,insert_texto,-,4120,0,0.003251100
pgvector,1,insert_texto,-,4121,0,0.003193100
pgvector,1,insert_texto,-,4122,0,0.002764000
pgvector,1,insert_texto,-,4123,0,0.002733100
pgvector,1,insert_texto,-,4124,0,0.002778200
pgvector,1,insert_texto,-,4125,0,0.002842400
pgvector,1,insert_texto,-,4126,0,0.002644500
pgvector,1,insert_texto,-,4127,0,0.002718700
pgvector,1,insert_texto,-,4128,0,0.002698900
pgvector,1,insert_texto,-,4129,0,0.002654400
pgvector,1,insert_texto,-,4130,0,0.002750200
pgvector,1,insert_texto,-,4131,0,0.002896600
pgvector,1,insert_texto,-,4132,0,0.002739700
pgvector,1,insert_texto,-,4133,0,0.002817600
pgvector,1,insert_texto,-,4134,0,0.002848300
pgvector,1,insert_texto,-,4135,0,0.002663400
pgvector,1,insert_texto,-,4136,0,0.002903200
pgvector,1,insert_texto,-,4137,0,0.002674900
pgvector,1,insert_texto,-,4138,0,0.002868400
pgvector,1,insert_texto,-,4139,0,0.002718900
pgvector,1,insert_texto,-,4140,0,0.002703400
pgvector,1,insert_texto,-,4141,0,0.002825100
pgvector,1,insert_texto,-,4142,0,0.002873600
pgvector,1,insert_texto,-,4143,0,0.002571300
pgvector,1,insert_texto,-,4144,0,0.002637800
pgvector,1,insert_texto,-,4145,0,0.002555000
pgvector,1,insert_texto,-,4146,0,0.002395900
pgvector,1,insert_texto,-,4147,0,0.002991400
pgvector,1,insert_texto,-,4148,0,0.002679000
pgvector,1,insert_texto,-,4149,0,0.002492300
pgvector,1,insert_texto,-,4150,0,0.002748500
pgvector,1,insert_texto,-,4151,0,0.002667700
pgvector,1,insert_texto,-,4152,0,0.002426900
pgvector,1,insert_texto,-,4153,0,0.002778800
pgvector,1,insert_texto,-,4154,0,0.002412800
pgvector,1,insert_texto,-,4155,0,0.002413100
pgvector,1,insert_texto,-,4156,0,0.002517300
pgvector,1,insert_texto,-,4157,0,0.002319600
pgvector,1,insert_texto,-,4158,0,0.002460600
pgvector,1,insert_texto,-,4159,0,0.002343000
pgvector,1,insert_texto,-,4160,0,0.002482100
pgvector,1,insert_texto,-,4161,0,0.002443500
pgvector,1,insert_texto,-,4162,0,0.002328100
pgvector,1,insert_texto,-,4163,0,0.002389500
pgvector,1,insert_texto,-,4164,0,0.002405900
pgvector,1,insert_texto,-,4165,0,0.002352800
pgvector,1,insert_texto,-,4166,0,0.002733900
pgvector,1,insert_texto,-,4167,0,0.002749400
pgvector,1,insert_texto,-,4168,0,0.002553100
pgvector,1,insert_texto,-,4169,0,0.002787400
pgvector,1,insert_texto,-,4170,0,0.002488700
pgvector,1,insert_texto,-,4171,0,0.002567000
pgvector,1,insert_texto,-,4172,0,0.002616400
pgvector,1,insert_texto,-,4173,0,0.002468200
pgvector,1,insert_texto,-,4174,0,0.002527900
pgvector,1,insert_texto,-,4175,0,0.002512400
pgvector,1,insert_texto,-,4176,0,0.002592600
pgvector,1,insert_texto,-,4177,0,0.002606900
pgvector,1,insert_texto,-,4178,0,0.002352700
pgvector,1,insert_texto,-,4179,0,0.002670300
pgvector,1,insert_texto,-,4180,0,0.002691200
pgvector,1,insert_texto,-,4181,0,0.002494000
pgvector,1,insert_texto,-,4182,0,0.002400800
pgvector,1,insert_texto,-,4183,0,0.002382100
pgvector,1,insert_texto,-,4184,0,0.002361200
pgvector,1,insert_texto,-,4185,0,0.002559400
pgvector,1,insert_texto,-,4186,0,0.002477600
pgvector,1,insert_texto,-,4187,0,0.002669300
pgvector,1,insert_texto,-,4188,0,0.002455800
pgvector,1,insert_texto,-,4189,0,0.002443100
pgvector,1,insert_texto,-,4190,0,0.002367300
pgvector,1,insert_texto,-,4191,0,0.002933900
pgvector,1,insert_texto,-,4192,0,0.002647400
pgvector,1,insert_texto,-,4193,0,0.002505500
pgvector,1,insert_texto,-,4194,0,0.002587800
pgvector,1,insert_texto,-,4195,0,0.002536100
pgvector,1,insert_texto,-,4196,0,0.002529200
pgvector,1,insert_texto,-,4197,0,0.002475400
pgvector,1,insert_texto,-,4198,0,0.002487200
pgvector,1,insert_texto,-,4199,0,0.002586600
pgvector,1,insert_texto,-,4200,0,0.002684100
pgvector,1,insert_texto,-,4201,0,0.003053400
pgvector,1,insert_texto,-,4202,0,0.002502500
pgvector,1,insert_texto,-,4203,0,0.002426900
pgvector,1,insert_texto,-,4204,0,0.002581300
pgvector,1,insert_texto,-,4205,0,0.002497600
pgvector,1,insert_texto,-,4206,0,0.002478500
pgvector,1,insert_texto,-,4207,0,0.003053500
pgvector,1,insert_texto,-,4208,0,0.003284400
pgvector,1,insert_texto,-,4209,0,0.002920500
pgvector,1,insert_texto,-,4210,0,0.002981000
pgvector,1,insert_texto,-,4211,0,0.002702500
pgvector,1,insert_texto,-,4212,0,0.003426700
pgvector,1,insert_texto,-,4213,0,0.002716000
pgvector,1,insert_texto,-,4214,0,0.002883400
pgvector,1,insert_texto,-,4215,0,0.002550700
pgvector,1,insert_texto,-,4216,0,0.002706600
pgvector,1,insert_texto,-,4217,0,0.002377500
pgvector,1,insert_texto,-,4218,0,0.002570900
pgvector,1,insert_texto,-,4219,0,0.002371800
pgvector,1,insert_texto,-,4220,0,0.002270000
pgvector,1,insert_texto,-,4221,0,0.002397000
pgvector,1,insert_texto,-,4222,0,0.002216300
pgvector,1,insert_texto,-,4223,0,0.002185400
pgvector,1,insert_texto,-,4224,0,0.002826900
pgvector,1,insert_texto,-,4225,0,0.002642000
pgvector,1,insert_texto,-,4226,0,0.002748200
pgvector,1,insert_texto,-,4227,0,0.002404100
pgvector,1,insert_texto,-,4228,0,0.002606500
pgvector,1,insert_texto,-,4229,0,0.002442600
pgvector,1,insert_texto,-,4230,0,0.002408800
pgvector,1,insert_texto,-,4231,0,0.002693800
pgvector,1,insert_texto,-,4232,0,0.002695900
pgvector,1,insert_texto,-,4233,0,0.002444900
pgvector,1,insert_texto,-,4234,0,0.002261000
pgvector,1,insert_texto,-,4235,0,0.002348900
pgvector,1,insert_texto,-,4236,0,0.002174500
pgvector,1,insert_texto,-,4237,0,0.002273600
pgvector,1,insert_texto,-,4238,0,0.002052800
pgvector,1,insert_texto,-,4239,0,0.002239800
pgvector,1,insert_texto,-,4240,0,0.002221800
pgvector,1,insert_texto,-,4241,0,0.002163700
pgvector,1,insert_texto,-,4242,0,0.002550900
pgvector,1,insert_texto,-,4243,0,0.002312300
pgvector,1,insert_texto,-,4244,0,0.002300800
pgvector,1,insert_texto,-,4245,0,0.002240400
pgvector,1,insert_texto,-,4246,0,0.002563000
pgvector,1,insert_texto,-,4247,0,0.002418200
pgvector,1,insert_texto,-,4248,0,0.002283200
pgvector,1,insert_texto,-,4249,0,0.002501300
pgvector,1,insert_texto,-,4250,0,0.002082100
pgvector,1,insert_texto,-,4251,0,0.002141200
pgvector,1,insert_texto,-,4252,0,0.002037800
pgvector,1,insert_texto,-,4253,0,0.002185600
pgvector,1,insert_texto,-,4254,0,0.002382200
pgvector,1,insert_texto,-,4255,0,0.002257900
pgvector,1,insert_texto,-,4256,0,0.002148800
pgvector,1,insert_texto,-,4257,0,0.002231600
pgvector,1,insert_texto,-,4258,0,0.002313200
pgvector,1,insert_texto,-,4259,0,0.002121200
pgvector,1,insert_texto,-,4260,0,0.002156800
pgvector,1,insert_texto,-,4261,0,0.002036700
pgvector,1,insert_texto,-,4262,0,0.002172400
pgvector,1,insert_texto,-,4263,0,0.002850700
pgvector,1,insert_texto,-,4264,0,0.002535900
pgvector,1,insert_texto,-,4265,0,0.002861600
pgvector,1,insert_texto,-,4266,0,0.002512500
pgvector,1,insert_texto,-,4267,0,0.002532000
pgvector,1,insert_texto,-,4268,0,0.002875500
pgvector,1,insert_texto,-,4269,0,0.002502400
pgvector,1,insert_texto,-,4270,0,0.003009900
pgvector,1,insert_texto,-,4271,0,0.002850800
pgvector,1,insert_texto,-,4272,0,0.002594600
pgvector,1,insert_texto,-,4273,0,0.002443200
pgvector,1,insert_texto,-,4274,0,0.002934300
pgvector,1,insert_texto,-,4275,0,0.002532900
pgvector,1,insert_texto,-,4276,0,0.002662400
pgvector,1,insert_texto,-,4277,0,0.002850600
pgvector,1,insert_texto,-,4278,0,0.002803800
pgvector,1,insert_texto,-,4279,0,0.002417700
pgvector,1,insert_texto,-,4280,0,0.002683700
pgvector,1,insert_texto,-,4281,0,0.002403400
pgvector,1,insert_texto,-,4282,0,0.002638300
pgvector,1,insert_texto,-,4283,0,0.002745700
pgvector,1,insert_texto,-,4284,0,0.002670400
pgvector,1,insert_texto,-,4285,0,0.002684900
pgvector,1,insert_texto,-,4286,0,0.002861800
pgvector,1,insert_texto,-,4287,0,0.002840200
pgvector,1,insert_texto,-,4288,0,0.002868900
pgvector,1,insert_texto,-,4289,0,0.002746000
pgvector,1,insert_texto,-,4290,0,0.002769300
pgvector,1,insert_texto,-,4291,0,0.002904700
pgvector,1,insert_texto,-,4292,0,0.002630200
pgvector,1,insert_texto,-,4293,0,0.002737400
pgvector,1,insert_texto,-,4294,0,0.002808000
pgvector,1,insert_texto,-,4295,0,0.002895000
pgvector,1,insert_texto,-,4296,0,0.002807800
pgvector,1,insert_texto,-,4297,0,0.002860800
pgvector,1,insert_texto,-,4298,0,0.002822500
pgvector,1,insert_texto,-,4299,0,0.002955300
pgvector,1,insert_texto,-,4300,0,0.002855700
pgvector,1,insert_texto,-,4301,0,0.002806700
pgvector,1,insert_texto,-,4302,0,0.003091100
pgvector,1,insert_texto,-,4303,0,0.003045600
pgvector,1,insert_texto,-,4304,0,0.003119500
pgvector,1,insert_texto,-,4305,0,0.002954100
pgvector,1,insert_texto,-,4306,0,0.003303600
pgvector,1,insert_texto,-,4307,0,0.003186800
pgvector,1,insert_texto,-,4308,0,0.003206500
pgvector,1,insert_texto,-,4309,0,0.003248500
pgvector,1,insert_texto,-,4310,0,0.002794300
pgvector,1,insert_texto,-,4311,0,0.002811100
pgvector,1,insert_texto,-,4312,0,0.002790900
pgvector,1,insert_texto,-,4313,0,0.002908600
pgvector,1,insert_texto,-,4314,0,0.002750200
pgvector,1,insert_texto,-,4315,0,0.002842200
pgvector,1,insert_texto,-,4316,0,0.002799600
pgvector,1,insert_texto,-,4317,0,0.002665100
pgvector,1,insert_texto,-,4318,0,0.002781100
pgvector,1,insert_texto,-,4319,0,0.002929000
pgvector,1,insert_texto,-,4320,0,0.002997200
pgvector,1,insert_texto,-,4321,0,0.002897600
pgvector,1,insert_texto,-,4322,0,0.002646700
pgvector,1,insert_texto,-,4323,0,0.002982400
pgvector,1,insert_texto,-,4324,0,0.002910600
pgvector,1,insert_texto,-,4325,0,0.002885800
pgvector,1,insert_texto,-,4326,0,0.002807400
pgvector,1,insert_texto,-,4327,0,0.002903800
pgvector,1,insert_texto,-,4328,0,0.002949200
pgvector,1,insert_texto,-,4329,0,0.002647700
pgvector,1,insert_texto,-,4330,0,0.002902800
pgvector,1,insert_texto,-,4331,0,0.002790500
pgvector,1,insert_texto,-,4332,0,0.002703400
pgvector,1,insert_texto,-,4333,0,0.003085000
pgvector,1,insert_texto,-,4334,0,0.002943400
pgvector,1,insert_texto,-,4335,0,0.002951800
pgvector,1,insert_texto,-,4336,0,0.002603900
pgvector,1,insert_texto,-,4337,0,0.002563300
pgvector,1,insert_texto,-,4338,0,0.002511700
pgvector,1,insert_texto,-,4339,0,0.002454200
pgvector,1,insert_texto,-,4340,0,0.002657800
pgvector,1,insert_texto,-,4341,0,0.002517000
pgvector,1,insert_texto,-,4342,0,0.002484000
pgvector,1,insert_texto,-,4343,0,0.002710000
pgvector,1,insert_texto,-,4344,0,0.002725600
pgvector,1,insert_texto,-,4345,0,0.002501700
pgvector,1,insert_texto,-,4346,0,0.002670700
pgvector,1,insert_texto,-,4347,0,0.002499400
pgvector,1,insert_texto,-,4348,0,0.002865500
pgvector,1,insert_texto,-,4349,0,0.002784000
pgvector,1,insert_texto,-,4350,0,0.002674300
pgvector,1,insert_texto,-,4351,0,0.002716200
pgvector,1,insert_texto,-,4352,0,0.003038100
pgvector,1,insert_texto,-,4353,0,0.002897700
pgvector,1,insert_texto,-,4354,0,0.002584300
pgvector,1,insert_texto,-,4355,0,0.002739300
pgvector,1,insert_texto,-,4356,0,0.002651600
pgvector,1,insert_texto,-,4357,0,0.002481300
pgvector,1,insert_texto,-,4358,0,0.002719900
pgvector,1,insert_texto,-,4359,0,0.002569900
pgvector,1,insert_texto,-,4360,0,0.002547300
pgvector,1,insert_texto,-,4361,0,0.002795300
pgvector,1,insert_texto,-,4362,0,0.003001900
pgvector,1,insert_texto,-,4363,0,0.002701300
pgvector,1,insert_texto,-,4364,0,0.002749100
pgvector,1,insert_texto,-,4365,0,0.002644400
pgvector,1,insert_texto,-,4366,0,0.002706900
pgvector,1,insert_texto,-,4367,0,0.002594700
pgvector,1,insert_texto,-,4368,0,0.002518000
pgvector,1,insert_texto,-,4369,0,0.002779400
pgvector,1,insert_texto,-,4370,0,0.002603700
pgvector,1,insert_texto,-,4371,0,0.002582300
pgvector,1,insert_texto,-,4372,0,0.002884300
pgvector,1,insert_texto,-,4373,0,0.002660800
pgvector,1,insert_texto,-,4374,0,0.002904600
pgvector,1,insert_texto,-,4375,0,0.002734200
pgvector,1,insert_texto,-,4376,0,0.002470600
pgvector,1,insert_texto,-,4377,0,0.002785700
pgvector,1,insert_texto,-,4378,0,0.002649600
pgvector,1,insert_texto,-,4379,0,0.002496900
pgvector,1,insert_texto,-,4380,0,0.002613700
pgvector,1,insert_texto,-,4381,0,0.002508600
pgvector,1,insert_texto,-,4382,0,0.002590900
pgvector,1,insert_texto,-,4383,0,0.002522900
pgvector,1,insert_texto,-,4384,0,0.002706300
pgvector,1,insert_texto,-,4385,0,0.002611200
pgvector,1,insert_texto,-,4386,0,0.002556000
pgvector,1,insert_texto,-,4387,0,0.002496200
pgvector,1,insert_texto,-,4388,0,0.002678400
pgvector,1,insert_texto,-,4389,0,0.002865000
pgvector,1,insert_texto,-,4390,0,0.002871400
pgvector,1,insert_texto,-,4391,0,0.002612800
pgvector,1,insert_texto,-,4392,0,0.002528200
pgvector,1,insert_texto,-,4393,0,0.003033700
pgvector,1,insert_texto,-,4394,0,0.002583800
pgvector,1,insert_texto,-,4395,0,0.002614100
pgvector,1,insert_texto,-,4396,0,0.002626000
pgvector,1,insert_texto,-,4397,0,0.002888700
pgvector,1,insert_texto,-,4398,0,0.002892100
pgvector,1,insert_texto,-,4399,0,0.002865100
pgvector,1,insert_texto,-,4400,0,0.003021500
pgvector,1,insert_texto,-,4401,0,0.003036500
pgvector,1,insert_texto,-,4402,0,0.002920600
pgvector,1,insert_texto,-,4403,0,0.002961100
pgvector,1,insert_texto,-,4404,0,0.003102600
pgvector,1,insert_texto,-,4405,0,0.002921900
pgvector,1,insert_texto,-,4406,0,0.002714600
pgvector,1,insert_texto,-,4407,0,0.002622100
pgvector,1,insert_texto,-,4408,0,0.002850200
pgvector,1,insert_texto,-,4409,0,0.002768000
pgvector,1,insert_texto,-,4410,0,0.002657300
pgvector,1,insert_texto,-,4411,0,0.002972700
pgvector,1,insert_texto,-,4412,0,0.002972600
pgvector,1,insert_texto,-,4413,0,0.002875700
pgvector,1,insert_texto,-,4414,0,0.002935300
pgvector,1,insert_texto,-,4415,0,0.002666000
pgvector,1,insert_texto,-,4416,0,0.002697800
pgvector,1,insert_texto,-,4417,0,0.002626500
pgvector,1,insert_texto,-,4418,0,0.002729800
pgvector,1,insert_texto,-,4419,0,0.002848400
pgvector,1,insert_texto,-,4420,0,0.002633100
pgvector,1,insert_texto,-,4421,0,0.002536400
pgvector,1,insert_texto,-,4422,0,0.002945800
pgvector,1,insert_texto,-,4423,0,0.002929100
pgvector,1,insert_texto,-,4424,0,0.002986200
pgvector,1,insert_texto,-,4425,0,0.002694800
pgvector,1,insert_texto,-,4426,0,0.002714300
pgvector,1,insert_texto,-,4427,0,0.002883800
pgvector,1,insert_texto,-,4428,0,0.002981300
pgvector,1,insert_texto,-,4429,0,0.002811200
pgvector,1,insert_texto,-,4430,0,0.002729200
pgvector,1,insert_texto,-,4431,0,0.003104700
pgvector,1,insert_texto,-,4432,0,0.002508300
pgvector,1,insert_texto,-,4433,0,0.002946600
pgvector,1,insert_texto,-,4434,0,0.002781900
pgvector,1,insert_texto,-,4435,0,0.002716500
pgvector,1,insert_texto,-,4436,0,0.002916800
pgvector,1,insert_texto,-,4437,0,0.002658400
pgvector,1,insert_texto,-,4438,0,0.002504900
pgvector,1,insert_texto,-,4439,0,0.002881400
pgvector,1,insert_texto,-,4440,0,0.002769400
pgvector,1,insert_texto,-,4441,0,0.002711200
pgvector,1,insert_texto,-,4442,0,0.002756100
pgvector,1,insert_texto,-,4443,0,0.002564100
pgvector,1,insert_texto,-,4444,0,0.002591100
pgvector,1,insert_texto,-,4445,0,0.002891600
pgvector,1,insert_texto,-,4446,0,0.002844200
pgvector,1,insert_texto,-,4447,0,0.002465100
pgvector,1,insert_texto,-,4448,0,0.002710400
pgvector,1,insert_texto,-,4449,0,0.002529600
pgvector,1,insert_texto,-,4450,0,0.002434800
pgvector,1,insert_texto,-,4451,0,0.002611700
pgvector,1,insert_texto,-,4452,0,0.002877300
pgvector,1,insert_texto,-,4453,0,0.002687300
pgvector,1,insert_texto,-,4454,0,0.002842200
pgvector,1,insert_texto,-,4455,0,0.002852600
pgvector,1,insert_texto,-,4456,0,0.002985200
pgvector,1,insert_texto,-,4457,0,0.002711600
pgvector,1,insert_texto,-,4458,0,0.002767000
pgvector,1,insert_texto,-,4459,0,0.002714600
pgvector,1,insert_texto,-,4460,0,0.002800000
pgvector,1,insert_texto,-,4461,0,0.002966500
pgvector,1,insert_texto,-,4462,0,0.003062100
pgvector,1,insert_texto,-,4463,0,0.002883500
pgvector,1,insert_texto,-,4464,0,0.002908800
pgvector,1,insert_texto,-,4465,0,0.002850700
pgvector,1,insert_texto,-,4466,0,0.002821300
pgvector,1,insert_texto,-,4467,0,0.002944200
pgvector,1,insert_texto,-,4468,0,0.002889100
pgvector,1,insert_texto,-,4469,0,0.002863800
pgvector,1,insert_texto,-,4470,0,0.002780800
pgvector,1,insert_texto,-,4471,0,0.002634700
pgvector,1,insert_texto,-,4472,0,0.002869200
pgvector,1,insert_texto,-,4473,0,0.002752500
pgvector,1,insert_texto,-,4474,0,0.002646800
pgvector,1,insert_texto,-,4475,0,0.003063800
pgvector,1,insert_texto,-,4476,0,0.003187000
pgvector,1,insert_texto,-,4477,0,0.002931200
pgvector,1,insert_texto,-,4478,0,0.002804300
pgvector,1,insert_texto,-,4479,0,0.003024100
pgvector,1,insert_texto,-,4480,0,0.002847200
pgvector,1,insert_texto,-,4481,0,0.002850200
pgvector,1,insert_texto,-,4482,0,0.002635100
pgvector,1,insert_texto,-,4483,0,0.002687400
pgvector,1,insert_texto,-,4484,0,0.002980000
pgvector,1,insert_texto,-,4485,0,0.002833500
pgvector,1,insert_texto,-,4486,0,0.002845000
pgvector,1,insert_texto,-,4487,0,0.002568200
pgvector,1,insert_texto,-,4488,0,0.002901000
pgvector,1,insert_texto,-,4489,0,0.002863700
pgvector,1,insert_texto,-,4490,0,0.003157000
pgvector,1,insert_texto,-,4491,0,0.002854200
pgvector,1,insert_texto,-,4492,0,0.003093700
pgvector,1,insert_texto,-,4493,0,0.002959400
pgvector,1,insert_texto,-,4494,0,0.003100900
pgvector,1,insert_texto,-,4495,0,0.003283700
pgvector,1,insert_texto,-,4496,0,0.003034200
pgvector,1,insert_texto,-,4497,0,0.003686100
pgvector,1,insert_texto,-,4498,0,0.003220300
pgvector,1,insert_texto,-,4499,0,0.003105200
pgvector,1,insert_texto,-,4500,0,0.002928600
pgvector,1,insert_texto,-,4501,0,0.002912300
pgvector,1,insert_texto,-,4502,0,0.002690100
pgvector,1,insert_texto,-,4503,0,0.002854500
pgvector,1,insert_texto,-,4504,0,0.002992500
pgvector,1,insert_texto,-,4505,0,0.002683100
pgvector,1,insert_texto,-,4506,0,0.002878300
pgvector,1,insert_texto,-,4507,0,0.002812800
pgvector,1,insert_texto,-,4508,0,0.002997100
pgvector,1,insert_texto,-,4509,0,0.002861900
pgvector,1,insert_texto,-,4510,0,0.003283800
pgvector,1,insert_texto,-,4511,0,0.003036500
pgvector,1,insert_texto,-,4512,0,0.002863200
pgvector,1,insert_texto,-,4513,0,0.002821600
pgvector,1,insert_texto,-,4514,0,0.002752000
pgvector,1,insert_texto,-,4515,0,0.002934500
pgvector,1,insert_texto,-,4516,0,0.002809600
pgvector,1,insert_texto,-,4517,0,0.003191800
pgvector,1,insert_texto,-,4518,0,0.002989900
pgvector,1,insert_texto,-,4519,0,0.002831500
pgvector,1,insert_texto,-,4520,0,0.002603900
pgvector,1,insert_texto,-,4521,0,0.002928400
pgvector,1,insert_texto,-,4522,0,0.002992600
pgvector,1,insert_texto,-,4523,0,0.002953800
pgvector,1,insert_texto,-,4524,0,0.002572600
pgvector,1,insert_texto,-,4525,0,0.002912500
pgvector,1,insert_texto,-,4526,0,0.002701400
pgvector,1,insert_texto,-,4527,0,0.002619800
pgvector,1,insert_texto,-,4528,0,0.002854500
pgvector,1,insert_texto,-,4529,0,0.002673800
pgvector,1,insert_texto,-,4530,0,0.002733800
pgvector,1,insert_texto,-,4531,0,0.002800100
pgvector,1,insert_texto,-,4532,0,0.002700000
pgvector,1,insert_texto,-,4533,0,0.002985800
pgvector,1,insert_texto,-,4534,0,0.003058400
pgvector,1,insert_texto,-,4535,0,0.002775900
pgvector,1,insert_texto,-,4536,0,0.002717700
pgvector,1,insert_texto,-,4537,0,0.002855600
pgvector,1,insert_texto,-,4538,0,0.002723700
pgvector,1,insert_texto,-,4539,0,0.002698200
pgvector,1,insert_texto,-,4540,0,0.002908800
pgvector,1,insert_texto,-,4541,0,0.002835900
pgvector,1,insert_texto,-,4542,0,0.002955600
pgvector,1,insert_texto,-,4543,0,0.002695000
pgvector,1,insert_texto,-,4544,0,0.002858200
pgvector,1,insert_texto,-,4545,0,0.002912100
pgvector,1,insert_texto,-,4546,0,0.002784700
pgvector,1,insert_texto,-,4547,0,0.002682200
pgvector,1,insert_texto,-,4548,0,0.002978500
pgvector,1,insert_texto,-,4549,0,0.002792400
pgvector,1,insert_texto,-,4550,0,0.002934600
pgvector,1,insert_texto,-,4551,0,0.002667600
pgvector,1,insert_texto,-,4552,0,0.002873600
pgvector,1,insert_texto,-,4553,0,0.002852200
pgvector,1,insert_texto,-,4554,0,0.002596500
pgvector,1,insert_texto,-,4555,0,0.002772800
pgvector,1,insert_texto,-,4556,0,0.002955300
pgvector,1,insert_texto,-,4557,0,0.002909300
pgvector,1,insert_texto,-,4558,0,0.002808900
pgvector,1,insert_texto,-,4559,0,0.002728700
pgvector,1,insert_texto,-,4560,0,0.002834100
pgvector,1,insert_texto,-,4561,0,0.002983400
pgvector,1,insert_texto,-,4562,0,0.002890000
pgvector,1,insert_texto,-,4563,0,0.002719000
pgvector,1,insert_texto,-,4564,0,0.002830200
pgvector,1,insert_texto,-,4565,0,0.002819200
pgvector,1,insert_texto,-,4566,0,0.002808500
pgvector,1,insert_texto,-,4567,0,0.002908700
pgvector,1,insert_texto,-,4568,0,0.002631300
pgvector,1,insert_texto,-,4569,0,0.002956700
pgvector,1,insert_texto,-,4570,0,0.002714100
pgvector,1,insert_texto,-,4571,0,0.002751200
pgvector,1,insert_texto,-,4572,0,0.002922500
pgvector,1,insert_texto,-,4573,0,0.002852700
pgvector,1,insert_texto,-,4574,0,0.002855000
pgvector,1,insert_texto,-,4575,0,0.002963700
pgvector,1,insert_texto,-,4576,0,0.002735100
pgvector,1,insert_texto,-,4577,0,0.002894700
pgvector,1,insert_texto,-,4578,0,0.003087800
pgvector,1,insert_texto,-,4579,0,0.002597800
pgvector,1,insert_texto,-,4580,0,0.002936300
pgvector,1,insert_texto,-,4581,0,0.003191600
pgvector,1,insert_texto,-,4582,0,0.002737400
pgvector,1,insert_texto,-,4583,0,0.002788000
pgvector,1,insert_texto,-,4584,0,0.002814100
pgvector,1,insert_texto,-,4585,0,0.002789400
pgvector,1,insert_texto,-,4586,0,0.002924700
pgvector,1,insert_texto,-,4587,0,0.003602400
pgvector,1,insert_texto,-,4588,0,0.003332500
pgvector,1,insert_texto,-,4589,0,0.003209700
pgvector,1,insert_texto,-,4590,0,0.003479400
pgvector,1,insert_texto,-,4591,0,0.003322900
pgvector,1,insert_texto,-,4592,0,0.003149500
pgvector,1,insert_texto,-,4593,0,0.003222900
pgvector,1,insert_texto,-,4594,0,0.003129800
pgvector,1,insert_texto,-,4595,0,0.002671000
pgvector,1,insert_texto,-,4596,0,0.002899200
pgvector,1,insert_texto,-,4597,0,0.002615200
pgvector,1,insert_texto,-,4598,0,0.002725700
pgvector,1,insert_texto,-,4599,0,0.002804900
pgvector,1,insert_texto,-,4600,0,0.002921300
pgvector,1,insert_texto,-,4601,0,0.002873200
pgvector,1,insert_texto,-,4602,0,0.002808000
pgvector,1,insert_texto,-,4603,0,0.002833100
pgvector,1,insert_texto,-,4604,0,0.002882800
pgvector,1,insert_texto,-,4605,0,0.002819900
pgvector,1,insert_texto,-,4606,0,0.002653300
pgvector,1,insert_texto,-,4607,0,0.002949500
pgvector,1,insert_texto,-,4608,0,0.003175500
pgvector,1,insert_texto,-,4609,0,0.002997000
pgvector,1,insert_texto,-,4610,0,0.002701500
pgvector,1,insert_texto,-,4611,0,0.002563200
pgvector,1,insert_texto,-,4612,0,0.002848300
pgvector,1,insert_texto,-,4613,0,0.003263400
pgvector,1,insert_texto,-,4614,0,0.002852400
pgvector,1,insert_texto,-,4615,0,0.002899300
pgvector,1,insert_texto,-,4616,0,0.002991000
pgvector,1,insert_texto,-,4617,0,0.002611500
pgvector,1,insert_texto,-,4618,0,0.002983600
pgvector,1,insert_texto,-,4619,0,0.002928900
pgvector,1,insert_texto,-,4620,0,0.002803100
pgvector,1,insert_texto,-,4621,0,0.002631900
pgvector,1,insert_texto,-,4622,0,0.002894200
pgvector,1,insert_texto,-,4623,0,0.002814600
pgvector,1,insert_texto,-,4624,0,0.003835000
pgvector,1,insert_texto,-,4625,0,0.003254300
pgvector,1,insert_texto,-,4626,0,0.003232400
pgvector,1,insert_texto,-,4627,0,0.002946900
pgvector,1,insert_texto,-,4628,0,0.002836400
pgvector,1,insert_texto,-,4629,0,0.002856100
pgvector,1,insert_texto,-,4630,0,0.002722100
pgvector,1,insert_texto,-,4631,0,0.003031000
pgvector,1,insert_texto,-,4632,0,0.002965600
pgvector,1,insert_texto,-,4633,0,0.002884200
pgvector,1,insert_texto,-,4634,0,0.002825300
pgvector,1,insert_texto,-,4635,0,0.002816300
pgvector,1,insert_texto,-,4636,0,0.002748600
pgvector,1,insert_texto,-,4637,0,0.002977700
pgvector,1,insert_texto,-,4638,0,0.002888100
pgvector,1,insert_texto,-,4639,0,0.002876100
pgvector,1,insert_texto,-,4640,0,0.003020600
pgvector,1,insert_texto,-,4641,0,0.003185700
pgvector,1,insert_texto,-,4642,0,0.003059300
pgvector,1,insert_texto,-,4643,0,0.003064500
pgvector,1,insert_texto,-,4644,0,0.002888700
pgvector,1,insert_texto,-,4645,0,0.003540000
pgvector,1,insert_texto,-,4646,0,0.003228100
pgvector,1,insert_texto,-,4647,0,0.003444700
pgvector,1,insert_texto,-,4648,0,0.003280100
pgvector,1,insert_texto,-,4649,0,0.003469600
pgvector,1,insert_texto,-,4650,0,0.003422200
pgvector,1,insert_texto,-,4651,0,0.003238700
pgvector,1,insert_texto,-,4652,0,0.003047500
pgvector,1,insert_texto,-,4653,0,0.003008200
pgvector,1,insert_texto,-,4654,0,0.003026000
pgvector,1,insert_texto,-,4655,0,0.002833700
pgvector,1,insert_texto,-,4656,0,0.002943800
pgvector,1,insert_texto,-,4657,0,0.002861300
pgvector,1,insert_texto,-,4658,0,0.002992300
pgvector,1,insert_texto,-,4659,0,0.003388600
pgvector,1,insert_texto,-,4660,0,0.002859800
pgvector,1,insert_texto,-,4661,0,0.002814200
pgvector,1,insert_texto,-,4662,0,0.002797900
pgvector,1,insert_texto,-,4663,0,0.002758700
pgvector,1,insert_texto,-,4664,0,0.002593100
pgvector,1,insert_texto,-,4665,0,0.003494400
pgvector,1,insert_texto,-,4666,0,0.003165900
pgvector,1,insert_texto,-,4667,0,0.003174700
pgvector,1,insert_texto,-,4668,0,0.003718200
pgvector,1,insert_texto,-,4669,0,0.004304300
pgvector,1,insert_texto,-,4670,0,0.003531200
pgvector,1,insert_texto,-,4671,0,0.002934400
pgvector,1,insert_texto,-,4672,0,0.002862300
pgvector,1,insert_texto,-,4673,0,0.002802300
pgvector,1,insert_texto,-,4674,0,0.002733100
pgvector,1,insert_texto,-,4675,0,0.003043100
pgvector,1,insert_texto,-,4676,0,0.002760700
pgvector,1,insert_texto,-,4677,0,0.002664200
pgvector,1,insert_texto,-,4678,0,0.003351400
pgvector,1,insert_texto,-,4679,0,0.003166100
pgvector,1,insert_texto,-,4680,0,0.003430000
pgvector,1,insert_texto,-,4681,0,0.003284000
pgvector,1,insert_texto,-,4682,0,0.003115800
pgvector,1,insert_texto,-,4683,0,0.003187700
pgvector,1,insert_texto,-,4684,0,0.003560700
pgvector,1,insert_texto,-,4685,0,0.003861200
pgvector,1,insert_texto,-,4686,0,0.003271200
pgvector,1,insert_texto,-,4687,0,0.002974800
pgvector,1,insert_texto,-,4688,0,0.002905400
pgvector,1,insert_texto,-,4689,0,0.002840300
pgvector,1,insert_texto,-,4690,0,0.002866200
pgvector,1,insert_texto,-,4691,0,0.002990400
pgvector,1,insert_texto,-,4692,0,0.002633500
pgvector,1,insert_texto,-,4693,0,0.003017500
pgvector,1,insert_texto,-,4694,0,0.002793000
pgvector,1,insert_texto,-,4695,0,0.002867200
pgvector,1,insert_texto,-,4696,0,0.003063200
pgvector,1,insert_texto,-,4697,0,0.002960400
pgvector,1,insert_texto,-,4698,0,0.002928900
pgvector,1,insert_texto,-,4699,0,0.002871700
pgvector,1,insert_texto,-,4700,0,0.002721800
pgvector,1,insert_texto,-,4701,0,0.002775100
pgvector,1,insert_texto,-,4702,0,0.002806600
pgvector,1,insert_texto,-,4703,0,0.002636500
pgvector,1,insert_texto,-,4704,0,0.002601700
pgvector,1,insert_texto,-,4705,0,0.002880100
pgvector,1,insert_texto,-,4706,0,0.002755100
pgvector,1,insert_texto,-,4707,0,0.002814400
pgvector,1,insert_texto,-,4708,0,0.002723300
pgvector,1,insert_texto,-,4709,0,0.002852200
pgvector,1,insert_texto,-,4710,0,0.002842700
pgvector,1,insert_texto,-,4711,0,0.002979900
pgvector,1,insert_texto,-,4712,0,0.002652700
pgvector,1,insert_texto,-,4713,0,0.002484900
pgvector,1,insert_texto,-,4714,0,0.002438900
pgvector,1,insert_texto,-,4715,0,0.002781600
pgvector,1,insert_texto,-,4716,0,0.002556100
pgvector,1,insert_texto,-,4717,0,0.002555400
pgvector,1,insert_texto,-,4718,0,0.002737000
pgvector,1,insert_texto,-,4719,0,0.002388600
pgvector,1,insert_texto,-,4720,0,0.002580500
pgvector,1,insert_texto,-,4721,0,0.002306400
pgvector,1,insert_texto,-,4722,0,0.002691100
pgvector,1,insert_texto,-,4723,0,0.002254000
pgvector,1,insert_texto,-,4724,0,0.002400700
pgvector,1,insert_texto,-,4725,0,0.002426400
pgvector,1,insert_texto,-,4726,0,0.002301400
pgvector,1,insert_texto,-,4727,0,0.002791500
pgvector,1,insert_texto,-,4728,0,0.002535600
pgvector,1,insert_texto,-,4729,0,0.002261500
pgvector,1,insert_texto,-,4730,0,0.002284000
pgvector,1,insert_texto,-,4731,0,0.002744700
pgvector,1,insert_texto,-,4732,0,0.002390000
pgvector,1,insert_texto,-,4733,0,0.002378100
pgvector,1,insert_texto,-,4734,0,0.002218200
pgvector,1,insert_texto,-,4735,0,0.002330600
pgvector,1,insert_texto,-,4736,0,0.002215900
pgvector,1,insert_texto,-,4737,0,0.002785600
pgvector,1,insert_texto,-,4738,0,0.002251100
pgvector,1,insert_texto,-,4739,0,0.002333000
pgvector,1,insert_texto,-,4740,0,0.002323400
pgvector,1,insert_texto,-,4741,0,0.002577300
pgvector,1,insert_texto,-,4742,0,0.002366600
pgvector,1,insert_texto,-,4743,0,0.002485100
pgvector,1,insert_texto,-,4744,0,0.002427300
pgvector,1,insert_texto,-,4745,0,0.002261500
pgvector,1,insert_texto,-,4746,0,0.002543300
pgvector,1,insert_texto,-,4747,0,0.002346000
pgvector,1,insert_texto,-,4748,0,0.002319400
pgvector,1,insert_texto,-,4749,0,0.002330400
pgvector,1,insert_texto,-,4750,0,0.002458400
pgvector,1,insert_texto,-,4751,0,0.002313200
pgvector,1,insert_texto,-,4752,0,0.002376100
pgvector,1,insert_texto,-,4753,0,0.002212200
pgvector,1,insert_texto,-,4754,0,0.002273300
pgvector,1,insert_texto,-,4755,0,0.002332900
pgvector,1,insert_texto,-,4756,0,0.002579300
pgvector,1,insert_texto,-,4757,0,0.002932300
pgvector,1,insert_texto,-,4758,0,0.002651900
pgvector,1,insert_texto,-,4759,0,0.002224700
pgvector,1,insert_texto,-,4760,0,0.002580900
pgvector,1,insert_texto,-,4761,0,0.002400800
pgvector,1,insert_texto,-,4762,0,0.002306400
pgvector,1,insert_texto,-,4763,0,0.002223400
pgvector,1,insert_texto,-,4764,0,0.002574600
pgvector,1,insert_texto,-,4765,0,0.002234200
pgvector,1,insert_texto,-,4766,0,0.002139000
pgvector,1,insert_texto,-,4767,0,0.002329000
pgvector,1,insert_texto,-,4768,0,0.002349400
pgvector,1,insert_texto,-,4769,0,0.002328300
pgvector,1,insert_texto,-,4770,0,0.002283800
pgvector,1,insert_texto,-,4771,0,0.002556900
pgvector,1,insert_texto,-,4772,0,0.002353000
pgvector,1,insert_texto,-,4773,0,0.002620200
pgvector,1,insert_texto,-,4774,0,0.002726800
pgvector,1,insert_texto,-,4775,0,0.002916900
pgvector,1,insert_texto,-,4776,0,0.002968800
pgvector,1,insert_texto,-,4777,0,0.003153500
pgvector,1,insert_texto,-,4778,0,0.003083200
pgvector,1,insert_texto,-,4779,0,0.003056000
pgvector,1,insert_texto,-,4780,0,0.003058100
pgvector,1,insert_texto,-,4781,0,0.002525900
pgvector,1,insert_texto,-,4782,0,0.002538100
pgvector,1,insert_texto,-,4783,0,0.002335500
pgvector,1,insert_texto,-,4784,0,0.002167600
pgvector,1,insert_texto,-,4785,0,0.002391300
pgvector,1,insert_texto,-,4786,0,0.002483900
pgvector,1,insert_texto,-,4787,0,0.002451200
pgvector,1,insert_texto,-,4788,0,0.002491800
pgvector,1,insert_texto,-,4789,0,0.002161100
pgvector,1,insert_texto,-,4790,0,0.002161100
pgvector,1,insert_texto,-,4791,0,0.002210700
pgvector,1,insert_texto,-,4792,0,0.002305600
pgvector,1,insert_texto,-,4793,0,0.002342800
pgvector,1,insert_texto,-,4794,0,0.002265100
pgvector,1,insert_texto,-,4795,0,0.002335600
pgvector,1,insert_texto,-,4796,0,0.002438200
pgvector,1,insert_texto,-,4797,0,0.002711200
pgvector,1,insert_texto,-,4798,0,0.002249500
pgvector,1,insert_texto,-,4799,0,0.002499900
pgvector,1,insert_texto,-,4800,0,0.002475700
pgvector,1,insert_texto,-,4801,0,0.002219600
pgvector,1,insert_texto,-,4802,0,0.002489000
pgvector,1,insert_texto,-,4803,0,0.002309100
pgvector,1,insert_texto,-,4804,0,0.002287700
pgvector,1,insert_texto,-,4805,0,0.002504000
pgvector,1,insert_texto,-,4806,0,0.002333800
pgvector,1,insert_texto,-,4807,0,0.002435200
pgvector,1,insert_texto,-,4808,0,0.002443200
pgvector,1,insert_texto,-,4809,0,0.002460500
pgvector,1,insert_texto,-,4810,0,0.002650500
pgvector,1,insert_texto,-,4811,0,0.002434000
pgvector,1,insert_texto,-,4812,0,0.002591500
pgvector,1,insert_texto,-,4813,0,0.002407900
pgvector,1,insert_texto,-,4814,0,0.002287300
pgvector,1,insert_texto,-,4815,0,0.002251300
pgvector,1,insert_texto,-,4816,0,0.002208300
pgvector,1,insert_texto,-,4817,0,0.002297400
pgvector,1,insert_texto,-,4818,0,0.002444000
pgvector,1,insert_texto,-,4819,0,0.002596600
pgvector,1,insert_texto,-,4820,0,0.002291300
pgvector,1,insert_texto,-,4821,0,0.002342300
pgvector,1,insert_texto,-,4822,0,0.002246400
pgvector,1,insert_texto,-,4823,0,0.002591500
pgvector,1,insert_texto,-,4824,0,0.002424700
pgvector,1,insert_texto,-,4825,0,0.002443900
pgvector,1,insert_texto,-,4826,0,0.002328600
pgvector,1,insert_texto,-,4827,0,0.002291000
pgvector,1,insert_texto,-,4828,0,0.002514900
pgvector,1,insert_texto,-,4829,0,0.002199800
pgvector,1,insert_texto,-,4830,0,0.002776100
pgvector,1,insert_texto,-,4831,0,0.002264500
pgvector,1,insert_texto,-,4832,0,0.002409300
pgvector,1,insert_texto,-,4833,0,0.002427400
pgvector,1,insert_texto,-,4834,0,0.002433300
pgvector,1,insert_texto,-,4835,0,0.002539300
pgvector,1,insert_texto,-,4836,0,0.002348300
pgvector,1,insert_texto,-,4837,0,0.002312700
pgvector,1,insert_texto,-,4838,0,0.002467000
pgvector,1,insert_texto,-,4839,0,0.002349400
pgvector,1,insert_texto,-,4840,0,0.002479600
pgvector,1,insert_texto,-,4841,0,0.002376900
pgvector,1,insert_texto,-,4842,0,0.002330200
pgvector,1,insert_texto,-,4843,0,0.002416300
pgvector,1,insert_texto,-,4844,0,0.002220500
pgvector,1,insert_texto,-,4845,0,0.002547400
pgvector,1,insert_texto,-,4846,0,0.002344700
pgvector,1,insert_texto,-,4847,0,0.002243500
pgvector,1,insert_texto,-,4848,0,0.002288300
pgvector,1,insert_texto,-,4849,0,0.002193200
pgvector,1,insert_texto,-,4850,0,0.002286200
pgvector,1,insert_texto,-,4851,0,0.002278100
pgvector,1,insert_texto,-,4852,0,0.002375200
pgvector,1,insert_texto,-,4853,0,0.002214500
pgvector,1,insert_texto,-,4854,0,0.002200500
pgvector,1,insert_texto,-,4855,0,0.002170600
pgvector,1,insert_texto,-,4856,0,0.002261600
pgvector,1,insert_texto,-,4857,0,0.002465900
pgvector,1,insert_texto,-,4858,0,0.002239500
pgvector,1,insert_texto,-,4859,0,0.002391300
pgvector,1,insert_texto,-,4860,0,0.002249000
pgvector,1,insert_texto,-,4861,0,0.002258000
pgvector,1,insert_texto,-,4862,0,0.002438800
pgvector,1,insert_texto,-,4863,0,0.002100900
pgvector,1,insert_texto,-,4864,0,0.002158700
pgvector,1,insert_texto,-,4865,0,0.002100900
pgvector,1,insert_texto,-,4866,0,0.002899100
pgvector,1,insert_texto,-,4867,0,0.002231100
pgvector,1,insert_texto,-,4868,0,0.002503500
pgvector,1,insert_texto,-,4869,0,0.002558200
pgvector,1,insert_texto,-,4870,0,0.003196900
pgvector,1,insert_texto,-,4871,0,0.002955100
pgvector,1,insert_texto,-,4872,0,0.003155100
pgvector,1,insert_texto,-,4873,0,0.002879100
pgvector,1,insert_texto,-,4874,0,0.003038400
pgvector,1,insert_texto,-,4875,0,0.002624800
pgvector,1,insert_texto,-,4876,0,0.002492300
pgvector,1,insert_texto,-,4877,0,0.002356100
pgvector,1,insert_texto,-,4878,0,0.002284600
pgvector,1,insert_texto,-,4879,0,0.002427600
pgvector,1,insert_texto,-,4880,0,0.002185400
pgvector,1,insert_texto,-,4881,0,0.002634900
pgvector,1,insert_texto,-,4882,0,0.002237800
pgvector,1,insert_texto,-,4883,0,0.002241700
pgvector,1,insert_texto,-,4884,0,0.002544000
pgvector,1,insert_texto,-,4885,0,0.002440500
pgvector,1,insert_texto,-,4886,0,0.002815300
pgvector,1,insert_texto,-,4887,0,0.002388200
pgvector,1,insert_texto,-,4888,0,0.002196100
pgvector,1,insert_texto,-,4889,0,0.002366500
pgvector,1,insert_texto,-,4890,0,0.002208000
pgvector,1,insert_texto,-,4891,0,0.002294900
pgvector,1,insert_texto,-,4892,0,0.002369500
pgvector,1,insert_texto,-,4893,0,0.002310300
pgvector,1,insert_texto,-,4894,0,0.002519600
pgvector,1,insert_texto,-,4895,0,0.002276400
pgvector,1,insert_texto,-,4896,0,0.002450600
pgvector,1,insert_texto,-,4897,0,0.002257200
pgvector,1,insert_texto,-,4898,0,0.002281500
pgvector,1,insert_texto,-,4899,0,0.002326900
pgvector,1,insert_texto,-,4900,0,0.002444700
pgvector,1,insert_texto,-,4901,0,0.002355300
pgvector,1,insert_texto,-,4902,0,0.002319100
pgvector,1,insert_texto,-,4903,0,0.002285000
pgvector,1,insert_texto,-,4904,0,0.002291000
pgvector,1,insert_texto,-,4905,0,0.002524000
pgvector,1,insert_texto,-,4906,0,0.002690500
pgvector,1,insert_texto,-,4907,0,0.002293300
pgvector,1,insert_texto,-,4908,0,0.002385900
pgvector,1,insert_texto,-,4909,0,0.002400800
pgvector,1,insert_texto,-,4910,0,0.002328400
pgvector,1,insert_texto,-,4911,0,0.002471900
pgvector,1,insert_texto,-,4912,0,0.002552700
pgvector,1,insert_texto,-,4913,0,0.002574800
pgvector,1,insert_texto,-,4914,0,0.002364000
pgvector,1,insert_texto,-,4915,0,0.002225400
pgvector,1,insert_texto,-,4916,0,0.002302800
pgvector,1,insert_texto,-,4917,0,0.002441300
pgvector,1,insert_texto,-,4918,0,0.002318700
pgvector,1,insert_texto,-,4919,0,0.002642800
pgvector,1,insert_texto,-,4920,0,0.002212500
pgvector,1,insert_texto,-,4921,0,0.002332700
pgvector,1,insert_texto,-,4922,0,0.002326900
pgvector,1,insert_texto,-,4923,0,0.002257300
pgvector,1,insert_texto,-,4924,0,0.002473100
pgvector,1,insert_texto,-,4925,0,0.002216400
pgvector,1,insert_texto,-,4926,0,0.002290400
pgvector,1,insert_texto,-,4927,0,0.002267100
pgvector,1,insert_texto,-,4928,0,0.002329300
pgvector,1,insert_texto,-,4929,0,0.002290800
pgvector,1,insert_texto,-,4930,0,0.002647300
pgvector,1,insert_texto,-,4931,0,0.002869200
pgvector,1,insert_texto,-,4932,0,0.002319900
pgvector,1,insert_texto,-,4933,0,0.002448900
pgvector,1,insert_texto,-,4934,0,0.002445200
pgvector,1,insert_texto,-,4935,0,0.002753500
pgvector,1,insert_texto,-,4936,0,0.002381500
pgvector,1,insert_texto,-,4937,0,0.002372200
pgvector,1,insert_texto,-,4938,0,0.003282400
pgvector,1,insert_texto,-,4939,0,0.002614300
pgvector,1,insert_texto,-,4940,0,0.002418100
pgvector,1,insert_texto,-,4941,0,0.002415400
pgvector,1,insert_texto,-,4942,0,0.002435900
pgvector,1,insert_texto,-,4943,0,0.002586800
pgvector,1,insert_texto,-,4944,0,0.002499400
pgvector,1,insert_texto,-,4945,0,0.002264900
pgvector,1,insert_texto,-,4946,0,0.002296200
pgvector,1,insert_texto,-,4947,0,0.002311800
pgvector,1,insert_texto,-,4948,0,0.002266800
pgvector,1,insert_texto,-,4949,0,0.002349100
pgvector,1,insert_texto,-,4950,0,0.002402600
pgvector,1,insert_texto,-,4951,0,0.002217400
pgvector,1,insert_texto,-,4952,0,0.002339100
pgvector,1,insert_texto,-,4953,0,0.002335900
pgvector,1,insert_texto,-,4954,0,0.002408300
pgvector,1,insert_texto,-,4955,0,0.002565500
pgvector,1,insert_texto,-,4956,0,0.002344600
pgvector,1,insert_texto,-,4957,0,0.002299500
pgvector,1,insert_texto,-,4958,0,0.002292600
pgvector,1,insert_texto,-,4959,0,0.002274100
pgvector,1,insert_texto,-,4960,0,0.002307900
pgvector,1,insert_texto,-,4961,0,0.002606000
pgvector,1,insert_texto,-,4962,0,0.002429000
pgvector,1,insert_texto,-,4963,0,0.002846100
pgvector,1,insert_texto,-,4964,0,0.002723600
pgvector,1,insert_texto,-,4965,0,0.002730900
pgvector,1,insert_texto,-,4966,0,0.002881000
pgvector,1,insert_texto,-,4967,0,0.002663700
pgvector,1,insert_texto,-,4968,0,0.002731400
pgvector,1,insert_texto,-,4969,0,0.002914200
pgvector,1,insert_texto,-,4970,0,0.002818600
pgvector,1,insert_texto,-,4971,0,0.002679600
pgvector,1,insert_texto,-,4972,0,0.002174200
pgvector,1,insert_texto,-,4973,0,0.002216000
pgvector,1,insert_texto,-,4974,0,0.002389500
pgvector,1,insert_texto,-,4975,0,0.002626000
pgvector,1,insert_texto,-,4976,0,0.002393200
pgvector,1,insert_texto,-,4977,0,0.002455400
pgvector,1,insert_texto,-,4978,0,0.002307000
pgvector,1,insert_texto,-,4979,0,0.002568900
pgvector,1,insert_texto,-,4980,0,0.002357100
pgvector,1,insert_texto,-,4981,0,0.002305800
pgvector,1,insert_texto,-,4982,0,0.002419800
pgvector,1,insert_texto,-,4983,0,0.002229800
pgvector,1,insert_texto,-,4984,0,0.002324200
pgvector,1,insert_texto,-,4985,0,0.002285700
pgvector,1,insert_texto,-,4986,0,0.002544600
pgvector,1,insert_texto,-,4987,0,0.002502100
pgvector,1,insert_texto,-,4988,0,0.002265200
pgvector,1,insert_texto,-,4989,0,0.002292800
pgvector,1,insert_texto,-,4990,0,0.002276300
pgvector,1,insert_texto,-,4991,0,0.002319500
pgvector,1,insert_texto,-,4992,0,0.002389400
pgvector,1,insert_texto,-,4993,0,0.002262500
pgvector,1,insert_texto,-,4994,0,0.002392400
pgvector,1,insert_texto,-,4995,0,0.002346000
pgvector,1,insert_texto,-,4996,0,0.002300000
pgvector,1,insert_texto,-,4997,0,0.002437900
pgvector,1,insert_texto,-,4998,0,0.002169300
pgvector,1,insert_texto,-,4999,0,0.002672900
pgvector,1,insert_texto,-,5000,0,0.002455300
pgvector,1,insert_texto,-,5001,0,0.002349400
pgvector,1,insert_texto,-,5002,0,0.002329500
pgvector,1,insert_texto,-,5003,0,0.002440500
pgvector,1,insert_texto,-,5004,0,0.002347100
pgvector,1,insert_texto,-,5005,0,0.002160500
pgvector,1,insert_texto,-,5006,0,0.002448500
pgvector,1,insert_texto,-,5007,0,0.002498400
pgvector,1,insert_texto,-,5008,0,0.002317200
pgvector,1,insert_texto,-,5009,0,0.002347700
pgvector,1,insert_texto,-,5010,0,0.002120700
pgvector,1,insert_texto,-,5011,0,0.002291800
pgvector,1,insert_texto,-,5012,0,0.002323400
pgvector,1,insert_texto,-,5013,0,0.002298000
pgvector,1,insert_texto,-,5014,0,0.002268700
pgvector,1,insert_texto,-,5015,0,0.002163900
pgvector,1,insert_texto,-,5016,0,0.002185800
pgvector,1,insert_texto,-,5017,0,0.002197600
pgvector,1,insert_texto,-,5018,0,0.002296500
pgvector,1,insert_texto,-,5019,0,0.002286100
pgvector,1,insert_texto,-,5020,0,0.002241900
pgvector,1,insert_texto,-,5021,0,0.002267600
pgvector,1,insert_texto,-,5022,0,0.002312000
pgvector,1,insert_texto,-,5023,0,0.002497500
pgvector,1,insert_texto,-,5024,0,0.002562000
pgvector,1,insert_texto,-,5025,0,0.002384200
pgvector,1,insert_texto,-,5026,0,0.002459000
pgvector,1,insert_texto,-,5027,0,0.002404200
pgvector,1,insert_texto,-,5028,0,0.002512400
pgvector,1,insert_texto,-,5029,0,0.002232800
pgvector,1,insert_texto,-,5030,0,0.002353200
pgvector,1,insert_texto,-,5031,0,0.002487000
pgvector,1,insert_texto,-,5032,0,0.002490200
pgvector,1,insert_texto,-,5033,0,0.002745800
pgvector,1,insert_texto,-,5034,0,0.002434100
pgvector,1,insert_texto,-,5035,0,0.002305600
pgvector,1,insert_texto,-,5036,0,0.002659600
pgvector,1,insert_texto,-,5037,0,0.002597400
pgvector,1,insert_texto,-,5038,0,0.002732800
pgvector,1,insert_texto,-,5039,0,0.002543600
pgvector,1,insert_texto,-,5040,0,0.002526200
pgvector,1,insert_texto,-,5041,0,0.002596200
pgvector,1,insert_texto,-,5042,0,0.002847800
pgvector,1,insert_texto,-,5043,0,0.002463500
pgvector,1,insert_texto,-,5044,0,0.002582800
pgvector,1,insert_texto,-,5045,0,0.002556900
pgvector,1,insert_texto,-,5046,0,0.002445400
pgvector,1,insert_texto,-,5047,0,0.002451200
pgvector,1,insert_texto,-,5048,0,0.002355700
pgvector,1,insert_texto,-,5049,0,0.002353700
pgvector,1,insert_texto,-,5050,0,0.002340200
pgvector,1,insert_texto,-,5051,0,0.002540200
pgvector,1,insert_texto,-,5052,0,0.002411100
pgvector,1,insert_texto,-,5053,0,0.002322200
pgvector,1,insert_texto,-,5054,0,0.002378300
pgvector,1,insert_texto,-,5055,0,0.002552400
pgvector,1,insert_texto,-,5056,0,0.002515100
pgvector,1,insert_texto,-,5057,0,0.002345500
pgvector,1,insert_texto,-,5058,0,0.002732700
pgvector,1,insert_texto,-,5059,0,0.003041200
pgvector,1,insert_texto,-,5060,0,0.002867100
pgvector,1,insert_texto,-,5061,0,0.002926600
pgvector,1,insert_texto,-,5062,0,0.003192200
pgvector,1,insert_texto,-,5063,0,0.002920100
pgvector,1,insert_texto,-,5064,0,0.002833800
pgvector,1,insert_texto,-,5065,0,0.003312600
pgvector,1,insert_texto,-,5066,0,0.002583100
pgvector,1,insert_texto,-,5067,0,0.002637800
pgvector,1,insert_texto,-,5068,0,0.002863700
pgvector,1,insert_texto,-,5069,0,0.002770400
pgvector,1,insert_texto,-,5070,0,0.002699700
pgvector,1,insert_texto,-,5071,0,0.002648400
pgvector,1,insert_texto,-,5072,0,0.002595600
pgvector,1,insert_texto,-,5073,0,0.002605300
pgvector,1,insert_texto,-,5074,0,0.002738000
pgvector,1,insert_texto,-,5075,0,0.002636300
pgvector,1,insert_texto,-,5076,0,0.002551800
pgvector,1,insert_texto,-,5077,0,0.002905100
pgvector,1,insert_texto,-,5078,0,0.002826500
pgvector,1,insert_texto,-,5079,0,0.002577700
pgvector,1,insert_texto,-,5080,0,0.002858700
pgvector,1,insert_texto,-,5081,0,0.002750500
pgvector,1,insert_texto,-,5082,0,0.002518900
pgvector,1,insert_texto,-,5083,0,0.002525300
pgvector,1,insert_texto,-,5084,0,0.002630500
pgvector,1,insert_texto,-,5085,0,0.002635500
pgvector,1,insert_texto,-,5086,0,0.002702800
pgvector,1,insert_texto,-,5087,0,0.002763300
pgvector,1,insert_texto,-,5088,0,0.002721600
pgvector,1,insert_texto,-,5089,0,0.002484200
pgvector,1,insert_texto,-,5090,0,0.002765200
pgvector,1,insert_texto,-,5091,0,0.002721900
pgvector,1,insert_texto,-,5092,0,0.002851100
pgvector,1,insert_texto,-,5093,0,0.002731700
pgvector,1,insert_texto,-,5094,0,0.002808800
pgvector,1,insert_texto,-,5095,0,0.002769500
pgvector,1,insert_texto,-,5096,0,0.002767200
pgvector,1,insert_texto,-,5097,0,0.002715100
pgvector,1,insert_texto,-,5098,0,0.002686100
pgvector,1,insert_texto,-,5099,0,0.002572400
pgvector,1,insert_texto,-,5100,0,0.002614400
pgvector,1,insert_texto,-,5101,0,0.002698100
pgvector,1,insert_texto,-,5102,0,0.002604600
pgvector,1,insert_texto,-,5103,0,0.002658400
pgvector,1,insert_texto,-,5104,0,0.002754100
pgvector,1,insert_texto,-,5105,0,0.002761700
pgvector,1,insert_texto,-,5106,0,0.002860100
pgvector,1,insert_texto,-,5107,0,0.002719400
pgvector,1,insert_texto,-,5108,0,0.002535900
pgvector,1,insert_texto,-,5109,0,0.002807800
pgvector,1,insert_texto,-,5110,0,0.002600000
pgvector,1,insert_texto,-,5111,0,0.002562200
pgvector,1,insert_texto,-,5112,0,0.002573600
pgvector,1,insert_texto,-,5113,0,0.002386700
pgvector,1,insert_texto,-,5114,0,0.002613300
pgvector,1,insert_texto,-,5115,0,0.002679300
pgvector,1,insert_texto,-,5116,0,0.002504400
pgvector,1,insert_texto,-,5117,0,0.002510800
pgvector,1,insert_texto,-,5118,0,0.002595300
pgvector,1,insert_texto,-,5119,0,0.002484600
pgvector,1,insert_texto,-,5120,0,0.002624400
pgvector,1,insert_texto,-,5121,0,0.002625900
pgvector,1,insert_texto,-,5122,0,0.002632400
pgvector,1,insert_texto,-,5123,0,0.002673500
pgvector,1,insert_texto,-,5124,0,0.002631100
pgvector,1,insert_texto,-,5125,0,0.002652400
pgvector,1,insert_texto,-,5126,0,0.002782400
pgvector,1,insert_texto,-,5127,0,0.002674900
pgvector,1,insert_texto,-,5128,0,0.002540700
pgvector,1,insert_texto,-,5129,0,0.002523000
pgvector,1,insert_texto,-,5130,0,0.002620200
pgvector,1,insert_texto,-,5131,0,0.002553200
pgvector,1,insert_texto,-,5132,0,0.002690100
pgvector,1,insert_texto,-,5133,0,0.002537900
pgvector,1,insert_texto,-,5134,0,0.002559200
pgvector,1,insert_texto,-,5135,0,0.002583300
pgvector,1,insert_texto,-,5136,0,0.002654500
pgvector,1,insert_texto,-,5137,0,0.002836900
pgvector,1,insert_texto,-,5138,0,0.002647500
pgvector,1,insert_texto,-,5139,0,0.002503100
pgvector,1,insert_texto,-,5140,0,0.002503600
pgvector,1,insert_texto,-,5141,0,0.002564600
pgvector,1,insert_texto,-,5142,0,0.002819100
pgvector,1,insert_texto,-,5143,0,0.002694100
pgvector,1,insert_texto,-,5144,0,0.002649000
pgvector,1,insert_texto,-,5145,0,0.002815200
pgvector,1,insert_texto,-,5146,0,0.002601300
pgvector,1,insert_texto,-,5147,0,0.002611900
pgvector,1,insert_texto,-,5148,0,0.002572600
pgvector,1,insert_texto,-,5149,0,0.002639400
pgvector,1,insert_texto,-,5150,0,0.002685700
pgvector,1,insert_texto,-,5151,0,0.002518600
pgvector,1,insert_texto,-,5152,0,0.002549400
pgvector,1,insert_texto,-,5153,0,0.002874500
pgvector,1,insert_texto,-,5154,0,0.002844500
pgvector,1,insert_texto,-,5155,0,0.003033300
pgvector,1,insert_texto,-,5156,0,0.003311300
pgvector,1,insert_texto,-,5157,0,0.003251200
pgvector,1,insert_texto,-,5158,0,0.003138800
pgvector,1,insert_texto,-,5159,0,0.003507500
pgvector,1,insert_texto,-,5160,0,0.002938400
pgvector,1,insert_texto,-,5161,0,0.002851400
pgvector,1,insert_texto,-,5162,0,0.002763700
pgvector,1,insert_texto,-,5163,0,0.002663500
pgvector,1,insert_texto,-,5164,0,0.002590400
pgvector,1,insert_texto,-,5165,0,0.002729500
pgvector,1,insert_texto,-,5166,0,0.002723300
pgvector,1,insert_texto,-,5167,0,0.002549400
pgvector,1,insert_texto,-,5168,0,0.002673400
pgvector,1,insert_texto,-,5169,0,0.002824900
pgvector,1,insert_texto,-,5170,0,0.002608200
pgvector,1,insert_texto,-,5171,0,0.002824100
pgvector,1,insert_texto,-,5172,0,0.002816900
pgvector,1,insert_texto,-,5173,0,0.002648200
pgvector,1,insert_texto,-,5174,0,0.002593000
pgvector,1,insert_texto,-,5175,0,0.002554100
pgvector,1,insert_texto,-,5176,0,0.002710600
pgvector,1,insert_texto,-,5177,0,0.002725200
pgvector,1,insert_texto,-,5178,0,0.002563900
pgvector,1,insert_texto,-,5179,0,0.002802600
pgvector,1,insert_texto,-,5180,0,0.002905600
pgvector,1,insert_texto,-,5181,0,0.002606600
pgvector,1,insert_texto,-,5182,0,0.002540200
pgvector,1,insert_texto,-,5183,0,0.002937000
pgvector,1,insert_texto,-,5184,0,0.002819100
pgvector,1,insert_texto,-,5185,0,0.002667400
pgvector,1,insert_texto,-,5186,0,0.002669300
pgvector,1,insert_texto,-,5187,0,0.002548400
pgvector,1,insert_texto,-,5188,0,0.002575100
pgvector,1,insert_texto,-,5189,0,0.002933500
pgvector,1,insert_texto,-,5190,0,0.002637400
pgvector,1,insert_texto,-,5191,0,0.002712000
pgvector,1,insert_texto,-,5192,0,0.002636600
pgvector,1,insert_texto,-,5193,0,0.002564200
pgvector,1,insert_texto,-,5194,0,0.002759800
pgvector,1,insert_texto,-,5195,0,0.002790000
pgvector,1,insert_texto,-,5196,0,0.002446000
pgvector,1,insert_texto,-,5197,0,0.002433400
pgvector,1,insert_texto,-,5198,0,0.002538900
pgvector,1,insert_texto,-,5199,0,0.002545900
pgvector,1,insert_texto,-,5200,0,0.002539400
pgvector,1,insert_texto,-,5201,0,0.002771800
pgvector,1,insert_texto,-,5202,0,0.002496800
pgvector,1,insert_texto,-,5203,0,0.002522800
pgvector,1,insert_texto,-,5204,0,0.002540700
pgvector,1,insert_texto,-,5205,0,0.002435700
pgvector,1,insert_texto,-,5206,0,0.002505300
pgvector,1,insert_texto,-,5207,0,0.002646000
pgvector,1,insert_texto,-,5208,0,0.002725100
pgvector,1,insert_texto,-,5209,0,0.002661700
pgvector,1,insert_texto,-,5210,0,0.002679700
pgvector,1,insert_texto,-,5211,0,0.002569700
pgvector,1,insert_texto,-,5212,0,0.002745300
pgvector,1,insert_texto,-,5213,0,0.002678400
pgvector,1,insert_texto,-,5214,0,0.002724300
pgvector,1,insert_texto,-,5215,0,0.002502100
pgvector,1,insert_texto,-,5216,0,0.002720500
pgvector,1,insert_texto,-,5217,0,0.002658600
pgvector,1,insert_texto,-,5218,0,0.002680400
pgvector,1,insert_texto,-,5219,0,0.002810000
pgvector,1,insert_texto,-,5220,0,0.002563000
pgvector,1,insert_texto,-,5221,0,0.002549200
pgvector,1,insert_texto,-,5222,0,0.002877800
pgvector,1,insert_texto,-,5223,0,0.002543100
pgvector,1,insert_texto,-,5224,0,0.002569000
pgvector,1,insert_texto,-,5225,0,0.002756300
pgvector,1,insert_texto,-,5226,0,0.002666400
pgvector,1,insert_texto,-,5227,0,0.002516000
pgvector,1,insert_texto,-,5228,0,0.002611400
pgvector,1,insert_texto,-,5229,0,0.002756500
pgvector,1,insert_texto,-,5230,0,0.002582000
pgvector,1,insert_texto,-,5231,0,0.002642900
pgvector,1,insert_texto,-,5232,0,0.002502500
pgvector,1,insert_texto,-,5233,0,0.002464100
pgvector,1,insert_texto,-,5234,0,0.002542500
pgvector,1,insert_texto,-,5235,0,0.002419500
pgvector,1,insert_texto,-,5236,0,0.002589600
pgvector,1,insert_texto,-,5237,0,0.002418600
pgvector,1,insert_texto,-,5238,0,0.002584800
pgvector,1,insert_texto,-,5239,0,0.002565800
pgvector,1,insert_texto,-,5240,0,0.002532100
pgvector,1,insert_texto,-,5241,0,0.002610900
pgvector,1,insert_texto,-,5242,0,0.002631600
pgvector,1,insert_texto,-,5243,0,0.002625200
pgvector,1,insert_texto,-,5244,0,0.002541400
pgvector,1,insert_texto,-,5245,0,0.002583000
pgvector,1,insert_texto,-,5246,0,0.002654200
pgvector,1,insert_texto,-,5247,0,0.002590500
pgvector,1,insert_texto,-,5248,0,0.002935000
pgvector,1,insert_texto,-,5249,0,0.003396300
pgvector,1,insert_texto,-,5250,0,0.002929200
pgvector,1,insert_texto,-,5251,0,0.003176500
pgvector,1,insert_texto,-,5252,0,0.003260200
pgvector,1,insert_texto,-,5253,0,0.002810100
pgvector,1,insert_texto,-,5254,0,0.002968100
pgvector,1,insert_texto,-,5255,0,0.002912100
pgvector,1,insert_texto,-,5256,0,0.002872700
pgvector,1,insert_texto,-,5257,0,0.002737700
pgvector,1,insert_texto,-,5258,0,0.002744500
pgvector,1,insert_texto,-,5259,0,0.002729600
pgvector,1,insert_texto,-,5260,0,0.003009400
pgvector,1,insert_texto,-,5261,0,0.002727600
pgvector,1,insert_texto,-,5262,0,0.002631300
pgvector,1,insert_texto,-,5263,0,0.002611200
pgvector,1,insert_texto,-,5264,0,0.002725700
pgvector,1,insert_texto,-,5265,0,0.002767600
pgvector,1,insert_texto,-,5266,0,0.003028900
pgvector,1,insert_texto,-,5267,0,0.002590300
pgvector,1,insert_texto,-,5268,0,0.002672100
pgvector,1,insert_texto,-,5269,0,0.002689600
pgvector,1,insert_texto,-,5270,0,0.002762700
pgvector,1,insert_texto,-,5271,0,0.002774900
pgvector,1,insert_texto,-,5272,0,0.002716600
pgvector,1,insert_texto,-,5273,0,0.002834400
pgvector,1,insert_texto,-,5274,0,0.002644600
pgvector,1,insert_texto,-,5275,0,0.002805600
pgvector,1,insert_texto,-,5276,0,0.002695500
pgvector,1,insert_texto,-,5277,0,0.002968900
pgvector,1,insert_texto,-,5278,0,0.002618600
pgvector,1,insert_texto,-,5279,0,0.002814000
pgvector,1,insert_texto,-,5280,0,0.002753200
pgvector,1,insert_texto,-,5281,0,0.002678100
pgvector,1,insert_texto,-,5282,0,0.002731600
pgvector,1,insert_texto,-,5283,0,0.003029600
pgvector,1,insert_texto,-,5284,0,0.002926400
pgvector,1,insert_texto,-,5285,0,0.002843900
pgvector,1,insert_texto,-,5286,0,0.002756700
pgvector,1,insert_texto,-,5287,0,0.002507200
pgvector,1,insert_texto,-,5288,0,0.002870100
pgvector,1,insert_texto,-,5289,0,0.002708300
pgvector,1,insert_texto,-,5290,0,0.002818400
pgvector,1,insert_texto,-,5291,0,0.002770800
pgvector,1,insert_texto,-,5292,0,0.002686100
pgvector,1,insert_texto,-,5293,0,0.002895400
pgvector,1,insert_texto,-,5294,0,0.002985600
pgvector,1,insert_texto,-,5295,0,0.002687500
pgvector,1,insert_texto,-,5296,0,0.002771400
pgvector,1,insert_texto,-,5297,0,0.002663700
pgvector,1,insert_texto,-,5298,0,0.002882900
pgvector,1,insert_texto,-,5299,0,0.002964000
pgvector,1,insert_texto,-,5300,0,0.002913000
pgvector,1,insert_texto,-,5301,0,0.002602400
pgvector,1,insert_texto,-,5302,0,0.002761900
pgvector,1,insert_texto,-,5303,0,0.002871200
pgvector,1,insert_texto,-,5304,0,0.002845800
pgvector,1,insert_texto,-,5305,0,0.002749800
pgvector,1,insert_texto,-,5306,0,0.002877100
pgvector,1,insert_texto,-,5307,0,0.002646900
pgvector,1,insert_texto,-,5308,0,0.002541800
pgvector,1,insert_texto,-,5309,0,0.002729400
pgvector,1,insert_texto,-,5310,0,0.002585100
pgvector,1,insert_texto,-,5311,0,0.002808100
pgvector,1,insert_texto,-,5312,0,0.002824600
pgvector,1,insert_texto,-,5313,0,0.002742000
pgvector,1,insert_texto,-,5314,0,0.002795600
pgvector,1,insert_texto,-,5315,0,0.002676100
pgvector,1,insert_texto,-,5316,0,0.002769800
pgvector,1,insert_texto,-,5317,0,0.002664300
pgvector,1,insert_texto,-,5318,0,0.003493200
pgvector,1,insert_texto,-,5319,0,0.003267700
pgvector,1,insert_texto,-,5320,0,0.002889200
pgvector,1,insert_texto,-,5321,0,0.002526100
pgvector,1,insert_texto,-,5322,0,0.002617800
pgvector,1,insert_texto,-,5323,0,0.002430300
pgvector,1,insert_texto,-,5324,0,0.002303000
pgvector,1,insert_texto,-,5325,0,0.002553700
pgvector,1,insert_texto,-,5326,0,0.002453800
pgvector,1,insert_texto,-,5327,0,0.002515500
pgvector,1,insert_texto,-,5328,0,0.002780200
pgvector,1,insert_texto,-,5329,0,0.002680000
pgvector,1,insert_texto,-,5330,0,0.002491100
pgvector,1,insert_texto,-,5331,0,0.002650900
pgvector,1,insert_texto,-,5332,0,0.002516100
pgvector,1,insert_texto,-,5333,0,0.002466700
pgvector,1,insert_texto,-,5334,0,0.002414000
pgvector,1,insert_texto,-,5335,0,0.002579900
pgvector,1,insert_texto,-,5336,0,0.002525500
pgvector,1,insert_texto,-,5337,0,0.002575900
pgvector,1,insert_texto,-,5338,0,0.002566400
pgvector,1,insert_texto,-,5339,0,0.002489000
pgvector,1,insert_texto,-,5340,0,0.002474100
pgvector,1,insert_texto,-,5341,0,0.002934800
pgvector,1,insert_texto,-,5342,0,0.002652200
pgvector,1,insert_texto,-,5343,0,0.002869000
pgvector,1,insert_texto,-,5344,0,0.002896700
pgvector,1,insert_texto,-,5345,0,0.003063900
pgvector,1,insert_texto,-,5346,0,0.002962500
pgvector,1,insert_texto,-,5347,0,0.002829400
pgvector,1,insert_texto,-,5348,0,0.003378500
pgvector,1,insert_texto,-,5349,0,0.003191600
pgvector,1,insert_texto,-,5350,0,0.002881200
pgvector,1,insert_texto,-,5351,0,0.002533300
pgvector,1,insert_texto,-,5352,0,0.002385300
pgvector,1,insert_texto,-,5353,0,0.002585500
pgvector,1,insert_texto,-,5354,0,0.002394400
pgvector,1,insert_texto,-,5355,0,0.002595800
pgvector,1,insert_texto,-,5356,0,0.002548700
pgvector,1,insert_texto,-,5357,0,0.002373000
pgvector,1,insert_texto,-,5358,0,0.002609600
pgvector,1,insert_texto,-,5359,0,0.002574900
pgvector,1,insert_texto,-,5360,0,0.002419700
pgvector,1,insert_texto,-,5361,0,0.002626300
pgvector,1,insert_texto,-,5362,0,0.002482800
pgvector,1,insert_texto,-,5363,0,0.002598600
pgvector,1,insert_texto,-,5364,0,0.002922200
pgvector,1,insert_texto,-,5365,0,0.002452100
pgvector,1,insert_texto,-,5366,0,0.002586700
pgvector,1,insert_texto,-,5367,0,0.002662000
pgvector,1,insert_texto,-,5368,0,0.002698800
pgvector,1,insert_texto,-,5369,0,0.002611500
pgvector,1,insert_texto,-,5370,0,0.002697200
pgvector,1,insert_texto,-,5371,0,0.002500800
pgvector,1,insert_texto,-,5372,0,0.002446300
pgvector,1,insert_texto,-,5373,0,0.002741700
pgvector,1,insert_texto,-,5374,0,0.002676600
pgvector,1,insert_texto,-,5375,0,0.002516500
pgvector,1,insert_texto,-,5376,0,0.003052500
pgvector,1,insert_texto,-,5377,0,0.002560800
pgvector,1,insert_texto,-,5378,0,0.002682900
pgvector,1,insert_texto,-,5379,0,0.002610300
pgvector,1,insert_texto,-,5380,0,0.002637200
pgvector,1,insert_texto,-,5381,0,0.002505200
pgvector,1,insert_texto,-,5382,0,0.002568400
pgvector,1,insert_texto,-,5383,0,0.002831800
pgvector,1,insert_texto,-,5384,0,0.002519200
pgvector,1,insert_texto,-,5385,0,0.002664200
pgvector,1,insert_texto,-,5386,0,0.002747500
pgvector,1,insert_texto,-,5387,0,0.002544900
pgvector,1,insert_texto,-,5388,0,0.002538800
pgvector,1,insert_texto,-,5389,0,0.002879400
pgvector,1,insert_texto,-,5390,0,0.002732700
pgvector,1,insert_texto,-,5391,0,0.002733300
pgvector,1,insert_texto,-,5392,0,0.002661200
pgvector,1,insert_texto,-,5393,0,0.002729100
pgvector,1,insert_texto,-,5394,0,0.002686300
pgvector,1,insert_texto,-,5395,0,0.002510000
pgvector,1,insert_texto,-,5396,0,0.002504600
pgvector,1,insert_texto,-,5397,0,0.002833200
pgvector,1,insert_texto,-,5398,0,0.002759500
pgvector,1,insert_texto,-,5399,0,0.002647100
pgvector,1,insert_texto,-,5400,0,0.003033200
pgvector,1,insert_texto,-,5401,0,0.002581000
pgvector,1,insert_texto,-,5402,0,0.002600300
pgvector,1,insert_texto,-,5403,0,0.003065700
pgvector,1,insert_texto,-,5404,0,0.002529900
pgvector,1,insert_texto,-,5405,0,0.002731600
pgvector,1,insert_texto,-,5406,0,0.002626000
pgvector,1,insert_texto,-,5407,0,0.002648600
pgvector,1,insert_texto,-,5408,0,0.002690000
pgvector,1,insert_texto,-,5409,0,0.002783100
pgvector,1,insert_texto,-,5410,0,0.002594600
pgvector,1,insert_texto,-,5411,0,0.002417300
pgvector,1,insert_texto,-,5412,0,0.002484800
pgvector,1,insert_texto,-,5413,0,0.002645200
pgvector,1,insert_texto,-,5414,0,0.002490100
pgvector,1,insert_texto,-,5415,0,0.002717700
pgvector,1,insert_texto,-,5416,0,0.002376000
pgvector,1,insert_texto,-,5417,0,0.002424300
pgvector,1,insert_texto,-,5418,0,0.002330700
pgvector,1,insert_texto,-,5419,0,0.002329600
pgvector,1,insert_texto,-,5420,0,0.002570600
pgvector,1,insert_texto,-,5421,0,0.002430100
pgvector,1,insert_texto,-,5422,0,0.002625900
pgvector,1,insert_texto,-,5423,0,0.002585400
pgvector,1,insert_texto,-,5424,0,0.002436700
pgvector,1,insert_texto,-,5425,0,0.002429800
pgvector,1,insert_texto,-,5426,0,0.002461600
pgvector,1,insert_texto,-,5427,0,0.002909800
pgvector,1,insert_texto,-,5428,0,0.002667800
pgvector,1,insert_texto,-,5429,0,0.002498200
pgvector,1,insert_texto,-,5430,0,0.002587800
pgvector,1,insert_texto,-,5431,0,0.002506100
pgvector,1,insert_texto,-,5432,0,0.002654900
pgvector,1,insert_texto,-,5433,0,0.002423800
pgvector,1,insert_texto,-,5434,0,0.002898400
pgvector,1,insert_texto,-,5435,0,0.002578700
pgvector,1,insert_texto,-,5436,0,0.002475600
pgvector,1,insert_texto,-,5437,0,0.002869000
pgvector,1,insert_texto,-,5438,0,0.002958800
pgvector,1,insert_texto,-,5439,0,0.003356400
pgvector,1,insert_texto,-,5440,0,0.003172100
pgvector,1,insert_texto,-,5441,0,0.003131700
pgvector,1,insert_texto,-,5442,0,0.002916800
pgvector,1,insert_texto,-,5443,0,0.003054700
pgvector,1,insert_texto,-,5444,0,0.002866200
pgvector,1,insert_texto,-,5445,0,0.003331500
pgvector,1,insert_texto,-,5446,0,0.002935400
pgvector,1,insert_texto,-,5447,0,0.003111200
pgvector,1,insert_texto,-,5448,0,0.002744400
pgvector,1,insert_texto,-,5449,0,0.002824400
pgvector,1,insert_texto,-,5450,0,0.003194600
pgvector,1,insert_texto,-,5451,0,0.002838700
pgvector,1,insert_texto,-,5452,0,0.002620300
pgvector,1,insert_texto,-,5453,0,0.002938500
pgvector,1,insert_texto,-,5454,0,0.003181500
pgvector,1,insert_texto,-,5455,0,0.002782700
pgvector,1,insert_texto,-,5456,0,0.002860900
pgvector,1,insert_texto,-,5457,0,0.002949000
pgvector,1,insert_texto,-,5458,0,0.003091900
pgvector,1,insert_texto,-,5459,0,0.003076000
pgvector,1,insert_texto,-,5460,0,0.003232500
pgvector,1,insert_texto,-,5461,0,0.002738400
pgvector,1,insert_texto,-,5462,0,0.002839900
pgvector,1,insert_texto,-,5463,0,0.002741400
pgvector,1,insert_texto,-,5464,0,0.002725000
pgvector,1,insert_texto,-,5465,0,0.002627000
pgvector,1,insert_texto,-,5466,0,0.002784100
pgvector,1,insert_texto,-,5467,0,0.002580200
pgvector,1,insert_texto,-,5468,0,0.002655200
pgvector,1,insert_texto,-,5469,0,0.002810200
pgvector,1,insert_texto,-,5470,0,0.002585900
pgvector,1,insert_texto,-,5471,0,0.002477600
pgvector,1,insert_texto,-,5472,0,0.002390800
pgvector,1,insert_texto,-,5473,0,0.002440900
pgvector,1,insert_texto,-,5474,0,0.002414500
pgvector,1,insert_texto,-,5475,0,0.002347900
pgvector,1,insert_texto,-,5476,0,0.002495800
pgvector,1,insert_texto,-,5477,0,0.002421600
pgvector,1,insert_texto,-,5478,0,0.002448600
pgvector,1,insert_texto,-,5479,0,0.002699400
pgvector,1,insert_texto,-,5480,0,0.002383000
pgvector,1,insert_texto,-,5481,0,0.002410200
pgvector,1,insert_texto,-,5482,0,0.002377900
pgvector,1,insert_texto,-,5483,0,0.002439300
pgvector,1,insert_texto,-,5484,0,0.002514500
pgvector,1,insert_texto,-,5485,0,0.002382100
pgvector,1,insert_texto,-,5486,0,0.002429500
pgvector,1,insert_texto,-,5487,0,0.002367200
pgvector,1,insert_texto,-,5488,0,0.002407700
pgvector,1,insert_texto,-,5489,0,0.002543900
pgvector,1,insert_texto,-,5490,0,0.002434200
pgvector,1,insert_texto,-,5491,0,0.002394400
pgvector,1,insert_texto,-,5492,0,0.002671500
pgvector,1,insert_texto,-,5493,0,0.002618700
pgvector,1,insert_texto,-,5494,0,0.002575400
pgvector,1,insert_texto,-,5495,0,0.002378700
pgvector,1,insert_texto,-,5496,0,0.002458400
pgvector,1,insert_texto,-,5497,0,0.002431500
pgvector,1,insert_texto,-,5498,0,0.002479300
pgvector,1,insert_texto,-,5499,0,0.002521400
pgvector,1,insert_texto,-,5500,0,0.002552600
pgvector,1,insert_texto,-,5501,0,0.002459500
pgvector,1,insert_texto,-,5502,0,0.002488800
pgvector,1,insert_texto,-,5503,0,0.002443700
pgvector,1,insert_texto,-,5504,0,0.002464900
pgvector,1,insert_texto,-,5505,0,0.002415200
pgvector,1,insert_texto,-,5506,0,0.002402800
pgvector,1,insert_texto,-,5507,0,0.002419200
pgvector,1,insert_texto,-,5508,0,0.002451500
pgvector,1,insert_texto,-,5509,0,0.002335400
pgvector,1,insert_texto,-,5510,0,0.002243100
pgvector,1,insert_texto,-,5511,0,0.002616900
pgvector,1,insert_texto,-,5512,0,0.002360900
pgvector,1,insert_texto,-,5513,0,0.002369900
pgvector,1,insert_texto,-,5514,0,0.002331700
pgvector,1,insert_texto,-,5515,0,0.002346200
pgvector,1,insert_texto,-,5516,0,0.002580700
pgvector,1,insert_texto,-,5517,0,0.002965300
pgvector,1,insert_texto,-,5518,0,0.002562600
pgvector,1,insert_texto,-,5519,0,0.002556400
pgvector,1,insert_texto,-,5520,0,0.002689600
pgvector,1,insert_texto,-,5521,0,0.002905000
pgvector,1,insert_texto,-,5522,0,0.002548000
pgvector,1,insert_texto,-,5523,0,0.002520800
pgvector,1,insert_texto,-,5524,0,0.002397800
pgvector,1,insert_texto,-,5525,0,0.002503100
pgvector,1,insert_texto,-,5526,0,0.002371400
pgvector,1,insert_texto,-,5527,0,0.002414100
pgvector,1,insert_texto,-,5528,0,0.002617400
pgvector,1,insert_texto,-,5529,0,0.002389800
pgvector,1,insert_texto,-,5530,0,0.002551000
pgvector,1,insert_texto,-,5531,0,0.002497100
pgvector,1,insert_texto,-,5532,0,0.002366400
pgvector,1,insert_texto,-,5533,0,0.002789700
pgvector,1,insert_texto,-,5534,0,0.002927200
pgvector,1,insert_texto,-,5535,0,0.003252800
pgvector,1,insert_texto,-,5536,0,0.002906600
pgvector,1,insert_texto,-,5537,0,0.003103500
pgvector,1,insert_texto,-,5538,0,0.002890500
pgvector,1,insert_texto,-,5539,0,0.002701200
pgvector,1,insert_texto,-,5540,0,0.002911100
pgvector,1,insert_texto,-,5541,0,0.002636100
pgvector,1,insert_texto,-,5542,0,0.002326100
pgvector,1,insert_texto,-,5543,0,0.002340500
pgvector,1,insert_texto,-,5544,0,0.002442300
pgvector,1,insert_texto,-,5545,0,0.002468900
pgvector,1,insert_texto,-,5546,0,0.002720700
pgvector,1,insert_texto,-,5547,0,0.002392200
pgvector,1,insert_texto,-,5548,0,0.002394700
pgvector,1,insert_texto,-,5549,0,0.002293400
pgvector,1,insert_texto,-,5550,0,0.002313900
pgvector,1,insert_texto,-,5551,0,0.002165100
pgvector,1,insert_texto,-,5552,0,0.002164700
pgvector,1,insert_texto,-,5553,0,0.002305900
pgvector,1,insert_texto,-,5554,0,0.002389600
pgvector,1,insert_texto,-,5555,0,0.002690000
pgvector,1,insert_texto,-,5556,0,0.002792900
pgvector,1,insert_texto,-,5557,0,0.002356500
pgvector,1,insert_texto,-,5558,0,0.002661900
pgvector,1,insert_texto,-,5559,0,0.002801500
pgvector,1,insert_texto,-,5560,0,0.002632800
pgvector,1,insert_texto,-,5561,0,0.002392900
pgvector,1,insert_texto,-,5562,0,0.002665700
pgvector,1,insert_texto,-,5563,0,0.002474000
pgvector,1,insert_texto,-,5564,0,0.002447000
pgvector,1,insert_texto,-,5565,0,0.002349100
pgvector,1,insert_texto,-,5566,0,0.002376600
pgvector,1,insert_texto,-,5567,0,0.002213800
pgvector,1,insert_texto,-,5568,0,0.002506200
pgvector,1,insert_texto,-,5569,0,0.002329500
pgvector,1,insert_texto,-,5570,0,0.002356800
pgvector,1,insert_texto,-,5571,0,0.002285100
pgvector,1,insert_texto,-,5572,0,0.002292900
pgvector,1,insert_texto,-,5573,0,0.002660200
pgvector,1,insert_texto,-,5574,0,0.002780900
pgvector,1,insert_texto,-,5575,0,0.002492000
pgvector,1,insert_texto,-,5576,0,0.002249500
pgvector,1,insert_texto,-,5577,0,0.002461900
pgvector,1,insert_texto,-,5578,0,0.002413700
pgvector,1,insert_texto,-,5579,0,0.002681700
pgvector,1,insert_texto,-,5580,0,0.002556300
pgvector,1,insert_texto,-,5581,0,0.002246200
pgvector,1,insert_texto,-,5582,0,0.002296000
pgvector,1,insert_texto,-,5583,0,0.002610400
pgvector,1,insert_texto,-,5584,0,0.002549900
pgvector,1,insert_texto,-,5585,0,0.002210700
pgvector,1,insert_texto,-,5586,0,0.002345200
pgvector,1,insert_texto,-,5587,0,0.002164300
pgvector,1,insert_texto,-,5588,0,0.002176800
pgvector,1,insert_texto,-,5589,0,0.002160800
pgvector,1,insert_texto,-,5590,0,0.002485400
pgvector,1,insert_texto,-,5591,0,0.002731800
pgvector,1,insert_texto,-,5592,0,0.002402900
pgvector,1,insert_texto,-,5593,0,0.002559700
pgvector,1,insert_texto,-,5594,0,0.002399100
pgvector,1,insert_texto,-,5595,0,0.002200500
pgvector,1,insert_texto,-,5596,0,0.002422000
pgvector,1,insert_texto,-,5597,0,0.002728000
pgvector,1,insert_texto,-,5598,0,0.002602700
pgvector,1,insert_texto,-,5599,0,0.002892400
pgvector,1,insert_texto,-,5600,0,0.002761900
pgvector,1,insert_texto,-,5601,0,0.002791300
pgvector,1,insert_texto,-,5602,0,0.002960200
pgvector,1,insert_texto,-,5603,0,0.002841000
pgvector,1,insert_texto,-,5604,0,0.002686100
pgvector,1,insert_texto,-,5605,0,0.002757500
pgvector,1,insert_texto,-,5606,0,0.002833600
pgvector,1,insert_texto,-,5607,0,0.002420600
pgvector,1,insert_texto,-,5608,0,0.002253500
pgvector,1,insert_texto,-,5609,0,0.002397700
pgvector,1,insert_texto,-,5610,0,0.002228800
pgvector,1,insert_texto,-,5611,0,0.002472500
pgvector,1,insert_texto,-,5612,0,0.002345300
pgvector,1,insert_texto,-,5613,0,0.002454900
pgvector,1,insert_texto,-,5614,0,0.002512400
pgvector,1,insert_texto,-,5615,0,0.002210900
pgvector,1,insert_texto,-,5616,0,0.002373500
pgvector,1,insert_texto,-,5617,0,0.002431500
pgvector,1,insert_texto,-,5618,0,0.002426200
pgvector,1,insert_texto,-,5619,0,0.002422700
pgvector,1,insert_texto,-,5620,0,0.002176200
pgvector,1,insert_texto,-,5621,0,0.002910200
pgvector,1,insert_texto,-,5622,0,0.002749100
pgvector,1,insert_texto,-,5623,0,0.002612400
pgvector,1,insert_texto,-,5624,0,0.002414300
pgvector,1,insert_texto,-,5625,0,0.002690800
pgvector,1,insert_texto,-,5626,0,0.002270800
pgvector,1,insert_texto,-,5627,0,0.002419200
pgvector,1,insert_texto,-,5628,0,0.002784500
pgvector,1,insert_texto,-,5629,0,0.002716900
pgvector,1,insert_texto,-,5630,0,0.002661200
pgvector,1,insert_texto,-,5631,0,0.002928300
pgvector,1,insert_texto,-,5632,0,0.002521700
pgvector,1,insert_texto,-,5633,0,0.002714900
pgvector,1,insert_texto,-,5634,0,0.002905200
pgvector,1,insert_texto,-,5635,0,0.003099900
pgvector,1,insert_texto,-,5636,0,0.002369000
pgvector,1,insert_texto,-,5637,0,0.002457800
pgvector,1,insert_texto,-,5638,0,0.002490300
pgvector,1,insert_texto,-,5639,0,0.002419200
pgvector,1,insert_texto,-,5640,0,0.002710200
pgvector,1,insert_texto,-,5641,0,0.002353400
pgvector,1,insert_texto,-,5642,0,0.002473200
pgvector,1,insert_texto,-,5643,0,0.002183600
pgvector,1,insert_texto,-,5644,0,0.002299000
pgvector,1,insert_texto,-,5645,0,0.002753400
pgvector,1,insert_texto,-,5646,0,0.002368300
pgvector,1,insert_texto,-,5647,0,0.002337200
pgvector,1,insert_texto,-,5648,0,0.002298700
pgvector,1,insert_texto,-,5649,0,0.002771400
pgvector,1,insert_texto,-,5650,0,0.002397800
pgvector,1,insert_texto,-,5651,0,0.002345500
pgvector,1,insert_texto,-,5652,0,0.002463900
pgvector,1,insert_texto,-,5653,0,0.002558000
pgvector,1,insert_texto,-,5654,0,0.002338400
pgvector,1,insert_texto,-,5655,0,0.002640600
pgvector,1,insert_texto,-,5656,0,0.002312300
pgvector,1,insert_texto,-,5657,0,0.002368600
pgvector,1,insert_texto,-,5658,0,0.002572800
pgvector,1,insert_texto,-,5659,0,0.002595000
pgvector,1,insert_texto,-,5660,0,0.002626900
pgvector,1,insert_texto,-,5661,0,0.002408500
pgvector,1,insert_texto,-,5662,0,0.002355100
pgvector,1,insert_texto,-,5663,0,0.002263300
pgvector,1,insert_texto,-,5664,0,0.002192400
pgvector,1,insert_texto,-,5665,0,0.002504800
pgvector,1,insert_texto,-,5666,0,0.002338100
pgvector,1,insert_texto,-,5667,0,0.002207100
pgvector,1,insert_texto,-,5668,0,0.002400700
pgvector,1,insert_texto,-,5669,0,0.002368000
pgvector,1,insert_texto,-,5670,0,0.002325200
pgvector,1,insert_texto,-,5671,0,0.002413400
pgvector,1,insert_texto,-,5672,0,0.002309100
pgvector,1,insert_texto,-,5673,0,0.002476600
pgvector,1,insert_texto,-,5674,0,0.002339000
pgvector,1,insert_texto,-,5675,0,0.002494900
pgvector,1,insert_texto,-,5676,0,0.002242100
pgvector,1,insert_texto,-,5677,0,0.002369300
pgvector,1,insert_texto,-,5678,0,0.002525900
pgvector,1,insert_texto,-,5679,0,0.002394600
pgvector,1,insert_texto,-,5680,0,0.002382200
pgvector,1,insert_texto,-,5681,0,0.002202300
pgvector,1,insert_texto,-,5682,0,0.002523200
pgvector,1,insert_texto,-,5683,0,0.002630000
pgvector,1,insert_texto,-,5684,0,0.002265600
pgvector,1,insert_texto,-,5685,0,0.002322600
pgvector,1,insert_texto,-,5686,0,0.002289700
pgvector,1,insert_texto,-,5687,0,0.002244800
pgvector,1,insert_texto,-,5688,0,0.002569300
pgvector,1,insert_texto,-,5689,0,0.002405000
pgvector,1,insert_texto,-,5690,0,0.002442800
pgvector,1,insert_texto,-,5691,0,0.002238400
pgvector,1,insert_texto,-,5692,0,0.002351300
pgvector,1,insert_texto,-,5693,0,0.002639800
pgvector,1,insert_texto,-,5694,0,0.002356800
pgvector,1,insert_texto,-,5695,0,0.002454900
pgvector,1,insert_texto,-,5696,0,0.002347700
pgvector,1,insert_texto,-,5697,0,0.002278300
pgvector,1,insert_texto,-,5698,0,0.003108900
pgvector,1,insert_texto,-,5699,0,0.002420200
pgvector,1,insert_texto,-,5700,0,0.002240200
pgvector,1,insert_texto,-,5701,0,0.002427500
pgvector,1,insert_texto,-,5702,0,0.002429100
pgvector,1,insert_texto,-,5703,0,0.002493800
pgvector,1,insert_texto,-,5704,0,0.002435100
pgvector,1,insert_texto,-,5705,0,0.002324700
pgvector,1,insert_texto,-,5706,0,0.002447300
pgvector,1,insert_texto,-,5707,0,0.002324200
pgvector,1,insert_texto,-,5708,0,0.002441400
pgvector,1,insert_texto,-,5709,0,0.002529100
pgvector,1,insert_texto,-,5710,0,0.002318600
pgvector,1,insert_texto,-,5711,0,0.002755000
pgvector,1,insert_texto,-,5712,0,0.002465000
pgvector,1,insert_texto,-,5713,0,0.002291300
pgvector,1,insert_texto,-,5714,0,0.002602100
pgvector,1,insert_texto,-,5715,0,0.002350500
pgvector,1,insert_texto,-,5716,0,0.002592800
pgvector,1,insert_texto,-,5717,0,0.002521300
pgvector,1,insert_texto,-,5718,0,0.002419400
pgvector,1,insert_texto,-,5719,0,0.002414100
pgvector,1,insert_texto,-,5720,0,0.002384500
pgvector,1,insert_texto,-,5721,0,0.002847000
pgvector,1,insert_texto,-,5722,0,0.002715400
pgvector,1,insert_texto,-,5723,0,0.002722100
pgvector,1,insert_texto,-,5724,0,0.003366500
pgvector,1,insert_texto,-,5725,0,0.002854700
pgvector,1,insert_texto,-,5726,0,0.002654500
pgvector,1,insert_texto,-,5727,0,0.002765700
pgvector,1,insert_texto,-,5728,0,0.002578100
pgvector,1,insert_texto,-,5729,0,0.002972100
pgvector,1,insert_texto,-,5730,0,0.003334400
pgvector,1,insert_texto,-,5731,0,0.002306400
pgvector,1,insert_texto,-,5732,0,0.002479400
pgvector,1,insert_texto,-,5733,0,0.002348500
pgvector,1,insert_texto,-,5734,0,0.002764800
pgvector,1,insert_texto,-,5735,0,0.002508900
pgvector,1,insert_texto,-,5736,0,0.002329700
pgvector,1,insert_texto,-,5737,0,0.002459500
pgvector,1,insert_texto,-,5738,0,0.002409900
pgvector,1,insert_texto,-,5739,0,0.002778800
pgvector,1,insert_texto,-,5740,0,0.002438200
pgvector,1,insert_texto,-,5741,0,0.002396100
pgvector,1,insert_texto,-,5742,0,0.002377100
pgvector,1,insert_texto,-,5743,0,0.002379800
pgvector,1,insert_texto,-,5744,0,0.002346800
pgvector,1,insert_texto,-,5745,0,0.002764600
pgvector,1,insert_texto,-,5746,0,0.002337600
pgvector,1,insert_texto,-,5747,0,0.002668700
pgvector,1,insert_texto,-,5748,0,0.002400600
pgvector,1,insert_texto,-,5749,0,0.002590500
pgvector,1,insert_texto,-,5750,0,0.002387100
pgvector,1,insert_texto,-,5751,0,0.002329400
pgvector,1,insert_texto,-,5752,0,0.002234300
pgvector,1,insert_texto,-,5753,0,0.002313500
pgvector,1,insert_texto,-,5754,0,0.002465500
pgvector,1,insert_texto,-,5755,0,0.002537700
pgvector,1,insert_texto,-,5756,0,0.002535400
pgvector,1,insert_texto,-,5757,0,0.002272600
pgvector,1,insert_texto,-,5758,0,0.002450400
pgvector,1,insert_texto,-,5759,0,0.002388900
pgvector,1,insert_texto,-,5760,0,0.002574300
pgvector,1,insert_texto,-,5761,0,0.002577300
pgvector,1,insert_texto,-,5762,0,0.002494300
pgvector,1,insert_texto,-,5763,0,0.002443700
pgvector,1,insert_texto,-,5764,0,0.002310700
pgvector,1,insert_texto,-,5765,0,0.002327200
pgvector,1,insert_texto,-,5766,0,0.002440000
pgvector,1,insert_texto,-,5767,0,0.002444100
pgvector,1,insert_texto,-,5768,0,0.002333900
pgvector,1,insert_texto,-,5769,0,0.002227800
pgvector,1,insert_texto,-,5770,0,0.002393800
pgvector,1,insert_texto,-,5771,0,0.002483700
pgvector,1,insert_texto,-,5772,0,0.002357000
pgvector,1,insert_texto,-,5773,0,0.002330300
pgvector,1,insert_texto,-,5774,0,0.002318500
pgvector,1,insert_texto,-,5775,0,0.002351200
pgvector,1,insert_texto,-,5776,0,0.002462700
pgvector,1,insert_texto,-,5777,0,0.002351800
pgvector,1,insert_texto,-,5778,0,0.002559300
pgvector,1,insert_texto,-,5779,0,0.002401400
pgvector,1,insert_texto,-,5780,0,0.002843500
pgvector,1,insert_texto,-,5781,0,0.002329500
pgvector,1,insert_texto,-,5782,0,0.002187000
pgvector,1,insert_texto,-,5783,0,0.002383400
pgvector,1,insert_texto,-,5784,0,0.002246900
pgvector,1,insert_texto,-,5785,0,0.002361400
pgvector,1,insert_texto,-,5786,0,0.002394200
pgvector,1,insert_texto,-,5787,0,0.002576900
pgvector,1,insert_texto,-,5788,0,0.002540700
pgvector,1,insert_texto,-,5789,0,0.002411000
pgvector,1,insert_texto,-,5790,0,0.002320700
pgvector,1,insert_texto,-,5791,0,0.002327600
pgvector,1,insert_texto,-,5792,0,0.002305200
pgvector,1,insert_texto,-,5793,0,0.002657800
pgvector,1,insert_texto,-,5794,0,0.002646300
pgvector,1,insert_texto,-,5795,0,0.002427200
pgvector,1,insert_texto,-,5796,0,0.002449500
pgvector,1,insert_texto,-,5797,0,0.002486000
pgvector,1,insert_texto,-,5798,0,0.002718600
pgvector,1,insert_texto,-,5799,0,0.002530700
pgvector,1,insert_texto,-,5800,0,0.002589800
pgvector,1,insert_texto,-,5801,0,0.002591300
pgvector,1,insert_texto,-,5802,0,0.002476400
pgvector,1,insert_texto,-,5803,0,0.002459600
pgvector,1,insert_texto,-,5804,0,0.002846700
pgvector,1,insert_texto,-,5805,0,0.002521600
pgvector,1,insert_texto,-,5806,0,0.002472900
pgvector,1,insert_texto,-,5807,0,0.002759700
pgvector,1,insert_texto,-,5808,0,0.002467300
pgvector,1,insert_texto,-,5809,0,0.002513900
pgvector,1,insert_texto,-,5810,0,0.002953200
pgvector,1,insert_texto,-,5811,0,0.002582500
pgvector,1,insert_texto,-,5812,0,0.002482400
pgvector,1,insert_texto,-,5813,0,0.002563400
pgvector,1,insert_texto,-,5814,0,0.002539300
pgvector,1,insert_texto,-,5815,0,0.002644900
pgvector,1,insert_texto,-,5816,0,0.002820400
pgvector,1,insert_texto,-,5817,0,0.002540700
pgvector,1,insert_texto,-,5818,0,0.002886000
pgvector,1,insert_texto,-,5819,0,0.003046600
pgvector,1,insert_texto,-,5820,0,0.003403100
pgvector,1,insert_texto,-,5821,0,0.002941400
pgvector,1,insert_texto,-,5822,0,0.002938800
pgvector,1,insert_texto,-,5823,0,0.002934600
pgvector,1,insert_texto,-,5824,0,0.002812700
pgvector,1,insert_texto,-,5825,0,0.002939400
pgvector,1,insert_texto,-,5826,0,0.002852600
pgvector,1,insert_texto,-,5827,0,0.002428500
pgvector,1,insert_texto,-,5828,0,0.002392300
pgvector,1,insert_texto,-,5829,0,0.002345400
pgvector,1,insert_texto,-,5830,0,0.002627100
pgvector,1,insert_texto,-,5831,0,0.002515500
pgvector,1,insert_texto,-,5832,0,0.002439400
pgvector,1,insert_texto,-,5833,0,0.002677600
pgvector,1,insert_texto,-,5834,0,0.002622100
pgvector,1,insert_texto,-,5835,0,0.002681700
pgvector,1,insert_texto,-,5836,0,0.002544900
pgvector,1,insert_texto,-,5837,0,0.002553300
pgvector,1,insert_texto,-,5838,0,0.002675300
pgvector,1,insert_texto,-,5839,0,0.002788400
pgvector,1,insert_texto,-,5840,0,0.002413500
pgvector,1,insert_texto,-,5841,0,0.002627600
pgvector,1,insert_texto,-,5842,0,0.002460200
pgvector,1,insert_texto,-,5843,0,0.002380200
pgvector,1,insert_texto,-,5844,0,0.002384600
pgvector,1,insert_texto,-,5845,0,0.002329500
pgvector,1,insert_texto,-,5846,0,0.002974100
pgvector,1,insert_texto,-,5847,0,0.002506500
pgvector,1,insert_texto,-,5848,0,0.002369900
pgvector,1,insert_texto,-,5849,0,0.002411300
pgvector,1,insert_texto,-,5850,0,0.002338200
pgvector,1,insert_texto,-,5851,0,0.002453400
pgvector,1,insert_texto,-,5852,0,0.002529900
pgvector,1,insert_texto,-,5853,0,0.002508100
pgvector,1,insert_texto,-,5854,0,0.002347800
pgvector,1,insert_texto,-,5855,0,0.002427600
pgvector,1,insert_texto,-,5856,0,0.002599900
pgvector,1,insert_texto,-,5857,0,0.002741200
pgvector,1,insert_texto,-,5858,0,0.002553900
pgvector,1,insert_texto,-,5859,0,0.003121900
pgvector,1,insert_texto,-,5860,0,0.002640500
pgvector,1,insert_texto,-,5861,0,0.002549500
pgvector,1,insert_texto,-,5862,0,0.002594900
pgvector,1,insert_texto,-,5863,0,0.002728300
pgvector,1,insert_texto,-,5864,0,0.002807600
pgvector,1,insert_texto,-,5865,0,0.002663700
pgvector,1,insert_texto,-,5866,0,0.002626500
pgvector,1,insert_texto,-,5867,0,0.002733700
pgvector,1,insert_texto,-,5868,0,0.002756300
pgvector,1,insert_texto,-,5869,0,0.002750500
pgvector,1,insert_texto,-,5870,0,0.003050500
pgvector,1,insert_texto,-,5871,0,0.002933000
pgvector,1,insert_texto,-,5872,0,0.002769600
pgvector,1,insert_texto,-,5873,0,0.003208400
pgvector,1,insert_texto,-,5874,0,0.002752800
pgvector,1,insert_texto,-,5875,0,0.002543300
pgvector,1,insert_texto,-,5876,0,0.002410500
pgvector,1,insert_texto,-,5877,0,0.002516700
pgvector,1,insert_texto,-,5878,0,0.002728900
pgvector,1,insert_texto,-,5879,0,0.003038700
pgvector,1,insert_texto,-,5880,0,0.002907000
pgvector,1,insert_texto,-,5881,0,0.003076600
pgvector,1,insert_texto,-,5882,0,0.002451600
pgvector,1,insert_texto,-,5883,0,0.002712000
pgvector,1,insert_texto,-,5884,0,0.002891100
pgvector,1,insert_texto,-,5885,0,0.002861000
pgvector,1,insert_texto,-,5886,0,0.002892400
pgvector,1,insert_texto,-,5887,0,0.002672600
pgvector,1,insert_texto,-,5888,0,0.002879700
pgvector,1,insert_texto,-,5889,0,0.002831400
pgvector,1,insert_texto,-,5890,0,0.003047000
pgvector,1,insert_texto,-,5891,0,0.002631900
pgvector,1,insert_texto,-,5892,0,0.002889400
pgvector,1,insert_texto,-,5893,0,0.002876800
pgvector,1,insert_texto,-,5894,0,0.003053200
pgvector,1,insert_texto,-,5895,0,0.002897600
pgvector,1,insert_texto,-,5896,0,0.002789800
pgvector,1,insert_texto,-,5897,0,0.003120600
pgvector,1,insert_texto,-,5898,0,0.003054800
pgvector,1,insert_texto,-,5899,0,0.003162900
pgvector,1,insert_texto,-,5900,0,0.002954800
pgvector,1,insert_texto,-,5901,0,0.002583500
pgvector,1,insert_texto,-,5902,0,0.002440300
pgvector,1,insert_texto,-,5903,0,0.002665600
pgvector,1,insert_texto,-,5904,0,0.002710700
pgvector,1,insert_texto,-,5905,0,0.002649500
pgvector,1,insert_texto,-,5906,0,0.002553200
pgvector,1,insert_texto,-,5907,0,0.002598300
pgvector,1,insert_texto,-,5908,0,0.002482500
pgvector,1,insert_texto,-,5909,0,0.002762600
pgvector,1,insert_texto,-,5910,0,0.002655000
pgvector,1,insert_texto,-,5911,0,0.002422300
pgvector,1,insert_texto,-,5912,0,0.002698400
pgvector,1,insert_texto,-,5913,0,0.002729400
pgvector,1,insert_texto,-,5914,0,0.002983100
pgvector,1,insert_texto,-,5915,0,0.003228300
pgvector,1,insert_texto,-,5916,0,0.003060900
pgvector,1,insert_texto,-,5917,0,0.002895000
pgvector,1,insert_texto,-,5918,0,0.002863400
pgvector,1,insert_texto,-,5919,0,0.003234400
pgvector,1,insert_texto,-,5920,0,0.002866600
pgvector,1,insert_texto,-,5921,0,0.002657100
pgvector,1,insert_texto,-,5922,0,0.002377700
pgvector,1,insert_texto,-,5923,0,0.002510900
pgvector,1,insert_texto,-,5924,0,0.002484200
pgvector,1,insert_texto,-,5925,0,0.002372500
pgvector,1,insert_texto,-,5926,0,0.002605900
pgvector,1,insert_texto,-,5927,0,0.002394500
pgvector,1,insert_texto,-,5928,0,0.002454900
pgvector,1,insert_texto,-,5929,0,0.002526800
pgvector,1,insert_texto,-,5930,0,0.002857700
pgvector,1,insert_texto,-,5931,0,0.002465800
pgvector,1,insert_texto,-,5932,0,0.002505200
pgvector,1,insert_texto,-,5933,0,0.002505200
pgvector,1,insert_texto,-,5934,0,0.002627900
pgvector,1,insert_texto,-,5935,0,0.002587000
pgvector,1,insert_texto,-,5936,0,0.002785200
pgvector,1,insert_texto,-,5937,0,0.002395000
pgvector,1,insert_texto,-,5938,0,0.002412300
pgvector,1,insert_texto,-,5939,0,0.002575000
pgvector,1,insert_texto,-,5940,0,0.002769800
pgvector,1,insert_texto,-,5941,0,0.002494200
pgvector,1,insert_texto,-,5942,0,0.002437900
pgvector,1,insert_texto,-,5943,0,0.002618200
pgvector,1,insert_texto,-,5944,0,0.002649300
pgvector,1,insert_texto,-,5945,0,0.002483900
pgvector,1,insert_texto,-,5946,0,0.002488700
pgvector,1,insert_texto,-,5947,0,0.002615700
pgvector,1,insert_texto,-,5948,0,0.002563100
pgvector,1,insert_texto,-,5949,0,0.002966900
pgvector,1,insert_texto,-,5950,0,0.002720100
pgvector,1,insert_texto,-,5951,0,0.002806100
pgvector,1,insert_texto,-,5952,0,0.002898200
pgvector,1,insert_texto,-,5953,0,0.002689300
pgvector,1,insert_texto,-,5954,0,0.002666400
pgvector,1,insert_texto,-,5955,0,0.002619000
pgvector,1,insert_texto,-,5956,0,0.002760500
pgvector,1,insert_texto,-,5957,0,0.002693300
pgvector,1,insert_texto,-,5958,0,0.002636600
pgvector,1,insert_texto,-,5959,0,0.002525400
pgvector,1,insert_texto,-,5960,0,0.002488100
pgvector,1,insert_texto,-,5961,0,0.002797000
pgvector,1,insert_texto,-,5962,0,0.002550700
pgvector,1,insert_texto,-,5963,0,0.002512200
pgvector,1,insert_texto,-,5964,0,0.002627900
pgvector,1,insert_texto,-,5965,0,0.002625400
pgvector,1,insert_texto,-,5966,0,0.002584700
pgvector,1,insert_texto,-,5967,0,0.002561800
pgvector,1,insert_texto,-,5968,0,0.002446900
pgvector,1,insert_texto,-,5969,0,0.002522900
pgvector,1,insert_texto,-,5970,0,0.002444500
pgvector,1,insert_texto,-,5971,0,0.002452800
pgvector,1,insert_texto,-,5972,0,0.002688800
pgvector,1,insert_texto,-,5973,0,0.002493100
pgvector,1,insert_texto,-,5974,0,0.002480100
pgvector,1,insert_texto,-,5975,0,0.002635300
pgvector,1,insert_texto,-,5976,0,0.002502200
pgvector,1,insert_texto,-,5977,0,0.002437300
pgvector,1,insert_texto,-,5978,0,0.002474000
pgvector,1,insert_texto,-,5979,0,0.002664900
pgvector,1,insert_texto,-,5980,0,0.002556500
pgvector,1,insert_texto,-,5981,0,0.002489200
pgvector,1,insert_texto,-,5982,0,0.002322500
pgvector,1,insert_texto,-,5983,0,0.002459900
pgvector,1,insert_texto,-,5984,0,0.002561100
pgvector,1,insert_texto,-,5985,0,0.002461900
pgvector,1,insert_texto,-,5986,0,0.002622300
pgvector,1,insert_texto,-,5987,0,0.002729100
pgvector,1,insert_texto,-,5988,0,0.002713100
pgvector,1,insert_texto,-,5989,0,0.002668400
pgvector,1,insert_texto,-,5990,0,0.002605600
pgvector,1,insert_texto,-,5991,0,0.002573000
pgvector,1,insert_texto,-,5992,0,0.002477400
pgvector,1,insert_texto,-,5993,0,0.002433400
pgvector,1,insert_texto,-,5994,0,0.002550000
pgvector,1,insert_texto,-,5995,0,0.002541100
pgvector,1,insert_texto,-,5996,0,0.002507200
pgvector,1,insert_texto,-,5997,0,0.002610200
pgvector,1,insert_texto,-,5998,0,0.002549600
pgvector,1,insert_texto,-,5999,0,0.002441300
pgvector,1,insert_texto,-,6000,0,0.002467100
pgvector,1,insert_texto,-,6001,0,0.002609300
pgvector,1,insert_texto,-,6002,0,0.002501500
pgvector,1,insert_texto,-,6003,0,0.002733100
pgvector,1,insert_texto,-,6004,0,0.002465300
pgvector,1,insert_texto,-,6005,0,0.002369300
pgvector,1,insert_texto,-,6006,0,0.002541800
pgvector,1,insert_texto,-,6007,0,0.002869000
pgvector,1,insert_texto,-,6008,0,0.003238000
pgvector,1,insert_texto,-,6009,0,0.003558300
pgvector,1,insert_texto,-,6010,0,0.002987100
pgvector,1,insert_texto,-,6011,0,0.002897600
pgvector,1,insert_texto,-,6012,0,0.002846200
pgvector,1,insert_texto,-,6013,0,0.002819600
pgvector,1,insert_texto,-,6014,0,0.002808500
pgvector,1,insert_texto,-,6015,0,0.002652100
pgvector,1,insert_texto,-,6016,0,0.002581200
pgvector,1,insert_texto,-,6017,0,0.002457600
pgvector,1,insert_texto,-,6018,0,0.002642500
pgvector,1,insert_texto,-,6019,0,0.002381500
pgvector,1,insert_texto,-,6020,0,0.002441600
pgvector,1,insert_texto,-,6021,0,0.002394800
pgvector,1,insert_texto,-,6022,0,0.002595700
pgvector,1,insert_texto,-,6023,0,0.002394800
pgvector,1,insert_texto,-,6024,0,0.002426300
pgvector,1,insert_texto,-,6025,0,0.002441400
pgvector,1,insert_texto,-,6026,0,0.002394000
pgvector,1,insert_texto,-,6027,0,0.002677100
pgvector,1,insert_texto,-,6028,0,0.002518400
pgvector,1,insert_texto,-,6029,0,0.002589600
pgvector,1,insert_texto,-,6030,0,0.002790600
pgvector,1,insert_texto,-,6031,0,0.002680900
pgvector,1,insert_texto,-,6032,0,0.002529800
pgvector,1,insert_texto,-,6033,0,0.002908700
pgvector,1,insert_texto,-,6034,0,0.002484900
pgvector,1,insert_texto,-,6035,0,0.002642200
pgvector,1,insert_texto,-,6036,0,0.002483100
pgvector,1,insert_texto,-,6037,0,0.002338900
pgvector,1,insert_texto,-,6038,0,0.002381000
pgvector,1,insert_texto,-,6039,0,0.002600800
pgvector,1,insert_texto,-,6040,0,0.002532900
pgvector,1,insert_texto,-,6041,0,0.002730900
pgvector,1,insert_texto,-,6042,0,0.002632600
pgvector,1,insert_texto,-,6043,0,0.002666100
pgvector,1,insert_texto,-,6044,0,0.002506000
pgvector,1,insert_texto,-,6045,0,0.003153900
pgvector,1,insert_texto,-,6046,0,0.002654100
pgvector,1,insert_texto,-,6047,0,0.002471400
pgvector,1,insert_texto,-,6048,0,0.002535300
pgvector,1,insert_texto,-,6049,0,0.003105200
pgvector,1,insert_texto,-,6050,0,0.002906300
pgvector,1,insert_texto,-,6051,0,0.003039200
pgvector,1,insert_texto,-,6052,0,0.002653900
pgvector,1,insert_texto,-,6053,0,0.002777700
pgvector,1,insert_texto,-,6054,0,0.002636200
pgvector,1,insert_texto,-,6055,0,0.002774800
pgvector,1,insert_texto,-,6056,0,0.002903000
pgvector,1,insert_texto,-,6057,0,0.002956900
pgvector,1,insert_texto,-,6058,0,0.002642700
pgvector,1,insert_texto,-,6059,0,0.002651400
pgvector,1,insert_texto,-,6060,0,0.002609500
pgvector,1,insert_texto,-,6061,0,0.002729300
pgvector,1,insert_texto,-,6062,0,0.002493200
pgvector,1,insert_texto,-,6063,0,0.002398300
pgvector,1,insert_texto,-,6064,0,0.002502200
pgvector,1,insert_texto,-,6065,0,0.002392600
pgvector,1,insert_texto,-,6066,0,0.002449600
pgvector,1,insert_texto,-,6067,0,0.002449000
pgvector,1,insert_texto,-,6068,0,0.002528000
pgvector,1,insert_texto,-,6069,0,0.002468800
pgvector,1,insert_texto,-,6070,0,0.002304700
pgvector,1,insert_texto,-,6071,0,0.002502700
pgvector,1,insert_texto,-,6072,0,0.003059400
pgvector,1,insert_texto,-,6073,0,0.002708900
pgvector,1,insert_texto,-,6074,0,0.002408600
pgvector,1,insert_texto,-,6075,0,0.002741300
pgvector,1,insert_texto,-,6076,0,0.002382100
pgvector,1,insert_texto,-,6077,0,0.002358300
pgvector,1,insert_texto,-,6078,0,0.002439400
pgvector,1,insert_texto,-,6079,0,0.002419900
pgvector,1,insert_texto,-,6080,0,0.002481500
pgvector,1,insert_texto,-,6081,0,0.002858300
pgvector,1,insert_texto,-,6082,0,0.002351600
pgvector,1,insert_texto,-,6083,0,0.002447200
pgvector,1,insert_texto,-,6084,0,0.002677300
pgvector,1,insert_texto,-,6085,0,0.002480000
pgvector,1,insert_texto,-,6086,0,0.002536000
pgvector,1,insert_texto,-,6087,0,0.002514900
pgvector,1,insert_texto,-,6088,0,0.002673600
pgvector,1,insert_texto,-,6089,0,0.002482300
pgvector,1,insert_texto,-,6090,0,0.002534700
pgvector,1,insert_texto,-,6091,0,0.002732000
pgvector,1,insert_texto,-,6092,0,0.002463300
pgvector,1,insert_texto,-,6093,0,0.002482000
pgvector,1,insert_texto,-,6094,0,0.002654400
pgvector,1,insert_texto,-,6095,0,0.002605100
pgvector,1,insert_texto,-,6096,0,0.002375100
pgvector,1,insert_texto,-,6097,0,0.002594500
pgvector,1,insert_texto,-,6098,0,0.002938300
pgvector,1,insert_texto,-,6099,0,0.002407400
pgvector,1,insert_texto,-,6100,0,0.002700100
pgvector,1,insert_texto,-,6101,0,0.002850100
pgvector,1,insert_texto,-,6102,0,0.002740200
pgvector,1,insert_texto,-,6103,0,0.003103500
pgvector,1,insert_texto,-,6104,0,0.003100800
pgvector,1,insert_texto,-,6105,0,0.003004500
pgvector,1,insert_texto,-,6106,0,0.002760300
pgvector,1,insert_texto,-,6107,0,0.002825700
pgvector,1,insert_texto,-,6108,0,0.003324500
pgvector,1,insert_texto,-,6109,0,0.003124000
pgvector,1,insert_texto,-,6110,0,0.002507400
pgvector,1,insert_texto,-,6111,0,0.002568000
pgvector,1,insert_texto,-,6112,0,0.002828700
pgvector,1,insert_texto,-,6113,0,0.002551500
pgvector,1,insert_texto,-,6114,0,0.002357500
pgvector,1,insert_texto,-,6115,0,0.002314900
pgvector,1,insert_texto,-,6116,0,0.002597500
pgvector,1,insert_texto,-,6117,0,0.002579800
pgvector,1,insert_texto,-,6118,0,0.002512500
pgvector,1,insert_texto,-,6119,0,0.002615900
pgvector,1,insert_texto,-,6120,0,0.002328700
pgvector,1,insert_texto,-,6121,0,0.002521900
pgvector,1,insert_texto,-,6122,0,0.002350000
pgvector,1,insert_texto,-,6123,0,0.002577300
pgvector,1,insert_texto,-,6124,0,0.002430300
pgvector,1,insert_texto,-,6125,0,0.002465600
pgvector,1,insert_texto,-,6126,0,0.002561600
pgvector,1,insert_texto,-,6127,0,0.002695000
pgvector,1,insert_texto,-,6128,0,0.002654800
pgvector,1,insert_texto,-,6129,0,0.002898900
pgvector,1,insert_texto,-,6130,0,0.002732600
pgvector,1,insert_texto,-,6131,0,0.002486700
pgvector,1,insert_texto,-,6132,0,0.002510000
pgvector,1,insert_texto,-,6133,0,0.002579000
pgvector,1,insert_texto,-,6134,0,0.002504700
pgvector,1,insert_texto,-,6135,0,0.002598300
pgvector,1,insert_texto,-,6136,0,0.002545000
pgvector,1,insert_texto,-,6137,0,0.002429700
pgvector,1,insert_texto,-,6138,0,0.002593400
pgvector,1,insert_texto,-,6139,0,0.002866800
pgvector,1,insert_texto,-,6140,0,0.002853400
pgvector,1,insert_texto,-,6141,0,0.002640700
pgvector,1,insert_texto,-,6142,0,0.002535200
pgvector,1,insert_texto,-,6143,0,0.002332600
pgvector,1,insert_texto,-,6144,0,0.002517700
pgvector,1,insert_texto,-,6145,0,0.002512600
pgvector,1,insert_texto,-,6146,0,0.002544000
pgvector,1,insert_texto,-,6147,0,0.002571000
pgvector,1,insert_texto,-,6148,0,0.002639800
pgvector,1,insert_texto,-,6149,0,0.002837800
pgvector,1,insert_texto,-,6150,0,0.002735400
pgvector,1,insert_texto,-,6151,0,0.002490800
pgvector,1,insert_texto,-,6152,0,0.002370200
pgvector,1,insert_texto,-,6153,0,0.002479100
pgvector,1,insert_texto,-,6154,0,0.002434100
pgvector,1,insert_texto,-,6155,0,0.002512700
pgvector,1,insert_texto,-,6156,0,0.002462800
pgvector,1,insert_texto,-,6157,0,0.002541300
pgvector,1,insert_texto,-,6158,0,0.002819400
pgvector,1,insert_texto,-,6159,0,0.002607300
pgvector,1,insert_texto,-,6160,0,0.002430000
pgvector,1,insert_texto,-,6161,0,0.002616500
pgvector,1,insert_texto,-,6162,0,0.002438300
pgvector,1,insert_texto,-,6163,0,0.002445700
pgvector,1,insert_texto,-,6164,0,0.002473000
pgvector,1,insert_texto,-,6165,0,0.002343500
pgvector,1,insert_texto,-,6166,0,0.002471200
pgvector,1,insert_texto,-,6167,0,0.002522800
pgvector,1,insert_texto,-,6168,0,0.002474900
pgvector,1,insert_texto,-,6169,0,0.002430800
pgvector,1,insert_texto,-,6170,0,0.002474600
pgvector,1,insert_texto,-,6171,0,0.002491300
pgvector,1,insert_texto,-,6172,0,0.002632100
pgvector,1,insert_texto,-,6173,0,0.002507700
pgvector,1,insert_texto,-,6174,0,0.002321300
pgvector,1,insert_texto,-,6175,0,0.002437700
pgvector,1,insert_texto,-,6176,0,0.002517300
pgvector,1,insert_texto,-,6177,0,0.002788600
pgvector,1,insert_texto,-,6178,0,0.002454300
pgvector,1,insert_texto,-,6179,0,0.002542500
pgvector,1,insert_texto,-,6180,0,0.002496000
pgvector,1,insert_texto,-,6181,0,0.002616800
pgvector,1,insert_texto,-,6182,0,0.002485700
pgvector,1,insert_texto,-,6183,0,0.002514300
pgvector,1,insert_texto,-,6184,0,0.002677100
pgvector,1,insert_texto,-,6185,0,0.002547300
pgvector,1,insert_texto,-,6186,0,0.002348000
pgvector,1,insert_texto,-,6187,0,0.002317500
pgvector,1,insert_texto,-,6188,0,0.002428500
pgvector,1,insert_texto,-,6189,0,0.002437200
pgvector,1,insert_texto,-,6190,0,0.002551600
pgvector,1,insert_texto,-,6191,0,0.002695300
pgvector,1,insert_texto,-,6192,0,0.002810500
pgvector,1,insert_texto,-,6193,0,0.002423800
pgvector,1,insert_texto,-,6194,0,0.002703900
pgvector,1,insert_texto,-,6195,0,0.002506200
pgvector,1,insert_texto,-,6196,0,0.002479100
pgvector,1,insert_texto,-,6197,0,0.002832700
pgvector,1,insert_texto,-,6198,0,0.003038400
pgvector,1,insert_texto,-,6199,0,0.002822800
pgvector,1,insert_texto,-,6200,0,0.003266400
pgvector,1,insert_texto,-,6201,0,0.002924900
pgvector,1,insert_texto,-,6202,0,0.002763600
pgvector,1,insert_texto,-,6203,0,0.003175600
pgvector,1,insert_texto,-,6204,0,0.002911000
pgvector,1,insert_texto,-,6205,0,0.002419100
pgvector,1,insert_texto,-,6206,0,0.002730700
pgvector,1,insert_texto,-,6207,0,0.002652800
pgvector,1,insert_texto,-,6208,0,0.002510600
pgvector,1,insert_texto,-,6209,0,0.002409100
pgvector,1,insert_texto,-,6210,0,0.002370600
pgvector,1,insert_texto,-,6211,0,0.002392000
pgvector,1,insert_texto,-,6212,0,0.003260800
pgvector,1,insert_texto,-,6213,0,0.002832400
pgvector,1,insert_texto,-,6214,0,0.002503600
pgvector,1,insert_texto,-,6215,0,0.002491600
pgvector,1,insert_texto,-,6216,0,0.002649100
pgvector,1,insert_texto,-,6217,0,0.002699300
pgvector,1,insert_texto,-,6218,0,0.002574700
pgvector,1,insert_texto,-,6219,0,0.002754900
pgvector,1,insert_texto,-,6220,0,0.002744200
pgvector,1,insert_texto,-,6221,0,0.002570000
pgvector,1,insert_texto,-,6222,0,0.003384200
pgvector,1,insert_texto,-,6223,0,0.002843100
pgvector,1,insert_texto,-,6224,0,0.002489500
pgvector,1,insert_texto,-,6225,0,0.002702400
pgvector,1,insert_texto,-,6226,0,0.002703900
pgvector,1,insert_texto,-,6227,0,0.002397700
pgvector,1,insert_texto,-,6228,0,0.002751800
pgvector,1,insert_texto,-,6229,0,0.003443400
pgvector,1,insert_texto,-,6230,0,0.002685100
pgvector,1,insert_texto,-,6231,0,0.002623100
pgvector,1,insert_texto,-,6232,0,0.002797700
pgvector,1,insert_texto,-,6233,0,0.002482500
pgvector,1,insert_texto,-,6234,0,0.002481800
pgvector,1,insert_texto,-,6235,0,0.002583200
pgvector,1,insert_texto,-,6236,0,0.002449500
pgvector,1,insert_texto,-,6237,0,0.002486600
pgvector,1,insert_texto,-,6238,0,0.002666200
pgvector,1,insert_texto,-,6239,0,0.002594700
pgvector,1,insert_texto,-,6240,0,0.002643100
pgvector,1,insert_texto,-,6241,0,0.002738400
pgvector,1,insert_texto,-,6242,0,0.002681400
pgvector,1,insert_texto,-,6243,0,0.002659700
pgvector,1,insert_texto,-,6244,0,0.002647800
pgvector,1,insert_texto,-,6245,0,0.002775000
pgvector,1,insert_texto,-,6246,0,0.002729200
pgvector,1,insert_texto,-,6247,0,0.002614300
pgvector,1,insert_texto,-,6248,0,0.002460500
pgvector,1,insert_texto,-,6249,0,0.002598600
pgvector,1,insert_texto,-,6250,0,0.002560700
pgvector,1,insert_texto,-,6251,0,0.002780700
pgvector,1,insert_texto,-,6252,0,0.002607300
pgvector,1,insert_texto,-,6253,0,0.002585900
pgvector,1,insert_texto,-,6254,0,0.002583300
pgvector,1,insert_texto,-,6255,0,0.002548100
pgvector,1,insert_texto,-,6256,0,0.002539400
pgvector,1,insert_texto,-,6257,0,0.002550400
pgvector,1,insert_texto,-,6258,0,0.002905500
pgvector,1,insert_texto,-,6259,0,0.002483000
pgvector,1,insert_texto,-,6260,0,0.002438400
pgvector,1,insert_texto,-,6261,0,0.002467600
pgvector,1,insert_texto,-,6262,0,0.002513700
pgvector,1,insert_texto,-,6263,0,0.002635200
pgvector,1,insert_texto,-,6264,0,0.002659800
pgvector,1,insert_texto,-,6265,0,0.002573000
pgvector,1,insert_texto,-,6266,0,0.002653200
pgvector,1,insert_texto,-,6267,0,0.002589500
pgvector,1,insert_texto,-,6268,0,0.002390700
pgvector,1,insert_texto,-,6269,0,0.002392300
pgvector,1,insert_texto,-,6270,0,0.002510900
pgvector,1,insert_texto,-,6271,0,0.003219700
pgvector,1,insert_texto,-,6272,0,0.002389700
pgvector,1,insert_texto,-,6273,0,0.002487000
pgvector,1,insert_texto,-,6274,0,0.002544300
pgvector,1,insert_texto,-,6275,0,0.002539500
pgvector,1,insert_texto,-,6276,0,0.002475500
pgvector,1,insert_texto,-,6277,0,0.002642800
pgvector,1,insert_texto,-,6278,0,0.002796300
pgvector,1,insert_texto,-,6279,0,0.002597300
pgvector,1,insert_texto,-,6280,0,0.002368500
pgvector,1,insert_texto,-,6281,0,0.002741200
pgvector,1,insert_texto,-,6282,0,0.002579500
pgvector,1,insert_texto,-,6283,0,0.003028300
pgvector,1,insert_texto,-,6284,0,0.002743700
pgvector,1,insert_texto,-,6285,0,0.002751000
pgvector,1,insert_texto,-,6286,0,0.002598600
pgvector,1,insert_texto,-,6287,0,0.002490700
pgvector,1,insert_texto,-,6288,0,0.002584800
pgvector,1,insert_texto,-,6289,0,0.002885600
pgvector,1,insert_texto,-,6290,0,0.003834500
pgvector,1,insert_texto,-,6291,0,0.003848200
pgvector,1,insert_texto,-,6292,0,0.004715200
pgvector,1,insert_texto,-,6293,0,0.004353100
pgvector,1,insert_texto,-,6294,0,0.003928200
pgvector,1,insert_texto,-,6295,0,0.003963500
pgvector,1,insert_texto,-,6296,0,0.003784400
pgvector,1,insert_texto,-,6297,0,0.003570100
pgvector,1,insert_texto,-,6298,0,0.003782800
pgvector,1,insert_texto,-,6299,0,0.004238700
pgvector,1,insert_texto,-,6300,0,0.003195400
pgvector,1,insert_texto,-,6301,0,0.003027500
pgvector,1,insert_texto,-,6302,0,0.003388200
pgvector,1,insert_texto,-,6303,0,0.004384300
pgvector,1,insert_texto,-,6304,0,0.004003600
pgvector,1,insert_texto,-,6305,0,0.004245600
pgvector,1,insert_texto,-,6306,0,0.003935300
pgvector,1,insert_texto,-,6307,0,0.003921200
pgvector,1,insert_texto,-,6308,0,0.003938800
pgvector,1,insert_texto,-,6309,0,0.004006900
pgvector,1,insert_texto,-,6310,0,0.003825100
pgvector,1,insert_texto,-,6311,0,0.003879000
pgvector,1,insert_texto,-,6312,0,0.004052600
pgvector,1,insert_texto,-,6313,0,0.003741600
pgvector,1,insert_texto,-,6314,0,0.003684100
pgvector,1,insert_texto,-,6315,0,0.003720100
pgvector,1,insert_texto,-,6316,0,0.003822800
pgvector,1,insert_texto,-,6317,0,0.004801600
pgvector,1,insert_texto,-,6318,0,0.004663000
pgvector,1,insert_texto,-,6319,0,0.003902700
pgvector,1,insert_texto,-,6320,0,0.002999600
pgvector,1,insert_texto,-,6321,0,0.002809000
pgvector,1,insert_texto,-,6322,0,0.002864200
pgvector,1,insert_texto,-,6323,0,0.002641000
pgvector,1,insert_texto,-,6324,0,0.002770600
pgvector,1,insert_texto,-,6325,0,0.002919200
pgvector,1,insert_texto,-,6326,0,0.003002100
pgvector,1,insert_texto,-,6327,0,0.003008800
pgvector,1,insert_texto,-,6328,0,0.003013600
pgvector,1,insert_texto,-,6329,0,0.002800800
pgvector,1,insert_texto,-,6330,0,0.002997900
pgvector,1,insert_texto,-,6331,0,0.003070500
pgvector,1,insert_texto,-,6332,0,0.002842900
pgvector,1,insert_texto,-,6333,0,0.002931100
pgvector,1,insert_texto,-,6334,0,0.002877600
pgvector,1,insert_texto,-,6335,0,0.002926300
pgvector,1,insert_texto,-,6336,0,0.002914900
pgvector,1,insert_texto,-,6337,0,0.002660300
pgvector,1,insert_texto,-,6338,0,0.002510900
pgvector,1,insert_texto,-,6339,0,0.002283800
pgvector,1,insert_texto,-,6340,0,0.002432000
pgvector,1,insert_texto,-,6341,0,0.002367200
pgvector,1,insert_texto,-,6342,0,0.002431500
pgvector,1,insert_texto,-,6343,0,0.002455900
pgvector,1,insert_texto,-,6344,0,0.002517800
pgvector,1,insert_texto,-,6345,0,0.002673100
pgvector,1,insert_texto,-,6346,0,0.002727500
pgvector,1,insert_texto,-,6347,0,0.002433300
pgvector,1,insert_texto,-,6348,0,0.002619400
pgvector,1,insert_texto,-,6349,0,0.002396100
pgvector,1,insert_texto,-,6350,0,0.002433600
pgvector,1,insert_texto,-,6351,0,0.002508500
pgvector,1,insert_texto,-,6352,0,0.002474900
pgvector,1,insert_texto,-,6353,0,0.002590000
pgvector,1,insert_texto,-,6354,0,0.002678000
pgvector,1,insert_texto,-,6355,0,0.002748200
pgvector,1,insert_texto,-,6356,0,0.002531100
pgvector,1,insert_texto,-,6357,0,0.002460100
pgvector,1,insert_texto,-,6358,0,0.002495400
pgvector,1,insert_texto,-,6359,0,0.002793700
pgvector,1,insert_texto,-,6360,0,0.002542300
pgvector,1,insert_texto,-,6361,0,0.002958300
pgvector,1,insert_texto,-,6362,0,0.002646100
pgvector,1,insert_texto,-,6363,0,0.002748100
pgvector,1,insert_texto,-,6364,0,0.002483000
pgvector,1,insert_texto,-,6365,0,0.002491000
pgvector,1,insert_texto,-,6366,0,0.002471000
pgvector,1,insert_texto,-,6367,0,0.002390700
pgvector,1,insert_texto,-,6368,0,0.002396100
pgvector,1,insert_texto,-,6369,0,0.002607700
pgvector,1,insert_texto,-,6370,0,0.002438600
pgvector,1,insert_texto,-,6371,0,0.002577100
pgvector,1,insert_texto,-,6372,0,0.002502700
pgvector,1,insert_texto,-,6373,0,0.002483300
pgvector,1,insert_texto,-,6374,0,0.002996900
pgvector,1,insert_texto,-,6375,0,0.002345300
pgvector,1,insert_texto,-,6376,0,0.002900800
pgvector,1,insert_texto,-,6377,0,0.002686900
pgvector,1,insert_texto,-,6378,0,0.002507400
pgvector,1,insert_texto,-,6379,0,0.002711600
pgvector,1,insert_texto,-,6380,0,0.002626800
pgvector,1,insert_texto,-,6381,0,0.002591500
pgvector,1,insert_texto,-,6382,0,0.002599200
pgvector,1,insert_texto,-,6383,0,0.002658400
pgvector,1,insert_texto,-,6384,0,0.002773200
pgvector,1,insert_texto,-,6385,0,0.002699900
pgvector,1,insert_texto,-,6386,0,0.002867200
pgvector,1,insert_texto,-,6387,0,0.003053500
pgvector,1,insert_texto,-,6388,0,0.003054900
pgvector,1,insert_texto,-,6389,0,0.002866900
pgvector,1,insert_texto,-,6390,0,0.002845700
pgvector,1,insert_texto,-,6391,0,0.003286100
pgvector,1,insert_texto,-,6392,0,0.002979700
pgvector,1,insert_texto,-,6393,0,0.002826100
pgvector,1,insert_texto,-,6394,0,0.002646600
pgvector,1,insert_texto,-,6395,0,0.002415300
pgvector,1,insert_texto,-,6396,0,0.002531400
pgvector,1,insert_texto,-,6397,0,0.002628800
pgvector,1,insert_texto,-,6398,0,0.002540600
pgvector,1,insert_texto,-,6399,0,0.002520400
pgvector,1,insert_texto,-,6400,0,0.002634900
pgvector,1,insert_texto,-,6401,0,0.002523800
pgvector,1,insert_texto,-,6402,0,0.002478500
pgvector,1,insert_texto,-,6403,0,0.002568100
pgvector,1,insert_texto,-,6404,0,0.002577300
pgvector,1,insert_texto,-,6405,0,0.002706400
pgvector,1,insert_texto,-,6406,0,0.002621300
pgvector,1,insert_texto,-,6407,0,0.002412300
pgvector,1,insert_texto,-,6408,0,0.002593100
pgvector,1,insert_texto,-,6409,0,0.002476000
pgvector,1,insert_texto,-,6410,0,0.002511700
pgvector,1,insert_texto,-,6411,0,0.002592700
pgvector,1,insert_texto,-,6412,0,0.002555100
pgvector,1,insert_texto,-,6413,0,0.002586600
pgvector,1,insert_texto,-,6414,0,0.002566800
pgvector,1,insert_texto,-,6415,0,0.002684800
pgvector,1,insert_texto,-,6416,0,0.002394400
pgvector,1,insert_texto,-,6417,0,0.002420800
pgvector,1,insert_texto,-,6418,0,0.002315900
pgvector,1,insert_texto,-,6419,0,0.002501000
pgvector,1,insert_texto,-,6420,0,0.002360700
pgvector,1,insert_texto,-,6421,0,0.002511000
pgvector,1,insert_texto,-,6422,0,0.002825100
pgvector,1,insert_texto,-,6423,0,0.002543600
pgvector,1,insert_texto,-,6424,0,0.002423700
pgvector,1,insert_texto,-,6425,0,0.002374200
pgvector,1,insert_texto,-,6426,0,0.002474100
pgvector,1,insert_texto,-,6427,0,0.002578400
pgvector,1,insert_texto,-,6428,0,0.002730600
pgvector,1,insert_texto,-,6429,0,0.002486400
pgvector,1,insert_texto,-,6430,0,0.002504200
pgvector,1,insert_texto,-,6431,0,0.002578000
pgvector,1,insert_texto,-,6432,0,0.002676200
pgvector,1,insert_texto,-,6433,0,0.002660300
pgvector,1,insert_texto,-,6434,0,0.002599400
pgvector,1,insert_texto,-,6435,0,0.002528500
pgvector,1,insert_texto,-,6436,0,0.002638200
pgvector,1,insert_texto,-,6437,0,0.002653300
pgvector,1,insert_texto,-,6438,0,0.002897000
pgvector,1,insert_texto,-,6439,0,0.002719700
pgvector,1,insert_texto,-,6440,0,0.002422400
pgvector,1,insert_texto,-,6441,0,0.002607600
pgvector,1,insert_texto,-,6442,0,0.002534700
pgvector,1,insert_texto,-,6443,0,0.002394300
pgvector,1,insert_texto,-,6444,0,0.002466400
pgvector,1,insert_texto,-,6445,0,0.002555300
pgvector,1,insert_texto,-,6446,0,0.002573100
pgvector,1,insert_texto,-,6447,0,0.002347200
pgvector,1,insert_texto,-,6448,0,0.002239400
pgvector,1,insert_texto,-,6449,0,0.002227000
pgvector,1,insert_texto,-,6450,0,0.002205000
pgvector,1,insert_texto,-,6451,0,0.002379800
pgvector,1,insert_texto,-,6452,0,0.002481000
pgvector,1,insert_texto,-,6453,0,0.002512800
pgvector,1,insert_texto,-,6454,0,0.002362900
pgvector,1,insert_texto,-,6455,0,0.002331800
pgvector,1,insert_texto,-,6456,0,0.002291400
pgvector,1,insert_texto,-,6457,0,0.002458700
pgvector,1,insert_texto,-,6458,0,0.002372200
pgvector,1,insert_texto,-,6459,0,0.002563300
pgvector,1,insert_texto,-,6460,0,0.002492700
pgvector,1,insert_texto,-,6461,0,0.002656100
pgvector,1,insert_texto,-,6462,0,0.002491400
pgvector,1,insert_texto,-,6463,0,0.002249000
pgvector,1,insert_texto,-,6464,0,0.002331000
pgvector,1,insert_texto,-,6465,0,0.002316100
pgvector,1,insert_texto,-,6466,0,0.002381500
pgvector,1,insert_texto,-,6467,0,0.002246300
pgvector,1,insert_texto,-,6468,0,0.002232600
pgvector,1,insert_texto,-,6469,0,0.002332100
pgvector,1,insert_texto,-,6470,0,0.002405000
pgvector,1,insert_texto,-,6471,0,0.002416800
pgvector,1,insert_texto,-,6472,0,0.002563800
pgvector,1,insert_texto,-,6473,0,0.002421100
pgvector,1,insert_texto,-,6474,0,0.002486200
pgvector,1,insert_texto,-,6475,0,0.002413900
pgvector,1,insert_texto,-,6476,0,0.002364900
pgvector,1,insert_texto,-,6477,0,0.002366600
pgvector,1,insert_texto,-,6478,0,0.002309600
pgvector,1,insert_texto,-,6479,0,0.002520100
pgvector,1,insert_texto,-,6480,0,0.002391500
pgvector,1,insert_texto,-,6481,0,0.002298400
pgvector,1,insert_texto,-,6482,0,0.002694400
pgvector,1,insert_texto,-,6483,0,0.002586000
pgvector,1,insert_texto,-,6484,0,0.002821100
pgvector,1,insert_texto,-,6485,0,0.002970200
pgvector,1,insert_texto,-,6486,0,0.003085700
pgvector,1,insert_texto,-,6487,0,0.002575200
pgvector,1,insert_texto,-,6488,0,0.002778500
pgvector,1,insert_texto,-,6489,0,0.002857100
pgvector,1,insert_texto,-,6490,0,0.002710800
pgvector,1,insert_texto,-,6491,0,0.002437100
pgvector,1,insert_texto,-,6492,0,0.002217000
pgvector,1,insert_texto,-,6493,0,0.002242500
pgvector,1,insert_texto,-,6494,0,0.002396300
pgvector,1,insert_texto,-,6495,0,0.002441200
pgvector,1,insert_texto,-,6496,0,0.002447100
pgvector,1,insert_texto,-,6497,0,0.002501600
pgvector,1,insert_texto,-,6498,0,0.002504800
pgvector,1,insert_texto,-,6499,0,0.002202800
pgvector,1,insert_texto,-,6500,0,0.002309800
pgvector,1,insert_texto,-,6501,0,0.002349200
pgvector,1,insert_texto,-,6502,0,0.002327000
pgvector,1,insert_texto,-,6503,0,0.002343900
pgvector,1,insert_texto,-,6504,0,0.002417700
pgvector,1,insert_texto,-,6505,0,0.002475600
pgvector,1,insert_texto,-,6506,0,0.002727700
pgvector,1,insert_texto,-,6507,0,0.002332700
pgvector,1,insert_texto,-,6508,0,0.002347800
pgvector,1,insert_texto,-,6509,0,0.002357900
pgvector,1,insert_texto,-,6510,0,0.002445500
pgvector,1,insert_texto,-,6511,0,0.002254300
pgvector,1,insert_texto,-,6512,0,0.002180100
pgvector,1,insert_texto,-,6513,0,0.002370900
pgvector,1,insert_texto,-,6514,0,0.002524300
pgvector,1,insert_texto,-,6515,0,0.002387100
pgvector,1,insert_texto,-,6516,0,0.002518500
pgvector,1,insert_texto,-,6517,0,0.002699400
pgvector,1,insert_texto,-,6518,0,0.002342000
pgvector,1,insert_texto,-,6519,0,0.002711400
pgvector,1,insert_texto,-,6520,0,0.002204100
pgvector,1,insert_texto,-,6521,0,0.002666600
pgvector,1,insert_texto,-,6522,0,0.002315200
pgvector,1,insert_texto,-,6523,0,0.002565500
pgvector,1,insert_texto,-,6524,0,0.002326800
pgvector,1,insert_texto,-,6525,0,0.002200300
pgvector,1,insert_texto,-,6526,0,0.002400800
pgvector,1,insert_texto,-,6527,0,0.002400500
pgvector,1,insert_texto,-,6528,0,0.002543800
pgvector,1,insert_texto,-,6529,0,0.002703500
pgvector,1,insert_texto,-,6530,0,0.002452100
pgvector,1,insert_texto,-,6531,0,0.002400000
pgvector,1,insert_texto,-,6532,0,0.002515500
pgvector,1,insert_texto,-,6533,0,0.002181800
pgvector,1,insert_texto,-,6534,0,0.002476300
pgvector,1,insert_texto,-,6535,0,0.002451800
pgvector,1,insert_texto,-,6536,0,0.002480000
pgvector,1,insert_texto,-,6537,0,0.002215600
pgvector,1,insert_texto,-,6538,0,0.002159500
pgvector,1,insert_texto,-,6539,0,0.002400300
pgvector,1,insert_texto,-,6540,0,0.002190100
pgvector,1,insert_texto,-,6541,0,0.002497300
pgvector,1,insert_texto,-,6542,0,0.002368400
pgvector,1,insert_texto,-,6543,0,0.002343800
pgvector,1,insert_texto,-,6544,0,0.002293300
pgvector,1,insert_texto,-,6545,0,0.002391700
pgvector,1,insert_texto,-,6546,0,0.002304500
pgvector,1,insert_texto,-,6547,0,0.002526100
pgvector,1,insert_texto,-,6548,0,0.002372700
pgvector,1,insert_texto,-,6549,0,0.002363100
pgvector,1,insert_texto,-,6550,0,0.002702200
pgvector,1,insert_texto,-,6551,0,0.002289300
pgvector,1,insert_texto,-,6552,0,0.002331700
pgvector,1,insert_texto,-,6553,0,0.002290800
pgvector,1,insert_texto,-,6554,0,0.002423300
pgvector,1,insert_texto,-,6555,0,0.002221100
pgvector,1,insert_texto,-,6556,0,0.002832500
pgvector,1,insert_texto,-,6557,0,0.002342300
pgvector,1,insert_texto,-,6558,0,0.002160400
pgvector,1,insert_texto,-,6559,0,0.002394200
pgvector,1,insert_texto,-,6560,0,0.002167600
pgvector,1,insert_texto,-,6561,0,0.002255200
pgvector,1,insert_texto,-,6562,0,0.002330100
pgvector,1,insert_texto,-,6563,0,0.002454000
pgvector,1,insert_texto,-,6564,0,0.002557200
pgvector,1,insert_texto,-,6565,0,0.002312000
pgvector,1,insert_texto,-,6566,0,0.002435800
pgvector,1,insert_texto,-,6567,0,0.002609000
pgvector,1,insert_texto,-,6568,0,0.002391800
pgvector,1,insert_texto,-,6569,0,0.003012900
pgvector,1,insert_texto,-,6570,0,0.002421700
pgvector,1,insert_texto,-,6571,0,0.002326600
pgvector,1,insert_texto,-,6572,0,0.002158900
pgvector,1,insert_texto,-,6573,0,0.002390800
pgvector,1,insert_texto,-,6574,0,0.002359500
pgvector,1,insert_texto,-,6575,0,0.002363300
pgvector,1,insert_texto,-,6576,0,0.002429200
pgvector,1,insert_texto,-,6577,0,0.002674800
pgvector,1,insert_texto,-,6578,0,0.002595400
pgvector,1,insert_texto,-,6579,0,0.002617000
pgvector,1,insert_texto,-,6580,0,0.002789700
pgvector,1,insert_texto,-,6581,0,0.002627400
pgvector,1,insert_texto,-,6582,0,0.002914800
pgvector,1,insert_texto,-,6583,0,0.002835400
pgvector,1,insert_texto,-,6584,0,0.002902100
pgvector,1,insert_texto,-,6585,0,0.002373800
pgvector,1,insert_texto,-,6586,0,0.002724600
pgvector,1,insert_texto,-,6587,0,0.002513600
pgvector,1,insert_texto,-,6588,0,0.002646700
pgvector,1,insert_texto,-,6589,0,0.002421100
pgvector,1,insert_texto,-,6590,0,0.002226000
pgvector,1,insert_texto,-,6591,0,0.002482400
pgvector,1,insert_texto,-,6592,0,0.002590900
pgvector,1,insert_texto,-,6593,0,0.002405300
pgvector,1,insert_texto,-,6594,0,0.002510800
pgvector,1,insert_texto,-,6595,0,0.002500100
pgvector,1,insert_texto,-,6596,0,0.002465200
pgvector,1,insert_texto,-,6597,0,0.002482200
pgvector,1,insert_texto,-,6598,0,0.002380500
pgvector,1,insert_texto,-,6599,0,0.002502700
pgvector,1,insert_texto,-,6600,0,0.002556300
pgvector,1,insert_texto,-,6601,0,0.002288000
pgvector,1,insert_texto,-,6602,0,0.002203600
pgvector,1,insert_texto,-,6603,0,0.002244500
pgvector,1,insert_texto,-,6604,0,0.002436700
pgvector,1,insert_texto,-,6605,0,0.002741000
pgvector,1,insert_texto,-,6606,0,0.002539600
pgvector,1,insert_texto,-,6607,0,0.002313300
pgvector,1,insert_texto,-,6608,0,0.002455400
pgvector,1,insert_texto,-,6609,0,0.002494100
pgvector,1,insert_texto,-,6610,0,0.002356800
pgvector,1,insert_texto,-,6611,0,0.002489500
pgvector,1,insert_texto,-,6612,0,0.002651800
pgvector,1,insert_texto,-,6613,0,0.002291800
pgvector,1,insert_texto,-,6614,0,0.002226400
pgvector,1,insert_texto,-,6615,0,0.002104500
pgvector,1,insert_texto,-,6616,0,0.002259800
pgvector,1,insert_texto,-,6617,0,0.002355000
pgvector,1,insert_texto,-,6618,0,0.002594600
pgvector,1,insert_texto,-,6619,0,0.002420200
pgvector,1,insert_texto,-,6620,0,0.002509500
pgvector,1,insert_texto,-,6621,0,0.002520600
pgvector,1,insert_texto,-,6622,0,0.002309700
pgvector,1,insert_texto,-,6623,0,0.002213600
pgvector,1,insert_texto,-,6624,0,0.002189500
pgvector,1,insert_texto,-,6625,0,0.002466600
pgvector,1,insert_texto,-,6626,0,0.002623600
pgvector,1,insert_texto,-,6627,0,0.002442000
pgvector,1,insert_texto,-,6628,0,0.002418000
pgvector,1,insert_texto,-,6629,0,0.002506600
pgvector,1,insert_texto,-,6630,0,0.002281100
pgvector,1,insert_texto,-,6631,0,0.002763500
pgvector,1,insert_texto,-,6632,0,0.002491600
pgvector,1,insert_texto,-,6633,0,0.002405300
pgvector,1,insert_texto,-,6634,0,0.002368100
pgvector,1,insert_texto,-,6635,0,0.002264200
pgvector,1,insert_texto,-,6636,0,0.002246000
pgvector,1,insert_texto,-,6637,0,0.002272200
pgvector,1,insert_texto,-,6638,0,0.002450300
pgvector,1,insert_texto,-,6639,0,0.002391500
pgvector,1,insert_texto,-,6640,0,0.002467200
pgvector,1,insert_texto,-,6641,0,0.002179000
pgvector,1,insert_texto,-,6642,0,0.002435100
pgvector,1,insert_texto,-,6643,0,0.002360200
pgvector,1,insert_texto,-,6644,0,0.002385100
pgvector,1,insert_texto,-,6645,0,0.002542400
pgvector,1,insert_texto,-,6646,0,0.002459800
pgvector,1,insert_texto,-,6647,0,0.002429000
pgvector,1,insert_texto,-,6648,0,0.002352300
pgvector,1,insert_texto,-,6649,0,0.002495000
pgvector,1,insert_texto,-,6650,0,0.002288700
pgvector,1,insert_texto,-,6651,0,0.002355900
pgvector,1,insert_texto,-,6652,0,0.002282000
pgvector,1,insert_texto,-,6653,0,0.002466300
pgvector,1,insert_texto,-,6654,0,0.002361500
pgvector,1,insert_texto,-,6655,0,0.002529000
pgvector,1,insert_texto,-,6656,0,0.002520300
pgvector,1,insert_texto,-,6657,0,0.002343100
pgvector,1,insert_texto,-,6658,0,0.002487600
pgvector,1,insert_texto,-,6659,0,0.002391800
pgvector,1,insert_texto,-,6660,0,0.002305400
pgvector,1,insert_texto,-,6661,0,0.002168200
pgvector,1,insert_texto,-,6662,0,0.002410000
pgvector,1,insert_texto,-,6663,0,0.002368100
pgvector,1,insert_texto,-,6664,0,0.002609400
pgvector,1,insert_texto,-,6665,0,0.002269500
pgvector,1,insert_texto,-,6666,0,0.002156200
pgvector,1,insert_texto,-,6667,0,0.002353300
pgvector,1,insert_texto,-,6668,0,0.002331200
pgvector,1,insert_texto,-,6669,0,0.002542000
pgvector,1,insert_texto,-,6670,0,0.002599300
pgvector,1,insert_texto,-,6671,0,0.002643200
pgvector,1,insert_texto,-,6672,0,0.002641600
pgvector,1,insert_texto,-,6673,0,0.002810000
pgvector,1,insert_texto,-,6674,0,0.003029100
pgvector,1,insert_texto,-,6675,0,0.002733300
pgvector,1,insert_texto,-,6676,0,0.002804700
pgvector,1,insert_texto,-,6677,0,0.002693600
pgvector,1,insert_texto,-,6678,0,0.002665100
pgvector,1,insert_texto,-,6679,0,0.002675100
pgvector,1,insert_texto,-,6680,0,0.002410500
pgvector,1,insert_texto,-,6681,0,0.002340600
pgvector,1,insert_texto,-,6682,0,0.002470300
pgvector,1,insert_texto,-,6683,0,0.002292300
pgvector,1,insert_texto,-,6684,0,0.002479200
pgvector,1,insert_texto,-,6685,0,0.002418200
pgvector,1,insert_texto,-,6686,0,0.002395900
pgvector,1,insert_texto,-,6687,0,0.002443500
pgvector,1,insert_texto,-,6688,0,0.002264700
pgvector,1,insert_texto,-,6689,0,0.002495300
pgvector,1,insert_texto,-,6690,0,0.002313500
pgvector,1,insert_texto,-,6691,0,0.002355400
pgvector,1,insert_texto,-,6692,0,0.002131100
pgvector,1,insert_texto,-,6693,0,0.002298300
pgvector,1,insert_texto,-,6694,0,0.002338800
pgvector,1,insert_texto,-,6695,0,0.002487700
pgvector,1,insert_texto,-,6696,0,0.002342300
pgvector,1,insert_texto,-,6697,0,0.002174300
pgvector,1,insert_texto,-,6698,0,0.002157700
pgvector,1,insert_texto,-,6699,0,0.002408300
pgvector,1,insert_texto,-,6700,0,0.002223700
pgvector,1,insert_texto,-,6701,0,0.002596100
pgvector,1,insert_texto,-,6702,0,0.002371900
pgvector,1,insert_texto,-,6703,0,0.002243800
pgvector,1,insert_texto,-,6704,0,0.002312700
pgvector,1,insert_texto,-,6705,0,0.002383800
pgvector,1,insert_texto,-,6706,0,0.002257400
pgvector,1,insert_texto,-,6707,0,0.002439500
pgvector,1,insert_texto,-,6708,0,0.002359200
pgvector,1,insert_texto,-,6709,0,0.002681300
pgvector,1,insert_texto,-,6710,0,0.002353800
pgvector,1,insert_texto,-,6711,0,0.002289700
pgvector,1,insert_texto,-,6712,0,0.002345900
pgvector,1,insert_texto,-,6713,0,0.002352600
pgvector,1,insert_texto,-,6714,0,0.002450900
pgvector,1,insert_texto,-,6715,0,0.003039400
pgvector,1,insert_texto,-,6716,0,0.002686100
pgvector,1,insert_texto,-,6717,0,0.003237600
pgvector,1,insert_texto,-,6718,0,0.003768800
pgvector,1,insert_texto,-,6719,0,0.003840800
pgvector,1,insert_texto,-,6720,0,0.003863100
pgvector,1,insert_texto,-,6721,0,0.003092500
pgvector,1,insert_texto,-,6722,0,0.002726200
pgvector,1,insert_texto,-,6723,0,0.002847800
pgvector,1,insert_texto,-,6724,0,0.002877700
pgvector,1,insert_texto,-,6725,0,0.002897100
pgvector,1,insert_texto,-,6726,0,0.002885600
pgvector,1,insert_texto,-,6727,0,0.003017000
pgvector,1,insert_texto,-,6728,0,0.002807000
pgvector,1,insert_texto,-,6729,0,0.002886000
pgvector,1,insert_texto,-,6730,0,0.002884400
pgvector,1,insert_texto,-,6731,0,0.002908700
pgvector,1,insert_texto,-,6732,0,0.002713600
pgvector,1,insert_texto,-,6733,0,0.002966000
pgvector,1,insert_texto,-,6734,0,0.002954400
pgvector,1,insert_texto,-,6735,0,0.003011400
pgvector,1,insert_texto,-,6736,0,0.002922500
pgvector,1,insert_texto,-,6737,0,0.002845200
pgvector,1,insert_texto,-,6738,0,0.002868500
pgvector,1,insert_texto,-,6739,0,0.002758900
pgvector,1,insert_texto,-,6740,0,0.002870700
pgvector,1,insert_texto,-,6741,0,0.003225600
pgvector,1,insert_texto,-,6742,0,0.002875400
pgvector,1,insert_texto,-,6743,0,0.002906500
pgvector,1,insert_texto,-,6744,0,0.002777400
pgvector,1,insert_texto,-,6745,0,0.002791000
pgvector,1,insert_texto,-,6746,0,0.002743900
pgvector,1,insert_texto,-,6747,0,0.003102900
pgvector,1,insert_texto,-,6748,0,0.002872700
pgvector,1,insert_texto,-,6749,0,0.003049800
pgvector,1,insert_texto,-,6750,0,0.002866700
pgvector,1,insert_texto,-,6751,0,0.002808800
pgvector,1,insert_texto,-,6752,0,0.002790900
pgvector,1,insert_texto,-,6753,0,0.002806100
pgvector,1,insert_texto,-,6754,0,0.003023800
pgvector,1,insert_texto,-,6755,0,0.002739800
pgvector,1,insert_texto,-,6756,0,0.002943400
pgvector,1,insert_texto,-,6757,0,0.002897000
pgvector,1,insert_texto,-,6758,0,0.002855900
pgvector,1,insert_texto,-,6759,0,0.003034300
pgvector,1,insert_texto,-,6760,0,0.002938000
pgvector,1,insert_texto,-,6761,0,0.002725300
pgvector,1,insert_texto,-,6762,0,0.002718000
pgvector,1,insert_texto,-,6763,0,0.002946800
pgvector,1,insert_texto,-,6764,0,0.002814800
pgvector,1,insert_texto,-,6765,0,0.002852100
pgvector,1,insert_texto,-,6766,0,0.002888600
pgvector,1,insert_texto,-,6767,0,0.002988400
pgvector,1,insert_texto,-,6768,0,0.003147400
pgvector,1,insert_texto,-,6769,0,0.003262700
pgvector,1,insert_texto,-,6770,0,0.003122900
pgvector,1,insert_texto,-,6771,0,0.003163600
pgvector,1,insert_texto,-,6772,0,0.003506100
pgvector,1,insert_texto,-,6773,0,0.003382900
pgvector,1,insert_texto,-,6774,0,0.003123200
pgvector,1,insert_texto,-,6775,0,0.002959900
pgvector,1,insert_texto,-,6776,0,0.002868100
pgvector,1,insert_texto,-,6777,0,0.002778500
pgvector,1,insert_texto,-,6778,0,0.003017500
pgvector,1,insert_texto,-,6779,0,0.003122600
pgvector,1,insert_texto,-,6780,0,0.002920700
pgvector,1,insert_texto,-,6781,0,0.002681600
pgvector,1,insert_texto,-,6782,0,0.003000200
pgvector,1,insert_texto,-,6783,0,0.002835100
pgvector,1,insert_texto,-,6784,0,0.003098600
pgvector,1,insert_texto,-,6785,0,0.002689300
pgvector,1,insert_texto,-,6786,0,0.002810500
pgvector,1,insert_texto,-,6787,0,0.002835800
pgvector,1,insert_texto,-,6788,0,0.002920400
pgvector,1,insert_texto,-,6789,0,0.003249500
pgvector,1,insert_texto,-,6790,0,0.003002300
pgvector,1,insert_texto,-,6791,0,0.002846300
pgvector,1,insert_texto,-,6792,0,0.002851900
pgvector,1,insert_texto,-,6793,0,0.003128500
pgvector,1,insert_texto,-,6794,0,0.002946400
pgvector,1,insert_texto,-,6795,0,0.002906200
pgvector,1,insert_texto,-,6796,0,0.003070800
pgvector,1,insert_texto,-,6797,0,0.002789300
pgvector,1,insert_texto,-,6798,0,0.002893100
pgvector,1,insert_texto,-,6799,0,0.003108200
pgvector,1,insert_texto,-,6800,0,0.002897700
pgvector,1,insert_texto,-,6801,0,0.002852600
pgvector,1,insert_texto,-,6802,0,0.002803700
pgvector,1,insert_texto,-,6803,0,0.002796700
pgvector,1,insert_texto,-,6804,0,0.002843900
pgvector,1,insert_texto,-,6805,0,0.002616900
pgvector,1,insert_texto,-,6806,0,0.002723300
pgvector,1,insert_texto,-,6807,0,0.002618000
pgvector,1,insert_texto,-,6808,0,0.002539700
pgvector,1,insert_texto,-,6809,0,0.002734300
pgvector,1,insert_texto,-,6810,0,0.002586200
pgvector,1,insert_texto,-,6811,0,0.002809100
pgvector,1,insert_texto,-,6812,0,0.002728800
pgvector,1,insert_texto,-,6813,0,0.002632100
pgvector,1,insert_texto,-,6814,0,0.002540700
pgvector,1,insert_texto,-,6815,0,0.002831400
pgvector,1,insert_texto,-,6816,0,0.002858000
pgvector,1,insert_texto,-,6817,0,0.002786400
pgvector,1,insert_texto,-,6818,0,0.002626900
pgvector,1,insert_texto,-,6819,0,0.002809300
pgvector,1,insert_texto,-,6820,0,0.002650700
pgvector,1,insert_texto,-,6821,0,0.002518400
pgvector,1,insert_texto,-,6822,0,0.003002400
pgvector,1,insert_texto,-,6823,0,0.002428600
pgvector,1,insert_texto,-,6824,0,0.002709100
pgvector,1,insert_texto,-,6825,0,0.002881400
pgvector,1,insert_texto,-,6826,0,0.002784400
pgvector,1,insert_texto,-,6827,0,0.002634400
pgvector,1,insert_texto,-,6828,0,0.002806000
pgvector,1,insert_texto,-,6829,0,0.002669900
pgvector,1,insert_texto,-,6830,0,0.002636800
pgvector,1,insert_texto,-,6831,0,0.002918900
pgvector,1,insert_texto,-,6832,0,0.002724600
pgvector,1,insert_texto,-,6833,0,0.002781800
pgvector,1,insert_texto,-,6834,0,0.003009400
pgvector,1,insert_texto,-,6835,0,0.002776900
pgvector,1,insert_texto,-,6836,0,0.003283600
pgvector,1,insert_texto,-,6837,0,0.002772300
pgvector,1,insert_texto,-,6838,0,0.002821400
pgvector,1,insert_texto,-,6839,0,0.002861800
pgvector,1,insert_texto,-,6840,0,0.002692200
pgvector,1,insert_texto,-,6841,0,0.002541400
pgvector,1,insert_texto,-,6842,0,0.002725500
pgvector,1,insert_texto,-,6843,0,0.002630900
pgvector,1,insert_texto,-,6844,0,0.002574000
pgvector,1,insert_texto,-,6845,0,0.002829300
pgvector,1,insert_texto,-,6846,0,0.002594200
pgvector,1,insert_texto,-,6847,0,0.002592500
pgvector,1,insert_texto,-,6848,0,0.002812000
pgvector,1,insert_texto,-,6849,0,0.002692200
pgvector,1,insert_texto,-,6850,0,0.002626100
pgvector,1,insert_texto,-,6851,0,0.002878600
pgvector,1,insert_texto,-,6852,0,0.002598100
pgvector,1,insert_texto,-,6853,0,0.002542700
pgvector,1,insert_texto,-,6854,0,0.002925700
pgvector,1,insert_texto,-,6855,0,0.002711600
pgvector,1,insert_texto,-,6856,0,0.002730000
pgvector,1,insert_texto,-,6857,0,0.003005400
pgvector,1,insert_texto,-,6858,0,0.002649000
pgvector,1,insert_texto,-,6859,0,0.002610200
pgvector,1,insert_texto,-,6860,0,0.002757700
pgvector,1,insert_texto,-,6861,0,0.002645000
pgvector,1,insert_texto,-,6862,0,0.002679100
pgvector,1,insert_texto,-,6863,0,0.003153900
pgvector,1,insert_texto,-,6864,0,0.003081900
pgvector,1,insert_texto,-,6865,0,0.002940600
pgvector,1,insert_texto,-,6866,0,0.003129400
pgvector,1,insert_texto,-,6867,0,0.003169100
pgvector,1,insert_texto,-,6868,0,0.003412900
pgvector,1,insert_texto,-,6869,0,0.003492200
pgvector,1,insert_texto,-,6870,0,0.003119100
pgvector,1,insert_texto,-,6871,0,0.003010200
pgvector,1,insert_texto,-,6872,0,0.002688700
pgvector,1,insert_texto,-,6873,0,0.002844000
pgvector,1,insert_texto,-,6874,0,0.003079800
pgvector,1,insert_texto,-,6875,0,0.002698300
pgvector,1,insert_texto,-,6876,0,0.002884300
pgvector,1,insert_texto,-,6877,0,0.002760400
pgvector,1,insert_texto,-,6878,0,0.002711400
pgvector,1,insert_texto,-,6879,0,0.002631000
pgvector,1,insert_texto,-,6880,0,0.002731900
pgvector,1,insert_texto,-,6881,0,0.002707400
pgvector,1,insert_texto,-,6882,0,0.002582400
pgvector,1,insert_texto,-,6883,0,0.002930900
pgvector,1,insert_texto,-,6884,0,0.002747200
pgvector,1,insert_texto,-,6885,0,0.002681300
pgvector,1,insert_texto,-,6886,0,0.002635000
pgvector,1,insert_texto,-,6887,0,0.002607800
pgvector,1,insert_texto,-,6888,0,0.002623100
pgvector,1,insert_texto,-,6889,0,0.002934100
pgvector,1,insert_texto,-,6890,0,0.002683200
pgvector,1,insert_texto,-,6891,0,0.002646900
pgvector,1,insert_texto,-,6892,0,0.002829600
pgvector,1,insert_texto,-,6893,0,0.002835700
pgvector,1,insert_texto,-,6894,0,0.002641600
pgvector,1,insert_texto,-,6895,0,0.004207200
pgvector,1,insert_texto,-,6896,0,0.003092700
pgvector,1,insert_texto,-,6897,0,0.002920200
pgvector,1,insert_texto,-,6898,0,0.002827600
pgvector,1,insert_texto,-,6899,0,0.002887200
pgvector,1,insert_texto,-,6900,0,0.002934500
pgvector,1,insert_texto,-,6901,0,0.002871200
pgvector,1,insert_texto,-,6902,0,0.002907800
pgvector,1,insert_texto,-,6903,0,0.002872700
pgvector,1,insert_texto,-,6904,0,0.003044100
pgvector,1,insert_texto,-,6905,0,0.002967700
pgvector,1,insert_texto,-,6906,0,0.002865100
pgvector,1,insert_texto,-,6907,0,0.002797000
pgvector,1,insert_texto,-,6908,0,0.002793000
pgvector,1,insert_texto,-,6909,0,0.002943600
pgvector,1,insert_texto,-,6910,0,0.002891500
pgvector,1,insert_texto,-,6911,0,0.002895300
pgvector,1,insert_texto,-,6912,0,0.002816200
pgvector,1,insert_texto,-,6913,0,0.002850800
pgvector,1,insert_texto,-,6914,0,0.002902600
pgvector,1,insert_texto,-,6915,0,0.003064500
pgvector,1,insert_texto,-,6916,0,0.002912700
pgvector,1,insert_texto,-,6917,0,0.002803700
pgvector,1,insert_texto,-,6918,0,0.002786000
pgvector,1,insert_texto,-,6919,0,0.002859700
pgvector,1,insert_texto,-,6920,0,0.002882100
pgvector,1,insert_texto,-,6921,0,0.002819000
pgvector,1,insert_texto,-,6922,0,0.002925200
pgvector,1,insert_texto,-,6923,0,0.002917600
pgvector,1,insert_texto,-,6924,0,0.002917400
pgvector,1,insert_texto,-,6925,0,0.002744100
pgvector,1,insert_texto,-,6926,0,0.002908800
pgvector,1,insert_texto,-,6927,0,0.003139900
pgvector,1,insert_texto,-,6928,0,0.003028100
pgvector,1,insert_texto,-,6929,0,0.002861300
pgvector,1,insert_texto,-,6930,0,0.002940200
pgvector,1,insert_texto,-,6931,0,0.002799500
pgvector,1,insert_texto,-,6932,0,0.002827800
pgvector,1,insert_texto,-,6933,0,0.002806800
pgvector,1,insert_texto,-,6934,0,0.002853500
pgvector,1,insert_texto,-,6935,0,0.002904100
pgvector,1,insert_texto,-,6936,0,0.002824300
pgvector,1,insert_texto,-,6937,0,0.002971000
pgvector,1,insert_texto,-,6938,0,0.003193500
pgvector,1,insert_texto,-,6939,0,0.002901900
pgvector,1,insert_texto,-,6940,0,0.002804800
pgvector,1,insert_texto,-,6941,0,0.002920200
pgvector,1,insert_texto,-,6942,0,0.003447900
pgvector,1,insert_texto,-,6943,0,0.002986500
pgvector,1,insert_texto,-,6944,0,0.002942900
pgvector,1,insert_texto,-,6945,0,0.003136500
pgvector,1,insert_texto,-,6946,0,0.003089300
pgvector,1,insert_texto,-,6947,0,0.002786700
pgvector,1,insert_texto,-,6948,0,0.002736600
pgvector,1,insert_texto,-,6949,0,0.002947600
pgvector,1,insert_texto,-,6950,0,0.002850800
pgvector,1,insert_texto,-,6951,0,0.002741700
pgvector,1,insert_texto,-,6952,0,0.002814300
pgvector,1,insert_texto,-,6953,0,0.003056800
pgvector,1,insert_texto,-,6954,0,0.002870200
pgvector,1,insert_texto,-,6955,0,0.003190500
pgvector,1,insert_texto,-,6956,0,0.003136800
pgvector,1,insert_texto,-,6957,0,0.003240000
pgvector,1,insert_texto,-,6958,0,0.003340500
pgvector,1,insert_texto,-,6959,0,0.003332000
pgvector,1,insert_texto,-,6960,0,0.003206100
pgvector,1,insert_texto,-,6961,0,0.003218600
pgvector,1,insert_texto,-,6962,0,0.003178900
pgvector,1,insert_texto,-,6963,0,0.002890100
pgvector,1,insert_texto,-,6964,0,0.002887600
pgvector,1,insert_texto,-,6965,0,0.002993600
pgvector,1,insert_texto,-,6966,0,0.003492400
pgvector,1,insert_texto,-,6967,0,0.003068100
pgvector,1,insert_texto,-,6968,0,0.002879900
pgvector,1,insert_texto,-,6969,0,0.003107500
pgvector,1,insert_texto,-,6970,0,0.003117300
pgvector,1,insert_texto,-,6971,0,0.002908700
pgvector,1,insert_texto,-,6972,0,0.002974700
pgvector,1,insert_texto,-,6973,0,0.002802500
pgvector,1,insert_texto,-,6974,0,0.003064900
pgvector,1,insert_texto,-,6975,0,0.003284100
pgvector,1,insert_texto,-,6976,0,0.002889200
pgvector,1,insert_texto,-,6977,0,0.002854700
pgvector,1,insert_texto,-,6978,0,0.003134900
pgvector,1,insert_texto,-,6979,0,0.002729400
pgvector,1,insert_texto,-,6980,0,0.002879800
pgvector,1,insert_texto,-,6981,0,0.002830300
pgvector,1,insert_texto,-,6982,0,0.002654000
pgvector,1,insert_texto,-,6983,0,0.002898700
pgvector,1,insert_texto,-,6984,0,0.002825000
pgvector,1,insert_texto,-,6985,0,0.002726800
pgvector,1,insert_texto,-,6986,0,0.002823700
pgvector,1,insert_texto,-,6987,0,0.002788300
pgvector,1,insert_texto,-,6988,0,0.002644900
pgvector,1,insert_texto,-,6989,0,0.002928700
pgvector,1,insert_texto,-,6990,0,0.002851900
pgvector,1,insert_texto,-,6991,0,0.002772100
pgvector,1,insert_texto,-,6992,0,0.002932800
pgvector,1,insert_texto,-,6993,0,0.002797400
pgvector,1,insert_texto,-,6994,0,0.002858200
pgvector,1,insert_texto,-,6995,0,0.003136500
pgvector,1,insert_texto,-,6996,0,0.002989500
pgvector,1,insert_texto,-,6997,0,0.002844700
pgvector,1,insert_texto,-,6998,0,0.002790600
pgvector,1,insert_texto,-,6999,0,0.002940900
pgvector,1,insert_texto,-,7000,0,0.002973900
pgvector,1,insert_texto,-,7001,0,0.003068500
pgvector,1,insert_texto,-,7002,0,0.002910400
pgvector,1,insert_texto,-,7003,0,0.002777800
pgvector,1,insert_texto,-,7004,0,0.002850000
pgvector,1,insert_texto,-,7005,0,0.002845500
pgvector,1,insert_texto,-,7006,0,0.002909100
pgvector,1,insert_texto,-,7007,0,0.002810900
pgvector,1,insert_texto,-,7008,0,0.002773000
pgvector,1,insert_texto,-,7009,0,0.003809900
pgvector,1,insert_texto,-,7010,0,0.002846300
pgvector,1,insert_texto,-,7011,0,0.002763900
pgvector,1,insert_texto,-,7012,0,0.003037100
pgvector,1,insert_texto,-,7013,0,0.002964900
pgvector,1,insert_texto,-,7014,0,0.002846600
pgvector,1,insert_texto,-,7015,0,0.002868000
pgvector,1,insert_texto,-,7016,0,0.003128700
pgvector,1,insert_texto,-,7017,0,0.002953800
pgvector,1,insert_texto,-,7018,0,0.002795100
pgvector,1,insert_texto,-,7019,0,0.002802100
pgvector,1,insert_texto,-,7020,0,0.002858000
pgvector,1,insert_texto,-,7021,0,0.002873800
pgvector,1,insert_texto,-,7022,0,0.002750000
pgvector,1,insert_texto,-,7023,0,0.002772300
pgvector,1,insert_texto,-,7024,0,0.002797700
pgvector,1,insert_texto,-,7025,0,0.002772900
pgvector,1,insert_texto,-,7026,0,0.002776200
pgvector,1,insert_texto,-,7027,0,0.002913200
pgvector,1,insert_texto,-,7028,0,0.002913100
pgvector,1,insert_texto,-,7029,0,0.002944200
pgvector,1,insert_texto,-,7030,0,0.002783700
pgvector,1,insert_texto,-,7031,0,0.002896000
pgvector,1,insert_texto,-,7032,0,0.002906600
pgvector,1,insert_texto,-,7033,0,0.002989500
pgvector,1,insert_texto,-,7034,0,0.002819900
pgvector,1,insert_texto,-,7035,0,0.002796000
pgvector,1,insert_texto,-,7036,0,0.002719500
pgvector,1,insert_texto,-,7037,0,0.002815000
pgvector,1,insert_texto,-,7038,0,0.002958800
pgvector,1,insert_texto,-,7039,0,0.002789100
pgvector,1,insert_texto,-,7040,0,0.002770600
pgvector,1,insert_texto,-,7041,0,0.002845400
pgvector,1,insert_texto,-,7042,0,0.002800400
pgvector,1,insert_texto,-,7043,0,0.002790600
pgvector,1,insert_texto,-,7044,0,0.002776900
pgvector,1,insert_texto,-,7045,0,0.002775500
pgvector,1,insert_texto,-,7046,0,0.002792800
pgvector,1,insert_texto,-,7047,0,0.002831500
pgvector,1,insert_texto,-,7048,0,0.002746400
pgvector,1,insert_texto,-,7049,0,0.003225200
pgvector,1,insert_texto,-,7050,0,0.003144400
pgvector,1,insert_texto,-,7051,0,0.003284300
pgvector,1,insert_texto,-,7052,0,0.003218400
pgvector,1,insert_texto,-,7053,0,0.003089400
pgvector,1,insert_texto,-,7054,0,0.003118200
pgvector,1,insert_texto,-,7055,0,0.003115500
pgvector,1,insert_texto,-,7056,0,0.003267700
pgvector,1,insert_texto,-,7057,0,0.002753900
pgvector,1,insert_texto,-,7058,0,0.002891500
pgvector,1,insert_texto,-,7059,0,0.003034400
pgvector,1,insert_texto,-,7060,0,0.003157800
pgvector,1,insert_texto,-,7061,0,0.003413500
pgvector,1,insert_texto,-,7062,0,0.003514400
pgvector,1,insert_texto,-,7063,0,0.003568600
pgvector,1,insert_texto,-,7064,0,0.004123500
pgvector,1,insert_texto,-,7065,0,0.003030000
pgvector,1,insert_texto,-,7066,0,0.003242300
pgvector,1,insert_texto,-,7067,0,0.003357000
pgvector,1,insert_texto,-,7068,0,0.003113800
pgvector,1,insert_texto,-,7069,0,0.003315100
pgvector,1,insert_texto,-,7070,0,0.003055700
pgvector,1,insert_texto,-,7071,0,0.003207400
pgvector,1,insert_texto,-,7072,0,0.003205800
pgvector,1,insert_texto,-,7073,0,0.003211600
pgvector,1,insert_texto,-,7074,0,0.003399600
pgvector,1,insert_texto,-,7075,0,0.003359500
pgvector,1,insert_texto,-,7076,0,0.003102800
pgvector,1,insert_texto,-,7077,0,0.003176900
pgvector,1,insert_texto,-,7078,0,0.003111600
pgvector,1,insert_texto,-,7079,0,0.003421100
pgvector,1,insert_texto,-,7080,0,0.003450300
pgvector,1,insert_texto,-,7081,0,0.003415200
pgvector,1,insert_texto,-,7082,0,0.003488400
pgvector,1,insert_texto,-,7083,0,0.003289000
pgvector,1,insert_texto,-,7084,0,0.003283100
pgvector,1,insert_texto,-,7085,0,0.002859600
pgvector,1,insert_texto,-,7086,0,0.002790600
pgvector,1,insert_texto,-,7087,0,0.002793500
pgvector,1,insert_texto,-,7088,0,0.002791400
pgvector,1,insert_texto,-,7089,0,0.002906300
pgvector,1,insert_texto,-,7090,0,0.002876400
pgvector,1,insert_texto,-,7091,0,0.002766500
pgvector,1,insert_texto,-,7092,0,0.002849200
pgvector,1,insert_texto,-,7093,0,0.002892800
pgvector,1,insert_texto,-,7094,0,0.002823400
pgvector,1,insert_texto,-,7095,0,0.002803400
pgvector,1,insert_texto,-,7096,0,0.002865700
pgvector,1,insert_texto,-,7097,0,0.002949600
pgvector,1,insert_texto,-,7098,0,0.002913000
pgvector,1,insert_texto,-,7099,0,0.003160500
pgvector,1,insert_texto,-,7100,0,0.002801100
pgvector,1,insert_texto,-,7101,0,0.002836300
pgvector,1,insert_texto,-,7102,0,0.003052200
pgvector,1,insert_texto,-,7103,0,0.002815800
pgvector,1,insert_texto,-,7104,0,0.002864300
pgvector,1,insert_texto,-,7105,0,0.002781600
pgvector,1,insert_texto,-,7106,0,0.002908800
pgvector,1,insert_texto,-,7107,0,0.002921200
pgvector,1,insert_texto,-,7108,0,0.002876800
pgvector,1,insert_texto,-,7109,0,0.002786800
pgvector,1,insert_texto,-,7110,0,0.002788800
pgvector,1,insert_texto,-,7111,0,0.002998500
pgvector,1,insert_texto,-,7112,0,0.002892000
pgvector,1,insert_texto,-,7113,0,0.002841800
pgvector,1,insert_texto,-,7114,0,0.003060400
pgvector,1,insert_texto,-,7115,0,0.002829100
pgvector,1,insert_texto,-,7116,0,0.002863800
pgvector,1,insert_texto,-,7117,0,0.002723000
pgvector,1,insert_texto,-,7118,0,0.002774000
pgvector,1,insert_texto,-,7119,0,0.002787200
pgvector,1,insert_texto,-,7120,0,0.002877600
pgvector,1,insert_texto,-,7121,0,0.002858100
pgvector,1,insert_texto,-,7122,0,0.002977100
pgvector,1,insert_texto,-,7123,0,0.002760200
pgvector,1,insert_texto,-,7124,0,0.002819700
pgvector,1,insert_texto,-,7125,0,0.002901900
pgvector,1,insert_texto,-,7126,0,0.002799000
pgvector,1,insert_texto,-,7127,0,0.002818600
pgvector,1,insert_texto,-,7128,0,0.002979000
pgvector,1,insert_texto,-,7129,0,0.002901400
pgvector,1,insert_texto,-,7130,0,0.002803200
pgvector,1,insert_texto,-,7131,0,0.002834600
pgvector,1,insert_texto,-,7132,0,0.002875400
pgvector,1,insert_texto,-,7133,0,0.002892900
pgvector,1,insert_texto,-,7134,0,0.002770000
pgvector,1,insert_texto,-,7135,0,0.002863400
pgvector,1,insert_texto,-,7136,0,0.002759600
pgvector,1,insert_texto,-,7137,0,0.002840100
pgvector,1,insert_texto,-,7138,0,0.002886400
pgvector,1,insert_texto,-,7139,0,0.002816300
pgvector,1,insert_texto,-,7140,0,0.002838000
pgvector,1,insert_texto,-,7141,0,0.002865900
pgvector,1,insert_texto,-,7142,0,0.002881000
pgvector,1,insert_texto,-,7143,0,0.003039000
pgvector,1,insert_texto,-,7144,0,0.003222400
pgvector,1,insert_texto,-,7145,0,0.003228800
pgvector,1,insert_texto,-,7146,0,0.003179700
pgvector,1,insert_texto,-,7147,0,0.003056400
pgvector,1,insert_texto,-,7148,0,0.003146700
pgvector,1,insert_texto,-,7149,0,0.003444900
pgvector,1,insert_texto,-,7150,0,0.003317600
pgvector,1,insert_texto,-,7151,0,0.003212900
pgvector,1,insert_texto,-,7152,0,0.002870900
pgvector,1,insert_texto,-,7153,0,0.002962700
pgvector,1,insert_texto,-,7154,0,0.002903200
pgvector,1,insert_texto,-,7155,0,0.002847200
pgvector,1,insert_texto,-,7156,0,0.002880200
pgvector,1,insert_texto,-,7157,0,0.003032500
pgvector,1,insert_texto,-,7158,0,0.002813500
pgvector,1,insert_texto,-,7159,0,0.002844000
pgvector,1,insert_texto,-,7160,0,0.003059400
pgvector,1,insert_texto,-,7161,0,0.002837900
pgvector,1,insert_texto,-,7162,0,0.002901000
pgvector,1,insert_texto,-,7163,0,0.002869300
pgvector,1,insert_texto,-,7164,0,0.002875900
pgvector,1,insert_texto,-,7165,0,0.002761500
pgvector,1,insert_texto,-,7166,0,0.002789500
pgvector,1,insert_texto,-,7167,0,0.002820900
pgvector,1,insert_texto,-,7168,0,0.003041100
pgvector,1,insert_texto,-,7169,0,0.002824600
pgvector,1,insert_texto,-,7170,0,0.002858300
pgvector,1,insert_texto,-,7171,0,0.002837600
pgvector,1,insert_texto,-,7172,0,0.002810800
pgvector,1,insert_texto,-,7173,0,0.003227300
pgvector,1,insert_texto,-,7174,0,0.003013400
pgvector,1,insert_texto,-,7175,0,0.002910200
pgvector,1,insert_texto,-,7176,0,0.003497000
pgvector,1,insert_texto,-,7177,0,0.003112100
pgvector,1,insert_texto,-,7178,0,0.002821600
pgvector,1,insert_texto,-,7179,0,0.002758500
pgvector,1,insert_texto,-,7180,0,0.002629300
pgvector,1,insert_texto,-,7181,0,0.002755400
pgvector,1,insert_texto,-,7182,0,0.002636100
pgvector,1,insert_texto,-,7183,0,0.002523800
pgvector,1,insert_texto,-,7184,0,0.002714600
pgvector,1,insert_texto,-,7185,0,0.002933200
pgvector,1,insert_texto,-,7186,0,0.002677400
pgvector,1,insert_texto,-,7187,0,0.002548800
pgvector,1,insert_texto,-,7188,0,0.002772100
pgvector,1,insert_texto,-,7189,0,0.002667500
pgvector,1,insert_texto,-,7190,0,0.002808800
pgvector,1,insert_texto,-,7191,0,0.002706600
pgvector,1,insert_texto,-,7192,0,0.002581100
pgvector,1,insert_texto,-,7193,0,0.002417600
pgvector,1,insert_texto,-,7194,0,0.002558000
pgvector,1,insert_texto,-,7195,0,0.002610100
pgvector,1,insert_texto,-,7196,0,0.002698400
pgvector,1,insert_texto,-,7197,0,0.002536100
pgvector,1,insert_texto,-,7198,0,0.002480900
pgvector,1,insert_texto,-,7199,0,0.002617600
pgvector,1,insert_texto,-,7200,0,0.002685700
pgvector,1,insert_texto,-,7201,0,0.002614500
pgvector,1,insert_texto,-,7202,0,0.002751800
pgvector,1,insert_texto,-,7203,0,0.002690100
pgvector,1,insert_texto,-,7204,0,0.002620500
pgvector,1,insert_texto,-,7205,0,0.002815000
pgvector,1,insert_texto,-,7206,0,0.002568300
pgvector,1,insert_texto,-,7207,0,0.002835600
pgvector,1,insert_texto,-,7208,0,0.002627300
pgvector,1,insert_texto,-,7209,0,0.002783300
pgvector,1,insert_texto,-,7210,0,0.002669800
pgvector,1,insert_texto,-,7211,0,0.002587900
pgvector,1,insert_texto,-,7212,0,0.002699600
pgvector,1,insert_texto,-,7213,0,0.002681600
pgvector,1,insert_texto,-,7214,0,0.002776600
pgvector,1,insert_texto,-,7215,0,0.002997000
pgvector,1,insert_texto,-,7216,0,0.002653600
pgvector,1,insert_texto,-,7217,0,0.002650600
pgvector,1,insert_texto,-,7218,0,0.002781400
pgvector,1,insert_texto,-,7219,0,0.002593100
pgvector,1,insert_texto,-,7220,0,0.002528000
pgvector,1,insert_texto,-,7221,0,0.002558400
pgvector,1,insert_texto,-,7222,0,0.002475100
pgvector,1,insert_texto,-,7223,0,0.002469400
pgvector,1,insert_texto,-,7224,0,0.002515600
pgvector,1,insert_texto,-,7225,0,0.002500400
pgvector,1,insert_texto,-,7226,0,0.002936200
pgvector,1,insert_texto,-,7227,0,0.002627400
pgvector,1,insert_texto,-,7228,0,0.002476400
pgvector,1,insert_texto,-,7229,0,0.002687400
pgvector,1,insert_texto,-,7230,0,0.002582000
pgvector,1,insert_texto,-,7231,0,0.002529200
pgvector,1,insert_texto,-,7232,0,0.002777500
pgvector,1,insert_texto,-,7233,0,0.002647200
pgvector,1,insert_texto,-,7234,0,0.002587500
pgvector,1,insert_texto,-,7235,0,0.002686600
pgvector,1,insert_texto,-,7236,0,0.002483600
pgvector,1,insert_texto,-,7237,0,0.002484000
pgvector,1,insert_texto,-,7238,0,0.003179200
pgvector,1,insert_texto,-,7239,0,0.002846000
pgvector,1,insert_texto,-,7240,0,0.002856900
pgvector,1,insert_texto,-,7241,0,0.002954700
pgvector,1,insert_texto,-,7242,0,0.002936100
pgvector,1,insert_texto,-,7243,0,0.002998700
pgvector,1,insert_texto,-,7244,0,0.002558900
pgvector,1,insert_texto,-,7245,0,0.002547600
pgvector,1,insert_texto,-,7246,0,0.002492200
pgvector,1,insert_texto,-,7247,0,0.002518300
pgvector,1,insert_texto,-,7248,0,0.002611700
pgvector,1,insert_texto,-,7249,0,0.002668400
pgvector,1,insert_texto,-,7250,0,0.002608900
pgvector,1,insert_texto,-,7251,0,0.002619400
pgvector,1,insert_texto,-,7252,0,0.002492800
pgvector,1,insert_texto,-,7253,0,0.002488900
pgvector,1,insert_texto,-,7254,0,0.002542800
pgvector,1,insert_texto,-,7255,0,0.002579000
pgvector,1,insert_texto,-,7256,0,0.002555300
pgvector,1,insert_texto,-,7257,0,0.002419400
pgvector,1,insert_texto,-,7258,0,0.002474700
pgvector,1,insert_texto,-,7259,0,0.002730600
pgvector,1,insert_texto,-,7260,0,0.002488600
pgvector,1,insert_texto,-,7261,0,0.002708700
pgvector,1,insert_texto,-,7262,0,0.002617900
pgvector,1,insert_texto,-,7263,0,0.002541500
pgvector,1,insert_texto,-,7264,0,0.002435800
pgvector,1,insert_texto,-,7265,0,0.002776300
pgvector,1,insert_texto,-,7266,0,0.002784800
pgvector,1,insert_texto,-,7267,0,0.002644900
pgvector,1,insert_texto,-,7268,0,0.002938100
pgvector,1,insert_texto,-,7269,0,0.002596400
pgvector,1,insert_texto,-,7270,0,0.002624300
pgvector,1,insert_texto,-,7271,0,0.002714900
pgvector,1,insert_texto,-,7272,0,0.002442500
pgvector,1,insert_texto,-,7273,0,0.002534300
pgvector,1,insert_texto,-,7274,0,0.002754900
pgvector,1,insert_texto,-,7275,0,0.002545800
pgvector,1,insert_texto,-,7276,0,0.002306500
pgvector,1,insert_texto,-,7277,0,0.002349800
pgvector,1,insert_texto,-,7278,0,0.002523200
pgvector,1,insert_texto,-,7279,0,0.002615600
pgvector,1,insert_texto,-,7280,0,0.002664400
pgvector,1,insert_texto,-,7281,0,0.002753900
pgvector,1,insert_texto,-,7282,0,0.002830400
pgvector,1,insert_texto,-,7283,0,0.002690000
pgvector,1,insert_texto,-,7284,0,0.002603200
pgvector,1,insert_texto,-,7285,0,0.002443200
pgvector,1,insert_texto,-,7286,0,0.003136300
pgvector,1,insert_texto,-,7287,0,0.002747500
pgvector,1,insert_texto,-,7288,0,0.002623100
pgvector,1,insert_texto,-,7289,0,0.002592900
pgvector,1,insert_texto,-,7290,0,0.002646100
pgvector,1,insert_texto,-,7291,0,0.002648000
pgvector,1,insert_texto,-,7292,0,0.002940800
pgvector,1,insert_texto,-,7293,0,0.002905400
pgvector,1,insert_texto,-,7294,0,0.002654900
pgvector,1,insert_texto,-,7295,0,0.002790200
pgvector,1,insert_texto,-,7296,0,0.002592800
pgvector,1,insert_texto,-,7297,0,0.002759300
pgvector,1,insert_texto,-,7298,0,0.002789900
pgvector,1,insert_texto,-,7299,0,0.002587300
pgvector,1,insert_texto,-,7300,0,0.002702600
pgvector,1,insert_texto,-,7301,0,0.002723200
pgvector,1,insert_texto,-,7302,0,0.002715700
pgvector,1,insert_texto,-,7303,0,0.002768400
pgvector,1,insert_texto,-,7304,0,0.002710300
pgvector,1,insert_texto,-,7305,0,0.002800700
pgvector,1,insert_texto,-,7306,0,0.002605700
pgvector,1,insert_texto,-,7307,0,0.002702800
pgvector,1,insert_texto,-,7308,0,0.002641500
pgvector,1,insert_texto,-,7309,0,0.002757900
pgvector,1,insert_texto,-,7310,0,0.002681500
pgvector,1,insert_texto,-,7311,0,0.002771100
pgvector,1,insert_texto,-,7312,0,0.002559500
pgvector,1,insert_texto,-,7313,0,0.002712700
pgvector,1,insert_texto,-,7314,0,0.002769600
pgvector,1,insert_texto,-,7315,0,0.002689800
pgvector,1,insert_texto,-,7316,0,0.002863900
pgvector,1,insert_texto,-,7317,0,0.002757400
pgvector,1,insert_texto,-,7318,0,0.002735500
pgvector,1,insert_texto,-,7319,0,0.002736400
pgvector,1,insert_texto,-,7320,0,0.002878100
pgvector,1,insert_texto,-,7321,0,0.002863100
pgvector,1,insert_texto,-,7322,0,0.002596200
pgvector,1,insert_texto,-,7323,0,0.002777300
pgvector,1,insert_texto,-,7324,0,0.002822600
pgvector,1,insert_texto,-,7325,0,0.002710600
pgvector,1,insert_texto,-,7326,0,0.002691200
pgvector,1,insert_texto,-,7327,0,0.002917300
pgvector,1,insert_texto,-,7328,0,0.002580100
pgvector,1,insert_texto,-,7329,0,0.002865700
pgvector,1,insert_texto,-,7330,0,0.002781500
pgvector,1,insert_texto,-,7331,0,0.002875200
pgvector,1,insert_texto,-,7332,0,0.003493000
pgvector,1,insert_texto,-,7333,0,0.002963800
pgvector,1,insert_texto,-,7334,0,0.003058900
pgvector,1,insert_texto,-,7335,0,0.003024100
pgvector,1,insert_texto,-,7336,0,0.002864200
pgvector,1,insert_texto,-,7337,0,0.003146900
pgvector,1,insert_texto,-,7338,0,0.003071900
pgvector,1,insert_texto,-,7339,0,0.002676900
pgvector,1,insert_texto,-,7340,0,0.002580300
pgvector,1,insert_texto,-,7341,0,0.002592400
pgvector,1,insert_texto,-,7342,0,0.002549600
pgvector,1,insert_texto,-,7343,0,0.003496000
pgvector,1,insert_texto,-,7344,0,0.002657300
pgvector,1,insert_texto,-,7345,0,0.002816600
pgvector,1,insert_texto,-,7346,0,0.002926600
pgvector,1,insert_texto,-,7347,0,0.002653200
pgvector,1,insert_texto,-,7348,0,0.002639300
pgvector,1,insert_texto,-,7349,0,0.002622900
pgvector,1,insert_texto,-,7350,0,0.002719600
pgvector,1,insert_texto,-,7351,0,0.003014500
pgvector,1,insert_texto,-,7352,0,0.003103000
pgvector,1,insert_texto,-,7353,0,0.003003000
pgvector,1,insert_texto,-,7354,0,0.003139500
pgvector,1,insert_texto,-,7355,0,0.002951100
pgvector,1,insert_texto,-,7356,0,0.003019400
pgvector,1,insert_texto,-,7357,0,0.003057300
pgvector,1,insert_texto,-,7358,0,0.003041200
pgvector,1,insert_texto,-,7359,0,0.002752700
pgvector,1,insert_texto,-,7360,0,0.003223600
pgvector,1,insert_texto,-,7361,0,0.003116900
pgvector,1,insert_texto,-,7362,0,0.002809800
pgvector,1,insert_texto,-,7363,0,0.002996500
pgvector,1,insert_texto,-,7364,0,0.003119300
pgvector,1,insert_texto,-,7365,0,0.003105600
pgvector,1,insert_texto,-,7366,0,0.002678200
pgvector,1,insert_texto,-,7367,0,0.002702900
pgvector,1,insert_texto,-,7368,0,0.002735500
pgvector,1,insert_texto,-,7369,0,0.002759700
pgvector,1,insert_texto,-,7370,0,0.002704000
pgvector,1,insert_texto,-,7371,0,0.002667600
pgvector,1,insert_texto,-,7372,0,0.002923800
pgvector,1,insert_texto,-,7373,0,0.002915400
pgvector,1,insert_texto,-,7374,0,0.002729000
pgvector,1,insert_texto,-,7375,0,0.002538100
pgvector,1,insert_texto,-,7376,0,0.002521000
pgvector,1,insert_texto,-,7377,0,0.002963700
pgvector,1,insert_texto,-,7378,0,0.002821000
pgvector,1,insert_texto,-,7379,0,0.003131800
pgvector,1,insert_texto,-,7380,0,0.002808200
pgvector,1,insert_texto,-,7381,0,0.002831100
pgvector,1,insert_texto,-,7382,0,0.002859900
pgvector,1,insert_texto,-,7383,0,0.002503700
pgvector,1,insert_texto,-,7384,0,0.002731500
pgvector,1,insert_texto,-,7385,0,0.002529400
pgvector,1,insert_texto,-,7386,0,0.002581300
pgvector,1,insert_texto,-,7387,0,0.002649900
pgvector,1,insert_texto,-,7388,0,0.002631200
pgvector,1,insert_texto,-,7389,0,0.003000300
pgvector,1,insert_texto,-,7390,0,0.002813100
pgvector,1,insert_texto,-,7391,0,0.002629700
pgvector,1,insert_texto,-,7392,0,0.002750800
pgvector,1,insert_texto,-,7393,0,0.002682900
pgvector,1,insert_texto,-,7394,0,0.002899700
pgvector,1,insert_texto,-,7395,0,0.002635200
pgvector,1,insert_texto,-,7396,0,0.002755600
pgvector,1,insert_texto,-,7397,0,0.002658500
pgvector,1,insert_texto,-,7398,0,0.002540200
pgvector,1,insert_texto,-,7399,0,0.002596500
pgvector,1,insert_texto,-,7400,0,0.002658000
pgvector,1,insert_texto,-,7401,0,0.002859800
pgvector,1,insert_texto,-,7402,0,0.002970500
pgvector,1,insert_texto,-,7403,0,0.003039800
pgvector,1,insert_texto,-,7404,0,0.003096100
pgvector,1,insert_texto,-,7405,0,0.002781600
pgvector,1,insert_texto,-,7406,0,0.002592100
pgvector,1,insert_texto,-,7407,0,0.002713400
pgvector,1,insert_texto,-,7408,0,0.002819700
pgvector,1,insert_texto,-,7409,0,0.002800400
pgvector,1,insert_texto,-,7410,0,0.002886400
pgvector,1,insert_texto,-,7411,0,0.002740700
pgvector,1,insert_texto,-,7412,0,0.003215600
pgvector,1,insert_texto,-,7413,0,0.002740800
pgvector,1,insert_texto,-,7414,0,0.002838500
pgvector,1,insert_texto,-,7415,0,0.002784500
pgvector,1,insert_texto,-,7416,0,0.002726800
pgvector,1,insert_texto,-,7417,0,0.002848900
pgvector,1,insert_texto,-,7418,0,0.002494600
pgvector,1,insert_texto,-,7419,0,0.002777300
pgvector,1,insert_texto,-,7420,0,0.002985900
pgvector,1,insert_texto,-,7421,0,0.002957500
pgvector,1,insert_texto,-,7422,0,0.002757100
pgvector,1,insert_texto,-,7423,0,0.002493200
pgvector,1,insert_texto,-,7424,0,0.002770400
pgvector,1,insert_texto,-,7425,0,0.002813000
pgvector,1,insert_texto,-,7426,0,0.003011200
pgvector,1,insert_texto,-,7427,0,0.003299600
pgvector,1,insert_texto,-,7428,0,0.003230000
pgvector,1,insert_texto,-,7429,0,0.003049600
pgvector,1,insert_texto,-,7430,0,0.003032600
pgvector,1,insert_texto,-,7431,0,0.002909200
pgvector,1,insert_texto,-,7432,0,0.003174300
pgvector,1,insert_texto,-,7433,0,0.003225400
pgvector,1,insert_texto,-,7434,0,0.003396400
pgvector,1,insert_texto,-,7435,0,0.002929400
pgvector,1,insert_texto,-,7436,0,0.002621900
pgvector,1,insert_texto,-,7437,0,0.002675500
pgvector,1,insert_texto,-,7438,0,0.002476300
pgvector,1,insert_texto,-,7439,0,0.002799100
pgvector,1,insert_texto,-,7440,0,0.002744100
pgvector,1,insert_texto,-,7441,0,0.002800600
pgvector,1,insert_texto,-,7442,0,0.002669300
pgvector,1,insert_texto,-,7443,0,0.003013900
pgvector,1,insert_texto,-,7444,0,0.002955200
pgvector,1,insert_texto,-,7445,0,0.002696000
pgvector,1,insert_texto,-,7446,0,0.003038100
pgvector,1,insert_texto,-,7447,0,0.002909900
pgvector,1,insert_texto,-,7448,0,0.002712800
pgvector,1,insert_texto,-,7449,0,0.002629900
pgvector,1,insert_texto,-,7450,0,0.003033100
pgvector,1,insert_texto,-,7451,0,0.002742200
pgvector,1,insert_texto,-,7452,0,0.003577200
pgvector,1,insert_texto,-,7453,0,0.002719800
pgvector,1,insert_texto,-,7454,0,0.002795600
pgvector,1,insert_texto,-,7455,0,0.003135600
pgvector,1,insert_texto,-,7456,0,0.002824000
pgvector,1,insert_texto,-,7457,0,0.003187000
pgvector,1,insert_texto,-,7458,0,0.002966400
pgvector,1,insert_texto,-,7459,0,0.002771600
pgvector,1,insert_texto,-,7460,0,0.002631000
pgvector,1,insert_texto,-,7461,0,0.002673500
pgvector,1,insert_texto,-,7462,0,0.002643300
pgvector,1,insert_texto,-,7463,0,0.002519300
pgvector,1,insert_texto,-,7464,0,0.002733600
pgvector,1,insert_texto,-,7465,0,0.002681000
pgvector,1,insert_texto,-,7466,0,0.002550200
pgvector,1,insert_texto,-,7467,0,0.002966800
pgvector,1,insert_texto,-,7468,0,0.003159900
pgvector,1,insert_texto,-,7469,0,0.002893000
pgvector,1,insert_texto,-,7470,0,0.002731700
pgvector,1,insert_texto,-,7471,0,0.002728000
pgvector,1,insert_texto,-,7472,0,0.002746100
pgvector,1,insert_texto,-,7473,0,0.002679300
pgvector,1,insert_texto,-,7474,0,0.003048400
pgvector,1,insert_texto,-,7475,0,0.002815000
pgvector,1,insert_texto,-,7476,0,0.002733000
pgvector,1,insert_texto,-,7477,0,0.002534800
pgvector,1,insert_texto,-,7478,0,0.002694900
pgvector,1,insert_texto,-,7479,0,0.002729200
pgvector,1,insert_texto,-,7480,0,0.002674700
pgvector,1,insert_texto,-,7481,0,0.002753900
pgvector,1,insert_texto,-,7482,0,0.002578500
pgvector,1,insert_texto,-,7483,0,0.002677900
pgvector,1,insert_texto,-,7484,0,0.002712200
pgvector,1,insert_texto,-,7485,0,0.002558900
pgvector,1,insert_texto,-,7486,0,0.002620400
pgvector,1,insert_texto,-,7487,0,0.002732000
pgvector,1,insert_texto,-,7488,0,0.002494200
pgvector,1,insert_texto,-,7489,0,0.002541100
pgvector,1,insert_texto,-,7490,0,0.002775700
pgvector,1,insert_texto,-,7491,0,0.002882000
pgvector,1,insert_texto,-,7492,0,0.002618600
pgvector,1,insert_texto,-,7493,0,0.003033000
pgvector,1,insert_texto,-,7494,0,0.002628200
pgvector,1,insert_texto,-,7495,0,0.002698000
pgvector,1,insert_texto,-,7496,0,0.002780800
pgvector,1,insert_texto,-,7497,0,0.002715700
pgvector,1,insert_texto,-,7498,0,0.002801100
pgvector,1,insert_texto,-,7499,0,0.002765400
pgvector,1,insert_texto,-,7500,0,0.002720500
pgvector,1,insert_texto,-,7501,0,0.002656000
pgvector,1,insert_texto,-,7502,0,0.002768900
pgvector,1,insert_texto,-,7503,0,0.002934200
pgvector,1,insert_texto,-,7504,0,0.002543800
pgvector,1,insert_texto,-,7505,0,0.002506100
pgvector,1,insert_texto,-,7506,0,0.002729100
pgvector,1,insert_texto,-,7507,0,0.002656000
pgvector,1,insert_texto,-,7508,0,0.002738800
pgvector,1,insert_texto,-,7509,0,0.002722400
pgvector,1,insert_texto,-,7510,0,0.002704600
pgvector,1,insert_texto,-,7511,0,0.002616800
pgvector,1,insert_texto,-,7512,0,0.002638800
pgvector,1,insert_texto,-,7513,0,0.002541100
pgvector,1,insert_texto,-,7514,0,0.002655000
pgvector,1,insert_texto,-,7515,0,0.002843100
pgvector,1,insert_texto,-,7516,0,0.002690800
pgvector,1,insert_texto,-,7517,0,0.002534900
pgvector,1,insert_texto,-,7518,0,0.002709600
pgvector,1,insert_texto,-,7519,0,0.002788900
pgvector,1,insert_texto,-,7520,0,0.002671000
pgvector,1,insert_texto,-,7521,0,0.002970800
pgvector,1,insert_texto,-,7522,0,0.002957000
pgvector,1,insert_texto,-,7523,0,0.003312900
pgvector,1,insert_texto,-,7524,0,0.003183300
pgvector,1,insert_texto,-,7525,0,0.003371200
pgvector,1,insert_texto,-,7526,0,0.003098400
pgvector,1,insert_texto,-,7527,0,0.003127400
pgvector,1,insert_texto,-,7528,0,0.003487600
pgvector,1,insert_texto,-,7529,0,0.002802200
pgvector,1,insert_texto,-,7530,0,0.002699300
pgvector,1,insert_texto,-,7531,0,0.003127000
pgvector,1,insert_texto,-,7532,0,0.002618400
pgvector,1,insert_texto,-,7533,0,0.002680300
pgvector,1,insert_texto,-,7534,0,0.002880500
pgvector,1,insert_texto,-,7535,0,0.002558700
pgvector,1,insert_texto,-,7536,0,0.002638200
pgvector,1,insert_texto,-,7537,0,0.002671600
pgvector,1,insert_texto,-,7538,0,0.002658700
pgvector,1,insert_texto,-,7539,0,0.002661800
pgvector,1,insert_texto,-,7540,0,0.002796900
pgvector,1,insert_texto,-,7541,0,0.002679600
pgvector,1,insert_texto,-,7542,0,0.002777500
pgvector,1,insert_texto,-,7543,0,0.002737900
pgvector,1,insert_texto,-,7544,0,0.002600600
pgvector,1,insert_texto,-,7545,0,0.002769400
pgvector,1,insert_texto,-,7546,0,0.002969300
pgvector,1,insert_texto,-,7547,0,0.002643100
pgvector,1,insert_texto,-,7548,0,0.002660000
pgvector,1,insert_texto,-,7549,0,0.002785600
pgvector,1,insert_texto,-,7550,0,0.002576900
pgvector,1,insert_texto,-,7551,0,0.002776200
pgvector,1,insert_texto,-,7552,0,0.002923500
pgvector,1,insert_texto,-,7553,0,0.002606100
pgvector,1,insert_texto,-,7554,0,0.002579600
pgvector,1,insert_texto,-,7555,0,0.002767300
pgvector,1,insert_texto,-,7556,0,0.002810700
pgvector,1,insert_texto,-,7557,0,0.002638100
pgvector,1,insert_texto,-,7558,0,0.002695000
pgvector,1,insert_texto,-,7559,0,0.002607500
pgvector,1,insert_texto,-,7560,0,0.002579100
pgvector,1,insert_texto,-,7561,0,0.002453000
pgvector,1,insert_texto,-,7562,0,0.002503300
pgvector,1,insert_texto,-,7563,0,0.002638000
pgvector,1,insert_texto,-,7564,0,0.002682300
pgvector,1,insert_texto,-,7565,0,0.002416800
pgvector,1,insert_texto,-,7566,0,0.002562000
pgvector,1,insert_texto,-,7567,0,0.002758700
pgvector,1,insert_texto,-,7568,0,0.002670600
pgvector,1,insert_texto,-,7569,0,0.002635200
pgvector,1,insert_texto,-,7570,0,0.002592400
pgvector,1,insert_texto,-,7571,0,0.002641500
pgvector,1,insert_texto,-,7572,0,0.002571900
pgvector,1,insert_texto,-,7573,0,0.002795600
pgvector,1,insert_texto,-,7574,0,0.002854000
pgvector,1,insert_texto,-,7575,0,0.002775800
pgvector,1,insert_texto,-,7576,0,0.002696800
pgvector,1,insert_texto,-,7577,0,0.002559600
pgvector,1,insert_texto,-,7578,0,0.002655100
pgvector,1,insert_texto,-,7579,0,0.002794100
pgvector,1,insert_texto,-,7580,0,0.002840100
pgvector,1,insert_texto,-,7581,0,0.002501700
pgvector,1,insert_texto,-,7582,0,0.002506300
pgvector,1,insert_texto,-,7583,0,0.002499600
pgvector,1,insert_texto,-,7584,0,0.002510700
pgvector,1,insert_texto,-,7585,0,0.002590400
pgvector,1,insert_texto,-,7586,0,0.002581600
pgvector,1,insert_texto,-,7587,0,0.002835200
pgvector,1,insert_texto,-,7588,0,0.002872400
pgvector,1,insert_texto,-,7589,0,0.002655400
pgvector,1,insert_texto,-,7590,0,0.002583100
pgvector,1,insert_texto,-,7591,0,0.002758200
pgvector,1,insert_texto,-,7592,0,0.002596900
pgvector,1,insert_texto,-,7593,0,0.002633100
pgvector,1,insert_texto,-,7594,0,0.002818500
pgvector,1,insert_texto,-,7595,0,0.002827200
pgvector,1,insert_texto,-,7596,0,0.002601600
pgvector,1,insert_texto,-,7597,0,0.002915900
pgvector,1,insert_texto,-,7598,0,0.003001600
pgvector,1,insert_texto,-,7599,0,0.002646100
pgvector,1,insert_texto,-,7600,0,0.002520900
pgvector,1,insert_texto,-,7601,0,0.002676100
pgvector,1,insert_texto,-,7602,0,0.002904400
pgvector,1,insert_texto,-,7603,0,0.002799800
pgvector,1,insert_texto,-,7604,0,0.002669600
pgvector,1,insert_texto,-,7605,0,0.002710900
pgvector,1,insert_texto,-,7606,0,0.002646000
pgvector,1,insert_texto,-,7607,0,0.002968800
pgvector,1,insert_texto,-,7608,0,0.015244100
pgvector,1,insert_texto,-,7609,0,0.003471900
pgvector,1,insert_texto,-,7610,0,0.003657000
pgvector,1,insert_texto,-,7611,0,0.003933400
pgvector,1,insert_texto,-,7612,0,0.004057900
pgvector,1,insert_texto,-,7613,0,0.004059900
pgvector,1,insert_texto,-,7614,0,0.004065300
pgvector,1,insert_texto,-,7615,0,0.004827500
pgvector,1,insert_texto,-,7616,0,0.004222000
pgvector,1,insert_texto,-,7617,0,0.003865500
pgvector,1,insert_texto,-,7618,0,0.003467200
pgvector,1,insert_texto,-,7619,0,0.003140900
pgvector,1,insert_texto,-,7620,0,0.003078200
pgvector,1,insert_texto,-,7621,0,0.003533400
pgvector,1,insert_texto,-,7622,0,0.003386200
pgvector,1,insert_texto,-,7623,0,0.003420300
pgvector,1,insert_texto,-,7624,0,0.003057100
pgvector,1,insert_texto,-,7625,0,0.003004100
pgvector,1,insert_texto,-,7626,0,0.003011800
pgvector,1,insert_texto,-,7627,0,0.002974400
pgvector,1,insert_texto,-,7628,0,0.002767100
pgvector,1,insert_texto,-,7629,0,0.002890500
pgvector,1,insert_texto,-,7630,0,0.003019800
pgvector,1,insert_texto,-,7631,0,0.003165000
pgvector,1,insert_texto,-,7632,0,0.003209400
pgvector,1,insert_texto,-,7633,0,0.003026000
pgvector,1,insert_texto,-,7634,0,0.003215600
pgvector,1,insert_texto,-,7635,0,0.002832700
pgvector,1,insert_texto,-,7636,0,0.002934300
pgvector,1,insert_texto,-,7637,0,0.003178100
pgvector,1,insert_texto,-,7638,0,0.002773900
pgvector,1,insert_texto,-,7639,0,0.003356600
pgvector,1,insert_texto,-,7640,0,0.003100400
pgvector,1,insert_texto,-,7641,0,0.003258300
pgvector,1,insert_texto,-,7642,0,0.002962500
pgvector,1,insert_texto,-,7643,0,0.002717400
pgvector,1,insert_texto,-,7644,0,0.003092800
pgvector,1,insert_texto,-,7645,0,0.002552200
pgvector,1,insert_texto,-,7646,0,0.002797200
pgvector,1,insert_texto,-,7647,0,0.002776800
pgvector,1,insert_texto,-,7648,0,0.003019200
pgvector,1,insert_texto,-,7649,0,0.002684100
pgvector,1,insert_texto,-,7650,0,0.002944500
pgvector,1,insert_texto,-,7651,0,0.002703700
pgvector,1,insert_texto,-,7652,0,0.002769900
pgvector,1,insert_texto,-,7653,0,0.002693100
pgvector,1,insert_texto,-,7654,0,0.002949500
pgvector,1,insert_texto,-,7655,0,0.002890900
pgvector,1,insert_texto,-,7656,0,0.002640800
pgvector,1,insert_texto,-,7657,0,0.002701600
pgvector,1,insert_texto,-,7658,0,0.002566200
pgvector,1,insert_texto,-,7659,0,0.002808200
pgvector,1,insert_texto,-,7660,0,0.002588800
pgvector,1,insert_texto,-,7661,0,0.002586700
pgvector,1,insert_texto,-,7662,0,0.002528600
pgvector,1,insert_texto,-,7663,0,0.002562800
pgvector,1,insert_texto,-,7664,0,0.002562800
pgvector,1,insert_texto,-,7665,0,0.002858500
pgvector,1,insert_texto,-,7666,0,0.002751800
pgvector,1,insert_texto,-,7667,0,0.002632200
pgvector,1,insert_texto,-,7668,0,0.002747100
pgvector,1,insert_texto,-,7669,0,0.002596000
pgvector,1,insert_texto,-,7670,0,0.002549000
pgvector,1,insert_texto,-,7671,0,0.002554600
pgvector,1,insert_texto,-,7672,0,0.002571600
pgvector,1,insert_texto,-,7673,0,0.002781700
pgvector,1,insert_texto,-,7674,0,0.002737600
pgvector,1,insert_texto,-,7675,0,0.002655800
pgvector,1,insert_texto,-,7676,0,0.002576600
pgvector,1,insert_texto,-,7677,0,0.002860700
pgvector,1,insert_texto,-,7678,0,0.002776000
pgvector,1,insert_texto,-,7679,0,0.002542000
pgvector,1,insert_texto,-,7680,0,0.002489500
pgvector,1,insert_texto,-,7681,0,0.002665300
pgvector,1,insert_texto,-,7682,0,0.002453900
pgvector,1,insert_texto,-,7683,0,0.002684200
pgvector,1,insert_texto,-,7684,0,0.002600700
pgvector,1,insert_texto,-,7685,0,0.002526500
pgvector,1,insert_texto,-,7686,0,0.002446000
pgvector,1,insert_texto,-,7687,0,0.002465800
pgvector,1,insert_texto,-,7688,0,0.002462600
pgvector,1,insert_texto,-,7689,0,0.002540200
pgvector,1,insert_texto,-,7690,0,0.002552900
pgvector,1,insert_texto,-,7691,0,0.002581400
pgvector,1,insert_texto,-,7692,0,0.002677800
pgvector,1,insert_texto,-,7693,0,0.002465800
pgvector,1,insert_texto,-,7694,0,0.002526400
pgvector,1,insert_texto,-,7695,0,0.002597200
pgvector,1,insert_texto,-,7696,0,0.002476700
pgvector,1,insert_texto,-,7697,0,0.002454600
pgvector,1,insert_texto,-,7698,0,0.002665100
pgvector,1,insert_texto,-,7699,0,0.002686900
pgvector,1,insert_texto,-,7700,0,0.002656100
pgvector,1,insert_texto,-,7701,0,0.002749300
pgvector,1,insert_texto,-,7702,0,0.002550800
pgvector,1,insert_texto,-,7703,0,0.002883700
pgvector,1,insert_texto,-,7704,0,0.003462200
pgvector,1,insert_texto,-,7705,0,0.003148800
pgvector,1,insert_texto,-,7706,0,0.002852300
pgvector,1,insert_texto,-,7707,0,0.002742000
pgvector,1,insert_texto,-,7708,0,0.003247200
pgvector,1,insert_texto,-,7709,0,0.003148700
pgvector,1,insert_texto,-,7710,0,0.002864100
pgvector,1,insert_texto,-,7711,0,0.002548700
pgvector,1,insert_texto,-,7712,0,0.002799800
pgvector,1,insert_texto,-,7713,0,0.002583100
pgvector,1,insert_texto,-,7714,0,0.002638800
pgvector,1,insert_texto,-,7715,0,0.003610600
pgvector,1,insert_texto,-,7716,0,0.002792200
pgvector,1,insert_texto,-,7717,0,0.002872200
pgvector,1,insert_texto,-,7718,0,0.002862600
pgvector,1,insert_texto,-,7719,0,0.002646600
pgvector,1,insert_texto,-,7720,0,0.002683100
pgvector,1,insert_texto,-,7721,0,0.003203600
pgvector,1,insert_texto,-,7722,0,0.002878900
pgvector,1,insert_texto,-,7723,0,0.003044400
pgvector,1,insert_texto,-,7724,0,0.002816700
pgvector,1,insert_texto,-,7725,0,0.002611100
pgvector,1,insert_texto,-,7726,0,0.002906400
pgvector,1,insert_texto,-,7727,0,0.002937000
pgvector,1,insert_texto,-,7728,0,0.002923300
pgvector,1,insert_texto,-,7729,0,0.002843500
pgvector,1,insert_texto,-,7730,0,0.002818400
pgvector,1,insert_texto,-,7731,0,0.002730000
pgvector,1,insert_texto,-,7732,0,0.002904400
pgvector,1,insert_texto,-,7733,0,0.003103300
pgvector,1,insert_texto,-,7734,0,0.002985200
pgvector,1,insert_texto,-,7735,0,0.003086800
pgvector,1,insert_texto,-,7736,0,0.002960200
pgvector,1,insert_texto,-,7737,0,0.002880600
pgvector,1,insert_texto,-,7738,0,0.003022900
pgvector,1,insert_texto,-,7739,0,0.003121400
pgvector,1,insert_texto,-,7740,0,0.003008000
pgvector,1,insert_texto,-,7741,0,0.002564200
pgvector,1,insert_texto,-,7742,0,0.002665800
pgvector,1,insert_texto,-,7743,0,0.002678500
pgvector,1,insert_texto,-,7744,0,0.002736800
pgvector,1,insert_texto,-,7745,0,0.003002600
pgvector,1,insert_texto,-,7746,0,0.002737500
pgvector,1,insert_texto,-,7747,0,0.002635200
pgvector,1,insert_texto,-,7748,0,0.002848000
pgvector,1,insert_texto,-,7749,0,0.002663400
pgvector,1,insert_texto,-,7750,0,0.002644000
pgvector,1,insert_texto,-,7751,0,0.002698100
pgvector,1,insert_texto,-,7752,0,0.002609900
pgvector,1,insert_texto,-,7753,0,0.002541800
pgvector,1,insert_texto,-,7754,0,0.002651400
pgvector,1,insert_texto,-,7755,0,0.002567300
pgvector,1,insert_texto,-,7756,0,0.002623900
pgvector,1,insert_texto,-,7757,0,0.002609800
pgvector,1,insert_texto,-,7758,0,0.002377900
pgvector,1,insert_texto,-,7759,0,0.002787100
pgvector,1,insert_texto,-,7760,0,0.002657300
pgvector,1,insert_texto,-,7761,0,0.003230900
pgvector,1,insert_texto,-,7762,0,0.002703000
pgvector,1,insert_texto,-,7763,0,0.002890800
pgvector,1,insert_texto,-,7764,0,0.002525300
pgvector,1,insert_texto,-,7765,0,0.002627900
pgvector,1,insert_texto,-,7766,0,0.002958100
pgvector,1,insert_texto,-,7767,0,0.002788300
pgvector,1,insert_texto,-,7768,0,0.002708300
pgvector,1,insert_texto,-,7769,0,0.002660500
pgvector,1,insert_texto,-,7770,0,0.002846300
pgvector,1,insert_texto,-,7771,0,0.002817900
pgvector,1,insert_texto,-,7772,0,0.002844300
pgvector,1,insert_texto,-,7773,0,0.002929900
pgvector,1,insert_texto,-,7774,0,0.003053600
pgvector,1,insert_texto,-,7775,0,0.002821100
pgvector,1,insert_texto,-,7776,0,0.002747100
pgvector,1,insert_texto,-,7777,0,0.002640900
pgvector,1,insert_texto,-,7778,0,0.002799800
pgvector,1,insert_texto,-,7779,0,0.002598900
pgvector,1,insert_texto,-,7780,0,0.002665200
pgvector,1,insert_texto,-,7781,0,0.002834100
pgvector,1,insert_texto,-,7782,0,0.002490800
pgvector,1,insert_texto,-,7783,0,0.002660700
pgvector,1,insert_texto,-,7784,0,0.002459300
pgvector,1,insert_texto,-,7785,0,0.002557100
pgvector,1,insert_texto,-,7786,0,0.002532700
pgvector,1,insert_texto,-,7787,0,0.002484300
pgvector,1,insert_texto,-,7788,0,0.002631200
pgvector,1,insert_texto,-,7789,0,0.002647800
pgvector,1,insert_texto,-,7790,0,0.002479000
pgvector,1,insert_texto,-,7791,0,0.002725000
pgvector,1,insert_texto,-,7792,0,0.002662200
pgvector,1,insert_texto,-,7793,0,0.002474600
pgvector,1,insert_texto,-,7794,0,0.002658900
pgvector,1,insert_texto,-,7795,0,0.002527400
pgvector,1,insert_texto,-,7796,0,0.002486200
pgvector,1,insert_texto,-,7797,0,0.003074300
pgvector,1,insert_texto,-,7798,0,0.003003300
pgvector,1,insert_texto,-,7799,0,0.002918000
pgvector,1,insert_texto,-,7800,0,0.002862200
pgvector,1,insert_texto,-,7801,0,0.003332700
pgvector,1,insert_texto,-,7802,0,0.002863000
pgvector,1,insert_texto,-,7803,0,0.002816400
pgvector,1,insert_texto,-,7804,0,0.002972800
pgvector,1,insert_texto,-,7805,0,0.002930700
pgvector,1,insert_texto,-,7806,0,0.002701000
pgvector,1,insert_texto,-,7807,0,0.002836300
pgvector,1,insert_texto,-,7808,0,0.002654700
pgvector,1,insert_texto,-,7809,0,0.002606600
pgvector,1,insert_texto,-,7810,0,0.002564500
pgvector,1,insert_texto,-,7811,0,0.002632600
pgvector,1,insert_texto,-,7812,0,0.002554800
pgvector,1,insert_texto,-,7813,0,0.002620700
pgvector,1,insert_texto,-,7814,0,0.002717900
pgvector,1,insert_texto,-,7815,0,0.002671900
pgvector,1,insert_texto,-,7816,0,0.002584800
pgvector,1,insert_texto,-,7817,0,0.002740600
pgvector,1,insert_texto,-,7818,0,0.002523700
pgvector,1,insert_texto,-,7819,0,0.002522200
pgvector,1,insert_texto,-,7820,0,0.002834100
pgvector,1,insert_texto,-,7821,0,0.002621400
pgvector,1,insert_texto,-,7822,0,0.002652600
pgvector,1,insert_texto,-,7823,0,0.002604300
pgvector,1,insert_texto,-,7824,0,0.002775600
pgvector,1,insert_texto,-,7825,0,0.002661300
pgvector,1,insert_texto,-,7826,0,0.002759300
pgvector,1,insert_texto,-,7827,0,0.002597900
pgvector,1,insert_texto,-,7828,0,0.002818900
pgvector,1,insert_texto,-,7829,0,0.002767400
pgvector,1,insert_texto,-,7830,0,0.002563500
pgvector,1,insert_texto,-,7831,0,0.002496900
pgvector,1,insert_texto,-,7832,0,0.002726900
pgvector,1,insert_texto,-,7833,0,0.002699800
pgvector,1,insert_texto,-,7834,0,0.003045500
pgvector,1,insert_texto,-,7835,0,0.002816700
pgvector,1,insert_texto,-,7836,0,0.003025000
pgvector,1,insert_texto,-,7837,0,0.002938100
pgvector,1,insert_texto,-,7838,0,0.002604800
pgvector,1,insert_texto,-,7839,0,0.002781600
pgvector,1,insert_texto,-,7840,0,0.002587000
pgvector,1,insert_texto,-,7841,0,0.002882600
pgvector,1,insert_texto,-,7842,0,0.002691500
pgvector,1,insert_texto,-,7843,0,0.002677700
pgvector,1,insert_texto,-,7844,0,0.002643900
pgvector,1,insert_texto,-,7845,0,0.002676300
pgvector,1,insert_texto,-,7846,0,0.002788100
pgvector,1,insert_texto,-,7847,0,0.002850200
pgvector,1,insert_texto,-,7848,0,0.002625800
pgvector,1,insert_texto,-,7849,0,0.002671500
pgvector,1,insert_texto,-,7850,0,0.002606400
pgvector,1,insert_texto,-,7851,0,0.002777400
pgvector,1,insert_texto,-,7852,0,0.002637500
pgvector,1,insert_texto,-,7853,0,0.002654200
pgvector,1,insert_texto,-,7854,0,0.002667000
pgvector,1,insert_texto,-,7855,0,0.002767700
pgvector,1,insert_texto,-,7856,0,0.002601700
pgvector,1,insert_texto,-,7857,0,0.002855800
pgvector,1,insert_texto,-,7858,0,0.003065300
pgvector,1,insert_texto,-,7859,0,0.002891900
pgvector,1,insert_texto,-,7860,0,0.003129400
pgvector,1,insert_texto,-,7861,0,0.002889900
pgvector,1,insert_texto,-,7862,0,0.002832400
pgvector,1,insert_texto,-,7863,0,0.002717600
pgvector,1,insert_texto,-,7864,0,0.002856100
pgvector,1,insert_texto,-,7865,0,0.002913700
pgvector,1,insert_texto,-,7866,0,0.002840500
pgvector,1,insert_texto,-,7867,0,0.002546800
pgvector,1,insert_texto,-,7868,0,0.002675000
pgvector,1,insert_texto,-,7869,0,0.002591800
pgvector,1,insert_texto,-,7870,0,0.002896100
pgvector,1,insert_texto,-,7871,0,0.002934800
pgvector,1,insert_texto,-,7872,0,0.003001600
pgvector,1,insert_texto,-,7873,0,0.002896300
pgvector,1,insert_texto,-,7874,0,0.002674800
pgvector,1,insert_texto,-,7875,0,0.002838500
pgvector,1,insert_texto,-,7876,0,0.002806800
pgvector,1,insert_texto,-,7877,0,0.002765700
pgvector,1,insert_texto,-,7878,0,0.002820800
pgvector,1,insert_texto,-,7879,0,0.002909100
pgvector,1,insert_texto,-,7880,0,0.002861000
pgvector,1,insert_texto,-,7881,0,0.002873500
pgvector,1,insert_texto,-,7882,0,0.002923700
pgvector,1,insert_texto,-,7883,0,0.002760700
pgvector,1,insert_texto,-,7884,0,0.002698300
pgvector,1,insert_texto,-,7885,0,0.002813300
pgvector,1,insert_texto,-,7886,0,0.002896400
pgvector,1,insert_texto,-,7887,0,0.002709600
pgvector,1,insert_texto,-,7888,0,0.002975900
pgvector,1,insert_texto,-,7889,0,0.002949300
pgvector,1,insert_texto,-,7890,0,0.002791700
pgvector,1,insert_texto,-,7891,0,0.002875700
pgvector,1,insert_texto,-,7892,0,0.002854200
pgvector,1,insert_texto,-,7893,0,0.003155300
pgvector,1,insert_texto,-,7894,0,0.003598800
pgvector,1,insert_texto,-,7895,0,0.002808400
pgvector,1,insert_texto,-,7896,0,0.003052700
pgvector,1,insert_texto,-,7897,0,0.003505300
pgvector,1,insert_texto,-,7898,0,0.003406500
pgvector,1,insert_texto,-,7899,0,0.003398900
pgvector,1,insert_texto,-,7900,0,0.002962700
pgvector,1,insert_texto,-,7901,0,0.002713600
pgvector,1,insert_texto,-,7902,0,0.002706400
pgvector,1,insert_texto,-,7903,0,0.002902900
pgvector,1,insert_texto,-,7904,0,0.003252200
pgvector,1,insert_texto,-,7905,0,0.002716800
pgvector,1,insert_texto,-,7906,0,0.002728200
pgvector,1,insert_texto,-,7907,0,0.002981700
pgvector,1,insert_texto,-,7908,0,0.002717600
pgvector,1,insert_texto,-,7909,0,0.002568100
pgvector,1,insert_texto,-,7910,0,0.002799700
pgvector,1,insert_texto,-,7911,0,0.002779100
pgvector,1,insert_texto,-,7912,0,0.002471200
pgvector,1,insert_texto,-,7913,0,0.002615200
pgvector,1,insert_texto,-,7914,0,0.002671600
pgvector,1,insert_texto,-,7915,0,0.002562400
pgvector,1,insert_texto,-,7916,0,0.002646800
pgvector,1,insert_texto,-,7917,0,0.002554700
pgvector,1,insert_texto,-,7918,0,0.002633300
pgvector,1,insert_texto,-,7919,0,0.002644100
pgvector,1,insert_texto,-,7920,0,0.002537000
pgvector,1,insert_texto,-,7921,0,0.002577400
pgvector,1,insert_texto,-,7922,0,0.002501800
pgvector,1,insert_texto,-,7923,0,0.002691700
pgvector,1,insert_texto,-,7924,0,0.002966300
pgvector,1,insert_texto,-,7925,0,0.002896900
pgvector,1,insert_texto,-,7926,0,0.002623400
pgvector,1,insert_texto,-,7927,0,0.002607100
pgvector,1,insert_texto,-,7928,0,0.002615100
pgvector,1,insert_texto,-,7929,0,0.002567100
pgvector,1,insert_texto,-,7930,0,0.002702200
pgvector,1,insert_texto,-,7931,0,0.002890400
pgvector,1,insert_texto,-,7932,0,0.003000300
pgvector,1,insert_texto,-,7933,0,0.002577800
pgvector,1,insert_texto,-,7934,0,0.002814300
pgvector,1,insert_texto,-,7935,0,0.002660300
pgvector,1,insert_texto,-,7936,0,0.002821500
pgvector,1,insert_texto,-,7937,0,0.002718400
pgvector,1,insert_texto,-,7938,0,0.002631000
pgvector,1,insert_texto,-,7939,0,0.002656600
pgvector,1,insert_texto,-,7940,0,0.002624900
pgvector,1,insert_texto,-,7941,0,0.002582400
pgvector,1,insert_texto,-,7942,0,0.002619100
pgvector,1,insert_texto,-,7943,0,0.002794900
pgvector,1,insert_texto,-,7944,0,0.002656200
pgvector,1,insert_texto,-,7945,0,0.002661300
pgvector,1,insert_texto,-,7946,0,0.002685600
pgvector,1,insert_texto,-,7947,0,0.002490100
pgvector,1,insert_texto,-,7948,0,0.002537700
pgvector,1,insert_texto,-,7949,0,0.002863400
pgvector,1,insert_texto,-,7950,0,0.002588800
pgvector,1,insert_texto,-,7951,0,0.002610900
pgvector,1,insert_texto,-,7952,0,0.002612000
pgvector,1,insert_texto,-,7953,0,0.002765500
pgvector,1,insert_texto,-,7954,0,0.002626500
pgvector,1,insert_texto,-,7955,0,0.002849900
pgvector,1,insert_texto,-,7956,0,0.002632600
pgvector,1,insert_texto,-,7957,0,0.002628000
pgvector,1,insert_texto,-,7958,0,0.002743600
pgvector,1,insert_texto,-,7959,0,0.002592600
pgvector,1,insert_texto,-,7960,0,0.002628100
pgvector,1,insert_texto,-,7961,0,0.002791500
pgvector,1,insert_texto,-,7962,0,0.002643600
pgvector,1,insert_texto,-,7963,0,0.002633000
pgvector,1,insert_texto,-,7964,0,0.002824200
pgvector,1,insert_texto,-,7965,0,0.002568800
pgvector,1,insert_texto,-,7966,0,0.002519200
pgvector,1,insert_texto,-,7967,0,0.002615600
pgvector,1,insert_texto,-,7968,0,0.002629400
pgvector,1,insert_texto,-,7969,0,0.002610400
pgvector,1,insert_texto,-,7970,0,0.002744000
pgvector,1,insert_texto,-,7971,0,0.002606400
pgvector,1,insert_texto,-,7972,0,0.002637800
pgvector,1,insert_texto,-,7973,0,0.002777500
pgvector,1,insert_texto,-,7974,0,0.002547900
pgvector,1,insert_texto,-,7975,0,0.002627200
pgvector,1,insert_texto,-,7976,0,0.002713900
pgvector,1,insert_texto,-,7977,0,0.002569900
pgvector,1,insert_texto,-,7978,0,0.002743000
pgvector,1,insert_texto,-,7979,0,0.002807300
pgvector,1,insert_texto,-,7980,0,0.002539900
pgvector,1,insert_texto,-,7981,0,0.002649100
pgvector,1,insert_texto,-,7982,0,0.002597600
pgvector,1,insert_texto,-,7983,0,0.002446600
pgvector,1,insert_texto,-,7984,0,0.002534400
pgvector,1,insert_texto,-,7985,0,0.002824400
pgvector,1,insert_texto,-,7986,0,0.002593800
pgvector,1,insert_texto,-,7987,0,0.002609600
pgvector,1,insert_texto,-,7988,0,0.003046200
pgvector,1,insert_texto,-,7989,0,0.002961700
pgvector,1,insert_texto,-,7990,0,0.002934400
pgvector,1,insert_texto,-,7991,0,0.003260500
pgvector,1,insert_texto,-,7992,0,0.003097600
pgvector,1,insert_texto,-,7993,0,0.003021500
pgvector,1,insert_texto,-,7994,0,0.002877000
pgvector,1,insert_texto,-,7995,0,0.002818000
pgvector,1,insert_texto,-,7996,0,0.002752100
pgvector,1,insert_texto,-,7997,0,0.002612600
pgvector,1,insert_texto,-,7998,0,0.002634000
pgvector,1,insert_texto,-,7999,0,0.002579900
pgvector,1,insert_texto,-,8000,0,0.002638200
pgvector,1,insert_texto,-,8001,0,0.002871200
pgvector,1,insert_texto,-,8002,0,0.002686800
pgvector,1,insert_texto,-,8003,0,0.002521900
pgvector,1,insert_texto,-,8004,0,0.002480600
pgvector,1,insert_texto,-,8005,0,0.002744000
pgvector,1,insert_texto,-,8006,0,0.002809200
pgvector,1,insert_texto,-,8007,0,0.002766400
pgvector,1,insert_texto,-,8008,0,0.002954500
pgvector,1,insert_texto,-,8009,0,0.002623300
pgvector,1,insert_texto,-,8010,0,0.002894700
pgvector,1,insert_texto,-,8011,0,0.002557600
pgvector,1,insert_texto,-,8012,0,0.002679100
pgvector,1,insert_texto,-,8013,0,0.002632400
pgvector,1,insert_texto,-,8014,0,0.003071500
pgvector,1,insert_texto,-,8015,0,0.002949500
pgvector,1,insert_texto,-,8016,0,0.003100500
pgvector,1,insert_texto,-,8017,0,0.003085100
pgvector,1,insert_texto,-,8018,0,0.003044300
pgvector,1,insert_texto,-,8019,0,0.003485100
pgvector,1,insert_texto,-,8020,0,0.003307300
pgvector,1,insert_texto,-,8021,0,0.003151800
pgvector,1,insert_texto,-,8022,0,0.003178700
pgvector,1,insert_texto,-,8023,0,0.002618500
pgvector,1,insert_texto,-,8024,0,0.002974700
pgvector,1,insert_texto,-,8025,0,0.002824100
pgvector,1,insert_texto,-,8026,0,0.002697000
pgvector,1,insert_texto,-,8027,0,0.002773800
pgvector,1,insert_texto,-,8028,0,0.002621400
pgvector,1,insert_texto,-,8029,0,0.002893300
pgvector,1,insert_texto,-,8030,0,0.003823600
pgvector,1,insert_texto,-,8031,0,0.003250600
pgvector,1,insert_texto,-,8032,0,0.002778700
pgvector,1,insert_texto,-,8033,0,0.002613100
pgvector,1,insert_texto,-,8034,0,0.002538100
pgvector,1,insert_texto,-,8035,0,0.003059300
pgvector,1,insert_texto,-,8036,0,0.002786600
pgvector,1,insert_texto,-,8037,0,0.002540200
pgvector,1,insert_texto,-,8038,0,0.002690600
pgvector,1,insert_texto,-,8039,0,0.002538600
pgvector,1,insert_texto,-,8040,0,0.002641600
pgvector,1,insert_texto,-,8041,0,0.002755700
pgvector,1,insert_texto,-,8042,0,0.002615500
pgvector,1,insert_texto,-,8043,0,0.002550400
pgvector,1,insert_texto,-,8044,0,0.002745000
pgvector,1,insert_texto,-,8045,0,0.002830900
pgvector,1,insert_texto,-,8046,0,0.002559100
pgvector,1,insert_texto,-,8047,0,0.002659100
pgvector,1,insert_texto,-,8048,0,0.002529500
pgvector,1,insert_texto,-,8049,0,0.002832900
pgvector,1,insert_texto,-,8050,0,0.002673600
pgvector,1,insert_texto,-,8051,0,0.002556700
pgvector,1,insert_texto,-,8052,0,0.002869500
pgvector,1,insert_texto,-,8053,0,0.002760900
pgvector,1,insert_texto,-,8054,0,0.002777700
pgvector,1,insert_texto,-,8055,0,0.003235200
pgvector,1,insert_texto,-,8056,0,0.002625800
pgvector,1,insert_texto,-,8057,0,0.002877000
pgvector,1,insert_texto,-,8058,0,0.003021000
pgvector,1,insert_texto,-,8059,0,0.002532100
pgvector,1,insert_texto,-,8060,0,0.002798900
pgvector,1,insert_texto,-,8061,0,0.002640900
pgvector,1,insert_texto,-,8062,0,0.002680800
pgvector,1,insert_texto,-,8063,0,0.002445300
pgvector,1,insert_texto,-,8064,0,0.002644800
pgvector,1,insert_texto,-,8065,0,0.002447700
pgvector,1,insert_texto,-,8066,0,0.002639700
pgvector,1,insert_texto,-,8067,0,0.002457600
pgvector,1,insert_texto,-,8068,0,0.002479100
pgvector,1,insert_texto,-,8069,0,0.002627800
pgvector,1,insert_texto,-,8070,0,0.002720400
pgvector,1,insert_texto,-,8071,0,0.002652300
pgvector,1,insert_texto,-,8072,0,0.002713600
pgvector,1,insert_texto,-,8073,0,0.002783700
pgvector,1,insert_texto,-,8074,0,0.002635900
pgvector,1,insert_texto,-,8075,0,0.002664000
pgvector,1,insert_texto,-,8076,0,0.003016400
pgvector,1,insert_texto,-,8077,0,0.003335600
pgvector,1,insert_texto,-,8078,0,0.003156000
pgvector,1,insert_texto,-,8079,0,0.003291200
pgvector,1,insert_texto,-,8080,0,0.003183100
pgvector,1,insert_texto,-,8081,0,0.003118300
pgvector,1,insert_texto,-,8082,0,0.003315900
pgvector,1,insert_texto,-,8083,0,0.003180500
pgvector,1,insert_texto,-,8084,0,0.003281100
pgvector,1,insert_texto,-,8085,0,0.002889000
pgvector,1,insert_texto,-,8086,0,0.002783400
pgvector,1,insert_texto,-,8087,0,0.002706500
pgvector,1,insert_texto,-,8088,0,0.002826100
pgvector,1,insert_texto,-,8089,0,0.002812500
pgvector,1,insert_texto,-,8090,0,0.002533300
pgvector,1,insert_texto,-,8091,0,0.002720500
pgvector,1,insert_texto,-,8092,0,0.002959000
pgvector,1,insert_texto,-,8093,0,0.002985100
pgvector,1,insert_texto,-,8094,0,0.002930400
pgvector,1,insert_texto,-,8095,0,0.002824200
pgvector,1,insert_texto,-,8096,0,0.002741600
pgvector,1,insert_texto,-,8097,0,0.002864600
pgvector,1,insert_texto,-,8098,0,0.002979000
pgvector,1,insert_texto,-,8099,0,0.002650700
pgvector,1,insert_texto,-,8100,0,0.002869000
pgvector,1,insert_texto,-,8101,0,0.002575100
pgvector,1,insert_texto,-,8102,0,0.002482900
pgvector,1,insert_texto,-,8103,0,0.002577500
pgvector,1,insert_texto,-,8104,0,0.002537200
pgvector,1,insert_texto,-,8105,0,0.002651300
pgvector,1,insert_texto,-,8106,0,0.002786400
pgvector,1,insert_texto,-,8107,0,0.002472000
pgvector,1,insert_texto,-,8108,0,0.002484600
pgvector,1,insert_texto,-,8109,0,0.002478900
pgvector,1,insert_texto,-,8110,0,0.002602900
pgvector,1,insert_texto,-,8111,0,0.002573800
pgvector,1,insert_texto,-,8112,0,0.002667300
pgvector,1,insert_texto,-,8113,0,0.002826100
pgvector,1,insert_texto,-,8114,0,0.002544800
pgvector,1,insert_texto,-,8115,0,0.002509500
pgvector,1,insert_texto,-,8116,0,0.002593900
pgvector,1,insert_texto,-,8117,0,0.002527300
pgvector,1,insert_texto,-,8118,0,0.002771200
pgvector,1,insert_texto,-,8119,0,0.002776700
pgvector,1,insert_texto,-,8120,0,0.002590800
pgvector,1,insert_texto,-,8121,0,0.002749000
pgvector,1,insert_texto,-,8122,0,0.002584100
pgvector,1,insert_texto,-,8123,0,0.002520000
pgvector,1,insert_texto,-,8124,0,0.003055700
pgvector,1,insert_texto,-,8125,0,0.002709000
pgvector,1,insert_texto,-,8126,0,0.002615900
pgvector,1,insert_texto,-,8127,0,0.002537500
pgvector,1,insert_texto,-,8128,0,0.002756400
pgvector,1,insert_texto,-,8129,0,0.002586900
pgvector,1,insert_texto,-,8130,0,0.003185700
pgvector,1,insert_texto,-,8131,0,0.002836100
pgvector,1,insert_texto,-,8132,0,0.002550000
pgvector,1,insert_texto,-,8133,0,0.002590200
pgvector,1,insert_texto,-,8134,0,0.002586000
pgvector,1,insert_texto,-,8135,0,0.002667700
pgvector,1,insert_texto,-,8136,0,0.002640700
pgvector,1,insert_texto,-,8137,0,0.002547700
pgvector,1,insert_texto,-,8138,0,0.002706100
pgvector,1,insert_texto,-,8139,0,0.002576100
pgvector,1,insert_texto,-,8140,0,0.002562700
pgvector,1,insert_texto,-,8141,0,0.002674500
pgvector,1,insert_texto,-,8142,0,0.002766600
pgvector,1,insert_texto,-,8143,0,0.002753400
pgvector,1,insert_texto,-,8144,0,0.002829400
pgvector,1,insert_texto,-,8145,0,0.002567300
pgvector,1,insert_texto,-,8146,0,0.002631000
pgvector,1,insert_texto,-,8147,0,0.003008800
pgvector,1,insert_texto,-,8148,0,0.002900600
pgvector,1,insert_texto,-,8149,0,0.002615100
pgvector,1,insert_texto,-,8150,0,0.002622000
pgvector,1,insert_texto,-,8151,0,0.002550100
pgvector,1,insert_texto,-,8152,0,0.002755600
pgvector,1,insert_texto,-,8153,0,0.002867200
pgvector,1,insert_texto,-,8154,0,0.002610800
pgvector,1,insert_texto,-,8155,0,0.002804100
pgvector,1,insert_texto,-,8156,0,0.002598900
pgvector,1,insert_texto,-,8157,0,0.002622100
pgvector,1,insert_texto,-,8158,0,0.002557300
pgvector,1,insert_texto,-,8159,0,0.002997800
pgvector,1,insert_texto,-,8160,0,0.002675000
pgvector,1,insert_texto,-,8161,0,0.002495800
pgvector,1,insert_texto,-,8162,0,0.002785600
pgvector,1,insert_texto,-,8163,0,0.002705600
pgvector,1,insert_texto,-,8164,0,0.002522600
pgvector,1,insert_texto,-,8165,0,0.002599800
pgvector,1,insert_texto,-,8166,0,0.002711600
pgvector,1,insert_texto,-,8167,0,0.002501700
pgvector,1,insert_texto,-,8168,0,0.002819700
pgvector,1,insert_texto,-,8169,0,0.002599100
pgvector,1,insert_texto,-,8170,0,0.002550700
pgvector,1,insert_texto,-,8171,0,0.002784000
pgvector,1,insert_texto,-,8172,0,0.003136000
pgvector,1,insert_texto,-,8173,0,0.002872300
pgvector,1,insert_texto,-,8174,0,0.003034900
pgvector,1,insert_texto,-,8175,0,0.003019800
pgvector,1,insert_texto,-,8176,0,0.002935300
pgvector,1,insert_texto,-,8177,0,0.002891000
pgvector,1,insert_texto,-,8178,0,0.003146600
pgvector,1,insert_texto,-,8179,0,0.003046300
pgvector,1,insert_texto,-,8180,0,0.002675600
pgvector,1,insert_texto,-,8181,0,0.002489200
pgvector,1,insert_texto,-,8182,0,0.002981600
pgvector,1,insert_texto,-,8183,0,0.002637100
pgvector,1,insert_texto,-,8184,0,0.002579700
pgvector,1,insert_texto,-,8185,0,0.002791200
pgvector,1,insert_texto,-,8186,0,0.002745000
pgvector,1,insert_texto,-,8187,0,0.002555000
pgvector,1,insert_texto,-,8188,0,0.002851900
pgvector,1,insert_texto,-,8189,0,0.003013400
pgvector,1,insert_texto,-,8190,0,0.002861500
pgvector,1,insert_texto,-,8191,0,0.002870200
pgvector,1,insert_texto,-,8192,0,0.002614100
pgvector,1,insert_texto,-,8193,0,0.002510600
pgvector,1,insert_texto,-,8194,0,0.002576900
pgvector,1,insert_texto,-,8195,0,0.002734900
pgvector,1,insert_texto,-,8196,0,0.002572700
pgvector,1,insert_texto,-,8197,0,0.002501200
pgvector,1,insert_texto,-,8198,0,0.002722000
pgvector,1,insert_texto,-,8199,0,0.003116600
pgvector,1,insert_texto,-,8200,0,0.002697800
pgvector,1,insert_texto,-,8201,0,0.002562000
pgvector,1,insert_texto,-,8202,0,0.002517800
pgvector,1,insert_texto,-,8203,0,0.002651600
pgvector,1,insert_texto,-,8204,0,0.002691400
pgvector,1,insert_texto,-,8205,0,0.002836600
pgvector,1,insert_texto,-,8206,0,0.002605500
pgvector,1,insert_texto,-,8207,0,0.002698400
pgvector,1,insert_texto,-,8208,0,0.002866200
pgvector,1,insert_texto,-,8209,0,0.002734400
pgvector,1,insert_texto,-,8210,0,0.002618900
pgvector,1,insert_texto,-,8211,0,0.002754200
pgvector,1,insert_texto,-,8212,0,0.002556700
pgvector,1,insert_texto,-,8213,0,0.002675600
pgvector,1,insert_texto,-,8214,0,0.002693700
pgvector,1,insert_texto,-,8215,0,0.002628900
pgvector,1,insert_texto,-,8216,0,0.002646200
pgvector,1,insert_texto,-,8217,0,0.002784200
pgvector,1,insert_texto,-,8218,0,0.002610800
pgvector,1,insert_texto,-,8219,0,0.002562700
pgvector,1,insert_texto,-,8220,0,0.002635400
pgvector,1,insert_texto,-,8221,0,0.002638600
pgvector,1,insert_texto,-,8222,0,0.002709100
pgvector,1,insert_texto,-,8223,0,0.003071900
pgvector,1,insert_texto,-,8224,0,0.002561200
pgvector,1,insert_texto,-,8225,0,0.002637400
pgvector,1,insert_texto,-,8226,0,0.003056000
pgvector,1,insert_texto,-,8227,0,0.003074400
pgvector,1,insert_texto,-,8228,0,0.002995800
pgvector,1,insert_texto,-,8229,0,0.002663800
pgvector,1,insert_texto,-,8230,0,0.002746800
pgvector,1,insert_texto,-,8231,0,0.002557200
pgvector,1,insert_texto,-,8232,0,0.002503900
pgvector,1,insert_texto,-,8233,0,0.002584500
pgvector,1,insert_texto,-,8234,0,0.003017300
pgvector,1,insert_texto,-,8235,0,0.002717100
pgvector,1,insert_texto,-,8236,0,0.002606900
pgvector,1,insert_texto,-,8237,0,0.002502300
pgvector,1,insert_texto,-,8238,0,0.002408400
pgvector,1,insert_texto,-,8239,0,0.002589300
pgvector,1,insert_texto,-,8240,0,0.002611300
pgvector,1,insert_texto,-,8241,0,0.002604000
pgvector,1,insert_texto,-,8242,0,0.002407300
pgvector,1,insert_texto,-,8243,0,0.002286600
pgvector,1,insert_texto,-,8244,0,0.002634400
pgvector,1,insert_texto,-,8245,0,0.002677800
pgvector,1,insert_texto,-,8246,0,0.002660700
pgvector,1,insert_texto,-,8247,0,0.002487200
pgvector,1,insert_texto,-,8248,0,0.002446100
pgvector,1,insert_texto,-,8249,0,0.002462600
pgvector,1,insert_texto,-,8250,0,0.002604300
pgvector,1,insert_texto,-,8251,0,0.002483900
pgvector,1,insert_texto,-,8252,0,0.002548500
pgvector,1,insert_texto,-,8253,0,0.003139900
pgvector,1,insert_texto,-,8254,0,0.002499500
pgvector,1,insert_texto,-,8255,0,0.002451700
pgvector,1,insert_texto,-,8256,0,0.002617100
pgvector,1,insert_texto,-,8257,0,0.002736400
pgvector,1,insert_texto,-,8258,0,0.002544500
pgvector,1,insert_texto,-,8259,0,0.002659600
pgvector,1,insert_texto,-,8260,0,0.002285700
pgvector,1,insert_texto,-,8261,0,0.002683800
pgvector,1,insert_texto,-,8262,0,0.002719700
pgvector,1,insert_texto,-,8263,0,0.002600400
pgvector,1,insert_texto,-,8264,0,0.003007000
pgvector,1,insert_texto,-,8265,0,0.003119100
pgvector,1,insert_texto,-,8266,0,0.002947000
pgvector,1,insert_texto,-,8267,0,0.003047800
pgvector,1,insert_texto,-,8268,0,0.003409200
pgvector,1,insert_texto,-,8269,0,0.003159700
pgvector,1,insert_texto,-,8270,0,0.003032400
pgvector,1,insert_texto,-,8271,0,0.003430400
pgvector,1,insert_texto,-,8272,0,0.002655200
pgvector,1,insert_texto,-,8273,0,0.002683500
pgvector,1,insert_texto,-,8274,0,0.002550500
pgvector,1,insert_texto,-,8275,0,0.002604900
pgvector,1,insert_texto,-,8276,0,0.002660900
pgvector,1,insert_texto,-,8277,0,0.002484600
pgvector,1,insert_texto,-,8278,0,0.002711600
pgvector,1,insert_texto,-,8279,0,0.002486500
pgvector,1,insert_texto,-,8280,0,0.002807300
pgvector,1,insert_texto,-,8281,0,0.002715000
pgvector,1,insert_texto,-,8282,0,0.002797400
pgvector,1,insert_texto,-,8283,0,0.002643800
pgvector,1,insert_texto,-,8284,0,0.002651700
pgvector,1,insert_texto,-,8285,0,0.002866500
pgvector,1,insert_texto,-,8286,0,0.002745200
pgvector,1,insert_texto,-,8287,0,0.003081300
pgvector,1,insert_texto,-,8288,0,0.002699700
pgvector,1,insert_texto,-,8289,0,0.002758200
pgvector,1,insert_texto,-,8290,0,0.002728800
pgvector,1,insert_texto,-,8291,0,0.002568800
pgvector,1,insert_texto,-,8292,0,0.002779600
pgvector,1,insert_texto,-,8293,0,0.003904900
pgvector,1,insert_texto,-,8294,0,0.003462200
pgvector,1,insert_texto,-,8295,0,0.003054100
pgvector,1,insert_texto,-,8296,0,0.002686500
pgvector,1,insert_texto,-,8297,0,0.002733000
pgvector,1,insert_texto,-,8298,0,0.002538100
pgvector,1,insert_texto,-,8299,0,0.002568900
pgvector,1,insert_texto,-,8300,0,0.002571800
pgvector,1,insert_texto,-,8301,0,0.002642200
pgvector,1,insert_texto,-,8302,0,0.002552000
pgvector,1,insert_texto,-,8303,0,0.002577800
pgvector,1,insert_texto,-,8304,0,0.002477100
pgvector,1,insert_texto,-,8305,0,0.002778100
pgvector,1,insert_texto,-,8306,0,0.002576800
pgvector,1,insert_texto,-,8307,0,0.002606100
pgvector,1,insert_texto,-,8308,0,0.002693300
pgvector,1,insert_texto,-,8309,0,0.002654600
pgvector,1,insert_texto,-,8310,0,0.002523300
pgvector,1,insert_texto,-,8311,0,0.002632200
pgvector,1,insert_texto,-,8312,0,0.002552600
pgvector,1,insert_texto,-,8313,0,0.002568300
pgvector,1,insert_texto,-,8314,0,0.002657700
pgvector,1,insert_texto,-,8315,0,0.002494400
pgvector,1,insert_texto,-,8316,0,0.002574500
pgvector,1,insert_texto,-,8317,0,0.002676900
pgvector,1,insert_texto,-,8318,0,0.002724800
pgvector,1,insert_texto,-,8319,0,0.002591000
pgvector,1,insert_texto,-,8320,0,0.002545300
pgvector,1,insert_texto,-,8321,0,0.002562400
pgvector,1,insert_texto,-,8322,0,0.002522300
pgvector,1,insert_texto,-,8323,0,0.002665000
pgvector,1,insert_texto,-,8324,0,0.002811900
pgvector,1,insert_texto,-,8325,0,0.002526700
pgvector,1,insert_texto,-,8326,0,0.002806900
pgvector,1,insert_texto,-,8327,0,0.002584600
pgvector,1,insert_texto,-,8328,0,0.002553700
pgvector,1,insert_texto,-,8329,0,0.002598800
pgvector,1,insert_texto,-,8330,0,0.002543600
pgvector,1,insert_texto,-,8331,0,0.002510700
pgvector,1,insert_texto,-,8332,0,0.002647900
pgvector,1,insert_texto,-,8333,0,0.002514400
pgvector,1,insert_texto,-,8334,0,0.002551900
pgvector,1,insert_texto,-,8335,0,0.002569800
pgvector,1,insert_texto,-,8336,0,0.002496900
pgvector,1,insert_texto,-,8337,0,0.002708500
pgvector,1,insert_texto,-,8338,0,0.002573500
pgvector,1,insert_texto,-,8339,0,0.002550800
pgvector,1,insert_texto,-,8340,0,0.002516600
pgvector,1,insert_texto,-,8341,0,0.002619700
pgvector,1,insert_texto,-,8342,0,0.002513900
pgvector,1,insert_texto,-,8343,0,0.002686300
pgvector,1,insert_texto,-,8344,0,0.002679300
pgvector,1,insert_texto,-,8345,0,0.002526700
pgvector,1,insert_texto,-,8346,0,0.002770600
pgvector,1,insert_texto,-,8347,0,0.002736300
pgvector,1,insert_texto,-,8348,0,0.002568100
pgvector,1,insert_texto,-,8349,0,0.002747500
pgvector,1,insert_texto,-,8350,0,0.002581000
pgvector,1,insert_texto,-,8351,0,0.002505300
pgvector,1,insert_texto,-,8352,0,0.002711600
pgvector,1,insert_texto,-,8353,0,0.002584900
pgvector,1,insert_texto,-,8354,0,0.002464200
pgvector,1,insert_texto,-,8355,0,0.002637300
pgvector,1,insert_texto,-,8356,0,0.002660000
pgvector,1,insert_texto,-,8357,0,0.002636300
pgvector,1,insert_texto,-,8358,0,0.002700300
pgvector,1,insert_texto,-,8359,0,0.002562700
pgvector,1,insert_texto,-,8360,0,0.002822100
pgvector,1,insert_texto,-,8361,0,0.003530700
pgvector,1,insert_texto,-,8362,0,0.002977500
pgvector,1,insert_texto,-,8363,0,0.002964300
pgvector,1,insert_texto,-,8364,0,0.002984600
pgvector,1,insert_texto,-,8365,0,0.003161200
pgvector,1,insert_texto,-,8366,0,0.003326700
pgvector,1,insert_texto,-,8367,0,0.002709200
pgvector,1,insert_texto,-,8368,0,0.002571700
pgvector,1,insert_texto,-,8369,0,0.002727300
pgvector,1,insert_texto,-,8370,0,0.002534300
pgvector,1,insert_texto,-,8371,0,0.002635900
pgvector,1,insert_texto,-,8372,0,0.003178900
pgvector,1,insert_texto,-,8373,0,0.003038300
pgvector,1,insert_texto,-,8374,0,0.002683200
pgvector,1,insert_texto,-,8375,0,0.002668500
pgvector,1,insert_texto,-,8376,0,0.002804500
pgvector,1,insert_texto,-,8377,0,0.002851100
pgvector,1,insert_texto,-,8378,0,0.002826400
pgvector,1,insert_texto,-,8379,0,0.002705100
pgvector,1,insert_texto,-,8380,0,0.002780600
pgvector,1,insert_texto,-,8381,0,0.002655100
pgvector,1,insert_texto,-,8382,0,0.002629500
pgvector,1,insert_texto,-,8383,0,0.002873500
pgvector,1,insert_texto,-,8384,0,0.002647600
pgvector,1,insert_texto,-,8385,0,0.002742600
pgvector,1,insert_texto,-,8386,0,0.002661500
pgvector,1,insert_texto,-,8387,0,0.002840400
pgvector,1,insert_texto,-,8388,0,0.002540400
pgvector,1,insert_texto,-,8389,0,0.002653200
pgvector,1,insert_texto,-,8390,0,0.002755300
pgvector,1,insert_texto,-,8391,0,0.002657000
pgvector,1,insert_texto,-,8392,0,0.002677900
pgvector,1,insert_texto,-,8393,0,0.002892700
pgvector,1,insert_texto,-,8394,0,0.002483900
pgvector,1,insert_texto,-,8395,0,0.002742700
pgvector,1,insert_texto,-,8396,0,0.002566000
pgvector,1,insert_texto,-,8397,0,0.002626500
pgvector,1,insert_texto,-,8398,0,0.002538000
pgvector,1,insert_texto,-,8399,0,0.002541400
pgvector,1,insert_texto,-,8400,0,0.002488000
pgvector,1,insert_texto,-,8401,0,0.002982600
pgvector,1,insert_texto,-,8402,0,0.002749700
pgvector,1,insert_texto,-,8403,0,0.002592100
pgvector,1,insert_texto,-,8404,0,0.002701800
pgvector,1,insert_texto,-,8405,0,0.002682500
pgvector,1,insert_texto,-,8406,0,0.002476600
pgvector,1,insert_texto,-,8407,0,0.002688100
pgvector,1,insert_texto,-,8408,0,0.002548000
pgvector,1,insert_texto,-,8409,0,0.002505500
pgvector,1,insert_texto,-,8410,0,0.002550500
pgvector,1,insert_texto,-,8411,0,0.002517900
pgvector,1,insert_texto,-,8412,0,0.002593400
pgvector,1,insert_texto,-,8413,0,0.002713300
pgvector,1,insert_texto,-,8414,0,0.002737700
pgvector,1,insert_texto,-,8415,0,0.002644900
pgvector,1,insert_texto,-,8416,0,0.002551100
pgvector,1,insert_texto,-,8417,0,0.002800300
pgvector,1,insert_texto,-,8418,0,0.002628800
pgvector,1,insert_texto,-,8419,0,0.002621400
pgvector,1,insert_texto,-,8420,0,0.002500900
pgvector,1,insert_texto,-,8421,0,0.002631200
pgvector,1,insert_texto,-,8422,0,0.002526700
pgvector,1,insert_texto,-,8423,0,0.002568300
pgvector,1,insert_texto,-,8424,0,0.002675400
pgvector,1,insert_texto,-,8425,0,0.002723700
pgvector,1,insert_texto,-,8426,0,0.002575500
pgvector,1,insert_texto,-,8427,0,0.002782200
pgvector,1,insert_texto,-,8428,0,0.002499500
pgvector,1,insert_texto,-,8429,0,0.002536000
pgvector,1,insert_texto,-,8430,0,0.002665400
pgvector,1,insert_texto,-,8431,0,0.002609000
pgvector,1,insert_texto,-,8432,0,0.002564400
pgvector,1,insert_texto,-,8433,0,0.002628400
pgvector,1,insert_texto,-,8434,0,0.002501000
pgvector,1,insert_texto,-,8435,0,0.002556000
pgvector,1,insert_texto,-,8436,0,0.002575900
pgvector,1,insert_texto,-,8437,0,0.002914600
pgvector,1,insert_texto,-,8438,0,0.002541300
pgvector,1,insert_texto,-,8439,0,0.002626300
pgvector,1,insert_texto,-,8440,0,0.002648200
pgvector,1,insert_texto,-,8441,0,0.002630200
pgvector,1,insert_texto,-,8442,0,0.002644800
pgvector,1,insert_texto,-,8443,0,0.002802900
pgvector,1,insert_texto,-,8444,0,0.002564900
pgvector,1,insert_texto,-,8445,0,0.002641600
pgvector,1,insert_texto,-,8446,0,0.002653600
pgvector,1,insert_texto,-,8447,0,0.002591200
pgvector,1,insert_texto,-,8448,0,0.002697000
pgvector,1,insert_texto,-,8449,0,0.002861400
pgvector,1,insert_texto,-,8450,0,0.002689500
pgvector,1,insert_texto,-,8451,0,0.002741700
pgvector,1,insert_texto,-,8452,0,0.002638400
pgvector,1,insert_texto,-,8453,0,0.002621100
pgvector,1,insert_texto,-,8454,0,0.002761600
pgvector,1,insert_texto,-,8455,0,0.003045300
pgvector,1,insert_texto,-,8456,0,0.003035000
pgvector,1,insert_texto,-,8457,0,0.003059800
pgvector,1,insert_texto,-,8458,0,0.003133500
pgvector,1,insert_texto,-,8459,0,0.003099200
pgvector,1,insert_texto,-,8460,0,0.003771600
pgvector,1,insert_texto,-,8461,0,0.003156300
pgvector,1,insert_texto,-,8462,0,0.003051200
pgvector,1,insert_texto,-,8463,0,0.002813200
pgvector,1,insert_texto,-,8464,0,0.003006100
pgvector,1,insert_texto,-,8465,0,0.003044600
pgvector,1,insert_texto,-,8466,0,0.002832800
pgvector,1,insert_texto,-,8467,0,0.002840800
pgvector,1,insert_texto,-,8468,0,0.002635400
pgvector,1,insert_texto,-,8469,0,0.002838400
pgvector,1,insert_texto,-,8470,0,0.002826700
pgvector,1,insert_texto,-,8471,0,0.002579500
pgvector,1,insert_texto,-,8472,0,0.003124500
pgvector,1,insert_texto,-,8473,0,0.002845800
pgvector,1,insert_texto,-,8474,0,0.002784800
pgvector,1,insert_texto,-,8475,0,0.002807400
pgvector,1,insert_texto,-,8476,0,0.002711300
pgvector,1,insert_texto,-,8477,0,0.002998500
pgvector,1,insert_texto,-,8478,0,0.002849400
pgvector,1,insert_texto,-,8479,0,0.002636600
pgvector,1,insert_texto,-,8480,0,0.002789100
pgvector,1,insert_texto,-,8481,0,0.003170600
pgvector,1,insert_texto,-,8482,0,0.003173200
pgvector,1,insert_texto,-,8483,0,0.002721000
pgvector,1,insert_texto,-,8484,0,0.003065600
pgvector,1,insert_texto,-,8485,0,0.002916300
pgvector,1,insert_texto,-,8486,0,0.003060400
pgvector,1,insert_texto,-,8487,0,0.002824400
pgvector,1,insert_texto,-,8488,0,0.002957700
pgvector,1,insert_texto,-,8489,0,0.002717800
pgvector,1,insert_texto,-,8490,0,0.003117300
pgvector,1,insert_texto,-,8491,0,0.003044900
pgvector,1,insert_texto,-,8492,0,0.002818700
pgvector,1,insert_texto,-,8493,0,0.002740500
pgvector,1,insert_texto,-,8494,0,0.002631000
pgvector,1,insert_texto,-,8495,0,0.002883600
pgvector,1,insert_texto,-,8496,0,0.003114200
pgvector,1,insert_texto,-,8497,0,0.002848100
pgvector,1,insert_texto,-,8498,0,0.002561100
pgvector,1,insert_texto,-,8499,0,0.002665400
pgvector,1,insert_texto,-,8500,0,0.002707200
pgvector,1,insert_texto,-,8501,0,0.002564200
pgvector,1,insert_texto,-,8502,0,0.002961400
pgvector,1,insert_texto,-,8503,0,0.002593300
pgvector,1,insert_texto,-,8504,0,0.002577000
pgvector,1,insert_texto,-,8505,0,0.002521500
pgvector,1,insert_texto,-,8506,0,0.002532400
pgvector,1,insert_texto,-,8507,0,0.002562200
pgvector,1,insert_texto,-,8508,0,0.002740100
pgvector,1,insert_texto,-,8509,0,0.002761700
pgvector,1,insert_texto,-,8510,0,0.002483900
pgvector,1,insert_texto,-,8511,0,0.002713700
pgvector,1,insert_texto,-,8512,0,0.002553500
pgvector,1,insert_texto,-,8513,0,0.002551200
pgvector,1,insert_texto,-,8514,0,0.002645700
pgvector,1,insert_texto,-,8515,0,0.002588700
pgvector,1,insert_texto,-,8516,0,0.002583700
pgvector,1,insert_texto,-,8517,0,0.002701000
pgvector,1,insert_texto,-,8518,0,0.002644300
pgvector,1,insert_texto,-,8519,0,0.002611000
pgvector,1,insert_texto,-,8520,0,0.002732100
pgvector,1,insert_texto,-,8521,0,0.002652600
pgvector,1,insert_texto,-,8522,0,0.002543000
pgvector,1,insert_texto,-,8523,0,0.002607500
pgvector,1,insert_texto,-,8524,0,0.002603700
pgvector,1,insert_texto,-,8525,0,0.002578500
pgvector,1,insert_texto,-,8526,0,0.002750000
pgvector,1,insert_texto,-,8527,0,0.002520500
pgvector,1,insert_texto,-,8528,0,0.002686900
pgvector,1,insert_texto,-,8529,0,0.002682000
pgvector,1,insert_texto,-,8530,0,0.002736100
pgvector,1,insert_texto,-,8531,0,0.002783400
pgvector,1,insert_texto,-,8532,0,0.002579500
pgvector,1,insert_texto,-,8533,0,0.002526400
pgvector,1,insert_texto,-,8534,0,0.002600400
pgvector,1,insert_texto,-,8535,0,0.002550700
pgvector,1,insert_texto,-,8536,0,0.002558400
pgvector,1,insert_texto,-,8537,0,0.002638400
pgvector,1,insert_texto,-,8538,0,0.002645500
pgvector,1,insert_texto,-,8539,0,0.002524900
pgvector,1,insert_texto,-,8540,0,0.002697700
pgvector,1,insert_texto,-,8541,0,0.002577600
pgvector,1,insert_texto,-,8542,0,0.002537800
pgvector,1,insert_texto,-,8543,0,0.002524500
pgvector,1,insert_texto,-,8544,0,0.002602600
pgvector,1,insert_texto,-,8545,0,0.002637400
pgvector,1,insert_texto,-,8546,0,0.002657900
pgvector,1,insert_texto,-,8547,0,0.002493000
pgvector,1,insert_texto,-,8548,0,0.002473900
pgvector,1,insert_texto,-,8549,0,0.002484300
pgvector,1,insert_texto,-,8550,0,0.003016800
pgvector,1,insert_texto,-,8551,0,0.002970800
pgvector,1,insert_texto,-,8552,0,0.003101000
pgvector,1,insert_texto,-,8553,0,0.003197600
pgvector,1,insert_texto,-,8554,0,0.002999100
pgvector,1,insert_texto,-,8555,0,0.003038200
pgvector,1,insert_texto,-,8556,0,0.003013300
pgvector,1,insert_texto,-,8557,0,0.002939900
pgvector,1,insert_texto,-,8558,0,0.002626100
pgvector,1,insert_texto,-,8559,0,0.002580400
pgvector,1,insert_texto,-,8560,0,0.002564100
pgvector,1,insert_texto,-,8561,0,0.002761500
pgvector,1,insert_texto,-,8562,0,0.002533500
pgvector,1,insert_texto,-,8563,0,0.002522800
pgvector,1,insert_texto,-,8564,0,0.002498600
pgvector,1,insert_texto,-,8565,0,0.002628600
pgvector,1,insert_texto,-,8566,0,0.002719500
pgvector,1,insert_texto,-,8567,0,0.002813000
pgvector,1,insert_texto,-,8568,0,0.002753100
pgvector,1,insert_texto,-,8569,0,0.002556000
pgvector,1,insert_texto,-,8570,0,0.002588800
pgvector,1,insert_texto,-,8571,0,0.002526500
pgvector,1,insert_texto,-,8572,0,0.002798600
pgvector,1,insert_texto,-,8573,0,0.003114100
pgvector,1,insert_texto,-,8574,0,0.002561700
pgvector,1,insert_texto,-,8575,0,0.002758400
pgvector,1,insert_texto,-,8576,0,0.002600000
pgvector,1,insert_texto,-,8577,0,0.002479900
pgvector,1,insert_texto,-,8578,0,0.002509800
pgvector,1,insert_texto,-,8579,0,0.002761700
pgvector,1,insert_texto,-,8580,0,0.002664200
pgvector,1,insert_texto,-,8581,0,0.002598700
pgvector,1,insert_texto,-,8582,0,0.002544500
pgvector,1,insert_texto,-,8583,0,0.002480800
pgvector,1,insert_texto,-,8584,0,0.002510900
pgvector,1,insert_texto,-,8585,0,0.002898200
pgvector,1,insert_texto,-,8586,0,0.002554800
pgvector,1,insert_texto,-,8587,0,0.002560100
pgvector,1,insert_texto,-,8588,0,0.002769700
pgvector,1,insert_texto,-,8589,0,0.002474300
pgvector,1,insert_texto,-,8590,0,0.002483200
pgvector,1,insert_texto,-,8591,0,0.002537500
pgvector,1,insert_texto,-,8592,0,0.002653800
pgvector,1,insert_texto,-,8593,0,0.002532900
pgvector,1,insert_texto,-,8594,0,0.002573600
pgvector,1,insert_texto,-,8595,0,0.002680700
pgvector,1,insert_texto,-,8596,0,0.002657700
pgvector,1,insert_texto,-,8597,0,0.002581400
pgvector,1,insert_texto,-,8598,0,0.002928400
pgvector,1,insert_texto,-,8599,0,0.003370800
pgvector,1,insert_texto,-,8600,0,0.003169800
pgvector,1,insert_texto,-,8601,0,0.003201100
pgvector,1,insert_texto,-,8602,0,0.003176500
pgvector,1,insert_texto,-,8603,0,0.003293600
pgvector,1,insert_texto,-,8604,0,0.002789800
pgvector,1,insert_texto,-,8605,0,0.003134800
pgvector,1,insert_texto,-,8606,0,0.002622100
pgvector,1,insert_texto,-,8607,0,0.002803100
pgvector,1,insert_texto,-,8608,0,0.002552600
pgvector,1,insert_texto,-,8609,0,0.002476600
pgvector,1,insert_texto,-,8610,0,0.002577600
pgvector,1,insert_texto,-,8611,0,0.002623900
pgvector,1,insert_texto,-,8612,0,0.002536300
pgvector,1,insert_texto,-,8613,0,0.002675300
pgvector,1,insert_texto,-,8614,0,0.002833600
pgvector,1,insert_texto,-,8615,0,0.002668900
pgvector,1,insert_texto,-,8616,0,0.003239100
pgvector,1,insert_texto,-,8617,0,0.002709900
pgvector,1,insert_texto,-,8618,0,0.002609200
pgvector,1,insert_texto,-,8619,0,0.002938800
pgvector,1,insert_texto,-,8620,0,0.002665600
pgvector,1,insert_texto,-,8621,0,0.002470100
pgvector,1,insert_texto,-,8622,0,0.002722500
pgvector,1,insert_texto,-,8623,0,0.002847800
pgvector,1,insert_texto,-,8624,0,0.002515700
pgvector,1,insert_texto,-,8625,0,0.002686000
pgvector,1,insert_texto,-,8626,0,0.002571800
pgvector,1,insert_texto,-,8627,0,0.002488300
pgvector,1,insert_texto,-,8628,0,0.002750600
pgvector,1,insert_texto,-,8629,0,0.002517000
pgvector,1,insert_texto,-,8630,0,0.002561200
pgvector,1,insert_texto,-,8631,0,0.002901400
pgvector,1,insert_texto,-,8632,0,0.002576100
pgvector,1,insert_texto,-,8633,0,0.002551600
pgvector,1,insert_texto,-,8634,0,0.002644500
pgvector,1,insert_texto,-,8635,0,0.002619300
pgvector,1,insert_texto,-,8636,0,0.002425600
pgvector,1,insert_texto,-,8637,0,0.002814700
pgvector,1,insert_texto,-,8638,0,0.002567700
pgvector,1,insert_texto,-,8639,0,0.002598600
pgvector,1,insert_texto,-,8640,0,0.002649200
pgvector,1,insert_texto,-,8641,0,0.002621800
pgvector,1,insert_texto,-,8642,0,0.002408600
pgvector,1,insert_texto,-,8643,0,0.002884100
pgvector,1,insert_texto,-,8644,0,0.002590100
pgvector,1,insert_texto,-,8645,0,0.002979300
pgvector,1,insert_texto,-,8646,0,0.003481400
pgvector,1,insert_texto,-,8647,0,0.002926100
pgvector,1,insert_texto,-,8648,0,0.003005600
pgvector,1,insert_texto,-,8649,0,0.003047000
pgvector,1,insert_texto,-,8650,0,0.002956800
pgvector,1,insert_texto,-,8651,0,0.003125600
pgvector,1,insert_texto,-,8652,0,0.002915800
pgvector,1,insert_texto,-,8653,0,0.002569100
pgvector,1,insert_texto,-,8654,0,0.002637500
pgvector,1,insert_texto,-,8655,0,0.002527900
pgvector,1,insert_texto,-,8656,0,0.002503900
pgvector,1,insert_texto,-,8657,0,0.002603200
pgvector,1,insert_texto,-,8658,0,0.002510000
pgvector,1,insert_texto,-,8659,0,0.002549400
pgvector,1,insert_texto,-,8660,0,0.002954100
pgvector,1,insert_texto,-,8661,0,0.002515400
pgvector,1,insert_texto,-,8662,0,0.002461900
pgvector,1,insert_texto,-,8663,0,0.002614300
pgvector,1,insert_texto,-,8664,0,0.002562800
pgvector,1,insert_texto,-,8665,0,0.002861000
pgvector,1,insert_texto,-,8666,0,0.002864200
pgvector,1,insert_texto,-,8667,0,0.002565100
pgvector,1,insert_texto,-,8668,0,0.002563200
pgvector,1,insert_texto,-,8669,0,0.002684200
pgvector,1,insert_texto,-,8670,0,0.002548400
pgvector,1,insert_texto,-,8671,0,0.002472200
pgvector,1,insert_texto,-,8672,0,0.002867000
pgvector,1,insert_texto,-,8673,0,0.002526700
pgvector,1,insert_texto,-,8674,0,0.002754500
pgvector,1,insert_texto,-,8675,0,0.002744100
pgvector,1,insert_texto,-,8676,0,0.002530200
pgvector,1,insert_texto,-,8677,0,0.002510500
pgvector,1,insert_texto,-,8678,0,0.003004900
pgvector,1,insert_texto,-,8679,0,0.002580300
pgvector,1,insert_texto,-,8680,0,0.002476900
pgvector,1,insert_texto,-,8681,0,0.002929900
pgvector,1,insert_texto,-,8682,0,0.002551800
pgvector,1,insert_texto,-,8683,0,0.002512900
pgvector,1,insert_texto,-,8684,0,0.002905100
pgvector,1,insert_texto,-,8685,0,0.002694700
pgvector,1,insert_texto,-,8686,0,0.002480900
pgvector,1,insert_texto,-,8687,0,0.002817900
pgvector,1,insert_texto,-,8688,0,0.002602700
pgvector,1,insert_texto,-,8689,0,0.002621800
pgvector,1,insert_texto,-,8690,0,0.002696800
pgvector,1,insert_texto,-,8691,0,0.002555300
pgvector,1,insert_texto,-,8692,0,0.002579400
pgvector,1,insert_texto,-,8693,0,0.002916300
pgvector,1,insert_texto,-,8694,0,0.002776900
pgvector,1,insert_texto,-,8695,0,0.002849500
pgvector,1,insert_texto,-,8696,0,0.002772900
pgvector,1,insert_texto,-,8697,0,0.002843800
pgvector,1,insert_texto,-,8698,0,0.002805300
pgvector,1,insert_texto,-,8699,0,0.002822400
pgvector,1,insert_texto,-,8700,0,0.002870500
pgvector,1,insert_texto,-,8701,0,0.002870700
pgvector,1,insert_texto,-,8702,0,0.002687200
pgvector,1,insert_texto,-,8703,0,0.002826000
pgvector,1,insert_texto,-,8704,0,0.002763800
pgvector,1,insert_texto,-,8705,0,0.002616400
pgvector,1,insert_texto,-,8706,0,0.002860200
pgvector,1,insert_texto,-,8707,0,0.002761500
pgvector,1,insert_texto,-,8708,0,0.002751500
pgvector,1,insert_texto,-,8709,0,0.002646800
pgvector,1,insert_texto,-,8710,0,0.002754500
pgvector,1,insert_texto,-,8711,0,0.002675600
pgvector,1,insert_texto,-,8712,0,0.002670200
pgvector,1,insert_texto,-,8713,0,0.002602700
pgvector,1,insert_texto,-,8714,0,0.002632000
pgvector,1,insert_texto,-,8715,0,0.002529900
pgvector,1,insert_texto,-,8716,0,0.002948800
pgvector,1,insert_texto,-,8717,0,0.002616400
pgvector,1,insert_texto,-,8718,0,0.002634800
pgvector,1,insert_texto,-,8719,0,0.002750300
pgvector,1,insert_texto,-,8720,0,0.002808800
pgvector,1,insert_texto,-,8721,0,0.002702700
pgvector,1,insert_texto,-,8722,0,0.002933100
pgvector,1,insert_texto,-,8723,0,0.002762400
pgvector,1,insert_texto,-,8724,0,0.002622300
pgvector,1,insert_texto,-,8725,0,0.002760400
pgvector,1,insert_texto,-,8726,0,0.002833700
pgvector,1,insert_texto,-,8727,0,0.002537000
pgvector,1,insert_texto,-,8728,0,0.002910900
pgvector,1,insert_texto,-,8729,0,0.002732200
pgvector,1,insert_texto,-,8730,0,0.002887600
pgvector,1,insert_texto,-,8731,0,0.002649500
pgvector,1,insert_texto,-,8732,0,0.002745400
pgvector,1,insert_texto,-,8733,0,0.002921600
pgvector,1,insert_texto,-,8734,0,0.002906100
pgvector,1,insert_texto,-,8735,0,0.002871700
pgvector,1,insert_texto,-,8736,0,0.003034300
pgvector,1,insert_texto,-,8737,0,0.002767900
pgvector,1,insert_texto,-,8738,0,0.002758300
pgvector,1,insert_texto,-,8739,0,0.002939500
pgvector,1,insert_texto,-,8740,0,0.003299300
pgvector,1,insert_texto,-,8741,0,0.003231400
pgvector,1,insert_texto,-,8742,0,0.002984900
pgvector,1,insert_texto,-,8743,0,0.003105200
pgvector,1,insert_texto,-,8744,0,0.003281900
pgvector,1,insert_texto,-,8745,0,0.003837700
pgvector,1,insert_texto,-,8746,0,0.003275600
pgvector,1,insert_texto,-,8747,0,0.003549300
pgvector,1,insert_texto,-,8748,0,0.002677100
pgvector,1,insert_texto,-,8749,0,0.002930300
pgvector,1,insert_texto,-,8750,0,0.002681800
pgvector,1,insert_texto,-,8751,0,0.002964800
pgvector,1,insert_texto,-,8752,0,0.002660000
pgvector,1,insert_texto,-,8753,0,0.002699200
pgvector,1,insert_texto,-,8754,0,0.002814100
pgvector,1,insert_texto,-,8755,0,0.002746800
pgvector,1,insert_texto,-,8756,0,0.002944300
pgvector,1,insert_texto,-,8757,0,0.002967300
pgvector,1,insert_texto,-,8758,0,0.003020200
pgvector,1,insert_texto,-,8759,0,0.002674300
pgvector,1,insert_texto,-,8760,0,0.002892800
pgvector,1,insert_texto,-,8761,0,0.002738100
pgvector,1,insert_texto,-,8762,0,0.002755800
pgvector,1,insert_texto,-,8763,0,0.003110100
pgvector,1,insert_texto,-,8764,0,0.002753700
pgvector,1,insert_texto,-,8765,0,0.002931400
pgvector,1,insert_texto,-,8766,0,0.002687900
pgvector,1,insert_texto,-,8767,0,0.002714100
pgvector,1,insert_texto,-,8768,0,0.002714300
pgvector,1,insert_texto,-,8769,0,0.002593700
pgvector,1,insert_texto,-,8770,0,0.002684500
pgvector,1,insert_texto,-,8771,0,0.002759800
pgvector,1,insert_texto,-,8772,0,0.002679100
pgvector,1,insert_texto,-,8773,0,0.003040200
pgvector,1,insert_texto,-,8774,0,0.002783800
pgvector,1,insert_texto,-,8775,0,0.002783800
pgvector,1,insert_texto,-,8776,0,0.002875500
pgvector,1,insert_texto,-,8777,0,0.002926100
pgvector,1,insert_texto,-,8778,0,0.003217800
pgvector,1,insert_texto,-,8779,0,0.002752400
pgvector,1,insert_texto,-,8780,0,0.002986200
pgvector,1,insert_texto,-,8781,0,0.003099000
pgvector,1,insert_texto,-,8782,0,0.003091900
pgvector,1,insert_texto,-,8783,0,0.002828800
pgvector,1,insert_texto,-,8784,0,0.002866400
pgvector,1,insert_texto,-,8785,0,0.003047500
pgvector,1,insert_texto,-,8786,0,0.002754300
pgvector,1,insert_texto,-,8787,0,0.002803500
pgvector,1,insert_texto,-,8788,0,0.002857100
pgvector,1,insert_texto,-,8789,0,0.003039700
pgvector,1,insert_texto,-,8790,0,0.002818600
pgvector,1,insert_texto,-,8791,0,0.002974600
pgvector,1,insert_texto,-,8792,0,0.002806100
pgvector,1,insert_texto,-,8793,0,0.002853000
pgvector,1,insert_texto,-,8794,0,0.002758900
pgvector,1,insert_texto,-,8795,0,0.002995600
pgvector,1,insert_texto,-,8796,0,0.002797300
pgvector,1,insert_texto,-,8797,0,0.003009800
pgvector,1,insert_texto,-,8798,0,0.002769600
pgvector,1,insert_texto,-,8799,0,0.003004100
pgvector,1,insert_texto,-,8800,0,0.002765400
pgvector,1,insert_texto,-,8801,0,0.002751700
pgvector,1,insert_texto,-,8802,0,0.003001900
pgvector,1,insert_texto,-,8803,0,0.003058100
pgvector,1,insert_texto,-,8804,0,0.002768000
pgvector,1,insert_texto,-,8805,0,0.002803600
pgvector,1,insert_texto,-,8806,0,0.002944600
pgvector,1,insert_texto,-,8807,0,0.002796000
pgvector,1,insert_texto,-,8808,0,0.002741200
pgvector,1,insert_texto,-,8809,0,0.002998200
pgvector,1,insert_texto,-,8810,0,0.002825300
pgvector,1,insert_texto,-,8811,0,0.003023500
pgvector,1,insert_texto,-,8812,0,0.002711400
pgvector,1,insert_texto,-,8813,0,0.002938300
pgvector,1,insert_texto,-,8814,0,0.002878300
pgvector,1,insert_texto,-,8815,0,0.002829500
pgvector,1,insert_texto,-,8816,0,0.002836800
pgvector,1,insert_texto,-,8817,0,0.002776300
pgvector,1,insert_texto,-,8818,0,0.003027200
pgvector,1,insert_texto,-,8819,0,0.002804900
pgvector,1,insert_texto,-,8820,0,0.002910000
pgvector,1,insert_texto,-,8821,0,0.002826500
pgvector,1,insert_texto,-,8822,0,0.002773000
pgvector,1,insert_texto,-,8823,0,0.002619100
pgvector,1,insert_texto,-,8824,0,0.002975800
pgvector,1,insert_texto,-,8825,0,0.003158500
pgvector,1,insert_texto,-,8826,0,0.002799400
pgvector,1,insert_texto,-,8827,0,0.003043400
pgvector,1,insert_texto,-,8828,0,0.002984600
pgvector,1,insert_texto,-,8829,0,0.002839000
pgvector,1,insert_texto,-,8830,0,0.002643100
pgvector,1,insert_texto,-,8831,0,0.002870100
pgvector,1,insert_texto,-,8832,0,0.002782300
pgvector,1,insert_texto,-,8833,0,0.002820300
pgvector,1,insert_texto,-,8834,0,0.003003600
pgvector,1,insert_texto,-,8835,0,0.003462400
pgvector,1,insert_texto,-,8836,0,0.003259700
pgvector,1,insert_texto,-,8837,0,0.003315900
pgvector,1,insert_texto,-,8838,0,0.003278400
pgvector,1,insert_texto,-,8839,0,0.003132800
pgvector,1,insert_texto,-,8840,0,0.003267200
pgvector,1,insert_texto,-,8841,0,0.003201900
pgvector,1,insert_texto,-,8842,0,0.003419200
pgvector,1,insert_texto,-,8843,0,0.002686800
pgvector,1,insert_texto,-,8844,0,0.002748100
pgvector,1,insert_texto,-,8845,0,0.002912000
pgvector,1,insert_texto,-,8846,0,0.002717200
pgvector,1,insert_texto,-,8847,0,0.002793400
pgvector,1,insert_texto,-,8848,0,0.002749800
pgvector,1,insert_texto,-,8849,0,0.002810800
pgvector,1,insert_texto,-,8850,0,0.002900900
pgvector,1,insert_texto,-,8851,0,0.003025400
pgvector,1,insert_texto,-,8852,0,0.002825400
pgvector,1,insert_texto,-,8853,0,0.002494400
pgvector,1,insert_texto,-,8854,0,0.002616500
pgvector,1,insert_texto,-,8855,0,0.002800500
pgvector,1,insert_texto,-,8856,0,0.002739400
pgvector,1,insert_texto,-,8857,0,0.002641300
pgvector,1,insert_texto,-,8858,0,0.002786600
pgvector,1,insert_texto,-,8859,0,0.002716700
pgvector,1,insert_texto,-,8860,0,0.002760100
pgvector,1,insert_texto,-,8861,0,0.002719000
pgvector,1,insert_texto,-,8862,0,0.002537300
pgvector,1,insert_texto,-,8863,0,0.002651500
pgvector,1,insert_texto,-,8864,0,0.003105800
pgvector,1,insert_texto,-,8865,0,0.002646200
pgvector,1,insert_texto,-,8866,0,0.002647300
pgvector,1,insert_texto,-,8867,0,0.002771000
pgvector,1,insert_texto,-,8868,0,0.002699900
pgvector,1,insert_texto,-,8869,0,0.002719600
pgvector,1,insert_texto,-,8870,0,0.002792900
pgvector,1,insert_texto,-,8871,0,0.002616600
pgvector,1,insert_texto,-,8872,0,0.002497400
pgvector,1,insert_texto,-,8873,0,0.002729700
pgvector,1,insert_texto,-,8874,0,0.002729200
pgvector,1,insert_texto,-,8875,0,0.002561000
pgvector,1,insert_texto,-,8876,0,0.002819700
pgvector,1,insert_texto,-,8877,0,0.002886100
pgvector,1,insert_texto,-,8878,0,0.002647100
pgvector,1,insert_texto,-,8879,0,0.002810200
pgvector,1,insert_texto,-,8880,0,0.002782000
pgvector,1,insert_texto,-,8881,0,0.002942800
pgvector,1,insert_texto,-,8882,0,0.002740300
pgvector,1,insert_texto,-,8883,0,0.002738700
pgvector,1,insert_texto,-,8884,0,0.002566300
pgvector,1,insert_texto,-,8885,0,0.002768600
pgvector,1,insert_texto,-,8886,0,0.003063400
pgvector,1,insert_texto,-,8887,0,0.002569900
pgvector,1,insert_texto,-,8888,0,0.002502900
pgvector,1,insert_texto,-,8889,0,0.002816900
pgvector,1,insert_texto,-,8890,0,0.002988900
pgvector,1,insert_texto,-,8891,0,0.002722500
pgvector,1,insert_texto,-,8892,0,0.002770200
pgvector,1,insert_texto,-,8893,0,0.002886700
pgvector,1,insert_texto,-,8894,0,0.002767200
pgvector,1,insert_texto,-,8895,0,0.002710100
pgvector,1,insert_texto,-,8896,0,0.002786700
pgvector,1,insert_texto,-,8897,0,0.002705000
pgvector,1,insert_texto,-,8898,0,0.002694000
pgvector,1,insert_texto,-,8899,0,0.002763200
pgvector,1,insert_texto,-,8900,0,0.002752800
pgvector,1,insert_texto,-,8901,0,0.002845700
pgvector,1,insert_texto,-,8902,0,0.002831200
pgvector,1,insert_texto,-,8903,0,0.002915700
pgvector,1,insert_texto,-,8904,0,0.002693600
pgvector,1,insert_texto,-,8905,0,0.002677500
pgvector,1,insert_texto,-,8906,0,0.002782300
pgvector,1,insert_texto,-,8907,0,0.002790600
pgvector,1,insert_texto,-,8908,0,0.002750700
pgvector,1,insert_texto,-,8909,0,0.002710200
pgvector,1,insert_texto,-,8910,0,0.002599200
pgvector,1,insert_texto,-,8911,0,0.002629100
pgvector,1,insert_texto,-,8912,0,0.002757500
pgvector,1,insert_texto,-,8913,0,0.002972200
pgvector,1,insert_texto,-,8914,0,0.002904300
pgvector,1,insert_texto,-,8915,0,0.002705800
pgvector,1,insert_texto,-,8916,0,0.003160200
pgvector,1,insert_texto,-,8917,0,0.002918100
pgvector,1,insert_texto,-,8918,0,0.002835800
pgvector,1,insert_texto,-,8919,0,0.002937900
pgvector,1,insert_texto,-,8920,0,0.002903200
pgvector,1,insert_texto,-,8921,0,0.002669200
pgvector,1,insert_texto,-,8922,0,0.002775100
pgvector,1,insert_texto,-,8923,0,0.003035400
pgvector,1,insert_texto,-,8924,0,0.003020400
pgvector,1,insert_texto,-,8925,0,0.002761100
pgvector,1,insert_texto,-,8926,0,0.002834000
pgvector,1,insert_texto,-,8927,0,0.002977200
pgvector,1,insert_texto,-,8928,0,0.002781000
pgvector,1,insert_texto,-,8929,0,0.002777000
pgvector,1,insert_texto,-,8930,0,0.003412600
pgvector,1,insert_texto,-,8931,0,0.003223000
pgvector,1,insert_texto,-,8932,0,0.003381900
pgvector,1,insert_texto,-,8933,0,0.003209600
pgvector,1,insert_texto,-,8934,0,0.003197000
pgvector,1,insert_texto,-,8935,0,0.003102000
pgvector,1,insert_texto,-,8936,0,0.003435000
pgvector,1,insert_texto,-,8937,0,0.003122100
pgvector,1,insert_texto,-,8938,0,0.002738000
pgvector,1,insert_texto,-,8939,0,0.002902200
pgvector,1,insert_texto,-,8940,0,0.002843700
pgvector,1,insert_texto,-,8941,0,0.002737100
pgvector,1,insert_texto,-,8942,0,0.002836400
pgvector,1,insert_texto,-,8943,0,0.002825200
pgvector,1,insert_texto,-,8944,0,0.002701000
pgvector,1,insert_texto,-,8945,0,0.002854300
pgvector,1,insert_texto,-,8946,0,0.002891200
pgvector,1,insert_texto,-,8947,0,0.002985800
pgvector,1,insert_texto,-,8948,0,0.002848000
pgvector,1,insert_texto,-,8949,0,0.002660600
pgvector,1,insert_texto,-,8950,0,0.002872800
pgvector,1,insert_texto,-,8951,0,0.002877100
pgvector,1,insert_texto,-,8952,0,0.002758200
pgvector,1,insert_texto,-,8953,0,0.002753400
pgvector,1,insert_texto,-,8954,0,0.002735200
pgvector,1,insert_texto,-,8955,0,0.002815500
pgvector,1,insert_texto,-,8956,0,0.002728200
pgvector,1,insert_texto,-,8957,0,0.002858400
pgvector,1,insert_texto,-,8958,0,0.002714900
pgvector,1,insert_texto,-,8959,0,0.002706100
pgvector,1,insert_texto,-,8960,0,0.002827800
pgvector,1,insert_texto,-,8961,0,0.002873100
pgvector,1,insert_texto,-,8962,0,0.003072500
pgvector,1,insert_texto,-,8963,0,0.002874100
pgvector,1,insert_texto,-,8964,0,0.002882400
pgvector,1,insert_texto,-,8965,0,0.003082500
pgvector,1,insert_texto,-,8966,0,0.002924600
pgvector,1,insert_texto,-,8967,0,0.002736800
pgvector,1,insert_texto,-,8968,0,0.003040400
pgvector,1,insert_texto,-,8969,0,0.002921700
pgvector,1,insert_texto,-,8970,0,0.003273500
pgvector,1,insert_texto,-,8971,0,0.002919600
pgvector,1,insert_texto,-,8972,0,0.003055900
pgvector,1,insert_texto,-,8973,0,0.002916100
pgvector,1,insert_texto,-,8974,0,0.002955600
pgvector,1,insert_texto,-,8975,0,0.002925700
pgvector,1,insert_texto,-,8976,0,0.002802300
pgvector,1,insert_texto,-,8977,0,0.002700000
pgvector,1,insert_texto,-,8978,0,0.002806900
pgvector,1,insert_texto,-,8979,0,0.002825300
pgvector,1,insert_texto,-,8980,0,0.002808500
pgvector,1,insert_texto,-,8981,0,0.002701800
pgvector,1,insert_texto,-,8982,0,0.002826200
pgvector,1,insert_texto,-,8983,0,0.002969800
pgvector,1,insert_texto,-,8984,0,0.002815100
pgvector,1,insert_texto,-,8985,0,0.002810200
pgvector,1,insert_texto,-,8986,0,0.002871200
pgvector,1,insert_texto,-,8987,0,0.002736800
pgvector,1,insert_texto,-,8988,0,0.002750200
pgvector,1,insert_texto,-,8989,0,0.002848200
pgvector,1,insert_texto,-,8990,0,0.002902100
pgvector,1,insert_texto,-,8991,0,0.002816400
pgvector,1,insert_texto,-,8992,0,0.002807600
pgvector,1,insert_texto,-,8993,0,0.002843100
pgvector,1,insert_texto,-,8994,0,0.002711100
pgvector,1,insert_texto,-,8995,0,0.002861400
pgvector,1,insert_texto,-,8996,0,0.002934700
pgvector,1,insert_texto,-,8997,0,0.002890500
pgvector,1,insert_texto,-,8998,0,0.002767900
pgvector,1,insert_texto,-,8999,0,0.002890500
pgvector,1,insert_texto,-,9000,0,0.002853300
pgvector,1,insert_texto,-,9001,0,0.002740000
pgvector,1,insert_texto,-,9002,0,0.002688300
pgvector,1,insert_texto,-,9003,0,0.002871500
pgvector,1,insert_texto,-,9004,0,0.002846000
pgvector,1,insert_texto,-,9005,0,0.002774100
pgvector,1,insert_texto,-,9006,0,0.002875600
pgvector,1,insert_texto,-,9007,0,0.002901500
pgvector,1,insert_texto,-,9008,0,0.002763500
pgvector,1,insert_texto,-,9009,0,0.002765900
pgvector,1,insert_texto,-,9010,0,0.002764200
pgvector,1,insert_texto,-,9011,0,0.002561000
pgvector,1,insert_texto,-,9012,0,0.002760900
pgvector,1,insert_texto,-,9013,0,0.002761200
pgvector,1,insert_texto,-,9014,0,0.002772000
pgvector,1,insert_texto,-,9015,0,0.002631400
pgvector,1,insert_texto,-,9016,0,0.002800300
pgvector,1,insert_texto,-,9017,0,0.002837200
pgvector,1,insert_texto,-,9018,0,0.002858600
pgvector,1,insert_texto,-,9019,0,0.002654900
pgvector,1,insert_texto,-,9020,0,0.002907500
pgvector,1,insert_texto,-,9021,0,0.002774100
pgvector,1,insert_texto,-,9022,0,0.002727000
pgvector,1,insert_texto,-,9023,0,0.002935600
pgvector,1,insert_texto,-,9024,0,0.003278200
pgvector,1,insert_texto,-,9025,0,0.003412200
pgvector,1,insert_texto,-,9026,0,0.003111400
pgvector,1,insert_texto,-,9027,0,0.002995900
pgvector,1,insert_texto,-,9028,0,0.002955100
pgvector,1,insert_texto,-,9029,0,0.002996500
pgvector,1,insert_texto,-,9030,0,0.002989900
pgvector,1,insert_texto,-,9031,0,0.003025100
pgvector,1,insert_texto,-,9032,0,0.003000000
pgvector,1,insert_texto,-,9033,0,0.002845000
pgvector,1,insert_texto,-,9034,0,0.002892000
pgvector,1,insert_texto,-,9035,0,0.002667200
pgvector,1,insert_texto,-,9036,0,0.002741900
pgvector,1,insert_texto,-,9037,0,0.002660900
pgvector,1,insert_texto,-,9038,0,0.002781700
pgvector,1,insert_texto,-,9039,0,0.003005600
pgvector,1,insert_texto,-,9040,0,0.002735000
pgvector,1,insert_texto,-,9041,0,0.002714900
pgvector,1,insert_texto,-,9042,0,0.002727900
pgvector,1,insert_texto,-,9043,0,0.002929900
pgvector,1,insert_texto,-,9044,0,0.002655500
pgvector,1,insert_texto,-,9045,0,0.003141800
pgvector,1,insert_texto,-,9046,0,0.002808300
pgvector,1,insert_texto,-,9047,0,0.002736800
pgvector,1,insert_texto,-,9048,0,0.002742800
pgvector,1,insert_texto,-,9049,0,0.002950100
pgvector,1,insert_texto,-,9050,0,0.002742300
pgvector,1,insert_texto,-,9051,0,0.002633400
pgvector,1,insert_texto,-,9052,0,0.002882600
pgvector,1,insert_texto,-,9053,0,0.002720400
pgvector,1,insert_texto,-,9054,0,0.002921900
pgvector,1,insert_texto,-,9055,0,0.002816400
pgvector,1,insert_texto,-,9056,0,0.002772300
pgvector,1,insert_texto,-,9057,0,0.002744800
pgvector,1,insert_texto,-,9058,0,0.002854100
pgvector,1,insert_texto,-,9059,0,0.002967300
pgvector,1,insert_texto,-,9060,0,0.002835300
pgvector,1,insert_texto,-,9061,0,0.002673200
pgvector,1,insert_texto,-,9062,0,0.002892700
pgvector,1,insert_texto,-,9063,0,0.002997000
pgvector,1,insert_texto,-,9064,0,0.002729800
pgvector,1,insert_texto,-,9065,0,0.003249200
pgvector,1,insert_texto,-,9066,0,0.002755300
pgvector,1,insert_texto,-,9067,0,0.003176900
pgvector,1,insert_texto,-,9068,0,0.002818700
pgvector,1,insert_texto,-,9069,0,0.002853200
pgvector,1,insert_texto,-,9070,0,0.002906700
pgvector,1,insert_texto,-,9071,0,0.003067200
pgvector,1,insert_texto,-,9072,0,0.002782100
pgvector,1,insert_texto,-,9073,0,0.002794800
pgvector,1,insert_texto,-,9074,0,0.002946900
pgvector,1,insert_texto,-,9075,0,0.003036100
pgvector,1,insert_texto,-,9076,0,0.002791800
pgvector,1,insert_texto,-,9077,0,0.002913800
pgvector,1,insert_texto,-,9078,0,0.002896200
pgvector,1,insert_texto,-,9079,0,0.002745400
pgvector,1,insert_texto,-,9080,0,0.002592600
pgvector,1,insert_texto,-,9081,0,0.002880100
pgvector,1,insert_texto,-,9082,0,0.002984100
pgvector,1,insert_texto,-,9083,0,0.002701200
pgvector,1,insert_texto,-,9084,0,0.002727000
pgvector,1,insert_texto,-,9085,0,0.002792800
pgvector,1,insert_texto,-,9086,0,0.002877400
pgvector,1,insert_texto,-,9087,0,0.002897200
pgvector,1,insert_texto,-,9088,0,0.002925200
pgvector,1,insert_texto,-,9089,0,0.002996500
pgvector,1,insert_texto,-,9090,0,0.002886300
pgvector,1,insert_texto,-,9091,0,0.002797200
pgvector,1,insert_texto,-,9092,0,0.003214100
pgvector,1,insert_texto,-,9093,0,0.003170000
pgvector,1,insert_texto,-,9094,0,0.002848600
pgvector,1,insert_texto,-,9095,0,0.002843600
pgvector,1,insert_texto,-,9096,0,0.002882900
pgvector,1,insert_texto,-,9097,0,0.002876300
pgvector,1,insert_texto,-,9098,0,0.002986100
pgvector,1,insert_texto,-,9099,0,0.002827300
pgvector,1,insert_texto,-,9100,0,0.002937000
pgvector,1,insert_texto,-,9101,0,0.002648600
pgvector,1,insert_texto,-,9102,0,0.002727600
pgvector,1,insert_texto,-,9103,0,0.002902700
pgvector,1,insert_texto,-,9104,0,0.002783300
pgvector,1,insert_texto,-,9105,0,0.002977900
pgvector,1,insert_texto,-,9106,0,0.002869600
pgvector,1,insert_texto,-,9107,0,0.002884500
pgvector,1,insert_texto,-,9108,0,0.002800600
pgvector,1,insert_texto,-,9109,0,0.002839900
pgvector,1,insert_texto,-,9110,0,0.003085300
pgvector,1,insert_texto,-,9111,0,0.003116100
pgvector,1,insert_texto,-,9112,0,0.002867000
pgvector,1,insert_texto,-,9113,0,0.002883600
pgvector,1,insert_texto,-,9114,0,0.002764900
pgvector,1,insert_texto,-,9115,0,0.002735300
pgvector,1,insert_texto,-,9116,0,0.003106400
pgvector,1,insert_texto,-,9117,0,0.002775600
pgvector,1,insert_texto,-,9118,0,0.002734800
pgvector,1,insert_texto,-,9119,0,0.003144100
pgvector,1,insert_texto,-,9120,0,0.003222000
pgvector,1,insert_texto,-,9121,0,0.003007400
pgvector,1,insert_texto,-,9122,0,0.003147700
pgvector,1,insert_texto,-,9123,0,0.003606300
pgvector,1,insert_texto,-,9124,0,0.003465800
pgvector,1,insert_texto,-,9125,0,0.003209500
pgvector,1,insert_texto,-,9126,0,0.003531500
pgvector,1,insert_texto,-,9127,0,0.002915600
pgvector,1,insert_texto,-,9128,0,0.002875200
pgvector,1,insert_texto,-,9129,0,0.002769600
pgvector,1,insert_texto,-,9130,0,0.003043100
pgvector,1,insert_texto,-,9131,0,0.002971900
pgvector,1,insert_texto,-,9132,0,0.002741500
pgvector,1,insert_texto,-,9133,0,0.002697900
pgvector,1,insert_texto,-,9134,0,0.002880900
pgvector,1,insert_texto,-,9135,0,0.003149900
pgvector,1,insert_texto,-,9136,0,0.002687200
pgvector,1,insert_texto,-,9137,0,0.002784900
pgvector,1,insert_texto,-,9138,0,0.002881500
pgvector,1,insert_texto,-,9139,0,0.002783900
pgvector,1,insert_texto,-,9140,0,0.002699500
pgvector,1,insert_texto,-,9141,0,0.002895900
pgvector,1,insert_texto,-,9142,0,0.002858100
pgvector,1,insert_texto,-,9143,0,0.002716800
pgvector,1,insert_texto,-,9144,0,0.002742700
pgvector,1,insert_texto,-,9145,0,0.003171000
pgvector,1,insert_texto,-,9146,0,0.002978200
pgvector,1,insert_texto,-,9147,0,0.002960600
pgvector,1,insert_texto,-,9148,0,0.002836700
pgvector,1,insert_texto,-,9149,0,0.002996100
pgvector,1,insert_texto,-,9150,0,0.002981600
pgvector,1,insert_texto,-,9151,0,0.002950200
pgvector,1,insert_texto,-,9152,0,0.002784100
pgvector,1,insert_texto,-,9153,0,0.002936800
pgvector,1,insert_texto,-,9154,0,0.002796700
pgvector,1,insert_texto,-,9155,0,0.002793100
pgvector,1,insert_texto,-,9156,0,0.002912100
pgvector,1,insert_texto,-,9157,0,0.002961600
pgvector,1,insert_texto,-,9158,0,0.002789000
pgvector,1,insert_texto,-,9159,0,0.002919000
pgvector,1,insert_texto,-,9160,0,0.002724000
pgvector,1,insert_texto,-,9161,0,0.002629200
pgvector,1,insert_texto,-,9162,0,0.002743500
pgvector,1,insert_texto,-,9163,0,0.002734100
pgvector,1,insert_texto,-,9164,0,0.002680800
pgvector,1,insert_texto,-,9165,0,0.002621300
pgvector,1,insert_texto,-,9166,0,0.002695700
pgvector,1,insert_texto,-,9167,0,0.002861200
pgvector,1,insert_texto,-,9168,0,0.002667100
pgvector,1,insert_texto,-,9169,0,0.002651600
pgvector,1,insert_texto,-,9170,0,0.002722200
pgvector,1,insert_texto,-,9171,0,0.002681500
pgvector,1,insert_texto,-,9172,0,0.002588200
pgvector,1,insert_texto,-,9173,0,0.002758000
pgvector,1,insert_texto,-,9174,0,0.002859200
pgvector,1,insert_texto,-,9175,0,0.002824500
pgvector,1,insert_texto,-,9176,0,0.002962900
pgvector,1,insert_texto,-,9177,0,0.002901600
pgvector,1,insert_texto,-,9178,0,0.002841500
pgvector,1,insert_texto,-,9179,0,0.003026500
pgvector,1,insert_texto,-,9180,0,0.003161400
pgvector,1,insert_texto,-,9181,0,0.002743000
pgvector,1,insert_texto,-,9182,0,0.002827400
pgvector,1,insert_texto,-,9183,0,0.002928900
pgvector,1,insert_texto,-,9184,0,0.002778000
pgvector,1,insert_texto,-,9185,0,0.002892200
pgvector,1,insert_texto,-,9186,0,0.002764600
pgvector,1,insert_texto,-,9187,0,0.003042900
pgvector,1,insert_texto,-,9188,0,0.002668900
pgvector,1,insert_texto,-,9189,0,0.002795800
pgvector,1,insert_texto,-,9190,0,0.002956800
pgvector,1,insert_texto,-,9191,0,0.003351800
pgvector,1,insert_texto,-,9192,0,0.002888000
pgvector,1,insert_texto,-,9193,0,0.002812700
pgvector,1,insert_texto,-,9194,0,0.002907600
pgvector,1,insert_texto,-,9195,0,0.002863100
pgvector,1,insert_texto,-,9196,0,0.002918300
pgvector,1,insert_texto,-,9197,0,0.002850500
pgvector,1,insert_texto,-,9198,0,0.002763400
pgvector,1,insert_texto,-,9199,0,0.002771700
pgvector,1,insert_texto,-,9200,0,0.002994200
pgvector,1,insert_texto,-,9201,0,0.002918300
pgvector,1,insert_texto,-,9202,0,0.002984100
pgvector,1,insert_texto,-,9203,0,0.002825500
pgvector,1,insert_texto,-,9204,0,0.002838400
pgvector,1,insert_texto,-,9205,0,0.002886900
pgvector,1,insert_texto,-,9206,0,0.002716400
pgvector,1,insert_texto,-,9207,0,0.002930200
pgvector,1,insert_texto,-,9208,0,0.002766800
pgvector,1,insert_texto,-,9209,0,0.002889700
pgvector,1,insert_texto,-,9210,0,0.002696400
pgvector,1,insert_texto,-,9211,0,0.002553400
pgvector,1,insert_texto,-,9212,0,0.002847000
pgvector,1,insert_texto,-,9213,0,0.002944900
pgvector,1,insert_texto,-,9214,0,0.003206900
pgvector,1,insert_texto,-,9215,0,0.003372800
pgvector,1,insert_texto,-,9216,0,0.003149600
pgvector,1,insert_texto,-,9217,0,0.003290400
pgvector,1,insert_texto,-,9218,0,0.003309200
pgvector,1,insert_texto,-,9219,0,0.003087100
pgvector,1,insert_texto,-,9220,0,0.003021000
pgvector,1,insert_texto,-,9221,0,0.003141100
pgvector,1,insert_texto,-,9222,0,0.003074500
pgvector,1,insert_texto,-,9223,0,0.002864200
pgvector,1,insert_texto,-,9224,0,0.002726200
pgvector,1,insert_texto,-,9225,0,0.003070600
pgvector,1,insert_texto,-,9226,0,0.002838800
pgvector,1,insert_texto,-,9227,0,0.002797800
pgvector,1,insert_texto,-,9228,0,0.003019500
pgvector,1,insert_texto,-,9229,0,0.002873900
pgvector,1,insert_texto,-,9230,0,0.002916500
pgvector,1,insert_texto,-,9231,0,0.002830400
pgvector,1,insert_texto,-,9232,0,0.002901700
pgvector,1,insert_texto,-,9233,0,0.003066600
pgvector,1,insert_texto,-,9234,0,0.002788700
pgvector,1,insert_texto,-,9235,0,0.002855900
pgvector,1,insert_texto,-,9236,0,0.002904600
pgvector,1,insert_texto,-,9237,0,0.002883300
pgvector,1,insert_texto,-,9238,0,0.002598300
pgvector,1,insert_texto,-,9239,0,0.002745200
pgvector,1,insert_texto,-,9240,0,0.002740900
pgvector,1,insert_texto,-,9241,0,0.002709700
pgvector,1,insert_texto,-,9242,0,0.002765100
pgvector,1,insert_texto,-,9243,0,0.003169100
pgvector,1,insert_texto,-,9244,0,0.002823100
pgvector,1,insert_texto,-,9245,0,0.002858000
pgvector,1,insert_texto,-,9246,0,0.002857300
pgvector,1,insert_texto,-,9247,0,0.002894700
pgvector,1,insert_texto,-,9248,0,0.002786200
pgvector,1,insert_texto,-,9249,0,0.002864400
pgvector,1,insert_texto,-,9250,0,0.002914600
pgvector,1,insert_texto,-,9251,0,0.002768800
pgvector,1,insert_texto,-,9252,0,0.002797600
pgvector,1,insert_texto,-,9253,0,0.003058100
pgvector,1,insert_texto,-,9254,0,0.002724300
pgvector,1,insert_texto,-,9255,0,0.002656000
pgvector,1,insert_texto,-,9256,0,0.002777300
pgvector,1,insert_texto,-,9257,0,0.002785100
pgvector,1,insert_texto,-,9258,0,0.002815300
pgvector,1,insert_texto,-,9259,0,0.002750900
pgvector,1,insert_texto,-,9260,0,0.002829700
pgvector,1,insert_texto,-,9261,0,0.002726400
pgvector,1,insert_texto,-,9262,0,0.002594800
pgvector,1,insert_texto,-,9263,0,0.002725300
pgvector,1,insert_texto,-,9264,0,0.002894900
pgvector,1,insert_texto,-,9265,0,0.003128800
pgvector,1,insert_texto,-,9266,0,0.002608400
pgvector,1,insert_texto,-,9267,0,0.002709300
pgvector,1,insert_texto,-,9268,0,0.002653100
pgvector,1,insert_texto,-,9269,0,0.002656400
pgvector,1,insert_texto,-,9270,0,0.002835800
pgvector,1,insert_texto,-,9271,0,0.002920800
pgvector,1,insert_texto,-,9272,0,0.002739400
pgvector,1,insert_texto,-,9273,0,0.002729500
pgvector,1,insert_texto,-,9274,0,0.002708600
pgvector,1,insert_texto,-,9275,0,0.002719100
pgvector,1,insert_texto,-,9276,0,0.002970300
pgvector,1,insert_texto,-,9277,0,0.002777200
pgvector,1,insert_texto,-,9278,0,0.002702100
pgvector,1,insert_texto,-,9279,0,0.002708200
pgvector,1,insert_texto,-,9280,0,0.002750900
pgvector,1,insert_texto,-,9281,0,0.002612500
pgvector,1,insert_texto,-,9282,0,0.002674800
pgvector,1,insert_texto,-,9283,0,0.002802700
pgvector,1,insert_texto,-,9284,0,0.002592700
pgvector,1,insert_texto,-,9285,0,0.002492300
pgvector,1,insert_texto,-,9286,0,0.002722800
pgvector,1,insert_texto,-,9287,0,0.002586300
pgvector,1,insert_texto,-,9288,0,0.002602200
pgvector,1,insert_texto,-,9289,0,0.002709400
pgvector,1,insert_texto,-,9290,0,0.002545200
pgvector,1,insert_texto,-,9291,0,0.002539600
pgvector,1,insert_texto,-,9292,0,0.002585200
pgvector,1,insert_texto,-,9293,0,0.002542500
pgvector,1,insert_texto,-,9294,0,0.002647400
pgvector,1,insert_texto,-,9295,0,0.002741300
pgvector,1,insert_texto,-,9296,0,0.002853700
pgvector,1,insert_texto,-,9297,0,0.002685700
pgvector,1,insert_texto,-,9298,0,0.002716300
pgvector,1,insert_texto,-,9299,0,0.002649100
pgvector,1,insert_texto,-,9300,0,0.003435500
pgvector,1,insert_texto,-,9301,0,0.002808200
pgvector,1,insert_texto,-,9302,0,0.003008300
pgvector,1,insert_texto,-,9303,0,0.002799600
pgvector,1,insert_texto,-,9304,0,0.002839000
pgvector,1,insert_texto,-,9305,0,0.002911000
pgvector,1,insert_texto,-,9306,0,0.002759400
pgvector,1,insert_texto,-,9307,0,0.002619100
pgvector,1,insert_texto,-,9308,0,0.002896600
pgvector,1,insert_texto,-,9309,0,0.003187900
pgvector,1,insert_texto,-,9310,0,0.003103200
pgvector,1,insert_texto,-,9311,0,0.003131700
pgvector,1,insert_texto,-,9312,0,0.003102400
pgvector,1,insert_texto,-,9313,0,0.003382800
pgvector,1,insert_texto,-,9314,0,0.003441800
pgvector,1,insert_texto,-,9315,0,0.003118900
pgvector,1,insert_texto,-,9316,0,0.003110500
pgvector,1,insert_texto,-,9317,0,0.002862700
pgvector,1,insert_texto,-,9318,0,0.002809700
pgvector,1,insert_texto,-,9319,0,0.002619100
pgvector,1,insert_texto,-,9320,0,0.002785200
pgvector,1,insert_texto,-,9321,0,0.003225400
pgvector,1,insert_texto,-,9322,0,0.002784300
pgvector,1,insert_texto,-,9323,0,0.002670300
pgvector,1,insert_texto,-,9324,0,0.002769600
pgvector,1,insert_texto,-,9325,0,0.003044800
pgvector,1,insert_texto,-,9326,0,0.002669100
pgvector,1,insert_texto,-,9327,0,0.002782800
pgvector,1,insert_texto,-,9328,0,0.002810600
pgvector,1,insert_texto,-,9329,0,0.002593500
pgvector,1,insert_texto,-,9330,0,0.002719200
pgvector,1,insert_texto,-,9331,0,0.002837300
pgvector,1,insert_texto,-,9332,0,0.003147900
pgvector,1,insert_texto,-,9333,0,0.003018500
pgvector,1,insert_texto,-,9334,0,0.002873500
pgvector,1,insert_texto,-,9335,0,0.002782700
pgvector,1,insert_texto,-,9336,0,0.002887700
pgvector,1,insert_texto,-,9337,0,0.002804000
pgvector,1,insert_texto,-,9338,0,0.002761300
pgvector,1,insert_texto,-,9339,0,0.002889400
pgvector,1,insert_texto,-,9340,0,0.002687500
pgvector,1,insert_texto,-,9341,0,0.002839200
pgvector,1,insert_texto,-,9342,0,0.002822400
pgvector,1,insert_texto,-,9343,0,0.002765900
pgvector,1,insert_texto,-,9344,0,0.002822400
pgvector,1,insert_texto,-,9345,0,0.003016500
pgvector,1,insert_texto,-,9346,0,0.002776000
pgvector,1,insert_texto,-,9347,0,0.003106200
pgvector,1,insert_texto,-,9348,0,0.002751000
pgvector,1,insert_texto,-,9349,0,0.002849100
pgvector,1,insert_texto,-,9350,0,0.002907500
pgvector,1,insert_texto,-,9351,0,0.002756200
pgvector,1,insert_texto,-,9352,0,0.002656200
pgvector,1,insert_texto,-,9353,0,0.002860000
pgvector,1,insert_texto,-,9354,0,0.002851100
pgvector,1,insert_texto,-,9355,0,0.002771800
pgvector,1,insert_texto,-,9356,0,0.002709400
pgvector,1,insert_texto,-,9357,0,0.002653400
pgvector,1,insert_texto,-,9358,0,0.002647200
pgvector,1,insert_texto,-,9359,0,0.002686700
pgvector,1,insert_texto,-,9360,0,0.002757600
pgvector,1,insert_texto,-,9361,0,0.002642800
pgvector,1,insert_texto,-,9362,0,0.002809300
pgvector,1,insert_texto,-,9363,0,0.002673500
pgvector,1,insert_texto,-,9364,0,0.002657400
pgvector,1,insert_texto,-,9365,0,0.002913700
pgvector,1,insert_texto,-,9366,0,0.003080900
pgvector,1,insert_texto,-,9367,0,0.002744900
pgvector,1,insert_texto,-,9368,0,0.002816300
pgvector,1,insert_texto,-,9369,0,0.002851900
pgvector,1,insert_texto,-,9370,0,0.002783900
pgvector,1,insert_texto,-,9371,0,0.003284500
pgvector,1,insert_texto,-,9372,0,0.002888600
pgvector,1,insert_texto,-,9373,0,0.002830700
pgvector,1,insert_texto,-,9374,0,0.002819400
pgvector,1,insert_texto,-,9375,0,0.002649400
pgvector,1,insert_texto,-,9376,0,0.002735000
pgvector,1,insert_texto,-,9377,0,0.002671500
pgvector,1,insert_texto,-,9378,0,0.002715000
pgvector,1,insert_texto,-,9379,0,0.002775800
pgvector,1,insert_texto,-,9380,0,0.002699300
pgvector,1,insert_texto,-,9381,0,0.002635600
pgvector,1,insert_texto,-,9382,0,0.003074700
pgvector,1,insert_texto,-,9383,0,0.002980100
pgvector,1,insert_texto,-,9384,0,0.002911100
pgvector,1,insert_texto,-,9385,0,0.002873600
pgvector,1,insert_texto,-,9386,0,0.002923300
pgvector,1,insert_texto,-,9387,0,0.003004800
pgvector,1,insert_texto,-,9388,0,0.002807800
pgvector,1,insert_texto,-,9389,0,0.002852300
pgvector,1,insert_texto,-,9390,0,0.002690200
pgvector,1,insert_texto,-,9391,0,0.002715400
pgvector,1,insert_texto,-,9392,0,0.002819400
pgvector,1,insert_texto,-,9393,0,0.002924300
pgvector,1,insert_texto,-,9394,0,0.002956400
pgvector,1,insert_texto,-,9395,0,0.002954800
pgvector,1,insert_texto,-,9396,0,0.002780100
pgvector,1,insert_texto,-,9397,0,0.002831500
pgvector,1,insert_texto,-,9398,0,0.002737000
pgvector,1,insert_texto,-,9399,0,0.002887800
pgvector,1,insert_texto,-,9400,0,0.003004500
pgvector,1,insert_texto,-,9401,0,0.002853900
pgvector,1,insert_texto,-,9402,0,0.002639000
pgvector,1,insert_texto,-,9403,0,0.002668300
pgvector,1,insert_texto,-,9404,0,0.003274200
pgvector,1,insert_texto,-,9405,0,0.003154000
pgvector,1,insert_texto,-,9406,0,0.003120900
pgvector,1,insert_texto,-,9407,0,0.003245400
pgvector,1,insert_texto,-,9408,0,0.003259700
pgvector,1,insert_texto,-,9409,0,0.003581500
pgvector,1,insert_texto,-,9410,0,0.003194700
pgvector,1,insert_texto,-,9411,0,0.003532400
pgvector,1,insert_texto,-,9412,0,0.002796500
pgvector,1,insert_texto,-,9413,0,0.002850700
pgvector,1,insert_texto,-,9414,0,0.003354300
pgvector,1,insert_texto,-,9415,0,0.002870100
pgvector,1,insert_texto,-,9416,0,0.002796800
pgvector,1,insert_texto,-,9417,0,0.002900800
pgvector,1,insert_texto,-,9418,0,0.003111000
pgvector,1,insert_texto,-,9419,0,0.002831100
pgvector,1,insert_texto,-,9420,0,0.002797000
pgvector,1,insert_texto,-,9421,0,0.002712300
pgvector,1,insert_texto,-,9422,0,0.002704300
pgvector,1,insert_texto,-,9423,0,0.002632200
pgvector,1,insert_texto,-,9424,0,0.003075300
pgvector,1,insert_texto,-,9425,0,0.003014700
pgvector,1,insert_texto,-,9426,0,0.002763700
pgvector,1,insert_texto,-,9427,0,0.002822000
pgvector,1,insert_texto,-,9428,0,0.002959200
pgvector,1,insert_texto,-,9429,0,0.003080200
pgvector,1,insert_texto,-,9430,0,0.002934100
pgvector,1,insert_texto,-,9431,0,0.002824500
pgvector,1,insert_texto,-,9432,0,0.002809700
pgvector,1,insert_texto,-,9433,0,0.002892800
pgvector,1,insert_texto,-,9434,0,0.002823100
pgvector,1,insert_texto,-,9435,0,0.003127700
pgvector,1,insert_texto,-,9436,0,0.002943400
pgvector,1,insert_texto,-,9437,0,0.002828800
pgvector,1,insert_texto,-,9438,0,0.002739300
pgvector,1,insert_texto,-,9439,0,0.002696300
pgvector,1,insert_texto,-,9440,0,0.002848700
pgvector,1,insert_texto,-,9441,0,0.002721400
pgvector,1,insert_texto,-,9442,0,0.002674700
pgvector,1,insert_texto,-,9443,0,0.002607900
pgvector,1,insert_texto,-,9444,0,0.002777700
pgvector,1,insert_texto,-,9445,0,0.002702800
pgvector,1,insert_texto,-,9446,0,0.002917900
pgvector,1,insert_texto,-,9447,0,0.002719100
pgvector,1,insert_texto,-,9448,0,0.002715200
pgvector,1,insert_texto,-,9449,0,0.002920900
pgvector,1,insert_texto,-,9450,0,0.002763600
pgvector,1,insert_texto,-,9451,0,0.002786300
pgvector,1,insert_texto,-,9452,0,0.002901200
pgvector,1,insert_texto,-,9453,0,0.002745700
pgvector,1,insert_texto,-,9454,0,0.002730800
pgvector,1,insert_texto,-,9455,0,0.002970700
pgvector,1,insert_texto,-,9456,0,0.002887600
pgvector,1,insert_texto,-,9457,0,0.002825400
pgvector,1,insert_texto,-,9458,0,0.002831200
pgvector,1,insert_texto,-,9459,0,0.002783900
pgvector,1,insert_texto,-,9460,0,0.002814500
pgvector,1,insert_texto,-,9461,0,0.002842800
pgvector,1,insert_texto,-,9462,0,0.002876200
pgvector,1,insert_texto,-,9463,0,0.003168100
pgvector,1,insert_texto,-,9464,0,0.003023900
pgvector,1,insert_texto,-,9465,0,0.002867700
pgvector,1,insert_texto,-,9466,0,0.002753800
pgvector,1,insert_texto,-,9467,0,0.002853000
pgvector,1,insert_texto,-,9468,0,0.002799900
pgvector,1,insert_texto,-,9469,0,0.002695300
pgvector,1,insert_texto,-,9470,0,0.002767900
pgvector,1,insert_texto,-,9471,0,0.002778000
pgvector,1,insert_texto,-,9472,0,0.002765400
pgvector,1,insert_texto,-,9473,0,0.002759800
pgvector,1,insert_texto,-,9474,0,0.002675000
pgvector,1,insert_texto,-,9475,0,0.002820800
pgvector,1,insert_texto,-,9476,0,0.002685100
pgvector,1,insert_texto,-,9477,0,0.002998300
pgvector,1,insert_texto,-,9478,0,0.002826000
pgvector,1,insert_texto,-,9479,0,0.002724800
pgvector,1,insert_texto,-,9480,0,0.002898700
pgvector,1,insert_texto,-,9481,0,0.002953900
pgvector,1,insert_texto,-,9482,0,0.002814500
pgvector,1,insert_texto,-,9483,0,0.002783500
pgvector,1,insert_texto,-,9484,0,0.002988700
pgvector,1,insert_texto,-,9485,0,0.003293700
pgvector,1,insert_texto,-,9486,0,0.002913000
pgvector,1,insert_texto,-,9487,0,0.002806900
pgvector,1,insert_texto,-,9488,0,0.002869400
pgvector,1,insert_texto,-,9489,0,0.002731600
pgvector,1,insert_texto,-,9490,0,0.002768400
pgvector,1,insert_texto,-,9491,0,0.002951900
pgvector,1,insert_texto,-,9492,0,0.002868400
pgvector,1,insert_texto,-,9493,0,0.002698300
pgvector,1,insert_texto,-,9494,0,0.002888200
pgvector,1,insert_texto,-,9495,0,0.002802200
pgvector,1,insert_texto,-,9496,0,0.002890200
pgvector,1,insert_texto,-,9497,0,0.002840200
pgvector,1,insert_texto,-,9498,0,0.002953000
pgvector,1,insert_texto,-,9499,0,0.002847200
pgvector,1,insert_texto,-,9500,0,0.003114800
pgvector,1,insert_texto,-,9501,0,0.003523200
pgvector,1,insert_texto,-,9502,0,0.003394600
pgvector,1,insert_texto,-,9503,0,0.003453400
pgvector,1,insert_texto,-,9504,0,0.003465200
pgvector,1,insert_texto,-,9505,0,0.003343800
pgvector,1,insert_texto,-,9506,0,0.003287700
pgvector,1,insert_texto,-,9507,0,0.003028500
pgvector,1,insert_texto,-,9508,0,0.002766000
pgvector,1,insert_texto,-,9509,0,0.002689000
pgvector,1,insert_texto,-,9510,0,0.002638400
pgvector,1,insert_texto,-,9511,0,0.002696000
pgvector,1,insert_texto,-,9512,0,0.002880600
pgvector,1,insert_texto,-,9513,0,0.002659600
pgvector,1,insert_texto,-,9514,0,0.002562900
pgvector,1,insert_texto,-,9515,0,0.002823500
pgvector,1,insert_texto,-,9516,0,0.002692800
pgvector,1,insert_texto,-,9517,0,0.002683000
pgvector,1,insert_texto,-,9518,0,0.002776100
pgvector,1,insert_texto,-,9519,0,0.002736900
pgvector,1,insert_texto,-,9520,0,0.002883800
pgvector,1,insert_texto,-,9521,0,0.002812900
pgvector,1,insert_texto,-,9522,0,0.002827000
pgvector,1,insert_texto,-,9523,0,0.002835800
pgvector,1,insert_texto,-,9524,0,0.002680200
pgvector,1,insert_texto,-,9525,0,0.002782400
pgvector,1,insert_texto,-,9526,0,0.002827300
pgvector,1,insert_texto,-,9527,0,0.002788300
pgvector,1,insert_texto,-,9528,0,0.002849000
pgvector,1,insert_texto,-,9529,0,0.003014500
pgvector,1,insert_texto,-,9530,0,0.002686200
pgvector,1,insert_texto,-,9531,0,0.002837500
pgvector,1,insert_texto,-,9532,0,0.002937900
pgvector,1,insert_texto,-,9533,0,0.002858300
pgvector,1,insert_texto,-,9534,0,0.003042400
pgvector,1,insert_texto,-,9535,0,0.002954000
pgvector,1,insert_texto,-,9536,0,0.002789700
pgvector,1,insert_texto,-,9537,0,0.002866500
pgvector,1,insert_texto,-,9538,0,0.003067700
pgvector,1,insert_texto,-,9539,0,0.002855800
pgvector,1,insert_texto,-,9540,0,0.002925200
pgvector,1,insert_texto,-,9541,0,0.002783500
pgvector,1,insert_texto,-,9542,0,0.002583500
pgvector,1,insert_texto,-,9543,0,0.002720900
pgvector,1,insert_texto,-,9544,0,0.002710600
pgvector,1,insert_texto,-,9545,0,0.002899900
pgvector,1,insert_texto,-,9546,0,0.002863500
pgvector,1,insert_texto,-,9547,0,0.002632500
pgvector,1,insert_texto,-,9548,0,0.002656200
pgvector,1,insert_texto,-,9549,0,0.002658000
pgvector,1,insert_texto,-,9550,0,0.002602600
pgvector,1,insert_texto,-,9551,0,0.003109700
pgvector,1,insert_texto,-,9552,0,0.002857800
pgvector,1,insert_texto,-,9553,0,0.002724500
pgvector,1,insert_texto,-,9554,0,0.002797600
pgvector,1,insert_texto,-,9555,0,0.002836700
pgvector,1,insert_texto,-,9556,0,0.003118400
pgvector,1,insert_texto,-,9557,0,0.002970400
pgvector,1,insert_texto,-,9558,0,0.002736600
pgvector,1,insert_texto,-,9559,0,0.002885300
pgvector,1,insert_texto,-,9560,0,0.003029500
pgvector,1,insert_texto,-,9561,0,0.002646800
pgvector,1,insert_texto,-,9562,0,0.002905100
pgvector,1,insert_texto,-,9563,0,0.002762900
pgvector,1,insert_texto,-,9564,0,0.002648400
pgvector,1,insert_texto,-,9565,0,0.002812700
pgvector,1,insert_texto,-,9566,0,0.002892800
pgvector,1,insert_texto,-,9567,0,0.002760700
pgvector,1,insert_texto,-,9568,0,0.002698400
pgvector,1,insert_texto,-,9569,0,0.002857200
pgvector,1,insert_texto,-,9570,0,0.002870400
pgvector,1,insert_texto,-,9571,0,0.002822400
pgvector,1,insert_texto,-,9572,0,0.002920100
pgvector,1,insert_texto,-,9573,0,0.003024100
pgvector,1,insert_texto,-,9574,0,0.002786300
pgvector,1,insert_texto,-,9575,0,0.002692100
pgvector,1,insert_texto,-,9576,0,0.002932800
pgvector,1,insert_texto,-,9577,0,0.002866200
pgvector,1,insert_texto,-,9578,0,0.002842600
pgvector,1,insert_texto,-,9579,0,0.003143300
pgvector,1,insert_texto,-,9580,0,0.002880300
pgvector,1,insert_texto,-,9581,0,0.002967300
pgvector,1,insert_texto,-,9582,0,0.002812000
pgvector,1,insert_texto,-,9583,0,0.002722900
pgvector,1,insert_texto,-,9584,0,0.002879700
pgvector,1,insert_texto,-,9585,0,0.002681400
pgvector,1,insert_texto,-,9586,0,0.002619900
pgvector,1,insert_texto,-,9587,0,0.002756500
pgvector,1,insert_texto,-,9588,0,0.002854900
pgvector,1,insert_texto,-,9589,0,0.002711800
pgvector,1,insert_texto,-,9590,0,0.002770300
pgvector,1,insert_texto,-,9591,0,0.002622700
pgvector,1,insert_texto,-,9592,0,0.002609200
pgvector,1,insert_texto,-,9593,0,0.002726100
pgvector,1,insert_texto,-,9594,0,0.002963100
pgvector,1,insert_texto,-,9595,0,0.003069700
pgvector,1,insert_texto,-,9596,0,0.003474600
pgvector,1,insert_texto,-,9597,0,0.003657900
pgvector,1,insert_texto,-,9598,0,0.003307900
pgvector,1,insert_texto,-,9599,0,0.003376400
pgvector,1,insert_texto,-,9600,0,0.003220600
pgvector,1,insert_texto,-,9601,0,0.003307000
pgvector,1,insert_texto,-,9602,0,0.003186900
pgvector,1,insert_texto,-,9603,0,0.003037400
pgvector,1,insert_texto,-,9604,0,0.002792100
pgvector,1,insert_texto,-,9605,0,0.002894300
pgvector,1,insert_texto,-,9606,0,0.002930400
pgvector,1,insert_texto,-,9607,0,0.002759100
pgvector,1,insert_texto,-,9608,0,0.003059200
pgvector,1,insert_texto,-,9609,0,0.002825200
pgvector,1,insert_texto,-,9610,0,0.002785600
pgvector,1,insert_texto,-,9611,0,0.002799400
pgvector,1,insert_texto,-,9612,0,0.002972700
pgvector,1,insert_texto,-,9613,0,0.002774800
pgvector,1,insert_texto,-,9614,0,0.003004200
pgvector,1,insert_texto,-,9615,0,0.003015300
pgvector,1,insert_texto,-,9616,0,0.002828500
pgvector,1,insert_texto,-,9617,0,0.002829000
pgvector,1,insert_texto,-,9618,0,0.002876500
pgvector,1,insert_texto,-,9619,0,0.002996000
pgvector,1,insert_texto,-,9620,0,0.002876600
pgvector,1,insert_texto,-,9621,0,0.002674000
pgvector,1,insert_texto,-,9622,0,0.002778800
pgvector,1,insert_texto,-,9623,0,0.002806300
pgvector,1,insert_texto,-,9624,0,0.002958100
pgvector,1,insert_texto,-,9625,0,0.003005800
pgvector,1,insert_texto,-,9626,0,0.002980300
pgvector,1,insert_texto,-,9627,0,0.003022200
pgvector,1,insert_texto,-,9628,0,0.002806300
pgvector,1,insert_texto,-,9629,0,0.002857900
pgvector,1,insert_texto,-,9630,0,0.002835500
pgvector,1,insert_texto,-,9631,0,0.002669300
pgvector,1,insert_texto,-,9632,0,0.002561000
pgvector,1,insert_texto,-,9633,0,0.003016900
pgvector,1,insert_texto,-,9634,0,0.002711600
pgvector,1,insert_texto,-,9635,0,0.002635900
pgvector,1,insert_texto,-,9636,0,0.002687900
pgvector,1,insert_texto,-,9637,0,0.002626500
pgvector,1,insert_texto,-,9638,0,0.002631000
pgvector,1,insert_texto,-,9639,0,0.002712800
pgvector,1,insert_texto,-,9640,0,0.002550300
pgvector,1,insert_texto,-,9641,0,0.002619700
pgvector,1,insert_texto,-,9642,0,0.002760300
pgvector,1,insert_texto,-,9643,0,0.002554100
pgvector,1,insert_texto,-,9644,0,0.002662100
pgvector,1,insert_texto,-,9645,0,0.002563200
pgvector,1,insert_texto,-,9646,0,0.002504800
pgvector,1,insert_texto,-,9647,0,0.002506800
pgvector,1,insert_texto,-,9648,0,0.002760800
pgvector,1,insert_texto,-,9649,0,0.002579200
pgvector,1,insert_texto,-,9650,0,0.002783400
pgvector,1,insert_texto,-,9651,0,0.002721400
pgvector,1,insert_texto,-,9652,0,0.002580500
pgvector,1,insert_texto,-,9653,0,0.002671500
pgvector,1,insert_texto,-,9654,0,0.002895600
pgvector,1,insert_texto,-,9655,0,0.002685600
pgvector,1,insert_texto,-,9656,0,0.002670600
pgvector,1,insert_texto,-,9657,0,0.002712600
pgvector,1,insert_texto,-,9658,0,0.002619000
pgvector,1,insert_texto,-,9659,0,0.002791800
pgvector,1,insert_texto,-,9660,0,0.002779800
pgvector,1,insert_texto,-,9661,0,0.002917700
pgvector,1,insert_texto,-,9662,0,0.002541600
pgvector,1,insert_texto,-,9663,0,0.002603600
pgvector,1,insert_texto,-,9664,0,0.002672400
pgvector,1,insert_texto,-,9665,0,0.002545000
pgvector,1,insert_texto,-,9666,0,0.002686800
pgvector,1,insert_texto,-,9667,0,0.002468500
pgvector,1,insert_texto,-,9668,0,0.002460100
pgvector,1,insert_texto,-,9669,0,0.002424300
pgvector,1,insert_texto,-,9670,0,0.002491800
pgvector,1,insert_texto,-,9671,0,0.002480100
pgvector,1,insert_texto,-,9672,0,0.003288000
pgvector,1,insert_texto,-,9673,0,0.002596100
pgvector,1,insert_texto,-,9674,0,0.002570100
pgvector,1,insert_texto,-,9675,0,0.002756900
pgvector,1,insert_texto,-,9676,0,0.002573300
pgvector,1,insert_texto,-,9677,0,0.002590100
pgvector,1,insert_texto,-,9678,0,0.002529600
pgvector,1,insert_texto,-,9679,0,0.002485100
pgvector,1,insert_texto,-,9680,0,0.002657800
pgvector,1,insert_texto,-,9681,0,0.002588800
pgvector,1,insert_texto,-,9682,0,0.002550700
pgvector,1,insert_texto,-,9683,0,0.002578600
pgvector,1,insert_texto,-,9684,0,0.002874600
pgvector,1,insert_texto,-,9685,0,0.002583000
pgvector,1,insert_texto,-,9686,0,0.002436400
pgvector,1,insert_texto,-,9687,0,0.002655600
pgvector,1,insert_texto,-,9688,0,0.002552100
pgvector,1,insert_texto,-,9689,0,0.002507600
pgvector,1,insert_texto,-,9690,0,0.003060000
pgvector,1,insert_texto,-,9691,0,0.003477400
pgvector,1,insert_texto,-,9692,0,0.003071200
pgvector,1,insert_texto,-,9693,0,0.002814300
pgvector,1,insert_texto,-,9694,0,0.002870600
pgvector,1,insert_texto,-,9695,0,0.003400200
pgvector,1,insert_texto,-,9696,0,0.003116800
pgvector,1,insert_texto,-,9697,0,0.002950700
pgvector,1,insert_texto,-,9698,0,0.002635300
pgvector,1,insert_texto,-,9699,0,0.002503600
pgvector,1,insert_texto,-,9700,0,0.002673800
pgvector,1,insert_texto,-,9701,0,0.002673500
pgvector,1,insert_texto,-,9702,0,0.002723000
pgvector,1,insert_texto,-,9703,0,0.002806500
pgvector,1,insert_texto,-,9704,0,0.002626600
pgvector,1,insert_texto,-,9705,0,0.002539400
pgvector,1,insert_texto,-,9706,0,0.002565900
pgvector,1,insert_texto,-,9707,0,0.002807500
pgvector,1,insert_texto,-,9708,0,0.002501600
pgvector,1,insert_texto,-,9709,0,0.002516400
pgvector,1,insert_texto,-,9710,0,0.002738800
pgvector,1,insert_texto,-,9711,0,0.002516100
pgvector,1,insert_texto,-,9712,0,0.002536100
pgvector,1,insert_texto,-,9713,0,0.002603600
pgvector,1,insert_texto,-,9714,0,0.002577700
pgvector,1,insert_texto,-,9715,0,0.002498900
pgvector,1,insert_texto,-,9716,0,0.002588600
pgvector,1,insert_texto,-,9717,0,0.002560600
pgvector,1,insert_texto,-,9718,0,0.002635800
pgvector,1,insert_texto,-,9719,0,0.002582700
pgvector,1,insert_texto,-,9720,0,0.002547000
pgvector,1,insert_texto,-,9721,0,0.002768500
pgvector,1,insert_texto,-,9722,0,0.002612700
pgvector,1,insert_texto,-,9723,0,0.002523000
pgvector,1,insert_texto,-,9724,0,0.002774000
pgvector,1,insert_texto,-,9725,0,0.002590900
pgvector,1,insert_texto,-,9726,0,0.002611600
pgvector,1,insert_texto,-,9727,0,0.002701000
pgvector,1,insert_texto,-,9728,0,0.002546300
pgvector,1,insert_texto,-,9729,0,0.002476900
pgvector,1,insert_texto,-,9730,0,0.002533900
pgvector,1,insert_texto,-,9731,0,0.002681300
pgvector,1,insert_texto,-,9732,0,0.002559300
pgvector,1,insert_texto,-,9733,0,0.002657300
pgvector,1,insert_texto,-,9734,0,0.002529200
pgvector,1,insert_texto,-,9735,0,0.002555400
pgvector,1,insert_texto,-,9736,0,0.002564800
pgvector,1,insert_texto,-,9737,0,0.002717700
pgvector,1,insert_texto,-,9738,0,0.002624700
pgvector,1,insert_texto,-,9739,0,0.002582200
pgvector,1,insert_texto,-,9740,0,0.002575300
pgvector,1,insert_texto,-,9741,0,0.002577700
pgvector,1,insert_texto,-,9742,0,0.002618900
pgvector,1,insert_texto,-,9743,0,0.002922800
pgvector,1,insert_texto,-,9744,0,0.002556600
pgvector,1,insert_texto,-,9745,0,0.002873300
pgvector,1,insert_texto,-,9746,0,0.002544300
pgvector,1,insert_texto,-,9747,0,0.002537300
pgvector,1,insert_texto,-,9748,0,0.002603200
pgvector,1,insert_texto,-,9749,0,0.002648400
pgvector,1,insert_texto,-,9750,0,0.002621100
pgvector,1,insert_texto,-,9751,0,0.002574400
pgvector,1,insert_texto,-,9752,0,0.002539300
pgvector,1,insert_texto,-,9753,0,0.002853600
pgvector,1,insert_texto,-,9754,0,0.002660600
pgvector,1,insert_texto,-,9755,0,0.002502700
pgvector,1,insert_texto,-,9756,0,0.002578900
pgvector,1,insert_texto,-,9757,0,0.002528900
pgvector,1,insert_texto,-,9758,0,0.002485900
pgvector,1,insert_texto,-,9759,0,0.002626900
pgvector,1,insert_texto,-,9760,0,0.002550900
pgvector,1,insert_texto,-,9761,0,0.002997400
pgvector,1,insert_texto,-,9762,0,0.002772900
pgvector,1,insert_texto,-,9763,0,0.002669900
pgvector,1,insert_texto,-,9764,0,0.002466000
pgvector,1,insert_texto,-,9765,0,0.002663700
pgvector,1,insert_texto,-,9766,0,0.002640500
pgvector,1,insert_texto,-,9767,0,0.002585200
pgvector,1,insert_texto,-,9768,0,0.002615800
pgvector,1,insert_texto,-,9769,0,0.002550600
pgvector,1,insert_texto,-,9770,0,0.002493400
pgvector,1,insert_texto,-,9771,0,0.002674000
pgvector,1,insert_texto,-,9772,0,0.002546700
pgvector,1,insert_texto,-,9773,0,0.002639200
pgvector,1,insert_texto,-,9774,0,0.002716100
pgvector,1,insert_texto,-,9775,0,0.002626500
pgvector,1,insert_texto,-,9776,0,0.002572700
pgvector,1,insert_texto,-,9777,0,0.002715600
pgvector,1,insert_texto,-,9778,0,0.002567100
pgvector,1,insert_texto,-,9779,0,0.002672600
pgvector,1,insert_texto,-,9780,0,0.002629100
pgvector,1,insert_texto,-,9781,0,0.002494500
pgvector,1,insert_texto,-,9782,0,0.002499600
pgvector,1,insert_texto,-,9783,0,0.002717300
pgvector,1,insert_texto,-,9784,0,0.002616800
pgvector,1,insert_texto,-,9785,0,0.002916800
pgvector,1,insert_texto,-,9786,0,0.003332900
pgvector,1,insert_texto,-,9787,0,0.002965900
pgvector,1,insert_texto,-,9788,0,0.002974000
pgvector,1,insert_texto,-,9789,0,0.003052800
pgvector,1,insert_texto,-,9790,0,0.003287000
pgvector,1,insert_texto,-,9791,0,0.002874000
pgvector,1,insert_texto,-,9792,0,0.002862700
pgvector,1,insert_texto,-,9793,0,0.002495300
pgvector,1,insert_texto,-,9794,0,0.002788700
pgvector,1,insert_texto,-,9795,0,0.002710100
pgvector,1,insert_texto,-,9796,0,0.002822100
pgvector,1,insert_texto,-,9797,0,0.002530000
pgvector,1,insert_texto,-,9798,0,0.002496900
pgvector,1,insert_texto,-,9799,0,0.002646700
pgvector,1,insert_texto,-,9800,0,0.002771600
pgvector,1,insert_texto,-,9801,0,0.002578700
pgvector,1,insert_texto,-,9802,0,0.002592900
pgvector,1,insert_texto,-,9803,0,0.002635400
pgvector,1,insert_texto,-,9804,0,0.002650800
pgvector,1,insert_texto,-,9805,0,0.002679000
pgvector,1,insert_texto,-,9806,0,0.002742500
pgvector,1,insert_texto,-,9807,0,0.002860100
pgvector,1,insert_texto,-,9808,0,0.002569000
pgvector,1,insert_texto,-,9809,0,0.002645300
pgvector,1,insert_texto,-,9810,0,0.002592600
pgvector,1,insert_texto,-,9811,0,0.002575000
pgvector,1,insert_texto,-,9812,0,0.002665700
pgvector,1,insert_texto,-,9813,0,0.002688500
pgvector,1,insert_texto,-,9814,0,0.002576900
pgvector,1,insert_texto,-,9815,0,0.002749900
pgvector,1,insert_texto,-,9816,0,0.002496500
pgvector,1,insert_texto,-,9817,0,0.002795500
pgvector,1,insert_texto,-,9818,0,0.002702900
pgvector,1,insert_texto,-,9819,0,0.002570200
pgvector,1,insert_texto,-,9820,0,0.002481600
pgvector,1,insert_texto,-,9821,0,0.002741300
pgvector,1,insert_texto,-,9822,0,0.002473900
pgvector,1,insert_texto,-,9823,0,0.002770300
pgvector,1,insert_texto,-,9824,0,0.002635000
pgvector,1,insert_texto,-,9825,0,0.002575000
pgvector,1,insert_texto,-,9826,0,0.002421400
pgvector,1,insert_texto,-,9827,0,0.002655600
pgvector,1,insert_texto,-,9828,0,0.002625800
pgvector,1,insert_texto,-,9829,0,0.002674200
pgvector,1,insert_texto,-,9830,0,0.002574100
pgvector,1,insert_texto,-,9831,0,0.002423600
pgvector,1,insert_texto,-,9832,0,0.002674300
pgvector,1,insert_texto,-,9833,0,0.002544600
pgvector,1,insert_texto,-,9834,0,0.002459400
pgvector,1,insert_texto,-,9835,0,0.002827400
pgvector,1,insert_texto,-,9836,0,0.002834000
pgvector,1,insert_texto,-,9837,0,0.002418000
pgvector,1,insert_texto,-,9838,0,0.002630900
pgvector,1,insert_texto,-,9839,0,0.002492200
pgvector,1,insert_texto,-,9840,0,0.002524200
pgvector,1,insert_texto,-,9841,0,0.002860900
pgvector,1,insert_texto,-,9842,0,0.002511900
pgvector,1,insert_texto,-,9843,0,0.002574200
pgvector,1,insert_texto,-,9844,0,0.002725500
pgvector,1,insert_texto,-,9845,0,0.002606300
pgvector,1,insert_texto,-,9846,0,0.002657000
pgvector,1,insert_texto,-,9847,0,0.003049300
pgvector,1,insert_texto,-,9848,0,0.002791400
pgvector,1,insert_texto,-,9849,0,0.002651600
pgvector,1,insert_texto,-,9850,0,0.002606400
pgvector,1,insert_texto,-,9851,0,0.002730200
pgvector,1,insert_texto,-,9852,0,0.002572800
pgvector,1,insert_texto,-,9853,0,0.002787500
pgvector,1,insert_texto,-,9854,0,0.002739700
pgvector,1,insert_texto,-,9855,0,0.002678000
pgvector,1,insert_texto,-,9856,0,0.002631300
pgvector,1,insert_texto,-,9857,0,0.002599100
pgvector,1,insert_texto,-,9858,0,0.002611100
pgvector,1,insert_texto,-,9859,0,0.002710400
pgvector,1,insert_texto,-,9860,0,0.002700000
pgvector,1,insert_texto,-,9861,0,0.002829700
pgvector,1,insert_texto,-,9862,0,0.002608200
pgvector,1,insert_texto,-,9863,0,0.002700700
pgvector,1,insert_texto,-,9864,0,0.002926800
pgvector,1,insert_texto,-,9865,0,0.002772800
pgvector,1,insert_texto,-,9866,0,0.002653100
pgvector,1,insert_texto,-,9867,0,0.002582100
pgvector,1,insert_texto,-,9868,0,0.002546100
pgvector,1,insert_texto,-,9869,0,0.002763400
pgvector,1,insert_texto,-,9870,0,0.002731200
pgvector,1,insert_texto,-,9871,0,0.003176000
pgvector,1,insert_texto,-,9872,0,0.003838800
pgvector,1,insert_texto,-,9873,0,0.004315600
pgvector,1,insert_texto,-,9874,0,0.004256200
pgvector,1,insert_texto,-,9875,0,0.003827300
pgvector,1,insert_texto,-,9876,0,0.003577800
pgvector,1,insert_texto,-,9877,0,0.003298800
pgvector,1,insert_texto,-,9878,0,0.003471300
pgvector,1,insert_texto,-,9879,0,0.003157300
pgvector,1,insert_texto,-,9880,0,0.004378000
pgvector,1,insert_texto,-,9881,0,0.004170800
pgvector,1,insert_texto,-,9882,0,0.003603600
pgvector,1,insert_texto,-,9883,0,0.003582100
pgvector,1,insert_texto,-,9884,0,0.003543000
pgvector,1,insert_texto,-,9885,0,0.003890500
pgvector,1,insert_texto,-,9886,0,0.003855600
pgvector,1,insert_texto,-,9887,0,0.004103100
pgvector,1,insert_texto,-,9888,0,0.004484000
pgvector,1,insert_texto,-,9889,0,0.004538100
pgvector,1,insert_texto,-,9890,0,0.004035400
pgvector,1,insert_texto,-,9891,0,0.003819600
pgvector,1,insert_texto,-,9892,0,0.003891600
pgvector,1,insert_texto,-,9893,0,0.003815200
pgvector,1,insert_texto,-,9894,0,0.003951700
pgvector,1,insert_texto,-,9895,0,0.004246500
pgvector,1,insert_texto,-,9896,0,0.004021900
pgvector,1,insert_texto,-,9897,0,0.003862800
pgvector,1,insert_texto,-,9898,0,0.003936100
pgvector,1,insert_texto,-,9899,0,0.004395900
pgvector,1,insert_texto,-,9900,0,0.004485900
pgvector,1,insert_texto,-,9901,0,0.004703500
pgvector,1,insert_texto,-,9902,0,0.003816900
pgvector,1,insert_texto,-,9903,0,0.004136200
pgvector,1,insert_texto,-,9904,0,0.003307500
pgvector,1,insert_texto,-,9905,0,0.003240200
pgvector,1,insert_texto,-,9906,0,0.003040900
pgvector,1,insert_texto,-,9907,0,0.003123700
pgvector,1,insert_texto,-,9908,0,0.002824600
pgvector,1,insert_texto,-,9909,0,0.003204900
pgvector,1,insert_texto,-,9910,0,0.002814200
pgvector,1,insert_texto,-,9911,0,0.002643100
pgvector,1,insert_texto,-,9912,0,0.002816800
pgvector,1,insert_texto,-,9913,0,0.002692700
pgvector,1,insert_texto,-,9914,0,0.002768300
pgvector,1,insert_texto,-,9915,0,0.002734300
pgvector,1,insert_texto,-,9916,0,0.003192700
pgvector,1,insert_texto,-,9917,0,0.002796100
pgvector,1,insert_texto,-,9918,0,0.002780100
pgvector,1,insert_texto,-,9919,0,0.002805900
pgvector,1,insert_texto,-,9920,0,0.002828100
pgvector,1,insert_texto,-,9921,0,0.002512900
pgvector,1,insert_texto,-,9922,0,0.002523700
pgvector,1,insert_texto,-,9923,0,0.003077500
pgvector,1,insert_texto,-,9924,0,0.002477700
pgvector,1,insert_texto,-,9925,0,0.002786700
pgvector,1,insert_texto,-,9926,0,0.003044800
pgvector,1,insert_texto,-,9927,0,0.003021900
pgvector,1,insert_texto,-,9928,0,0.003034200
pgvector,1,insert_texto,-,9929,0,0.002607800
pgvector,1,insert_texto,-,9930,0,0.002846700
pgvector,1,insert_texto,-,9931,0,0.002647200
pgvector,1,insert_texto,-,9932,0,0.002635900
pgvector,1,insert_texto,-,9933,0,0.002746000
pgvector,1,insert_texto,-,9934,0,0.002812000
pgvector,1,insert_texto,-,9935,0,0.002656900
pgvector,1,insert_texto,-,9936,0,0.003393200
pgvector,1,insert_texto,-,9937,0,0.002784900
pgvector,1,insert_texto,-,9938,0,0.002525100
pgvector,1,insert_texto,-,9939,0,0.002861900
pgvector,1,insert_texto,-,9940,0,0.003035400
pgvector,1,insert_texto,-,9941,0,0.002943000
pgvector,1,insert_texto,-,9942,0,0.002847700
pgvector,1,insert_texto,-,9943,0,0.002743000
pgvector,1,insert_texto,-,9944,0,0.002767600
pgvector,1,insert_texto,-,9945,0,0.002730600
pgvector,1,insert_texto,-,9946,0,0.003169700
pgvector,1,insert_texto,-,9947,0,0.003013300
pgvector,1,insert_texto,-,9948,0,0.002776300
pgvector,1,insert_texto,-,9949,0,0.002722400
pgvector,1,insert_texto,-,9950,0,0.002781600
pgvector,1,insert_texto,-,9951,0,0.002750500
pgvector,1,insert_texto,-,9952,0,0.002979300
pgvector,1,insert_texto,-,9953,0,0.002579300
pgvector,1,insert_texto,-,9954,0,0.003165800
pgvector,1,insert_texto,-,9955,0,0.002666600
pgvector,1,insert_texto,-,9956,0,0.002735900
pgvector,1,insert_texto,-,9957,0,0.002518200
pgvector,1,insert_texto,-,9958,0,0.002806100
pgvector,1,insert_texto,-,9959,0,0.002657100
pgvector,1,insert_texto,-,9960,0,0.002534700
pgvector,1,insert_texto,-,9961,0,0.002657900
pgvector,1,insert_texto,-,9962,0,0.002790100
pgvector,1,insert_texto,-,9963,0,0.003342800
pgvector,1,insert_texto,-,9964,0,0.002709000
pgvector,1,insert_texto,-,9965,0,0.002435600
pgvector,1,insert_texto,-,9966,0,0.002464400
pgvector,1,insert_texto,-,9967,0,0.002498600
pgvector,1,insert_texto,-,9968,0,0.003228900
pgvector,1,insert_texto,-,9969,0,0.002684600
pgvector,1,insert_texto,-,9970,0,0.003142200
pgvector,1,insert_texto,-,9971,0,0.002741400
pgvector,1,insert_texto,-,9972,0,0.002562000
pgvector,1,insert_texto,-,9973,0,0.002634800
pgvector,1,insert_texto,-,9974,0,0.003817300
pgvector,1,insert_texto,-,9975,0,0.003298900
pgvector,1,insert_texto,-,9976,0,0.003538600
pgvector,1,insert_texto,-,9977,0,0.003298100
pgvector,1,insert_texto,-,9978,0,0.003399100
pgvector,1,insert_texto,-,9979,0,0.003237700
pgvector,1,insert_texto,-,9980,0,0.003217400
pgvector,1,insert_texto,-,9981,0,0.003176500
pgvector,1,insert_texto,-,9982,0,0.003242600
pgvector,1,insert_texto,-,9983,0,0.002737700
pgvector,1,insert_texto,-,9984,0,0.002669400
pgvector,1,insert_texto,-,9985,0,0.002687600
pgvector,1,insert_texto,-,9986,0,0.002989900
pgvector,1,insert_texto,-,9987,0,0.002894200
pgvector,1,insert_texto,-,9988,0,0.002835700
pgvector,1,insert_texto,-,9989,0,0.002837500
pgvector,1,insert_texto,-,9990,0,0.002669600
pgvector,1,insert_texto,-,9991,0,0.002961900
pgvector,1,insert_texto,-,9992,0,0.002899300
pgvector,1,insert_texto,-,9993,0,0.002924000
pgvector,1,insert_texto,-,9994,0,0.002715600
pgvector,1,insert_texto,-,9995,0,0.002778300
pgvector,1,insert_texto,-,9996,0,0.002775100
pgvector,1,insert_texto,-,9997,0,0.002682500
pgvector,1,insert_texto,-,9998,0,0.002789000
pgvector,1,insert_texto,-,9999,0,0.003052200
pgvector,10,insert_texto,-,0,0,0.004400600
pgvector,10,insert_texto,-,1,0,0.003611100
pgvector,10,insert_texto,-,2,0,0.003858700
pgvector,10,insert_texto,-,3,0,0.003788000
pgvector,10,insert_texto,-,4,0,0.004328400
pgvector,10,insert_texto,-,5,0,0.003017700
pgvector,10,insert_texto,-,6,0,0.003061900
pgvector,10,insert_texto,-,7,0,0.003425300
pgvector,10,insert_texto,-,8,0,0.003314900
pgvector,10,insert_texto,-,9,0,0.003069500
pgvector,10,insert_texto,-,10,0,0.003109400
pgvector,10,insert_texto,-,11,0,0.003138500
pgvector,10,insert_texto,-,12,0,0.003332700
pgvector,10,insert_texto,-,13,0,0.003076800
pgvector,10,insert_texto,-,14,0,0.003022900
pgvector,10,insert_texto,-,15,0,0.002952400
pgvector,10,insert_texto,-,16,0,0.003098800
pgvector,10,insert_texto,-,17,0,0.002905500
pgvector,10,insert_texto,-,18,0,0.002908500
pgvector,10,insert_texto,-,19,0,0.002771800
pgvector,10,insert_texto,-,20,0,0.002726300
pgvector,10,insert_texto,-,21,0,0.002635100
pgvector,10,insert_texto,-,22,0,0.002758300
pgvector,10,insert_texto,-,23,0,0.003374100
pgvector,10,insert_texto,-,24,0,0.002666000
pgvector,10,insert_texto,-,25,0,0.002684500
pgvector,10,insert_texto,-,26,0,0.002627700
pgvector,10,insert_texto,-,27,0,0.002635100
pgvector,10,insert_texto,-,28,0,0.002666500
pgvector,10,insert_texto,-,29,0,0.002752900
pgvector,10,insert_texto,-,30,0,0.002991100
pgvector,10,insert_texto,-,31,0,0.002638300
pgvector,10,insert_texto,-,32,0,0.002787400
pgvector,10,insert_texto,-,33,0,0.002580000
pgvector,10,insert_texto,-,34,0,0.002863200
pgvector,10,insert_texto,-,35,0,0.002942700
pgvector,10,insert_texto,-,36,0,0.002700100
pgvector,10,insert_texto,-,37,0,0.002839200
pgvector,10,insert_texto,-,38,0,0.002698400
pgvector,10,insert_texto,-,39,0,0.002582500
pgvector,10,insert_texto,-,40,0,0.002691400
pgvector,10,insert_texto,-,41,0,0.002706600
pgvector,10,insert_texto,-,42,0,0.002791800
pgvector,10,insert_texto,-,43,0,0.002669300
pgvector,10,insert_texto,-,44,0,0.002948200
pgvector,10,insert_texto,-,45,0,0.002811700
pgvector,10,insert_texto,-,46,0,0.002791800
pgvector,10,insert_texto,-,47,0,0.003001000
pgvector,10,insert_texto,-,48,0,0.002838800
pgvector,10,insert_texto,-,49,0,0.002742300
pgvector,10,insert_texto,-,50,0,0.003123800
pgvector,10,insert_texto,-,51,0,0.002757700
pgvector,10,insert_texto,-,52,0,0.002981100
pgvector,10,insert_texto,-,53,0,0.002818100
pgvector,10,insert_texto,-,54,0,0.003002800
pgvector,10,insert_texto,-,55,0,0.002972400
pgvector,10,insert_texto,-,56,0,0.002954200
pgvector,10,insert_texto,-,57,0,0.002776300
pgvector,10,insert_texto,-,58,0,0.002903900
pgvector,10,insert_texto,-,59,0,0.002878300
pgvector,10,insert_texto,-,60,0,0.002971600
pgvector,10,insert_texto,-,61,0,0.002764500
pgvector,10,insert_texto,-,62,0,0.002797400
pgvector,10,insert_texto,-,63,0,0.003174900
pgvector,10,insert_texto,-,64,0,0.003453600
pgvector,10,insert_texto,-,65,0,0.003424700
pgvector,10,insert_texto,-,66,0,0.003420600
pgvector,10,insert_texto,-,67,0,0.003393100
pgvector,10,insert_texto,-,68,0,0.003699900
pgvector,10,insert_texto,-,69,0,0.003261600
pgvector,10,insert_texto,-,70,0,0.003296800
pgvector,10,insert_texto,-,71,0,0.003094200
pgvector,10,insert_texto,-,72,0,0.003032100
pgvector,10,insert_texto,-,73,0,0.002787900
pgvector,10,insert_texto,-,74,0,0.002851300
pgvector,10,insert_texto,-,75,0,0.002798200
pgvector,10,insert_texto,-,76,0,0.002893700
pgvector,10,insert_texto,-,77,0,0.002948300
pgvector,10,insert_texto,-,78,0,0.003056900
pgvector,10,insert_texto,-,79,0,0.002954900
pgvector,10,insert_texto,-,80,0,0.002969900
pgvector,10,insert_texto,-,81,0,0.002923000
pgvector,10,insert_texto,-,82,0,0.002950400
pgvector,10,insert_texto,-,83,0,0.002720900
pgvector,10,insert_texto,-,84,0,0.002786600
pgvector,10,insert_texto,-,85,0,0.003233700
pgvector,10,insert_texto,-,86,0,0.003391500
pgvector,10,insert_texto,-,87,0,0.002943800
pgvector,10,insert_texto,-,88,0,0.002983100
pgvector,10,insert_texto,-,89,0,0.002874900
pgvector,10,insert_texto,-,90,0,0.002978700
pgvector,10,insert_texto,-,91,0,0.002778100
pgvector,10,insert_texto,-,92,0,0.003196800
pgvector,10,insert_texto,-,93,0,0.002649900
pgvector,10,insert_texto,-,94,0,0.002981400
pgvector,10,insert_texto,-,95,0,0.002956900
pgvector,10,insert_texto,-,96,0,0.002887100
pgvector,10,insert_texto,-,97,0,0.002859300
pgvector,10,insert_texto,-,98,0,0.003059300
pgvector,10,insert_texto,-,99,0,0.002865000
pgvector,10,insert_texto,-,100,0,0.002906700
pgvector,10,insert_texto,-,101,0,0.002778300
pgvector,10,insert_texto,-,102,0,0.003150300
pgvector,10,insert_texto,-,103,0,0.002961800
pgvector,10,insert_texto,-,104,0,0.003110500
pgvector,10,insert_texto,-,105,0,0.002830400
pgvector,10,insert_texto,-,106,0,0.003126400
pgvector,10,insert_texto,-,107,0,0.003153500
pgvector,10,insert_texto,-,108,0,0.003043800
pgvector,10,insert_texto,-,109,0,0.002843600
pgvector,10,insert_texto,-,110,0,0.003288100
pgvector,10,insert_texto,-,111,0,0.003310100
pgvector,10,insert_texto,-,112,0,0.002856700
pgvector,10,insert_texto,-,113,0,0.002865200
pgvector,10,insert_texto,-,114,0,0.003233100
pgvector,10,insert_texto,-,115,0,0.002808600
pgvector,10,insert_texto,-,116,0,0.003054700
pgvector,10,insert_texto,-,117,0,0.003076100
pgvector,10,insert_texto,-,118,0,0.003106400
pgvector,10,insert_texto,-,119,0,0.002936600
pgvector,10,insert_texto,-,120,0,0.003099000
pgvector,10,insert_texto,-,121,0,0.003144500
pgvector,10,insert_texto,-,122,0,0.003027200
pgvector,10,insert_texto,-,123,0,0.003212300
pgvector,10,insert_texto,-,124,0,0.002766300
pgvector,10,insert_texto,-,125,0,0.002955000
pgvector,10,insert_texto,-,126,0,0.002820400
pgvector,10,insert_texto,-,127,0,0.002867900
pgvector,10,insert_texto,-,128,0,0.002631700
pgvector,10,insert_texto,-,129,0,0.002661100
pgvector,10,insert_texto,-,130,0,0.003186700
pgvector,10,insert_texto,-,131,0,0.002769200
pgvector,10,insert_texto,-,132,0,0.002758400
pgvector,10,insert_texto,-,133,0,0.002749100
pgvector,10,insert_texto,-,134,0,0.002702500
pgvector,10,insert_texto,-,135,0,0.002744100
pgvector,10,insert_texto,-,136,0,0.002894000
pgvector,10,insert_texto,-,137,0,0.003127800
pgvector,10,insert_texto,-,138,0,0.003099900
pgvector,10,insert_texto,-,139,0,0.003265000
pgvector,10,insert_texto,-,140,0,0.002724300
pgvector,10,insert_texto,-,141,0,0.003354300
pgvector,10,insert_texto,-,142,0,0.003475800
pgvector,10,insert_texto,-,143,0,0.002974100
pgvector,10,insert_texto,-,144,0,0.002905100
pgvector,10,insert_texto,-,145,0,0.003023000
pgvector,10,insert_texto,-,146,0,0.003031300
pgvector,10,insert_texto,-,147,0,0.002884900
pgvector,10,insert_texto,-,148,0,0.002819700
pgvector,10,insert_texto,-,149,0,0.002889100
pgvector,10,insert_texto,-,150,0,0.002838200
pgvector,10,insert_texto,-,151,0,0.003164300
pgvector,10,insert_texto,-,152,0,0.002914200
pgvector,10,insert_texto,-,153,0,0.003067800
pgvector,10,insert_texto,-,154,0,0.002926500
pgvector,10,insert_texto,-,155,0,0.002867300
pgvector,10,insert_texto,-,156,0,0.003048400
pgvector,10,insert_texto,-,157,0,0.003197000
pgvector,10,insert_texto,-,158,0,0.003479200
pgvector,10,insert_texto,-,159,0,0.003710000
pgvector,10,insert_texto,-,160,0,0.003350200
pgvector,10,insert_texto,-,161,0,0.003762500
pgvector,10,insert_texto,-,162,0,0.003415800
pgvector,10,insert_texto,-,163,0,0.003374600
pgvector,10,insert_texto,-,164,0,0.003533900
pgvector,10,insert_texto,-,165,0,0.003853700
pgvector,10,insert_texto,-,166,0,0.003753200
pgvector,10,insert_texto,-,167,0,0.003185900
pgvector,10,insert_texto,-,168,0,0.003293700
pgvector,10,insert_texto,-,169,0,0.003169100
pgvector,10,insert_texto,-,170,0,0.002948700
pgvector,10,insert_texto,-,171,0,0.003238000
pgvector,10,insert_texto,-,172,0,0.003390100
pgvector,10,insert_texto,-,173,0,0.003355500
pgvector,10,insert_texto,-,174,0,0.003221200
pgvector,10,insert_texto,-,175,0,0.003078700
pgvector,10,insert_texto,-,176,0,0.003011600
pgvector,10,insert_texto,-,177,0,0.002983000
pgvector,10,insert_texto,-,178,0,0.003061800
pgvector,10,insert_texto,-,179,0,0.003203100
pgvector,10,insert_texto,-,180,0,0.003149600
pgvector,10,insert_texto,-,181,0,0.003044700
pgvector,10,insert_texto,-,182,0,0.003408900
pgvector,10,insert_texto,-,183,0,0.002937300
pgvector,10,insert_texto,-,184,0,0.002964600
pgvector,10,insert_texto,-,185,0,0.003075800
pgvector,10,insert_texto,-,186,0,0.003137800
pgvector,10,insert_texto,-,187,0,0.003248700
pgvector,10,insert_texto,-,188,0,0.003003900
pgvector,10,insert_texto,-,189,0,0.002968500
pgvector,10,insert_texto,-,190,0,0.003147400
pgvector,10,insert_texto,-,191,0,0.003158500
pgvector,10,insert_texto,-,192,0,0.003135500
pgvector,10,insert_texto,-,193,0,0.003084100
pgvector,10,insert_texto,-,194,0,0.002825500
pgvector,10,insert_texto,-,195,0,0.003160500
pgvector,10,insert_texto,-,196,0,0.003039600
pgvector,10,insert_texto,-,197,0,0.003010800
pgvector,10,insert_texto,-,198,0,0.002992900
pgvector,10,insert_texto,-,199,0,0.002989000
pgvector,10,insert_texto,-,200,0,0.002945200
pgvector,10,insert_texto,-,201,0,0.003073800
pgvector,10,insert_texto,-,202,0,0.003025800
pgvector,10,insert_texto,-,203,0,0.003073900
pgvector,10,insert_texto,-,204,0,0.003060900
pgvector,10,insert_texto,-,205,0,0.002935800
pgvector,10,insert_texto,-,206,0,0.003025000
pgvector,10,insert_texto,-,207,0,0.003226700
pgvector,10,insert_texto,-,208,0,0.003621900
pgvector,10,insert_texto,-,209,0,0.003087900
pgvector,10,insert_texto,-,210,0,0.002905600
pgvector,10,insert_texto,-,211,0,0.002905200
pgvector,10,insert_texto,-,212,0,0.003236100
pgvector,10,insert_texto,-,213,0,0.003022800
pgvector,10,insert_texto,-,214,0,0.002945300
pgvector,10,insert_texto,-,215,0,0.003011300
pgvector,10,insert_texto,-,216,0,0.003010800
pgvector,10,insert_texto,-,217,0,0.002912300
pgvector,10,insert_texto,-,218,0,0.003002500
pgvector,10,insert_texto,-,219,0,0.003108100
pgvector,10,insert_texto,-,220,0,0.003124000
pgvector,10,insert_texto,-,221,0,0.003130900
pgvector,10,insert_texto,-,222,0,0.003150200
pgvector,10,insert_texto,-,223,0,0.003105300
pgvector,10,insert_texto,-,224,0,0.002938100
pgvector,10,insert_texto,-,225,0,0.003195200
pgvector,10,insert_texto,-,226,0,0.003317700
pgvector,10,insert_texto,-,227,0,0.004136500
pgvector,10,insert_texto,-,228,0,0.004106500
pgvector,10,insert_texto,-,229,0,0.004229500
pgvector,10,insert_texto,-,230,0,0.003312600
pgvector,10,insert_texto,-,231,0,0.002897800
pgvector,10,insert_texto,-,232,0,0.002742600
pgvector,10,insert_texto,-,233,0,0.002887200
pgvector,10,insert_texto,-,234,0,0.002712300
pgvector,10,insert_texto,-,235,0,0.002760700
pgvector,10,insert_texto,-,236,0,0.002711300
pgvector,10,insert_texto,-,237,0,0.002643500
pgvector,10,insert_texto,-,238,0,0.002750900
pgvector,10,insert_texto,-,239,0,0.002771900
pgvector,10,insert_texto,-,240,0,0.002879500
pgvector,10,insert_texto,-,241,0,0.002777800
pgvector,10,insert_texto,-,242,0,0.002849600
pgvector,10,insert_texto,-,243,0,0.003001400
pgvector,10,insert_texto,-,244,0,0.002853700
pgvector,10,insert_texto,-,245,0,0.002995800
pgvector,10,insert_texto,-,246,0,0.002983300
pgvector,10,insert_texto,-,247,0,0.003108200
pgvector,10,insert_texto,-,248,0,0.003323200
pgvector,10,insert_texto,-,249,0,0.003023100
pgvector,10,insert_texto,-,250,0,0.002826200
pgvector,10,insert_texto,-,251,0,0.002853000
pgvector,10,insert_texto,-,252,0,0.002932000
pgvector,10,insert_texto,-,253,0,0.003270400
pgvector,10,insert_texto,-,254,0,0.003221500
pgvector,10,insert_texto,-,255,0,0.003356700
pgvector,10,insert_texto,-,256,0,0.003615100
pgvector,10,insert_texto,-,257,0,0.003457400
pgvector,10,insert_texto,-,258,0,0.003727900
pgvector,10,insert_texto,-,259,0,0.003543300
pgvector,10,insert_texto,-,260,0,0.003713100
pgvector,10,insert_texto,-,261,0,0.003621300
pgvector,10,insert_texto,-,262,0,0.003383400
pgvector,10,insert_texto,-,263,0,0.003414300
pgvector,10,insert_texto,-,264,0,0.003356100
pgvector,10,insert_texto,-,265,0,0.003440900
pgvector,10,insert_texto,-,266,0,0.002990400
pgvector,10,insert_texto,-,267,0,0.003261300
pgvector,10,insert_texto,-,268,0,0.002941900
pgvector,10,insert_texto,-,269,0,0.003022400
pgvector,10,insert_texto,-,270,0,0.003122200
pgvector,10,insert_texto,-,271,0,0.003026000
pgvector,10,insert_texto,-,272,0,0.003437800
pgvector,10,insert_texto,-,273,0,0.003062200
pgvector,10,insert_texto,-,274,0,0.003091900
pgvector,10,insert_texto,-,275,0,0.003160200
pgvector,10,insert_texto,-,276,0,0.003045700
pgvector,10,insert_texto,-,277,0,0.003063300
pgvector,10,insert_texto,-,278,0,0.002934300
pgvector,10,insert_texto,-,279,0,0.002951100
pgvector,10,insert_texto,-,280,0,0.003034500
pgvector,10,insert_texto,-,281,0,0.003239700
pgvector,10,insert_texto,-,282,0,0.003411200
pgvector,10,insert_texto,-,283,0,0.003056100
pgvector,10,insert_texto,-,284,0,0.003089700
pgvector,10,insert_texto,-,285,0,0.003090900
pgvector,10,insert_texto,-,286,0,0.003083500
pgvector,10,insert_texto,-,287,0,0.003213200
pgvector,10,insert_texto,-,288,0,0.003098400
pgvector,10,insert_texto,-,289,0,0.003316000
pgvector,10,insert_texto,-,290,0,0.003264900
pgvector,10,insert_texto,-,291,0,0.003395900
pgvector,10,insert_texto,-,292,0,0.003276200
pgvector,10,insert_texto,-,293,0,0.003066600
pgvector,10,insert_texto,-,294,0,0.003213700
pgvector,10,insert_texto,-,295,0,0.003283900
pgvector,10,insert_texto,-,296,0,0.003449900
pgvector,10,insert_texto,-,297,0,0.003425300
pgvector,10,insert_texto,-,298,0,0.003013400
pgvector,10,insert_texto,-,299,0,0.003302200
pgvector,10,insert_texto,-,300,0,0.003208000
pgvector,10,insert_texto,-,301,0,0.002994400
pgvector,10,insert_texto,-,302,0,0.003231800
pgvector,10,insert_texto,-,303,0,0.003081900
pgvector,10,insert_texto,-,304,0,0.002936600
pgvector,10,insert_texto,-,305,0,0.003031900
pgvector,10,insert_texto,-,306,0,0.003266400
pgvector,10,insert_texto,-,307,0,0.003314100
pgvector,10,insert_texto,-,308,0,0.003014500
pgvector,10,insert_texto,-,309,0,0.002935000
pgvector,10,insert_texto,-,310,0,0.003264400
pgvector,10,insert_texto,-,311,0,0.003069000
pgvector,10,insert_texto,-,312,0,0.003093000
pgvector,10,insert_texto,-,313,0,0.003170700
pgvector,10,insert_texto,-,314,0,0.003165100
pgvector,10,insert_texto,-,315,0,0.003114900
pgvector,10,insert_texto,-,316,0,0.003499800
pgvector,10,insert_texto,-,317,0,0.002936300
pgvector,10,insert_texto,-,318,0,0.003174500
pgvector,10,insert_texto,-,319,0,0.003108300
pgvector,10,insert_texto,-,320,0,0.003265100
pgvector,10,insert_texto,-,321,0,0.003072900
pgvector,10,insert_texto,-,322,0,0.003261600
pgvector,10,insert_texto,-,323,0,0.003352400
pgvector,10,insert_texto,-,324,0,0.003294200
pgvector,10,insert_texto,-,325,0,0.002832100
pgvector,10,insert_texto,-,326,0,0.002911800
pgvector,10,insert_texto,-,327,0,0.002864000
pgvector,10,insert_texto,-,328,0,0.003077600
pgvector,10,insert_texto,-,329,0,0.003483600
pgvector,10,insert_texto,-,330,0,0.003077300
pgvector,10,insert_texto,-,331,0,0.002740500
pgvector,10,insert_texto,-,332,0,0.002556500
pgvector,10,insert_texto,-,333,0,0.002940600
pgvector,10,insert_texto,-,334,0,0.002786700
pgvector,10,insert_texto,-,335,0,0.002809500
pgvector,10,insert_texto,-,336,0,0.002954800
pgvector,10,insert_texto,-,337,0,0.002826400
pgvector,10,insert_texto,-,338,0,0.002875100
pgvector,10,insert_texto,-,339,0,0.002876300
pgvector,10,insert_texto,-,340,0,0.002775300
pgvector,10,insert_texto,-,341,0,0.002783400
pgvector,10,insert_texto,-,342,0,0.002822700
pgvector,10,insert_texto,-,343,0,0.002747300
pgvector,10,insert_texto,-,344,0,0.002884200
pgvector,10,insert_texto,-,345,0,0.002846700
pgvector,10,insert_texto,-,346,0,0.002877200
pgvector,10,insert_texto,-,347,0,0.002717100
pgvector,10,insert_texto,-,348,0,0.003118400
pgvector,10,insert_texto,-,349,0,0.003329400
pgvector,10,insert_texto,-,350,0,0.003551300
pgvector,10,insert_texto,-,351,0,0.003127300
pgvector,10,insert_texto,-,352,0,0.003532900
pgvector,10,insert_texto,-,353,0,0.003477900
pgvector,10,insert_texto,-,354,0,0.003316400
pgvector,10,insert_texto,-,355,0,0.003557900
pgvector,10,insert_texto,-,356,0,0.003011600
pgvector,10,insert_texto,-,357,0,0.002965800
pgvector,10,insert_texto,-,358,0,0.003045200
pgvector,10,insert_texto,-,359,0,0.002936200
pgvector,10,insert_texto,-,360,0,0.003081300
pgvector,10,insert_texto,-,361,0,0.002735300
pgvector,10,insert_texto,-,362,0,0.002857500
pgvector,10,insert_texto,-,363,0,0.002794900
pgvector,10,insert_texto,-,364,0,0.002897200
pgvector,10,insert_texto,-,365,0,0.003365000
pgvector,10,insert_texto,-,366,0,0.002855800
pgvector,10,insert_texto,-,367,0,0.002776100
pgvector,10,insert_texto,-,368,0,0.003195400
pgvector,10,insert_texto,-,369,0,0.002900900
pgvector,10,insert_texto,-,370,0,0.002943800
pgvector,10,insert_texto,-,371,0,0.003041400
pgvector,10,insert_texto,-,372,0,0.002862200
pgvector,10,insert_texto,-,373,0,0.003172300
pgvector,10,insert_texto,-,374,0,0.002738700
pgvector,10,insert_texto,-,375,0,0.002964400
pgvector,10,insert_texto,-,376,0,0.002888800
pgvector,10,insert_texto,-,377,0,0.002655500
pgvector,10,insert_texto,-,378,0,0.002828900
pgvector,10,insert_texto,-,379,0,0.002791500
pgvector,10,insert_texto,-,380,0,0.002821100
pgvector,10,insert_texto,-,381,0,0.002858300
pgvector,10,insert_texto,-,382,0,0.002794400
pgvector,10,insert_texto,-,383,0,0.002751700
pgvector,10,insert_texto,-,384,0,0.002770800
pgvector,10,insert_texto,-,385,0,0.002700500
pgvector,10,insert_texto,-,386,0,0.002675600
pgvector,10,insert_texto,-,387,0,0.002580800
pgvector,10,insert_texto,-,388,0,0.002893800
pgvector,10,insert_texto,-,389,0,0.002837000
pgvector,10,insert_texto,-,390,0,0.003367700
pgvector,10,insert_texto,-,391,0,0.002907900
pgvector,10,insert_texto,-,392,0,0.002833100
pgvector,10,insert_texto,-,393,0,0.002793500
pgvector,10,insert_texto,-,394,0,0.002650100
pgvector,10,insert_texto,-,395,0,0.003115100
pgvector,10,insert_texto,-,396,0,0.002794300
pgvector,10,insert_texto,-,397,0,0.002614400
pgvector,10,insert_texto,-,398,0,0.002587200
pgvector,10,insert_texto,-,399,0,0.002992900
pgvector,10,insert_texto,-,400,0,0.003076800
pgvector,10,insert_texto,-,401,0,0.003032000
pgvector,10,insert_texto,-,402,0,0.002914200
pgvector,10,insert_texto,-,403,0,0.002766800
pgvector,10,insert_texto,-,404,0,0.002738500
pgvector,10,insert_texto,-,405,0,0.003030100
pgvector,10,insert_texto,-,406,0,0.003235400
pgvector,10,insert_texto,-,407,0,0.002895400
pgvector,10,insert_texto,-,408,0,0.002819100
pgvector,10,insert_texto,-,409,0,0.002985200
pgvector,10,insert_texto,-,410,0,0.003035500
pgvector,10,insert_texto,-,411,0,0.002950800
pgvector,10,insert_texto,-,412,0,0.002935000
pgvector,10,insert_texto,-,413,0,0.002735100
pgvector,10,insert_texto,-,414,0,0.002830300
pgvector,10,insert_texto,-,415,0,0.002959500
pgvector,10,insert_texto,-,416,0,0.002955600
pgvector,10,insert_texto,-,417,0,0.002986200
pgvector,10,insert_texto,-,418,0,0.002855200
pgvector,10,insert_texto,-,419,0,0.002924000
pgvector,10,insert_texto,-,420,0,0.002806900
pgvector,10,insert_texto,-,421,0,0.002864000
pgvector,10,insert_texto,-,422,0,0.003031900
pgvector,10,insert_texto,-,423,0,0.003018900
pgvector,10,insert_texto,-,424,0,0.002977100
pgvector,10,insert_texto,-,425,0,0.002937800
pgvector,10,insert_texto,-,426,0,0.003256100
pgvector,10,insert_texto,-,427,0,0.003379900
pgvector,10,insert_texto,-,428,0,0.003232800
pgvector,10,insert_texto,-,429,0,0.003309100
pgvector,10,insert_texto,-,430,0,0.003050200
pgvector,10,insert_texto,-,431,0,0.003024500
pgvector,10,insert_texto,-,432,0,0.003108600
pgvector,10,insert_texto,-,433,0,0.002986800
pgvector,10,insert_texto,-,434,0,0.002998500
pgvector,10,insert_texto,-,435,0,0.002927100
pgvector,10,insert_texto,-,436,0,0.003082700
pgvector,10,insert_texto,-,437,0,0.002969900
pgvector,10,insert_texto,-,438,0,0.003339300
pgvector,10,insert_texto,-,439,0,0.003176100
pgvector,10,insert_texto,-,440,0,0.003034200
pgvector,10,insert_texto,-,441,0,0.003277300
pgvector,10,insert_texto,-,442,0,0.003493800
pgvector,10,insert_texto,-,443,0,0.003670900
pgvector,10,insert_texto,-,444,0,0.003506200
pgvector,10,insert_texto,-,445,0,0.003338400
pgvector,10,insert_texto,-,446,0,0.003287300
pgvector,10,insert_texto,-,447,0,0.003505500
pgvector,10,insert_texto,-,448,0,0.003222700
pgvector,10,insert_texto,-,449,0,0.002902800
pgvector,10,insert_texto,-,450,0,0.002839400
pgvector,10,insert_texto,-,451,0,0.003051500
pgvector,10,insert_texto,-,452,0,0.003162500
pgvector,10,insert_texto,-,453,0,0.003006300
pgvector,10,insert_texto,-,454,0,0.003220200
pgvector,10,insert_texto,-,455,0,0.003065900
pgvector,10,insert_texto,-,456,0,0.003107500
pgvector,10,insert_texto,-,457,0,0.003490700
pgvector,10,insert_texto,-,458,0,0.002860100
pgvector,10,insert_texto,-,459,0,0.003001100
pgvector,10,insert_texto,-,460,0,0.002933100
pgvector,10,insert_texto,-,461,0,0.003161800
pgvector,10,insert_texto,-,462,0,0.003056000
pgvector,10,insert_texto,-,463,0,0.003148900
pgvector,10,insert_texto,-,464,0,0.003095600
pgvector,10,insert_texto,-,465,0,0.003076300
pgvector,10,insert_texto,-,466,0,0.003154800
pgvector,10,insert_texto,-,467,0,0.003088200
pgvector,10,insert_texto,-,468,0,0.003083000
pgvector,10,insert_texto,-,469,0,0.002950700
pgvector,10,insert_texto,-,470,0,0.002924400
pgvector,10,insert_texto,-,471,0,0.002982600
pgvector,10,insert_texto,-,472,0,0.003223900
pgvector,10,insert_texto,-,473,0,0.003136100
pgvector,10,insert_texto,-,474,0,0.002937000
pgvector,10,insert_texto,-,475,0,0.002841500
pgvector,10,insert_texto,-,476,0,0.002959500
pgvector,10,insert_texto,-,477,0,0.002941800
pgvector,10,insert_texto,-,478,0,0.003132500
pgvector,10,insert_texto,-,479,0,0.003078500
pgvector,10,insert_texto,-,480,0,0.003122300
pgvector,10,insert_texto,-,481,0,0.002853900
pgvector,10,insert_texto,-,482,0,0.002959700
pgvector,10,insert_texto,-,483,0,0.003157600
pgvector,10,insert_texto,-,484,0,0.003079400
pgvector,10,insert_texto,-,485,0,0.002878600
pgvector,10,insert_texto,-,486,0,0.003173900
pgvector,10,insert_texto,-,487,0,0.003067200
pgvector,10,insert_texto,-,488,0,0.003071300
pgvector,10,insert_texto,-,489,0,0.002903700
pgvector,10,insert_texto,-,490,0,0.002800500
pgvector,10,insert_texto,-,491,0,0.003007700
pgvector,10,insert_texto,-,492,0,0.003317300
pgvector,10,insert_texto,-,493,0,0.002734300
pgvector,10,insert_texto,-,494,0,0.002835200
pgvector,10,insert_texto,-,495,0,0.002693900
pgvector,10,insert_texto,-,496,0,0.002870000
pgvector,10,insert_texto,-,497,0,0.003141500
pgvector,10,insert_texto,-,498,0,0.003054300
pgvector,10,insert_texto,-,499,0,0.002938500
pgvector,10,insert_texto,-,500,0,0.002847100
pgvector,10,insert_texto,-,501,0,0.003045400
pgvector,10,insert_texto,-,502,0,0.003097900
pgvector,10,insert_texto,-,503,0,0.002973500
pgvector,10,insert_texto,-,504,0,0.002852200
pgvector,10,insert_texto,-,505,0,0.003052400
pgvector,10,insert_texto,-,506,0,0.002940200
pgvector,10,insert_texto,-,507,0,0.002949300
pgvector,10,insert_texto,-,508,0,0.003139200
pgvector,10,insert_texto,-,509,0,0.003063900
pgvector,10,insert_texto,-,510,0,0.003333300
pgvector,10,insert_texto,-,511,0,0.002990100
pgvector,10,insert_texto,-,512,0,0.003058500
pgvector,10,insert_texto,-,513,0,0.002865300
pgvector,10,insert_texto,-,514,0,0.002872500
pgvector,10,insert_texto,-,515,0,0.003023500
pgvector,10,insert_texto,-,516,0,0.003021600
pgvector,10,insert_texto,-,517,0,0.002885600
pgvector,10,insert_texto,-,518,0,0.002992700
pgvector,10,insert_texto,-,519,0,0.002809100
pgvector,10,insert_texto,-,520,0,0.002909100
pgvector,10,insert_texto,-,521,0,0.002845200
pgvector,10,insert_texto,-,522,0,0.003217200
pgvector,10,insert_texto,-,523,0,0.002980600
pgvector,10,insert_texto,-,524,0,0.002918700
pgvector,10,insert_texto,-,525,0,0.002801900
pgvector,10,insert_texto,-,526,0,0.003048200
pgvector,10,insert_texto,-,527,0,0.002873900
pgvector,10,insert_texto,-,528,0,0.002852100
pgvector,10,insert_texto,-,529,0,0.003138300
pgvector,10,insert_texto,-,530,0,0.002930600
pgvector,10,insert_texto,-,531,0,0.002918900
pgvector,10,insert_texto,-,532,0,0.002911700
pgvector,10,insert_texto,-,533,0,0.002884100
pgvector,10,insert_texto,-,534,0,0.003029400
pgvector,10,insert_texto,-,535,0,0.002883000
pgvector,10,insert_texto,-,536,0,0.003184800
pgvector,10,insert_texto,-,537,0,0.003432600
pgvector,10,insert_texto,-,538,0,0.003381300
pgvector,10,insert_texto,-,539,0,0.003384300
pgvector,10,insert_texto,-,540,0,0.003630500
pgvector,10,insert_texto,-,541,0,0.003187000
pgvector,10,insert_texto,-,542,0,0.003431100
pgvector,10,insert_texto,-,543,0,0.003395300
pgvector,10,insert_texto,-,544,0,0.003051800
pgvector,10,insert_texto,-,545,0,0.002866500
pgvector,10,insert_texto,-,546,0,0.002983900
pgvector,10,insert_texto,-,547,0,0.002918100
pgvector,10,insert_texto,-,548,0,0.003159200
pgvector,10,insert_texto,-,549,0,0.003102600
pgvector,10,insert_texto,-,550,0,0.002869100
pgvector,10,insert_texto,-,551,0,0.002874900
pgvector,10,insert_texto,-,552,0,0.002955000
pgvector,10,insert_texto,-,553,0,0.003282800
pgvector,10,insert_texto,-,554,0,0.003752300
pgvector,10,insert_texto,-,555,0,0.003762800
pgvector,10,insert_texto,-,556,0,0.003980400
pgvector,10,insert_texto,-,557,0,0.003168500
pgvector,10,insert_texto,-,558,0,0.002946600
pgvector,10,insert_texto,-,559,0,0.003131100
pgvector,10,insert_texto,-,560,0,0.003217600
pgvector,10,insert_texto,-,561,0,0.003308000
pgvector,10,insert_texto,-,562,0,0.003181800
pgvector,10,insert_texto,-,563,0,0.003265500
pgvector,10,insert_texto,-,564,0,0.003451000
pgvector,10,insert_texto,-,565,0,0.003495300
pgvector,10,insert_texto,-,566,0,0.003456200
pgvector,10,insert_texto,-,567,0,0.003840900
pgvector,10,insert_texto,-,568,0,0.003929100
pgvector,10,insert_texto,-,569,0,0.003825700
pgvector,10,insert_texto,-,570,0,0.003499200
pgvector,10,insert_texto,-,571,0,0.003643400
pgvector,10,insert_texto,-,572,0,0.003237700
pgvector,10,insert_texto,-,573,0,0.002736600
pgvector,10,insert_texto,-,574,0,0.002918900
pgvector,10,insert_texto,-,575,0,0.002877100
pgvector,10,insert_texto,-,576,0,0.002899000
pgvector,10,insert_texto,-,577,0,0.002818700
pgvector,10,insert_texto,-,578,0,0.002800600
pgvector,10,insert_texto,-,579,0,0.002874300
pgvector,10,insert_texto,-,580,0,0.002753600
pgvector,10,insert_texto,-,581,0,0.002906900
pgvector,10,insert_texto,-,582,0,0.002781400
pgvector,10,insert_texto,-,583,0,0.002848100
pgvector,10,insert_texto,-,584,0,0.002868800
pgvector,10,insert_texto,-,585,0,0.002971100
pgvector,10,insert_texto,-,586,0,0.002763200
pgvector,10,insert_texto,-,587,0,0.002757600
pgvector,10,insert_texto,-,588,0,0.002821300
pgvector,10,insert_texto,-,589,0,0.002873500
pgvector,10,insert_texto,-,590,0,0.002936600
pgvector,10,insert_texto,-,591,0,0.002670100
pgvector,10,insert_texto,-,592,0,0.002717000
pgvector,10,insert_texto,-,593,0,0.002781100
pgvector,10,insert_texto,-,594,0,0.002817300
pgvector,10,insert_texto,-,595,0,0.002765800
pgvector,10,insert_texto,-,596,0,0.002709300
pgvector,10,insert_texto,-,597,0,0.002714100
pgvector,10,insert_texto,-,598,0,0.002888600
pgvector,10,insert_texto,-,599,0,0.002692500
pgvector,10,insert_texto,-,600,0,0.002699700
pgvector,10,insert_texto,-,601,0,0.002565100
pgvector,10,insert_texto,-,602,0,0.002578300
pgvector,10,insert_texto,-,603,0,0.002596200
pgvector,10,insert_texto,-,604,0,0.003122900
pgvector,10,insert_texto,-,605,0,0.003141800
pgvector,10,insert_texto,-,606,0,0.003151800
pgvector,10,insert_texto,-,607,0,0.002904200
pgvector,10,insert_texto,-,608,0,0.002847100
pgvector,10,insert_texto,-,609,0,0.002708400
pgvector,10,insert_texto,-,610,0,0.003005800
pgvector,10,insert_texto,-,611,0,0.003029300
pgvector,10,insert_texto,-,612,0,0.003029100
pgvector,10,insert_texto,-,613,0,0.003056300
pgvector,10,insert_texto,-,614,0,0.002800400
pgvector,10,insert_texto,-,615,0,0.002686400
pgvector,10,insert_texto,-,616,0,0.002659900
pgvector,10,insert_texto,-,617,0,0.002761500
pgvector,10,insert_texto,-,618,0,0.002797900
pgvector,10,insert_texto,-,619,0,0.002819400
pgvector,10,insert_texto,-,620,0,0.002689500
pgvector,10,insert_texto,-,621,0,0.002558400
pgvector,10,insert_texto,-,622,0,0.002824700
pgvector,10,insert_texto,-,623,0,0.002644900
pgvector,10,insert_texto,-,624,0,0.002604400
pgvector,10,insert_texto,-,625,0,0.002822700
pgvector,10,insert_texto,-,626,0,0.002759500
pgvector,10,insert_texto,-,627,0,0.002843200
pgvector,10,insert_texto,-,628,0,0.003068700
pgvector,10,insert_texto,-,629,0,0.002910700
pgvector,10,insert_texto,-,630,0,0.002882600
pgvector,10,insert_texto,-,631,0,0.003238300
pgvector,10,insert_texto,-,632,0,0.003229500
pgvector,10,insert_texto,-,633,0,0.003381100
pgvector,10,insert_texto,-,634,0,0.003643000
pgvector,10,insert_texto,-,635,0,0.003384800
pgvector,10,insert_texto,-,636,0,0.003601300
pgvector,10,insert_texto,-,637,0,0.003428500
pgvector,10,insert_texto,-,638,0,0.003184600
pgvector,10,insert_texto,-,639,0,0.002827200
pgvector,10,insert_texto,-,640,0,0.002962900
pgvector,10,insert_texto,-,641,0,0.002848300
pgvector,10,insert_texto,-,642,0,0.002878600
pgvector,10,insert_texto,-,643,0,0.003173300
pgvector,10,insert_texto,-,644,0,0.002963100
pgvector,10,insert_texto,-,645,0,0.002695100
pgvector,10,insert_texto,-,646,0,0.002801600
pgvector,10,insert_texto,-,647,0,0.002920100
pgvector,10,insert_texto,-,648,0,0.002812600
pgvector,10,insert_texto,-,649,0,0.002928300
pgvector,10,insert_texto,-,650,0,0.002884400
pgvector,10,insert_texto,-,651,0,0.002783600
pgvector,10,insert_texto,-,652,0,0.002913700
pgvector,10,insert_texto,-,653,0,0.002761000
pgvector,10,insert_texto,-,654,0,0.002790900
pgvector,10,insert_texto,-,655,0,0.002692000
pgvector,10,insert_texto,-,656,0,0.002624900
pgvector,10,insert_texto,-,657,0,0.002741300
pgvector,10,insert_texto,-,658,0,0.002553800
pgvector,10,insert_texto,-,659,0,0.002926500
pgvector,10,insert_texto,-,660,0,0.002892900
pgvector,10,insert_texto,-,661,0,0.002845900
pgvector,10,insert_texto,-,662,0,0.003716400
pgvector,10,insert_texto,-,663,0,0.003380400
pgvector,10,insert_texto,-,664,0,0.003322900
pgvector,10,insert_texto,-,665,0,0.003084500
pgvector,10,insert_texto,-,666,0,0.003077700
pgvector,10,insert_texto,-,667,0,0.002962100
pgvector,10,insert_texto,-,668,0,0.003105500
pgvector,10,insert_texto,-,669,0,0.002955900
pgvector,10,insert_texto,-,670,0,0.003060300
pgvector,10,insert_texto,-,671,0,0.003107200
pgvector,10,insert_texto,-,672,0,0.002986100
pgvector,10,insert_texto,-,673,0,0.003296500
pgvector,10,insert_texto,-,674,0,0.003154500
pgvector,10,insert_texto,-,675,0,0.002989000
pgvector,10,insert_texto,-,676,0,0.002953700
pgvector,10,insert_texto,-,677,0,0.002644300
pgvector,10,insert_texto,-,678,0,0.002875600
pgvector,10,insert_texto,-,679,0,0.003700400
pgvector,10,insert_texto,-,680,0,0.004677200
pgvector,10,insert_texto,-,681,0,0.003040200
pgvector,10,insert_texto,-,682,0,0.002799000
pgvector,10,insert_texto,-,683,0,0.003149400
pgvector,10,insert_texto,-,684,0,0.002970700
pgvector,10,insert_texto,-,685,0,0.002719700
pgvector,10,insert_texto,-,686,0,0.002653000
pgvector,10,insert_texto,-,687,0,0.002671200
pgvector,10,insert_texto,-,688,0,0.002835100
pgvector,10,insert_texto,-,689,0,0.002920200
pgvector,10,insert_texto,-,690,0,0.002636900
pgvector,10,insert_texto,-,691,0,0.002853500
pgvector,10,insert_texto,-,692,0,0.002748800
pgvector,10,insert_texto,-,693,0,0.003041600
pgvector,10,insert_texto,-,694,0,0.003000800
pgvector,10,insert_texto,-,695,0,0.002660500
pgvector,10,insert_texto,-,696,0,0.002594600
pgvector,10,insert_texto,-,697,0,0.002605700
pgvector,10,insert_texto,-,698,0,0.002645600
pgvector,10,insert_texto,-,699,0,0.002811100
pgvector,10,insert_texto,-,700,0,0.002783100
pgvector,10,insert_texto,-,701,0,0.003029600
pgvector,10,insert_texto,-,702,0,0.002640100
pgvector,10,insert_texto,-,703,0,0.002694600
pgvector,10,insert_texto,-,704,0,0.002914100
pgvector,10,insert_texto,-,705,0,0.002685800
pgvector,10,insert_texto,-,706,0,0.002701500
pgvector,10,insert_texto,-,707,0,0.002692800
pgvector,10,insert_texto,-,708,0,0.002915500
pgvector,10,insert_texto,-,709,0,0.002612600
pgvector,10,insert_texto,-,710,0,0.002785500
pgvector,10,insert_texto,-,711,0,0.002882800
pgvector,10,insert_texto,-,712,0,0.002918900
pgvector,10,insert_texto,-,713,0,0.002680100
pgvector,10,insert_texto,-,714,0,0.002804700
pgvector,10,insert_texto,-,715,0,0.002662000
pgvector,10,insert_texto,-,716,0,0.002636400
pgvector,10,insert_texto,-,717,0,0.002856400
pgvector,10,insert_texto,-,718,0,0.002866000
pgvector,10,insert_texto,-,719,0,0.002678400
pgvector,10,insert_texto,-,720,0,0.002819400
pgvector,10,insert_texto,-,721,0,0.002998200
pgvector,10,insert_texto,-,722,0,0.002636600
pgvector,10,insert_texto,-,723,0,0.002723600
pgvector,10,insert_texto,-,724,0,0.002711700
pgvector,10,insert_texto,-,725,0,0.002739100
pgvector,10,insert_texto,-,726,0,0.003388300
pgvector,10,insert_texto,-,727,0,0.003457200
pgvector,10,insert_texto,-,728,0,0.003228000
pgvector,10,insert_texto,-,729,0,0.003178600
pgvector,10,insert_texto,-,730,0,0.003610800
pgvector,10,insert_texto,-,731,0,0.003238900
pgvector,10,insert_texto,-,732,0,0.003273200
pgvector,10,insert_texto,-,733,0,0.003285500
pgvector,10,insert_texto,-,734,0,0.002636300
pgvector,10,insert_texto,-,735,0,0.002797700
pgvector,10,insert_texto,-,736,0,0.003121200
pgvector,10,insert_texto,-,737,0,0.002773300
pgvector,10,insert_texto,-,738,0,0.003177500
pgvector,10,insert_texto,-,739,0,0.003080200
pgvector,10,insert_texto,-,740,0,0.002894000
pgvector,10,insert_texto,-,741,0,0.003019000
pgvector,10,insert_texto,-,742,0,0.003049700
pgvector,10,insert_texto,-,743,0,0.003157600
pgvector,10,insert_texto,-,744,0,0.003151600
pgvector,10,insert_texto,-,745,0,0.002864400
pgvector,10,insert_texto,-,746,0,0.002933200
pgvector,10,insert_texto,-,747,0,0.002853400
pgvector,10,insert_texto,-,748,0,0.002669600
pgvector,10,insert_texto,-,749,0,0.002756200
pgvector,10,insert_texto,-,750,0,0.002845100
pgvector,10,insert_texto,-,751,0,0.002879600
pgvector,10,insert_texto,-,752,0,0.002782900
pgvector,10,insert_texto,-,753,0,0.002832600
pgvector,10,insert_texto,-,754,0,0.002765600
pgvector,10,insert_texto,-,755,0,0.003280900
pgvector,10,insert_texto,-,756,0,0.002824600
pgvector,10,insert_texto,-,757,0,0.002830400
pgvector,10,insert_texto,-,758,0,0.002793300
pgvector,10,insert_texto,-,759,0,0.002715600
pgvector,10,insert_texto,-,760,0,0.002896700
pgvector,10,insert_texto,-,761,0,0.002917500
pgvector,10,insert_texto,-,762,0,0.003011900
pgvector,10,insert_texto,-,763,0,0.002769400
pgvector,10,insert_texto,-,764,0,0.002981100
pgvector,10,insert_texto,-,765,0,0.003109000
pgvector,10,insert_texto,-,766,0,0.002946800
pgvector,10,insert_texto,-,767,0,0.002920600
pgvector,10,insert_texto,-,768,0,0.003218000
pgvector,10,insert_texto,-,769,0,0.003182000
pgvector,10,insert_texto,-,770,0,0.002905500
pgvector,10,insert_texto,-,771,0,0.002970600
pgvector,10,insert_texto,-,772,0,0.003080400
pgvector,10,insert_texto,-,773,0,0.002754500
pgvector,10,insert_texto,-,774,0,0.002842100
pgvector,10,insert_texto,-,775,0,0.002841800
pgvector,10,insert_texto,-,776,0,0.003066600
pgvector,10,insert_texto,-,777,0,0.003117700
pgvector,10,insert_texto,-,778,0,0.002877700
pgvector,10,insert_texto,-,779,0,0.002727100
pgvector,10,insert_texto,-,780,0,0.002828100
pgvector,10,insert_texto,-,781,0,0.002734900
pgvector,10,insert_texto,-,782,0,0.002884200
pgvector,10,insert_texto,-,783,0,0.002922200
pgvector,10,insert_texto,-,784,0,0.002909200
pgvector,10,insert_texto,-,785,0,0.002885500
pgvector,10,insert_texto,-,786,0,0.002798600
pgvector,10,insert_texto,-,787,0,0.003021200
pgvector,10,insert_texto,-,788,0,0.002814300
pgvector,10,insert_texto,-,789,0,0.003065500
pgvector,10,insert_texto,-,790,0,0.002825200
pgvector,10,insert_texto,-,791,0,0.002854200
pgvector,10,insert_texto,-,792,0,0.003062700
pgvector,10,insert_texto,-,793,0,0.002916600
pgvector,10,insert_texto,-,794,0,0.002717900
pgvector,10,insert_texto,-,795,0,0.002568600
pgvector,10,insert_texto,-,796,0,0.002561500
pgvector,10,insert_texto,-,797,0,0.002789900
pgvector,10,insert_texto,-,798,0,0.003126600
pgvector,10,insert_texto,-,799,0,0.002870500
pgvector,10,insert_texto,-,800,0,0.002884900
pgvector,10,insert_texto,-,801,0,0.002899300
pgvector,10,insert_texto,-,802,0,0.002872500
pgvector,10,insert_texto,-,803,0,0.002561200
pgvector,10,insert_texto,-,804,0,0.002447100
pgvector,10,insert_texto,-,805,0,0.002373800
pgvector,10,insert_texto,-,806,0,0.002453200
pgvector,10,insert_texto,-,807,0,0.002532500
pgvector,10,insert_texto,-,808,0,0.002309500
pgvector,10,insert_texto,-,809,0,0.002558600
pgvector,10,insert_texto,-,810,0,0.002833400
pgvector,10,insert_texto,-,811,0,0.002632300
pgvector,10,insert_texto,-,812,0,0.002422500
pgvector,10,insert_texto,-,813,0,0.002870100
pgvector,10,insert_texto,-,814,0,0.002718700
pgvector,10,insert_texto,-,815,0,0.002370300
pgvector,10,insert_texto,-,816,0,0.002714800
pgvector,10,insert_texto,-,817,0,0.002473100
pgvector,10,insert_texto,-,818,0,0.002558600
pgvector,10,insert_texto,-,819,0,0.002421600
pgvector,10,insert_texto,-,820,0,0.002651000
pgvector,10,insert_texto,-,821,0,0.002748800
pgvector,10,insert_texto,-,822,0,0.002859500
pgvector,10,insert_texto,-,823,0,0.003066700
pgvector,10,insert_texto,-,824,0,0.003157000
pgvector,10,insert_texto,-,825,0,0.002695200
pgvector,10,insert_texto,-,826,0,0.002996300
pgvector,10,insert_texto,-,827,0,0.003049700
pgvector,10,insert_texto,-,828,0,0.002562700
pgvector,10,insert_texto,-,829,0,0.002831700
pgvector,10,insert_texto,-,830,0,0.003153600
pgvector,10,insert_texto,-,831,0,0.002730200
pgvector,10,insert_texto,-,832,0,0.002816000
pgvector,10,insert_texto,-,833,0,0.002961000
pgvector,10,insert_texto,-,834,0,0.002790400
pgvector,10,insert_texto,-,835,0,0.002441300
pgvector,10,insert_texto,-,836,0,0.002738200
pgvector,10,insert_texto,-,837,0,0.002890700
pgvector,10,insert_texto,-,838,0,0.002755700
pgvector,10,insert_texto,-,839,0,0.002716900
pgvector,10,insert_texto,-,840,0,0.002474800
pgvector,10,insert_texto,-,841,0,0.002418200
pgvector,10,insert_texto,-,842,0,0.002433600
pgvector,10,insert_texto,-,843,0,0.002368400
pgvector,10,insert_texto,-,844,0,0.002431100
pgvector,10,insert_texto,-,845,0,0.003379700
pgvector,10,insert_texto,-,846,0,0.002383900
pgvector,10,insert_texto,-,847,0,0.002612500
pgvector,10,insert_texto,-,848,0,0.002899300
pgvector,10,insert_texto,-,849,0,0.002359600
pgvector,10,insert_texto,-,850,0,0.002771700
pgvector,10,insert_texto,-,851,0,0.002575400
pgvector,10,insert_texto,-,852,0,0.002399800
pgvector,10,insert_texto,-,853,0,0.002727700
pgvector,10,insert_texto,-,854,0,0.003025800
pgvector,10,insert_texto,-,855,0,0.002628900
pgvector,10,insert_texto,-,856,0,0.002594900
pgvector,10,insert_texto,-,857,0,0.002768300
pgvector,10,insert_texto,-,858,0,0.002752200
pgvector,10,insert_texto,-,859,0,0.002629600
pgvector,10,insert_texto,-,860,0,0.002710200
pgvector,10,insert_texto,-,861,0,0.002384600
pgvector,10,insert_texto,-,862,0,0.002473800
pgvector,10,insert_texto,-,863,0,0.002607600
pgvector,10,insert_texto,-,864,0,0.002640700
pgvector,10,insert_texto,-,865,0,0.002602300
pgvector,10,insert_texto,-,866,0,0.003038400
pgvector,10,insert_texto,-,867,0,0.002839600
pgvector,10,insert_texto,-,868,0,0.002425500
pgvector,10,insert_texto,-,869,0,0.002415000
pgvector,10,insert_texto,-,870,0,0.002624400
pgvector,10,insert_texto,-,871,0,0.002520400
pgvector,10,insert_texto,-,872,0,0.003046800
pgvector,10,insert_texto,-,873,0,0.002916000
pgvector,10,insert_texto,-,874,0,0.002645400
pgvector,10,insert_texto,-,875,0,0.002547400
pgvector,10,insert_texto,-,876,0,0.002372000
pgvector,10,insert_texto,-,877,0,0.002829200
pgvector,10,insert_texto,-,878,0,0.002595200
pgvector,10,insert_texto,-,879,0,0.002519600
pgvector,10,insert_texto,-,880,0,0.002472800
pgvector,10,insert_texto,-,881,0,0.002582700
pgvector,10,insert_texto,-,882,0,0.002742600
pgvector,10,insert_texto,-,883,0,0.003029600
pgvector,10,insert_texto,-,884,0,0.002581200
pgvector,10,insert_texto,-,885,0,0.002634700
pgvector,10,insert_texto,-,886,0,0.003230500
pgvector,10,insert_texto,-,887,0,0.003071500
pgvector,10,insert_texto,-,888,0,0.002961700
pgvector,10,insert_texto,-,889,0,0.002845900
pgvector,10,insert_texto,-,890,0,0.002569400
pgvector,10,insert_texto,-,891,0,0.002564500
pgvector,10,insert_texto,-,892,0,0.002559300
pgvector,10,insert_texto,-,893,0,0.002919500
pgvector,10,insert_texto,-,894,0,0.002945900
pgvector,10,insert_texto,-,895,0,0.002436100
pgvector,10,insert_texto,-,896,0,0.002504500
pgvector,10,insert_texto,-,897,0,0.002495100
pgvector,10,insert_texto,-,898,0,0.002500800
pgvector,10,insert_texto,-,899,0,0.002725300
pgvector,10,insert_texto,-,900,0,0.002601800
pgvector,10,insert_texto,-,901,0,0.002814400
pgvector,10,insert_texto,-,902,0,0.003018300
pgvector,10,insert_texto,-,903,0,0.002769300
pgvector,10,insert_texto,-,904,0,0.002605800
pgvector,10,insert_texto,-,905,0,0.002522300
pgvector,10,insert_texto,-,906,0,0.002811800
pgvector,10,insert_texto,-,907,0,0.002811200
pgvector,10,insert_texto,-,908,0,0.002570400
pgvector,10,insert_texto,-,909,0,0.002674300
pgvector,10,insert_texto,-,910,0,0.002628800
pgvector,10,insert_texto,-,911,0,0.002609200
pgvector,10,insert_texto,-,912,0,0.002838600
pgvector,10,insert_texto,-,913,0,0.002978100
pgvector,10,insert_texto,-,914,0,0.002807700
pgvector,10,insert_texto,-,915,0,0.002969300
pgvector,10,insert_texto,-,916,0,0.003033000
pgvector,10,insert_texto,-,917,0,0.003092700
pgvector,10,insert_texto,-,918,0,0.003221100
pgvector,10,insert_texto,-,919,0,0.003130700
pgvector,10,insert_texto,-,920,0,0.003077000
pgvector,10,insert_texto,-,921,0,0.003007000
pgvector,10,insert_texto,-,922,0,0.002986100
pgvector,10,insert_texto,-,923,0,0.002859200
pgvector,10,insert_texto,-,924,0,0.002658300
pgvector,10,insert_texto,-,925,0,0.002673100
pgvector,10,insert_texto,-,926,0,0.002796100
pgvector,10,insert_texto,-,927,0,0.002735200
pgvector,10,insert_texto,-,928,0,0.002670300
pgvector,10,insert_texto,-,929,0,0.002878200
pgvector,10,insert_texto,-,930,0,0.002758500
pgvector,10,insert_texto,-,931,0,0.002667500
pgvector,10,insert_texto,-,932,0,0.002548800
pgvector,10,insert_texto,-,933,0,0.002816900
pgvector,10,insert_texto,-,934,0,0.002833800
pgvector,10,insert_texto,-,935,0,0.002583200
pgvector,10,insert_texto,-,936,0,0.002582000
pgvector,10,insert_texto,-,937,0,0.002630600
pgvector,10,insert_texto,-,938,0,0.003064400
pgvector,10,insert_texto,-,939,0,0.002869800
pgvector,10,insert_texto,-,940,0,0.002708100
pgvector,10,insert_texto,-,941,0,0.002738700
pgvector,10,insert_texto,-,942,0,0.002803400
pgvector,10,insert_texto,-,943,0,0.002833700
pgvector,10,insert_texto,-,944,0,0.002652000
pgvector,10,insert_texto,-,945,0,0.002668900
pgvector,10,insert_texto,-,946,0,0.002727300
pgvector,10,insert_texto,-,947,0,0.002609200
pgvector,10,insert_texto,-,948,0,0.002834000
pgvector,10,insert_texto,-,949,0,0.002711600
pgvector,10,insert_texto,-,950,0,0.002648900
pgvector,10,insert_texto,-,951,0,0.002868400
pgvector,10,insert_texto,-,952,0,0.002776000
pgvector,10,insert_texto,-,953,0,0.002620700
pgvector,10,insert_texto,-,954,0,0.002495700
pgvector,10,insert_texto,-,955,0,0.002902100
pgvector,10,insert_texto,-,956,0,0.002702900
pgvector,10,insert_texto,-,957,0,0.002752400
pgvector,10,insert_texto,-,958,0,0.002584100
pgvector,10,insert_texto,-,959,0,0.002738300
pgvector,10,insert_texto,-,960,0,0.002637600
pgvector,10,insert_texto,-,961,0,0.002693900
pgvector,10,insert_texto,-,962,0,0.002678300
pgvector,10,insert_texto,-,963,0,0.002928100
pgvector,10,insert_texto,-,964,0,0.002650000
pgvector,10,insert_texto,-,965,0,0.002758200
pgvector,10,insert_texto,-,966,0,0.002745900
pgvector,10,insert_texto,-,967,0,0.002952100
pgvector,10,insert_texto,-,968,0,0.002767200
pgvector,10,insert_texto,-,969,0,0.003009100
pgvector,10,insert_texto,-,970,0,0.002727800
pgvector,10,insert_texto,-,971,0,0.002713700
pgvector,10,insert_texto,-,972,0,0.002696200
pgvector,10,insert_texto,-,973,0,0.002747200
pgvector,10,insert_texto,-,974,0,0.002857700
pgvector,10,insert_texto,-,975,0,0.002761800
pgvector,10,insert_texto,-,976,0,0.002638800
pgvector,10,insert_texto,-,977,0,0.002681700
pgvector,10,insert_texto,-,978,0,0.003316800
pgvector,10,insert_texto,-,979,0,0.002952000
pgvector,10,insert_texto,-,980,0,0.003253400
pgvector,10,insert_texto,-,981,0,0.002693200
pgvector,10,insert_texto,-,982,0,0.002637900
pgvector,10,insert_texto,-,983,0,0.002446000
pgvector,10,insert_texto,-,984,0,0.002754300
pgvector,10,insert_texto,-,985,0,0.002750100
pgvector,10,insert_texto,-,986,0,0.002486100
pgvector,10,insert_texto,-,987,0,0.002646600
pgvector,10,insert_texto,-,988,0,0.002464600
pgvector,10,insert_texto,-,989,0,0.002571700
pgvector,10,insert_texto,-,990,0,0.002622800
pgvector,10,insert_texto,-,991,0,0.002693800
pgvector,10,insert_texto,-,992,0,0.002922700
pgvector,10,insert_texto,-,993,0,0.002627200
pgvector,10,insert_texto,-,994,0,0.002494200
pgvector,10,insert_texto,-,995,0,0.002654300
pgvector,10,insert_texto,-,996,0,0.002705100
pgvector,10,insert_texto,-,997,0,0.002970300
pgvector,10,insert_texto,-,998,0,0.002499300
pgvector,10,insert_texto,-,999,0,0.002908600
pgvector,100,insert_texto,-,0,0,0.004731200
pgvector,100,insert_texto,-,1,0,0.004622100
pgvector,100,insert_texto,-,2,0,0.004139800
pgvector,100,insert_texto,-,3,0,0.003972600
pgvector,100,insert_texto,-,4,0,0.004413300
pgvector,100,insert_texto,-,5,0,0.004926100
pgvector,100,insert_texto,-,6,0,0.004531500
pgvector,100,insert_texto,-,7,0,0.004222500
pgvector,100,insert_texto,-,8,0,0.004675100
pgvector,100,insert_texto,-,9,0,0.004234200
pgvector,100,insert_texto,-,10,0,0.003970700
pgvector,100,insert_texto,-,11,0,0.004516300
pgvector,100,insert_texto,-,12,0,0.004209500
pgvector,100,insert_texto,-,13,0,0.003819000
pgvector,100,insert_texto,-,14,0,0.003859500
pgvector,100,insert_texto,-,15,0,0.003724200
pgvector,100,insert_texto,-,16,0,0.003896100
pgvector,100,insert_texto,-,17,0,0.003903300
pgvector,100,insert_texto,-,18,0,0.004252200
pgvector,100,insert_texto,-,19,0,0.003993500
pgvector,100,insert_texto,-,20,0,0.004380800
pgvector,100,insert_texto,-,21,0,0.004145600
pgvector,100,insert_texto,-,22,0,0.004466500
pgvector,100,insert_texto,-,23,0,0.004330200
pgvector,100,insert_texto,-,24,0,0.004368000
pgvector,100,insert_texto,-,25,0,0.004106300
pgvector,100,insert_texto,-,26,0,0.004305400
pgvector,100,insert_texto,-,27,0,0.004746100
pgvector,100,insert_texto,-,28,0,0.004058700
pgvector,100,insert_texto,-,29,0,0.004494700
pgvector,100,insert_texto,-,30,0,0.004303000
pgvector,100,insert_texto,-,31,0,0.004101400
pgvector,100,insert_texto,-,32,0,0.004079900
pgvector,100,insert_texto,-,33,0,0.004540100
pgvector,100,insert_texto,-,34,0,0.003897300
pgvector,100,insert_texto,-,35,0,0.003661700
pgvector,100,insert_texto,-,36,0,0.003975200
pgvector,100,insert_texto,-,37,0,0.003842700
pgvector,100,insert_texto,-,38,0,0.003741200
pgvector,100,insert_texto,-,39,0,0.003744000
pgvector,100,insert_texto,-,40,0,0.003984100
pgvector,100,insert_texto,-,41,0,0.003629700
pgvector,100,insert_texto,-,42,0,0.003699900
pgvector,100,insert_texto,-,43,0,0.003680700
pgvector,100,insert_texto,-,44,0,0.003920100
pgvector,100,insert_texto,-,45,0,0.003676100
pgvector,100,insert_texto,-,46,0,0.003869400
pgvector,100,insert_texto,-,47,0,0.003929600
pgvector,100,insert_texto,-,48,0,0.004362500
pgvector,100,insert_texto,-,49,0,0.003756800
pgvector,100,insert_texto,-,50,0,0.004322700
pgvector,100,insert_texto,-,51,0,0.003938500
pgvector,100,insert_texto,-,52,0,0.004118900
pgvector,100,insert_texto,-,53,0,0.003674500
pgvector,100,insert_texto,-,54,0,0.004124200
pgvector,100,insert_texto,-,55,0,0.004342800
pgvector,100,insert_texto,-,56,0,0.004181400
pgvector,100,insert_texto,-,57,0,0.004278600
pgvector,100,insert_texto,-,58,0,0.004766400
pgvector,100,insert_texto,-,59,0,0.004719500
pgvector,100,insert_texto,-,60,0,0.003867300
pgvector,100,insert_texto,-,61,0,0.004005100
pgvector,100,insert_texto,-,62,0,0.003928200
pgvector,100,insert_texto,-,63,0,0.003862500
pgvector,100,insert_texto,-,64,0,0.004434300
pgvector,100,insert_texto,-,65,0,0.004098300
pgvector,100,insert_texto,-,66,0,0.003855800
pgvector,100,insert_texto,-,67,0,0.004219000
pgvector,100,insert_texto,-,68,0,0.003878000
pgvector,100,insert_texto,-,69,0,0.004107500
pgvector,100,insert_texto,-,70,0,0.004075700
pgvector,100,insert_texto,-,71,0,0.003609100
pgvector,100,insert_texto,-,72,0,0.003507300
pgvector,100,insert_texto,-,73,0,0.003822900
pgvector,100,insert_texto,-,74,0,0.004075600
pgvector,100,insert_texto,-,75,0,0.004289200
pgvector,100,insert_texto,-,76,0,0.003834700
pgvector,100,insert_texto,-,77,0,0.003860700
pgvector,100,insert_texto,-,78,0,0.003448200
pgvector,100,insert_texto,-,79,0,0.003607800
pgvector,100,insert_texto,-,80,0,0.003740800
pgvector,100,insert_texto,-,81,0,0.003468400
pgvector,100,insert_texto,-,82,0,0.003143600
pgvector,100,insert_texto,-,83,0,0.003664100
pgvector,100,insert_texto,-,84,0,0.004426300
pgvector,100,insert_texto,-,85,0,0.004086800
pgvector,100,insert_texto,-,86,0,0.004141200
pgvector,100,insert_texto,-,87,0,0.003733500
pgvector,100,insert_texto,-,88,0,0.004151200
pgvector,100,insert_texto,-,89,0,0.003769600
pgvector,100,insert_texto,-,90,0,0.003933500
pgvector,100,insert_texto,-,91,0,0.003783500
pgvector,100,insert_texto,-,92,0,0.003866800
pgvector,100,insert_texto,-,93,0,0.003886500
pgvector,100,insert_texto,-,94,0,0.004022300
pgvector,100,insert_texto,-,95,0,0.003836000
pgvector,100,insert_texto,-,96,0,0.004370000
pgvector,100,insert_texto,-,97,0,0.004125400
pgvector,100,insert_texto,-,98,0,0.004397300
pgvector,100,insert_texto,-,99,0,0.005030000
pgvector,500,insert_texto,-,0,0,0.052351300
pgvector,500,insert_texto,-,1,0,0.050960100
pgvector,500,insert_texto,-,2,0,0.052336600
pgvector,500,insert_texto,-,3,0,0.051514900
pgvector,500,insert_texto,-,4,0,0.052726900
pgvector,500,insert_texto,-,5,0,0.051924000
pgvector,500,insert_texto,-,6,0,0.051837800
pgvector,500,insert_texto,-,7,0,0.051550600
pgvector,500,insert_texto,-,8,0,0.051728100
pgvector,500,insert_texto,-,9,0,0.053046900
pgvector,500,insert_texto,-,10,0,0.050705900
pgvector,500,insert_texto,-,11,0,0.051708500
pgvector,500,insert_texto,-,12,0,0.053006100
pgvector,500,insert_texto,-,13,0,0.052469300
pgvector,500,insert_texto,-,14,0,0.050438700
pgvector,500,insert_texto,-,15,0,0.052448300
pgvector,500,insert_texto,-,16,0,0.052024300
pgvector,500,insert_texto,-,17,0,0.052736900
pgvector,500,insert_texto,-,18,0,0.051012500
pgvector,500,insert_texto,-,19,0,0.051507000
pgvector,2000,insert_texto,-,0,0,0.016916500
pgvector,2000,insert_texto,-,1,0,0.015646900
pgvector,2000,insert_texto,-,2,0,0.017564600
pgvector,2000,insert_texto,-,3,0,0.060143300
pgvector,2000,insert_texto,-,4,0,0.060288400
pgvector,5000,insert_texto,-,0,0,0.038215700
pgvector,5000,insert_texto,-,1,0,0.075523800
pgvector,10000,insert_texto,-,0,0,0.108502200
