sistema,tam_chunk,operacion,metrica,muestra,repeticion,segundos
chroma,1,insert_fusionado,-,0,0,0.056447200
chroma,1,insert_fusionado,-,1,0,0.024599100
chroma,1,insert_fusionado,-,2,0,0.022464700
chroma,1,insert_fusionado,-,3,0,0.025280700
chroma,1,insert_fusionado,-,4,0,0.024610400
chroma,1,insert_fusionado,-,5,0,0.021908000
chroma,1,insert_fusionado,-,6,0,0.023015400
chroma,1,insert_fusionado,-,7,0,0.022196500
chroma,1,insert_fusionado,-,8,0,0.022446900
chroma,1,insert_fusionado,-,9,0,0.021503200
chroma,1,insert_fusionado,-,10,0,0.024467400
chroma,1,insert_fusionado,-,11,0,0.023935700
chroma,1,insert_fusionado,-,12,0,0.022427900
chroma,1,insert_fusionado,-,13,0,0.022404600
chroma,1,insert_fusionado,-,14,0,0.021921600
chroma,1,insert_fusionado,-,15,0,0.023497800
chroma,1,insert_fusionado,-,16,0,0.022362200
chroma,1,insert_fusionado,-,17,0,0.025370200
chroma,1,insert_fusionado,-,18,0,0.022260800
chroma,1,insert_fusionado,-,19,0,0.023899900
chroma,1,insert_fusionado,-,20,0,0.022487200
chroma,1,insert_fusionado,-,21,0,0.022820400
chroma,1,insert_fusionado,-,22,0,0.023344000
chroma,1,insert_fusionado,-,23,0,0.022175000
chroma,1,insert_fusionado,-,24,0,0.024103100
chroma,1,insert_fusionado,-,25,0,0.022557000
chroma,1,insert_fusionado,-,26,0,0.021810500
chroma,1,insert_fusionado,-,27,0,0.021830000
chroma,1,insert_fusionado,-,28,0,0.023207200
chroma,1,insert_fusionado,-,29,0,0.023198700
chroma,1,insert_fusionado,-,30,0,0.024462100
chroma,1,insert_fusionado,-,31,0,0.023861700
chroma,1,insert_fusionado,-,32,0,0.023858700
chroma,1,insert_fusionado,-,33,0,0.023883300
chroma,1,insert_fusionado,-,34,0,0.025380400
chroma,1,insert_fusionado,-,35,0,0.024701000
chroma,1,insert_fusionado,-,36,0,0.026444400
chroma,1,insert_fusionado,-,37,0,0.023642300
chroma,1,insert_fusionado,-,38,0,0.026099400
chroma,1,insert_fusionado,-,39,0,0.026347400
chroma,1,insert_fusionado,-,40,0,0.024741000
chroma,1,insert_fusionado,-,41,0,0.023090000
chroma,1,insert_fusionado,-,42,0,0.028944100
chroma,1,insert_fusionado,-,43,0,0.028736200
chroma,1,insert_fusionado,-,44,0,0.027467500
chroma,1,insert_fusionado,-,45,0,0.025952300
chroma,1,insert_fusionado,-,46,0,0.023804800
chroma,1,insert_fusionado,-,47,0,0.026817400
chroma,1,insert_fusionado,-,48,0,0.025636200
chroma,1,insert_fusionado,-,49,0,0.026580700
chroma,1,insert_fusionado,-,50,0,0.027563000
chroma,1,insert_fusionado,-,51,0,0.026258200
chroma,1,insert_fusionado,-,52,0,0.028717000
chroma,1,insert_fusionado,-,53,0,0.030021900
chroma,1,insert_fusionado,-,54,0,0.028665000
chroma,1,insert_fusionado,-,55,0,0.024153600
chroma,1,insert_fusionado,-,56,0,0.026128600
chroma,1,insert_fusionado,-,57,0,0.027138300
chroma,1,insert_fusionado,-,58,0,0.025114100
chroma,1,insert_fusionado,-,59,0,0.028127600
chroma,1,insert_fusionado,-,60,0,0.026825600
chroma,1,insert_fusionado,-,61,0,0.026143500
chroma,1,insert_fusionado,-,62,0,0.029649000
chroma,1,insert_fusionado,-,63,0,0.028562400
chroma,1,insert_fusionado,-,64,0,0.025933800
chroma,1,insert_fusionado,-,65,0,0.026591600
chroma,1,insert_fusionado,-,66,0,0.029779700
chroma,1,insert_fusionado,-,67,0,0.027579700
chroma,1,insert_fusionado,-,68,0,0.025067600
chroma,1,insert_fusionado,-,69,0,0.027572800
chroma,1,insert_fusionado,-,70,0,0.026203300
chroma,1,insert_fusionado,-,71,0,0.027338900
chroma,1,insert_fusionado,-,72,0,0.026852400
chroma,1,insert_fusionado,-,73,0,0.026726900
chroma,1,insert_fusionado,-,74,0,0.025405800
chroma,1,insert_fusionado,-,75,0,0.025960800
chroma,1,insert_fusionado,-,76,0,0.024545000
chroma,1,insert_fusionado,-,77,0,0.027916500
chroma,1,insert_fusionado,-,78,0,0.026624400
chroma,1,insert_fusionado,-,79,0,0.025888300
chroma,1,insert_fusionado,-,80,0,0.025521700
chroma,1,insert_fusionado,-,81,0,0.023518800
chroma,1,insert_fusionado,-,82,0,0.026305100
chroma,1,insert_fusionado,-,83,0,0.025816900
chroma,1,insert_fusionado,-,84,0,0.025871100
chroma,1,insert_fusionado,-,85,0,0.027459900
chroma,1,insert_fusionado,-,86,0,0.028490600
chroma,1,insert_fusionado,-,87,0,0.026012100
chroma,1,insert_fusionado,-,88,0,0.025858100
chroma,1,insert_fusionado,-,89,0,0.027498700
chroma,1,insert_fusionado,-,90,0,0.030521900
chroma,1,insert_fusionado,-,91,0,0.024902800
chroma,1,insert_fusionado,-,92,0,0.026760000
chroma,1,insert_fusionado,-,93,0,0.025660000
chroma,1,insert_fusionado,-,94,0,0.024654100
chroma,1,insert_fusionado,-,95,0,0.025098500
chroma,1,insert_fusionado,-,96,0,0.027116600
chroma,1,insert_fusionado,-,97,0,0.026253400
chroma,1,insert_fusionado,-,98,0,0.027463300
chroma,1,insert_fusionado,-,99,0,0.029416200
chroma,1,insert_fusionado,-,100,0,0.025347600
chroma,1,insert_fusionado,-,101,0,0.031473200
chroma,1,insert_fusionado,-,102,0,0.028562500
chroma,1,insert_fusionado,-,103,0,0.030376000
chroma,1,insert_fusionado,-,104,0,0.028558300
chroma,1,insert_fusionado,-,105,0,0.027188500
chroma,1,insert_fusionado,-,106,0,0.028105400
chroma,1,insert_fusionado,-,107,0,0.025738700
chroma,1,insert_fusionado,-,108,0,0.030446500
chroma,1,insert_fusionado,-,109,0,0.026557800
chroma,1,insert_fusionado,-,110,0,0.024996500
chroma,1,insert_fusionado,-,111,0,0.028116200
chroma,1,insert_fusionado,-,112,0,0.024174300
chroma,1,insert_fusionado,-,113,0,0.028574200
chroma,1,insert_fusionado,-,114,0,0.028453300
chroma,1,insert_fusionado,-,115,0,0.027959600
chroma,1,insert_fusionado,-,116,0,0.025893800
chroma,1,insert_fusionado,-,117,0,0.025601500
chroma,1,insert_fusionado,-,118,0,0.036642900
chroma,1,insert_fusionado,-,119,0,0.029171000
chroma,1,insert_fusionado,-,120,0,0.027817800
chroma,1,insert_fusionado,-,121,0,0.029290900
chroma,1,insert_fusionado,-,122,0,0.029217700
chroma,1,insert_fusionado,-,123,0,0.024909700
chroma,1,insert_fusionado,-,124,0,0.027772200
chroma,1,insert_fusionado,-,125,0,0.024569300
chroma,1,insert_fusionado,-,126,0,0.028089000
chroma,1,insert_fusionado,-,127,0,0.029083700
chroma,1,insert_fusionado,-,128,0,0.023131100
chroma,1,insert_fusionado,-,129,0,0.024959400
chroma,1,insert_fusionado,-,130,0,0.023850400
chroma,1,insert_fusionado,-,131,0,0.025139200
chroma,1,insert_fusionado,-,132,0,0.026596200
chroma,1,insert_fusionado,-,133,0,0.027019600
chroma,1,insert_fusionado,-,134,0,0.025042000
chroma,1,insert_fusionado,-,135,0,0.026004400
chroma,1,insert_fusionado,-,136,0,0.026037000
chroma,1,insert_fusionado,-,137,0,0.028899900
chroma,1,insert_fusionado,-,138,0,0.024330500
chroma,1,insert_fusionado,-,139,0,0.028030400
chroma,1,insert_fusionado,-,140,0,0.028365600
chroma,1,insert_fusionado,-,141,0,0.032245300
chroma,1,insert_fusionado,-,142,0,0.038255100
chroma,1,insert_fusionado,-,143,0,0.030894600
chroma,1,insert_fusionado,-,144,0,0.028473700
chroma,1,insert_fusionado,-,145,0,0.032241100
chroma,1,insert_fusionado,-,146,0,0.026861700
chroma,1,insert_fusionado,-,147,0,0.028239900
chroma,1,insert_fusionado,-,148,0,0.031187700
chroma,1,insert_fusionado,-,149,0,0.032706800
chroma,1,insert_fusionado,-,150,0,0.033169200
chroma,1,insert_fusionado,-,151,0,0.034290100
chroma,1,insert_fusionado,-,152,0,0.036112000
chroma,1,insert_fusionado,-,153,0,0.035726800
chroma,1,insert_fusionado,-,154,0,0.037048400
chroma,1,insert_fusionado,-,155,0,0.028511000
chroma,1,insert_fusionado,-,156,0,0.033701800
chroma,1,insert_fusionado,-,157,0,0.030861000
chroma,1,insert_fusionado,-,158,0,0.035459300
chroma,1,insert_fusionado,-,159,0,0.034031400
chroma,1,insert_fusionado,-,160,0,0.030074300
chroma,1,insert_fusionado,-,161,0,0.027944800
chroma,1,insert_fusionado,-,162,0,0.028125900
chroma,1,insert_fusionado,-,163,0,0.027405400
chroma,1,insert_fusionado,-,164,0,0.030596400
chroma,1,insert_fusionado,-,165,0,0.032330700
chroma,1,insert_fusionado,-,166,0,0.030953200
chroma,1,insert_fusionado,-,167,0,0.033934800
chroma,1,insert_fusionado,-,168,0,0.034319300
chroma,1,insert_fusionado,-,169,0,0.034619700
chroma,1,insert_fusionado,-,170,0,0.031252800
chroma,1,insert_fusionado,-,171,0,0.028443800
chroma,1,insert_fusionado,-,172,0,0.028956700
chroma,1,insert_fusionado,-,173,0,0.029644400
chroma,1,insert_fusionado,-,174,0,0.029238200
chroma,1,insert_fusionado,-,175,0,0.029576000
chroma,1,insert_fusionado,-,176,0,0.029229100
chroma,1,insert_fusionado,-,177,0,0.028150700
chroma,1,insert_fusionado,-,178,0,0.025192400
chroma,1,insert_fusionado,-,179,0,0.025870200
chroma,1,insert_fusionado,-,180,0,0.027634700
chroma,1,insert_fusionado,-,181,0,0.027371400
chroma,1,insert_fusionado,-,182,0,0.030525400
chroma,1,insert_fusionado,-,183,0,0.026303100
chroma,1,insert_fusionado,-,184,0,0.027482100
chroma,1,insert_fusionado,-,185,0,0.027698500
chroma,1,insert_fusionado,-,186,0,0.026144900
chroma,1,insert_fusionado,-,187,0,0.025573800
chroma,1,insert_fusionado,-,188,0,0.025537000
chroma,1,insert_fusionado,-,189,0,0.025415000
chroma,1,insert_fusionado,-,190,0,0.027574200
chroma,1,insert_fusionado,-,191,0,0.027937100
chroma,1,insert_fusionado,-,192,0,0.027123600
chroma,1,insert_fusionado,-,193,0,0.025200600
chroma,1,insert_fusionado,-,194,0,0.026677600
chroma,1,insert_fusionado,-,195,0,0.029376700
chroma,1,insert_fusionado,-,196,0,0.029367400
chroma,1,insert_fusionado,-,197,0,0.026554600
chroma,1,insert_fusionado,-,198,0,0.028607500
chroma,1,insert_fusionado,-,199,0,0.028026100
chroma,1,insert_fusionado,-,200,0,0.027460800
chroma,1,insert_fusionado,-,201,0,0.025782200
chroma,1,insert_fusionado,-,202,0,0.027321000
chroma,1,insert_fusionado,-,203,0,0.025479900
chroma,1,insert_fusionado,-,204,0,0.026360000
chroma,1,insert_fusionado,-,205,0,0.026093300
chroma,1,insert_fusionado,-,206,0,0.026114400
chroma,1,insert_fusionado,-,207,0,0.026834500
chroma,1,insert_fusionado,-,208,0,0.024873000
chroma,1,insert_fusionado,-,209,0,0.025177600
chroma,1,insert_fusionado,-,210,0,0.027595300
chroma,1,insert_fusionado,-,211,0,0.026541100
chroma,1,insert_fusionado,-,212,0,0.027007200
chroma,1,insert_fusionado,-,213,0,0.026146100
chroma,1,insert_fusionado,-,214,0,0.026270400
chroma,1,insert_fusionado,-,215,0,0.028131300
chroma,1,insert_fusionado,-,216,0,0.027950600
chroma,1,insert_fusionado,-,217,0,0.025514200
chroma,1,insert_fusionado,-,218,0,0.027717800
chroma,1,insert_fusionado,-,219,0,0.026053700
chroma,1,insert_fusionado,-,220,0,0.028119300
chroma,1,insert_fusionado,-,221,0,0.025079500
chroma,1,insert_fusionado,-,222,0,0.028816900
chroma,1,insert_fusionado,-,223,0,0.029688900
chroma,1,insert_fusionado,-,224,0,0.026928800
chroma,1,insert_fusionado,-,225,0,0.026364900
chroma,1,insert_fusionado,-,226,0,0.027155000
chroma,1,insert_fusionado,-,227,0,0.027337600
chroma,1,insert_fusionado,-,228,0,0.027121900
chroma,1,insert_fusionado,-,229,0,0.026721100
chroma,1,insert_fusionado,-,230,0,0.028379000
chroma,1,insert_fusionado,-,231,0,0.027951800
chroma,1,insert_fusionado,-,232,0,0.027489100
chroma,1,insert_fusionado,-,233,0,0.027015800
chroma,1,insert_fusionado,-,234,0,0.029690100
chroma,1,insert_fusionado,-,235,0,0.029947000
chroma,1,insert_fusionado,-,236,0,0.027668600
chroma,1,insert_fusionado,-,237,0,0.027595400
chroma,1,insert_fusionado,-,238,0,0.028125900
chroma,1,insert_fusionado,-,239,0,0.026261600
chroma,1,insert_fusionado,-,240,0,0.026047500
chroma,1,insert_fusionado,-,241,0,0.025421900
chroma,1,insert_fusionado,-,242,0,0.028589700
chroma,1,insert_fusionado,-,243,0,0.027671900
chroma,1,insert_fusionado,-,244,0,0.026184000
chroma,1,insert_fusionado,-,245,0,0.026857200
chroma,1,insert_fusionado,-,246,0,0.029199200
chroma,1,insert_fusionado,-,247,0,0.029797400
chroma,1,insert_fusionado,-,248,0,0.030923700
chroma,1,insert_fusionado,-,249,0,0.028087600
chroma,1,insert_fusionado,-,250,0,0.025136300
chroma,1,insert_fusionado,-,251,0,0.025121100
chroma,1,insert_fusionado,-,252,0,0.029720800
chroma,1,insert_fusionado,-,253,0,0.027919500
chroma,1,insert_fusionado,-,254,0,0.028475500
chroma,1,insert_fusionado,-,255,0,0.029146200
chroma,1,insert_fusionado,-,256,0,0.029679700
chroma,1,insert_fusionado,-,257,0,0.026739200
chroma,1,insert_fusionado,-,258,0,0.028423400
chroma,1,insert_fusionado,-,259,0,0.028752900
chroma,1,insert_fusionado,-,260,0,0.026660800
chroma,1,insert_fusionado,-,261,0,0.030164900
chroma,1,insert_fusionado,-,262,0,0.031033500
chroma,1,insert_fusionado,-,263,0,0.027557100
chroma,1,insert_fusionado,-,264,0,0.026785600
chroma,1,insert_fusionado,-,265,0,0.025532900
chroma,1,insert_fusionado,-,266,0,0.027515800
chroma,1,insert_fusionado,-,267,0,0.030384800
chroma,1,insert_fusionado,-,268,0,0.034789800
chroma,1,insert_fusionado,-,269,0,0.027415900
chroma,1,insert_fusionado,-,270,0,0.028410000
chroma,1,insert_fusionado,-,271,0,0.028783200
chroma,1,insert_fusionado,-,272,0,0.028027400
chroma,1,insert_fusionado,-,273,0,0.028008400
chroma,1,insert_fusionado,-,274,0,0.026648500
chroma,1,insert_fusionado,-,275,0,0.027640800
chroma,1,insert_fusionado,-,276,0,0.025387100
chroma,1,insert_fusionado,-,277,0,0.026219500
chroma,1,insert_fusionado,-,278,0,0.028620600
chroma,1,insert_fusionado,-,279,0,0.027035100
chroma,1,insert_fusionado,-,280,0,0.026961900
chroma,1,insert_fusionado,-,281,0,0.028810000
chroma,1,insert_fusionado,-,282,0,0.027556400
chroma,1,insert_fusionado,-,283,0,0.028897800
chroma,1,insert_fusionado,-,284,0,0.031119000
chroma,1,insert_fusionado,-,285,0,0.026741800
chroma,1,insert_fusionado,-,286,0,0.028223600
chroma,1,insert_fusionado,-,287,0,0.027716800
chroma,1,insert_fusionado,-,288,0,0.028233200
chroma,1,insert_fusionado,-,289,0,0.026364900
chroma,1,insert_fusionado,-,290,0,0.063205400
chroma,1,insert_fusionado,-,291,0,0.038901700
chroma,1,insert_fusionado,-,292,0,0.029330900
chroma,1,insert_fusionado,-,293,0,0.026342000
chroma,1,insert_fusionado,-,294,0,0.028787700
chroma,1,insert_fusionado,-,295,0,0.037006900
chroma,1,insert_fusionado,-,296,0,0.029287900
chroma,1,insert_fusionado,-,297,0,0.026659800
chroma,1,insert_fusionado,-,298,0,0.029471900
chroma,1,insert_fusionado,-,299,0,0.028346500
chroma,1,insert_fusionado,-,300,0,0.029427100
chroma,1,insert_fusionado,-,301,0,0.026923800
chroma,1,insert_fusionado,-,302,0,0.027302400
chroma,1,insert_fusionado,-,303,0,0.027383400
chroma,1,insert_fusionado,-,304,0,0.028698300
chroma,1,insert_fusionado,-,305,0,0.044293000
chroma,1,insert_fusionado,-,306,0,0.029601500
chroma,1,insert_fusionado,-,307,0,0.030157800
chroma,1,insert_fusionado,-,308,0,0.028296500
chroma,1,insert_fusionado,-,309,0,0.029176900
chroma,1,insert_fusionado,-,310,0,0.027269200
chroma,1,insert_fusionado,-,311,0,0.027383000
chroma,1,insert_fusionado,-,312,0,0.028918300
chroma,1,insert_fusionado,-,313,0,0.027760000
chroma,1,insert_fusionado,-,314,0,0.028298800
chroma,1,insert_fusionado,-,315,0,0.029228000
chroma,1,insert_fusionado,-,316,0,0.029041900
chroma,1,insert_fusionado,-,317,0,0.027382500
chroma,1,insert_fusionado,-,318,0,0.029523000
chroma,1,insert_fusionado,-,319,0,0.028785600
chroma,1,insert_fusionado,-,320,0,0.028731600
chroma,1,insert_fusionado,-,321,0,0.026931200
chroma,1,insert_fusionado,-,322,0,0.027039900
chroma,1,insert_fusionado,-,323,0,0.029007400
chroma,1,insert_fusionado,-,324,0,0.028003200
chroma,1,insert_fusionado,-,325,0,0.027957100
chroma,1,insert_fusionado,-,326,0,0.027173100
chroma,1,insert_fusionado,-,327,0,0.027280600
chroma,1,insert_fusionado,-,328,0,0.026253800
chroma,1,insert_fusionado,-,329,0,0.031337000
chroma,1,insert_fusionado,-,330,0,0.029114400
chroma,1,insert_fusionado,-,331,0,0.027588600
chroma,1,insert_fusionado,-,332,0,0.025791900
chroma,1,insert_fusionado,-,333,0,0.028232500
chroma,1,insert_fusionado,-,334,0,0.028215800
chroma,1,insert_fusionado,-,335,0,0.029647000
chroma,1,insert_fusionado,-,336,0,0.030381800
chroma,1,insert_fusionado,-,337,0,0.026975700
chroma,1,insert_fusionado,-,338,0,0.030278000
chroma,1,insert_fusionado,-,339,0,0.028349700
chroma,1,insert_fusionado,-,340,0,0.027023100
chroma,1,insert_fusionado,-,341,0,0.028263300
chroma,1,insert_fusionado,-,342,0,0.029969300
chroma,1,insert_fusionado,-,343,0,0.029098400
chroma,1,insert_fusionado,-,344,0,0.029046300
chroma,1,insert_fusionado,-,345,0,0.029429500
chroma,1,insert_fusionado,-,346,0,0.027610200
chroma,1,insert_fusionado,-,347,0,0.030196400
chroma,1,insert_fusionado,-,348,0,0.029393000
chroma,1,insert_fusionado,-,349,0,0.027926200
chroma,1,insert_fusionado,-,350,0,0.028526100
chroma,1,insert_fusionado,-,351,0,0.029409000
chroma,1,insert_fusionado,-,352,0,0.030097000
chroma,1,insert_fusionado,-,353,0,0.029402400
chroma,1,insert_fusionado,-,354,0,0.028438700
chroma,1,insert_fusionado,-,355,0,0.027724200
chroma,1,insert_fusionado,-,356,0,0.027797700
chroma,1,insert_fusionado,-,357,0,0.027309200
chroma,1,insert_fusionado,-,358,0,0.027864400
chroma,1,insert_fusionado,-,359,0,0.029038100
chroma,1,insert_fusionado,-,360,0,0.029954700
chroma,1,insert_fusionado,-,361,0,0.026277600
chroma,1,insert_fusionado,-,362,0,0.029921100
chroma,1,insert_fusionado,-,363,0,0.029062700
chroma,1,insert_fusionado,-,364,0,0.028432600
chroma,1,insert_fusionado,-,365,0,0.030608700
chroma,1,insert_fusionado,-,366,0,0.031603800
chroma,1,insert_fusionado,-,367,0,0.030384800
chroma,1,insert_fusionado,-,368,0,0.028888100
chroma,1,insert_fusionado,-,369,0,0.027835400
chroma,1,insert_fusionado,-,370,0,0.027079400
chroma,1,insert_fusionado,-,371,0,0.029229800
chroma,1,insert_fusionado,-,372,0,0.027500000
chroma,1,insert_fusionado,-,373,0,0.028670000
chroma,1,insert_fusionado,-,374,0,0.029960900
chroma,1,insert_fusionado,-,375,0,0.029947600
chroma,1,insert_fusionado,-,376,0,0.027083500
chroma,1,insert_fusionado,-,377,0,0.028206300
chroma,1,insert_fusionado,-,378,0,0.028468400
chroma,1,insert_fusionado,-,379,0,0.029395800
chroma,1,insert_fusionado,-,380,0,0.030778200
chroma,1,insert_fusionado,-,381,0,0.030680200
chroma,1,insert_fusionado,-,382,0,0.030573100
chroma,1,insert_fusionado,-,383,0,0.030875500
chroma,1,insert_fusionado,-,384,0,0.026670000
chroma,1,insert_fusionado,-,385,0,0.029884000
chroma,1,insert_fusionado,-,386,0,0.029035600
chroma,1,insert_fusionado,-,387,0,0.026307700
chroma,1,insert_fusionado,-,388,0,0.030012500
chroma,1,insert_fusionado,-,389,0,0.030247100
chroma,1,insert_fusionado,-,390,0,0.029160000
chroma,1,insert_fusionado,-,391,0,0.029962000
chroma,1,insert_fusionado,-,392,0,0.028247900
chroma,1,insert_fusionado,-,393,0,0.027766100
chroma,1,insert_fusionado,-,394,0,0.028131200
chroma,1,insert_fusionado,-,395,0,0.028666000
chroma,1,insert_fusionado,-,396,0,0.028376900
chroma,1,insert_fusionado,-,397,0,0.027837800
chroma,1,insert_fusionado,-,398,0,0.025820000
chroma,1,insert_fusionado,-,399,0,0.029274000
chroma,1,insert_fusionado,-,400,0,0.026713800
chroma,1,insert_fusionado,-,401,0,0.029271100
chroma,1,insert_fusionado,-,402,0,0.033600200
chroma,1,insert_fusionado,-,403,0,0.031750000
chroma,1,insert_fusionado,-,404,0,0.028733900
chroma,1,insert_fusionado,-,405,0,0.029750900
chroma,1,insert_fusionado,-,406,0,0.028431200
chroma,1,insert_fusionado,-,407,0,0.028152300
chroma,1,insert_fusionado,-,408,0,0.029183700
chroma,1,insert_fusionado,-,409,0,0.029140000
chroma,1,insert_fusionado,-,410,0,0.030133700
chroma,1,insert_fusionado,-,411,0,0.032782300
chroma,1,insert_fusionado,-,412,0,0.028473500
chroma,1,insert_fusionado,-,413,0,0.029769200
chroma,1,insert_fusionado,-,414,0,0.029854500
chroma,1,insert_fusionado,-,415,0,0.028884800
chroma,1,insert_fusionado,-,416,0,0.030813400
chroma,1,insert_fusionado,-,417,0,0.031700600
chroma,1,insert_fusionado,-,418,0,0.029733200
chroma,1,insert_fusionado,-,419,0,0.027809100
chroma,1,insert_fusionado,-,420,0,0.029044700
chroma,1,insert_fusionado,-,421,0,0.030790500
chroma,1,insert_fusionado,-,422,0,0.026356100
chroma,1,insert_fusionado,-,423,0,0.030500900
chroma,1,insert_fusionado,-,424,0,0.031049200
chroma,1,insert_fusionado,-,425,0,0.027757900
chroma,1,insert_fusionado,-,426,0,0.030637500
chroma,1,insert_fusionado,-,427,0,0.030431800
chroma,1,insert_fusionado,-,428,0,0.034001800
chroma,1,insert_fusionado,-,429,0,0.032016200
chroma,1,insert_fusionado,-,430,0,0.029388300
chroma,1,insert_fusionado,-,431,0,0.027518100
chroma,1,insert_fusionado,-,432,0,0.028524000
chroma,1,insert_fusionado,-,433,0,0.026597600
chroma,1,insert_fusionado,-,434,0,0.028315700
chroma,1,insert_fusionado,-,435,0,0.029285600
chroma,1,insert_fusionado,-,436,0,0.030705300
chroma,1,insert_fusionado,-,437,0,0.027689300
chroma,1,insert_fusionado,-,438,0,0.032192700
chroma,1,insert_fusionado,-,439,0,0.027467100
chroma,1,insert_fusionado,-,440,0,0.029348900
chroma,1,insert_fusionado,-,441,0,0.028564100
chroma,1,insert_fusionado,-,442,0,0.030848000
chroma,1,insert_fusionado,-,443,0,0.029009400
chroma,1,insert_fusionado,-,444,0,0.029296300
chroma,1,insert_fusionado,-,445,0,0.034096900
chroma,1,insert_fusionado,-,446,0,0.028571400
chroma,1,insert_fusionado,-,447,0,0.030060300
chroma,1,insert_fusionado,-,448,0,0.028169400
chroma,1,insert_fusionado,-,449,0,0.031368100
chroma,1,insert_fusionado,-,450,0,0.035869900
chroma,1,insert_fusionado,-,451,0,0.029395800
chroma,1,insert_fusionado,-,452,0,0.032691500
chroma,1,insert_fusionado,-,453,0,0.033917900
chroma,1,insert_fusionado,-,454,0,0.030915300
chroma,1,insert_fusionado,-,455,0,0.031384700
chroma,1,insert_fusionado,-,456,0,0.034745200
chroma,1,insert_fusionado,-,457,0,0.031363200
chroma,1,insert_fusionado,-,458,0,0.031949500
chroma,1,insert_fusionado,-,459,0,0.033533200
chroma,1,insert_fusionado,-,460,0,0.030706200
chroma,1,insert_fusionado,-,461,0,0.033612300
chroma,1,insert_fusionado,-,462,0,0.030184000
chroma,1,insert_fusionado,-,463,0,0.034121700
chroma,1,insert_fusionado,-,464,0,0.034398200
chroma,1,insert_fusionado,-,465,0,0.029891800
chroma,1,insert_fusionado,-,466,0,0.029953200
chroma,1,insert_fusionado,-,467,0,0.027515900
chroma,1,insert_fusionado,-,468,0,0.029195600
chroma,1,insert_fusionado,-,469,0,0.029267000
chroma,1,insert_fusionado,-,470,0,0.031527800
chroma,1,insert_fusionado,-,471,0,0.028103600
chroma,1,insert_fusionado,-,472,0,0.027001600
chroma,1,insert_fusionado,-,473,0,0.027893700
chroma,1,insert_fusionado,-,474,0,0.030548600
chroma,1,insert_fusionado,-,475,0,0.031054900
chroma,1,insert_fusionado,-,476,0,0.028862600
chroma,1,insert_fusionado,-,477,0,0.028364800
chroma,1,insert_fusionado,-,478,0,0.031607800
chroma,1,insert_fusionado,-,479,0,0.029759100
chroma,1,insert_fusionado,-,480,0,0.027690300
chroma,1,insert_fusionado,-,481,0,0.029013100
chroma,1,insert_fusionado,-,482,0,0.029185700
chroma,1,insert_fusionado,-,483,0,0.027549600
chroma,1,insert_fusionado,-,484,0,0.030442400
chroma,1,insert_fusionado,-,485,0,0.031767800
chroma,1,insert_fusionado,-,486,0,0.032061300
chroma,1,insert_fusionado,-,487,0,0.030930700
chroma,1,insert_fusionado,-,488,0,0.032523100
chroma,1,insert_fusionado,-,489,0,0.033546900
chroma,1,insert_fusionado,-,490,0,0.029248200
chroma,1,insert_fusionado,-,491,0,0.031784100
chroma,1,insert_fusionado,-,492,0,0.031835900
chroma,1,insert_fusionado,-,493,0,0.028723700
chroma,1,insert_fusionado,-,494,0,0.027876400
chroma,1,insert_fusionado,-,495,0,0.027720200
chroma,1,insert_fusionado,-,496,0,0.032705100
chroma,1,insert_fusionado,-,497,0,0.030237300
chroma,1,insert_fusionado,-,498,0,0.033365600
chroma,1,insert_fusionado,-,499,0,0.028688000
chroma,1,insert_fusionado,-,500,0,0.031512800
chroma,1,insert_fusionado,-,501,0,0.031686400
chroma,1,insert_fusionado,-,502,0,0.027534200
chroma,1,insert_fusionado,-,503,0,0.028066400
chroma,1,insert_fusionado,-,504,0,0.035154900
chroma,1,insert_fusionado,-,505,0,0.029146000
chroma,1,insert_fusionado,-,506,0,0.036923900
chroma,1,insert_fusionado,-,507,0,0.028113200
chroma,1,insert_fusionado,-,508,0,0.029801400
chroma,1,insert_fusionado,-,509,0,0.035171800
chroma,1,insert_fusionado,-,510,0,0.029976800
chroma,1,insert_fusionado,-,511,0,0.031517700
chroma,1,insert_fusionado,-,512,0,0.028892600
chroma,1,insert_fusionado,-,513,0,0.029983800
chroma,1,insert_fusionado,-,514,0,0.029800300
chroma,1,insert_fusionado,-,515,0,0.032594000
chroma,1,insert_fusionado,-,516,0,0.027451900
chroma,1,insert_fusionado,-,517,0,0.027885100
chroma,1,insert_fusionado,-,518,0,0.029360900
chroma,1,insert_fusionado,-,519,0,0.033681700
chroma,1,insert_fusionado,-,520,0,0.029514200
chroma,1,insert_fusionado,-,521,0,0.031527500
chroma,1,insert_fusionado,-,522,0,0.030206800
chroma,1,insert_fusionado,-,523,0,0.029451100
chroma,1,insert_fusionado,-,524,0,0.031987600
chroma,1,insert_fusionado,-,525,0,0.030267600
chroma,1,insert_fusionado,-,526,0,0.036207800
chroma,1,insert_fusionado,-,527,0,0.029366600
chroma,1,insert_fusionado,-,528,0,0.028365000
chroma,1,insert_fusionado,-,529,0,0.028544600
chroma,1,insert_fusionado,-,530,0,0.028135400
chroma,1,insert_fusionado,-,531,0,0.030263400
chroma,1,insert_fusionado,-,532,0,0.029140100
chroma,1,insert_fusionado,-,533,0,0.030617600
chroma,1,insert_fusionado,-,534,0,0.031544700
chroma,1,insert_fusionado,-,535,0,0.030020900
chroma,1,insert_fusionado,-,536,0,0.028461700
chroma,1,insert_fusionado,-,537,0,0.032480400
chroma,1,insert_fusionado,-,538,0,0.028681500
chroma,1,insert_fusionado,-,539,0,0.031786600
chroma,1,insert_fusionado,-,540,0,0.027743500
chroma,1,insert_fusionado,-,541,0,0.031946600
chroma,1,insert_fusionado,-,542,0,0.029041900
chroma,1,insert_fusionado,-,543,0,0.030070800
chroma,1,insert_fusionado,-,544,0,0.036668000
chroma,1,insert_fusionado,-,545,0,0.031771800
chroma,1,insert_fusionado,-,546,0,0.031588300
chroma,1,insert_fusionado,-,547,0,0.029878200
chroma,1,insert_fusionado,-,548,0,0.030270800
chroma,1,insert_fusionado,-,549,0,0.029802700
chroma,1,insert_fusionado,-,550,0,0.031742600
chroma,1,insert_fusionado,-,551,0,0.033610300
chroma,1,insert_fusionado,-,552,0,0.029465400
chroma,1,insert_fusionado,-,553,0,0.029525600
chroma,1,insert_fusionado,-,554,0,0.030760600
chroma,1,insert_fusionado,-,555,0,0.034381900
chroma,1,insert_fusionado,-,556,0,0.036564700
chroma,1,insert_fusionado,-,557,0,0.032478200
chroma,1,insert_fusionado,-,558,0,0.039546500
chroma,1,insert_fusionado,-,559,0,0.029740600
chroma,1,insert_fusionado,-,560,0,0.032674800
chroma,1,insert_fusionado,-,561,0,0.031967500
chroma,1,insert_fusionado,-,562,0,0.031882700
chroma,1,insert_fusionado,-,563,0,0.033969000
chroma,1,insert_fusionado,-,564,0,0.030096600
chroma,1,insert_fusionado,-,565,0,0.037067400
chroma,1,insert_fusionado,-,566,0,0.031506900
chroma,1,insert_fusionado,-,567,0,0.031417400
chroma,1,insert_fusionado,-,568,0,0.030964200
chroma,1,insert_fusionado,-,569,0,0.035002300
chroma,1,insert_fusionado,-,570,0,0.034625600
chroma,1,insert_fusionado,-,571,0,0.030116900
chroma,1,insert_fusionado,-,572,0,0.033302400
chroma,1,insert_fusionado,-,573,0,0.034203700
chroma,1,insert_fusionado,-,574,0,0.029881000
chroma,1,insert_fusionado,-,575,0,0.032798700
chroma,1,insert_fusionado,-,576,0,0.029850400
chroma,1,insert_fusionado,-,577,0,0.030621400
chroma,1,insert_fusionado,-,578,0,0.037257700
chroma,1,insert_fusionado,-,579,0,0.029614700
chroma,1,insert_fusionado,-,580,0,0.035100100
chroma,1,insert_fusionado,-,581,0,0.039468100
chroma,1,insert_fusionado,-,582,0,0.033860100
chroma,1,insert_fusionado,-,583,0,0.028970100
chroma,1,insert_fusionado,-,584,0,0.028132500
chroma,1,insert_fusionado,-,585,0,0.032643600
chroma,1,insert_fusionado,-,586,0,0.030290700
chroma,1,insert_fusionado,-,587,0,0.033815800
chroma,1,insert_fusionado,-,588,0,0.030814700
chroma,1,insert_fusionado,-,589,0,0.038359900
chroma,1,insert_fusionado,-,590,0,0.033490400
chroma,1,insert_fusionado,-,591,0,0.033886100
chroma,1,insert_fusionado,-,592,0,0.032992800
chroma,1,insert_fusionado,-,593,0,0.034407100
chroma,1,insert_fusionado,-,594,0,0.029264100
chroma,1,insert_fusionado,-,595,0,0.032030300
chroma,1,insert_fusionado,-,596,0,0.038007400
chroma,1,insert_fusionado,-,597,0,0.033136500
chroma,1,insert_fusionado,-,598,0,0.033250500
chroma,1,insert_fusionado,-,599,0,0.035013000
chroma,1,insert_fusionado,-,600,0,0.033747600
chroma,1,insert_fusionado,-,601,0,0.029659700
chroma,1,insert_fusionado,-,602,0,0.030503700
chroma,1,insert_fusionado,-,603,0,0.031560000
chroma,1,insert_fusionado,-,604,0,0.033325600
chroma,1,insert_fusionado,-,605,0,0.030972600
chroma,1,insert_fusionado,-,606,0,0.031632800
chroma,1,insert_fusionado,-,607,0,0.029120100
chroma,1,insert_fusionado,-,608,0,0.038323100
chroma,1,insert_fusionado,-,609,0,0.030939700
chroma,1,insert_fusionado,-,610,0,0.031923300
chroma,1,insert_fusionado,-,611,0,0.034745600
chroma,1,insert_fusionado,-,612,0,0.034312600
chroma,1,insert_fusionado,-,613,0,0.037143700
chroma,1,insert_fusionado,-,614,0,0.030357200
chroma,1,insert_fusionado,-,615,0,0.032151300
chroma,1,insert_fusionado,-,616,0,0.030178600
chroma,1,insert_fusionado,-,617,0,0.031244800
chroma,1,insert_fusionado,-,618,0,0.030835300
chroma,1,insert_fusionado,-,619,0,0.034908200
chroma,1,insert_fusionado,-,620,0,0.031314700
chroma,1,insert_fusionado,-,621,0,0.029243100
chroma,1,insert_fusionado,-,622,0,0.030969200
chroma,1,insert_fusionado,-,623,0,0.031541000
chroma,1,insert_fusionado,-,624,0,0.031221200
chroma,1,insert_fusionado,-,625,0,0.030387700
chroma,1,insert_fusionado,-,626,0,0.029593900
chroma,1,insert_fusionado,-,627,0,0.031878800
chroma,1,insert_fusionado,-,628,0,0.032238900
chroma,1,insert_fusionado,-,629,0,0.032693400
chroma,1,insert_fusionado,-,630,0,0.030020900
chroma,1,insert_fusionado,-,631,0,0.031014600
chroma,1,insert_fusionado,-,632,0,0.030554200
chroma,1,insert_fusionado,-,633,0,0.031193700
chroma,1,insert_fusionado,-,634,0,0.033828200
chroma,1,insert_fusionado,-,635,0,0.033105000
chroma,1,insert_fusionado,-,636,0,0.029067700
chroma,1,insert_fusionado,-,637,0,0.031811900
chroma,1,insert_fusionado,-,638,0,0.034420500
chroma,1,insert_fusionado,-,639,0,0.034227200
chroma,1,insert_fusionado,-,640,0,0.029755200
chroma,1,insert_fusionado,-,641,0,0.031782300
chroma,1,insert_fusionado,-,642,0,0.030855800
chroma,1,insert_fusionado,-,643,0,0.031054500
chroma,1,insert_fusionado,-,644,0,0.031860500
chroma,1,insert_fusionado,-,645,0,0.030722800
chroma,1,insert_fusionado,-,646,0,0.033833200
chroma,1,insert_fusionado,-,647,0,0.033927400
chroma,1,insert_fusionado,-,648,0,0.031405400
chroma,1,insert_fusionado,-,649,0,0.029526700
chroma,1,insert_fusionado,-,650,0,0.031708700
chroma,1,insert_fusionado,-,651,0,0.030256200
chroma,1,insert_fusionado,-,652,0,0.030963300
chroma,1,insert_fusionado,-,653,0,0.028841200
chroma,1,insert_fusionado,-,654,0,0.032601800
chroma,1,insert_fusionado,-,655,0,0.031656100
chroma,1,insert_fusionado,-,656,0,0.032775200
chroma,1,insert_fusionado,-,657,0,0.031405500
chroma,1,insert_fusionado,-,658,0,0.033439700
chroma,1,insert_fusionado,-,659,0,0.032093700
chroma,1,insert_fusionado,-,660,0,0.030944600
chroma,1,insert_fusionado,-,661,0,0.033063000
chroma,1,insert_fusionado,-,662,0,0.033466900
chroma,1,insert_fusionado,-,663,0,0.036656800
chroma,1,insert_fusionado,-,664,0,0.031277900
chroma,1,insert_fusionado,-,665,0,0.030580800
chroma,1,insert_fusionado,-,666,0,0.031307100
chroma,1,insert_fusionado,-,667,0,0.032718200
chroma,1,insert_fusionado,-,668,0,0.030913400
chroma,1,insert_fusionado,-,669,0,0.034894100
chroma,1,insert_fusionado,-,670,0,0.031473100
chroma,1,insert_fusionado,-,671,0,0.031665900
chroma,1,insert_fusionado,-,672,0,0.031709800
chroma,1,insert_fusionado,-,673,0,0.031483600
chroma,1,insert_fusionado,-,674,0,0.032643000
chroma,1,insert_fusionado,-,675,0,0.032510300
chroma,1,insert_fusionado,-,676,0,0.032111100
chroma,1,insert_fusionado,-,677,0,0.032128300
chroma,1,insert_fusionado,-,678,0,0.030863400
chroma,1,insert_fusionado,-,679,0,0.029422800
chroma,1,insert_fusionado,-,680,0,0.029976300
chroma,1,insert_fusionado,-,681,0,0.029970500
chroma,1,insert_fusionado,-,682,0,0.030949900
chroma,1,insert_fusionado,-,683,0,0.030812500
chroma,1,insert_fusionado,-,684,0,0.030494300
chroma,1,insert_fusionado,-,685,0,0.029611800
chroma,1,insert_fusionado,-,686,0,0.030953400
chroma,1,insert_fusionado,-,687,0,0.032645500
chroma,1,insert_fusionado,-,688,0,0.035312700
chroma,1,insert_fusionado,-,689,0,0.030336900
chroma,1,insert_fusionado,-,690,0,0.033366700
chroma,1,insert_fusionado,-,691,0,0.056038500
chroma,1,insert_fusionado,-,692,0,0.054885100
chroma,1,insert_fusionado,-,693,0,0.032736500
chroma,1,insert_fusionado,-,694,0,0.031045400
chroma,1,insert_fusionado,-,695,0,0.032434800
chroma,1,insert_fusionado,-,696,0,0.030333500
chroma,1,insert_fusionado,-,697,0,0.028950400
chroma,1,insert_fusionado,-,698,0,0.028938400
chroma,1,insert_fusionado,-,699,0,0.033304600
chroma,1,insert_fusionado,-,700,0,0.032530600
chroma,1,insert_fusionado,-,701,0,0.030728500
chroma,1,insert_fusionado,-,702,0,0.031042200
chroma,1,insert_fusionado,-,703,0,0.032392100
chroma,1,insert_fusionado,-,704,0,0.034868300
chroma,1,insert_fusionado,-,705,0,0.029987100
chroma,1,insert_fusionado,-,706,0,0.030588800
chroma,1,insert_fusionado,-,707,0,0.028577400
chroma,1,insert_fusionado,-,708,0,0.027784300
chroma,1,insert_fusionado,-,709,0,0.032059000
chroma,1,insert_fusionado,-,710,0,0.032527300
chroma,1,insert_fusionado,-,711,0,0.032366800
chroma,1,insert_fusionado,-,712,0,0.030643500
chroma,1,insert_fusionado,-,713,0,0.033292700
chroma,1,insert_fusionado,-,714,0,0.029456700
chroma,1,insert_fusionado,-,715,0,0.030798500
chroma,1,insert_fusionado,-,716,0,0.031266700
chroma,1,insert_fusionado,-,717,0,0.028271600
chroma,1,insert_fusionado,-,718,0,0.028981700
chroma,1,insert_fusionado,-,719,0,0.030559000
chroma,1,insert_fusionado,-,720,0,0.029450100
chroma,1,insert_fusionado,-,721,0,0.029601600
chroma,1,insert_fusionado,-,722,0,0.031429800
chroma,1,insert_fusionado,-,723,0,0.035577300
chroma,1,insert_fusionado,-,724,0,0.033354300
chroma,1,insert_fusionado,-,725,0,0.030080400
chroma,1,insert_fusionado,-,726,0,0.032211700
chroma,1,insert_fusionado,-,727,0,0.032586300
chroma,1,insert_fusionado,-,728,0,0.034371700
chroma,1,insert_fusionado,-,729,0,0.034872300
chroma,1,insert_fusionado,-,730,0,0.031503900
chroma,1,insert_fusionado,-,731,0,0.030681400
chroma,1,insert_fusionado,-,732,0,0.030099100
chroma,1,insert_fusionado,-,733,0,0.032733800
chroma,1,insert_fusionado,-,734,0,0.030541200
chroma,1,insert_fusionado,-,735,0,0.034933800
chroma,1,insert_fusionado,-,736,0,0.031237500
chroma,1,insert_fusionado,-,737,0,0.032289800
chroma,1,insert_fusionado,-,738,0,0.035447200
chroma,1,insert_fusionado,-,739,0,0.030218800
chroma,1,insert_fusionado,-,740,0,0.033317900
chroma,1,insert_fusionado,-,741,0,0.030196500
chroma,1,insert_fusionado,-,742,0,0.030259200
chroma,1,insert_fusionado,-,743,0,0.031016800
chroma,1,insert_fusionado,-,744,0,0.030169900
chroma,1,insert_fusionado,-,745,0,0.029439900
chroma,1,insert_fusionado,-,746,0,0.031804700
chroma,1,insert_fusionado,-,747,0,0.033916700
chroma,1,insert_fusionado,-,748,0,0.032056200
chroma,1,insert_fusionado,-,749,0,0.032464400
chroma,1,insert_fusionado,-,750,0,0.029927700
chroma,1,insert_fusionado,-,751,0,0.032989400
chroma,1,insert_fusionado,-,752,0,0.034954800
chroma,1,insert_fusionado,-,753,0,0.032021600
chroma,1,insert_fusionado,-,754,0,0.032818500
chroma,1,insert_fusionado,-,755,0,0.028482500
chroma,1,insert_fusionado,-,756,0,0.031566100
chroma,1,insert_fusionado,-,757,0,0.032577400
chroma,1,insert_fusionado,-,758,0,0.033178200
chroma,1,insert_fusionado,-,759,0,0.035359100
chroma,1,insert_fusionado,-,760,0,0.031422100
chroma,1,insert_fusionado,-,761,0,0.034535800
chroma,1,insert_fusionado,-,762,0,0.031760200
chroma,1,insert_fusionado,-,763,0,0.031506000
chroma,1,insert_fusionado,-,764,0,0.032097300
chroma,1,insert_fusionado,-,765,0,0.030166600
chroma,1,insert_fusionado,-,766,0,0.031852600
chroma,1,insert_fusionado,-,767,0,0.033313100
chroma,1,insert_fusionado,-,768,0,0.030745300
chroma,1,insert_fusionado,-,769,0,0.032554000
chroma,1,insert_fusionado,-,770,0,0.033332400
chroma,1,insert_fusionado,-,771,0,0.031818800
chroma,1,insert_fusionado,-,772,0,0.031719500
chroma,1,insert_fusionado,-,773,0,0.028861600
chroma,1,insert_fusionado,-,774,0,0.030488400
chroma,1,insert_fusionado,-,775,0,0.032829600
chroma,1,insert_fusionado,-,776,0,0.030656100
chroma,1,insert_fusionado,-,777,0,0.034324900
chroma,1,insert_fusionado,-,778,0,0.033328400
chroma,1,insert_fusionado,-,779,0,0.032622400
chroma,1,insert_fusionado,-,780,0,0.032953100
chroma,1,insert_fusionado,-,781,0,0.032750100
chroma,1,insert_fusionado,-,782,0,0.034118000
chroma,1,insert_fusionado,-,783,0,0.034056900
chroma,1,insert_fusionado,-,784,0,0.035531600
chroma,1,insert_fusionado,-,785,0,0.032473000
chroma,1,insert_fusionado,-,786,0,0.029954500
chroma,1,insert_fusionado,-,787,0,0.036060600
chroma,1,insert_fusionado,-,788,0,0.033196100
chroma,1,insert_fusionado,-,789,0,0.034618200
chroma,1,insert_fusionado,-,790,0,0.032598200
chroma,1,insert_fusionado,-,791,0,0.033384400
chroma,1,insert_fusionado,-,792,0,0.034447500
chroma,1,insert_fusionado,-,793,0,0.034432900
chroma,1,insert_fusionado,-,794,0,0.032965900
chroma,1,insert_fusionado,-,795,0,0.033459500
chroma,1,insert_fusionado,-,796,0,0.034510000
chroma,1,insert_fusionado,-,797,0,0.031722800
chroma,1,insert_fusionado,-,798,0,0.033244700
chroma,1,insert_fusionado,-,799,0,0.034091000
chroma,1,insert_fusionado,-,800,0,0.034415600
chroma,1,insert_fusionado,-,801,0,0.030769600
chroma,1,insert_fusionado,-,802,0,0.032427000
chroma,1,insert_fusionado,-,803,0,0.032080600
chroma,1,insert_fusionado,-,804,0,0.031969000
chroma,1,insert_fusionado,-,805,0,0.035209300
chroma,1,insert_fusionado,-,806,0,0.033119400
chroma,1,insert_fusionado,-,807,0,0.035524600
chroma,1,insert_fusionado,-,808,0,0.031245900
chroma,1,insert_fusionado,-,809,0,0.031025200
chroma,1,insert_fusionado,-,810,0,0.031880100
chroma,1,insert_fusionado,-,811,0,0.031994200
chroma,1,insert_fusionado,-,812,0,0.033235600
chroma,1,insert_fusionado,-,813,0,0.030103600
chroma,1,insert_fusionado,-,814,0,0.033482400
chroma,1,insert_fusionado,-,815,0,0.034254900
chroma,1,insert_fusionado,-,816,0,0.036482400
chroma,1,insert_fusionado,-,817,0,0.031262800
chroma,1,insert_fusionado,-,818,0,0.037287400
chroma,1,insert_fusionado,-,819,0,0.028860400
chroma,1,insert_fusionado,-,820,0,0.034848200
chroma,1,insert_fusionado,-,821,0,0.030016600
chroma,1,insert_fusionado,-,822,0,0.035260100
chroma,1,insert_fusionado,-,823,0,0.032568300
chroma,1,insert_fusionado,-,824,0,0.036981800
chroma,1,insert_fusionado,-,825,0,0.032528900
chroma,1,insert_fusionado,-,826,0,0.032250500
chroma,1,insert_fusionado,-,827,0,0.034006000
chroma,1,insert_fusionado,-,828,0,0.030972500
chroma,1,insert_fusionado,-,829,0,0.032516000
chroma,1,insert_fusionado,-,830,0,0.032715300
chroma,1,insert_fusionado,-,831,0,0.033018800
chroma,1,insert_fusionado,-,832,0,0.030572800
chroma,1,insert_fusionado,-,833,0,0.034972600
chroma,1,insert_fusionado,-,834,0,0.035523600
chroma,1,insert_fusionado,-,835,0,0.033232000
chroma,1,insert_fusionado,-,836,0,0.043119200
chroma,1,insert_fusionado,-,837,0,0.029858300
chroma,1,insert_fusionado,-,838,0,0.030945100
chroma,1,insert_fusionado,-,839,0,0.029341700
chroma,1,insert_fusionado,-,840,0,0.033141100
chroma,1,insert_fusionado,-,841,0,0.032825900
chroma,1,insert_fusionado,-,842,0,0.031137400
chroma,1,insert_fusionado,-,843,0,0.029542100
chroma,1,insert_fusionado,-,844,0,0.033069300
chroma,1,insert_fusionado,-,845,0,0.032823200
chroma,1,insert_fusionado,-,846,0,0.033335400
chroma,1,insert_fusionado,-,847,0,0.038074200
chroma,1,insert_fusionado,-,848,0,0.032835300
chroma,1,insert_fusionado,-,849,0,0.031929500
chroma,1,insert_fusionado,-,850,0,0.037973100
chroma,1,insert_fusionado,-,851,0,0.032540700
chroma,1,insert_fusionado,-,852,0,0.035080000
chroma,1,insert_fusionado,-,853,0,0.033223100
chroma,1,insert_fusionado,-,854,0,0.034052100
chroma,1,insert_fusionado,-,855,0,0.031963400
chroma,1,insert_fusionado,-,856,0,0.030248800
chroma,1,insert_fusionado,-,857,0,0.031568800
chroma,1,insert_fusionado,-,858,0,0.034307500
chroma,1,insert_fusionado,-,859,0,0.031854000
chroma,1,insert_fusionado,-,860,0,0.032527700
chroma,1,insert_fusionado,-,861,0,0.030211800
chroma,1,insert_fusionado,-,862,0,0.032371200
chroma,1,insert_fusionado,-,863,0,0.030302600
chroma,1,insert_fusionado,-,864,0,0.033981800
chroma,1,insert_fusionado,-,865,0,0.032504000
chroma,1,insert_fusionado,-,866,0,0.032009400
chroma,1,insert_fusionado,-,867,0,0.033685300
chroma,1,insert_fusionado,-,868,0,0.033630500
chroma,1,insert_fusionado,-,869,0,0.034362400
chroma,1,insert_fusionado,-,870,0,0.032247600
chroma,1,insert_fusionado,-,871,0,0.032617600
chroma,1,insert_fusionado,-,872,0,0.032635200
chroma,1,insert_fusionado,-,873,0,0.032387800
chroma,1,insert_fusionado,-,874,0,0.031351800
chroma,1,insert_fusionado,-,875,0,0.035991000
chroma,1,insert_fusionado,-,876,0,0.032555100
chroma,1,insert_fusionado,-,877,0,0.036099500
chroma,1,insert_fusionado,-,878,0,0.036164800
chroma,1,insert_fusionado,-,879,0,0.034942800
chroma,1,insert_fusionado,-,880,0,0.034247200
chroma,1,insert_fusionado,-,881,0,0.034444000
chroma,1,insert_fusionado,-,882,0,0.036083600
chroma,1,insert_fusionado,-,883,0,0.034196700
chroma,1,insert_fusionado,-,884,0,0.031778500
chroma,1,insert_fusionado,-,885,0,0.036526900
chroma,1,insert_fusionado,-,886,0,0.030426000
chroma,1,insert_fusionado,-,887,0,0.034227700
chroma,1,insert_fusionado,-,888,0,0.034440600
chroma,1,insert_fusionado,-,889,0,0.036873100
chroma,1,insert_fusionado,-,890,0,0.033408100
chroma,1,insert_fusionado,-,891,0,0.031577400
chroma,1,insert_fusionado,-,892,0,0.033280900
chroma,1,insert_fusionado,-,893,0,0.032027500
chroma,1,insert_fusionado,-,894,0,0.032044700
chroma,1,insert_fusionado,-,895,0,0.034187800
chroma,1,insert_fusionado,-,896,0,0.034001300
chroma,1,insert_fusionado,-,897,0,0.037648000
chroma,1,insert_fusionado,-,898,0,0.032601000
chroma,1,insert_fusionado,-,899,0,0.034196700
chroma,1,insert_fusionado,-,900,0,0.034398500
chroma,1,insert_fusionado,-,901,0,0.030882800
chroma,1,insert_fusionado,-,902,0,0.030969800
chroma,1,insert_fusionado,-,903,0,0.032176000
chroma,1,insert_fusionado,-,904,0,0.030861400
chroma,1,insert_fusionado,-,905,0,0.030279800
chroma,1,insert_fusionado,-,906,0,0.032148300
chroma,1,insert_fusionado,-,907,0,0.035189600
chroma,1,insert_fusionado,-,908,0,0.036203600
chroma,1,insert_fusionado,-,909,0,0.037264600
chroma,1,insert_fusionado,-,910,0,0.032032600
chroma,1,insert_fusionado,-,911,0,0.036958000
chroma,1,insert_fusionado,-,912,0,0.031986000
chroma,1,insert_fusionado,-,913,0,0.033791500
chroma,1,insert_fusionado,-,914,0,0.034828700
chroma,1,insert_fusionado,-,915,0,0.030537000
chroma,1,insert_fusionado,-,916,0,0.033095700
chroma,1,insert_fusionado,-,917,0,0.033973400
chroma,1,insert_fusionado,-,918,0,0.032779200
chroma,1,insert_fusionado,-,919,0,0.032044600
chroma,1,insert_fusionado,-,920,0,0.034815100
chroma,1,insert_fusionado,-,921,0,0.032028500
chroma,1,insert_fusionado,-,922,0,0.031106600
chroma,1,insert_fusionado,-,923,0,0.029607800
chroma,1,insert_fusionado,-,924,0,0.032971400
chroma,1,insert_fusionado,-,925,0,0.033558800
chroma,1,insert_fusionado,-,926,0,0.037254700
chroma,1,insert_fusionado,-,927,0,0.031793300
chroma,1,insert_fusionado,-,928,0,0.031921600
chroma,1,insert_fusionado,-,929,0,0.032025300
chroma,1,insert_fusionado,-,930,0,0.035497900
chroma,1,insert_fusionado,-,931,0,0.033537700
chroma,1,insert_fusionado,-,932,0,0.036643500
chroma,1,insert_fusionado,-,933,0,0.032956000
chroma,1,insert_fusionado,-,934,0,0.032176600
chroma,1,insert_fusionado,-,935,0,0.033226800
chroma,1,insert_fusionado,-,936,0,0.033669100
chroma,1,insert_fusionado,-,937,0,0.033735100
chroma,1,insert_fusionado,-,938,0,0.031711900
chroma,1,insert_fusionado,-,939,0,0.036877800
chroma,1,insert_fusionado,-,940,0,0.033244500
chroma,1,insert_fusionado,-,941,0,0.033249600
chroma,1,insert_fusionado,-,942,0,0.029876600
chroma,1,insert_fusionado,-,943,0,0.030333100
chroma,1,insert_fusionado,-,944,0,0.030952300
chroma,1,insert_fusionado,-,945,0,0.032890500
chroma,1,insert_fusionado,-,946,0,0.033357800
chroma,1,insert_fusionado,-,947,0,0.035115700
chroma,1,insert_fusionado,-,948,0,0.032476500
chroma,1,insert_fusionado,-,949,0,0.033969400
chroma,1,insert_fusionado,-,950,0,0.035233700
chroma,1,insert_fusionado,-,951,0,0.034913200
chroma,1,insert_fusionado,-,952,0,0.034315300
chroma,1,insert_fusionado,-,953,0,0.034540000
chroma,1,insert_fusionado,-,954,0,0.030322300
chroma,1,insert_fusionado,-,955,0,0.032880300
chroma,1,insert_fusionado,-,956,0,0.033964100
chroma,1,insert_fusionado,-,957,0,0.032081400
chroma,1,insert_fusionado,-,958,0,0.034486200
chroma,1,insert_fusionado,-,959,0,0.034268400
chroma,1,insert_fusionado,-,960,0,0.032833800
chroma,1,insert_fusionado,-,961,0,0.032243000
chroma,1,insert_fusionado,-,962,0,0.032144100
chroma,1,insert_fusionado,-,963,0,0.031625800
chroma,1,insert_fusionado,-,964,0,0.033078300
chroma,1,insert_fusionado,-,965,0,0.033792000
chroma,1,insert_fusionado,-,966,0,0.032929200
chroma,1,insert_fusionado,-,967,0,0.033732000
chroma,1,insert_fusionado,-,968,0,0.030583800
chroma,1,insert_fusionado,-,969,0,0.034898200
chroma,1,insert_fusionado,-,970,0,0.033987600
chroma,1,insert_fusionado,-,971,0,0.034462100
chroma,1,insert_fusionado,-,972,0,0.032151800
chroma,1,insert_fusionado,-,973,0,0.033131500
chroma,1,insert_fusionado,-,974,0,0.034999500
chroma,1,insert_fusionado,-,975,0,0.038765200
chroma,1,insert_fusionado,-,976,0,0.034158800
chroma,1,insert_fusionado,-,977,0,0.036115400
chroma,1,insert_fusionado,-,978,0,0.032946300
chroma,1,insert_fusionado,-,979,0,0.034548300
chroma,1,insert_fusionado,-,980,0,0.038527900
chroma,1,insert_fusionado,-,981,0,0.034119900
chroma,1,insert_fusionado,-,982,0,0.033664000
chroma,1,insert_fusionado,-,983,0,0.037444100
chroma,1,insert_fusionado,-,984,0,0.036255500
chroma,1,insert_fusionado,-,985,0,0.041153700
chroma,1,insert_fusionado,-,986,0,0.037124900
chroma,1,insert_fusionado,-,987,0,0.034963400
chroma,1,insert_fusionado,-,988,0,0.035682700
chroma,1,insert_fusionado,-,989,0,0.033401800
chroma,1,insert_fusionado,-,990,0,0.033668100
chroma,1,insert_fusionado,-,991,0,0.037694400
chroma,1,insert_fusionado,-,992,0,0.033452800
chroma,1,insert_fusionado,-,993,0,0.033774000
chroma,1,insert_fusionado,-,994,0,0.032273900
chroma,1,insert_fusionado,-,995,0,0.034987600
chroma,1,insert_fusionado,-,996,0,0.039385400
chroma,1,insert_fusionado,-,997,0,0.041010800
chroma,1,insert_fusionado,-,998,0,0.039173200
chroma,1,insert_fusionado,-,999,0,0.058128100
chroma,1,insert_fusionado,-,1000,0,0.025612600
chroma,1,insert_fusionado,-,1001,0,0.026366700
chroma,1,insert_fusionado,-,1002,0,0.025846200
chroma,1,insert_fusionado,-,1003,0,0.036840700
chroma,1,insert_fusionado,-,1004,0,0.027401900
chroma,1,insert_fusionado,-,1005,0,0.028166200
chroma,1,insert_fusionado,-,1006,0,0.028796300
chroma,1,insert_fusionado,-,1007,0,0.026816100
chroma,1,insert_fusionado,-,1008,0,0.027230200
chroma,1,insert_fusionado,-,1009,0,0.025689500
chroma,1,insert_fusionado,-,1010,0,0.025968200
chroma,1,insert_fusionado,-,1011,0,0.023970600
chroma,1,insert_fusionado,-,1012,0,0.025383500
chroma,1,insert_fusionado,-,1013,0,0.026293600
chroma,1,insert_fusionado,-,1014,0,0.025461100
chroma,1,insert_fusionado,-,1015,0,0.026485400
chroma,1,insert_fusionado,-,1016,0,0.025819100
chroma,1,insert_fusionado,-,1017,0,0.024195500
chroma,1,insert_fusionado,-,1018,0,0.023991700
chroma,1,insert_fusionado,-,1019,0,0.024118300
chroma,1,insert_fusionado,-,1020,0,0.025298900
chroma,1,insert_fusionado,-,1021,0,0.027157400
chroma,1,insert_fusionado,-,1022,0,0.027992200
chroma,1,insert_fusionado,-,1023,0,0.034355100
chroma,1,insert_fusionado,-,1024,0,0.024689100
chroma,1,insert_fusionado,-,1025,0,0.025186700
chroma,1,insert_fusionado,-,1026,0,0.025779900
chroma,1,insert_fusionado,-,1027,0,0.022738400
chroma,1,insert_fusionado,-,1028,0,0.025826900
chroma,1,insert_fusionado,-,1029,0,0.025084200
chroma,1,insert_fusionado,-,1030,0,0.024447600
chroma,1,insert_fusionado,-,1031,0,0.030091400
chroma,1,insert_fusionado,-,1032,0,0.028280700
chroma,1,insert_fusionado,-,1033,0,0.027367100
chroma,1,insert_fusionado,-,1034,0,0.028831700
chroma,1,insert_fusionado,-,1035,0,0.023959300
chroma,1,insert_fusionado,-,1036,0,0.024189700
chroma,1,insert_fusionado,-,1037,0,0.025366900
chroma,1,insert_fusionado,-,1038,0,0.025424200
chroma,1,insert_fusionado,-,1039,0,0.025563700
chroma,1,insert_fusionado,-,1040,0,0.025316500
chroma,1,insert_fusionado,-,1041,0,0.031419800
chroma,1,insert_fusionado,-,1042,0,0.026365700
chroma,1,insert_fusionado,-,1043,0,0.023827800
chroma,1,insert_fusionado,-,1044,0,0.028960500
chroma,1,insert_fusionado,-,1045,0,0.027439000
chroma,1,insert_fusionado,-,1046,0,0.025957400
chroma,1,insert_fusionado,-,1047,0,0.026020300
chroma,1,insert_fusionado,-,1048,0,0.026190500
chroma,1,insert_fusionado,-,1049,0,0.025752100
chroma,1,insert_fusionado,-,1050,0,0.025264200
chroma,1,insert_fusionado,-,1051,0,0.025863100
chroma,1,insert_fusionado,-,1052,0,0.029161200
chroma,1,insert_fusionado,-,1053,0,0.028321700
chroma,1,insert_fusionado,-,1054,0,0.027131000
chroma,1,insert_fusionado,-,1055,0,0.024098100
chroma,1,insert_fusionado,-,1056,0,0.024979600
chroma,1,insert_fusionado,-,1057,0,0.026404000
chroma,1,insert_fusionado,-,1058,0,0.024486500
chroma,1,insert_fusionado,-,1059,0,0.026245700
chroma,1,insert_fusionado,-,1060,0,0.026475100
chroma,1,insert_fusionado,-,1061,0,0.028920200
chroma,1,insert_fusionado,-,1062,0,0.025273300
chroma,1,insert_fusionado,-,1063,0,0.045035500
chroma,1,insert_fusionado,-,1064,0,0.025080100
chroma,1,insert_fusionado,-,1065,0,0.027908100
chroma,1,insert_fusionado,-,1066,0,0.023582700
chroma,1,insert_fusionado,-,1067,0,0.025229000
chroma,1,insert_fusionado,-,1068,0,0.027807700
chroma,1,insert_fusionado,-,1069,0,0.025541600
chroma,1,insert_fusionado,-,1070,0,0.027198600
chroma,1,insert_fusionado,-,1071,0,0.026659400
chroma,1,insert_fusionado,-,1072,0,0.024756000
chroma,1,insert_fusionado,-,1073,0,0.026132400
chroma,1,insert_fusionado,-,1074,0,0.026669900
chroma,1,insert_fusionado,-,1075,0,0.026048400
chroma,1,insert_fusionado,-,1076,0,0.028647000
chroma,1,insert_fusionado,-,1077,0,0.024713800
chroma,1,insert_fusionado,-,1078,0,0.026030500
chroma,1,insert_fusionado,-,1079,0,0.025638400
chroma,1,insert_fusionado,-,1080,0,0.025117000
chroma,1,insert_fusionado,-,1081,0,0.026931600
chroma,1,insert_fusionado,-,1082,0,0.023956600
chroma,1,insert_fusionado,-,1083,0,0.030814400
chroma,1,insert_fusionado,-,1084,0,0.025479300
chroma,1,insert_fusionado,-,1085,0,0.026539700
chroma,1,insert_fusionado,-,1086,0,0.025285900
chroma,1,insert_fusionado,-,1087,0,0.029921300
chroma,1,insert_fusionado,-,1088,0,0.029173600
chroma,1,insert_fusionado,-,1089,0,0.027287500
chroma,1,insert_fusionado,-,1090,0,0.030747000
chroma,1,insert_fusionado,-,1091,0,0.025964100
chroma,1,insert_fusionado,-,1092,0,0.026051100
chroma,1,insert_fusionado,-,1093,0,0.027371400
chroma,1,insert_fusionado,-,1094,0,0.027504400
chroma,1,insert_fusionado,-,1095,0,0.025075500
chroma,1,insert_fusionado,-,1096,0,0.032158400
chroma,1,insert_fusionado,-,1097,0,0.028369300
chroma,1,insert_fusionado,-,1098,0,0.026477900
chroma,1,insert_fusionado,-,1099,0,0.026727600
chroma,1,insert_fusionado,-,1100,0,0.028627600
chroma,1,insert_fusionado,-,1101,0,0.026699500
chroma,1,insert_fusionado,-,1102,0,0.026427800
chroma,1,insert_fusionado,-,1103,0,0.027619000
chroma,1,insert_fusionado,-,1104,0,0.030121200
chroma,1,insert_fusionado,-,1105,0,0.028255400
chroma,1,insert_fusionado,-,1106,0,0.030927800
chroma,1,insert_fusionado,-,1107,0,0.025401100
chroma,1,insert_fusionado,-,1108,0,0.029127300
chroma,1,insert_fusionado,-,1109,0,0.030392800
chroma,1,insert_fusionado,-,1110,0,0.029346000
chroma,1,insert_fusionado,-,1111,0,0.027651800
chroma,1,insert_fusionado,-,1112,0,0.028755300
chroma,1,insert_fusionado,-,1113,0,0.026309800
chroma,1,insert_fusionado,-,1114,0,0.027695200
chroma,1,insert_fusionado,-,1115,0,0.025687200
chroma,1,insert_fusionado,-,1116,0,0.027552500
chroma,1,insert_fusionado,-,1117,0,0.025560300
chroma,1,insert_fusionado,-,1118,0,0.026652000
chroma,1,insert_fusionado,-,1119,0,0.028725900
chroma,1,insert_fusionado,-,1120,0,0.026108700
chroma,1,insert_fusionado,-,1121,0,0.033267500
chroma,1,insert_fusionado,-,1122,0,0.028425300
chroma,1,insert_fusionado,-,1123,0,0.026281900
chroma,1,insert_fusionado,-,1124,0,0.029175400
chroma,1,insert_fusionado,-,1125,0,0.025644000
chroma,1,insert_fusionado,-,1126,0,0.027478900
chroma,1,insert_fusionado,-,1127,0,0.025583900
chroma,1,insert_fusionado,-,1128,0,0.027622700
chroma,1,insert_fusionado,-,1129,0,0.025033200
chroma,1,insert_fusionado,-,1130,0,0.027958500
chroma,1,insert_fusionado,-,1131,0,0.026333700
chroma,1,insert_fusionado,-,1132,0,0.026422400
chroma,1,insert_fusionado,-,1133,0,0.029676100
chroma,1,insert_fusionado,-,1134,0,0.028874200
chroma,1,insert_fusionado,-,1135,0,0.026324300
chroma,1,insert_fusionado,-,1136,0,0.027357200
chroma,1,insert_fusionado,-,1137,0,0.030436200
chroma,1,insert_fusionado,-,1138,0,0.033093100
chroma,1,insert_fusionado,-,1139,0,0.027538400
chroma,1,insert_fusionado,-,1140,0,0.026694900
chroma,1,insert_fusionado,-,1141,0,0.026964500
chroma,1,insert_fusionado,-,1142,0,0.077137000
chroma,1,insert_fusionado,-,1143,0,0.027961600
chroma,1,insert_fusionado,-,1144,0,0.028503400
chroma,1,insert_fusionado,-,1145,0,0.028759500
chroma,1,insert_fusionado,-,1146,0,0.028905400
chroma,1,insert_fusionado,-,1147,0,0.028487100
chroma,1,insert_fusionado,-,1148,0,0.027087900
chroma,1,insert_fusionado,-,1149,0,0.026881100
chroma,1,insert_fusionado,-,1150,0,0.031842400
chroma,1,insert_fusionado,-,1151,0,0.030053400
chroma,1,insert_fusionado,-,1152,0,0.025730500
chroma,1,insert_fusionado,-,1153,0,0.023064700
chroma,1,insert_fusionado,-,1154,0,0.027529100
chroma,1,insert_fusionado,-,1155,0,0.027999800
chroma,1,insert_fusionado,-,1156,0,0.026720300
chroma,1,insert_fusionado,-,1157,0,0.026760900
chroma,1,insert_fusionado,-,1158,0,0.026530000
chroma,1,insert_fusionado,-,1159,0,0.029650900
chroma,1,insert_fusionado,-,1160,0,0.029036500
chroma,1,insert_fusionado,-,1161,0,0.026833100
chroma,1,insert_fusionado,-,1162,0,0.025055200
chroma,1,insert_fusionado,-,1163,0,0.026603800
chroma,1,insert_fusionado,-,1164,0,0.026277400
chroma,1,insert_fusionado,-,1165,0,0.026503300
chroma,1,insert_fusionado,-,1166,0,0.024574800
chroma,1,insert_fusionado,-,1167,0,0.026342400
chroma,1,insert_fusionado,-,1168,0,0.028923300
chroma,1,insert_fusionado,-,1169,0,0.030814100
chroma,1,insert_fusionado,-,1170,0,0.027468700
chroma,1,insert_fusionado,-,1171,0,0.027465300
chroma,1,insert_fusionado,-,1172,0,0.028735300
chroma,1,insert_fusionado,-,1173,0,0.029074200
chroma,1,insert_fusionado,-,1174,0,0.028652900
chroma,1,insert_fusionado,-,1175,0,0.096456000
chroma,1,insert_fusionado,-,1176,0,0.027228200
chroma,1,insert_fusionado,-,1177,0,0.025885800
chroma,1,insert_fusionado,-,1178,0,0.025713500
chroma,1,insert_fusionado,-,1179,0,0.026308900
chroma,1,insert_fusionado,-,1180,0,0.025825200
chroma,1,insert_fusionado,-,1181,0,0.027118800
chroma,1,insert_fusionado,-,1182,0,0.027215500
chroma,1,insert_fusionado,-,1183,0,0.026580800
chroma,1,insert_fusionado,-,1184,0,0.026871000
chroma,1,insert_fusionado,-,1185,0,0.025577700
chroma,1,insert_fusionado,-,1186,0,0.026186400
chroma,1,insert_fusionado,-,1187,0,0.026782300
chroma,1,insert_fusionado,-,1188,0,0.029882500
chroma,1,insert_fusionado,-,1189,0,0.026825700
chroma,1,insert_fusionado,-,1190,0,0.025765900
chroma,1,insert_fusionado,-,1191,0,0.028560800
chroma,1,insert_fusionado,-,1192,0,0.025406000
chroma,1,insert_fusionado,-,1193,0,0.027556000
chroma,1,insert_fusionado,-,1194,0,0.027480100
chroma,1,insert_fusionado,-,1195,0,0.029394300
chroma,1,insert_fusionado,-,1196,0,0.030525300
chroma,1,insert_fusionado,-,1197,0,0.028559400
chroma,1,insert_fusionado,-,1198,0,0.026179300
chroma,1,insert_fusionado,-,1199,0,0.027172200
chroma,1,insert_fusionado,-,1200,0,0.025854100
chroma,1,insert_fusionado,-,1201,0,0.024427700
chroma,1,insert_fusionado,-,1202,0,0.025880300
chroma,1,insert_fusionado,-,1203,0,0.026377700
chroma,1,insert_fusionado,-,1204,0,0.027333900
chroma,1,insert_fusionado,-,1205,0,0.026104000
chroma,1,insert_fusionado,-,1206,0,0.026582800
chroma,1,insert_fusionado,-,1207,0,0.027608500
chroma,1,insert_fusionado,-,1208,0,0.029806700
chroma,1,insert_fusionado,-,1209,0,0.029442400
chroma,1,insert_fusionado,-,1210,0,0.026655400
chroma,1,insert_fusionado,-,1211,0,0.025642800
chroma,1,insert_fusionado,-,1212,0,0.027069700
chroma,1,insert_fusionado,-,1213,0,0.029106000
chroma,1,insert_fusionado,-,1214,0,0.027993900
chroma,1,insert_fusionado,-,1215,0,0.034392400
chroma,1,insert_fusionado,-,1216,0,0.026747200
chroma,1,insert_fusionado,-,1217,0,0.027129800
chroma,1,insert_fusionado,-,1218,0,0.026305400
chroma,1,insert_fusionado,-,1219,0,0.029200100
chroma,1,insert_fusionado,-,1220,0,0.029736300
chroma,1,insert_fusionado,-,1221,0,0.026608500
chroma,1,insert_fusionado,-,1222,0,0.026984000
chroma,1,insert_fusionado,-,1223,0,0.026045400
chroma,1,insert_fusionado,-,1224,0,0.028813100
chroma,1,insert_fusionado,-,1225,0,0.027062600
chroma,1,insert_fusionado,-,1226,0,0.026396400
chroma,1,insert_fusionado,-,1227,0,0.027181000
chroma,1,insert_fusionado,-,1228,0,0.028704600
chroma,1,insert_fusionado,-,1229,0,0.028938600
chroma,1,insert_fusionado,-,1230,0,0.026504800
chroma,1,insert_fusionado,-,1231,0,0.027337600
chroma,1,insert_fusionado,-,1232,0,0.032832600
chroma,1,insert_fusionado,-,1233,0,0.029876100
chroma,1,insert_fusionado,-,1234,0,0.031385000
chroma,1,insert_fusionado,-,1235,0,0.029520200
chroma,1,insert_fusionado,-,1236,0,0.033706600
chroma,1,insert_fusionado,-,1237,0,0.032246900
chroma,1,insert_fusionado,-,1238,0,0.027922400
chroma,1,insert_fusionado,-,1239,0,0.028501100
chroma,1,insert_fusionado,-,1240,0,0.027079400
chroma,1,insert_fusionado,-,1241,0,0.029614900
chroma,1,insert_fusionado,-,1242,0,0.026078100
chroma,1,insert_fusionado,-,1243,0,0.028314600
chroma,1,insert_fusionado,-,1244,0,0.029245800
chroma,1,insert_fusionado,-,1245,0,0.026633900
chroma,1,insert_fusionado,-,1246,0,0.026499200
chroma,1,insert_fusionado,-,1247,0,0.028744900
chroma,1,insert_fusionado,-,1248,0,0.028855800
chroma,1,insert_fusionado,-,1249,0,0.026560900
chroma,1,insert_fusionado,-,1250,0,0.027433300
chroma,1,insert_fusionado,-,1251,0,0.027785700
chroma,1,insert_fusionado,-,1252,0,0.026998200
chroma,1,insert_fusionado,-,1253,0,0.027377200
chroma,1,insert_fusionado,-,1254,0,0.025654500
chroma,1,insert_fusionado,-,1255,0,0.026449500
chroma,1,insert_fusionado,-,1256,0,0.031083300
chroma,1,insert_fusionado,-,1257,0,0.026267000
chroma,1,insert_fusionado,-,1258,0,0.025612500
chroma,1,insert_fusionado,-,1259,0,0.026459900
chroma,1,insert_fusionado,-,1260,0,0.026383900
chroma,1,insert_fusionado,-,1261,0,0.026874300
chroma,1,insert_fusionado,-,1262,0,0.027073500
chroma,1,insert_fusionado,-,1263,0,0.026408600
chroma,1,insert_fusionado,-,1264,0,0.026297100
chroma,1,insert_fusionado,-,1265,0,0.027514500
chroma,1,insert_fusionado,-,1266,0,0.026994200
chroma,1,insert_fusionado,-,1267,0,0.029096600
chroma,1,insert_fusionado,-,1268,0,0.027618300
chroma,1,insert_fusionado,-,1269,0,0.026580600
chroma,1,insert_fusionado,-,1270,0,0.029682000
chroma,1,insert_fusionado,-,1271,0,0.029363800
chroma,1,insert_fusionado,-,1272,0,0.027276700
chroma,1,insert_fusionado,-,1273,0,0.025581200
chroma,1,insert_fusionado,-,1274,0,0.026958700
chroma,1,insert_fusionado,-,1275,0,0.028145900
chroma,1,insert_fusionado,-,1276,0,0.028684100
chroma,1,insert_fusionado,-,1277,0,0.027186600
chroma,1,insert_fusionado,-,1278,0,0.028975600
chroma,1,insert_fusionado,-,1279,0,0.030440300
chroma,1,insert_fusionado,-,1280,0,0.029093600
chroma,1,insert_fusionado,-,1281,0,0.025572500
chroma,1,insert_fusionado,-,1282,0,0.025870100
chroma,1,insert_fusionado,-,1283,0,0.026727200
chroma,1,insert_fusionado,-,1284,0,0.026217100
chroma,1,insert_fusionado,-,1285,0,0.026376800
chroma,1,insert_fusionado,-,1286,0,0.029262600
chroma,1,insert_fusionado,-,1287,0,0.028118000
chroma,1,insert_fusionado,-,1288,0,0.029226400
chroma,1,insert_fusionado,-,1289,0,0.028230300
chroma,1,insert_fusionado,-,1290,0,0.025945900
chroma,1,insert_fusionado,-,1291,0,0.027714700
chroma,1,insert_fusionado,-,1292,0,0.028356200
chroma,1,insert_fusionado,-,1293,0,0.026937100
chroma,1,insert_fusionado,-,1294,0,0.026152100
chroma,1,insert_fusionado,-,1295,0,0.026499900
chroma,1,insert_fusionado,-,1296,0,0.026793900
chroma,1,insert_fusionado,-,1297,0,0.027998700
chroma,1,insert_fusionado,-,1298,0,0.025970800
chroma,1,insert_fusionado,-,1299,0,0.029402400
chroma,1,insert_fusionado,-,1300,0,0.027439600
chroma,1,insert_fusionado,-,1301,0,0.028100300
chroma,1,insert_fusionado,-,1302,0,0.028980800
chroma,1,insert_fusionado,-,1303,0,0.027601200
chroma,1,insert_fusionado,-,1304,0,0.027750700
chroma,1,insert_fusionado,-,1305,0,0.027963800
chroma,1,insert_fusionado,-,1306,0,0.027955300
chroma,1,insert_fusionado,-,1307,0,0.025733800
chroma,1,insert_fusionado,-,1308,0,0.026914800
chroma,1,insert_fusionado,-,1309,0,0.026349400
chroma,1,insert_fusionado,-,1310,0,0.025641700
chroma,1,insert_fusionado,-,1311,0,0.029061000
chroma,1,insert_fusionado,-,1312,0,0.027526700
chroma,1,insert_fusionado,-,1313,0,0.030806600
chroma,1,insert_fusionado,-,1314,0,0.027598900
chroma,1,insert_fusionado,-,1315,0,0.028785600
chroma,1,insert_fusionado,-,1316,0,0.028471500
chroma,1,insert_fusionado,-,1317,0,0.029321200
chroma,1,insert_fusionado,-,1318,0,0.029784800
chroma,1,insert_fusionado,-,1319,0,0.027328900
chroma,1,insert_fusionado,-,1320,0,0.026959200
chroma,1,insert_fusionado,-,1321,0,0.029826100
chroma,1,insert_fusionado,-,1322,0,0.027296900
chroma,1,insert_fusionado,-,1323,0,0.027058100
chroma,1,insert_fusionado,-,1324,0,0.027535900
chroma,1,insert_fusionado,-,1325,0,0.027134500
chroma,1,insert_fusionado,-,1326,0,0.029886100
chroma,1,insert_fusionado,-,1327,0,0.030415700
chroma,1,insert_fusionado,-,1328,0,0.029559700
chroma,1,insert_fusionado,-,1329,0,0.029685700
chroma,1,insert_fusionado,-,1330,0,0.028731200
chroma,1,insert_fusionado,-,1331,0,0.028024200
chroma,1,insert_fusionado,-,1332,0,0.027365500
chroma,1,insert_fusionado,-,1333,0,0.028534800
chroma,1,insert_fusionado,-,1334,0,0.026730200
chroma,1,insert_fusionado,-,1335,0,0.026922700
chroma,1,insert_fusionado,-,1336,0,0.027098900
chroma,1,insert_fusionado,-,1337,0,0.028366200
chroma,1,insert_fusionado,-,1338,0,0.027100500
chroma,1,insert_fusionado,-,1339,0,0.025750000
chroma,1,insert_fusionado,-,1340,0,0.027184000
chroma,1,insert_fusionado,-,1341,0,0.029986300
chroma,1,insert_fusionado,-,1342,0,0.028166400
chroma,1,insert_fusionado,-,1343,0,0.031757200
chroma,1,insert_fusionado,-,1344,0,0.028149100
chroma,1,insert_fusionado,-,1345,0,0.027914400
chroma,1,insert_fusionado,-,1346,0,0.029786300
chroma,1,insert_fusionado,-,1347,0,0.027286200
chroma,1,insert_fusionado,-,1348,0,0.028410500
chroma,1,insert_fusionado,-,1349,0,0.032376500
chroma,1,insert_fusionado,-,1350,0,0.031637800
chroma,1,insert_fusionado,-,1351,0,0.027778800
chroma,1,insert_fusionado,-,1352,0,0.032727200
chroma,1,insert_fusionado,-,1353,0,0.027022200
chroma,1,insert_fusionado,-,1354,0,0.028777400
chroma,1,insert_fusionado,-,1355,0,0.029843500
chroma,1,insert_fusionado,-,1356,0,0.028686000
chroma,1,insert_fusionado,-,1357,0,0.029424700
chroma,1,insert_fusionado,-,1358,0,0.028559200
chroma,1,insert_fusionado,-,1359,0,0.030681200
chroma,1,insert_fusionado,-,1360,0,0.032933900
chroma,1,insert_fusionado,-,1361,0,0.029128400
chroma,1,insert_fusionado,-,1362,0,0.028246200
chroma,1,insert_fusionado,-,1363,0,0.029204800
chroma,1,insert_fusionado,-,1364,0,0.026999700
chroma,1,insert_fusionado,-,1365,0,0.029103400
chroma,1,insert_fusionado,-,1366,0,0.029972000
chroma,1,insert_fusionado,-,1367,0,0.030191000
chroma,1,insert_fusionado,-,1368,0,0.027666400
chroma,1,insert_fusionado,-,1369,0,0.029013900
chroma,1,insert_fusionado,-,1370,0,0.027648500
chroma,1,insert_fusionado,-,1371,0,0.029500400
chroma,1,insert_fusionado,-,1372,0,0.028609800
chroma,1,insert_fusionado,-,1373,0,0.028771900
chroma,1,insert_fusionado,-,1374,0,0.031306900
chroma,1,insert_fusionado,-,1375,0,0.031271600
chroma,1,insert_fusionado,-,1376,0,0.027883700
chroma,1,insert_fusionado,-,1377,0,0.029132900
chroma,1,insert_fusionado,-,1378,0,0.030677200
chroma,1,insert_fusionado,-,1379,0,0.028792700
chroma,1,insert_fusionado,-,1380,0,0.028245100
chroma,1,insert_fusionado,-,1381,0,0.029145800
chroma,1,insert_fusionado,-,1382,0,0.045249700
chroma,1,insert_fusionado,-,1383,0,0.028325700
chroma,1,insert_fusionado,-,1384,0,0.030621500
chroma,1,insert_fusionado,-,1385,0,0.027526100
chroma,1,insert_fusionado,-,1386,0,0.027819000
chroma,1,insert_fusionado,-,1387,0,0.029707300
chroma,1,insert_fusionado,-,1388,0,0.028866100
chroma,1,insert_fusionado,-,1389,0,0.034509300
chroma,1,insert_fusionado,-,1390,0,0.032182400
chroma,1,insert_fusionado,-,1391,0,0.033195900
chroma,1,insert_fusionado,-,1392,0,0.031881500
chroma,1,insert_fusionado,-,1393,0,0.030068300
chroma,1,insert_fusionado,-,1394,0,0.028795000
chroma,1,insert_fusionado,-,1395,0,0.028446000
chroma,1,insert_fusionado,-,1396,0,0.030082700
chroma,1,insert_fusionado,-,1397,0,0.027153500
chroma,1,insert_fusionado,-,1398,0,0.028955400
chroma,1,insert_fusionado,-,1399,0,0.027883300
chroma,1,insert_fusionado,-,1400,0,0.029007500
chroma,1,insert_fusionado,-,1401,0,0.032058300
chroma,1,insert_fusionado,-,1402,0,0.030614800
chroma,1,insert_fusionado,-,1403,0,0.028776800
chroma,1,insert_fusionado,-,1404,0,0.027656100
chroma,1,insert_fusionado,-,1405,0,0.030103800
chroma,1,insert_fusionado,-,1406,0,0.029118100
chroma,1,insert_fusionado,-,1407,0,0.032480300
chroma,1,insert_fusionado,-,1408,0,0.030287200
chroma,1,insert_fusionado,-,1409,0,0.030671300
chroma,1,insert_fusionado,-,1410,0,0.031211100
chroma,1,insert_fusionado,-,1411,0,0.027907200
chroma,1,insert_fusionado,-,1412,0,0.031691100
chroma,1,insert_fusionado,-,1413,0,0.029019400
chroma,1,insert_fusionado,-,1414,0,0.031523100
chroma,1,insert_fusionado,-,1415,0,0.029431400
chroma,1,insert_fusionado,-,1416,0,0.026742000
chroma,1,insert_fusionado,-,1417,0,0.027171000
chroma,1,insert_fusionado,-,1418,0,0.033037200
chroma,1,insert_fusionado,-,1419,0,0.028042100
chroma,1,insert_fusionado,-,1420,0,0.031731800
chroma,1,insert_fusionado,-,1421,0,0.029015700
chroma,1,insert_fusionado,-,1422,0,0.028785600
chroma,1,insert_fusionado,-,1423,0,0.028434600
chroma,1,insert_fusionado,-,1424,0,0.028775000
chroma,1,insert_fusionado,-,1425,0,0.029349800
chroma,1,insert_fusionado,-,1426,0,0.031481000
chroma,1,insert_fusionado,-,1427,0,0.031154400
chroma,1,insert_fusionado,-,1428,0,0.030924400
chroma,1,insert_fusionado,-,1429,0,0.028902200
chroma,1,insert_fusionado,-,1430,0,0.031806300
chroma,1,insert_fusionado,-,1431,0,0.030794100
chroma,1,insert_fusionado,-,1432,0,0.029323400
chroma,1,insert_fusionado,-,1433,0,0.028040400
chroma,1,insert_fusionado,-,1434,0,0.030204800
chroma,1,insert_fusionado,-,1435,0,0.029120400
chroma,1,insert_fusionado,-,1436,0,0.031205500
chroma,1,insert_fusionado,-,1437,0,0.032267600
chroma,1,insert_fusionado,-,1438,0,0.030367200
chroma,1,insert_fusionado,-,1439,0,0.029201800
chroma,1,insert_fusionado,-,1440,0,0.029306300
chroma,1,insert_fusionado,-,1441,0,0.028906700
chroma,1,insert_fusionado,-,1442,0,0.033562800
chroma,1,insert_fusionado,-,1443,0,0.031822300
chroma,1,insert_fusionado,-,1444,0,0.029701400
chroma,1,insert_fusionado,-,1445,0,0.031725600
chroma,1,insert_fusionado,-,1446,0,0.029230000
chroma,1,insert_fusionado,-,1447,0,0.030099100
chroma,1,insert_fusionado,-,1448,0,0.030097900
chroma,1,insert_fusionado,-,1449,0,0.030524400
chroma,1,insert_fusionado,-,1450,0,0.031277100
chroma,1,insert_fusionado,-,1451,0,0.029973100
chroma,1,insert_fusionado,-,1452,0,0.028190400
chroma,1,insert_fusionado,-,1453,0,0.029543600
chroma,1,insert_fusionado,-,1454,0,0.026536200
chroma,1,insert_fusionado,-,1455,0,0.028378600
chroma,1,insert_fusionado,-,1456,0,0.030096600
chroma,1,insert_fusionado,-,1457,0,0.034671200
chroma,1,insert_fusionado,-,1458,0,0.029231500
chroma,1,insert_fusionado,-,1459,0,0.033014600
chroma,1,insert_fusionado,-,1460,0,0.031335700
chroma,1,insert_fusionado,-,1461,0,0.028953300
chroma,1,insert_fusionado,-,1462,0,0.030495600
chroma,1,insert_fusionado,-,1463,0,0.032896000
chroma,1,insert_fusionado,-,1464,0,0.030031000
chroma,1,insert_fusionado,-,1465,0,0.031467800
chroma,1,insert_fusionado,-,1466,0,0.028784900
chroma,1,insert_fusionado,-,1467,0,0.029925000
chroma,1,insert_fusionado,-,1468,0,0.029967600
chroma,1,insert_fusionado,-,1469,0,0.029572600
chroma,1,insert_fusionado,-,1470,0,0.028826500
chroma,1,insert_fusionado,-,1471,0,0.030881500
chroma,1,insert_fusionado,-,1472,0,0.030654800
chroma,1,insert_fusionado,-,1473,0,0.028596500
chroma,1,insert_fusionado,-,1474,0,0.028087800
chroma,1,insert_fusionado,-,1475,0,0.027410600
chroma,1,insert_fusionado,-,1476,0,0.028879100
chroma,1,insert_fusionado,-,1477,0,0.030485200
chroma,1,insert_fusionado,-,1478,0,0.028344900
chroma,1,insert_fusionado,-,1479,0,0.033464800
chroma,1,insert_fusionado,-,1480,0,0.027330800
chroma,1,insert_fusionado,-,1481,0,0.030802600
chroma,1,insert_fusionado,-,1482,0,0.028371900
chroma,1,insert_fusionado,-,1483,0,0.031301800
chroma,1,insert_fusionado,-,1484,0,0.031703000
chroma,1,insert_fusionado,-,1485,0,0.033595400
chroma,1,insert_fusionado,-,1486,0,0.029329000
chroma,1,insert_fusionado,-,1487,0,0.033517900
chroma,1,insert_fusionado,-,1488,0,0.032699000
chroma,1,insert_fusionado,-,1489,0,0.033193100
chroma,1,insert_fusionado,-,1490,0,0.034845900
chroma,1,insert_fusionado,-,1491,0,0.029389300
chroma,1,insert_fusionado,-,1492,0,0.032788700
chroma,1,insert_fusionado,-,1493,0,0.030389900
chroma,1,insert_fusionado,-,1494,0,0.030619400
chroma,1,insert_fusionado,-,1495,0,0.031794900
chroma,1,insert_fusionado,-,1496,0,0.029987800
chroma,1,insert_fusionado,-,1497,0,0.031552300
chroma,1,insert_fusionado,-,1498,0,0.033898300
chroma,1,insert_fusionado,-,1499,0,0.033590700
chroma,1,insert_fusionado,-,1500,0,0.035951900
chroma,1,insert_fusionado,-,1501,0,0.031512800
chroma,1,insert_fusionado,-,1502,0,0.031191000
chroma,1,insert_fusionado,-,1503,0,0.029727000
chroma,1,insert_fusionado,-,1504,0,0.029384500
chroma,1,insert_fusionado,-,1505,0,0.029469000
chroma,1,insert_fusionado,-,1506,0,0.028452500
chroma,1,insert_fusionado,-,1507,0,0.030832700
chroma,1,insert_fusionado,-,1508,0,0.030903700
chroma,1,insert_fusionado,-,1509,0,0.032025300
chroma,1,insert_fusionado,-,1510,0,0.033356800
chroma,1,insert_fusionado,-,1511,0,0.031353500
chroma,1,insert_fusionado,-,1512,0,0.028538200
chroma,1,insert_fusionado,-,1513,0,0.031489900
chroma,1,insert_fusionado,-,1514,0,0.030896900
chroma,1,insert_fusionado,-,1515,0,0.029803200
chroma,1,insert_fusionado,-,1516,0,0.029333000
chroma,1,insert_fusionado,-,1517,0,0.031074600
chroma,1,insert_fusionado,-,1518,0,0.034047500
chroma,1,insert_fusionado,-,1519,0,0.034300700
chroma,1,insert_fusionado,-,1520,0,0.030366600
chroma,1,insert_fusionado,-,1521,0,0.032723200
chroma,1,insert_fusionado,-,1522,0,0.030750100
chroma,1,insert_fusionado,-,1523,0,0.027773600
chroma,1,insert_fusionado,-,1524,0,0.030298600
chroma,1,insert_fusionado,-,1525,0,0.029817400
chroma,1,insert_fusionado,-,1526,0,0.028303100
chroma,1,insert_fusionado,-,1527,0,0.030595000
chroma,1,insert_fusionado,-,1528,0,0.030446800
chroma,1,insert_fusionado,-,1529,0,0.032686100
chroma,1,insert_fusionado,-,1530,0,0.029855300
chroma,1,insert_fusionado,-,1531,0,0.030339100
chroma,1,insert_fusionado,-,1532,0,0.031553100
chroma,1,insert_fusionado,-,1533,0,0.035446900
chroma,1,insert_fusionado,-,1534,0,0.028722200
chroma,1,insert_fusionado,-,1535,0,0.035728800
chroma,1,insert_fusionado,-,1536,0,0.029457600
chroma,1,insert_fusionado,-,1537,0,0.030888900
chroma,1,insert_fusionado,-,1538,0,0.030323600
chroma,1,insert_fusionado,-,1539,0,0.030252200
chroma,1,insert_fusionado,-,1540,0,0.030770200
chroma,1,insert_fusionado,-,1541,0,0.031319500
chroma,1,insert_fusionado,-,1542,0,0.028144700
chroma,1,insert_fusionado,-,1543,0,0.029244400
chroma,1,insert_fusionado,-,1544,0,0.030621700
chroma,1,insert_fusionado,-,1545,0,0.031577100
chroma,1,insert_fusionado,-,1546,0,0.031008200
chroma,1,insert_fusionado,-,1547,0,0.028143000
chroma,1,insert_fusionado,-,1548,0,0.028428900
chroma,1,insert_fusionado,-,1549,0,0.029949300
chroma,1,insert_fusionado,-,1550,0,0.028690600
chroma,1,insert_fusionado,-,1551,0,0.029043000
chroma,1,insert_fusionado,-,1552,0,0.033047700
chroma,1,insert_fusionado,-,1553,0,0.030490300
chroma,1,insert_fusionado,-,1554,0,0.032114200
chroma,1,insert_fusionado,-,1555,0,0.030151600
chroma,1,insert_fusionado,-,1556,0,0.028552900
chroma,1,insert_fusionado,-,1557,0,0.029775400
chroma,1,insert_fusionado,-,1558,0,0.028808400
chroma,1,insert_fusionado,-,1559,0,0.030674200
chroma,1,insert_fusionado,-,1560,0,0.032014200
chroma,1,insert_fusionado,-,1561,0,0.036370300
chroma,1,insert_fusionado,-,1562,0,0.037797200
chroma,1,insert_fusionado,-,1563,0,0.036007300
chroma,1,insert_fusionado,-,1564,0,0.039540200
chroma,1,insert_fusionado,-,1565,0,0.029969700
chroma,1,insert_fusionado,-,1566,0,0.034001000
chroma,1,insert_fusionado,-,1567,0,0.029263000
chroma,1,insert_fusionado,-,1568,0,0.031575600
chroma,1,insert_fusionado,-,1569,0,0.032655300
chroma,1,insert_fusionado,-,1570,0,0.028034700
chroma,1,insert_fusionado,-,1571,0,0.029716500
chroma,1,insert_fusionado,-,1572,0,0.032087000
chroma,1,insert_fusionado,-,1573,0,0.029479600
chroma,1,insert_fusionado,-,1574,0,0.029021800
chroma,1,insert_fusionado,-,1575,0,0.029500900
chroma,1,insert_fusionado,-,1576,0,0.029525500
chroma,1,insert_fusionado,-,1577,0,0.031122000
chroma,1,insert_fusionado,-,1578,0,0.029763500
chroma,1,insert_fusionado,-,1579,0,0.031598000
chroma,1,insert_fusionado,-,1580,0,0.030682900
chroma,1,insert_fusionado,-,1581,0,0.031340400
chroma,1,insert_fusionado,-,1582,0,0.029747800
chroma,1,insert_fusionado,-,1583,0,0.030393100
chroma,1,insert_fusionado,-,1584,0,0.029833700
chroma,1,insert_fusionado,-,1585,0,0.030616900
chroma,1,insert_fusionado,-,1586,0,0.032633400
chroma,1,insert_fusionado,-,1587,0,0.034323700
chroma,1,insert_fusionado,-,1588,0,0.031761100
chroma,1,insert_fusionado,-,1589,0,0.031606400
chroma,1,insert_fusionado,-,1590,0,0.030638400
chroma,1,insert_fusionado,-,1591,0,0.032310500
chroma,1,insert_fusionado,-,1592,0,0.031682200
chroma,1,insert_fusionado,-,1593,0,0.030878600
chroma,1,insert_fusionado,-,1594,0,0.032498700
chroma,1,insert_fusionado,-,1595,0,0.031032200
chroma,1,insert_fusionado,-,1596,0,0.027545700
chroma,1,insert_fusionado,-,1597,0,0.029643700
chroma,1,insert_fusionado,-,1598,0,0.031448500
chroma,1,insert_fusionado,-,1599,0,0.030554700
chroma,1,insert_fusionado,-,1600,0,0.030019400
chroma,1,insert_fusionado,-,1601,0,0.031305200
chroma,1,insert_fusionado,-,1602,0,0.031839100
chroma,1,insert_fusionado,-,1603,0,0.032735800
chroma,1,insert_fusionado,-,1604,0,0.032778600
chroma,1,insert_fusionado,-,1605,0,0.030409300
chroma,1,insert_fusionado,-,1606,0,0.030496900
chroma,1,insert_fusionado,-,1607,0,0.031346600
chroma,1,insert_fusionado,-,1608,0,0.028922000
chroma,1,insert_fusionado,-,1609,0,0.029353400
chroma,1,insert_fusionado,-,1610,0,0.029302200
chroma,1,insert_fusionado,-,1611,0,0.029563800
chroma,1,insert_fusionado,-,1612,0,0.030234700
chroma,1,insert_fusionado,-,1613,0,0.034200400
chroma,1,insert_fusionado,-,1614,0,0.032517200
chroma,1,insert_fusionado,-,1615,0,0.030580400
chroma,1,insert_fusionado,-,1616,0,0.033448500
chroma,1,insert_fusionado,-,1617,0,0.032512300
chroma,1,insert_fusionado,-,1618,0,0.028438900
chroma,1,insert_fusionado,-,1619,0,0.030804800
chroma,1,insert_fusionado,-,1620,0,0.034090400
chroma,1,insert_fusionado,-,1621,0,0.030637400
chroma,1,insert_fusionado,-,1622,0,0.032129200
chroma,1,insert_fusionado,-,1623,0,0.032981000
chroma,1,insert_fusionado,-,1624,0,0.030411700
chroma,1,insert_fusionado,-,1625,0,0.029094300
chroma,1,insert_fusionado,-,1626,0,0.030973500
chroma,1,insert_fusionado,-,1627,0,0.036364900
chroma,1,insert_fusionado,-,1628,0,0.033478900
chroma,1,insert_fusionado,-,1629,0,0.031153600
chroma,1,insert_fusionado,-,1630,0,0.028159100
chroma,1,insert_fusionado,-,1631,0,0.030415500
chroma,1,insert_fusionado,-,1632,0,0.033365500
chroma,1,insert_fusionado,-,1633,0,0.029000500
chroma,1,insert_fusionado,-,1634,0,0.029404400
chroma,1,insert_fusionado,-,1635,0,0.031302500
chroma,1,insert_fusionado,-,1636,0,0.029741400
chroma,1,insert_fusionado,-,1637,0,0.035554400
chroma,1,insert_fusionado,-,1638,0,0.028635000
chroma,1,insert_fusionado,-,1639,0,0.031372400
chroma,1,insert_fusionado,-,1640,0,0.059978800
chroma,1,insert_fusionado,-,1641,0,0.038265700
chroma,1,insert_fusionado,-,1642,0,0.029460900
chroma,1,insert_fusionado,-,1643,0,0.028211300
chroma,1,insert_fusionado,-,1644,0,0.028024300
chroma,1,insert_fusionado,-,1645,0,0.033451600
chroma,1,insert_fusionado,-,1646,0,0.037121300
chroma,1,insert_fusionado,-,1647,0,0.031770200
chroma,1,insert_fusionado,-,1648,0,0.031695400
chroma,1,insert_fusionado,-,1649,0,0.034382700
chroma,1,insert_fusionado,-,1650,0,0.029189700
chroma,1,insert_fusionado,-,1651,0,0.031551500
chroma,1,insert_fusionado,-,1652,0,0.031876100
chroma,1,insert_fusionado,-,1653,0,0.031756700
chroma,1,insert_fusionado,-,1654,0,0.028972800
chroma,1,insert_fusionado,-,1655,0,0.031558500
chroma,1,insert_fusionado,-,1656,0,0.031585400
chroma,1,insert_fusionado,-,1657,0,0.029859800
chroma,1,insert_fusionado,-,1658,0,0.030003300
chroma,1,insert_fusionado,-,1659,0,0.030369000
chroma,1,insert_fusionado,-,1660,0,0.029806800
chroma,1,insert_fusionado,-,1661,0,0.031382300
chroma,1,insert_fusionado,-,1662,0,0.028518000
chroma,1,insert_fusionado,-,1663,0,0.032419200
chroma,1,insert_fusionado,-,1664,0,0.033159700
chroma,1,insert_fusionado,-,1665,0,0.031979500
chroma,1,insert_fusionado,-,1666,0,0.031761100
chroma,1,insert_fusionado,-,1667,0,0.036950300
chroma,1,insert_fusionado,-,1668,0,0.029848800
chroma,1,insert_fusionado,-,1669,0,0.030331100
chroma,1,insert_fusionado,-,1670,0,0.029711400
chroma,1,insert_fusionado,-,1671,0,0.030778100
chroma,1,insert_fusionado,-,1672,0,0.035620700
chroma,1,insert_fusionado,-,1673,0,0.038118200
chroma,1,insert_fusionado,-,1674,0,0.037097900
chroma,1,insert_fusionado,-,1675,0,0.033408300
chroma,1,insert_fusionado,-,1676,0,0.032641700
chroma,1,insert_fusionado,-,1677,0,0.030626000
chroma,1,insert_fusionado,-,1678,0,0.031719600
chroma,1,insert_fusionado,-,1679,0,0.034693700
chroma,1,insert_fusionado,-,1680,0,0.030315700
chroma,1,insert_fusionado,-,1681,0,0.028738900
chroma,1,insert_fusionado,-,1682,0,0.030119300
chroma,1,insert_fusionado,-,1683,0,0.030016500
chroma,1,insert_fusionado,-,1684,0,0.029901400
chroma,1,insert_fusionado,-,1685,0,0.029348100
chroma,1,insert_fusionado,-,1686,0,0.030801100
chroma,1,insert_fusionado,-,1687,0,0.031063900
chroma,1,insert_fusionado,-,1688,0,0.031564400
chroma,1,insert_fusionado,-,1689,0,0.030331500
chroma,1,insert_fusionado,-,1690,0,0.031659600
chroma,1,insert_fusionado,-,1691,0,0.032169000
chroma,1,insert_fusionado,-,1692,0,0.032300100
chroma,1,insert_fusionado,-,1693,0,0.031496200
chroma,1,insert_fusionado,-,1694,0,0.032629000
chroma,1,insert_fusionado,-,1695,0,0.032878800
chroma,1,insert_fusionado,-,1696,0,0.034372400
chroma,1,insert_fusionado,-,1697,0,0.031963200
chroma,1,insert_fusionado,-,1698,0,0.031871400
chroma,1,insert_fusionado,-,1699,0,0.029999200
chroma,1,insert_fusionado,-,1700,0,0.031470600
chroma,1,insert_fusionado,-,1701,0,0.030325900
chroma,1,insert_fusionado,-,1702,0,0.031396600
chroma,1,insert_fusionado,-,1703,0,0.031400400
chroma,1,insert_fusionado,-,1704,0,0.032540600
chroma,1,insert_fusionado,-,1705,0,0.030194100
chroma,1,insert_fusionado,-,1706,0,0.031142700
chroma,1,insert_fusionado,-,1707,0,0.030043800
chroma,1,insert_fusionado,-,1708,0,0.035878500
chroma,1,insert_fusionado,-,1709,0,0.032641300
chroma,1,insert_fusionado,-,1710,0,0.032539000
chroma,1,insert_fusionado,-,1711,0,0.032845400
chroma,1,insert_fusionado,-,1712,0,0.034817700
chroma,1,insert_fusionado,-,1713,0,0.031783700
chroma,1,insert_fusionado,-,1714,0,0.035776400
chroma,1,insert_fusionado,-,1715,0,0.033513200
chroma,1,insert_fusionado,-,1716,0,0.031713100
chroma,1,insert_fusionado,-,1717,0,0.028949000
chroma,1,insert_fusionado,-,1718,0,0.031411200
chroma,1,insert_fusionado,-,1719,0,0.033893800
chroma,1,insert_fusionado,-,1720,0,0.034622200
chroma,1,insert_fusionado,-,1721,0,0.033239300
chroma,1,insert_fusionado,-,1722,0,0.032820700
chroma,1,insert_fusionado,-,1723,0,0.032686000
chroma,1,insert_fusionado,-,1724,0,0.032914900
chroma,1,insert_fusionado,-,1725,0,0.032606100
chroma,1,insert_fusionado,-,1726,0,0.033718500
chroma,1,insert_fusionado,-,1727,0,0.031000700
chroma,1,insert_fusionado,-,1728,0,0.030550900
chroma,1,insert_fusionado,-,1729,0,0.032018800
chroma,1,insert_fusionado,-,1730,0,0.028157100
chroma,1,insert_fusionado,-,1731,0,0.032060700
chroma,1,insert_fusionado,-,1732,0,0.029927800
chroma,1,insert_fusionado,-,1733,0,0.030697100
chroma,1,insert_fusionado,-,1734,0,0.029264600
chroma,1,insert_fusionado,-,1735,0,0.027787900
chroma,1,insert_fusionado,-,1736,0,0.031399700
chroma,1,insert_fusionado,-,1737,0,0.032044900
chroma,1,insert_fusionado,-,1738,0,0.031400000
chroma,1,insert_fusionado,-,1739,0,0.029809500
chroma,1,insert_fusionado,-,1740,0,0.029558200
chroma,1,insert_fusionado,-,1741,0,0.030833500
chroma,1,insert_fusionado,-,1742,0,0.033504900
chroma,1,insert_fusionado,-,1743,0,0.032909800
chroma,1,insert_fusionado,-,1744,0,0.032405500
chroma,1,insert_fusionado,-,1745,0,0.030304300
chroma,1,insert_fusionado,-,1746,0,0.032387800
chroma,1,insert_fusionado,-,1747,0,0.032169500
chroma,1,insert_fusionado,-,1748,0,0.033909400
chroma,1,insert_fusionado,-,1749,0,0.034574900
chroma,1,insert_fusionado,-,1750,0,0.032580500
chroma,1,insert_fusionado,-,1751,0,0.033207200
chroma,1,insert_fusionado,-,1752,0,0.031408600
chroma,1,insert_fusionado,-,1753,0,0.033371100
chroma,1,insert_fusionado,-,1754,0,0.031474300
chroma,1,insert_fusionado,-,1755,0,0.029816300
chroma,1,insert_fusionado,-,1756,0,0.032177900
chroma,1,insert_fusionado,-,1757,0,0.031814200
chroma,1,insert_fusionado,-,1758,0,0.031325500
chroma,1,insert_fusionado,-,1759,0,0.032407700
chroma,1,insert_fusionado,-,1760,0,0.032967400
chroma,1,insert_fusionado,-,1761,0,0.032025500
chroma,1,insert_fusionado,-,1762,0,0.030680000
chroma,1,insert_fusionado,-,1763,0,0.031964200
chroma,1,insert_fusionado,-,1764,0,0.033852900
chroma,1,insert_fusionado,-,1765,0,0.033276800
chroma,1,insert_fusionado,-,1766,0,0.033097800
chroma,1,insert_fusionado,-,1767,0,0.032427000
chroma,1,insert_fusionado,-,1768,0,0.035210400
chroma,1,insert_fusionado,-,1769,0,0.034692300
chroma,1,insert_fusionado,-,1770,0,0.035176600
chroma,1,insert_fusionado,-,1771,0,0.032851000
chroma,1,insert_fusionado,-,1772,0,0.033440300
chroma,1,insert_fusionado,-,1773,0,0.037803900
chroma,1,insert_fusionado,-,1774,0,0.029931200
chroma,1,insert_fusionado,-,1775,0,0.032865600
chroma,1,insert_fusionado,-,1776,0,0.034015600
chroma,1,insert_fusionado,-,1777,0,0.034118200
chroma,1,insert_fusionado,-,1778,0,0.036270300
chroma,1,insert_fusionado,-,1779,0,0.032837700
chroma,1,insert_fusionado,-,1780,0,0.035123500
chroma,1,insert_fusionado,-,1781,0,0.033569900
chroma,1,insert_fusionado,-,1782,0,0.031134300
chroma,1,insert_fusionado,-,1783,0,0.032224300
chroma,1,insert_fusionado,-,1784,0,0.033727900
chroma,1,insert_fusionado,-,1785,0,0.033212800
chroma,1,insert_fusionado,-,1786,0,0.029185300
chroma,1,insert_fusionado,-,1787,0,0.032338500
chroma,1,insert_fusionado,-,1788,0,0.036220300
chroma,1,insert_fusionado,-,1789,0,0.031788300
chroma,1,insert_fusionado,-,1790,0,0.031309700
chroma,1,insert_fusionado,-,1791,0,0.035696900
chroma,1,insert_fusionado,-,1792,0,0.032595200
chroma,1,insert_fusionado,-,1793,0,0.030097700
chroma,1,insert_fusionado,-,1794,0,0.031813900
chroma,1,insert_fusionado,-,1795,0,0.029896400
chroma,1,insert_fusionado,-,1796,0,0.031179800
chroma,1,insert_fusionado,-,1797,0,0.033502800
chroma,1,insert_fusionado,-,1798,0,0.034185300
chroma,1,insert_fusionado,-,1799,0,0.030688400
chroma,1,insert_fusionado,-,1800,0,0.030293200
chroma,1,insert_fusionado,-,1801,0,0.032578800
chroma,1,insert_fusionado,-,1802,0,0.037221200
chroma,1,insert_fusionado,-,1803,0,0.033458300
chroma,1,insert_fusionado,-,1804,0,0.031686900
chroma,1,insert_fusionado,-,1805,0,0.032078000
chroma,1,insert_fusionado,-,1806,0,0.032327200
chroma,1,insert_fusionado,-,1807,0,0.033100300
chroma,1,insert_fusionado,-,1808,0,0.034661600
chroma,1,insert_fusionado,-,1809,0,0.037235800
chroma,1,insert_fusionado,-,1810,0,0.034073800
chroma,1,insert_fusionado,-,1811,0,0.035077400
chroma,1,insert_fusionado,-,1812,0,0.033399700
chroma,1,insert_fusionado,-,1813,0,0.031135400
chroma,1,insert_fusionado,-,1814,0,0.031932700
chroma,1,insert_fusionado,-,1815,0,0.032480800
chroma,1,insert_fusionado,-,1816,0,0.032084400
chroma,1,insert_fusionado,-,1817,0,0.036062800
chroma,1,insert_fusionado,-,1818,0,0.032292400
chroma,1,insert_fusionado,-,1819,0,0.033598200
chroma,1,insert_fusionado,-,1820,0,0.033800000
chroma,1,insert_fusionado,-,1821,0,0.035349300
chroma,1,insert_fusionado,-,1822,0,0.037627100
chroma,1,insert_fusionado,-,1823,0,0.034571400
chroma,1,insert_fusionado,-,1824,0,0.032896100
chroma,1,insert_fusionado,-,1825,0,0.034051300
chroma,1,insert_fusionado,-,1826,0,0.031700800
chroma,1,insert_fusionado,-,1827,0,0.034556900
chroma,1,insert_fusionado,-,1828,0,0.030644100
chroma,1,insert_fusionado,-,1829,0,0.032712500
chroma,1,insert_fusionado,-,1830,0,0.033120200
chroma,1,insert_fusionado,-,1831,0,0.031686200
chroma,1,insert_fusionado,-,1832,0,0.043739800
chroma,1,insert_fusionado,-,1833,0,0.035359900
chroma,1,insert_fusionado,-,1834,0,0.031051300
chroma,1,insert_fusionado,-,1835,0,0.037403900
chroma,1,insert_fusionado,-,1836,0,0.032494200
chroma,1,insert_fusionado,-,1837,0,0.032768000
chroma,1,insert_fusionado,-,1838,0,0.034119600
chroma,1,insert_fusionado,-,1839,0,0.031559100
chroma,1,insert_fusionado,-,1840,0,0.033753900
chroma,1,insert_fusionado,-,1841,0,0.035730700
chroma,1,insert_fusionado,-,1842,0,0.035356900
chroma,1,insert_fusionado,-,1843,0,0.032002100
chroma,1,insert_fusionado,-,1844,0,0.033829700
chroma,1,insert_fusionado,-,1845,0,0.033745700
chroma,1,insert_fusionado,-,1846,0,0.034970600
chroma,1,insert_fusionado,-,1847,0,0.032641800
chroma,1,insert_fusionado,-,1848,0,0.032869600
chroma,1,insert_fusionado,-,1849,0,0.032675100
chroma,1,insert_fusionado,-,1850,0,0.034323000
chroma,1,insert_fusionado,-,1851,0,0.031936200
chroma,1,insert_fusionado,-,1852,0,0.033233900
chroma,1,insert_fusionado,-,1853,0,0.033085100
chroma,1,insert_fusionado,-,1854,0,0.031257600
chroma,1,insert_fusionado,-,1855,0,0.033047400
chroma,1,insert_fusionado,-,1856,0,0.031396400
chroma,1,insert_fusionado,-,1857,0,0.035924200
chroma,1,insert_fusionado,-,1858,0,0.047487500
chroma,1,insert_fusionado,-,1859,0,0.040030300
chroma,1,insert_fusionado,-,1860,0,0.034165600
chroma,1,insert_fusionado,-,1861,0,0.032376300
chroma,1,insert_fusionado,-,1862,0,0.035102000
chroma,1,insert_fusionado,-,1863,0,0.033180500
chroma,1,insert_fusionado,-,1864,0,0.034471100
chroma,1,insert_fusionado,-,1865,0,0.037121400
chroma,1,insert_fusionado,-,1866,0,0.031752500
chroma,1,insert_fusionado,-,1867,0,0.030243200
chroma,1,insert_fusionado,-,1868,0,0.031963300
chroma,1,insert_fusionado,-,1869,0,0.034138700
chroma,1,insert_fusionado,-,1870,0,0.031939600
chroma,1,insert_fusionado,-,1871,0,0.037617600
chroma,1,insert_fusionado,-,1872,0,0.035493400
chroma,1,insert_fusionado,-,1873,0,0.032960100
chroma,1,insert_fusionado,-,1874,0,0.032502300
chroma,1,insert_fusionado,-,1875,0,0.034301600
chroma,1,insert_fusionado,-,1876,0,0.032442500
chroma,1,insert_fusionado,-,1877,0,0.034367500
chroma,1,insert_fusionado,-,1878,0,0.032436200
chroma,1,insert_fusionado,-,1879,0,0.031039400
chroma,1,insert_fusionado,-,1880,0,0.029685900
chroma,1,insert_fusionado,-,1881,0,0.032956900
chroma,1,insert_fusionado,-,1882,0,0.031405900
chroma,1,insert_fusionado,-,1883,0,0.030943400
chroma,1,insert_fusionado,-,1884,0,0.030033600
chroma,1,insert_fusionado,-,1885,0,0.033849000
chroma,1,insert_fusionado,-,1886,0,0.032911500
chroma,1,insert_fusionado,-,1887,0,0.034266800
chroma,1,insert_fusionado,-,1888,0,0.031212800
chroma,1,insert_fusionado,-,1889,0,0.038150400
chroma,1,insert_fusionado,-,1890,0,0.036072700
chroma,1,insert_fusionado,-,1891,0,0.033205700
chroma,1,insert_fusionado,-,1892,0,0.035991700
chroma,1,insert_fusionado,-,1893,0,0.050102500
chroma,1,insert_fusionado,-,1894,0,0.037167100
chroma,1,insert_fusionado,-,1895,0,0.035435800
chroma,1,insert_fusionado,-,1896,0,0.032712300
chroma,1,insert_fusionado,-,1897,0,0.032558600
chroma,1,insert_fusionado,-,1898,0,0.036211300
chroma,1,insert_fusionado,-,1899,0,0.033589500
chroma,1,insert_fusionado,-,1900,0,0.036535500
chroma,1,insert_fusionado,-,1901,0,0.031339400
chroma,1,insert_fusionado,-,1902,0,0.031628300
chroma,1,insert_fusionado,-,1903,0,0.035670400
chroma,1,insert_fusionado,-,1904,0,0.034841600
chroma,1,insert_fusionado,-,1905,0,0.030337200
chroma,1,insert_fusionado,-,1906,0,0.034669200
chroma,1,insert_fusionado,-,1907,0,0.035547600
chroma,1,insert_fusionado,-,1908,0,0.032880200
chroma,1,insert_fusionado,-,1909,0,0.033203100
chroma,1,insert_fusionado,-,1910,0,0.034937400
chroma,1,insert_fusionado,-,1911,0,0.032617300
chroma,1,insert_fusionado,-,1912,0,0.032250600
chroma,1,insert_fusionado,-,1913,0,0.032103900
chroma,1,insert_fusionado,-,1914,0,0.033361600
chroma,1,insert_fusionado,-,1915,0,0.033431700
chroma,1,insert_fusionado,-,1916,0,0.032799900
chroma,1,insert_fusionado,-,1917,0,0.032354400
chroma,1,insert_fusionado,-,1918,0,0.033911200
chroma,1,insert_fusionado,-,1919,0,0.035378800
chroma,1,insert_fusionado,-,1920,0,0.033243800
chroma,1,insert_fusionado,-,1921,0,0.036565500
chroma,1,insert_fusionado,-,1922,0,0.038533300
chroma,1,insert_fusionado,-,1923,0,0.041226500
chroma,1,insert_fusionado,-,1924,0,0.039207500
chroma,1,insert_fusionado,-,1925,0,0.037915700
chroma,1,insert_fusionado,-,1926,0,0.034531600
chroma,1,insert_fusionado,-,1927,0,0.039991700
chroma,1,insert_fusionado,-,1928,0,0.040492100
chroma,1,insert_fusionado,-,1929,0,0.039016700
chroma,1,insert_fusionado,-,1930,0,0.042264400
chroma,1,insert_fusionado,-,1931,0,0.037356500
chroma,1,insert_fusionado,-,1932,0,0.035637100
chroma,1,insert_fusionado,-,1933,0,0.035345800
chroma,1,insert_fusionado,-,1934,0,0.035233100
chroma,1,insert_fusionado,-,1935,0,0.035598600
chroma,1,insert_fusionado,-,1936,0,0.034723200
chroma,1,insert_fusionado,-,1937,0,0.037125600
chroma,1,insert_fusionado,-,1938,0,0.030222600
chroma,1,insert_fusionado,-,1939,0,0.035987800
chroma,1,insert_fusionado,-,1940,0,0.032642100
chroma,1,insert_fusionado,-,1941,0,0.031521600
chroma,1,insert_fusionado,-,1942,0,0.036890300
chroma,1,insert_fusionado,-,1943,0,0.036120300
chroma,1,insert_fusionado,-,1944,0,0.031648100
chroma,1,insert_fusionado,-,1945,0,0.034210400
chroma,1,insert_fusionado,-,1946,0,0.031954200
chroma,1,insert_fusionado,-,1947,0,0.036138100
chroma,1,insert_fusionado,-,1948,0,0.032879900
chroma,1,insert_fusionado,-,1949,0,0.032482100
chroma,1,insert_fusionado,-,1950,0,0.033715100
chroma,1,insert_fusionado,-,1951,0,0.036740600
chroma,1,insert_fusionado,-,1952,0,0.035896500
chroma,1,insert_fusionado,-,1953,0,0.033205500
chroma,1,insert_fusionado,-,1954,0,0.033903400
chroma,1,insert_fusionado,-,1955,0,0.033934500
chroma,1,insert_fusionado,-,1956,0,0.032593900
chroma,1,insert_fusionado,-,1957,0,0.038453500
chroma,1,insert_fusionado,-,1958,0,0.034599500
chroma,1,insert_fusionado,-,1959,0,0.032865700
chroma,1,insert_fusionado,-,1960,0,0.035770800
chroma,1,insert_fusionado,-,1961,0,0.032797200
chroma,1,insert_fusionado,-,1962,0,0.034864000
chroma,1,insert_fusionado,-,1963,0,0.033621600
chroma,1,insert_fusionado,-,1964,0,0.032954300
chroma,1,insert_fusionado,-,1965,0,0.040215800
chroma,1,insert_fusionado,-,1966,0,0.037821800
chroma,1,insert_fusionado,-,1967,0,0.039091400
chroma,1,insert_fusionado,-,1968,0,0.035867900
chroma,1,insert_fusionado,-,1969,0,0.038641200
chroma,1,insert_fusionado,-,1970,0,0.031519500
chroma,1,insert_fusionado,-,1971,0,0.031635700
chroma,1,insert_fusionado,-,1972,0,0.035905500
chroma,1,insert_fusionado,-,1973,0,0.036139300
chroma,1,insert_fusionado,-,1974,0,0.037561300
chroma,1,insert_fusionado,-,1975,0,0.033192500
chroma,1,insert_fusionado,-,1976,0,0.036648500
chroma,1,insert_fusionado,-,1977,0,0.041822800
chroma,1,insert_fusionado,-,1978,0,0.031723100
chroma,1,insert_fusionado,-,1979,0,0.035115700
chroma,1,insert_fusionado,-,1980,0,0.034636000
chroma,1,insert_fusionado,-,1981,0,0.033628800
chroma,1,insert_fusionado,-,1982,0,0.033966800
chroma,1,insert_fusionado,-,1983,0,0.038659200
chroma,1,insert_fusionado,-,1984,0,0.034943200
chroma,1,insert_fusionado,-,1985,0,0.032363100
chroma,1,insert_fusionado,-,1986,0,0.033176000
chroma,1,insert_fusionado,-,1987,0,0.036580200
chroma,1,insert_fusionado,-,1988,0,0.035945500
chroma,1,insert_fusionado,-,1989,0,0.038200400
chroma,1,insert_fusionado,-,1990,0,0.033683900
chroma,1,insert_fusionado,-,1991,0,0.033059000
chroma,1,insert_fusionado,-,1992,0,0.034821500
chroma,1,insert_fusionado,-,1993,0,0.037695800
chroma,1,insert_fusionado,-,1994,0,0.036416900
chroma,1,insert_fusionado,-,1995,0,0.036401700
chroma,1,insert_fusionado,-,1996,0,0.033800200
chroma,1,insert_fusionado,-,1997,0,0.031614200
chroma,1,insert_fusionado,-,1998,0,0.039408400
chroma,1,insert_fusionado,-,1999,0,0.070098900
chroma,1,insert_fusionado,-,2000,0,0.031428800
chroma,1,insert_fusionado,-,2001,0,0.026450100
chroma,1,insert_fusionado,-,2002,0,0.025638300
chroma,1,insert_fusionado,-,2003,0,0.026495300
chroma,1,insert_fusionado,-,2004,0,0.028996300
chroma,1,insert_fusionado,-,2005,0,0.026124700
chroma,1,insert_fusionado,-,2006,0,0.025953800
chroma,1,insert_fusionado,-,2007,0,0.025041400
chroma,1,insert_fusionado,-,2008,0,0.026543200
chroma,1,insert_fusionado,-,2009,0,0.025530000
chroma,1,insert_fusionado,-,2010,0,0.029460700
chroma,1,insert_fusionado,-,2011,0,0.024078700
chroma,1,insert_fusionado,-,2012,0,0.026332900
chroma,1,insert_fusionado,-,2013,0,0.025406900
chroma,1,insert_fusionado,-,2014,0,0.024689500
chroma,1,insert_fusionado,-,2015,0,0.025251100
chroma,1,insert_fusionado,-,2016,0,0.025291800
chroma,1,insert_fusionado,-,2017,0,0.024617400
chroma,1,insert_fusionado,-,2018,0,0.023810500
chroma,1,insert_fusionado,-,2019,0,0.026764600
chroma,1,insert_fusionado,-,2020,0,0.026416500
chroma,1,insert_fusionado,-,2021,0,0.026685500
chroma,1,insert_fusionado,-,2022,0,0.025805700
chroma,1,insert_fusionado,-,2023,0,0.026549600
chroma,1,insert_fusionado,-,2024,0,0.028754200
chroma,1,insert_fusionado,-,2025,0,0.025337100
chroma,1,insert_fusionado,-,2026,0,0.028047300
chroma,1,insert_fusionado,-,2027,0,0.026088300
chroma,1,insert_fusionado,-,2028,0,0.025021600
chroma,1,insert_fusionado,-,2029,0,0.025016000
chroma,1,insert_fusionado,-,2030,0,0.025261700
chroma,1,insert_fusionado,-,2031,0,0.032765300
chroma,1,insert_fusionado,-,2032,0,0.030145900
chroma,1,insert_fusionado,-,2033,0,0.025561200
chroma,1,insert_fusionado,-,2034,0,0.024884000
chroma,1,insert_fusionado,-,2035,0,0.029863200
chroma,1,insert_fusionado,-,2036,0,0.025504700
chroma,1,insert_fusionado,-,2037,0,0.024257400
chroma,1,insert_fusionado,-,2038,0,0.030506800
chroma,1,insert_fusionado,-,2039,0,0.025652800
chroma,1,insert_fusionado,-,2040,0,0.023729300
chroma,1,insert_fusionado,-,2041,0,0.027691800
chroma,1,insert_fusionado,-,2042,0,0.026395400
chroma,1,insert_fusionado,-,2043,0,0.024775600
chroma,1,insert_fusionado,-,2044,0,0.027693500
chroma,1,insert_fusionado,-,2045,0,0.025915000
chroma,1,insert_fusionado,-,2046,0,0.026192900
chroma,1,insert_fusionado,-,2047,0,0.034899600
chroma,1,insert_fusionado,-,2048,0,0.026565900
chroma,1,insert_fusionado,-,2049,0,0.026701200
chroma,1,insert_fusionado,-,2050,0,0.026100100
chroma,1,insert_fusionado,-,2051,0,0.024364300
chroma,1,insert_fusionado,-,2052,0,0.024909000
chroma,1,insert_fusionado,-,2053,0,0.027239500
chroma,1,insert_fusionado,-,2054,0,0.027439800
chroma,1,insert_fusionado,-,2055,0,0.029224500
chroma,1,insert_fusionado,-,2056,0,0.025311300
chroma,1,insert_fusionado,-,2057,0,0.026379400
chroma,1,insert_fusionado,-,2058,0,0.025735100
chroma,1,insert_fusionado,-,2059,0,0.026629900
chroma,1,insert_fusionado,-,2060,0,0.024979500
chroma,1,insert_fusionado,-,2061,0,0.026875500
chroma,1,insert_fusionado,-,2062,0,0.025892600
chroma,1,insert_fusionado,-,2063,0,0.025687000
chroma,1,insert_fusionado,-,2064,0,0.025728300
chroma,1,insert_fusionado,-,2065,0,0.024853400
chroma,1,insert_fusionado,-,2066,0,0.028265800
chroma,1,insert_fusionado,-,2067,0,0.027417100
chroma,1,insert_fusionado,-,2068,0,0.023532200
chroma,1,insert_fusionado,-,2069,0,0.034213500
chroma,1,insert_fusionado,-,2070,0,0.029098800
chroma,1,insert_fusionado,-,2071,0,0.024606600
chroma,1,insert_fusionado,-,2072,0,0.030397900
chroma,1,insert_fusionado,-,2073,0,0.026003200
chroma,1,insert_fusionado,-,2074,0,0.025299300
chroma,1,insert_fusionado,-,2075,0,0.023699400
chroma,1,insert_fusionado,-,2076,0,0.024956200
chroma,1,insert_fusionado,-,2077,0,0.027140300
chroma,1,insert_fusionado,-,2078,0,0.026722100
chroma,1,insert_fusionado,-,2079,0,0.025335600
chroma,1,insert_fusionado,-,2080,0,0.024623000
chroma,1,insert_fusionado,-,2081,0,0.025005300
chroma,1,insert_fusionado,-,2082,0,0.025250300
chroma,1,insert_fusionado,-,2083,0,0.025984500
chroma,1,insert_fusionado,-,2084,0,0.026200500
chroma,1,insert_fusionado,-,2085,0,0.025389000
chroma,1,insert_fusionado,-,2086,0,0.029082800
chroma,1,insert_fusionado,-,2087,0,0.029226200
chroma,1,insert_fusionado,-,2088,0,0.028749400
chroma,1,insert_fusionado,-,2089,0,0.027473300
chroma,1,insert_fusionado,-,2090,0,0.029886400
chroma,1,insert_fusionado,-,2091,0,0.027289600
chroma,1,insert_fusionado,-,2092,0,0.026734400
chroma,1,insert_fusionado,-,2093,0,0.026589900
chroma,1,insert_fusionado,-,2094,0,0.026108400
chroma,1,insert_fusionado,-,2095,0,0.028711900
chroma,1,insert_fusionado,-,2096,0,0.028947800
chroma,1,insert_fusionado,-,2097,0,0.027326500
chroma,1,insert_fusionado,-,2098,0,0.024726300
chroma,1,insert_fusionado,-,2099,0,0.028560500
chroma,1,insert_fusionado,-,2100,0,0.028544200
chroma,1,insert_fusionado,-,2101,0,0.026513300
chroma,1,insert_fusionado,-,2102,0,0.029017600
chroma,1,insert_fusionado,-,2103,0,0.025239700
chroma,1,insert_fusionado,-,2104,0,0.028269200
chroma,1,insert_fusionado,-,2105,0,0.025017000
chroma,1,insert_fusionado,-,2106,0,0.028014100
chroma,1,insert_fusionado,-,2107,0,0.025683700
chroma,1,insert_fusionado,-,2108,0,0.032391300
chroma,1,insert_fusionado,-,2109,0,0.028500800
chroma,1,insert_fusionado,-,2110,0,0.024046100
chroma,1,insert_fusionado,-,2111,0,0.027299900
chroma,1,insert_fusionado,-,2112,0,0.034648100
chroma,1,insert_fusionado,-,2113,0,0.037172100
chroma,1,insert_fusionado,-,2114,0,0.086862400
chroma,1,insert_fusionado,-,2115,0,0.033829100
chroma,1,insert_fusionado,-,2116,0,0.028216200
chroma,1,insert_fusionado,-,2117,0,0.028840200
chroma,1,insert_fusionado,-,2118,0,0.027096900
chroma,1,insert_fusionado,-,2119,0,0.025121400
chroma,1,insert_fusionado,-,2120,0,0.027305400
chroma,1,insert_fusionado,-,2121,0,0.026046300
chroma,1,insert_fusionado,-,2122,0,0.024952000
chroma,1,insert_fusionado,-,2123,0,0.028104500
chroma,1,insert_fusionado,-,2124,0,0.025857400
chroma,1,insert_fusionado,-,2125,0,0.029556200
chroma,1,insert_fusionado,-,2126,0,0.027824500
chroma,1,insert_fusionado,-,2127,0,0.026552500
chroma,1,insert_fusionado,-,2128,0,0.025691900
chroma,1,insert_fusionado,-,2129,0,0.026796700
chroma,1,insert_fusionado,-,2130,0,0.028739500
chroma,1,insert_fusionado,-,2131,0,0.030640500
chroma,1,insert_fusionado,-,2132,0,0.028139900
chroma,1,insert_fusionado,-,2133,0,0.026198700
chroma,1,insert_fusionado,-,2134,0,0.030952400
chroma,1,insert_fusionado,-,2135,0,0.026709400
chroma,1,insert_fusionado,-,2136,0,0.026823100
chroma,1,insert_fusionado,-,2137,0,0.026517900
chroma,1,insert_fusionado,-,2138,0,0.028285800
chroma,1,insert_fusionado,-,2139,0,0.029287500
chroma,1,insert_fusionado,-,2140,0,0.027576200
chroma,1,insert_fusionado,-,2141,0,0.027821800
chroma,1,insert_fusionado,-,2142,0,0.026273000
chroma,1,insert_fusionado,-,2143,0,0.028249300
chroma,1,insert_fusionado,-,2144,0,0.027087200
chroma,1,insert_fusionado,-,2145,0,0.028623600
chroma,1,insert_fusionado,-,2146,0,0.026892300
chroma,1,insert_fusionado,-,2147,0,0.027292100
chroma,1,insert_fusionado,-,2148,0,0.026333400
chroma,1,insert_fusionado,-,2149,0,0.030921000
chroma,1,insert_fusionado,-,2150,0,0.025783700
chroma,1,insert_fusionado,-,2151,0,0.024867300
chroma,1,insert_fusionado,-,2152,0,0.026147200
chroma,1,insert_fusionado,-,2153,0,0.028230900
chroma,1,insert_fusionado,-,2154,0,0.028454900
chroma,1,insert_fusionado,-,2155,0,0.028373900
chroma,1,insert_fusionado,-,2156,0,0.029709200
chroma,1,insert_fusionado,-,2157,0,0.029302800
chroma,1,insert_fusionado,-,2158,0,0.024708900
chroma,1,insert_fusionado,-,2159,0,0.028864500
chroma,1,insert_fusionado,-,2160,0,0.026787100
chroma,1,insert_fusionado,-,2161,0,0.029747700
chroma,1,insert_fusionado,-,2162,0,0.029491100
chroma,1,insert_fusionado,-,2163,0,0.027986800
chroma,1,insert_fusionado,-,2164,0,0.026545700
chroma,1,insert_fusionado,-,2165,0,0.027835000
chroma,1,insert_fusionado,-,2166,0,0.027199100
chroma,1,insert_fusionado,-,2167,0,0.025683300
chroma,1,insert_fusionado,-,2168,0,0.027982800
chroma,1,insert_fusionado,-,2169,0,0.030820400
chroma,1,insert_fusionado,-,2170,0,0.028242500
chroma,1,insert_fusionado,-,2171,0,0.027608900
chroma,1,insert_fusionado,-,2172,0,0.026302900
chroma,1,insert_fusionado,-,2173,0,0.028682800
chroma,1,insert_fusionado,-,2174,0,0.027500500
chroma,1,insert_fusionado,-,2175,0,0.029038600
chroma,1,insert_fusionado,-,2176,0,0.026052700
chroma,1,insert_fusionado,-,2177,0,0.028079700
chroma,1,insert_fusionado,-,2178,0,0.025323400
chroma,1,insert_fusionado,-,2179,0,0.026679900
chroma,1,insert_fusionado,-,2180,0,0.028066600
chroma,1,insert_fusionado,-,2181,0,0.029873000
chroma,1,insert_fusionado,-,2182,0,0.025657000
chroma,1,insert_fusionado,-,2183,0,0.027873500
chroma,1,insert_fusionado,-,2184,0,0.027416500
chroma,1,insert_fusionado,-,2185,0,0.027173300
chroma,1,insert_fusionado,-,2186,0,0.026793200
chroma,1,insert_fusionado,-,2187,0,0.028297400
chroma,1,insert_fusionado,-,2188,0,0.026913200
chroma,1,insert_fusionado,-,2189,0,0.026601200
chroma,1,insert_fusionado,-,2190,0,0.028664700
chroma,1,insert_fusionado,-,2191,0,0.027151600
chroma,1,insert_fusionado,-,2192,0,0.026045400
chroma,1,insert_fusionado,-,2193,0,0.029437800
chroma,1,insert_fusionado,-,2194,0,0.025560900
chroma,1,insert_fusionado,-,2195,0,0.027250600
chroma,1,insert_fusionado,-,2196,0,0.029113500
chroma,1,insert_fusionado,-,2197,0,0.026220300
chroma,1,insert_fusionado,-,2198,0,0.030842000
chroma,1,insert_fusionado,-,2199,0,0.030331600
chroma,1,insert_fusionado,-,2200,0,0.026351100
chroma,1,insert_fusionado,-,2201,0,0.028071100
chroma,1,insert_fusionado,-,2202,0,0.030192500
chroma,1,insert_fusionado,-,2203,0,0.027642400
chroma,1,insert_fusionado,-,2204,0,0.026424600
chroma,1,insert_fusionado,-,2205,0,0.027268000
chroma,1,insert_fusionado,-,2206,0,0.025906400
chroma,1,insert_fusionado,-,2207,0,0.028354200
chroma,1,insert_fusionado,-,2208,0,0.028828500
chroma,1,insert_fusionado,-,2209,0,0.028819300
chroma,1,insert_fusionado,-,2210,0,0.028623400
chroma,1,insert_fusionado,-,2211,0,0.025837600
chroma,1,insert_fusionado,-,2212,0,0.026083800
chroma,1,insert_fusionado,-,2213,0,0.025923300
chroma,1,insert_fusionado,-,2214,0,0.029775200
chroma,1,insert_fusionado,-,2215,0,0.025098200
chroma,1,insert_fusionado,-,2216,0,0.027408800
chroma,1,insert_fusionado,-,2217,0,0.029082300
chroma,1,insert_fusionado,-,2218,0,0.025988100
chroma,1,insert_fusionado,-,2219,0,0.029959000
chroma,1,insert_fusionado,-,2220,0,0.029471400
chroma,1,insert_fusionado,-,2221,0,0.028335400
chroma,1,insert_fusionado,-,2222,0,0.029065100
chroma,1,insert_fusionado,-,2223,0,0.028582300
chroma,1,insert_fusionado,-,2224,0,0.029693800
chroma,1,insert_fusionado,-,2225,0,0.027710800
chroma,1,insert_fusionado,-,2226,0,0.028025900
chroma,1,insert_fusionado,-,2227,0,0.027248200
chroma,1,insert_fusionado,-,2228,0,0.027716300
chroma,1,insert_fusionado,-,2229,0,0.027441100
chroma,1,insert_fusionado,-,2230,0,0.026432200
chroma,1,insert_fusionado,-,2231,0,0.030637100
chroma,1,insert_fusionado,-,2232,0,0.027850500
chroma,1,insert_fusionado,-,2233,0,0.027167400
chroma,1,insert_fusionado,-,2234,0,0.029113100
chroma,1,insert_fusionado,-,2235,0,0.026592000
chroma,1,insert_fusionado,-,2236,0,0.026174200
chroma,1,insert_fusionado,-,2237,0,0.027062900
chroma,1,insert_fusionado,-,2238,0,0.027867000
chroma,1,insert_fusionado,-,2239,0,0.028366100
chroma,1,insert_fusionado,-,2240,0,0.026657600
chroma,1,insert_fusionado,-,2241,0,0.028459500
chroma,1,insert_fusionado,-,2242,0,0.025889000
chroma,1,insert_fusionado,-,2243,0,0.026891600
chroma,1,insert_fusionado,-,2244,0,0.035753400
chroma,1,insert_fusionado,-,2245,0,0.038214600
chroma,1,insert_fusionado,-,2246,0,0.036571300
chroma,1,insert_fusionado,-,2247,0,0.033895400
chroma,1,insert_fusionado,-,2248,0,0.032589800
chroma,1,insert_fusionado,-,2249,0,0.035392800
chroma,1,insert_fusionado,-,2250,0,0.033560700
chroma,1,insert_fusionado,-,2251,0,0.035003200
chroma,1,insert_fusionado,-,2252,0,0.028221700
chroma,1,insert_fusionado,-,2253,0,0.029158000
chroma,1,insert_fusionado,-,2254,0,0.027851500
chroma,1,insert_fusionado,-,2255,0,0.028221000
chroma,1,insert_fusionado,-,2256,0,0.028972900
chroma,1,insert_fusionado,-,2257,0,0.027291400
chroma,1,insert_fusionado,-,2258,0,0.030318800
chroma,1,insert_fusionado,-,2259,0,0.035175200
chroma,1,insert_fusionado,-,2260,0,0.028478300
chroma,1,insert_fusionado,-,2261,0,0.030357200
chroma,1,insert_fusionado,-,2262,0,0.030184000
chroma,1,insert_fusionado,-,2263,0,0.028293100
chroma,1,insert_fusionado,-,2264,0,0.029520100
chroma,1,insert_fusionado,-,2265,0,0.026060600
chroma,1,insert_fusionado,-,2266,0,0.041134000
chroma,1,insert_fusionado,-,2267,0,0.025415300
chroma,1,insert_fusionado,-,2268,0,0.029312300
chroma,1,insert_fusionado,-,2269,0,0.029881000
chroma,1,insert_fusionado,-,2270,0,0.030507500
chroma,1,insert_fusionado,-,2271,0,0.027116600
chroma,1,insert_fusionado,-,2272,0,0.029292600
chroma,1,insert_fusionado,-,2273,0,0.026813600
chroma,1,insert_fusionado,-,2274,0,0.026248000
chroma,1,insert_fusionado,-,2275,0,0.027192200
chroma,1,insert_fusionado,-,2276,0,0.029014600
chroma,1,insert_fusionado,-,2277,0,0.030256300
chroma,1,insert_fusionado,-,2278,0,0.025200200
chroma,1,insert_fusionado,-,2279,0,0.028498600
chroma,1,insert_fusionado,-,2280,0,0.029730300
chroma,1,insert_fusionado,-,2281,0,0.026059900
chroma,1,insert_fusionado,-,2282,0,0.030618200
chroma,1,insert_fusionado,-,2283,0,0.030327600
chroma,1,insert_fusionado,-,2284,0,0.032650200
chroma,1,insert_fusionado,-,2285,0,0.026697000
chroma,1,insert_fusionado,-,2286,0,0.025521500
chroma,1,insert_fusionado,-,2287,0,0.029430900
chroma,1,insert_fusionado,-,2288,0,0.025908300
chroma,1,insert_fusionado,-,2289,0,0.025762800
chroma,1,insert_fusionado,-,2290,0,0.028628900
chroma,1,insert_fusionado,-,2291,0,0.028191000
chroma,1,insert_fusionado,-,2292,0,0.031692700
chroma,1,insert_fusionado,-,2293,0,0.032654800
chroma,1,insert_fusionado,-,2294,0,0.027832600
chroma,1,insert_fusionado,-,2295,0,0.031551100
chroma,1,insert_fusionado,-,2296,0,0.028242800
chroma,1,insert_fusionado,-,2297,0,0.026394100
chroma,1,insert_fusionado,-,2298,0,0.028319700
chroma,1,insert_fusionado,-,2299,0,0.029493900
chroma,1,insert_fusionado,-,2300,0,0.033661600
chroma,1,insert_fusionado,-,2301,0,0.029516000
chroma,1,insert_fusionado,-,2302,0,0.029479800
chroma,1,insert_fusionado,-,2303,0,0.035882400
chroma,1,insert_fusionado,-,2304,0,0.030130300
chroma,1,insert_fusionado,-,2305,0,0.029586700
chroma,1,insert_fusionado,-,2306,0,0.028439800
chroma,1,insert_fusionado,-,2307,0,0.031682400
chroma,1,insert_fusionado,-,2308,0,0.028364100
chroma,1,insert_fusionado,-,2309,0,0.031230900
chroma,1,insert_fusionado,-,2310,0,0.029413900
chroma,1,insert_fusionado,-,2311,0,0.033159100
chroma,1,insert_fusionado,-,2312,0,0.031055500
chroma,1,insert_fusionado,-,2313,0,0.032242600
chroma,1,insert_fusionado,-,2314,0,0.029181400
chroma,1,insert_fusionado,-,2315,0,0.032371300
chroma,1,insert_fusionado,-,2316,0,0.032974900
chroma,1,insert_fusionado,-,2317,0,0.032657500
chroma,1,insert_fusionado,-,2318,0,0.034415200
chroma,1,insert_fusionado,-,2319,0,0.030084600
chroma,1,insert_fusionado,-,2320,0,0.027666400
chroma,1,insert_fusionado,-,2321,0,0.027564700
chroma,1,insert_fusionado,-,2322,0,0.027672300
chroma,1,insert_fusionado,-,2323,0,0.032872500
chroma,1,insert_fusionado,-,2324,0,0.030206500
chroma,1,insert_fusionado,-,2325,0,0.033053800
chroma,1,insert_fusionado,-,2326,0,0.029943500
chroma,1,insert_fusionado,-,2327,0,0.033771500
chroma,1,insert_fusionado,-,2328,0,0.036034000
chroma,1,insert_fusionado,-,2329,0,0.035150700
chroma,1,insert_fusionado,-,2330,0,0.032221200
chroma,1,insert_fusionado,-,2331,0,0.028129500
chroma,1,insert_fusionado,-,2332,0,0.030094600
chroma,1,insert_fusionado,-,2333,0,0.027342600
chroma,1,insert_fusionado,-,2334,0,0.032420700
chroma,1,insert_fusionado,-,2335,0,0.031777700
chroma,1,insert_fusionado,-,2336,0,0.029932500
chroma,1,insert_fusionado,-,2337,0,0.028549800
chroma,1,insert_fusionado,-,2338,0,0.026286200
chroma,1,insert_fusionado,-,2339,0,0.033366900
chroma,1,insert_fusionado,-,2340,0,0.031906900
chroma,1,insert_fusionado,-,2341,0,0.027823100
chroma,1,insert_fusionado,-,2342,0,0.030770900
chroma,1,insert_fusionado,-,2343,0,0.028078900
chroma,1,insert_fusionado,-,2344,0,0.027873400
chroma,1,insert_fusionado,-,2345,0,0.030627000
chroma,1,insert_fusionado,-,2346,0,0.028361100
chroma,1,insert_fusionado,-,2347,0,0.027238400
chroma,1,insert_fusionado,-,2348,0,0.027170000
chroma,1,insert_fusionado,-,2349,0,0.031952800
chroma,1,insert_fusionado,-,2350,0,0.030576200
chroma,1,insert_fusionado,-,2351,0,0.028469600
chroma,1,insert_fusionado,-,2352,0,0.030365300
chroma,1,insert_fusionado,-,2353,0,0.029803300
chroma,1,insert_fusionado,-,2354,0,0.029844700
chroma,1,insert_fusionado,-,2355,0,0.030035000
chroma,1,insert_fusionado,-,2356,0,0.027633000
chroma,1,insert_fusionado,-,2357,0,0.027464200
chroma,1,insert_fusionado,-,2358,0,0.029597100
chroma,1,insert_fusionado,-,2359,0,0.028558700
chroma,1,insert_fusionado,-,2360,0,0.028924900
chroma,1,insert_fusionado,-,2361,0,0.029382200
chroma,1,insert_fusionado,-,2362,0,0.028396700
chroma,1,insert_fusionado,-,2363,0,0.031552300
chroma,1,insert_fusionado,-,2364,0,0.029042500
chroma,1,insert_fusionado,-,2365,0,0.028454400
chroma,1,insert_fusionado,-,2366,0,0.031327900
chroma,1,insert_fusionado,-,2367,0,0.033303500
chroma,1,insert_fusionado,-,2368,0,0.029190100
chroma,1,insert_fusionado,-,2369,0,0.027977300
chroma,1,insert_fusionado,-,2370,0,0.027791900
chroma,1,insert_fusionado,-,2371,0,0.027763700
chroma,1,insert_fusionado,-,2372,0,0.030949600
chroma,1,insert_fusionado,-,2373,0,0.032258800
chroma,1,insert_fusionado,-,2374,0,0.027208600
chroma,1,insert_fusionado,-,2375,0,0.027555900
chroma,1,insert_fusionado,-,2376,0,0.031217300
chroma,1,insert_fusionado,-,2377,0,0.030278400
chroma,1,insert_fusionado,-,2378,0,0.033437200
chroma,1,insert_fusionado,-,2379,0,0.033115900
chroma,1,insert_fusionado,-,2380,0,0.028073800
chroma,1,insert_fusionado,-,2381,0,0.029847500
chroma,1,insert_fusionado,-,2382,0,0.028113100
chroma,1,insert_fusionado,-,2383,0,0.028299900
chroma,1,insert_fusionado,-,2384,0,0.028038300
chroma,1,insert_fusionado,-,2385,0,0.028331200
chroma,1,insert_fusionado,-,2386,0,0.028928100
chroma,1,insert_fusionado,-,2387,0,0.032020300
chroma,1,insert_fusionado,-,2388,0,0.030788000
chroma,1,insert_fusionado,-,2389,0,0.028709500
chroma,1,insert_fusionado,-,2390,0,0.027785700
chroma,1,insert_fusionado,-,2391,0,0.029423900
chroma,1,insert_fusionado,-,2392,0,0.029294700
chroma,1,insert_fusionado,-,2393,0,0.027432900
chroma,1,insert_fusionado,-,2394,0,0.027255100
chroma,1,insert_fusionado,-,2395,0,0.028010300
chroma,1,insert_fusionado,-,2396,0,0.028363100
chroma,1,insert_fusionado,-,2397,0,0.028367700
chroma,1,insert_fusionado,-,2398,0,0.027970800
chroma,1,insert_fusionado,-,2399,0,0.029051500
chroma,1,insert_fusionado,-,2400,0,0.029195200
chroma,1,insert_fusionado,-,2401,0,0.029104500
chroma,1,insert_fusionado,-,2402,0,0.027707200
chroma,1,insert_fusionado,-,2403,0,0.027187200
chroma,1,insert_fusionado,-,2404,0,0.028112300
chroma,1,insert_fusionado,-,2405,0,0.027310800
chroma,1,insert_fusionado,-,2406,0,0.029297400
chroma,1,insert_fusionado,-,2407,0,0.032741800
chroma,1,insert_fusionado,-,2408,0,0.030112000
chroma,1,insert_fusionado,-,2409,0,0.028050200
chroma,1,insert_fusionado,-,2410,0,0.027494100
chroma,1,insert_fusionado,-,2411,0,0.032155300
chroma,1,insert_fusionado,-,2412,0,0.030630000
chroma,1,insert_fusionado,-,2413,0,0.030150300
chroma,1,insert_fusionado,-,2414,0,0.029512000
chroma,1,insert_fusionado,-,2415,0,0.030877100
chroma,1,insert_fusionado,-,2416,0,0.028396700
chroma,1,insert_fusionado,-,2417,0,0.030577200
chroma,1,insert_fusionado,-,2418,0,0.029783900
chroma,1,insert_fusionado,-,2419,0,0.030005700
chroma,1,insert_fusionado,-,2420,0,0.028633200
chroma,1,insert_fusionado,-,2421,0,0.032696200
chroma,1,insert_fusionado,-,2422,0,0.029021200
chroma,1,insert_fusionado,-,2423,0,0.029883300
chroma,1,insert_fusionado,-,2424,0,0.034903000
chroma,1,insert_fusionado,-,2425,0,0.027914300
chroma,1,insert_fusionado,-,2426,0,0.028400700
chroma,1,insert_fusionado,-,2427,0,0.029350300
chroma,1,insert_fusionado,-,2428,0,0.031492500
chroma,1,insert_fusionado,-,2429,0,0.030200600
chroma,1,insert_fusionado,-,2430,0,0.029649000
chroma,1,insert_fusionado,-,2431,0,0.030222100
chroma,1,insert_fusionado,-,2432,0,0.029268100
chroma,1,insert_fusionado,-,2433,0,0.027961200
chroma,1,insert_fusionado,-,2434,0,0.033828300
chroma,1,insert_fusionado,-,2435,0,0.031875700
chroma,1,insert_fusionado,-,2436,0,0.030941800
chroma,1,insert_fusionado,-,2437,0,0.033248700
chroma,1,insert_fusionado,-,2438,0,0.036319900
chroma,1,insert_fusionado,-,2439,0,0.029740500
chroma,1,insert_fusionado,-,2440,0,0.031289800
chroma,1,insert_fusionado,-,2441,0,0.028839300
chroma,1,insert_fusionado,-,2442,0,0.034384800
chroma,1,insert_fusionado,-,2443,0,0.029725800
chroma,1,insert_fusionado,-,2444,0,0.026355900
chroma,1,insert_fusionado,-,2445,0,0.037204400
chroma,1,insert_fusionado,-,2446,0,0.032148700
chroma,1,insert_fusionado,-,2447,0,0.034863000
chroma,1,insert_fusionado,-,2448,0,0.033256300
chroma,1,insert_fusionado,-,2449,0,0.032800000
chroma,1,insert_fusionado,-,2450,0,0.032944800
chroma,1,insert_fusionado,-,2451,0,0.029758100
chroma,1,insert_fusionado,-,2452,0,0.035056800
chroma,1,insert_fusionado,-,2453,0,0.029502800
chroma,1,insert_fusionado,-,2454,0,0.029370800
chroma,1,insert_fusionado,-,2455,0,0.028949500
chroma,1,insert_fusionado,-,2456,0,0.031886200
chroma,1,insert_fusionado,-,2457,0,0.028253600
chroma,1,insert_fusionado,-,2458,0,0.028249900
chroma,1,insert_fusionado,-,2459,0,0.031848800
chroma,1,insert_fusionado,-,2460,0,0.032232500
chroma,1,insert_fusionado,-,2461,0,0.029793800
chroma,1,insert_fusionado,-,2462,0,0.030461800
chroma,1,insert_fusionado,-,2463,0,0.030576000
chroma,1,insert_fusionado,-,2464,0,0.029763100
chroma,1,insert_fusionado,-,2465,0,0.029532000
chroma,1,insert_fusionado,-,2466,0,0.032395000
chroma,1,insert_fusionado,-,2467,0,0.035474400
chroma,1,insert_fusionado,-,2468,0,0.029946900
chroma,1,insert_fusionado,-,2469,0,0.028797700
chroma,1,insert_fusionado,-,2470,0,0.028804300
chroma,1,insert_fusionado,-,2471,0,0.029288200
chroma,1,insert_fusionado,-,2472,0,0.029804200
chroma,1,insert_fusionado,-,2473,0,0.028982300
chroma,1,insert_fusionado,-,2474,0,0.030620200
chroma,1,insert_fusionado,-,2475,0,0.029114100
chroma,1,insert_fusionado,-,2476,0,0.030556600
chroma,1,insert_fusionado,-,2477,0,0.030831800
chroma,1,insert_fusionado,-,2478,0,0.031448300
chroma,1,insert_fusionado,-,2479,0,0.031691100
chroma,1,insert_fusionado,-,2480,0,0.030038500
chroma,1,insert_fusionado,-,2481,0,0.028865900
chroma,1,insert_fusionado,-,2482,0,0.030659100
chroma,1,insert_fusionado,-,2483,0,0.031759900
chroma,1,insert_fusionado,-,2484,0,0.030311900
chroma,1,insert_fusionado,-,2485,0,0.035270000
chroma,1,insert_fusionado,-,2486,0,0.029995100
chroma,1,insert_fusionado,-,2487,0,0.030751500
chroma,1,insert_fusionado,-,2488,0,0.027778700
chroma,1,insert_fusionado,-,2489,0,0.030320700
chroma,1,insert_fusionado,-,2490,0,0.029307500
chroma,1,insert_fusionado,-,2491,0,0.029764300
chroma,1,insert_fusionado,-,2492,0,0.031722400
chroma,1,insert_fusionado,-,2493,0,0.034256900
chroma,1,insert_fusionado,-,2494,0,0.029825700
chroma,1,insert_fusionado,-,2495,0,0.033328200
chroma,1,insert_fusionado,-,2496,0,0.027962100
chroma,1,insert_fusionado,-,2497,0,0.030398900
chroma,1,insert_fusionado,-,2498,0,0.029475800
chroma,1,insert_fusionado,-,2499,0,0.028543800
chroma,1,insert_fusionado,-,2500,0,0.031325700
chroma,1,insert_fusionado,-,2501,0,0.033343100
chroma,1,insert_fusionado,-,2502,0,0.029214100
chroma,1,insert_fusionado,-,2503,0,0.032110900
chroma,1,insert_fusionado,-,2504,0,0.031173000
chroma,1,insert_fusionado,-,2505,0,0.031514700
chroma,1,insert_fusionado,-,2506,0,0.030782400
chroma,1,insert_fusionado,-,2507,0,0.029368200
chroma,1,insert_fusionado,-,2508,0,0.034105500
chroma,1,insert_fusionado,-,2509,0,0.031915200
chroma,1,insert_fusionado,-,2510,0,0.030509700
chroma,1,insert_fusionado,-,2511,0,0.032230200
chroma,1,insert_fusionado,-,2512,0,0.032646200
chroma,1,insert_fusionado,-,2513,0,0.031942400
chroma,1,insert_fusionado,-,2514,0,0.029064800
chroma,1,insert_fusionado,-,2515,0,0.029130500
chroma,1,insert_fusionado,-,2516,0,0.034147400
chroma,1,insert_fusionado,-,2517,0,0.031348500
chroma,1,insert_fusionado,-,2518,0,0.031963100
chroma,1,insert_fusionado,-,2519,0,0.030695000
chroma,1,insert_fusionado,-,2520,0,0.029401500
chroma,1,insert_fusionado,-,2521,0,0.037553000
chroma,1,insert_fusionado,-,2522,0,0.038356000
chroma,1,insert_fusionado,-,2523,0,0.038673700
chroma,1,insert_fusionado,-,2524,0,0.038049600
chroma,1,insert_fusionado,-,2525,0,0.037249800
chroma,1,insert_fusionado,-,2526,0,0.041868200
chroma,1,insert_fusionado,-,2527,0,0.036913600
chroma,1,insert_fusionado,-,2528,0,0.036732500
chroma,1,insert_fusionado,-,2529,0,0.029353400
chroma,1,insert_fusionado,-,2530,0,0.028138000
chroma,1,insert_fusionado,-,2531,0,0.031884800
chroma,1,insert_fusionado,-,2532,0,0.030420000
chroma,1,insert_fusionado,-,2533,0,0.027692200
chroma,1,insert_fusionado,-,2534,0,0.030338500
chroma,1,insert_fusionado,-,2535,0,0.029100100
chroma,1,insert_fusionado,-,2536,0,0.028962900
chroma,1,insert_fusionado,-,2537,0,0.029633800
chroma,1,insert_fusionado,-,2538,0,0.033010400
chroma,1,insert_fusionado,-,2539,0,0.030210000
chroma,1,insert_fusionado,-,2540,0,0.030748600
chroma,1,insert_fusionado,-,2541,0,0.031607300
chroma,1,insert_fusionado,-,2542,0,0.029903900
chroma,1,insert_fusionado,-,2543,0,0.031121800
chroma,1,insert_fusionado,-,2544,0,0.029985700
chroma,1,insert_fusionado,-,2545,0,0.028280200
chroma,1,insert_fusionado,-,2546,0,0.032063800
chroma,1,insert_fusionado,-,2547,0,0.029040800
chroma,1,insert_fusionado,-,2548,0,0.034034200
chroma,1,insert_fusionado,-,2549,0,0.038536600
chroma,1,insert_fusionado,-,2550,0,0.039939100
chroma,1,insert_fusionado,-,2551,0,0.039192600
chroma,1,insert_fusionado,-,2552,0,0.035807300
chroma,1,insert_fusionado,-,2553,0,0.036841400
chroma,1,insert_fusionado,-,2554,0,0.034683600
chroma,1,insert_fusionado,-,2555,0,0.037759700
chroma,1,insert_fusionado,-,2556,0,0.031673900
chroma,1,insert_fusionado,-,2557,0,0.028476700
chroma,1,insert_fusionado,-,2558,0,0.031855800
chroma,1,insert_fusionado,-,2559,0,0.036367600
chroma,1,insert_fusionado,-,2560,0,0.031508600
chroma,1,insert_fusionado,-,2561,0,0.032151800
chroma,1,insert_fusionado,-,2562,0,0.029873100
chroma,1,insert_fusionado,-,2563,0,0.030591300
chroma,1,insert_fusionado,-,2564,0,0.042508900
chroma,1,insert_fusionado,-,2565,0,0.032456800
chroma,1,insert_fusionado,-,2566,0,0.030940100
chroma,1,insert_fusionado,-,2567,0,0.032326200
chroma,1,insert_fusionado,-,2568,0,0.030271400
chroma,1,insert_fusionado,-,2569,0,0.031139200
chroma,1,insert_fusionado,-,2570,0,0.030210600
chroma,1,insert_fusionado,-,2571,0,0.032248000
chroma,1,insert_fusionado,-,2572,0,0.032819500
chroma,1,insert_fusionado,-,2573,0,0.037203800
chroma,1,insert_fusionado,-,2574,0,0.029584000
chroma,1,insert_fusionado,-,2575,0,0.052190600
chroma,1,insert_fusionado,-,2576,0,0.051551300
chroma,1,insert_fusionado,-,2577,0,0.033853900
chroma,1,insert_fusionado,-,2578,0,0.032293100
chroma,1,insert_fusionado,-,2579,0,0.029564100
chroma,1,insert_fusionado,-,2580,0,0.032321600
chroma,1,insert_fusionado,-,2581,0,0.032790900
chroma,1,insert_fusionado,-,2582,0,0.031422600
chroma,1,insert_fusionado,-,2583,0,0.031773600
chroma,1,insert_fusionado,-,2584,0,0.030560900
chroma,1,insert_fusionado,-,2585,0,0.030590600
chroma,1,insert_fusionado,-,2586,0,0.043434200
chroma,1,insert_fusionado,-,2587,0,0.035312400
chroma,1,insert_fusionado,-,2588,0,0.043700800
chroma,1,insert_fusionado,-,2589,0,0.040101200
chroma,1,insert_fusionado,-,2590,0,0.033855500
chroma,1,insert_fusionado,-,2591,0,0.041582600
chroma,1,insert_fusionado,-,2592,0,0.034821700
chroma,1,insert_fusionado,-,2593,0,0.033517700
chroma,1,insert_fusionado,-,2594,0,0.033413600
chroma,1,insert_fusionado,-,2595,0,0.031965600
chroma,1,insert_fusionado,-,2596,0,0.031043600
chroma,1,insert_fusionado,-,2597,0,0.030248700
chroma,1,insert_fusionado,-,2598,0,0.032857100
chroma,1,insert_fusionado,-,2599,0,0.033242900
chroma,1,insert_fusionado,-,2600,0,0.032550400
chroma,1,insert_fusionado,-,2601,0,0.030409000
chroma,1,insert_fusionado,-,2602,0,0.030848700
chroma,1,insert_fusionado,-,2603,0,0.032185600
chroma,1,insert_fusionado,-,2604,0,0.032261800
chroma,1,insert_fusionado,-,2605,0,0.029423200
chroma,1,insert_fusionado,-,2606,0,0.033970400
chroma,1,insert_fusionado,-,2607,0,0.032905000
chroma,1,insert_fusionado,-,2608,0,0.042731300
chroma,1,insert_fusionado,-,2609,0,0.031382300
chroma,1,insert_fusionado,-,2610,0,0.031833700
chroma,1,insert_fusionado,-,2611,0,0.037595600
chroma,1,insert_fusionado,-,2612,0,0.034631500
chroma,1,insert_fusionado,-,2613,0,0.032675400
chroma,1,insert_fusionado,-,2614,0,0.030560900
chroma,1,insert_fusionado,-,2615,0,0.030868000
chroma,1,insert_fusionado,-,2616,0,0.032511200
chroma,1,insert_fusionado,-,2617,0,0.029192900
chroma,1,insert_fusionado,-,2618,0,0.031004400
chroma,1,insert_fusionado,-,2619,0,0.030130600
chroma,1,insert_fusionado,-,2620,0,0.030390300
chroma,1,insert_fusionado,-,2621,0,0.030210900
chroma,1,insert_fusionado,-,2622,0,0.030914600
chroma,1,insert_fusionado,-,2623,0,0.032651400
chroma,1,insert_fusionado,-,2624,0,0.036808900
chroma,1,insert_fusionado,-,2625,0,0.031274500
chroma,1,insert_fusionado,-,2626,0,0.028433000
chroma,1,insert_fusionado,-,2627,0,0.033130700
chroma,1,insert_fusionado,-,2628,0,0.031089100
chroma,1,insert_fusionado,-,2629,0,0.032075800
chroma,1,insert_fusionado,-,2630,0,0.031746000
chroma,1,insert_fusionado,-,2631,0,0.029380300
chroma,1,insert_fusionado,-,2632,0,0.033019800
chroma,1,insert_fusionado,-,2633,0,0.030592100
chroma,1,insert_fusionado,-,2634,0,0.032428500
chroma,1,insert_fusionado,-,2635,0,0.033953500
chroma,1,insert_fusionado,-,2636,0,0.032977500
chroma,1,insert_fusionado,-,2637,0,0.029911500
chroma,1,insert_fusionado,-,2638,0,0.029772500
chroma,1,insert_fusionado,-,2639,0,0.028449400
chroma,1,insert_fusionado,-,2640,0,0.028421400
chroma,1,insert_fusionado,-,2641,0,0.032790200
chroma,1,insert_fusionado,-,2642,0,0.030473800
chroma,1,insert_fusionado,-,2643,0,0.027803800
chroma,1,insert_fusionado,-,2644,0,0.030872900
chroma,1,insert_fusionado,-,2645,0,0.035306200
chroma,1,insert_fusionado,-,2646,0,0.030927500
chroma,1,insert_fusionado,-,2647,0,0.037342200
chroma,1,insert_fusionado,-,2648,0,0.031483800
chroma,1,insert_fusionado,-,2649,0,0.035398100
chroma,1,insert_fusionado,-,2650,0,0.030371300
chroma,1,insert_fusionado,-,2651,0,0.029619500
chroma,1,insert_fusionado,-,2652,0,0.029898400
chroma,1,insert_fusionado,-,2653,0,0.034247000
chroma,1,insert_fusionado,-,2654,0,0.032935600
chroma,1,insert_fusionado,-,2655,0,0.029901100
chroma,1,insert_fusionado,-,2656,0,0.029346200
chroma,1,insert_fusionado,-,2657,0,0.032762800
chroma,1,insert_fusionado,-,2658,0,0.032048100
chroma,1,insert_fusionado,-,2659,0,0.032727700
chroma,1,insert_fusionado,-,2660,0,0.035028800
chroma,1,insert_fusionado,-,2661,0,0.032428500
chroma,1,insert_fusionado,-,2662,0,0.031488000
chroma,1,insert_fusionado,-,2663,0,0.031720300
chroma,1,insert_fusionado,-,2664,0,0.032440200
chroma,1,insert_fusionado,-,2665,0,0.033754600
chroma,1,insert_fusionado,-,2666,0,0.034308500
chroma,1,insert_fusionado,-,2667,0,0.031455800
chroma,1,insert_fusionado,-,2668,0,0.033837800
chroma,1,insert_fusionado,-,2669,0,0.031768100
chroma,1,insert_fusionado,-,2670,0,0.030961100
chroma,1,insert_fusionado,-,2671,0,0.032258400
chroma,1,insert_fusionado,-,2672,0,0.035401900
chroma,1,insert_fusionado,-,2673,0,0.030079900
chroma,1,insert_fusionado,-,2674,0,0.031779600
chroma,1,insert_fusionado,-,2675,0,0.032912600
chroma,1,insert_fusionado,-,2676,0,0.030862500
chroma,1,insert_fusionado,-,2677,0,0.032326000
chroma,1,insert_fusionado,-,2678,0,0.029889300
chroma,1,insert_fusionado,-,2679,0,0.031200200
chroma,1,insert_fusionado,-,2680,0,0.031133600
chroma,1,insert_fusionado,-,2681,0,0.034998500
chroma,1,insert_fusionado,-,2682,0,0.035152200
chroma,1,insert_fusionado,-,2683,0,0.035816900
chroma,1,insert_fusionado,-,2684,0,0.032739100
chroma,1,insert_fusionado,-,2685,0,0.033609800
chroma,1,insert_fusionado,-,2686,0,0.031171000
chroma,1,insert_fusionado,-,2687,0,0.035096500
chroma,1,insert_fusionado,-,2688,0,0.031512400
chroma,1,insert_fusionado,-,2689,0,0.038758000
chroma,1,insert_fusionado,-,2690,0,0.033034700
chroma,1,insert_fusionado,-,2691,0,0.037160100
chroma,1,insert_fusionado,-,2692,0,0.033888900
chroma,1,insert_fusionado,-,2693,0,0.033201000
chroma,1,insert_fusionado,-,2694,0,0.033822100
chroma,1,insert_fusionado,-,2695,0,0.032788800
chroma,1,insert_fusionado,-,2696,0,0.034515300
chroma,1,insert_fusionado,-,2697,0,0.030656000
chroma,1,insert_fusionado,-,2698,0,0.030287800
chroma,1,insert_fusionado,-,2699,0,0.032875400
chroma,1,insert_fusionado,-,2700,0,0.033916000
chroma,1,insert_fusionado,-,2701,0,0.030593900
chroma,1,insert_fusionado,-,2702,0,0.032088000
chroma,1,insert_fusionado,-,2703,0,0.034465400
chroma,1,insert_fusionado,-,2704,0,0.032742600
chroma,1,insert_fusionado,-,2705,0,0.032448400
chroma,1,insert_fusionado,-,2706,0,0.031138900
chroma,1,insert_fusionado,-,2707,0,0.032312900
chroma,1,insert_fusionado,-,2708,0,0.034664600
chroma,1,insert_fusionado,-,2709,0,0.030268400
chroma,1,insert_fusionado,-,2710,0,0.031967000
chroma,1,insert_fusionado,-,2711,0,0.031138000
chroma,1,insert_fusionado,-,2712,0,0.035142600
chroma,1,insert_fusionado,-,2713,0,0.034001500
chroma,1,insert_fusionado,-,2714,0,0.031839400
chroma,1,insert_fusionado,-,2715,0,0.030884400
chroma,1,insert_fusionado,-,2716,0,0.031857200
chroma,1,insert_fusionado,-,2717,0,0.033666300
chroma,1,insert_fusionado,-,2718,0,0.034859200
chroma,1,insert_fusionado,-,2719,0,0.032572500
chroma,1,insert_fusionado,-,2720,0,0.033865900
chroma,1,insert_fusionado,-,2721,0,0.032294400
chroma,1,insert_fusionado,-,2722,0,0.031929000
chroma,1,insert_fusionado,-,2723,0,0.032990000
chroma,1,insert_fusionado,-,2724,0,0.029303800
chroma,1,insert_fusionado,-,2725,0,0.030196900
chroma,1,insert_fusionado,-,2726,0,0.030276200
chroma,1,insert_fusionado,-,2727,0,0.031796700
chroma,1,insert_fusionado,-,2728,0,0.029711800
chroma,1,insert_fusionado,-,2729,0,0.031151800
chroma,1,insert_fusionado,-,2730,0,0.032831500
chroma,1,insert_fusionado,-,2731,0,0.031665800
chroma,1,insert_fusionado,-,2732,0,0.032634300
chroma,1,insert_fusionado,-,2733,0,0.032863500
chroma,1,insert_fusionado,-,2734,0,0.030800700
chroma,1,insert_fusionado,-,2735,0,0.033944900
chroma,1,insert_fusionado,-,2736,0,0.035884900
chroma,1,insert_fusionado,-,2737,0,0.036382100
chroma,1,insert_fusionado,-,2738,0,0.035228500
chroma,1,insert_fusionado,-,2739,0,0.033058700
chroma,1,insert_fusionado,-,2740,0,0.031297800
chroma,1,insert_fusionado,-,2741,0,0.031397800
chroma,1,insert_fusionado,-,2742,0,0.032746700
chroma,1,insert_fusionado,-,2743,0,0.033087800
chroma,1,insert_fusionado,-,2744,0,0.039298700
chroma,1,insert_fusionado,-,2745,0,0.031458800
chroma,1,insert_fusionado,-,2746,0,0.032322100
chroma,1,insert_fusionado,-,2747,0,0.034385300
chroma,1,insert_fusionado,-,2748,0,0.030023500
chroma,1,insert_fusionado,-,2749,0,0.030124500
chroma,1,insert_fusionado,-,2750,0,0.031065800
chroma,1,insert_fusionado,-,2751,0,0.032331000
chroma,1,insert_fusionado,-,2752,0,0.031463300
chroma,1,insert_fusionado,-,2753,0,0.032354300
chroma,1,insert_fusionado,-,2754,0,0.033086800
chroma,1,insert_fusionado,-,2755,0,0.031076000
chroma,1,insert_fusionado,-,2756,0,0.030195800
chroma,1,insert_fusionado,-,2757,0,0.029907700
chroma,1,insert_fusionado,-,2758,0,0.031348500
chroma,1,insert_fusionado,-,2759,0,0.033561000
chroma,1,insert_fusionado,-,2760,0,0.035362700
chroma,1,insert_fusionado,-,2761,0,0.033433200
chroma,1,insert_fusionado,-,2762,0,0.031814500
chroma,1,insert_fusionado,-,2763,0,0.032478000
chroma,1,insert_fusionado,-,2764,0,0.033503700
chroma,1,insert_fusionado,-,2765,0,0.031516500
chroma,1,insert_fusionado,-,2766,0,0.034015200
chroma,1,insert_fusionado,-,2767,0,0.029360200
chroma,1,insert_fusionado,-,2768,0,0.030941700
chroma,1,insert_fusionado,-,2769,0,0.032893600
chroma,1,insert_fusionado,-,2770,0,0.032096100
chroma,1,insert_fusionado,-,2771,0,0.030420300
chroma,1,insert_fusionado,-,2772,0,0.035943500
chroma,1,insert_fusionado,-,2773,0,0.034614600
chroma,1,insert_fusionado,-,2774,0,0.033356800
chroma,1,insert_fusionado,-,2775,0,0.032617600
chroma,1,insert_fusionado,-,2776,0,0.034771000
chroma,1,insert_fusionado,-,2777,0,0.034846800
chroma,1,insert_fusionado,-,2778,0,0.035094500
chroma,1,insert_fusionado,-,2779,0,0.034204800
chroma,1,insert_fusionado,-,2780,0,0.034684900
chroma,1,insert_fusionado,-,2781,0,0.037113200
chroma,1,insert_fusionado,-,2782,0,0.034447000
chroma,1,insert_fusionado,-,2783,0,0.035003400
chroma,1,insert_fusionado,-,2784,0,0.030713300
chroma,1,insert_fusionado,-,2785,0,0.033098100
chroma,1,insert_fusionado,-,2786,0,0.033313900
chroma,1,insert_fusionado,-,2787,0,0.031376800
chroma,1,insert_fusionado,-,2788,0,0.032504700
chroma,1,insert_fusionado,-,2789,0,0.032017200
chroma,1,insert_fusionado,-,2790,0,0.032739600
chroma,1,insert_fusionado,-,2791,0,0.035267400
chroma,1,insert_fusionado,-,2792,0,0.032776800
chroma,1,insert_fusionado,-,2793,0,0.033622600
chroma,1,insert_fusionado,-,2794,0,0.033042900
chroma,1,insert_fusionado,-,2795,0,0.035272500
chroma,1,insert_fusionado,-,2796,0,0.032819700
chroma,1,insert_fusionado,-,2797,0,0.029137200
chroma,1,insert_fusionado,-,2798,0,0.029301400
chroma,1,insert_fusionado,-,2799,0,0.032737800
chroma,1,insert_fusionado,-,2800,0,0.033315700
chroma,1,insert_fusionado,-,2801,0,0.034171600
chroma,1,insert_fusionado,-,2802,0,0.035290800
chroma,1,insert_fusionado,-,2803,0,0.032027300
chroma,1,insert_fusionado,-,2804,0,0.030465400
chroma,1,insert_fusionado,-,2805,0,0.033625800
chroma,1,insert_fusionado,-,2806,0,0.030760600
chroma,1,insert_fusionado,-,2807,0,0.031033400
chroma,1,insert_fusionado,-,2808,0,0.031011600
chroma,1,insert_fusionado,-,2809,0,0.032741000
chroma,1,insert_fusionado,-,2810,0,0.034574700
chroma,1,insert_fusionado,-,2811,0,0.034145400
chroma,1,insert_fusionado,-,2812,0,0.032368900
chroma,1,insert_fusionado,-,2813,0,0.033457200
chroma,1,insert_fusionado,-,2814,0,0.032919600
chroma,1,insert_fusionado,-,2815,0,0.037947700
chroma,1,insert_fusionado,-,2816,0,0.037422200
chroma,1,insert_fusionado,-,2817,0,0.031281600
chroma,1,insert_fusionado,-,2818,0,0.034770300
chroma,1,insert_fusionado,-,2819,0,0.034018600
chroma,1,insert_fusionado,-,2820,0,0.031069500
chroma,1,insert_fusionado,-,2821,0,0.033215000
chroma,1,insert_fusionado,-,2822,0,0.033934700
chroma,1,insert_fusionado,-,2823,0,0.031009200
chroma,1,insert_fusionado,-,2824,0,0.035511200
chroma,1,insert_fusionado,-,2825,0,0.034731100
chroma,1,insert_fusionado,-,2826,0,0.032597800
chroma,1,insert_fusionado,-,2827,0,0.031318100
chroma,1,insert_fusionado,-,2828,0,0.033011300
chroma,1,insert_fusionado,-,2829,0,0.034174300
chroma,1,insert_fusionado,-,2830,0,0.033227900
chroma,1,insert_fusionado,-,2831,0,0.032740300
chroma,1,insert_fusionado,-,2832,0,0.032877700
chroma,1,insert_fusionado,-,2833,0,0.032776400
chroma,1,insert_fusionado,-,2834,0,0.034141900
chroma,1,insert_fusionado,-,2835,0,0.031275300
chroma,1,insert_fusionado,-,2836,0,0.038590400
chroma,1,insert_fusionado,-,2837,0,0.034928500
chroma,1,insert_fusionado,-,2838,0,0.035221400
chroma,1,insert_fusionado,-,2839,0,0.036737600
chroma,1,insert_fusionado,-,2840,0,0.033156800
chroma,1,insert_fusionado,-,2841,0,0.032486000
chroma,1,insert_fusionado,-,2842,0,0.032208500
chroma,1,insert_fusionado,-,2843,0,0.031653600
chroma,1,insert_fusionado,-,2844,0,0.034506800
chroma,1,insert_fusionado,-,2845,0,0.034146400
chroma,1,insert_fusionado,-,2846,0,0.036202400
chroma,1,insert_fusionado,-,2847,0,0.035345800
chroma,1,insert_fusionado,-,2848,0,0.034180100
chroma,1,insert_fusionado,-,2849,0,0.034704700
chroma,1,insert_fusionado,-,2850,0,0.032480400
chroma,1,insert_fusionado,-,2851,0,0.031201800
chroma,1,insert_fusionado,-,2852,0,0.030671600
chroma,1,insert_fusionado,-,2853,0,0.033005000
chroma,1,insert_fusionado,-,2854,0,0.033501700
chroma,1,insert_fusionado,-,2855,0,0.037987300
chroma,1,insert_fusionado,-,2856,0,0.035932400
chroma,1,insert_fusionado,-,2857,0,0.031354800
chroma,1,insert_fusionado,-,2858,0,0.033821600
chroma,1,insert_fusionado,-,2859,0,0.033089400
chroma,1,insert_fusionado,-,2860,0,0.037331100
chroma,1,insert_fusionado,-,2861,0,0.030192600
chroma,1,insert_fusionado,-,2862,0,0.032237500
chroma,1,insert_fusionado,-,2863,0,0.031365600
chroma,1,insert_fusionado,-,2864,0,0.031819700
chroma,1,insert_fusionado,-,2865,0,0.034100700
chroma,1,insert_fusionado,-,2866,0,0.033679600
chroma,1,insert_fusionado,-,2867,0,0.034301900
chroma,1,insert_fusionado,-,2868,0,0.032466400
chroma,1,insert_fusionado,-,2869,0,0.040711400
chroma,1,insert_fusionado,-,2870,0,0.037820100
chroma,1,insert_fusionado,-,2871,0,0.034720700
chroma,1,insert_fusionado,-,2872,0,0.033534400
chroma,1,insert_fusionado,-,2873,0,0.032518700
chroma,1,insert_fusionado,-,2874,0,0.029412600
chroma,1,insert_fusionado,-,2875,0,0.032397000
chroma,1,insert_fusionado,-,2876,0,0.036951200
chroma,1,insert_fusionado,-,2877,0,0.032228600
chroma,1,insert_fusionado,-,2878,0,0.037217600
chroma,1,insert_fusionado,-,2879,0,0.032028300
chroma,1,insert_fusionado,-,2880,0,0.033730200
chroma,1,insert_fusionado,-,2881,0,0.032846400
chroma,1,insert_fusionado,-,2882,0,0.035404900
chroma,1,insert_fusionado,-,2883,0,0.036867500
chroma,1,insert_fusionado,-,2884,0,0.032318900
chroma,1,insert_fusionado,-,2885,0,0.034600100
chroma,1,insert_fusionado,-,2886,0,0.034025500
chroma,1,insert_fusionado,-,2887,0,0.031907600
chroma,1,insert_fusionado,-,2888,0,0.033290000
chroma,1,insert_fusionado,-,2889,0,0.035708100
chroma,1,insert_fusionado,-,2890,0,0.032977600
chroma,1,insert_fusionado,-,2891,0,0.036431300
chroma,1,insert_fusionado,-,2892,0,0.034426800
chroma,1,insert_fusionado,-,2893,0,0.033992200
chroma,1,insert_fusionado,-,2894,0,0.035570600
chroma,1,insert_fusionado,-,2895,0,0.034724700
chroma,1,insert_fusionado,-,2896,0,0.038459700
chroma,1,insert_fusionado,-,2897,0,0.032987800
chroma,1,insert_fusionado,-,2898,0,0.030858000
chroma,1,insert_fusionado,-,2899,0,0.033167400
chroma,1,insert_fusionado,-,2900,0,0.033313200
chroma,1,insert_fusionado,-,2901,0,0.038123100
chroma,1,insert_fusionado,-,2902,0,0.033465500
chroma,1,insert_fusionado,-,2903,0,0.032921300
chroma,1,insert_fusionado,-,2904,0,0.039010300
chroma,1,insert_fusionado,-,2905,0,0.036592600
chroma,1,insert_fusionado,-,2906,0,0.037083000
chroma,1,insert_fusionado,-,2907,0,0.037169100
chroma,1,insert_fusionado,-,2908,0,0.031401300
chroma,1,insert_fusionado,-,2909,0,0.032519500
chroma,1,insert_fusionado,-,2910,0,0.036533200
chroma,1,insert_fusionado,-,2911,0,0.035971300
chroma,1,insert_fusionado,-,2912,0,0.033795400
chroma,1,insert_fusionado,-,2913,0,0.036184700
chroma,1,insert_fusionado,-,2914,0,0.039290200
chroma,1,insert_fusionado,-,2915,0,0.036062800
chroma,1,insert_fusionado,-,2916,0,0.034430800
chroma,1,insert_fusionado,-,2917,0,0.035609600
chroma,1,insert_fusionado,-,2918,0,0.037620800
chroma,1,insert_fusionado,-,2919,0,0.034742900
chroma,1,insert_fusionado,-,2920,0,0.034095200
chroma,1,insert_fusionado,-,2921,0,0.037829900
chroma,1,insert_fusionado,-,2922,0,0.035892700
chroma,1,insert_fusionado,-,2923,0,0.035425500
chroma,1,insert_fusionado,-,2924,0,0.036060100
chroma,1,insert_fusionado,-,2925,0,0.036267800
chroma,1,insert_fusionado,-,2926,0,0.035630600
chroma,1,insert_fusionado,-,2927,0,0.037518400
chroma,1,insert_fusionado,-,2928,0,0.040425500
chroma,1,insert_fusionado,-,2929,0,0.031819700
chroma,1,insert_fusionado,-,2930,0,0.032801300
chroma,1,insert_fusionado,-,2931,0,0.039282600
chroma,1,insert_fusionado,-,2932,0,0.033672300
chroma,1,insert_fusionado,-,2933,0,0.036141700
chroma,1,insert_fusionado,-,2934,0,0.038912200
chroma,1,insert_fusionado,-,2935,0,0.034516700
chroma,1,insert_fusionado,-,2936,0,0.036573600
chroma,1,insert_fusionado,-,2937,0,0.033774600
chroma,1,insert_fusionado,-,2938,0,0.036483400
chroma,1,insert_fusionado,-,2939,0,0.038704500
chroma,1,insert_fusionado,-,2940,0,0.037566900
chroma,1,insert_fusionado,-,2941,0,0.034015800
chroma,1,insert_fusionado,-,2942,0,0.036158000
chroma,1,insert_fusionado,-,2943,0,0.042318100
chroma,1,insert_fusionado,-,2944,0,0.036477000
chroma,1,insert_fusionado,-,2945,0,0.038310600
chroma,1,insert_fusionado,-,2946,0,0.034874000
chroma,1,insert_fusionado,-,2947,0,0.035179200
chroma,1,insert_fusionado,-,2948,0,0.029669000
chroma,1,insert_fusionado,-,2949,0,0.037401900
chroma,1,insert_fusionado,-,2950,0,0.034032700
chroma,1,insert_fusionado,-,2951,0,0.035639500
chroma,1,insert_fusionado,-,2952,0,0.035075400
chroma,1,insert_fusionado,-,2953,0,0.032496600
chroma,1,insert_fusionado,-,2954,0,0.034104300
chroma,1,insert_fusionado,-,2955,0,0.034544800
chroma,1,insert_fusionado,-,2956,0,0.033135900
chroma,1,insert_fusionado,-,2957,0,0.032354100
chroma,1,insert_fusionado,-,2958,0,0.035784000
chroma,1,insert_fusionado,-,2959,0,0.037693700
chroma,1,insert_fusionado,-,2960,0,0.033732900
chroma,1,insert_fusionado,-,2961,0,0.033802500
chroma,1,insert_fusionado,-,2962,0,0.034532200
chroma,1,insert_fusionado,-,2963,0,0.036529300
chroma,1,insert_fusionado,-,2964,0,0.034871600
chroma,1,insert_fusionado,-,2965,0,0.037840500
chroma,1,insert_fusionado,-,2966,0,0.035330700
chroma,1,insert_fusionado,-,2967,0,0.036465300
chroma,1,insert_fusionado,-,2968,0,0.035641800
chroma,1,insert_fusionado,-,2969,0,0.032877500
chroma,1,insert_fusionado,-,2970,0,0.031480400
chroma,1,insert_fusionado,-,2971,0,0.033099900
chroma,1,insert_fusionado,-,2972,0,0.036745900
chroma,1,insert_fusionado,-,2973,0,0.034850000
chroma,1,insert_fusionado,-,2974,0,0.035234400
chroma,1,insert_fusionado,-,2975,0,0.036383700
chroma,1,insert_fusionado,-,2976,0,0.032966100
chroma,1,insert_fusionado,-,2977,0,0.032891500
chroma,1,insert_fusionado,-,2978,0,0.033365900
chroma,1,insert_fusionado,-,2979,0,0.033324200
chroma,1,insert_fusionado,-,2980,0,0.034006500
chroma,1,insert_fusionado,-,2981,0,0.043967300
chroma,1,insert_fusionado,-,2982,0,0.048264900
chroma,1,insert_fusionado,-,2983,0,0.036032400
chroma,1,insert_fusionado,-,2984,0,0.031768900
chroma,1,insert_fusionado,-,2985,0,0.033933100
chroma,1,insert_fusionado,-,2986,0,0.031614400
chroma,1,insert_fusionado,-,2987,0,0.032792200
chroma,1,insert_fusionado,-,2988,0,0.033041600
chroma,1,insert_fusionado,-,2989,0,0.034560800
chroma,1,insert_fusionado,-,2990,0,0.038498100
chroma,1,insert_fusionado,-,2991,0,0.035047600
chroma,1,insert_fusionado,-,2992,0,0.034607200
chroma,1,insert_fusionado,-,2993,0,0.036994400
chroma,1,insert_fusionado,-,2994,0,0.035239400
chroma,1,insert_fusionado,-,2995,0,0.041166800
chroma,1,insert_fusionado,-,2996,0,0.034616600
chroma,1,insert_fusionado,-,2997,0,0.035391700
chroma,1,insert_fusionado,-,2998,0,0.030941400
chroma,1,insert_fusionado,-,2999,0,0.076994800
chroma,1,insert_fusionado,-,3000,0,0.027438600
chroma,1,insert_fusionado,-,3001,0,0.030984000
chroma,1,insert_fusionado,-,3002,0,0.025884600
chroma,1,insert_fusionado,-,3003,0,0.026682700
chroma,1,insert_fusionado,-,3004,0,0.026778600
chroma,1,insert_fusionado,-,3005,0,0.029284600
chroma,1,insert_fusionado,-,3006,0,0.023543000
chroma,1,insert_fusionado,-,3007,0,0.026846000
chroma,1,insert_fusionado,-,3008,0,0.027659900
chroma,1,insert_fusionado,-,3009,0,0.026774500
chroma,1,insert_fusionado,-,3010,0,0.032989500
chroma,1,insert_fusionado,-,3011,0,0.025452100
chroma,1,insert_fusionado,-,3012,0,0.024579500
chroma,1,insert_fusionado,-,3013,0,0.024061900
chroma,1,insert_fusionado,-,3014,0,0.025917400
chroma,1,insert_fusionado,-,3015,0,0.023842900
chroma,1,insert_fusionado,-,3016,0,0.025505600
chroma,1,insert_fusionado,-,3017,0,0.024437900
chroma,1,insert_fusionado,-,3018,0,0.024823100
chroma,1,insert_fusionado,-,3019,0,0.026864900
chroma,1,insert_fusionado,-,3020,0,0.029568100
chroma,1,insert_fusionado,-,3021,0,0.028204800
chroma,1,insert_fusionado,-,3022,0,0.025597300
chroma,1,insert_fusionado,-,3023,0,0.025538200
chroma,1,insert_fusionado,-,3024,0,0.025287700
chroma,1,insert_fusionado,-,3025,0,0.025210500
chroma,1,insert_fusionado,-,3026,0,0.024999800
chroma,1,insert_fusionado,-,3027,0,0.025828200
chroma,1,insert_fusionado,-,3028,0,0.026532200
chroma,1,insert_fusionado,-,3029,0,0.026281100
chroma,1,insert_fusionado,-,3030,0,0.026421100
chroma,1,insert_fusionado,-,3031,0,0.027338800
chroma,1,insert_fusionado,-,3032,0,0.027387200
chroma,1,insert_fusionado,-,3033,0,0.025132000
chroma,1,insert_fusionado,-,3034,0,0.027434900
chroma,1,insert_fusionado,-,3035,0,0.028343900
chroma,1,insert_fusionado,-,3036,0,0.025883800
chroma,1,insert_fusionado,-,3037,0,0.025759100
chroma,1,insert_fusionado,-,3038,0,0.029471300
chroma,1,insert_fusionado,-,3039,0,0.030546300
chroma,1,insert_fusionado,-,3040,0,0.026726100
chroma,1,insert_fusionado,-,3041,0,0.025616500
chroma,1,insert_fusionado,-,3042,0,0.024375000
chroma,1,insert_fusionado,-,3043,0,0.024960000
chroma,1,insert_fusionado,-,3044,0,0.029859900
chroma,1,insert_fusionado,-,3045,0,0.027545200
chroma,1,insert_fusionado,-,3046,0,0.026890200
chroma,1,insert_fusionado,-,3047,0,0.027414800
chroma,1,insert_fusionado,-,3048,0,0.028110900
chroma,1,insert_fusionado,-,3049,0,0.028907700
chroma,1,insert_fusionado,-,3050,0,0.028227800
chroma,1,insert_fusionado,-,3051,0,0.024306900
chroma,1,insert_fusionado,-,3052,0,0.029375300
chroma,1,insert_fusionado,-,3053,0,0.027215600
chroma,1,insert_fusionado,-,3054,0,0.027735400
chroma,1,insert_fusionado,-,3055,0,0.027304000
chroma,1,insert_fusionado,-,3056,0,0.029979400
chroma,1,insert_fusionado,-,3057,0,0.029895800
chroma,1,insert_fusionado,-,3058,0,0.027913800
chroma,1,insert_fusionado,-,3059,0,0.028398800
chroma,1,insert_fusionado,-,3060,0,0.026837700
chroma,1,insert_fusionado,-,3061,0,0.030294100
chroma,1,insert_fusionado,-,3062,0,0.026023300
chroma,1,insert_fusionado,-,3063,0,0.033238100
chroma,1,insert_fusionado,-,3064,0,0.028095700
chroma,1,insert_fusionado,-,3065,0,0.027927500
chroma,1,insert_fusionado,-,3066,0,0.029847600
chroma,1,insert_fusionado,-,3067,0,0.026091700
chroma,1,insert_fusionado,-,3068,0,0.026621800
chroma,1,insert_fusionado,-,3069,0,0.027322100
chroma,1,insert_fusionado,-,3070,0,0.026395700
chroma,1,insert_fusionado,-,3071,0,0.036906800
chroma,1,insert_fusionado,-,3072,0,0.026061200
chroma,1,insert_fusionado,-,3073,0,0.027039400
chroma,1,insert_fusionado,-,3074,0,0.025470500
chroma,1,insert_fusionado,-,3075,0,0.028285500
chroma,1,insert_fusionado,-,3076,0,0.026761700
chroma,1,insert_fusionado,-,3077,0,0.024841800
chroma,1,insert_fusionado,-,3078,0,0.028212000
chroma,1,insert_fusionado,-,3079,0,0.027063600
chroma,1,insert_fusionado,-,3080,0,0.031655300
chroma,1,insert_fusionado,-,3081,0,0.026228700
chroma,1,insert_fusionado,-,3082,0,0.027561300
chroma,1,insert_fusionado,-,3083,0,0.026221000
chroma,1,insert_fusionado,-,3084,0,0.027863400
chroma,1,insert_fusionado,-,3085,0,0.026878500
chroma,1,insert_fusionado,-,3086,0,0.024193300
chroma,1,insert_fusionado,-,3087,0,0.026175000
chroma,1,insert_fusionado,-,3088,0,0.028996100
chroma,1,insert_fusionado,-,3089,0,0.032242100
chroma,1,insert_fusionado,-,3090,0,0.026304900
chroma,1,insert_fusionado,-,3091,0,0.026449900
chroma,1,insert_fusionado,-,3092,0,0.025814800
chroma,1,insert_fusionado,-,3093,0,0.027806800
chroma,1,insert_fusionado,-,3094,0,0.028410900
chroma,1,insert_fusionado,-,3095,0,0.028185000
chroma,1,insert_fusionado,-,3096,0,0.030133300
chroma,1,insert_fusionado,-,3097,0,0.026836100
chroma,1,insert_fusionado,-,3098,0,0.027720300
chroma,1,insert_fusionado,-,3099,0,0.028919200
chroma,1,insert_fusionado,-,3100,0,0.028420700
chroma,1,insert_fusionado,-,3101,0,0.025465600
chroma,1,insert_fusionado,-,3102,0,0.027341800
chroma,1,insert_fusionado,-,3103,0,0.027321500
chroma,1,insert_fusionado,-,3104,0,0.025443200
chroma,1,insert_fusionado,-,3105,0,0.025103800
chroma,1,insert_fusionado,-,3106,0,0.023278500
chroma,1,insert_fusionado,-,3107,0,0.026643000
chroma,1,insert_fusionado,-,3108,0,0.027176400
chroma,1,insert_fusionado,-,3109,0,0.025796200
chroma,1,insert_fusionado,-,3110,0,0.025393800
chroma,1,insert_fusionado,-,3111,0,0.028459200
chroma,1,insert_fusionado,-,3112,0,0.025289700
chroma,1,insert_fusionado,-,3113,0,0.025425600
chroma,1,insert_fusionado,-,3114,0,0.028183100
chroma,1,insert_fusionado,-,3115,0,0.029200500
chroma,1,insert_fusionado,-,3116,0,0.026564000
chroma,1,insert_fusionado,-,3117,0,0.025099700
chroma,1,insert_fusionado,-,3118,0,0.024639200
chroma,1,insert_fusionado,-,3119,0,0.026112700
chroma,1,insert_fusionado,-,3120,0,0.026958700
chroma,1,insert_fusionado,-,3121,0,0.026745600
chroma,1,insert_fusionado,-,3122,0,0.027586300
chroma,1,insert_fusionado,-,3123,0,0.025993700
chroma,1,insert_fusionado,-,3124,0,0.026673000
chroma,1,insert_fusionado,-,3125,0,0.028266900
chroma,1,insert_fusionado,-,3126,0,0.024630600
chroma,1,insert_fusionado,-,3127,0,0.027968200
chroma,1,insert_fusionado,-,3128,0,0.025772700
chroma,1,insert_fusionado,-,3129,0,0.025151600
chroma,1,insert_fusionado,-,3130,0,0.025522500
chroma,1,insert_fusionado,-,3131,0,0.028462200
chroma,1,insert_fusionado,-,3132,0,0.026277700
chroma,1,insert_fusionado,-,3133,0,0.027994200
chroma,1,insert_fusionado,-,3134,0,0.030010200
chroma,1,insert_fusionado,-,3135,0,0.028227300
chroma,1,insert_fusionado,-,3136,0,0.026526600
chroma,1,insert_fusionado,-,3137,0,0.030995300
chroma,1,insert_fusionado,-,3138,0,0.028024900
chroma,1,insert_fusionado,-,3139,0,0.029587500
chroma,1,insert_fusionado,-,3140,0,0.026788900
chroma,1,insert_fusionado,-,3141,0,0.029568700
chroma,1,insert_fusionado,-,3142,0,0.027133700
chroma,1,insert_fusionado,-,3143,0,0.026249700
chroma,1,insert_fusionado,-,3144,0,0.025551200
chroma,1,insert_fusionado,-,3145,0,0.027412200
chroma,1,insert_fusionado,-,3146,0,0.026198900
chroma,1,insert_fusionado,-,3147,0,0.027350500
chroma,1,insert_fusionado,-,3148,0,0.025651900
chroma,1,insert_fusionado,-,3149,0,0.028363500
chroma,1,insert_fusionado,-,3150,0,0.026882800
chroma,1,insert_fusionado,-,3151,0,0.030965000
chroma,1,insert_fusionado,-,3152,0,0.027044000
chroma,1,insert_fusionado,-,3153,0,0.025347300
chroma,1,insert_fusionado,-,3154,0,0.026409700
chroma,1,insert_fusionado,-,3155,0,0.027523800
chroma,1,insert_fusionado,-,3156,0,0.030212600
chroma,1,insert_fusionado,-,3157,0,0.030953500
chroma,1,insert_fusionado,-,3158,0,0.026837800
chroma,1,insert_fusionado,-,3159,0,0.025322400
chroma,1,insert_fusionado,-,3160,0,0.024690500
chroma,1,insert_fusionado,-,3161,0,0.027802100
chroma,1,insert_fusionado,-,3162,0,0.029419000
chroma,1,insert_fusionado,-,3163,0,0.027573800
chroma,1,insert_fusionado,-,3164,0,0.030957800
chroma,1,insert_fusionado,-,3165,0,0.028253800
chroma,1,insert_fusionado,-,3166,0,0.028034800
chroma,1,insert_fusionado,-,3167,0,0.029027800
chroma,1,insert_fusionado,-,3168,0,0.024741300
chroma,1,insert_fusionado,-,3169,0,0.026179400
chroma,1,insert_fusionado,-,3170,0,0.029297900
chroma,1,insert_fusionado,-,3171,0,0.026794200
chroma,1,insert_fusionado,-,3172,0,0.027033800
chroma,1,insert_fusionado,-,3173,0,0.029447500
chroma,1,insert_fusionado,-,3174,0,0.026971600
chroma,1,insert_fusionado,-,3175,0,0.030626600
chroma,1,insert_fusionado,-,3176,0,0.027885300
chroma,1,insert_fusionado,-,3177,0,0.030202100
chroma,1,insert_fusionado,-,3178,0,0.032317300
chroma,1,insert_fusionado,-,3179,0,0.028707500
chroma,1,insert_fusionado,-,3180,0,0.029789900
chroma,1,insert_fusionado,-,3181,0,0.028800700
chroma,1,insert_fusionado,-,3182,0,0.027142200
chroma,1,insert_fusionado,-,3183,0,0.028258700
chroma,1,insert_fusionado,-,3184,0,0.027212800
chroma,1,insert_fusionado,-,3185,0,0.026178500
chroma,1,insert_fusionado,-,3186,0,0.027940400
chroma,1,insert_fusionado,-,3187,0,0.032827900
chroma,1,insert_fusionado,-,3188,0,0.028322100
chroma,1,insert_fusionado,-,3189,0,0.026342600
chroma,1,insert_fusionado,-,3190,0,0.030411900
chroma,1,insert_fusionado,-,3191,0,0.028169200
chroma,1,insert_fusionado,-,3192,0,0.031065500
chroma,1,insert_fusionado,-,3193,0,0.027629200
chroma,1,insert_fusionado,-,3194,0,0.027023800
chroma,1,insert_fusionado,-,3195,0,0.024974200
chroma,1,insert_fusionado,-,3196,0,0.027655500
chroma,1,insert_fusionado,-,3197,0,0.028826000
chroma,1,insert_fusionado,-,3198,0,0.026521400
chroma,1,insert_fusionado,-,3199,0,0.030668600
chroma,1,insert_fusionado,-,3200,0,0.032207100
chroma,1,insert_fusionado,-,3201,0,0.028701400
chroma,1,insert_fusionado,-,3202,0,0.027178400
chroma,1,insert_fusionado,-,3203,0,0.028816100
chroma,1,insert_fusionado,-,3204,0,0.029103400
chroma,1,insert_fusionado,-,3205,0,0.026618000
chroma,1,insert_fusionado,-,3206,0,0.025353100
chroma,1,insert_fusionado,-,3207,0,0.027252400
chroma,1,insert_fusionado,-,3208,0,0.029556800
chroma,1,insert_fusionado,-,3209,0,0.025760100
chroma,1,insert_fusionado,-,3210,0,0.029137500
chroma,1,insert_fusionado,-,3211,0,0.032724500
chroma,1,insert_fusionado,-,3212,0,0.027815900
chroma,1,insert_fusionado,-,3213,0,0.026754900
chroma,1,insert_fusionado,-,3214,0,0.026583500
chroma,1,insert_fusionado,-,3215,0,0.028062500
chroma,1,insert_fusionado,-,3216,0,0.027663000
chroma,1,insert_fusionado,-,3217,0,0.026567700
chroma,1,insert_fusionado,-,3218,0,0.028875500
chroma,1,insert_fusionado,-,3219,0,0.028036300
chroma,1,insert_fusionado,-,3220,0,0.029462000
chroma,1,insert_fusionado,-,3221,0,0.027255100
chroma,1,insert_fusionado,-,3222,0,0.026395300
chroma,1,insert_fusionado,-,3223,0,0.026947100
chroma,1,insert_fusionado,-,3224,0,0.027722300
chroma,1,insert_fusionado,-,3225,0,0.027764800
chroma,1,insert_fusionado,-,3226,0,0.027434500
chroma,1,insert_fusionado,-,3227,0,0.029537300
chroma,1,insert_fusionado,-,3228,0,0.029924400
chroma,1,insert_fusionado,-,3229,0,0.027853700
chroma,1,insert_fusionado,-,3230,0,0.031023300
chroma,1,insert_fusionado,-,3231,0,0.026770700
chroma,1,insert_fusionado,-,3232,0,0.026906400
chroma,1,insert_fusionado,-,3233,0,0.027827400
chroma,1,insert_fusionado,-,3234,0,0.027702900
chroma,1,insert_fusionado,-,3235,0,0.028544200
chroma,1,insert_fusionado,-,3236,0,0.029096200
chroma,1,insert_fusionado,-,3237,0,0.026899900
chroma,1,insert_fusionado,-,3238,0,0.030341900
chroma,1,insert_fusionado,-,3239,0,0.027824400
chroma,1,insert_fusionado,-,3240,0,0.027890500
chroma,1,insert_fusionado,-,3241,0,0.027490600
chroma,1,insert_fusionado,-,3242,0,0.027828600
chroma,1,insert_fusionado,-,3243,0,0.028329300
chroma,1,insert_fusionado,-,3244,0,0.030940500
chroma,1,insert_fusionado,-,3245,0,0.028422200
chroma,1,insert_fusionado,-,3246,0,0.029331000
chroma,1,insert_fusionado,-,3247,0,0.029490700
chroma,1,insert_fusionado,-,3248,0,0.029679200
chroma,1,insert_fusionado,-,3249,0,0.027746300
chroma,1,insert_fusionado,-,3250,0,0.029376600
chroma,1,insert_fusionado,-,3251,0,0.030294400
chroma,1,insert_fusionado,-,3252,0,0.028638600
chroma,1,insert_fusionado,-,3253,0,0.027024500
chroma,1,insert_fusionado,-,3254,0,0.026198200
chroma,1,insert_fusionado,-,3255,0,0.028542000
chroma,1,insert_fusionado,-,3256,0,0.030436100
chroma,1,insert_fusionado,-,3257,0,0.031448700
chroma,1,insert_fusionado,-,3258,0,0.027619200
chroma,1,insert_fusionado,-,3259,0,0.029494300
chroma,1,insert_fusionado,-,3260,0,0.027406700
chroma,1,insert_fusionado,-,3261,0,0.027535500
chroma,1,insert_fusionado,-,3262,0,0.027770400
chroma,1,insert_fusionado,-,3263,0,0.031451300
chroma,1,insert_fusionado,-,3264,0,0.029708900
chroma,1,insert_fusionado,-,3265,0,0.026049200
chroma,1,insert_fusionado,-,3266,0,0.028436700
chroma,1,insert_fusionado,-,3267,0,0.026456000
chroma,1,insert_fusionado,-,3268,0,0.028039900
chroma,1,insert_fusionado,-,3269,0,0.029821300
chroma,1,insert_fusionado,-,3270,0,0.027224500
chroma,1,insert_fusionado,-,3271,0,0.031397100
chroma,1,insert_fusionado,-,3272,0,0.028070900
chroma,1,insert_fusionado,-,3273,0,0.030650700
chroma,1,insert_fusionado,-,3274,0,0.026125500
chroma,1,insert_fusionado,-,3275,0,0.028453000
chroma,1,insert_fusionado,-,3276,0,0.025882100
chroma,1,insert_fusionado,-,3277,0,0.028451900
chroma,1,insert_fusionado,-,3278,0,0.028557100
chroma,1,insert_fusionado,-,3279,0,0.026481500
chroma,1,insert_fusionado,-,3280,0,0.028237200
chroma,1,insert_fusionado,-,3281,0,0.027391400
chroma,1,insert_fusionado,-,3282,0,0.028679800
chroma,1,insert_fusionado,-,3283,0,0.030679100
chroma,1,insert_fusionado,-,3284,0,0.026099300
chroma,1,insert_fusionado,-,3285,0,0.028962300
chroma,1,insert_fusionado,-,3286,0,0.031054300
chroma,1,insert_fusionado,-,3287,0,0.031089100
chroma,1,insert_fusionado,-,3288,0,0.033578500
chroma,1,insert_fusionado,-,3289,0,0.025400700
chroma,1,insert_fusionado,-,3290,0,0.025293800
chroma,1,insert_fusionado,-,3291,0,0.027739000
chroma,1,insert_fusionado,-,3292,0,0.029772900
chroma,1,insert_fusionado,-,3293,0,0.026237600
chroma,1,insert_fusionado,-,3294,0,0.026605700
chroma,1,insert_fusionado,-,3295,0,0.029613700
chroma,1,insert_fusionado,-,3296,0,0.029356700
chroma,1,insert_fusionado,-,3297,0,0.028922000
chroma,1,insert_fusionado,-,3298,0,0.028593600
chroma,1,insert_fusionado,-,3299,0,0.027986700
chroma,1,insert_fusionado,-,3300,0,0.029709100
chroma,1,insert_fusionado,-,3301,0,0.030646700
chroma,1,insert_fusionado,-,3302,0,0.028679300
chroma,1,insert_fusionado,-,3303,0,0.029640700
chroma,1,insert_fusionado,-,3304,0,0.027310700
chroma,1,insert_fusionado,-,3305,0,0.029939700
chroma,1,insert_fusionado,-,3306,0,0.029582300
chroma,1,insert_fusionado,-,3307,0,0.028960300
chroma,1,insert_fusionado,-,3308,0,0.027250800
chroma,1,insert_fusionado,-,3309,0,0.028962100
chroma,1,insert_fusionado,-,3310,0,0.028182400
chroma,1,insert_fusionado,-,3311,0,0.028380000
chroma,1,insert_fusionado,-,3312,0,0.028770800
chroma,1,insert_fusionado,-,3313,0,0.029354100
chroma,1,insert_fusionado,-,3314,0,0.027794700
chroma,1,insert_fusionado,-,3315,0,0.028475200
chroma,1,insert_fusionado,-,3316,0,0.028300000
chroma,1,insert_fusionado,-,3317,0,0.031807700
chroma,1,insert_fusionado,-,3318,0,0.042695200
chroma,1,insert_fusionado,-,3319,0,0.030081300
chroma,1,insert_fusionado,-,3320,0,0.028252500
chroma,1,insert_fusionado,-,3321,0,0.028173100
chroma,1,insert_fusionado,-,3322,0,0.027598100
chroma,1,insert_fusionado,-,3323,0,0.027369300
chroma,1,insert_fusionado,-,3324,0,0.027928700
chroma,1,insert_fusionado,-,3325,0,0.035900300
chroma,1,insert_fusionado,-,3326,0,0.028013700
chroma,1,insert_fusionado,-,3327,0,0.033555700
chroma,1,insert_fusionado,-,3328,0,0.029981800
chroma,1,insert_fusionado,-,3329,0,0.028143000
chroma,1,insert_fusionado,-,3330,0,0.027343900
chroma,1,insert_fusionado,-,3331,0,0.033152700
chroma,1,insert_fusionado,-,3332,0,0.028191600
chroma,1,insert_fusionado,-,3333,0,0.028854600
chroma,1,insert_fusionado,-,3334,0,0.027723700
chroma,1,insert_fusionado,-,3335,0,0.027364800
chroma,1,insert_fusionado,-,3336,0,0.031717600
chroma,1,insert_fusionado,-,3337,0,0.032981800
chroma,1,insert_fusionado,-,3338,0,0.029874500
chroma,1,insert_fusionado,-,3339,0,0.032358100
chroma,1,insert_fusionado,-,3340,0,0.029571100
chroma,1,insert_fusionado,-,3341,0,0.031650400
chroma,1,insert_fusionado,-,3342,0,0.030334100
chroma,1,insert_fusionado,-,3343,0,0.030156200
chroma,1,insert_fusionado,-,3344,0,0.027644400
chroma,1,insert_fusionado,-,3345,0,0.027943200
chroma,1,insert_fusionado,-,3346,0,0.028277300
chroma,1,insert_fusionado,-,3347,0,0.028248400
chroma,1,insert_fusionado,-,3348,0,0.029609500
chroma,1,insert_fusionado,-,3349,0,0.029071800
chroma,1,insert_fusionado,-,3350,0,0.029531100
chroma,1,insert_fusionado,-,3351,0,0.028069200
chroma,1,insert_fusionado,-,3352,0,0.028384500
chroma,1,insert_fusionado,-,3353,0,0.027884300
chroma,1,insert_fusionado,-,3354,0,0.027775000
chroma,1,insert_fusionado,-,3355,0,0.028574400
chroma,1,insert_fusionado,-,3356,0,0.027131700
chroma,1,insert_fusionado,-,3357,0,0.029809000
chroma,1,insert_fusionado,-,3358,0,0.032891100
chroma,1,insert_fusionado,-,3359,0,0.032965300
chroma,1,insert_fusionado,-,3360,0,0.030665300
chroma,1,insert_fusionado,-,3361,0,0.027758500
chroma,1,insert_fusionado,-,3362,0,0.028830300
chroma,1,insert_fusionado,-,3363,0,0.027631000
chroma,1,insert_fusionado,-,3364,0,0.029315900
chroma,1,insert_fusionado,-,3365,0,0.028446100
chroma,1,insert_fusionado,-,3366,0,0.029430000
chroma,1,insert_fusionado,-,3367,0,0.029602500
chroma,1,insert_fusionado,-,3368,0,0.028992200
chroma,1,insert_fusionado,-,3369,0,0.030896100
chroma,1,insert_fusionado,-,3370,0,0.029835500
chroma,1,insert_fusionado,-,3371,0,0.029204000
chroma,1,insert_fusionado,-,3372,0,0.028526100
chroma,1,insert_fusionado,-,3373,0,0.029092600
chroma,1,insert_fusionado,-,3374,0,0.029649300
chroma,1,insert_fusionado,-,3375,0,0.030307500
chroma,1,insert_fusionado,-,3376,0,0.027245900
chroma,1,insert_fusionado,-,3377,0,0.028961300
chroma,1,insert_fusionado,-,3378,0,0.030422400
chroma,1,insert_fusionado,-,3379,0,0.029925700
chroma,1,insert_fusionado,-,3380,0,0.030186500
chroma,1,insert_fusionado,-,3381,0,0.028155700
chroma,1,insert_fusionado,-,3382,0,0.029804500
chroma,1,insert_fusionado,-,3383,0,0.029846600
chroma,1,insert_fusionado,-,3384,0,0.029634900
chroma,1,insert_fusionado,-,3385,0,0.032732800
chroma,1,insert_fusionado,-,3386,0,0.029331300
chroma,1,insert_fusionado,-,3387,0,0.027420100
chroma,1,insert_fusionado,-,3388,0,0.029408100
chroma,1,insert_fusionado,-,3389,0,0.027117200
chroma,1,insert_fusionado,-,3390,0,0.029187500
chroma,1,insert_fusionado,-,3391,0,0.032153600
chroma,1,insert_fusionado,-,3392,0,0.030023500
chroma,1,insert_fusionado,-,3393,0,0.027731500
chroma,1,insert_fusionado,-,3394,0,0.029466800
chroma,1,insert_fusionado,-,3395,0,0.029388200
chroma,1,insert_fusionado,-,3396,0,0.026682500
chroma,1,insert_fusionado,-,3397,0,0.028244400
chroma,1,insert_fusionado,-,3398,0,0.027884400
chroma,1,insert_fusionado,-,3399,0,0.030403900
chroma,1,insert_fusionado,-,3400,0,0.028720100
chroma,1,insert_fusionado,-,3401,0,0.026778000
chroma,1,insert_fusionado,-,3402,0,0.027122500
chroma,1,insert_fusionado,-,3403,0,0.029159900
chroma,1,insert_fusionado,-,3404,0,0.028711000
chroma,1,insert_fusionado,-,3405,0,0.030998100
chroma,1,insert_fusionado,-,3406,0,0.028693800
chroma,1,insert_fusionado,-,3407,0,0.029959100
chroma,1,insert_fusionado,-,3408,0,0.029112800
chroma,1,insert_fusionado,-,3409,0,0.031968200
chroma,1,insert_fusionado,-,3410,0,0.028109900
chroma,1,insert_fusionado,-,3411,0,0.029875900
chroma,1,insert_fusionado,-,3412,0,0.030864700
chroma,1,insert_fusionado,-,3413,0,0.028939000
chroma,1,insert_fusionado,-,3414,0,0.028982400
chroma,1,insert_fusionado,-,3415,0,0.030479800
chroma,1,insert_fusionado,-,3416,0,0.031557100
chroma,1,insert_fusionado,-,3417,0,0.031857700
chroma,1,insert_fusionado,-,3418,0,0.029863600
chroma,1,insert_fusionado,-,3419,0,0.028664700
chroma,1,insert_fusionado,-,3420,0,0.027974700
chroma,1,insert_fusionado,-,3421,0,0.032153000
chroma,1,insert_fusionado,-,3422,0,0.032103100
chroma,1,insert_fusionado,-,3423,0,0.031404000
chroma,1,insert_fusionado,-,3424,0,0.033698200
chroma,1,insert_fusionado,-,3425,0,0.028861200
chroma,1,insert_fusionado,-,3426,0,0.029539100
chroma,1,insert_fusionado,-,3427,0,0.033673400
chroma,1,insert_fusionado,-,3428,0,0.029240100
chroma,1,insert_fusionado,-,3429,0,0.034686900
chroma,1,insert_fusionado,-,3430,0,0.030160000
chroma,1,insert_fusionado,-,3431,0,0.031258100
chroma,1,insert_fusionado,-,3432,0,0.030903500
chroma,1,insert_fusionado,-,3433,0,0.029745100
chroma,1,insert_fusionado,-,3434,0,0.030301300
chroma,1,insert_fusionado,-,3435,0,0.031097000
chroma,1,insert_fusionado,-,3436,0,0.029231800
chroma,1,insert_fusionado,-,3437,0,0.030753900
chroma,1,insert_fusionado,-,3438,0,0.030382300
chroma,1,insert_fusionado,-,3439,0,0.031328500
chroma,1,insert_fusionado,-,3440,0,0.029295200
chroma,1,insert_fusionado,-,3441,0,0.030491800
chroma,1,insert_fusionado,-,3442,0,0.030218800
chroma,1,insert_fusionado,-,3443,0,0.028821700
chroma,1,insert_fusionado,-,3444,0,0.029273900
chroma,1,insert_fusionado,-,3445,0,0.030881600
chroma,1,insert_fusionado,-,3446,0,0.029143100
chroma,1,insert_fusionado,-,3447,0,0.030616800
chroma,1,insert_fusionado,-,3448,0,0.030560300
chroma,1,insert_fusionado,-,3449,0,0.034911800
chroma,1,insert_fusionado,-,3450,0,0.028613100
chroma,1,insert_fusionado,-,3451,0,0.028314000
chroma,1,insert_fusionado,-,3452,0,0.030713400
chroma,1,insert_fusionado,-,3453,0,0.029477400
chroma,1,insert_fusionado,-,3454,0,0.030378100
chroma,1,insert_fusionado,-,3455,0,0.031172200
chroma,1,insert_fusionado,-,3456,0,0.030184000
chroma,1,insert_fusionado,-,3457,0,0.033052100
chroma,1,insert_fusionado,-,3458,0,0.032455700
chroma,1,insert_fusionado,-,3459,0,0.039487000
chroma,1,insert_fusionado,-,3460,0,0.028729400
chroma,1,insert_fusionado,-,3461,0,0.031985300
chroma,1,insert_fusionado,-,3462,0,0.035627700
chroma,1,insert_fusionado,-,3463,0,0.029021800
chroma,1,insert_fusionado,-,3464,0,0.031296700
chroma,1,insert_fusionado,-,3465,0,0.028553900
chroma,1,insert_fusionado,-,3466,0,0.028326900
chroma,1,insert_fusionado,-,3467,0,0.029552100
chroma,1,insert_fusionado,-,3468,0,0.030251700
chroma,1,insert_fusionado,-,3469,0,0.028577200
chroma,1,insert_fusionado,-,3470,0,0.032010500
chroma,1,insert_fusionado,-,3471,0,0.032414400
chroma,1,insert_fusionado,-,3472,0,0.029437400
chroma,1,insert_fusionado,-,3473,0,0.031171500
chroma,1,insert_fusionado,-,3474,0,0.033691800
chroma,1,insert_fusionado,-,3475,0,0.031386700
chroma,1,insert_fusionado,-,3476,0,0.030491000
chroma,1,insert_fusionado,-,3477,0,0.031694100
chroma,1,insert_fusionado,-,3478,0,0.032789600
chroma,1,insert_fusionado,-,3479,0,0.029609600
chroma,1,insert_fusionado,-,3480,0,0.029593100
chroma,1,insert_fusionado,-,3481,0,0.029138000
chroma,1,insert_fusionado,-,3482,0,0.028345500
chroma,1,insert_fusionado,-,3483,0,0.027563900
chroma,1,insert_fusionado,-,3484,0,0.029249200
chroma,1,insert_fusionado,-,3485,0,0.034019400
chroma,1,insert_fusionado,-,3486,0,0.066527000
chroma,1,insert_fusionado,-,3487,0,0.053447500
chroma,1,insert_fusionado,-,3488,0,0.030334000
chroma,1,insert_fusionado,-,3489,0,0.035857000
chroma,1,insert_fusionado,-,3490,0,0.034481500
chroma,1,insert_fusionado,-,3491,0,0.032082400
chroma,1,insert_fusionado,-,3492,0,0.030877500
chroma,1,insert_fusionado,-,3493,0,0.032732600
chroma,1,insert_fusionado,-,3494,0,0.031044000
chroma,1,insert_fusionado,-,3495,0,0.028175300
chroma,1,insert_fusionado,-,3496,0,0.029146900
chroma,1,insert_fusionado,-,3497,0,0.030361400
chroma,1,insert_fusionado,-,3498,0,0.032393500
chroma,1,insert_fusionado,-,3499,0,0.032667400
chroma,1,insert_fusionado,-,3500,0,0.028842400
chroma,1,insert_fusionado,-,3501,0,0.029634900
chroma,1,insert_fusionado,-,3502,0,0.029939600
chroma,1,insert_fusionado,-,3503,0,0.029120000
chroma,1,insert_fusionado,-,3504,0,0.030843000
chroma,1,insert_fusionado,-,3505,0,0.029504400
chroma,1,insert_fusionado,-,3506,0,0.029527100
chroma,1,insert_fusionado,-,3507,0,0.029551700
chroma,1,insert_fusionado,-,3508,0,0.027673800
chroma,1,insert_fusionado,-,3509,0,0.032484500
chroma,1,insert_fusionado,-,3510,0,0.032716200
chroma,1,insert_fusionado,-,3511,0,0.033159500
chroma,1,insert_fusionado,-,3512,0,0.030234900
chroma,1,insert_fusionado,-,3513,0,0.028372100
chroma,1,insert_fusionado,-,3514,0,0.031937400
chroma,1,insert_fusionado,-,3515,0,0.031556500
chroma,1,insert_fusionado,-,3516,0,0.032791500
chroma,1,insert_fusionado,-,3517,0,0.032024000
chroma,1,insert_fusionado,-,3518,0,0.033656100
chroma,1,insert_fusionado,-,3519,0,0.030570500
chroma,1,insert_fusionado,-,3520,0,0.029480300
chroma,1,insert_fusionado,-,3521,0,0.029728400
chroma,1,insert_fusionado,-,3522,0,0.030294000
chroma,1,insert_fusionado,-,3523,0,0.028610900
chroma,1,insert_fusionado,-,3524,0,0.030501000
chroma,1,insert_fusionado,-,3525,0,0.031296200
chroma,1,insert_fusionado,-,3526,0,0.033391400
chroma,1,insert_fusionado,-,3527,0,0.033423500
chroma,1,insert_fusionado,-,3528,0,0.028866800
chroma,1,insert_fusionado,-,3529,0,0.029700500
chroma,1,insert_fusionado,-,3530,0,0.028399600
chroma,1,insert_fusionado,-,3531,0,0.031722700
chroma,1,insert_fusionado,-,3532,0,0.030196000
chroma,1,insert_fusionado,-,3533,0,0.028770000
chroma,1,insert_fusionado,-,3534,0,0.031390500
chroma,1,insert_fusionado,-,3535,0,0.029810500
chroma,1,insert_fusionado,-,3536,0,0.029064400
chroma,1,insert_fusionado,-,3537,0,0.030155200
chroma,1,insert_fusionado,-,3538,0,0.030499800
chroma,1,insert_fusionado,-,3539,0,0.029750700
chroma,1,insert_fusionado,-,3540,0,0.029356100
chroma,1,insert_fusionado,-,3541,0,0.029302200
chroma,1,insert_fusionado,-,3542,0,0.036169800
chroma,1,insert_fusionado,-,3543,0,0.029241900
chroma,1,insert_fusionado,-,3544,0,0.031680100
chroma,1,insert_fusionado,-,3545,0,0.031131200
chroma,1,insert_fusionado,-,3546,0,0.033554500
chroma,1,insert_fusionado,-,3547,0,0.034046500
chroma,1,insert_fusionado,-,3548,0,0.031162800
chroma,1,insert_fusionado,-,3549,0,0.030302200
chroma,1,insert_fusionado,-,3550,0,0.030397900
chroma,1,insert_fusionado,-,3551,0,0.032062200
chroma,1,insert_fusionado,-,3552,0,0.030675600
chroma,1,insert_fusionado,-,3553,0,0.032302300
chroma,1,insert_fusionado,-,3554,0,0.028994000
chroma,1,insert_fusionado,-,3555,0,0.029620700
chroma,1,insert_fusionado,-,3556,0,0.030127100
chroma,1,insert_fusionado,-,3557,0,0.029251300
chroma,1,insert_fusionado,-,3558,0,0.030525900
chroma,1,insert_fusionado,-,3559,0,0.034460600
chroma,1,insert_fusionado,-,3560,0,0.030222500
chroma,1,insert_fusionado,-,3561,0,0.027840300
chroma,1,insert_fusionado,-,3562,0,0.031270700
chroma,1,insert_fusionado,-,3563,0,0.031449000
chroma,1,insert_fusionado,-,3564,0,0.030156300
chroma,1,insert_fusionado,-,3565,0,0.033877300
chroma,1,insert_fusionado,-,3566,0,0.032315800
chroma,1,insert_fusionado,-,3567,0,0.031762500
chroma,1,insert_fusionado,-,3568,0,0.030801800
chroma,1,insert_fusionado,-,3569,0,0.032541000
chroma,1,insert_fusionado,-,3570,0,0.031984500
chroma,1,insert_fusionado,-,3571,0,0.033114200
chroma,1,insert_fusionado,-,3572,0,0.032679400
chroma,1,insert_fusionado,-,3573,0,0.029354600
chroma,1,insert_fusionado,-,3574,0,0.029517200
chroma,1,insert_fusionado,-,3575,0,0.030358800
chroma,1,insert_fusionado,-,3576,0,0.028766200
chroma,1,insert_fusionado,-,3577,0,0.032012100
chroma,1,insert_fusionado,-,3578,0,0.028876300
chroma,1,insert_fusionado,-,3579,0,0.030747700
chroma,1,insert_fusionado,-,3580,0,0.032434700
chroma,1,insert_fusionado,-,3581,0,0.031143800
chroma,1,insert_fusionado,-,3582,0,0.033749100
chroma,1,insert_fusionado,-,3583,0,0.034106400
chroma,1,insert_fusionado,-,3584,0,0.031616200
chroma,1,insert_fusionado,-,3585,0,0.032008900
chroma,1,insert_fusionado,-,3586,0,0.030090900
chroma,1,insert_fusionado,-,3587,0,0.032273900
chroma,1,insert_fusionado,-,3588,0,0.028170200
chroma,1,insert_fusionado,-,3589,0,0.032469100
chroma,1,insert_fusionado,-,3590,0,0.032732400
chroma,1,insert_fusionado,-,3591,0,0.033494300
chroma,1,insert_fusionado,-,3592,0,0.030957400
chroma,1,insert_fusionado,-,3593,0,0.032029500
chroma,1,insert_fusionado,-,3594,0,0.032166000
chroma,1,insert_fusionado,-,3595,0,0.034046900
chroma,1,insert_fusionado,-,3596,0,0.031545800
chroma,1,insert_fusionado,-,3597,0,0.031054600
chroma,1,insert_fusionado,-,3598,0,0.029339800
chroma,1,insert_fusionado,-,3599,0,0.031550000
chroma,1,insert_fusionado,-,3600,0,0.031538300
chroma,1,insert_fusionado,-,3601,0,0.031149900
chroma,1,insert_fusionado,-,3602,0,0.029739600
chroma,1,insert_fusionado,-,3603,0,0.031697200
chroma,1,insert_fusionado,-,3604,0,0.030603900
chroma,1,insert_fusionado,-,3605,0,0.030246800
chroma,1,insert_fusionado,-,3606,0,0.030070800
chroma,1,insert_fusionado,-,3607,0,0.031354500
chroma,1,insert_fusionado,-,3608,0,0.030453500
chroma,1,insert_fusionado,-,3609,0,0.032508600
chroma,1,insert_fusionado,-,3610,0,0.030962800
chroma,1,insert_fusionado,-,3611,0,0.034028700
chroma,1,insert_fusionado,-,3612,0,0.031436300
chroma,1,insert_fusionado,-,3613,0,0.031745600
chroma,1,insert_fusionado,-,3614,0,0.032960100
chroma,1,insert_fusionado,-,3615,0,0.034027200
chroma,1,insert_fusionado,-,3616,0,0.030265200
chroma,1,insert_fusionado,-,3617,0,0.032038700
chroma,1,insert_fusionado,-,3618,0,0.039520200
chroma,1,insert_fusionado,-,3619,0,0.029891600
chroma,1,insert_fusionado,-,3620,0,0.029268700
chroma,1,insert_fusionado,-,3621,0,0.034386200
chroma,1,insert_fusionado,-,3622,0,0.030421200
chroma,1,insert_fusionado,-,3623,0,0.032134300
chroma,1,insert_fusionado,-,3624,0,0.035441100
chroma,1,insert_fusionado,-,3625,0,0.030467200
chroma,1,insert_fusionado,-,3626,0,0.032733500
chroma,1,insert_fusionado,-,3627,0,0.033024700
chroma,1,insert_fusionado,-,3628,0,0.030448100
chroma,1,insert_fusionado,-,3629,0,0.031696300
chroma,1,insert_fusionado,-,3630,0,0.034404800
chroma,1,insert_fusionado,-,3631,0,0.033322300
chroma,1,insert_fusionado,-,3632,0,0.028807300
chroma,1,insert_fusionado,-,3633,0,0.030785300
chroma,1,insert_fusionado,-,3634,0,0.028221700
chroma,1,insert_fusionado,-,3635,0,0.029504200
chroma,1,insert_fusionado,-,3636,0,0.031224100
chroma,1,insert_fusionado,-,3637,0,0.030787800
chroma,1,insert_fusionado,-,3638,0,0.033249600
chroma,1,insert_fusionado,-,3639,0,0.029182600
chroma,1,insert_fusionado,-,3640,0,0.028913300
chroma,1,insert_fusionado,-,3641,0,0.031347300
chroma,1,insert_fusionado,-,3642,0,0.036241600
chroma,1,insert_fusionado,-,3643,0,0.029980800
chroma,1,insert_fusionado,-,3644,0,0.033757900
chroma,1,insert_fusionado,-,3645,0,0.029289400
chroma,1,insert_fusionado,-,3646,0,0.031443100
chroma,1,insert_fusionado,-,3647,0,0.031318400
chroma,1,insert_fusionado,-,3648,0,0.029458700
chroma,1,insert_fusionado,-,3649,0,0.030126500
chroma,1,insert_fusionado,-,3650,0,0.031717100
chroma,1,insert_fusionado,-,3651,0,0.033068300
chroma,1,insert_fusionado,-,3652,0,0.035787100
chroma,1,insert_fusionado,-,3653,0,0.033711600
chroma,1,insert_fusionado,-,3654,0,0.033759100
chroma,1,insert_fusionado,-,3655,0,0.032593900
chroma,1,insert_fusionado,-,3656,0,0.030804400
chroma,1,insert_fusionado,-,3657,0,0.032668600
chroma,1,insert_fusionado,-,3658,0,0.030084200
chroma,1,insert_fusionado,-,3659,0,0.030871200
chroma,1,insert_fusionado,-,3660,0,0.035063500
chroma,1,insert_fusionado,-,3661,0,0.031124600
chroma,1,insert_fusionado,-,3662,0,0.031810300
chroma,1,insert_fusionado,-,3663,0,0.030975000
chroma,1,insert_fusionado,-,3664,0,0.029067000
chroma,1,insert_fusionado,-,3665,0,0.030854800
chroma,1,insert_fusionado,-,3666,0,0.032836800
chroma,1,insert_fusionado,-,3667,0,0.031728600
chroma,1,insert_fusionado,-,3668,0,0.031566600
chroma,1,insert_fusionado,-,3669,0,0.031073100
chroma,1,insert_fusionado,-,3670,0,0.035508700
chroma,1,insert_fusionado,-,3671,0,0.031228000
chroma,1,insert_fusionado,-,3672,0,0.030918500
chroma,1,insert_fusionado,-,3673,0,0.034125400
chroma,1,insert_fusionado,-,3674,0,0.032613900
chroma,1,insert_fusionado,-,3675,0,0.034390500
chroma,1,insert_fusionado,-,3676,0,0.033360000
chroma,1,insert_fusionado,-,3677,0,0.037304600
chroma,1,insert_fusionado,-,3678,0,0.032775600
chroma,1,insert_fusionado,-,3679,0,0.030244400
chroma,1,insert_fusionado,-,3680,0,0.035299100
chroma,1,insert_fusionado,-,3681,0,0.032638500
chroma,1,insert_fusionado,-,3682,0,0.033976600
chroma,1,insert_fusionado,-,3683,0,0.030109200
chroma,1,insert_fusionado,-,3684,0,0.033110300
chroma,1,insert_fusionado,-,3685,0,0.030032700
chroma,1,insert_fusionado,-,3686,0,0.032981100
chroma,1,insert_fusionado,-,3687,0,0.033439300
chroma,1,insert_fusionado,-,3688,0,0.032066200
chroma,1,insert_fusionado,-,3689,0,0.034940600
chroma,1,insert_fusionado,-,3690,0,0.032647800
chroma,1,insert_fusionado,-,3691,0,0.031954900
chroma,1,insert_fusionado,-,3692,0,0.029229600
chroma,1,insert_fusionado,-,3693,0,0.031493900
chroma,1,insert_fusionado,-,3694,0,0.030003100
chroma,1,insert_fusionado,-,3695,0,0.034920200
chroma,1,insert_fusionado,-,3696,0,0.032578700
chroma,1,insert_fusionado,-,3697,0,0.030612700
chroma,1,insert_fusionado,-,3698,0,0.029397600
chroma,1,insert_fusionado,-,3699,0,0.033910000
chroma,1,insert_fusionado,-,3700,0,0.036575300
chroma,1,insert_fusionado,-,3701,0,0.036064200
chroma,1,insert_fusionado,-,3702,0,0.034350800
chroma,1,insert_fusionado,-,3703,0,0.029913200
chroma,1,insert_fusionado,-,3704,0,0.036307100
chroma,1,insert_fusionado,-,3705,0,0.031959500
chroma,1,insert_fusionado,-,3706,0,0.033502400
chroma,1,insert_fusionado,-,3707,0,0.033127700
chroma,1,insert_fusionado,-,3708,0,0.033640000
chroma,1,insert_fusionado,-,3709,0,0.032769900
chroma,1,insert_fusionado,-,3710,0,0.030840500
chroma,1,insert_fusionado,-,3711,0,0.032448800
chroma,1,insert_fusionado,-,3712,0,0.032464600
chroma,1,insert_fusionado,-,3713,0,0.037679800
chroma,1,insert_fusionado,-,3714,0,0.035352000
chroma,1,insert_fusionado,-,3715,0,0.033771800
chroma,1,insert_fusionado,-,3716,0,0.032670200
chroma,1,insert_fusionado,-,3717,0,0.034587700
chroma,1,insert_fusionado,-,3718,0,0.030835900
chroma,1,insert_fusionado,-,3719,0,0.028585200
chroma,1,insert_fusionado,-,3720,0,0.029247400
chroma,1,insert_fusionado,-,3721,0,0.031904000
chroma,1,insert_fusionado,-,3722,0,0.034881600
chroma,1,insert_fusionado,-,3723,0,0.037397100
chroma,1,insert_fusionado,-,3724,0,0.038956200
chroma,1,insert_fusionado,-,3725,0,0.035659500
chroma,1,insert_fusionado,-,3726,0,0.031103400
chroma,1,insert_fusionado,-,3727,0,0.031726200
chroma,1,insert_fusionado,-,3728,0,0.031609900
chroma,1,insert_fusionado,-,3729,0,0.029204500
chroma,1,insert_fusionado,-,3730,0,0.034685100
chroma,1,insert_fusionado,-,3731,0,0.030243800
chroma,1,insert_fusionado,-,3732,0,0.031684500
chroma,1,insert_fusionado,-,3733,0,0.032482500
chroma,1,insert_fusionado,-,3734,0,0.033558100
chroma,1,insert_fusionado,-,3735,0,0.037110300
chroma,1,insert_fusionado,-,3736,0,0.033188000
chroma,1,insert_fusionado,-,3737,0,0.032224900
chroma,1,insert_fusionado,-,3738,0,0.032523400
chroma,1,insert_fusionado,-,3739,0,0.032296000
chroma,1,insert_fusionado,-,3740,0,0.031003500
chroma,1,insert_fusionado,-,3741,0,0.035677600
chroma,1,insert_fusionado,-,3742,0,0.031652700
chroma,1,insert_fusionado,-,3743,0,0.031918000
chroma,1,insert_fusionado,-,3744,0,0.031576500
chroma,1,insert_fusionado,-,3745,0,0.031238000
chroma,1,insert_fusionado,-,3746,0,0.030493900
chroma,1,insert_fusionado,-,3747,0,0.029972800
chroma,1,insert_fusionado,-,3748,0,0.031201000
chroma,1,insert_fusionado,-,3749,0,0.031855400
chroma,1,insert_fusionado,-,3750,0,0.032847000
chroma,1,insert_fusionado,-,3751,0,0.030998000
chroma,1,insert_fusionado,-,3752,0,0.033197000
chroma,1,insert_fusionado,-,3753,0,0.032348500
chroma,1,insert_fusionado,-,3754,0,0.033694000
chroma,1,insert_fusionado,-,3755,0,0.034836000
chroma,1,insert_fusionado,-,3756,0,0.031494300
chroma,1,insert_fusionado,-,3757,0,0.032693300
chroma,1,insert_fusionado,-,3758,0,0.032578900
chroma,1,insert_fusionado,-,3759,0,0.032271800
chroma,1,insert_fusionado,-,3760,0,0.034170500
chroma,1,insert_fusionado,-,3761,0,0.037463400
chroma,1,insert_fusionado,-,3762,0,0.032106700
chroma,1,insert_fusionado,-,3763,0,0.033778800
chroma,1,insert_fusionado,-,3764,0,0.032795500
chroma,1,insert_fusionado,-,3765,0,0.037071100
chroma,1,insert_fusionado,-,3766,0,0.035516800
chroma,1,insert_fusionado,-,3767,0,0.032339100
chroma,1,insert_fusionado,-,3768,0,0.032938200
chroma,1,insert_fusionado,-,3769,0,0.036087600
chroma,1,insert_fusionado,-,3770,0,0.034791300
chroma,1,insert_fusionado,-,3771,0,0.034062400
chroma,1,insert_fusionado,-,3772,0,0.031503700
chroma,1,insert_fusionado,-,3773,0,0.033643100
chroma,1,insert_fusionado,-,3774,0,0.030349400
chroma,1,insert_fusionado,-,3775,0,0.034369700
chroma,1,insert_fusionado,-,3776,0,0.031592600
chroma,1,insert_fusionado,-,3777,0,0.035619400
chroma,1,insert_fusionado,-,3778,0,0.035902000
chroma,1,insert_fusionado,-,3779,0,0.033184800
chroma,1,insert_fusionado,-,3780,0,0.031055800
chroma,1,insert_fusionado,-,3781,0,0.032151400
chroma,1,insert_fusionado,-,3782,0,0.033443600
chroma,1,insert_fusionado,-,3783,0,0.033214200
chroma,1,insert_fusionado,-,3784,0,0.036009500
chroma,1,insert_fusionado,-,3785,0,0.034599000
chroma,1,insert_fusionado,-,3786,0,0.033589500
chroma,1,insert_fusionado,-,3787,0,0.031058400
chroma,1,insert_fusionado,-,3788,0,0.034147500
chroma,1,insert_fusionado,-,3789,0,0.031427000
chroma,1,insert_fusionado,-,3790,0,0.034990600
chroma,1,insert_fusionado,-,3791,0,0.034077600
chroma,1,insert_fusionado,-,3792,0,0.032592800
chroma,1,insert_fusionado,-,3793,0,0.032772100
chroma,1,insert_fusionado,-,3794,0,0.029877600
chroma,1,insert_fusionado,-,3795,0,0.037241900
chroma,1,insert_fusionado,-,3796,0,0.034965700
chroma,1,insert_fusionado,-,3797,0,0.034387500
chroma,1,insert_fusionado,-,3798,0,0.033414300
chroma,1,insert_fusionado,-,3799,0,0.032705800
chroma,1,insert_fusionado,-,3800,0,0.033087500
chroma,1,insert_fusionado,-,3801,0,0.033127700
chroma,1,insert_fusionado,-,3802,0,0.033543900
chroma,1,insert_fusionado,-,3803,0,0.030090600
chroma,1,insert_fusionado,-,3804,0,0.031047600
chroma,1,insert_fusionado,-,3805,0,0.034152000
chroma,1,insert_fusionado,-,3806,0,0.035187000
chroma,1,insert_fusionado,-,3807,0,0.030856000
chroma,1,insert_fusionado,-,3808,0,0.032745600
chroma,1,insert_fusionado,-,3809,0,0.031539200
chroma,1,insert_fusionado,-,3810,0,0.031631900
chroma,1,insert_fusionado,-,3811,0,0.034366900
chroma,1,insert_fusionado,-,3812,0,0.033738300
chroma,1,insert_fusionado,-,3813,0,0.035101200
chroma,1,insert_fusionado,-,3814,0,0.036295100
chroma,1,insert_fusionado,-,3815,0,0.034447200
chroma,1,insert_fusionado,-,3816,0,0.034035300
chroma,1,insert_fusionado,-,3817,0,0.038619100
chroma,1,insert_fusionado,-,3818,0,0.034731400
chroma,1,insert_fusionado,-,3819,0,0.029309600
chroma,1,insert_fusionado,-,3820,0,0.031367700
chroma,1,insert_fusionado,-,3821,0,0.032936600
chroma,1,insert_fusionado,-,3822,0,0.031151500
chroma,1,insert_fusionado,-,3823,0,0.032650100
chroma,1,insert_fusionado,-,3824,0,0.035497600
chroma,1,insert_fusionado,-,3825,0,0.032909100
chroma,1,insert_fusionado,-,3826,0,0.034459900
chroma,1,insert_fusionado,-,3827,0,0.036834300
chroma,1,insert_fusionado,-,3828,0,0.031137600
chroma,1,insert_fusionado,-,3829,0,0.031708300
chroma,1,insert_fusionado,-,3830,0,0.034382600
chroma,1,insert_fusionado,-,3831,0,0.040017800
chroma,1,insert_fusionado,-,3832,0,0.033405200
chroma,1,insert_fusionado,-,3833,0,0.034090200
chroma,1,insert_fusionado,-,3834,0,0.034028900
chroma,1,insert_fusionado,-,3835,0,0.034483600
chroma,1,insert_fusionado,-,3836,0,0.033584300
chroma,1,insert_fusionado,-,3837,0,0.032278100
chroma,1,insert_fusionado,-,3838,0,0.033534800
chroma,1,insert_fusionado,-,3839,0,0.037656500
chroma,1,insert_fusionado,-,3840,0,0.032996100
chroma,1,insert_fusionado,-,3841,0,0.032672800
chroma,1,insert_fusionado,-,3842,0,0.032669400
chroma,1,insert_fusionado,-,3843,0,0.033601100
chroma,1,insert_fusionado,-,3844,0,0.032709600
chroma,1,insert_fusionado,-,3845,0,0.038537000
chroma,1,insert_fusionado,-,3846,0,0.043901500
chroma,1,insert_fusionado,-,3847,0,0.037633900
chroma,1,insert_fusionado,-,3848,0,0.034706800
chroma,1,insert_fusionado,-,3849,0,0.032774400
chroma,1,insert_fusionado,-,3850,0,0.033193100
chroma,1,insert_fusionado,-,3851,0,0.030451400
chroma,1,insert_fusionado,-,3852,0,0.031939700
chroma,1,insert_fusionado,-,3853,0,0.037017300
chroma,1,insert_fusionado,-,3854,0,0.030318800
chroma,1,insert_fusionado,-,3855,0,0.031411200
chroma,1,insert_fusionado,-,3856,0,0.036586200
chroma,1,insert_fusionado,-,3857,0,0.035564700
chroma,1,insert_fusionado,-,3858,0,0.033097500
chroma,1,insert_fusionado,-,3859,0,0.035201400
chroma,1,insert_fusionado,-,3860,0,0.032747000
chroma,1,insert_fusionado,-,3861,0,0.031741000
chroma,1,insert_fusionado,-,3862,0,0.033217700
chroma,1,insert_fusionado,-,3863,0,0.030532900
chroma,1,insert_fusionado,-,3864,0,0.033504000
chroma,1,insert_fusionado,-,3865,0,0.030990500
chroma,1,insert_fusionado,-,3866,0,0.032686000
chroma,1,insert_fusionado,-,3867,0,0.031619200
chroma,1,insert_fusionado,-,3868,0,0.037238800
chroma,1,insert_fusionado,-,3869,0,0.032176100
chroma,1,insert_fusionado,-,3870,0,0.030722000
chroma,1,insert_fusionado,-,3871,0,0.033808900
chroma,1,insert_fusionado,-,3872,0,0.037441900
chroma,1,insert_fusionado,-,3873,0,0.034027200
chroma,1,insert_fusionado,-,3874,0,0.031647000
chroma,1,insert_fusionado,-,3875,0,0.035173000
chroma,1,insert_fusionado,-,3876,0,0.032441000
chroma,1,insert_fusionado,-,3877,0,0.038436200
chroma,1,insert_fusionado,-,3878,0,0.035871900
chroma,1,insert_fusionado,-,3879,0,0.035243800
chroma,1,insert_fusionado,-,3880,0,0.037999100
chroma,1,insert_fusionado,-,3881,0,0.031699300
chroma,1,insert_fusionado,-,3882,0,0.033104800
chroma,1,insert_fusionado,-,3883,0,0.035286000
chroma,1,insert_fusionado,-,3884,0,0.030786300
chroma,1,insert_fusionado,-,3885,0,0.034930000
chroma,1,insert_fusionado,-,3886,0,0.036932600
chroma,1,insert_fusionado,-,3887,0,0.033328900
chroma,1,insert_fusionado,-,3888,0,0.033790900
chroma,1,insert_fusionado,-,3889,0,0.037857400
chroma,1,insert_fusionado,-,3890,0,0.036323500
chroma,1,insert_fusionado,-,3891,0,0.036373200
chroma,1,insert_fusionado,-,3892,0,0.034611300
chroma,1,insert_fusionado,-,3893,0,0.034689100
chroma,1,insert_fusionado,-,3894,0,0.032643900
chroma,1,insert_fusionado,-,3895,0,0.030475600
chroma,1,insert_fusionado,-,3896,0,0.034196500
chroma,1,insert_fusionado,-,3897,0,0.036640800
chroma,1,insert_fusionado,-,3898,0,0.033117100
chroma,1,insert_fusionado,-,3899,0,0.035089400
chroma,1,insert_fusionado,-,3900,0,0.035683800
chroma,1,insert_fusionado,-,3901,0,0.033654200
chroma,1,insert_fusionado,-,3902,0,0.034442800
chroma,1,insert_fusionado,-,3903,0,0.036535900
chroma,1,insert_fusionado,-,3904,0,0.036736000
chroma,1,insert_fusionado,-,3905,0,0.037720400
chroma,1,insert_fusionado,-,3906,0,0.035835200
chroma,1,insert_fusionado,-,3907,0,0.037411800
chroma,1,insert_fusionado,-,3908,0,0.038386000
chroma,1,insert_fusionado,-,3909,0,0.034302100
chroma,1,insert_fusionado,-,3910,0,0.032937300
chroma,1,insert_fusionado,-,3911,0,0.032296700
chroma,1,insert_fusionado,-,3912,0,0.039387600
chroma,1,insert_fusionado,-,3913,0,0.032811100
chroma,1,insert_fusionado,-,3914,0,0.038658100
chroma,1,insert_fusionado,-,3915,0,0.042058500
chroma,1,insert_fusionado,-,3916,0,0.035635600
chroma,1,insert_fusionado,-,3917,0,0.033078100
chroma,1,insert_fusionado,-,3918,0,0.039069600
chroma,1,insert_fusionado,-,3919,0,0.038554400
chroma,1,insert_fusionado,-,3920,0,0.037128200
chroma,1,insert_fusionado,-,3921,0,0.035695300
chroma,1,insert_fusionado,-,3922,0,0.058873600
chroma,1,insert_fusionado,-,3923,0,0.041197600
chroma,1,insert_fusionado,-,3924,0,0.040351300
chroma,1,insert_fusionado,-,3925,0,0.037422400
chroma,1,insert_fusionado,-,3926,0,0.037356800
chroma,1,insert_fusionado,-,3927,0,0.035731400
chroma,1,insert_fusionado,-,3928,0,0.034620000
chroma,1,insert_fusionado,-,3929,0,0.036530000
chroma,1,insert_fusionado,-,3930,0,0.034254500
chroma,1,insert_fusionado,-,3931,0,0.033707300
chroma,1,insert_fusionado,-,3932,0,0.036912500
chroma,1,insert_fusionado,-,3933,0,0.035681100
chroma,1,insert_fusionado,-,3934,0,0.032273100
chroma,1,insert_fusionado,-,3935,0,0.031122200
chroma,1,insert_fusionado,-,3936,0,0.041005700
chroma,1,insert_fusionado,-,3937,0,0.033237100
chroma,1,insert_fusionado,-,3938,0,0.032785700
chroma,1,insert_fusionado,-,3939,0,0.032304000
chroma,1,insert_fusionado,-,3940,0,0.034193600
chroma,1,insert_fusionado,-,3941,0,0.034769800
chroma,1,insert_fusionado,-,3942,0,0.034361900
chroma,1,insert_fusionado,-,3943,0,0.032660100
chroma,1,insert_fusionado,-,3944,0,0.039747500
chroma,1,insert_fusionado,-,3945,0,0.034927200
chroma,1,insert_fusionado,-,3946,0,0.037864500
chroma,1,insert_fusionado,-,3947,0,0.077089700
chroma,1,insert_fusionado,-,3948,0,0.031581900
chroma,1,insert_fusionado,-,3949,0,0.034661300
chroma,1,insert_fusionado,-,3950,0,0.034282500
chroma,1,insert_fusionado,-,3951,0,0.043114300
chroma,1,insert_fusionado,-,3952,0,0.033402000
chroma,1,insert_fusionado,-,3953,0,0.037648200
chroma,1,insert_fusionado,-,3954,0,0.041112000
chroma,1,insert_fusionado,-,3955,0,0.035035200
chroma,1,insert_fusionado,-,3956,0,0.030921900
chroma,1,insert_fusionado,-,3957,0,0.031661100
chroma,1,insert_fusionado,-,3958,0,0.036021000
chroma,1,insert_fusionado,-,3959,0,0.033444300
chroma,1,insert_fusionado,-,3960,0,0.033043700
chroma,1,insert_fusionado,-,3961,0,0.031973300
chroma,1,insert_fusionado,-,3962,0,0.032352900
chroma,1,insert_fusionado,-,3963,0,0.033230400
chroma,1,insert_fusionado,-,3964,0,0.033783500
chroma,1,insert_fusionado,-,3965,0,0.031918100
chroma,1,insert_fusionado,-,3966,0,0.033504200
chroma,1,insert_fusionado,-,3967,0,0.036837800
chroma,1,insert_fusionado,-,3968,0,0.034791600
chroma,1,insert_fusionado,-,3969,0,0.033344800
chroma,1,insert_fusionado,-,3970,0,0.038347600
chroma,1,insert_fusionado,-,3971,0,0.037067500
chroma,1,insert_fusionado,-,3972,0,0.034527600
chroma,1,insert_fusionado,-,3973,0,0.034056200
chroma,1,insert_fusionado,-,3974,0,0.034230500
chroma,1,insert_fusionado,-,3975,0,0.035644500
chroma,1,insert_fusionado,-,3976,0,0.033378800
chroma,1,insert_fusionado,-,3977,0,0.033856900
chroma,1,insert_fusionado,-,3978,0,0.035466600
chroma,1,insert_fusionado,-,3979,0,0.033216200
chroma,1,insert_fusionado,-,3980,0,0.036623200
chroma,1,insert_fusionado,-,3981,0,0.034894500
chroma,1,insert_fusionado,-,3982,0,0.032189300
chroma,1,insert_fusionado,-,3983,0,0.032915000
chroma,1,insert_fusionado,-,3984,0,0.031896100
chroma,1,insert_fusionado,-,3985,0,0.034311200
chroma,1,insert_fusionado,-,3986,0,0.036505700
chroma,1,insert_fusionado,-,3987,0,0.033375200
chroma,1,insert_fusionado,-,3988,0,0.036488700
chroma,1,insert_fusionado,-,3989,0,0.033907900
chroma,1,insert_fusionado,-,3990,0,0.034541900
chroma,1,insert_fusionado,-,3991,0,0.034386700
chroma,1,insert_fusionado,-,3992,0,0.036741900
chroma,1,insert_fusionado,-,3993,0,0.034500000
chroma,1,insert_fusionado,-,3994,0,0.035868200
chroma,1,insert_fusionado,-,3995,0,0.039317700
chroma,1,insert_fusionado,-,3996,0,0.033614100
chroma,1,insert_fusionado,-,3997,0,0.035756200
chroma,1,insert_fusionado,-,3998,0,0.034464800
chroma,1,insert_fusionado,-,3999,0,0.080624500
chroma,1,insert_fusionado,-,4000,0,0.026031800
chroma,1,insert_fusionado,-,4001,0,0.025373200
chroma,1,insert_fusionado,-,4002,0,0.028188500
chroma,1,insert_fusionado,-,4003,0,0.028389000
chroma,1,insert_fusionado,-,4004,0,0.028924200
chroma,1,insert_fusionado,-,4005,0,0.026924400
chroma,1,insert_fusionado,-,4006,0,0.026495300
chroma,1,insert_fusionado,-,4007,0,0.025698900
chroma,1,insert_fusionado,-,4008,0,0.027171600
chroma,1,insert_fusionado,-,4009,0,0.027269200
chroma,1,insert_fusionado,-,4010,0,0.024773700
chroma,1,insert_fusionado,-,4011,0,0.024319000
chroma,1,insert_fusionado,-,4012,0,0.027151600
chroma,1,insert_fusionado,-,4013,0,0.024731200
chroma,1,insert_fusionado,-,4014,0,0.026278500
chroma,1,insert_fusionado,-,4015,0,0.025228100
chroma,1,insert_fusionado,-,4016,0,0.025819900
chroma,1,insert_fusionado,-,4017,0,0.024185600
chroma,1,insert_fusionado,-,4018,0,0.025551700
chroma,1,insert_fusionado,-,4019,0,0.025813700
chroma,1,insert_fusionado,-,4020,0,0.024236600
chroma,1,insert_fusionado,-,4021,0,0.029364300
chroma,1,insert_fusionado,-,4022,0,0.023934900
chroma,1,insert_fusionado,-,4023,0,0.024614200
chroma,1,insert_fusionado,-,4024,0,0.026167400
chroma,1,insert_fusionado,-,4025,0,0.026881200
chroma,1,insert_fusionado,-,4026,0,0.027499400
chroma,1,insert_fusionado,-,4027,0,0.027704600
chroma,1,insert_fusionado,-,4028,0,0.027262500
chroma,1,insert_fusionado,-,4029,0,0.024755500
chroma,1,insert_fusionado,-,4030,0,0.025768200
chroma,1,insert_fusionado,-,4031,0,0.029183200
chroma,1,insert_fusionado,-,4032,0,0.026582700
chroma,1,insert_fusionado,-,4033,0,0.025958800
chroma,1,insert_fusionado,-,4034,0,0.024658300
chroma,1,insert_fusionado,-,4035,0,0.023955200
chroma,1,insert_fusionado,-,4036,0,0.026454300
chroma,1,insert_fusionado,-,4037,0,0.025825800
chroma,1,insert_fusionado,-,4038,0,0.026502000
chroma,1,insert_fusionado,-,4039,0,0.026504700
chroma,1,insert_fusionado,-,4040,0,0.026377400
chroma,1,insert_fusionado,-,4041,0,0.025265500
chroma,1,insert_fusionado,-,4042,0,0.023851800
chroma,1,insert_fusionado,-,4043,0,0.029466800
chroma,1,insert_fusionado,-,4044,0,0.026747900
chroma,1,insert_fusionado,-,4045,0,0.028374600
chroma,1,insert_fusionado,-,4046,0,0.026775400
chroma,1,insert_fusionado,-,4047,0,0.028083200
chroma,1,insert_fusionado,-,4048,0,0.033421100
chroma,1,insert_fusionado,-,4049,0,0.026991900
chroma,1,insert_fusionado,-,4050,0,0.025569600
chroma,1,insert_fusionado,-,4051,0,0.026734300
chroma,1,insert_fusionado,-,4052,0,0.024566200
chroma,1,insert_fusionado,-,4053,0,0.028018000
chroma,1,insert_fusionado,-,4054,0,0.025213500
chroma,1,insert_fusionado,-,4055,0,0.029455300
chroma,1,insert_fusionado,-,4056,0,0.029771200
chroma,1,insert_fusionado,-,4057,0,0.029836600
chroma,1,insert_fusionado,-,4058,0,0.025239000
chroma,1,insert_fusionado,-,4059,0,0.032130200
chroma,1,insert_fusionado,-,4060,0,0.026680100
chroma,1,insert_fusionado,-,4061,0,0.026944200
chroma,1,insert_fusionado,-,4062,0,0.028512400
chroma,1,insert_fusionado,-,4063,0,0.041056900
chroma,1,insert_fusionado,-,4064,0,0.037609400
chroma,1,insert_fusionado,-,4065,0,0.026747600
chroma,1,insert_fusionado,-,4066,0,0.026411100
chroma,1,insert_fusionado,-,4067,0,0.025261600
chroma,1,insert_fusionado,-,4068,0,0.024853200
chroma,1,insert_fusionado,-,4069,0,0.025498700
chroma,1,insert_fusionado,-,4070,0,0.026473800
chroma,1,insert_fusionado,-,4071,0,0.025330900
chroma,1,insert_fusionado,-,4072,0,0.027585500
chroma,1,insert_fusionado,-,4073,0,0.026771300
chroma,1,insert_fusionado,-,4074,0,0.026399800
chroma,1,insert_fusionado,-,4075,0,0.027741100
chroma,1,insert_fusionado,-,4076,0,0.025924600
chroma,1,insert_fusionado,-,4077,0,0.029998800
chroma,1,insert_fusionado,-,4078,0,0.026658200
chroma,1,insert_fusionado,-,4079,0,0.029545500
chroma,1,insert_fusionado,-,4080,0,0.025744000
chroma,1,insert_fusionado,-,4081,0,0.033328900
chroma,1,insert_fusionado,-,4082,0,0.027232000
chroma,1,insert_fusionado,-,4083,0,0.026475800
chroma,1,insert_fusionado,-,4084,0,0.031189000
chroma,1,insert_fusionado,-,4085,0,0.030947600
chroma,1,insert_fusionado,-,4086,0,0.027344000
chroma,1,insert_fusionado,-,4087,0,0.032975000
chroma,1,insert_fusionado,-,4088,0,0.027247800
chroma,1,insert_fusionado,-,4089,0,0.026496800
chroma,1,insert_fusionado,-,4090,0,0.031362600
chroma,1,insert_fusionado,-,4091,0,0.030461800
chroma,1,insert_fusionado,-,4092,0,0.030318900
chroma,1,insert_fusionado,-,4093,0,0.029400900
chroma,1,insert_fusionado,-,4094,0,0.025921300
chroma,1,insert_fusionado,-,4095,0,0.056372900
chroma,1,insert_fusionado,-,4096,0,0.030778700
chroma,1,insert_fusionado,-,4097,0,0.024829400
chroma,1,insert_fusionado,-,4098,0,0.025573100
chroma,1,insert_fusionado,-,4099,0,0.027767000
chroma,1,insert_fusionado,-,4100,0,0.026557300
chroma,1,insert_fusionado,-,4101,0,0.026886200
chroma,1,insert_fusionado,-,4102,0,0.026476400
chroma,1,insert_fusionado,-,4103,0,0.029163200
chroma,1,insert_fusionado,-,4104,0,0.030791900
chroma,1,insert_fusionado,-,4105,0,0.028902100
chroma,1,insert_fusionado,-,4106,0,0.028755200
chroma,1,insert_fusionado,-,4107,0,0.027299100
chroma,1,insert_fusionado,-,4108,0,0.027754200
chroma,1,insert_fusionado,-,4109,0,0.032575400
chroma,1,insert_fusionado,-,4110,0,0.030565000
chroma,1,insert_fusionado,-,4111,0,0.026812800
chroma,1,insert_fusionado,-,4112,0,0.029389900
chroma,1,insert_fusionado,-,4113,0,0.028927000
chroma,1,insert_fusionado,-,4114,0,0.028825200
chroma,1,insert_fusionado,-,4115,0,0.026300300
chroma,1,insert_fusionado,-,4116,0,0.028234100
chroma,1,insert_fusionado,-,4117,0,0.029682100
chroma,1,insert_fusionado,-,4118,0,0.025205800
chroma,1,insert_fusionado,-,4119,0,0.030153800
chroma,1,insert_fusionado,-,4120,0,0.032631400
chroma,1,insert_fusionado,-,4121,0,0.029870200
chroma,1,insert_fusionado,-,4122,0,0.032751600
chroma,1,insert_fusionado,-,4123,0,0.029770700
chroma,1,insert_fusionado,-,4124,0,0.031455600
chroma,1,insert_fusionado,-,4125,0,0.028290800
chroma,1,insert_fusionado,-,4126,0,0.024662000
chroma,1,insert_fusionado,-,4127,0,0.026643100
chroma,1,insert_fusionado,-,4128,0,0.025296500
chroma,1,insert_fusionado,-,4129,0,0.028448200
chroma,1,insert_fusionado,-,4130,0,0.027367600
chroma,1,insert_fusionado,-,4131,0,0.027695200
chroma,1,insert_fusionado,-,4132,0,0.030797900
chroma,1,insert_fusionado,-,4133,0,0.026768200
chroma,1,insert_fusionado,-,4134,0,0.026926600
chroma,1,insert_fusionado,-,4135,0,0.027543500
chroma,1,insert_fusionado,-,4136,0,0.026102200
chroma,1,insert_fusionado,-,4137,0,0.026332900
chroma,1,insert_fusionado,-,4138,0,0.026162400
chroma,1,insert_fusionado,-,4139,0,0.035337500
chroma,1,insert_fusionado,-,4140,0,0.028933700
chroma,1,insert_fusionado,-,4141,0,0.028304200
chroma,1,insert_fusionado,-,4142,0,0.029418400
chroma,1,insert_fusionado,-,4143,0,0.027250000
chroma,1,insert_fusionado,-,4144,0,0.027412900
chroma,1,insert_fusionado,-,4145,0,0.025897600
chroma,1,insert_fusionado,-,4146,0,0.025139300
chroma,1,insert_fusionado,-,4147,0,0.029681000
chroma,1,insert_fusionado,-,4148,0,0.027932900
chroma,1,insert_fusionado,-,4149,0,0.026232900
chroma,1,insert_fusionado,-,4150,0,0.027800500
chroma,1,insert_fusionado,-,4151,0,0.026631300
chroma,1,insert_fusionado,-,4152,0,0.026395300
chroma,1,insert_fusionado,-,4153,0,0.029144000
chroma,1,insert_fusionado,-,4154,0,0.028593200
chroma,1,insert_fusionado,-,4155,0,0.030556100
chroma,1,insert_fusionado,-,4156,0,0.028331500
chroma,1,insert_fusionado,-,4157,0,0.029078100
chroma,1,insert_fusionado,-,4158,0,0.027553600
chroma,1,insert_fusionado,-,4159,0,0.032807300
chroma,1,insert_fusionado,-,4160,0,0.028082700
chroma,1,insert_fusionado,-,4161,0,0.028414300
chroma,1,insert_fusionado,-,4162,0,0.028528700
chroma,1,insert_fusionado,-,4163,0,0.027318600
chroma,1,insert_fusionado,-,4164,0,0.026085100
chroma,1,insert_fusionado,-,4165,0,0.027776300
chroma,1,insert_fusionado,-,4166,0,0.030326700
chroma,1,insert_fusionado,-,4167,0,0.027394900
chroma,1,insert_fusionado,-,4168,0,0.028553900
chroma,1,insert_fusionado,-,4169,0,0.027422000
chroma,1,insert_fusionado,-,4170,0,0.027102200
chroma,1,insert_fusionado,-,4171,0,0.029081600
chroma,1,insert_fusionado,-,4172,0,0.028657100
chroma,1,insert_fusionado,-,4173,0,0.025454800
chroma,1,insert_fusionado,-,4174,0,0.027154100
chroma,1,insert_fusionado,-,4175,0,0.029053200
chroma,1,insert_fusionado,-,4176,0,0.029711000
chroma,1,insert_fusionado,-,4177,0,0.030319000
chroma,1,insert_fusionado,-,4178,0,0.030570400
chroma,1,insert_fusionado,-,4179,0,0.029885100
chroma,1,insert_fusionado,-,4180,0,0.029212400
chroma,1,insert_fusionado,-,4181,0,0.030198200
chroma,1,insert_fusionado,-,4182,0,0.027318400
chroma,1,insert_fusionado,-,4183,0,0.027982600
chroma,1,insert_fusionado,-,4184,0,0.027849000
chroma,1,insert_fusionado,-,4185,0,0.028130300
chroma,1,insert_fusionado,-,4186,0,0.028067800
chroma,1,insert_fusionado,-,4187,0,0.025910500
chroma,1,insert_fusionado,-,4188,0,0.026184300
chroma,1,insert_fusionado,-,4189,0,0.026345000
chroma,1,insert_fusionado,-,4190,0,0.028355300
chroma,1,insert_fusionado,-,4191,0,0.028870200
chroma,1,insert_fusionado,-,4192,0,0.029327600
chroma,1,insert_fusionado,-,4193,0,0.026426500
chroma,1,insert_fusionado,-,4194,0,0.026782700
chroma,1,insert_fusionado,-,4195,0,0.026274300
chroma,1,insert_fusionado,-,4196,0,0.027615100
chroma,1,insert_fusionado,-,4197,0,0.026943700
chroma,1,insert_fusionado,-,4198,0,0.026819800
chroma,1,insert_fusionado,-,4199,0,0.027589200
chroma,1,insert_fusionado,-,4200,0,0.030075900
chroma,1,insert_fusionado,-,4201,0,0.029275500
chroma,1,insert_fusionado,-,4202,0,0.029949800
chroma,1,insert_fusionado,-,4203,0,0.030547700
chroma,1,insert_fusionado,-,4204,0,0.026907200
chroma,1,insert_fusionado,-,4205,0,0.032857600
chroma,1,insert_fusionado,-,4206,0,0.030980600
chroma,1,insert_fusionado,-,4207,0,0.029970900
chroma,1,insert_fusionado,-,4208,0,0.030315200
chroma,1,insert_fusionado,-,4209,0,0.026741800
chroma,1,insert_fusionado,-,4210,0,0.025746900
chroma,1,insert_fusionado,-,4211,0,0.026914400
chroma,1,insert_fusionado,-,4212,0,0.027370700
chroma,1,insert_fusionado,-,4213,0,0.029544600
chroma,1,insert_fusionado,-,4214,0,0.029140800
chroma,1,insert_fusionado,-,4215,0,0.029191000
chroma,1,insert_fusionado,-,4216,0,0.031364900
chroma,1,insert_fusionado,-,4217,0,0.029297900
chroma,1,insert_fusionado,-,4218,0,0.033461400
chroma,1,insert_fusionado,-,4219,0,0.028835500
chroma,1,insert_fusionado,-,4220,0,0.031447100
chroma,1,insert_fusionado,-,4221,0,0.033314400
chroma,1,insert_fusionado,-,4222,0,0.026394900
chroma,1,insert_fusionado,-,4223,0,0.029644400
chroma,1,insert_fusionado,-,4224,0,0.028591700
chroma,1,insert_fusionado,-,4225,0,0.029845400
chroma,1,insert_fusionado,-,4226,0,0.028977600
chroma,1,insert_fusionado,-,4227,0,0.030979800
chroma,1,insert_fusionado,-,4228,0,0.028056600
chroma,1,insert_fusionado,-,4229,0,0.032808100
chroma,1,insert_fusionado,-,4230,0,0.030519300
chroma,1,insert_fusionado,-,4231,0,0.026241300
chroma,1,insert_fusionado,-,4232,0,0.027292900
chroma,1,insert_fusionado,-,4233,0,0.028578000
chroma,1,insert_fusionado,-,4234,0,0.026726700
chroma,1,insert_fusionado,-,4235,0,0.027793900
chroma,1,insert_fusionado,-,4236,0,0.027483800
chroma,1,insert_fusionado,-,4237,0,0.028539500
chroma,1,insert_fusionado,-,4238,0,0.025701400
chroma,1,insert_fusionado,-,4239,0,0.028373200
chroma,1,insert_fusionado,-,4240,0,0.025648700
chroma,1,insert_fusionado,-,4241,0,0.027076600
chroma,1,insert_fusionado,-,4242,0,0.029346900
chroma,1,insert_fusionado,-,4243,0,0.028772200
chroma,1,insert_fusionado,-,4244,0,0.028234500
chroma,1,insert_fusionado,-,4245,0,0.026433300
chroma,1,insert_fusionado,-,4246,0,0.027880500
chroma,1,insert_fusionado,-,4247,0,0.028600800
chroma,1,insert_fusionado,-,4248,0,0.028197600
chroma,1,insert_fusionado,-,4249,0,0.029866600
chroma,1,insert_fusionado,-,4250,0,0.027660300
chroma,1,insert_fusionado,-,4251,0,0.029732800
chroma,1,insert_fusionado,-,4252,0,0.031686700
chroma,1,insert_fusionado,-,4253,0,0.027824900
chroma,1,insert_fusionado,-,4254,0,0.027712000
chroma,1,insert_fusionado,-,4255,0,0.028501600
chroma,1,insert_fusionado,-,4256,0,0.029659900
chroma,1,insert_fusionado,-,4257,0,0.027123200
chroma,1,insert_fusionado,-,4258,0,0.028694100
chroma,1,insert_fusionado,-,4259,0,0.028808300
chroma,1,insert_fusionado,-,4260,0,0.028209700
chroma,1,insert_fusionado,-,4261,0,0.031048400
chroma,1,insert_fusionado,-,4262,0,0.026338200
chroma,1,insert_fusionado,-,4263,0,0.027978300
chroma,1,insert_fusionado,-,4264,0,0.027129800
chroma,1,insert_fusionado,-,4265,0,0.028258800
chroma,1,insert_fusionado,-,4266,0,0.028538700
chroma,1,insert_fusionado,-,4267,0,0.028334100
chroma,1,insert_fusionado,-,4268,0,0.029156000
chroma,1,insert_fusionado,-,4269,0,0.027523200
chroma,1,insert_fusionado,-,4270,0,0.030778600
chroma,1,insert_fusionado,-,4271,0,0.028659800
chroma,1,insert_fusionado,-,4272,0,0.027973500
chroma,1,insert_fusionado,-,4273,0,0.027882400
chroma,1,insert_fusionado,-,4274,0,0.026290300
chroma,1,insert_fusionado,-,4275,0,0.028682500
chroma,1,insert_fusionado,-,4276,0,0.026968600
chroma,1,insert_fusionado,-,4277,0,0.028243900
chroma,1,insert_fusionado,-,4278,0,0.028315700
chroma,1,insert_fusionado,-,4279,0,0.028657300
chroma,1,insert_fusionado,-,4280,0,0.030746000
chroma,1,insert_fusionado,-,4281,0,0.029475000
chroma,1,insert_fusionado,-,4282,0,0.028212100
chroma,1,insert_fusionado,-,4283,0,0.028938700
chroma,1,insert_fusionado,-,4284,0,0.028823100
chroma,1,insert_fusionado,-,4285,0,0.028450800
chroma,1,insert_fusionado,-,4286,0,0.029855800
chroma,1,insert_fusionado,-,4287,0,0.028824000
chroma,1,insert_fusionado,-,4288,0,0.028355400
chroma,1,insert_fusionado,-,4289,0,0.030169600
chroma,1,insert_fusionado,-,4290,0,0.030202800
chroma,1,insert_fusionado,-,4291,0,0.028215300
chroma,1,insert_fusionado,-,4292,0,0.028420900
chroma,1,insert_fusionado,-,4293,0,0.027329400
chroma,1,insert_fusionado,-,4294,0,0.028520600
chroma,1,insert_fusionado,-,4295,0,0.027413600
chroma,1,insert_fusionado,-,4296,0,0.027031200
chroma,1,insert_fusionado,-,4297,0,0.030060300
chroma,1,insert_fusionado,-,4298,0,0.032612300
chroma,1,insert_fusionado,-,4299,0,0.033195000
chroma,1,insert_fusionado,-,4300,0,0.026904700
chroma,1,insert_fusionado,-,4301,0,0.029314500
chroma,1,insert_fusionado,-,4302,0,0.029140900
chroma,1,insert_fusionado,-,4303,0,0.031128900
chroma,1,insert_fusionado,-,4304,0,0.027442200
chroma,1,insert_fusionado,-,4305,0,0.027841000
chroma,1,insert_fusionado,-,4306,0,0.027228600
chroma,1,insert_fusionado,-,4307,0,0.029738500
chroma,1,insert_fusionado,-,4308,0,0.027622800
chroma,1,insert_fusionado,-,4309,0,0.028133800
chroma,1,insert_fusionado,-,4310,0,0.027988800
chroma,1,insert_fusionado,-,4311,0,0.027026400
chroma,1,insert_fusionado,-,4312,0,0.031553000
chroma,1,insert_fusionado,-,4313,0,0.035195200
chroma,1,insert_fusionado,-,4314,0,0.030285000
chroma,1,insert_fusionado,-,4315,0,0.027998100
chroma,1,insert_fusionado,-,4316,0,0.028925200
chroma,1,insert_fusionado,-,4317,0,0.029125700
chroma,1,insert_fusionado,-,4318,0,0.030544300
chroma,1,insert_fusionado,-,4319,0,0.030761700
chroma,1,insert_fusionado,-,4320,0,0.028666200
chroma,1,insert_fusionado,-,4321,0,0.028637600
chroma,1,insert_fusionado,-,4322,0,0.033032500
chroma,1,insert_fusionado,-,4323,0,0.031060200
chroma,1,insert_fusionado,-,4324,0,0.030034000
chroma,1,insert_fusionado,-,4325,0,0.030199100
chroma,1,insert_fusionado,-,4326,0,0.031115200
chroma,1,insert_fusionado,-,4327,0,0.029091800
chroma,1,insert_fusionado,-,4328,0,0.030050800
chroma,1,insert_fusionado,-,4329,0,0.029273100
chroma,1,insert_fusionado,-,4330,0,0.030119000
chroma,1,insert_fusionado,-,4331,0,0.026737100
chroma,1,insert_fusionado,-,4332,0,0.029898900
chroma,1,insert_fusionado,-,4333,0,0.031885200
chroma,1,insert_fusionado,-,4334,0,0.041012100
chroma,1,insert_fusionado,-,4335,0,0.031865200
chroma,1,insert_fusionado,-,4336,0,0.028801900
chroma,1,insert_fusionado,-,4337,0,0.030501900
chroma,1,insert_fusionado,-,4338,0,0.028851300
chroma,1,insert_fusionado,-,4339,0,0.030039500
chroma,1,insert_fusionado,-,4340,0,0.029640400
chroma,1,insert_fusionado,-,4341,0,0.030065300
chroma,1,insert_fusionado,-,4342,0,0.031705100
chroma,1,insert_fusionado,-,4343,0,0.032739700
chroma,1,insert_fusionado,-,4344,0,0.025679300
chroma,1,insert_fusionado,-,4345,0,0.028395900
chroma,1,insert_fusionado,-,4346,0,0.031002700
chroma,1,insert_fusionado,-,4347,0,0.029122800
chroma,1,insert_fusionado,-,4348,0,0.028721200
chroma,1,insert_fusionado,-,4349,0,0.029354800
chroma,1,insert_fusionado,-,4350,0,0.030376100
chroma,1,insert_fusionado,-,4351,0,0.034380600
chroma,1,insert_fusionado,-,4352,0,0.029709700
chroma,1,insert_fusionado,-,4353,0,0.027088400
chroma,1,insert_fusionado,-,4354,0,0.027473400
chroma,1,insert_fusionado,-,4355,0,0.026464800
chroma,1,insert_fusionado,-,4356,0,0.029102600
chroma,1,insert_fusionado,-,4357,0,0.028815300
chroma,1,insert_fusionado,-,4358,0,0.028294700
chroma,1,insert_fusionado,-,4359,0,0.027416800
chroma,1,insert_fusionado,-,4360,0,0.027638900
chroma,1,insert_fusionado,-,4361,0,0.028319900
chroma,1,insert_fusionado,-,4362,0,0.030417500
chroma,1,insert_fusionado,-,4363,0,0.029488700
chroma,1,insert_fusionado,-,4364,0,0.026870300
chroma,1,insert_fusionado,-,4365,0,0.028908600
chroma,1,insert_fusionado,-,4366,0,0.028257200
chroma,1,insert_fusionado,-,4367,0,0.027018100
chroma,1,insert_fusionado,-,4368,0,0.028116400
chroma,1,insert_fusionado,-,4369,0,0.028233300
chroma,1,insert_fusionado,-,4370,0,0.032911400
chroma,1,insert_fusionado,-,4371,0,0.029806600
chroma,1,insert_fusionado,-,4372,0,0.027596400
chroma,1,insert_fusionado,-,4373,0,0.029833800
chroma,1,insert_fusionado,-,4374,0,0.027120600
chroma,1,insert_fusionado,-,4375,0,0.028487100
chroma,1,insert_fusionado,-,4376,0,0.029671200
chroma,1,insert_fusionado,-,4377,0,0.028826200
chroma,1,insert_fusionado,-,4378,0,0.031116700
chroma,1,insert_fusionado,-,4379,0,0.028116600
chroma,1,insert_fusionado,-,4380,0,0.028986400
chroma,1,insert_fusionado,-,4381,0,0.031047300
chroma,1,insert_fusionado,-,4382,0,0.030842000
chroma,1,insert_fusionado,-,4383,0,0.029946900
chroma,1,insert_fusionado,-,4384,0,0.028876000
chroma,1,insert_fusionado,-,4385,0,0.028092400
chroma,1,insert_fusionado,-,4386,0,0.027473900
chroma,1,insert_fusionado,-,4387,0,0.029507300
chroma,1,insert_fusionado,-,4388,0,0.030343100
chroma,1,insert_fusionado,-,4389,0,0.031739500
chroma,1,insert_fusionado,-,4390,0,0.029861700
chroma,1,insert_fusionado,-,4391,0,0.030861700
chroma,1,insert_fusionado,-,4392,0,0.025935200
chroma,1,insert_fusionado,-,4393,0,0.034039700
chroma,1,insert_fusionado,-,4394,0,0.026173500
chroma,1,insert_fusionado,-,4395,0,0.031797200
chroma,1,insert_fusionado,-,4396,0,0.028730800
chroma,1,insert_fusionado,-,4397,0,0.026567900
chroma,1,insert_fusionado,-,4398,0,0.029108400
chroma,1,insert_fusionado,-,4399,0,0.029920100
chroma,1,insert_fusionado,-,4400,0,0.027661500
chroma,1,insert_fusionado,-,4401,0,0.028090200
chroma,1,insert_fusionado,-,4402,0,0.027694600
chroma,1,insert_fusionado,-,4403,0,0.027787900
chroma,1,insert_fusionado,-,4404,0,0.027161300
chroma,1,insert_fusionado,-,4405,0,0.030286800
chroma,1,insert_fusionado,-,4406,0,0.027808100
chroma,1,insert_fusionado,-,4407,0,0.030215600
chroma,1,insert_fusionado,-,4408,0,0.031440000
chroma,1,insert_fusionado,-,4409,0,0.032148800
chroma,1,insert_fusionado,-,4410,0,0.032093400
chroma,1,insert_fusionado,-,4411,0,0.029592500
chroma,1,insert_fusionado,-,4412,0,0.033274300
chroma,1,insert_fusionado,-,4413,0,0.031339100
chroma,1,insert_fusionado,-,4414,0,0.028140400
chroma,1,insert_fusionado,-,4415,0,0.031502400
chroma,1,insert_fusionado,-,4416,0,0.030907100
chroma,1,insert_fusionado,-,4417,0,0.029673300
chroma,1,insert_fusionado,-,4418,0,0.028491200
chroma,1,insert_fusionado,-,4419,0,0.029017400
chroma,1,insert_fusionado,-,4420,0,0.033473000
chroma,1,insert_fusionado,-,4421,0,0.030677700
chroma,1,insert_fusionado,-,4422,0,0.028843600
chroma,1,insert_fusionado,-,4423,0,0.029171900
chroma,1,insert_fusionado,-,4424,0,0.031737200
chroma,1,insert_fusionado,-,4425,0,0.032650700
chroma,1,insert_fusionado,-,4426,0,0.029306900
chroma,1,insert_fusionado,-,4427,0,0.031735100
chroma,1,insert_fusionado,-,4428,0,0.028265900
chroma,1,insert_fusionado,-,4429,0,0.030447700
chroma,1,insert_fusionado,-,4430,0,0.032606200
chroma,1,insert_fusionado,-,4431,0,0.030490000
chroma,1,insert_fusionado,-,4432,0,0.040790400
chroma,1,insert_fusionado,-,4433,0,0.066006900
chroma,1,insert_fusionado,-,4434,0,0.031841500
chroma,1,insert_fusionado,-,4435,0,0.031464700
chroma,1,insert_fusionado,-,4436,0,0.029815100
chroma,1,insert_fusionado,-,4437,0,0.029089300
chroma,1,insert_fusionado,-,4438,0,0.025821400
chroma,1,insert_fusionado,-,4439,0,0.029608400
chroma,1,insert_fusionado,-,4440,0,0.030909600
chroma,1,insert_fusionado,-,4441,0,0.033360100
chroma,1,insert_fusionado,-,4442,0,0.028770900
chroma,1,insert_fusionado,-,4443,0,0.028627600
chroma,1,insert_fusionado,-,4444,0,0.029038800
chroma,1,insert_fusionado,-,4445,0,0.033095100
chroma,1,insert_fusionado,-,4446,0,0.031030400
chroma,1,insert_fusionado,-,4447,0,0.028439400
chroma,1,insert_fusionado,-,4448,0,0.027846100
chroma,1,insert_fusionado,-,4449,0,0.028454500
chroma,1,insert_fusionado,-,4450,0,0.029222700
chroma,1,insert_fusionado,-,4451,0,0.031393600
chroma,1,insert_fusionado,-,4452,0,0.030396900
chroma,1,insert_fusionado,-,4453,0,0.030072600
chroma,1,insert_fusionado,-,4454,0,0.030894800
chroma,1,insert_fusionado,-,4455,0,0.032242000
chroma,1,insert_fusionado,-,4456,0,0.030724900
chroma,1,insert_fusionado,-,4457,0,0.033340200
chroma,1,insert_fusionado,-,4458,0,0.029112800
chroma,1,insert_fusionado,-,4459,0,0.031521300
chroma,1,insert_fusionado,-,4460,0,0.029572000
chroma,1,insert_fusionado,-,4461,0,0.031046500
chroma,1,insert_fusionado,-,4462,0,0.029699200
chroma,1,insert_fusionado,-,4463,0,0.030262500
chroma,1,insert_fusionado,-,4464,0,0.030834700
chroma,1,insert_fusionado,-,4465,0,0.036302700
chroma,1,insert_fusionado,-,4466,0,0.033689400
chroma,1,insert_fusionado,-,4467,0,0.027975400
chroma,1,insert_fusionado,-,4468,0,0.031220500
chroma,1,insert_fusionado,-,4469,0,0.029518900
chroma,1,insert_fusionado,-,4470,0,0.029551200
chroma,1,insert_fusionado,-,4471,0,0.029916000
chroma,1,insert_fusionado,-,4472,0,0.030832200
chroma,1,insert_fusionado,-,4473,0,0.029109000
chroma,1,insert_fusionado,-,4474,0,0.032631600
chroma,1,insert_fusionado,-,4475,0,0.032025700
chroma,1,insert_fusionado,-,4476,0,0.030134100
chroma,1,insert_fusionado,-,4477,0,0.027234200
chroma,1,insert_fusionado,-,4478,0,0.031077000
chroma,1,insert_fusionado,-,4479,0,0.031022500
chroma,1,insert_fusionado,-,4480,0,0.031306100
chroma,1,insert_fusionado,-,4481,0,0.030958300
chroma,1,insert_fusionado,-,4482,0,0.031099000
chroma,1,insert_fusionado,-,4483,0,0.029226600
chroma,1,insert_fusionado,-,4484,0,0.030430500
chroma,1,insert_fusionado,-,4485,0,0.034292700
chroma,1,insert_fusionado,-,4486,0,0.029664100
chroma,1,insert_fusionado,-,4487,0,0.029870600
chroma,1,insert_fusionado,-,4488,0,0.029995800
chroma,1,insert_fusionado,-,4489,0,0.030896400
chroma,1,insert_fusionado,-,4490,0,0.031520900
chroma,1,insert_fusionado,-,4491,0,0.030043100
chroma,1,insert_fusionado,-,4492,0,0.031053200
chroma,1,insert_fusionado,-,4493,0,0.029293400
chroma,1,insert_fusionado,-,4494,0,0.029735800
chroma,1,insert_fusionado,-,4495,0,0.029080100
chroma,1,insert_fusionado,-,4496,0,0.029188100
chroma,1,insert_fusionado,-,4497,0,0.027652700
chroma,1,insert_fusionado,-,4498,0,0.032763600
chroma,1,insert_fusionado,-,4499,0,0.039030400
chroma,1,insert_fusionado,-,4500,0,0.028863100
chroma,1,insert_fusionado,-,4501,0,0.032267900
chroma,1,insert_fusionado,-,4502,0,0.029024500
chroma,1,insert_fusionado,-,4503,0,0.031766700
chroma,1,insert_fusionado,-,4504,0,0.030613300
chroma,1,insert_fusionado,-,4505,0,0.030791700
chroma,1,insert_fusionado,-,4506,0,0.030597600
chroma,1,insert_fusionado,-,4507,0,0.032549300
chroma,1,insert_fusionado,-,4508,0,0.029136000
chroma,1,insert_fusionado,-,4509,0,0.031668800
chroma,1,insert_fusionado,-,4510,0,0.033340600
chroma,1,insert_fusionado,-,4511,0,0.034351100
chroma,1,insert_fusionado,-,4512,0,0.031024800
chroma,1,insert_fusionado,-,4513,0,0.036481400
chroma,1,insert_fusionado,-,4514,0,0.033003300
chroma,1,insert_fusionado,-,4515,0,0.029334900
chroma,1,insert_fusionado,-,4516,0,0.028190400
chroma,1,insert_fusionado,-,4517,0,0.032028900
chroma,1,insert_fusionado,-,4518,0,0.033118900
chroma,1,insert_fusionado,-,4519,0,0.031404800
chroma,1,insert_fusionado,-,4520,0,0.034404000
chroma,1,insert_fusionado,-,4521,0,0.031594000
chroma,1,insert_fusionado,-,4522,0,0.034691100
chroma,1,insert_fusionado,-,4523,0,0.031864900
chroma,1,insert_fusionado,-,4524,0,0.031697600
chroma,1,insert_fusionado,-,4525,0,0.032064600
chroma,1,insert_fusionado,-,4526,0,0.029857500
chroma,1,insert_fusionado,-,4527,0,0.032156400
chroma,1,insert_fusionado,-,4528,0,0.032759600
chroma,1,insert_fusionado,-,4529,0,0.030673600
chroma,1,insert_fusionado,-,4530,0,0.031662400
chroma,1,insert_fusionado,-,4531,0,0.030388000
chroma,1,insert_fusionado,-,4532,0,0.031283000
chroma,1,insert_fusionado,-,4533,0,0.030365700
chroma,1,insert_fusionado,-,4534,0,0.031704900
chroma,1,insert_fusionado,-,4535,0,0.031410800
chroma,1,insert_fusionado,-,4536,0,0.032029100
chroma,1,insert_fusionado,-,4537,0,0.032261500
chroma,1,insert_fusionado,-,4538,0,0.030726000
chroma,1,insert_fusionado,-,4539,0,0.033556800
chroma,1,insert_fusionado,-,4540,0,0.031531500
chroma,1,insert_fusionado,-,4541,0,0.030526700
chroma,1,insert_fusionado,-,4542,0,0.028923300
chroma,1,insert_fusionado,-,4543,0,0.032065900
chroma,1,insert_fusionado,-,4544,0,0.031009600
chroma,1,insert_fusionado,-,4545,0,0.030914800
chroma,1,insert_fusionado,-,4546,0,0.033149500
chroma,1,insert_fusionado,-,4547,0,0.030339500
chroma,1,insert_fusionado,-,4548,0,0.033874200
chroma,1,insert_fusionado,-,4549,0,0.032839900
chroma,1,insert_fusionado,-,4550,0,0.033235100
chroma,1,insert_fusionado,-,4551,0,0.029919900
chroma,1,insert_fusionado,-,4552,0,0.028526400
chroma,1,insert_fusionado,-,4553,0,0.033644300
chroma,1,insert_fusionado,-,4554,0,0.030741200
chroma,1,insert_fusionado,-,4555,0,0.029375600
chroma,1,insert_fusionado,-,4556,0,0.031660900
chroma,1,insert_fusionado,-,4557,0,0.032366400
chroma,1,insert_fusionado,-,4558,0,0.036726500
chroma,1,insert_fusionado,-,4559,0,0.033038300
chroma,1,insert_fusionado,-,4560,0,0.033799600
chroma,1,insert_fusionado,-,4561,0,0.031016700
chroma,1,insert_fusionado,-,4562,0,0.030618700
chroma,1,insert_fusionado,-,4563,0,0.032396500
chroma,1,insert_fusionado,-,4564,0,0.030299800
chroma,1,insert_fusionado,-,4565,0,0.031309500
chroma,1,insert_fusionado,-,4566,0,0.030546200
chroma,1,insert_fusionado,-,4567,0,0.031783100
chroma,1,insert_fusionado,-,4568,0,0.032260600
chroma,1,insert_fusionado,-,4569,0,0.031266600
chroma,1,insert_fusionado,-,4570,0,0.031347300
chroma,1,insert_fusionado,-,4571,0,0.030262900
chroma,1,insert_fusionado,-,4572,0,0.034262800
chroma,1,insert_fusionado,-,4573,0,0.032073300
chroma,1,insert_fusionado,-,4574,0,0.028924500
chroma,1,insert_fusionado,-,4575,0,0.032492100
chroma,1,insert_fusionado,-,4576,0,0.032565800
chroma,1,insert_fusionado,-,4577,0,0.030376600
chroma,1,insert_fusionado,-,4578,0,0.030036900
chroma,1,insert_fusionado,-,4579,0,0.031001900
chroma,1,insert_fusionado,-,4580,0,0.028310200
chroma,1,insert_fusionado,-,4581,0,0.029196300
chroma,1,insert_fusionado,-,4582,0,0.030024600
chroma,1,insert_fusionado,-,4583,0,0.030135800
chroma,1,insert_fusionado,-,4584,0,0.029192100
chroma,1,insert_fusionado,-,4585,0,0.030444200
chroma,1,insert_fusionado,-,4586,0,0.031200900
chroma,1,insert_fusionado,-,4587,0,0.031203100
chroma,1,insert_fusionado,-,4588,0,0.031091300
chroma,1,insert_fusionado,-,4589,0,0.031704600
chroma,1,insert_fusionado,-,4590,0,0.030362200
chroma,1,insert_fusionado,-,4591,0,0.031393700
chroma,1,insert_fusionado,-,4592,0,0.032107100
chroma,1,insert_fusionado,-,4593,0,0.034945900
chroma,1,insert_fusionado,-,4594,0,0.031653200
chroma,1,insert_fusionado,-,4595,0,0.031378000
chroma,1,insert_fusionado,-,4596,0,0.028856000
chroma,1,insert_fusionado,-,4597,0,0.031315300
chroma,1,insert_fusionado,-,4598,0,0.030031200
chroma,1,insert_fusionado,-,4599,0,0.031444600
chroma,1,insert_fusionado,-,4600,0,0.030574200
chroma,1,insert_fusionado,-,4601,0,0.029671800
chroma,1,insert_fusionado,-,4602,0,0.032411300
chroma,1,insert_fusionado,-,4603,0,0.036206500
chroma,1,insert_fusionado,-,4604,0,0.028990700
chroma,1,insert_fusionado,-,4605,0,0.034889800
chroma,1,insert_fusionado,-,4606,0,0.030977900
chroma,1,insert_fusionado,-,4607,0,0.034161000
chroma,1,insert_fusionado,-,4608,0,0.032127100
chroma,1,insert_fusionado,-,4609,0,0.033160400
chroma,1,insert_fusionado,-,4610,0,0.030030600
chroma,1,insert_fusionado,-,4611,0,0.034606600
chroma,1,insert_fusionado,-,4612,0,0.034944900
chroma,1,insert_fusionado,-,4613,0,0.033763700
chroma,1,insert_fusionado,-,4614,0,0.030670100
chroma,1,insert_fusionado,-,4615,0,0.031868500
chroma,1,insert_fusionado,-,4616,0,0.029879200
chroma,1,insert_fusionado,-,4617,0,0.030343800
chroma,1,insert_fusionado,-,4618,0,0.028542300
chroma,1,insert_fusionado,-,4619,0,0.029428200
chroma,1,insert_fusionado,-,4620,0,0.029997900
chroma,1,insert_fusionado,-,4621,0,0.031420600
chroma,1,insert_fusionado,-,4622,0,0.028599000
chroma,1,insert_fusionado,-,4623,0,0.032037600
chroma,1,insert_fusionado,-,4624,0,0.029847700
chroma,1,insert_fusionado,-,4625,0,0.029991100
chroma,1,insert_fusionado,-,4626,0,0.031441700
chroma,1,insert_fusionado,-,4627,0,0.033813300
chroma,1,insert_fusionado,-,4628,0,0.031391100
chroma,1,insert_fusionado,-,4629,0,0.029822200
chroma,1,insert_fusionado,-,4630,0,0.031941400
chroma,1,insert_fusionado,-,4631,0,0.030387500
chroma,1,insert_fusionado,-,4632,0,0.031350800
chroma,1,insert_fusionado,-,4633,0,0.033246100
chroma,1,insert_fusionado,-,4634,0,0.029811500
chroma,1,insert_fusionado,-,4635,0,0.030672900
chroma,1,insert_fusionado,-,4636,0,0.031610300
chroma,1,insert_fusionado,-,4637,0,0.031653600
chroma,1,insert_fusionado,-,4638,0,0.032493800
chroma,1,insert_fusionado,-,4639,0,0.035501700
chroma,1,insert_fusionado,-,4640,0,0.030901700
chroma,1,insert_fusionado,-,4641,0,0.031774000
chroma,1,insert_fusionado,-,4642,0,0.030877200
chroma,1,insert_fusionado,-,4643,0,0.030593900
chroma,1,insert_fusionado,-,4644,0,0.030029100
chroma,1,insert_fusionado,-,4645,0,0.031330600
chroma,1,insert_fusionado,-,4646,0,0.030362300
chroma,1,insert_fusionado,-,4647,0,0.036992800
chroma,1,insert_fusionado,-,4648,0,0.033793400
chroma,1,insert_fusionado,-,4649,0,0.034612400
chroma,1,insert_fusionado,-,4650,0,0.035072200
chroma,1,insert_fusionado,-,4651,0,0.031110800
chroma,1,insert_fusionado,-,4652,0,0.034272300
chroma,1,insert_fusionado,-,4653,0,0.034853600
chroma,1,insert_fusionado,-,4654,0,0.030232800
chroma,1,insert_fusionado,-,4655,0,0.033098400
chroma,1,insert_fusionado,-,4656,0,0.033943700
chroma,1,insert_fusionado,-,4657,0,0.032107300
chroma,1,insert_fusionado,-,4658,0,0.031436300
chroma,1,insert_fusionado,-,4659,0,0.035188300
chroma,1,insert_fusionado,-,4660,0,0.030821500
chroma,1,insert_fusionado,-,4661,0,0.033340000
chroma,1,insert_fusionado,-,4662,0,0.035227300
chroma,1,insert_fusionado,-,4663,0,0.033334400
chroma,1,insert_fusionado,-,4664,0,0.031744800
chroma,1,insert_fusionado,-,4665,0,0.035725500
chroma,1,insert_fusionado,-,4666,0,0.036157900
chroma,1,insert_fusionado,-,4667,0,0.034794000
chroma,1,insert_fusionado,-,4668,0,0.038624900
chroma,1,insert_fusionado,-,4669,0,0.033683500
chroma,1,insert_fusionado,-,4670,0,0.032495700
chroma,1,insert_fusionado,-,4671,0,0.035624500
chroma,1,insert_fusionado,-,4672,0,0.031421300
chroma,1,insert_fusionado,-,4673,0,0.032659400
chroma,1,insert_fusionado,-,4674,0,0.031590300
chroma,1,insert_fusionado,-,4675,0,0.044132800
chroma,1,insert_fusionado,-,4676,0,0.034293600
chroma,1,insert_fusionado,-,4677,0,0.032659100
chroma,1,insert_fusionado,-,4678,0,0.031963300
chroma,1,insert_fusionado,-,4679,0,0.034436500
chroma,1,insert_fusionado,-,4680,0,0.034103800
chroma,1,insert_fusionado,-,4681,0,0.031229500
chroma,1,insert_fusionado,-,4682,0,0.034277600
chroma,1,insert_fusionado,-,4683,0,0.033331500
chroma,1,insert_fusionado,-,4684,0,0.034937900
chroma,1,insert_fusionado,-,4685,0,0.034603700
chroma,1,insert_fusionado,-,4686,0,0.037700900
chroma,1,insert_fusionado,-,4687,0,0.033106800
chroma,1,insert_fusionado,-,4688,0,0.030937600
chroma,1,insert_fusionado,-,4689,0,0.031541100
chroma,1,insert_fusionado,-,4690,0,0.030705600
chroma,1,insert_fusionado,-,4691,0,0.032741800
chroma,1,insert_fusionado,-,4692,0,0.033314600
chroma,1,insert_fusionado,-,4693,0,0.037603100
chroma,1,insert_fusionado,-,4694,0,0.029730600
chroma,1,insert_fusionado,-,4695,0,0.031936700
chroma,1,insert_fusionado,-,4696,0,0.030047400
chroma,1,insert_fusionado,-,4697,0,0.033014800
chroma,1,insert_fusionado,-,4698,0,0.034164600
chroma,1,insert_fusionado,-,4699,0,0.032514300
chroma,1,insert_fusionado,-,4700,0,0.031342200
chroma,1,insert_fusionado,-,4701,0,0.029864600
chroma,1,insert_fusionado,-,4702,0,0.031439800
chroma,1,insert_fusionado,-,4703,0,0.034181300
chroma,1,insert_fusionado,-,4704,0,0.033552100
chroma,1,insert_fusionado,-,4705,0,0.033718700
chroma,1,insert_fusionado,-,4706,0,0.031923800
chroma,1,insert_fusionado,-,4707,0,0.031386500
chroma,1,insert_fusionado,-,4708,0,0.033260100
chroma,1,insert_fusionado,-,4709,0,0.032196000
chroma,1,insert_fusionado,-,4710,0,0.029917000
chroma,1,insert_fusionado,-,4711,0,0.034005200
chroma,1,insert_fusionado,-,4712,0,0.031332400
chroma,1,insert_fusionado,-,4713,0,0.032285800
chroma,1,insert_fusionado,-,4714,0,0.031101400
chroma,1,insert_fusionado,-,4715,0,0.037635400
chroma,1,insert_fusionado,-,4716,0,0.035328800
chroma,1,insert_fusionado,-,4717,0,0.032828200
chroma,1,insert_fusionado,-,4718,0,0.030326700
chroma,1,insert_fusionado,-,4719,0,0.033237800
chroma,1,insert_fusionado,-,4720,0,0.038267700
chroma,1,insert_fusionado,-,4721,0,0.044585100
chroma,1,insert_fusionado,-,4722,0,0.042583700
chroma,1,insert_fusionado,-,4723,0,0.042668200
chroma,1,insert_fusionado,-,4724,0,0.045957200
chroma,1,insert_fusionado,-,4725,0,0.044532500
chroma,1,insert_fusionado,-,4726,0,0.043538900
chroma,1,insert_fusionado,-,4727,0,0.040325700
chroma,1,insert_fusionado,-,4728,0,0.044034200
chroma,1,insert_fusionado,-,4729,0,0.038355000
chroma,1,insert_fusionado,-,4730,0,0.040736600
chroma,1,insert_fusionado,-,4731,0,0.040471200
chroma,1,insert_fusionado,-,4732,0,0.042448700
chroma,1,insert_fusionado,-,4733,0,0.038910000
chroma,1,insert_fusionado,-,4734,0,0.044799600
chroma,1,insert_fusionado,-,4735,0,0.044808500
chroma,1,insert_fusionado,-,4736,0,0.038823600
chroma,1,insert_fusionado,-,4737,0,0.043754600
chroma,1,insert_fusionado,-,4738,0,0.035954500
chroma,1,insert_fusionado,-,4739,0,0.033455800
chroma,1,insert_fusionado,-,4740,0,0.030995300
chroma,1,insert_fusionado,-,4741,0,0.034681200
chroma,1,insert_fusionado,-,4742,0,0.032807800
chroma,1,insert_fusionado,-,4743,0,0.034645600
chroma,1,insert_fusionado,-,4744,0,0.036035700
chroma,1,insert_fusionado,-,4745,0,0.032634400
chroma,1,insert_fusionado,-,4746,0,0.032632600
chroma,1,insert_fusionado,-,4747,0,0.036736200
chroma,1,insert_fusionado,-,4748,0,0.037302500
chroma,1,insert_fusionado,-,4749,0,0.037781100
chroma,1,insert_fusionado,-,4750,0,0.036892300
chroma,1,insert_fusionado,-,4751,0,0.036331300
chroma,1,insert_fusionado,-,4752,0,0.038366300
chroma,1,insert_fusionado,-,4753,0,0.034768700
chroma,1,insert_fusionado,-,4754,0,0.037699000
chroma,1,insert_fusionado,-,4755,0,0.033726700
chroma,1,insert_fusionado,-,4756,0,0.035901200
chroma,1,insert_fusionado,-,4757,0,0.037297600
chroma,1,insert_fusionado,-,4758,0,0.037181400
chroma,1,insert_fusionado,-,4759,0,0.037965800
chroma,1,insert_fusionado,-,4760,0,0.035418600
chroma,1,insert_fusionado,-,4761,0,0.039430800
chroma,1,insert_fusionado,-,4762,0,0.039844100
chroma,1,insert_fusionado,-,4763,0,0.038383400
chroma,1,insert_fusionado,-,4764,0,0.038967300
chroma,1,insert_fusionado,-,4765,0,0.029464400
chroma,1,insert_fusionado,-,4766,0,0.033907600
chroma,1,insert_fusionado,-,4767,0,0.033582800
chroma,1,insert_fusionado,-,4768,0,0.031133900
chroma,1,insert_fusionado,-,4769,0,0.030129200
chroma,1,insert_fusionado,-,4770,0,0.031917200
chroma,1,insert_fusionado,-,4771,0,0.032944400
chroma,1,insert_fusionado,-,4772,0,0.032530500
chroma,1,insert_fusionado,-,4773,0,0.033328700
chroma,1,insert_fusionado,-,4774,0,0.034322200
chroma,1,insert_fusionado,-,4775,0,0.034875300
chroma,1,insert_fusionado,-,4776,0,0.033364800
chroma,1,insert_fusionado,-,4777,0,0.031154300
chroma,1,insert_fusionado,-,4778,0,0.029509800
chroma,1,insert_fusionado,-,4779,0,0.033610300
chroma,1,insert_fusionado,-,4780,0,0.033275800
chroma,1,insert_fusionado,-,4781,0,0.032569400
chroma,1,insert_fusionado,-,4782,0,0.035318600
chroma,1,insert_fusionado,-,4783,0,0.030515300
chroma,1,insert_fusionado,-,4784,0,0.033092100
chroma,1,insert_fusionado,-,4785,0,0.037512900
chroma,1,insert_fusionado,-,4786,0,0.034401400
chroma,1,insert_fusionado,-,4787,0,0.031511000
chroma,1,insert_fusionado,-,4788,0,0.032351600
chroma,1,insert_fusionado,-,4789,0,0.030841100
chroma,1,insert_fusionado,-,4790,0,0.032441200
chroma,1,insert_fusionado,-,4791,0,0.032412000
chroma,1,insert_fusionado,-,4792,0,0.032193600
chroma,1,insert_fusionado,-,4793,0,0.032100600
chroma,1,insert_fusionado,-,4794,0,0.034648300
chroma,1,insert_fusionado,-,4795,0,0.032841100
chroma,1,insert_fusionado,-,4796,0,0.034852500
chroma,1,insert_fusionado,-,4797,0,0.034348700
chroma,1,insert_fusionado,-,4798,0,0.030057800
chroma,1,insert_fusionado,-,4799,0,0.031519600
chroma,1,insert_fusionado,-,4800,0,0.031810900
chroma,1,insert_fusionado,-,4801,0,0.034123000
chroma,1,insert_fusionado,-,4802,0,0.031701400
chroma,1,insert_fusionado,-,4803,0,0.035459900
chroma,1,insert_fusionado,-,4804,0,0.033852800
chroma,1,insert_fusionado,-,4805,0,0.033575500
chroma,1,insert_fusionado,-,4806,0,0.031850800
chroma,1,insert_fusionado,-,4807,0,0.033358800
chroma,1,insert_fusionado,-,4808,0,0.030746900
chroma,1,insert_fusionado,-,4809,0,0.036195200
chroma,1,insert_fusionado,-,4810,0,0.032853500
chroma,1,insert_fusionado,-,4811,0,0.031779000
chroma,1,insert_fusionado,-,4812,0,0.030978700
chroma,1,insert_fusionado,-,4813,0,0.029120600
chroma,1,insert_fusionado,-,4814,0,0.032064700
chroma,1,insert_fusionado,-,4815,0,0.034053800
chroma,1,insert_fusionado,-,4816,0,0.029931300
chroma,1,insert_fusionado,-,4817,0,0.029826900
chroma,1,insert_fusionado,-,4818,0,0.031024900
chroma,1,insert_fusionado,-,4819,0,0.032565800
chroma,1,insert_fusionado,-,4820,0,0.038132400
chroma,1,insert_fusionado,-,4821,0,0.033385700
chroma,1,insert_fusionado,-,4822,0,0.033999900
chroma,1,insert_fusionado,-,4823,0,0.033889900
chroma,1,insert_fusionado,-,4824,0,0.032436600
chroma,1,insert_fusionado,-,4825,0,0.033306000
chroma,1,insert_fusionado,-,4826,0,0.031337900
chroma,1,insert_fusionado,-,4827,0,0.032699600
chroma,1,insert_fusionado,-,4828,0,0.032140000
chroma,1,insert_fusionado,-,4829,0,0.032445000
chroma,1,insert_fusionado,-,4830,0,0.031723800
chroma,1,insert_fusionado,-,4831,0,0.034607300
chroma,1,insert_fusionado,-,4832,0,0.035260900
chroma,1,insert_fusionado,-,4833,0,0.036647100
chroma,1,insert_fusionado,-,4834,0,0.069677600
chroma,1,insert_fusionado,-,4835,0,0.032443500
chroma,1,insert_fusionado,-,4836,0,0.034129300
chroma,1,insert_fusionado,-,4837,0,0.044527700
chroma,1,insert_fusionado,-,4838,0,0.029537700
chroma,1,insert_fusionado,-,4839,0,0.031626100
chroma,1,insert_fusionado,-,4840,0,0.033622200
chroma,1,insert_fusionado,-,4841,0,0.035887500
chroma,1,insert_fusionado,-,4842,0,0.030900100
chroma,1,insert_fusionado,-,4843,0,0.031091500
chroma,1,insert_fusionado,-,4844,0,0.034123900
chroma,1,insert_fusionado,-,4845,0,0.031905800
chroma,1,insert_fusionado,-,4846,0,0.032023800
chroma,1,insert_fusionado,-,4847,0,0.032309300
chroma,1,insert_fusionado,-,4848,0,0.034251100
chroma,1,insert_fusionado,-,4849,0,0.030938400
chroma,1,insert_fusionado,-,4850,0,0.033012600
chroma,1,insert_fusionado,-,4851,0,0.031101600
chroma,1,insert_fusionado,-,4852,0,0.034012600
chroma,1,insert_fusionado,-,4853,0,0.031992100
chroma,1,insert_fusionado,-,4854,0,0.030114800
chroma,1,insert_fusionado,-,4855,0,0.029309200
chroma,1,insert_fusionado,-,4856,0,0.035114600
chroma,1,insert_fusionado,-,4857,0,0.033075400
chroma,1,insert_fusionado,-,4858,0,0.032419400
chroma,1,insert_fusionado,-,4859,0,0.033695600
chroma,1,insert_fusionado,-,4860,0,0.033462000
chroma,1,insert_fusionado,-,4861,0,0.031168600
chroma,1,insert_fusionado,-,4862,0,0.035281400
chroma,1,insert_fusionado,-,4863,0,0.035595700
chroma,1,insert_fusionado,-,4864,0,0.033048900
chroma,1,insert_fusionado,-,4865,0,0.033206700
chroma,1,insert_fusionado,-,4866,0,0.030228800
chroma,1,insert_fusionado,-,4867,0,0.032838600
chroma,1,insert_fusionado,-,4868,0,0.034929900
chroma,1,insert_fusionado,-,4869,0,0.034831600
chroma,1,insert_fusionado,-,4870,0,0.034993900
chroma,1,insert_fusionado,-,4871,0,0.034276500
chroma,1,insert_fusionado,-,4872,0,0.031952400
chroma,1,insert_fusionado,-,4873,0,0.032892900
chroma,1,insert_fusionado,-,4874,0,0.033138000
chroma,1,insert_fusionado,-,4875,0,0.032556600
chroma,1,insert_fusionado,-,4876,0,0.033010300
chroma,1,insert_fusionado,-,4877,0,0.034197300
chroma,1,insert_fusionado,-,4878,0,0.032943700
chroma,1,insert_fusionado,-,4879,0,0.037341700
chroma,1,insert_fusionado,-,4880,0,0.036432900
chroma,1,insert_fusionado,-,4881,0,0.035069900
chroma,1,insert_fusionado,-,4882,0,0.037003300
chroma,1,insert_fusionado,-,4883,0,0.033861400
chroma,1,insert_fusionado,-,4884,0,0.036662600
chroma,1,insert_fusionado,-,4885,0,0.034084500
chroma,1,insert_fusionado,-,4886,0,0.032555200
chroma,1,insert_fusionado,-,4887,0,0.033493000
chroma,1,insert_fusionado,-,4888,0,0.032748400
chroma,1,insert_fusionado,-,4889,0,0.033056400
chroma,1,insert_fusionado,-,4890,0,0.032953700
chroma,1,insert_fusionado,-,4891,0,0.033613400
chroma,1,insert_fusionado,-,4892,0,0.032440600
chroma,1,insert_fusionado,-,4893,0,0.034372400
chroma,1,insert_fusionado,-,4894,0,0.032610500
chroma,1,insert_fusionado,-,4895,0,0.036314000
chroma,1,insert_fusionado,-,4896,0,0.033716300
chroma,1,insert_fusionado,-,4897,0,0.032991000
chroma,1,insert_fusionado,-,4898,0,0.036200800
chroma,1,insert_fusionado,-,4899,0,0.033272300
chroma,1,insert_fusionado,-,4900,0,0.031276300
chroma,1,insert_fusionado,-,4901,0,0.033289600
chroma,1,insert_fusionado,-,4902,0,0.030597400
chroma,1,insert_fusionado,-,4903,0,0.033845700
chroma,1,insert_fusionado,-,4904,0,0.036030400
chroma,1,insert_fusionado,-,4905,0,0.032709800
chroma,1,insert_fusionado,-,4906,0,0.034144100
chroma,1,insert_fusionado,-,4907,0,0.033290300
chroma,1,insert_fusionado,-,4908,0,0.032430100
chroma,1,insert_fusionado,-,4909,0,0.033632400
chroma,1,insert_fusionado,-,4910,0,0.032799000
chroma,1,insert_fusionado,-,4911,0,0.033694500
chroma,1,insert_fusionado,-,4912,0,0.037823400
chroma,1,insert_fusionado,-,4913,0,0.034665900
chroma,1,insert_fusionado,-,4914,0,0.036472600
chroma,1,insert_fusionado,-,4915,0,0.033043300
chroma,1,insert_fusionado,-,4916,0,0.035132900
chroma,1,insert_fusionado,-,4917,0,0.036047000
chroma,1,insert_fusionado,-,4918,0,0.033659000
chroma,1,insert_fusionado,-,4919,0,0.035261500
chroma,1,insert_fusionado,-,4920,0,0.033430700
chroma,1,insert_fusionado,-,4921,0,0.034509700
chroma,1,insert_fusionado,-,4922,0,0.033668500
chroma,1,insert_fusionado,-,4923,0,0.034639200
chroma,1,insert_fusionado,-,4924,0,0.032702300
chroma,1,insert_fusionado,-,4925,0,0.034162100
chroma,1,insert_fusionado,-,4926,0,0.032454400
chroma,1,insert_fusionado,-,4927,0,0.036884000
chroma,1,insert_fusionado,-,4928,0,0.032012800
chroma,1,insert_fusionado,-,4929,0,0.031496500
chroma,1,insert_fusionado,-,4930,0,0.032379600
chroma,1,insert_fusionado,-,4931,0,0.032874800
chroma,1,insert_fusionado,-,4932,0,0.033729000
chroma,1,insert_fusionado,-,4933,0,0.033687100
chroma,1,insert_fusionado,-,4934,0,0.032119700
chroma,1,insert_fusionado,-,4935,0,0.034283000
chroma,1,insert_fusionado,-,4936,0,0.034273000
chroma,1,insert_fusionado,-,4937,0,0.033903500
chroma,1,insert_fusionado,-,4938,0,0.032650400
chroma,1,insert_fusionado,-,4939,0,0.032469200
chroma,1,insert_fusionado,-,4940,0,0.035511200
chroma,1,insert_fusionado,-,4941,0,0.032495400
chroma,1,insert_fusionado,-,4942,0,0.033024400
chroma,1,insert_fusionado,-,4943,0,0.034925600
chroma,1,insert_fusionado,-,4944,0,0.032511900
chroma,1,insert_fusionado,-,4945,0,0.035866600
chroma,1,insert_fusionado,-,4946,0,0.032324000
chroma,1,insert_fusionado,-,4947,0,0.032837200
chroma,1,insert_fusionado,-,4948,0,0.036115100
chroma,1,insert_fusionado,-,4949,0,0.031742100
chroma,1,insert_fusionado,-,4950,0,0.033196100
chroma,1,insert_fusionado,-,4951,0,0.033346900
chroma,1,insert_fusionado,-,4952,0,0.034788100
chroma,1,insert_fusionado,-,4953,0,0.035096600
chroma,1,insert_fusionado,-,4954,0,0.033552500
chroma,1,insert_fusionado,-,4955,0,0.034821700
chroma,1,insert_fusionado,-,4956,0,0.034865000
chroma,1,insert_fusionado,-,4957,0,0.034639400
chroma,1,insert_fusionado,-,4958,0,0.035613100
chroma,1,insert_fusionado,-,4959,0,0.037648800
chroma,1,insert_fusionado,-,4960,0,0.034535800
chroma,1,insert_fusionado,-,4961,0,0.032119200
chroma,1,insert_fusionado,-,4962,0,0.030030300
chroma,1,insert_fusionado,-,4963,0,0.036665100
chroma,1,insert_fusionado,-,4964,0,0.036363800
chroma,1,insert_fusionado,-,4965,0,0.030762500
chroma,1,insert_fusionado,-,4966,0,0.033771000
chroma,1,insert_fusionado,-,4967,0,0.033953900
chroma,1,insert_fusionado,-,4968,0,0.030660200
chroma,1,insert_fusionado,-,4969,0,0.033682200
chroma,1,insert_fusionado,-,4970,0,0.033766400
chroma,1,insert_fusionado,-,4971,0,0.033377700
chroma,1,insert_fusionado,-,4972,0,0.037616600
chroma,1,insert_fusionado,-,4973,0,0.038200600
chroma,1,insert_fusionado,-,4974,0,0.034605600
chroma,1,insert_fusionado,-,4975,0,0.037056300
chroma,1,insert_fusionado,-,4976,0,0.036004600
chroma,1,insert_fusionado,-,4977,0,0.035134700
chroma,1,insert_fusionado,-,4978,0,0.034523000
chroma,1,insert_fusionado,-,4979,0,0.033611500
chroma,1,insert_fusionado,-,4980,0,0.035933200
chroma,1,insert_fusionado,-,4981,0,0.036535300
chroma,1,insert_fusionado,-,4982,0,0.037128800
chroma,1,insert_fusionado,-,4983,0,0.035480500
chroma,1,insert_fusionado,-,4984,0,0.036433000
chroma,1,insert_fusionado,-,4985,0,0.042568400
chroma,1,insert_fusionado,-,4986,0,0.035187600
chroma,1,insert_fusionado,-,4987,0,0.033877000
chroma,1,insert_fusionado,-,4988,0,0.033379400
chroma,1,insert_fusionado,-,4989,0,0.035252100
chroma,1,insert_fusionado,-,4990,0,0.032076200
chroma,1,insert_fusionado,-,4991,0,0.034245300
chroma,1,insert_fusionado,-,4992,0,0.034642100
chroma,1,insert_fusionado,-,4993,0,0.032546100
chroma,1,insert_fusionado,-,4994,0,0.037124100
chroma,1,insert_fusionado,-,4995,0,0.032627600
chroma,1,insert_fusionado,-,4996,0,0.031143200
chroma,1,insert_fusionado,-,4997,0,0.034857900
chroma,1,insert_fusionado,-,4998,0,0.037519600
chroma,1,insert_fusionado,-,4999,0,0.086913400
chroma,1,insert_fusionado,-,5000,0,0.026924800
chroma,1,insert_fusionado,-,5001,0,0.025274200
chroma,1,insert_fusionado,-,5002,0,0.025585300
chroma,1,insert_fusionado,-,5003,0,0.024013100
chroma,1,insert_fusionado,-,5004,0,0.027326300
chroma,1,insert_fusionado,-,5005,0,0.027415800
chroma,1,insert_fusionado,-,5006,0,0.025477200
chroma,1,insert_fusionado,-,5007,0,0.028916900
chroma,1,insert_fusionado,-,5008,0,0.026155800
chroma,1,insert_fusionado,-,5009,0,0.028393200
chroma,1,insert_fusionado,-,5010,0,0.025281300
chroma,1,insert_fusionado,-,5011,0,0.026710900
chroma,1,insert_fusionado,-,5012,0,0.027684500
chroma,1,insert_fusionado,-,5013,0,0.029377600
chroma,1,insert_fusionado,-,5014,0,0.029170200
chroma,1,insert_fusionado,-,5015,0,0.026449100
chroma,1,insert_fusionado,-,5016,0,0.025992700
chroma,1,insert_fusionado,-,5017,0,0.025189100
chroma,1,insert_fusionado,-,5018,0,0.025987200
chroma,1,insert_fusionado,-,5019,0,0.025649500
chroma,1,insert_fusionado,-,5020,0,0.023991500
chroma,1,insert_fusionado,-,5021,0,0.024153700
chroma,1,insert_fusionado,-,5022,0,0.026080500
chroma,1,insert_fusionado,-,5023,0,0.027578900
chroma,1,insert_fusionado,-,5024,0,0.025524400
chroma,1,insert_fusionado,-,5025,0,0.025712800
chroma,1,insert_fusionado,-,5026,0,0.026155500
chroma,1,insert_fusionado,-,5027,0,0.026286800
chroma,1,insert_fusionado,-,5028,0,0.027088400
chroma,1,insert_fusionado,-,5029,0,0.025396800
chroma,1,insert_fusionado,-,5030,0,0.026670800
chroma,1,insert_fusionado,-,5031,0,0.023972700
chroma,1,insert_fusionado,-,5032,0,0.026359600
chroma,1,insert_fusionado,-,5033,0,0.025724900
chroma,1,insert_fusionado,-,5034,0,0.025332200
chroma,1,insert_fusionado,-,5035,0,0.027115300
chroma,1,insert_fusionado,-,5036,0,0.025344900
chroma,1,insert_fusionado,-,5037,0,0.025925000
chroma,1,insert_fusionado,-,5038,0,0.025920200
chroma,1,insert_fusionado,-,5039,0,0.025640000
chroma,1,insert_fusionado,-,5040,0,0.025128500
chroma,1,insert_fusionado,-,5041,0,0.027419100
chroma,1,insert_fusionado,-,5042,0,0.024684400
chroma,1,insert_fusionado,-,5043,0,0.026926000
chroma,1,insert_fusionado,-,5044,0,0.026133900
chroma,1,insert_fusionado,-,5045,0,0.027137900
chroma,1,insert_fusionado,-,5046,0,0.024362500
chroma,1,insert_fusionado,-,5047,0,0.024559600
chroma,1,insert_fusionado,-,5048,0,0.028302600
chroma,1,insert_fusionado,-,5049,0,0.028168400
chroma,1,insert_fusionado,-,5050,0,0.025525800
chroma,1,insert_fusionado,-,5051,0,0.026242100
chroma,1,insert_fusionado,-,5052,0,0.026171700
chroma,1,insert_fusionado,-,5053,0,0.026523000
chroma,1,insert_fusionado,-,5054,0,0.027732000
chroma,1,insert_fusionado,-,5055,0,0.025521100
chroma,1,insert_fusionado,-,5056,0,0.025499000
chroma,1,insert_fusionado,-,5057,0,0.027567600
chroma,1,insert_fusionado,-,5058,0,0.025004600
chroma,1,insert_fusionado,-,5059,0,0.032381800
chroma,1,insert_fusionado,-,5060,0,0.026454200
chroma,1,insert_fusionado,-,5061,0,0.024733400
chroma,1,insert_fusionado,-,5062,0,0.029202800
chroma,1,insert_fusionado,-,5063,0,0.030707800
chroma,1,insert_fusionado,-,5064,0,0.097967700
chroma,1,insert_fusionado,-,5065,0,0.031669000
chroma,1,insert_fusionado,-,5066,0,0.029069200
chroma,1,insert_fusionado,-,5067,0,0.027916100
chroma,1,insert_fusionado,-,5068,0,0.027236800
chroma,1,insert_fusionado,-,5069,0,0.024767500
chroma,1,insert_fusionado,-,5070,0,0.026488600
chroma,1,insert_fusionado,-,5071,0,0.024668900
chroma,1,insert_fusionado,-,5072,0,0.025402200
chroma,1,insert_fusionado,-,5073,0,0.026532500
chroma,1,insert_fusionado,-,5074,0,0.025502100
chroma,1,insert_fusionado,-,5075,0,0.027484500
chroma,1,insert_fusionado,-,5076,0,0.025691700
chroma,1,insert_fusionado,-,5077,0,0.024984000
chroma,1,insert_fusionado,-,5078,0,0.025160900
chroma,1,insert_fusionado,-,5079,0,0.025126500
chroma,1,insert_fusionado,-,5080,0,0.025076300
chroma,1,insert_fusionado,-,5081,0,0.025170500
chroma,1,insert_fusionado,-,5082,0,0.025176700
chroma,1,insert_fusionado,-,5083,0,0.026283800
chroma,1,insert_fusionado,-,5084,0,0.024526900
chroma,1,insert_fusionado,-,5085,0,0.027137400
chroma,1,insert_fusionado,-,5086,0,0.026873200
chroma,1,insert_fusionado,-,5087,0,0.027950600
chroma,1,insert_fusionado,-,5088,0,0.030739600
chroma,1,insert_fusionado,-,5089,0,0.028456700
chroma,1,insert_fusionado,-,5090,0,0.028431000
chroma,1,insert_fusionado,-,5091,0,0.027130000
chroma,1,insert_fusionado,-,5092,0,0.028823300
chroma,1,insert_fusionado,-,5093,0,0.028036000
chroma,1,insert_fusionado,-,5094,0,0.025990600
chroma,1,insert_fusionado,-,5095,0,0.027560900
chroma,1,insert_fusionado,-,5096,0,0.025440000
chroma,1,insert_fusionado,-,5097,0,0.029220700
chroma,1,insert_fusionado,-,5098,0,0.024311000
chroma,1,insert_fusionado,-,5099,0,0.024908800
chroma,1,insert_fusionado,-,5100,0,0.027984800
chroma,1,insert_fusionado,-,5101,0,0.026597000
chroma,1,insert_fusionado,-,5102,0,0.030961000
chroma,1,insert_fusionado,-,5103,0,0.032396000
chroma,1,insert_fusionado,-,5104,0,0.029158500
chroma,1,insert_fusionado,-,5105,0,0.029028100
chroma,1,insert_fusionado,-,5106,0,0.027337600
chroma,1,insert_fusionado,-,5107,0,0.026775900
chroma,1,insert_fusionado,-,5108,0,0.027934500
chroma,1,insert_fusionado,-,5109,0,0.029298200
chroma,1,insert_fusionado,-,5110,0,0.027374100
chroma,1,insert_fusionado,-,5111,0,0.026198300
chroma,1,insert_fusionado,-,5112,0,0.028240000
chroma,1,insert_fusionado,-,5113,0,0.028771900
chroma,1,insert_fusionado,-,5114,0,0.025889900
chroma,1,insert_fusionado,-,5115,0,0.028403300
chroma,1,insert_fusionado,-,5116,0,0.027858000
chroma,1,insert_fusionado,-,5117,0,0.028011200
chroma,1,insert_fusionado,-,5118,0,0.028180700
chroma,1,insert_fusionado,-,5119,0,0.038188800
chroma,1,insert_fusionado,-,5120,0,0.029961700
chroma,1,insert_fusionado,-,5121,0,0.027750700
chroma,1,insert_fusionado,-,5122,0,0.026135200
chroma,1,insert_fusionado,-,5123,0,0.025949900
chroma,1,insert_fusionado,-,5124,0,0.027010500
chroma,1,insert_fusionado,-,5125,0,0.027479200
chroma,1,insert_fusionado,-,5126,0,0.026002000
chroma,1,insert_fusionado,-,5127,0,0.026835200
chroma,1,insert_fusionado,-,5128,0,0.025693500
chroma,1,insert_fusionado,-,5129,0,0.026245800
chroma,1,insert_fusionado,-,5130,0,0.027958900
chroma,1,insert_fusionado,-,5131,0,0.027385200
chroma,1,insert_fusionado,-,5132,0,0.027128100
chroma,1,insert_fusionado,-,5133,0,0.029771400
chroma,1,insert_fusionado,-,5134,0,0.024528100
chroma,1,insert_fusionado,-,5135,0,0.027321000
chroma,1,insert_fusionado,-,5136,0,0.026025500
chroma,1,insert_fusionado,-,5137,0,0.034121400
chroma,1,insert_fusionado,-,5138,0,0.029255500
chroma,1,insert_fusionado,-,5139,0,0.027936600
chroma,1,insert_fusionado,-,5140,0,0.033362100
chroma,1,insert_fusionado,-,5141,0,0.028282900
chroma,1,insert_fusionado,-,5142,0,0.026680400
chroma,1,insert_fusionado,-,5143,0,0.027700600
chroma,1,insert_fusionado,-,5144,0,0.030717100
chroma,1,insert_fusionado,-,5145,0,0.027830600
chroma,1,insert_fusionado,-,5146,0,0.028075400
chroma,1,insert_fusionado,-,5147,0,0.025952600
chroma,1,insert_fusionado,-,5148,0,0.027263500
chroma,1,insert_fusionado,-,5149,0,0.027301400
chroma,1,insert_fusionado,-,5150,0,0.026494500
chroma,1,insert_fusionado,-,5151,0,0.031363500
chroma,1,insert_fusionado,-,5152,0,0.028456000
chroma,1,insert_fusionado,-,5153,0,0.030666200
chroma,1,insert_fusionado,-,5154,0,0.025558700
chroma,1,insert_fusionado,-,5155,0,0.027388100
chroma,1,insert_fusionado,-,5156,0,0.024784500
chroma,1,insert_fusionado,-,5157,0,0.027150500
chroma,1,insert_fusionado,-,5158,0,0.028523300
chroma,1,insert_fusionado,-,5159,0,0.029458300
chroma,1,insert_fusionado,-,5160,0,0.030806400
chroma,1,insert_fusionado,-,5161,0,0.028651100
chroma,1,insert_fusionado,-,5162,0,0.027827500
chroma,1,insert_fusionado,-,5163,0,0.029697400
chroma,1,insert_fusionado,-,5164,0,0.031948500
chroma,1,insert_fusionado,-,5165,0,0.026570600
chroma,1,insert_fusionado,-,5166,0,0.026430700
chroma,1,insert_fusionado,-,5167,0,0.026421000
chroma,1,insert_fusionado,-,5168,0,0.028114500
chroma,1,insert_fusionado,-,5169,0,0.028997000
chroma,1,insert_fusionado,-,5170,0,0.028631100
chroma,1,insert_fusionado,-,5171,0,0.028950700
chroma,1,insert_fusionado,-,5172,0,0.030484500
chroma,1,insert_fusionado,-,5173,0,0.029656800
chroma,1,insert_fusionado,-,5174,0,0.029991600
chroma,1,insert_fusionado,-,5175,0,0.027036300
chroma,1,insert_fusionado,-,5176,0,0.027845600
chroma,1,insert_fusionado,-,5177,0,0.028020400
chroma,1,insert_fusionado,-,5178,0,0.026210900
chroma,1,insert_fusionado,-,5179,0,0.028439000
chroma,1,insert_fusionado,-,5180,0,0.027962500
chroma,1,insert_fusionado,-,5181,0,0.027131800
chroma,1,insert_fusionado,-,5182,0,0.028236800
chroma,1,insert_fusionado,-,5183,0,0.029355700
chroma,1,insert_fusionado,-,5184,0,0.027783100
chroma,1,insert_fusionado,-,5185,0,0.029994200
chroma,1,insert_fusionado,-,5186,0,0.027621300
chroma,1,insert_fusionado,-,5187,0,0.030671600
chroma,1,insert_fusionado,-,5188,0,0.029287300
chroma,1,insert_fusionado,-,5189,0,0.025890900
chroma,1,insert_fusionado,-,5190,0,0.026112600
chroma,1,insert_fusionado,-,5191,0,0.029199200
chroma,1,insert_fusionado,-,5192,0,0.026227800
chroma,1,insert_fusionado,-,5193,0,0.029088100
chroma,1,insert_fusionado,-,5194,0,0.029428800
chroma,1,insert_fusionado,-,5195,0,0.029612300
chroma,1,insert_fusionado,-,5196,0,0.028772300
chroma,1,insert_fusionado,-,5197,0,0.027221200
chroma,1,insert_fusionado,-,5198,0,0.026793900
chroma,1,insert_fusionado,-,5199,0,0.026393400
chroma,1,insert_fusionado,-,5200,0,0.026162700
chroma,1,insert_fusionado,-,5201,0,0.027058100
chroma,1,insert_fusionado,-,5202,0,0.028500400
chroma,1,insert_fusionado,-,5203,0,0.026962700
chroma,1,insert_fusionado,-,5204,0,0.026563100
chroma,1,insert_fusionado,-,5205,0,0.026787500
chroma,1,insert_fusionado,-,5206,0,0.027071600
chroma,1,insert_fusionado,-,5207,0,0.028093300
chroma,1,insert_fusionado,-,5208,0,0.027181500
chroma,1,insert_fusionado,-,5209,0,0.025996200
chroma,1,insert_fusionado,-,5210,0,0.026704600
chroma,1,insert_fusionado,-,5211,0,0.026137100
chroma,1,insert_fusionado,-,5212,0,0.028304800
chroma,1,insert_fusionado,-,5213,0,0.027440100
chroma,1,insert_fusionado,-,5214,0,0.026413100
chroma,1,insert_fusionado,-,5215,0,0.025585900
chroma,1,insert_fusionado,-,5216,0,0.025466200
chroma,1,insert_fusionado,-,5217,0,0.026210200
chroma,1,insert_fusionado,-,5218,0,0.026568900
chroma,1,insert_fusionado,-,5219,0,0.026366700
chroma,1,insert_fusionado,-,5220,0,0.027481600
chroma,1,insert_fusionado,-,5221,0,0.030786500
chroma,1,insert_fusionado,-,5222,0,0.027146700
chroma,1,insert_fusionado,-,5223,0,0.027424500
chroma,1,insert_fusionado,-,5224,0,0.028553200
chroma,1,insert_fusionado,-,5225,0,0.027171200
chroma,1,insert_fusionado,-,5226,0,0.027934600
chroma,1,insert_fusionado,-,5227,0,0.026701100
chroma,1,insert_fusionado,-,5228,0,0.029050800
chroma,1,insert_fusionado,-,5229,0,0.029240200
chroma,1,insert_fusionado,-,5230,0,0.029695600
chroma,1,insert_fusionado,-,5231,0,0.028690800
chroma,1,insert_fusionado,-,5232,0,0.028943000
chroma,1,insert_fusionado,-,5233,0,0.027463700
chroma,1,insert_fusionado,-,5234,0,0.028233500
chroma,1,insert_fusionado,-,5235,0,0.028300200
chroma,1,insert_fusionado,-,5236,0,0.025368600
chroma,1,insert_fusionado,-,5237,0,0.027742800
chroma,1,insert_fusionado,-,5238,0,0.027463800
chroma,1,insert_fusionado,-,5239,0,0.028317400
chroma,1,insert_fusionado,-,5240,0,0.027053200
chroma,1,insert_fusionado,-,5241,0,0.029104400
chroma,1,insert_fusionado,-,5242,0,0.033159400
chroma,1,insert_fusionado,-,5243,0,0.027413200
chroma,1,insert_fusionado,-,5244,0,0.027499100
chroma,1,insert_fusionado,-,5245,0,0.028861000
chroma,1,insert_fusionado,-,5246,0,0.027089700
chroma,1,insert_fusionado,-,5247,0,0.028940400
chroma,1,insert_fusionado,-,5248,0,0.028216100
chroma,1,insert_fusionado,-,5249,0,0.030180200
chroma,1,insert_fusionado,-,5250,0,0.027125000
chroma,1,insert_fusionado,-,5251,0,0.030736100
chroma,1,insert_fusionado,-,5252,0,0.030183000
chroma,1,insert_fusionado,-,5253,0,0.027300900
chroma,1,insert_fusionado,-,5254,0,0.028283900
chroma,1,insert_fusionado,-,5255,0,0.028646400
chroma,1,insert_fusionado,-,5256,0,0.029277500
chroma,1,insert_fusionado,-,5257,0,0.026644800
chroma,1,insert_fusionado,-,5258,0,0.026705200
chroma,1,insert_fusionado,-,5259,0,0.027262300
chroma,1,insert_fusionado,-,5260,0,0.026822700
chroma,1,insert_fusionado,-,5261,0,0.027543000
chroma,1,insert_fusionado,-,5262,0,0.027641800
chroma,1,insert_fusionado,-,5263,0,0.027717700
chroma,1,insert_fusionado,-,5264,0,0.027396000
chroma,1,insert_fusionado,-,5265,0,0.026990500
chroma,1,insert_fusionado,-,5266,0,0.027695000
chroma,1,insert_fusionado,-,5267,0,0.029012400
chroma,1,insert_fusionado,-,5268,0,0.028358500
chroma,1,insert_fusionado,-,5269,0,0.026373600
chroma,1,insert_fusionado,-,5270,0,0.028970500
chroma,1,insert_fusionado,-,5271,0,0.026300700
chroma,1,insert_fusionado,-,5272,0,0.026073900
chroma,1,insert_fusionado,-,5273,0,0.027280100
chroma,1,insert_fusionado,-,5274,0,0.026951700
chroma,1,insert_fusionado,-,5275,0,0.033652000
chroma,1,insert_fusionado,-,5276,0,0.027859200
chroma,1,insert_fusionado,-,5277,0,0.027919300
chroma,1,insert_fusionado,-,5278,0,0.028515900
chroma,1,insert_fusionado,-,5279,0,0.030472600
chroma,1,insert_fusionado,-,5280,0,0.028483300
chroma,1,insert_fusionado,-,5281,0,0.029374300
chroma,1,insert_fusionado,-,5282,0,0.025986700
chroma,1,insert_fusionado,-,5283,0,0.028387300
chroma,1,insert_fusionado,-,5284,0,0.027178200
chroma,1,insert_fusionado,-,5285,0,0.028869800
chroma,1,insert_fusionado,-,5286,0,0.030923500
chroma,1,insert_fusionado,-,5287,0,0.026751400
chroma,1,insert_fusionado,-,5288,0,0.027645200
chroma,1,insert_fusionado,-,5289,0,0.031234200
chroma,1,insert_fusionado,-,5290,0,0.028831900
chroma,1,insert_fusionado,-,5291,0,0.032607400
chroma,1,insert_fusionado,-,5292,0,0.027032000
chroma,1,insert_fusionado,-,5293,0,0.026680900
chroma,1,insert_fusionado,-,5294,0,0.028502200
chroma,1,insert_fusionado,-,5295,0,0.028471700
chroma,1,insert_fusionado,-,5296,0,0.027383300
chroma,1,insert_fusionado,-,5297,0,0.026732500
chroma,1,insert_fusionado,-,5298,0,0.029026300
chroma,1,insert_fusionado,-,5299,0,0.027878000
chroma,1,insert_fusionado,-,5300,0,0.027112400
chroma,1,insert_fusionado,-,5301,0,0.027160600
chroma,1,insert_fusionado,-,5302,0,0.027716300
chroma,1,insert_fusionado,-,5303,0,0.029702300
chroma,1,insert_fusionado,-,5304,0,0.030130000
chroma,1,insert_fusionado,-,5305,0,0.027331000
chroma,1,insert_fusionado,-,5306,0,0.026324000
chroma,1,insert_fusionado,-,5307,0,0.027745900
chroma,1,insert_fusionado,-,5308,0,0.028307900
chroma,1,insert_fusionado,-,5309,0,0.028727400
chroma,1,insert_fusionado,-,5310,0,0.028515700
chroma,1,insert_fusionado,-,5311,0,0.029793600
chroma,1,insert_fusionado,-,5312,0,0.027876000
chroma,1,insert_fusionado,-,5313,0,0.026150800
chroma,1,insert_fusionado,-,5314,0,0.028284800
chroma,1,insert_fusionado,-,5315,0,0.031285700
chroma,1,insert_fusionado,-,5316,0,0.030499100
chroma,1,insert_fusionado,-,5317,0,0.028331100
chroma,1,insert_fusionado,-,5318,0,0.035705000
chroma,1,insert_fusionado,-,5319,0,0.035358300
chroma,1,insert_fusionado,-,5320,0,0.041323700
chroma,1,insert_fusionado,-,5321,0,0.033712100
chroma,1,insert_fusionado,-,5322,0,0.032851000
chroma,1,insert_fusionado,-,5323,0,0.033774700
chroma,1,insert_fusionado,-,5324,0,0.029759300
chroma,1,insert_fusionado,-,5325,0,0.034763300
chroma,1,insert_fusionado,-,5326,0,0.031039300
chroma,1,insert_fusionado,-,5327,0,0.029238000
chroma,1,insert_fusionado,-,5328,0,0.032109300
chroma,1,insert_fusionado,-,5329,0,0.029659100
chroma,1,insert_fusionado,-,5330,0,0.029560500
chroma,1,insert_fusionado,-,5331,0,0.029062800
chroma,1,insert_fusionado,-,5332,0,0.029205000
chroma,1,insert_fusionado,-,5333,0,0.029250100
chroma,1,insert_fusionado,-,5334,0,0.029574000
chroma,1,insert_fusionado,-,5335,0,0.028155500
chroma,1,insert_fusionado,-,5336,0,0.043866000
chroma,1,insert_fusionado,-,5337,0,0.077603600
chroma,1,insert_fusionado,-,5338,0,0.029874000
chroma,1,insert_fusionado,-,5339,0,0.032053800
chroma,1,insert_fusionado,-,5340,0,0.029454900
chroma,1,insert_fusionado,-,5341,0,0.029840900
chroma,1,insert_fusionado,-,5342,0,0.030035100
chroma,1,insert_fusionado,-,5343,0,0.027879200
chroma,1,insert_fusionado,-,5344,0,0.029393700
chroma,1,insert_fusionado,-,5345,0,0.030017600
chroma,1,insert_fusionado,-,5346,0,0.031771500
chroma,1,insert_fusionado,-,5347,0,0.028066000
chroma,1,insert_fusionado,-,5348,0,0.030863600
chroma,1,insert_fusionado,-,5349,0,0.029388600
chroma,1,insert_fusionado,-,5350,0,0.031611500
chroma,1,insert_fusionado,-,5351,0,0.032781200
chroma,1,insert_fusionado,-,5352,0,0.027638200
chroma,1,insert_fusionado,-,5353,0,0.030153100
chroma,1,insert_fusionado,-,5354,0,0.031655400
chroma,1,insert_fusionado,-,5355,0,0.029013100
chroma,1,insert_fusionado,-,5356,0,0.028177400
chroma,1,insert_fusionado,-,5357,0,0.029880000
chroma,1,insert_fusionado,-,5358,0,0.031404000
chroma,1,insert_fusionado,-,5359,0,0.030893300
chroma,1,insert_fusionado,-,5360,0,0.030954100
chroma,1,insert_fusionado,-,5361,0,0.028140000
chroma,1,insert_fusionado,-,5362,0,0.028510600
chroma,1,insert_fusionado,-,5363,0,0.030224900
chroma,1,insert_fusionado,-,5364,0,0.030323800
chroma,1,insert_fusionado,-,5365,0,0.027956300
chroma,1,insert_fusionado,-,5366,0,0.028450000
chroma,1,insert_fusionado,-,5367,0,0.028138900
chroma,1,insert_fusionado,-,5368,0,0.027490900
chroma,1,insert_fusionado,-,5369,0,0.031894000
chroma,1,insert_fusionado,-,5370,0,0.026583100
chroma,1,insert_fusionado,-,5371,0,0.027965200
chroma,1,insert_fusionado,-,5372,0,0.026736900
chroma,1,insert_fusionado,-,5373,0,0.033251700
chroma,1,insert_fusionado,-,5374,0,0.032650000
chroma,1,insert_fusionado,-,5375,0,0.034644400
chroma,1,insert_fusionado,-,5376,0,0.033300500
chroma,1,insert_fusionado,-,5377,0,0.030549800
chroma,1,insert_fusionado,-,5378,0,0.029982400
chroma,1,insert_fusionado,-,5379,0,0.029394100
chroma,1,insert_fusionado,-,5380,0,0.028128400
chroma,1,insert_fusionado,-,5381,0,0.027410700
chroma,1,insert_fusionado,-,5382,0,0.028147500
chroma,1,insert_fusionado,-,5383,0,0.029800900
chroma,1,insert_fusionado,-,5384,0,0.028070000
chroma,1,insert_fusionado,-,5385,0,0.031646400
chroma,1,insert_fusionado,-,5386,0,0.031381300
chroma,1,insert_fusionado,-,5387,0,0.029279400
chroma,1,insert_fusionado,-,5388,0,0.029206600
chroma,1,insert_fusionado,-,5389,0,0.028818400
chroma,1,insert_fusionado,-,5390,0,0.030128800
chroma,1,insert_fusionado,-,5391,0,0.032532600
chroma,1,insert_fusionado,-,5392,0,0.032673800
chroma,1,insert_fusionado,-,5393,0,0.028979400
chroma,1,insert_fusionado,-,5394,0,0.034704300
chroma,1,insert_fusionado,-,5395,0,0.028186500
chroma,1,insert_fusionado,-,5396,0,0.029394400
chroma,1,insert_fusionado,-,5397,0,0.028593100
chroma,1,insert_fusionado,-,5398,0,0.032586600
chroma,1,insert_fusionado,-,5399,0,0.030863000
chroma,1,insert_fusionado,-,5400,0,0.029158800
chroma,1,insert_fusionado,-,5401,0,0.027323600
chroma,1,insert_fusionado,-,5402,0,0.030020100
chroma,1,insert_fusionado,-,5403,0,0.027665500
chroma,1,insert_fusionado,-,5404,0,0.027489900
chroma,1,insert_fusionado,-,5405,0,0.031628900
chroma,1,insert_fusionado,-,5406,0,0.028758500
chroma,1,insert_fusionado,-,5407,0,0.028113400
chroma,1,insert_fusionado,-,5408,0,0.026893600
chroma,1,insert_fusionado,-,5409,0,0.029477000
chroma,1,insert_fusionado,-,5410,0,0.030161700
chroma,1,insert_fusionado,-,5411,0,0.029717800
chroma,1,insert_fusionado,-,5412,0,0.030949600
chroma,1,insert_fusionado,-,5413,0,0.032051300
chroma,1,insert_fusionado,-,5414,0,0.030089700
chroma,1,insert_fusionado,-,5415,0,0.032499100
chroma,1,insert_fusionado,-,5416,0,0.029613500
chroma,1,insert_fusionado,-,5417,0,0.030774300
chroma,1,insert_fusionado,-,5418,0,0.032459000
chroma,1,insert_fusionado,-,5419,0,0.026931100
chroma,1,insert_fusionado,-,5420,0,0.028900500
chroma,1,insert_fusionado,-,5421,0,0.030071100
chroma,1,insert_fusionado,-,5422,0,0.030139900
chroma,1,insert_fusionado,-,5423,0,0.031053300
chroma,1,insert_fusionado,-,5424,0,0.033902700
chroma,1,insert_fusionado,-,5425,0,0.028679400
chroma,1,insert_fusionado,-,5426,0,0.028455400
chroma,1,insert_fusionado,-,5427,0,0.028883800
chroma,1,insert_fusionado,-,5428,0,0.035808600
chroma,1,insert_fusionado,-,5429,0,0.029310100
chroma,1,insert_fusionado,-,5430,0,0.033120300
chroma,1,insert_fusionado,-,5431,0,0.031183200
chroma,1,insert_fusionado,-,5432,0,0.027827300
chroma,1,insert_fusionado,-,5433,0,0.029515200
chroma,1,insert_fusionado,-,5434,0,0.030853700
chroma,1,insert_fusionado,-,5435,0,0.029683400
chroma,1,insert_fusionado,-,5436,0,0.030299300
chroma,1,insert_fusionado,-,5437,0,0.035658900
chroma,1,insert_fusionado,-,5438,0,0.032481600
chroma,1,insert_fusionado,-,5439,0,0.030195200
chroma,1,insert_fusionado,-,5440,0,0.030050400
chroma,1,insert_fusionado,-,5441,0,0.030935400
chroma,1,insert_fusionado,-,5442,0,0.031423600
chroma,1,insert_fusionado,-,5443,0,0.030094500
chroma,1,insert_fusionado,-,5444,0,0.028226600
chroma,1,insert_fusionado,-,5445,0,0.033043100
chroma,1,insert_fusionado,-,5446,0,0.029666200
chroma,1,insert_fusionado,-,5447,0,0.033841000
chroma,1,insert_fusionado,-,5448,0,0.029615200
chroma,1,insert_fusionado,-,5449,0,0.031153800
chroma,1,insert_fusionado,-,5450,0,0.027028300
chroma,1,insert_fusionado,-,5451,0,0.031152900
chroma,1,insert_fusionado,-,5452,0,0.032568900
chroma,1,insert_fusionado,-,5453,0,0.030335400
chroma,1,insert_fusionado,-,5454,0,0.028597900
chroma,1,insert_fusionado,-,5455,0,0.032201700
chroma,1,insert_fusionado,-,5456,0,0.029387100
chroma,1,insert_fusionado,-,5457,0,0.032545900
chroma,1,insert_fusionado,-,5458,0,0.033613000
chroma,1,insert_fusionado,-,5459,0,0.027097100
chroma,1,insert_fusionado,-,5460,0,0.028707000
chroma,1,insert_fusionado,-,5461,0,0.029766200
chroma,1,insert_fusionado,-,5462,0,0.032058700
chroma,1,insert_fusionado,-,5463,0,0.030776600
chroma,1,insert_fusionado,-,5464,0,0.031360600
chroma,1,insert_fusionado,-,5465,0,0.031794100
chroma,1,insert_fusionado,-,5466,0,0.029458200
chroma,1,insert_fusionado,-,5467,0,0.029150900
chroma,1,insert_fusionado,-,5468,0,0.031538300
chroma,1,insert_fusionado,-,5469,0,0.031983700
chroma,1,insert_fusionado,-,5470,0,0.029867100
chroma,1,insert_fusionado,-,5471,0,0.034242000
chroma,1,insert_fusionado,-,5472,0,0.028428400
chroma,1,insert_fusionado,-,5473,0,0.029835800
chroma,1,insert_fusionado,-,5474,0,0.030187600
chroma,1,insert_fusionado,-,5475,0,0.031345700
chroma,1,insert_fusionado,-,5476,0,0.031881300
chroma,1,insert_fusionado,-,5477,0,0.033435700
chroma,1,insert_fusionado,-,5478,0,0.027977200
chroma,1,insert_fusionado,-,5479,0,0.030435100
chroma,1,insert_fusionado,-,5480,0,0.030346500
chroma,1,insert_fusionado,-,5481,0,0.030966700
chroma,1,insert_fusionado,-,5482,0,0.032039100
chroma,1,insert_fusionado,-,5483,0,0.029301900
chroma,1,insert_fusionado,-,5484,0,0.029461100
chroma,1,insert_fusionado,-,5485,0,0.030748900
chroma,1,insert_fusionado,-,5486,0,0.029755600
chroma,1,insert_fusionado,-,5487,0,0.029778200
chroma,1,insert_fusionado,-,5488,0,0.031392600
chroma,1,insert_fusionado,-,5489,0,0.034305500
chroma,1,insert_fusionado,-,5490,0,0.031747100
chroma,1,insert_fusionado,-,5491,0,0.031179100
chroma,1,insert_fusionado,-,5492,0,0.033377700
chroma,1,insert_fusionado,-,5493,0,0.031196000
chroma,1,insert_fusionado,-,5494,0,0.032721900
chroma,1,insert_fusionado,-,5495,0,0.030073500
chroma,1,insert_fusionado,-,5496,0,0.028589900
chroma,1,insert_fusionado,-,5497,0,0.031508400
chroma,1,insert_fusionado,-,5498,0,0.029735200
chroma,1,insert_fusionado,-,5499,0,0.039933200
chroma,1,insert_fusionado,-,5500,0,0.029592000
chroma,1,insert_fusionado,-,5501,0,0.031779500
chroma,1,insert_fusionado,-,5502,0,0.027500500
chroma,1,insert_fusionado,-,5503,0,0.031691900
chroma,1,insert_fusionado,-,5504,0,0.034236700
chroma,1,insert_fusionado,-,5505,0,0.030185300
chroma,1,insert_fusionado,-,5506,0,0.029431200
chroma,1,insert_fusionado,-,5507,0,0.030920800
chroma,1,insert_fusionado,-,5508,0,0.029366900
chroma,1,insert_fusionado,-,5509,0,0.030780500
chroma,1,insert_fusionado,-,5510,0,0.029952100
chroma,1,insert_fusionado,-,5511,0,0.032108400
chroma,1,insert_fusionado,-,5512,0,0.031536800
chroma,1,insert_fusionado,-,5513,0,0.028937600
chroma,1,insert_fusionado,-,5514,0,0.031385600
chroma,1,insert_fusionado,-,5515,0,0.031792200
chroma,1,insert_fusionado,-,5516,0,0.028753900
chroma,1,insert_fusionado,-,5517,0,0.029209300
chroma,1,insert_fusionado,-,5518,0,0.032012700
chroma,1,insert_fusionado,-,5519,0,0.030459200
chroma,1,insert_fusionado,-,5520,0,0.030270700
chroma,1,insert_fusionado,-,5521,0,0.033329500
chroma,1,insert_fusionado,-,5522,0,0.033436400
chroma,1,insert_fusionado,-,5523,0,0.030819100
chroma,1,insert_fusionado,-,5524,0,0.032923700
chroma,1,insert_fusionado,-,5525,0,0.030706500
chroma,1,insert_fusionado,-,5526,0,0.030473900
chroma,1,insert_fusionado,-,5527,0,0.030934000
chroma,1,insert_fusionado,-,5528,0,0.031286700
chroma,1,insert_fusionado,-,5529,0,0.030182700
chroma,1,insert_fusionado,-,5530,0,0.034636100
chroma,1,insert_fusionado,-,5531,0,0.030632600
chroma,1,insert_fusionado,-,5532,0,0.034187800
chroma,1,insert_fusionado,-,5533,0,0.032503600
chroma,1,insert_fusionado,-,5534,0,0.031229000
chroma,1,insert_fusionado,-,5535,0,0.029078700
chroma,1,insert_fusionado,-,5536,0,0.033512100
chroma,1,insert_fusionado,-,5537,0,0.029335500
chroma,1,insert_fusionado,-,5538,0,0.029902400
chroma,1,insert_fusionado,-,5539,0,0.031554500
chroma,1,insert_fusionado,-,5540,0,0.030315700
chroma,1,insert_fusionado,-,5541,0,0.028686900
chroma,1,insert_fusionado,-,5542,0,0.032784500
chroma,1,insert_fusionado,-,5543,0,0.030810800
chroma,1,insert_fusionado,-,5544,0,0.031313800
chroma,1,insert_fusionado,-,5545,0,0.029119900
chroma,1,insert_fusionado,-,5546,0,0.029827600
chroma,1,insert_fusionado,-,5547,0,0.031263700
chroma,1,insert_fusionado,-,5548,0,0.030549100
chroma,1,insert_fusionado,-,5549,0,0.032225500
chroma,1,insert_fusionado,-,5550,0,0.028699800
chroma,1,insert_fusionado,-,5551,0,0.032382200
chroma,1,insert_fusionado,-,5552,0,0.033201600
chroma,1,insert_fusionado,-,5553,0,0.027958000
chroma,1,insert_fusionado,-,5554,0,0.030310100
chroma,1,insert_fusionado,-,5555,0,0.034259800
chroma,1,insert_fusionado,-,5556,0,0.035673100
chroma,1,insert_fusionado,-,5557,0,0.033473600
chroma,1,insert_fusionado,-,5558,0,0.031513200
chroma,1,insert_fusionado,-,5559,0,0.035846400
chroma,1,insert_fusionado,-,5560,0,0.033185900
chroma,1,insert_fusionado,-,5561,0,0.030343200
chroma,1,insert_fusionado,-,5562,0,0.045710300
chroma,1,insert_fusionado,-,5563,0,0.036450800
chroma,1,insert_fusionado,-,5564,0,0.032306400
chroma,1,insert_fusionado,-,5565,0,0.034074300
chroma,1,insert_fusionado,-,5566,0,0.032837700
chroma,1,insert_fusionado,-,5567,0,0.034639200
chroma,1,insert_fusionado,-,5568,0,0.031633000
chroma,1,insert_fusionado,-,5569,0,0.038760900
chroma,1,insert_fusionado,-,5570,0,0.032564700
chroma,1,insert_fusionado,-,5571,0,0.033679200
chroma,1,insert_fusionado,-,5572,0,0.037039000
chroma,1,insert_fusionado,-,5573,0,0.032109700
chroma,1,insert_fusionado,-,5574,0,0.031769900
chroma,1,insert_fusionado,-,5575,0,0.036212500
chroma,1,insert_fusionado,-,5576,0,0.031869200
chroma,1,insert_fusionado,-,5577,0,0.033779300
chroma,1,insert_fusionado,-,5578,0,0.032265100
chroma,1,insert_fusionado,-,5579,0,0.031086800
chroma,1,insert_fusionado,-,5580,0,0.032804200
chroma,1,insert_fusionado,-,5581,0,0.033831700
chroma,1,insert_fusionado,-,5582,0,0.034229900
chroma,1,insert_fusionado,-,5583,0,0.032982400
chroma,1,insert_fusionado,-,5584,0,0.036771900
chroma,1,insert_fusionado,-,5585,0,0.032060000
chroma,1,insert_fusionado,-,5586,0,0.031180900
chroma,1,insert_fusionado,-,5587,0,0.029589400
chroma,1,insert_fusionado,-,5588,0,0.029773400
chroma,1,insert_fusionado,-,5589,0,0.030626500
chroma,1,insert_fusionado,-,5590,0,0.030063700
chroma,1,insert_fusionado,-,5591,0,0.030480500
chroma,1,insert_fusionado,-,5592,0,0.031643300
chroma,1,insert_fusionado,-,5593,0,0.031081300
chroma,1,insert_fusionado,-,5594,0,0.029770500
chroma,1,insert_fusionado,-,5595,0,0.031438600
chroma,1,insert_fusionado,-,5596,0,0.032469700
chroma,1,insert_fusionado,-,5597,0,0.030133900
chroma,1,insert_fusionado,-,5598,0,0.031239600
chroma,1,insert_fusionado,-,5599,0,0.031151900
chroma,1,insert_fusionado,-,5600,0,0.028988000
chroma,1,insert_fusionado,-,5601,0,0.030069900
chroma,1,insert_fusionado,-,5602,0,0.034870600
chroma,1,insert_fusionado,-,5603,0,0.032278000
chroma,1,insert_fusionado,-,5604,0,0.032966500
chroma,1,insert_fusionado,-,5605,0,0.032361800
chroma,1,insert_fusionado,-,5606,0,0.032460700
chroma,1,insert_fusionado,-,5607,0,0.034017100
chroma,1,insert_fusionado,-,5608,0,0.033788400
chroma,1,insert_fusionado,-,5609,0,0.030737600
chroma,1,insert_fusionado,-,5610,0,0.034274000
chroma,1,insert_fusionado,-,5611,0,0.030746400
chroma,1,insert_fusionado,-,5612,0,0.030765300
chroma,1,insert_fusionado,-,5613,0,0.035771900
chroma,1,insert_fusionado,-,5614,0,0.034939300
chroma,1,insert_fusionado,-,5615,0,0.032646300
chroma,1,insert_fusionado,-,5616,0,0.033340600
chroma,1,insert_fusionado,-,5617,0,0.031901900
chroma,1,insert_fusionado,-,5618,0,0.032876100
chroma,1,insert_fusionado,-,5619,0,0.031218100
chroma,1,insert_fusionado,-,5620,0,0.031433800
chroma,1,insert_fusionado,-,5621,0,0.031939100
chroma,1,insert_fusionado,-,5622,0,0.031588000
chroma,1,insert_fusionado,-,5623,0,0.029968700
chroma,1,insert_fusionado,-,5624,0,0.030419100
chroma,1,insert_fusionado,-,5625,0,0.030760200
chroma,1,insert_fusionado,-,5626,0,0.032120800
chroma,1,insert_fusionado,-,5627,0,0.032157200
chroma,1,insert_fusionado,-,5628,0,0.033098100
chroma,1,insert_fusionado,-,5629,0,0.032700700
chroma,1,insert_fusionado,-,5630,0,0.032122200
chroma,1,insert_fusionado,-,5631,0,0.035816800
chroma,1,insert_fusionado,-,5632,0,0.031790900
chroma,1,insert_fusionado,-,5633,0,0.033940100
chroma,1,insert_fusionado,-,5634,0,0.031839700
chroma,1,insert_fusionado,-,5635,0,0.032546800
chroma,1,insert_fusionado,-,5636,0,0.031467600
chroma,1,insert_fusionado,-,5637,0,0.030714300
chroma,1,insert_fusionado,-,5638,0,0.030961300
chroma,1,insert_fusionado,-,5639,0,0.029035500
chroma,1,insert_fusionado,-,5640,0,0.034219500
chroma,1,insert_fusionado,-,5641,0,0.033636400
chroma,1,insert_fusionado,-,5642,0,0.031901600
chroma,1,insert_fusionado,-,5643,0,0.035753900
chroma,1,insert_fusionado,-,5644,0,0.033257800
chroma,1,insert_fusionado,-,5645,0,0.030840600
chroma,1,insert_fusionado,-,5646,0,0.032759700
chroma,1,insert_fusionado,-,5647,0,0.033322400
chroma,1,insert_fusionado,-,5648,0,0.033215100
chroma,1,insert_fusionado,-,5649,0,0.032693800
chroma,1,insert_fusionado,-,5650,0,0.031984000
chroma,1,insert_fusionado,-,5651,0,0.034686400
chroma,1,insert_fusionado,-,5652,0,0.033563400
chroma,1,insert_fusionado,-,5653,0,0.030547700
chroma,1,insert_fusionado,-,5654,0,0.030697300
chroma,1,insert_fusionado,-,5655,0,0.030031900
chroma,1,insert_fusionado,-,5656,0,0.033466000
chroma,1,insert_fusionado,-,5657,0,0.034576600
chroma,1,insert_fusionado,-,5658,0,0.033930300
chroma,1,insert_fusionado,-,5659,0,0.032568500
chroma,1,insert_fusionado,-,5660,0,0.033294200
chroma,1,insert_fusionado,-,5661,0,0.034200700
chroma,1,insert_fusionado,-,5662,0,0.031506500
chroma,1,insert_fusionado,-,5663,0,0.033075100
chroma,1,insert_fusionado,-,5664,0,0.031962300
chroma,1,insert_fusionado,-,5665,0,0.031068200
chroma,1,insert_fusionado,-,5666,0,0.033336900
chroma,1,insert_fusionado,-,5667,0,0.033368300
chroma,1,insert_fusionado,-,5668,0,0.031093000
chroma,1,insert_fusionado,-,5669,0,0.034793300
chroma,1,insert_fusionado,-,5670,0,0.030574900
chroma,1,insert_fusionado,-,5671,0,0.033522300
chroma,1,insert_fusionado,-,5672,0,0.034837800
chroma,1,insert_fusionado,-,5673,0,0.030942200
chroma,1,insert_fusionado,-,5674,0,0.039198700
chroma,1,insert_fusionado,-,5675,0,0.034742300
chroma,1,insert_fusionado,-,5676,0,0.032578900
chroma,1,insert_fusionado,-,5677,0,0.034874400
chroma,1,insert_fusionado,-,5678,0,0.034337600
chroma,1,insert_fusionado,-,5679,0,0.037020200
chroma,1,insert_fusionado,-,5680,0,0.036272600
chroma,1,insert_fusionado,-,5681,0,0.034455900
chroma,1,insert_fusionado,-,5682,0,0.033740600
chroma,1,insert_fusionado,-,5683,0,0.030586700
chroma,1,insert_fusionado,-,5684,0,0.031111600
chroma,1,insert_fusionado,-,5685,0,0.030928400
chroma,1,insert_fusionado,-,5686,0,0.034717500
chroma,1,insert_fusionado,-,5687,0,0.033889900
chroma,1,insert_fusionado,-,5688,0,0.035207300
chroma,1,insert_fusionado,-,5689,0,0.031419300
chroma,1,insert_fusionado,-,5690,0,0.031099100
chroma,1,insert_fusionado,-,5691,0,0.030831400
chroma,1,insert_fusionado,-,5692,0,0.035602000
chroma,1,insert_fusionado,-,5693,0,0.030977000
chroma,1,insert_fusionado,-,5694,0,0.033749200
chroma,1,insert_fusionado,-,5695,0,0.034905200
chroma,1,insert_fusionado,-,5696,0,0.034393600
chroma,1,insert_fusionado,-,5697,0,0.032412000
chroma,1,insert_fusionado,-,5698,0,0.034097200
chroma,1,insert_fusionado,-,5699,0,0.034004600
chroma,1,insert_fusionado,-,5700,0,0.030854300
chroma,1,insert_fusionado,-,5701,0,0.031989100
chroma,1,insert_fusionado,-,5702,0,0.031170900
chroma,1,insert_fusionado,-,5703,0,0.034464400
chroma,1,insert_fusionado,-,5704,0,0.033437000
chroma,1,insert_fusionado,-,5705,0,0.031701000
chroma,1,insert_fusionado,-,5706,0,0.035146200
chroma,1,insert_fusionado,-,5707,0,0.032424900
chroma,1,insert_fusionado,-,5708,0,0.031477900
chroma,1,insert_fusionado,-,5709,0,0.037464700
chroma,1,insert_fusionado,-,5710,0,0.031596200
chroma,1,insert_fusionado,-,5711,0,0.036038600
chroma,1,insert_fusionado,-,5712,0,0.033536200
chroma,1,insert_fusionado,-,5713,0,0.031649700
chroma,1,insert_fusionado,-,5714,0,0.035997000
chroma,1,insert_fusionado,-,5715,0,0.031220000
chroma,1,insert_fusionado,-,5716,0,0.032799000
chroma,1,insert_fusionado,-,5717,0,0.028245900
chroma,1,insert_fusionado,-,5718,0,0.032187500
chroma,1,insert_fusionado,-,5719,0,0.031365400
chroma,1,insert_fusionado,-,5720,0,0.030902500
chroma,1,insert_fusionado,-,5721,0,0.032437500
chroma,1,insert_fusionado,-,5722,0,0.032791700
chroma,1,insert_fusionado,-,5723,0,0.032649200
chroma,1,insert_fusionado,-,5724,0,0.033588200
chroma,1,insert_fusionado,-,5725,0,0.032699400
chroma,1,insert_fusionado,-,5726,0,0.032495000
chroma,1,insert_fusionado,-,5727,0,0.032269100
chroma,1,insert_fusionado,-,5728,0,0.033448900
chroma,1,insert_fusionado,-,5729,0,0.032802100
chroma,1,insert_fusionado,-,5730,0,0.035272200
chroma,1,insert_fusionado,-,5731,0,0.030093000
chroma,1,insert_fusionado,-,5732,0,0.033999600
chroma,1,insert_fusionado,-,5733,0,0.032003100
chroma,1,insert_fusionado,-,5734,0,0.032984100
chroma,1,insert_fusionado,-,5735,0,0.033229500
chroma,1,insert_fusionado,-,5736,0,0.033318300
chroma,1,insert_fusionado,-,5737,0,0.031107100
chroma,1,insert_fusionado,-,5738,0,0.031131800
chroma,1,insert_fusionado,-,5739,0,0.035546500
chroma,1,insert_fusionado,-,5740,0,0.034865000
chroma,1,insert_fusionado,-,5741,0,0.031502200
chroma,1,insert_fusionado,-,5742,0,0.032318200
chroma,1,insert_fusionado,-,5743,0,0.035190400
chroma,1,insert_fusionado,-,5744,0,0.034529100
chroma,1,insert_fusionado,-,5745,0,0.032964600
chroma,1,insert_fusionado,-,5746,0,0.030251700
chroma,1,insert_fusionado,-,5747,0,0.034665300
chroma,1,insert_fusionado,-,5748,0,0.034672500
chroma,1,insert_fusionado,-,5749,0,0.033129200
chroma,1,insert_fusionado,-,5750,0,0.034029900
chroma,1,insert_fusionado,-,5751,0,0.036279200
chroma,1,insert_fusionado,-,5752,0,0.032344000
chroma,1,insert_fusionado,-,5753,0,0.033520000
chroma,1,insert_fusionado,-,5754,0,0.032258900
chroma,1,insert_fusionado,-,5755,0,0.031475900
chroma,1,insert_fusionado,-,5756,0,0.030851100
chroma,1,insert_fusionado,-,5757,0,0.034209900
chroma,1,insert_fusionado,-,5758,0,0.033883000
chroma,1,insert_fusionado,-,5759,0,0.035479300
chroma,1,insert_fusionado,-,5760,0,0.034029000
chroma,1,insert_fusionado,-,5761,0,0.030908300
chroma,1,insert_fusionado,-,5762,0,0.032168900
chroma,1,insert_fusionado,-,5763,0,0.031330100
chroma,1,insert_fusionado,-,5764,0,0.030683800
chroma,1,insert_fusionado,-,5765,0,0.029441600
chroma,1,insert_fusionado,-,5766,0,0.033616800
chroma,1,insert_fusionado,-,5767,0,0.033595600
chroma,1,insert_fusionado,-,5768,0,0.032524900
chroma,1,insert_fusionado,-,5769,0,0.030844300
chroma,1,insert_fusionado,-,5770,0,0.030625900
chroma,1,insert_fusionado,-,5771,0,0.032601200
chroma,1,insert_fusionado,-,5772,0,0.030919400
chroma,1,insert_fusionado,-,5773,0,0.031861200
chroma,1,insert_fusionado,-,5774,0,0.031238900
chroma,1,insert_fusionado,-,5775,0,0.032051900
chroma,1,insert_fusionado,-,5776,0,0.034799400
chroma,1,insert_fusionado,-,5777,0,0.037410200
chroma,1,insert_fusionado,-,5778,0,0.035774500
chroma,1,insert_fusionado,-,5779,0,0.032237600
chroma,1,insert_fusionado,-,5780,0,0.031590700
chroma,1,insert_fusionado,-,5781,0,0.031718300
chroma,1,insert_fusionado,-,5782,0,0.032590800
chroma,1,insert_fusionado,-,5783,0,0.033848500
chroma,1,insert_fusionado,-,5784,0,0.032931300
chroma,1,insert_fusionado,-,5785,0,0.032246000
chroma,1,insert_fusionado,-,5786,0,0.031932400
chroma,1,insert_fusionado,-,5787,0,0.034235500
chroma,1,insert_fusionado,-,5788,0,0.031495800
chroma,1,insert_fusionado,-,5789,0,0.031107900
chroma,1,insert_fusionado,-,5790,0,0.030406600
chroma,1,insert_fusionado,-,5791,0,0.035083500
chroma,1,insert_fusionado,-,5792,0,0.030449900
chroma,1,insert_fusionado,-,5793,0,0.030869100
chroma,1,insert_fusionado,-,5794,0,0.034808400
chroma,1,insert_fusionado,-,5795,0,0.032107600
chroma,1,insert_fusionado,-,5796,0,0.033762100
chroma,1,insert_fusionado,-,5797,0,0.034557100
chroma,1,insert_fusionado,-,5798,0,0.033386500
chroma,1,insert_fusionado,-,5799,0,0.033998100
chroma,1,insert_fusionado,-,5800,0,0.043290300
chroma,1,insert_fusionado,-,5801,0,0.050958900
chroma,1,insert_fusionado,-,5802,0,0.040088200
chroma,1,insert_fusionado,-,5803,0,0.037109700
chroma,1,insert_fusionado,-,5804,0,0.035337300
chroma,1,insert_fusionado,-,5805,0,0.035626400
chroma,1,insert_fusionado,-,5806,0,0.035391700
chroma,1,insert_fusionado,-,5807,0,0.034313800
chroma,1,insert_fusionado,-,5808,0,0.032665100
chroma,1,insert_fusionado,-,5809,0,0.033299500
chroma,1,insert_fusionado,-,5810,0,0.034151800
chroma,1,insert_fusionado,-,5811,0,0.033442100
chroma,1,insert_fusionado,-,5812,0,0.031817900
chroma,1,insert_fusionado,-,5813,0,0.033865100
chroma,1,insert_fusionado,-,5814,0,0.031009300
chroma,1,insert_fusionado,-,5815,0,0.033812200
chroma,1,insert_fusionado,-,5816,0,0.033127800
chroma,1,insert_fusionado,-,5817,0,0.031701600
chroma,1,insert_fusionado,-,5818,0,0.034790900
chroma,1,insert_fusionado,-,5819,0,0.037997600
chroma,1,insert_fusionado,-,5820,0,0.030304100
chroma,1,insert_fusionado,-,5821,0,0.034905400
chroma,1,insert_fusionado,-,5822,0,0.033263600
chroma,1,insert_fusionado,-,5823,0,0.034024000
chroma,1,insert_fusionado,-,5824,0,0.034344500
chroma,1,insert_fusionado,-,5825,0,0.033874500
chroma,1,insert_fusionado,-,5826,0,0.030989300
chroma,1,insert_fusionado,-,5827,0,0.032631100
chroma,1,insert_fusionado,-,5828,0,0.034041200
chroma,1,insert_fusionado,-,5829,0,0.034646800
chroma,1,insert_fusionado,-,5830,0,0.033340600
chroma,1,insert_fusionado,-,5831,0,0.032937900
chroma,1,insert_fusionado,-,5832,0,0.034839900
chroma,1,insert_fusionado,-,5833,0,0.031780900
chroma,1,insert_fusionado,-,5834,0,0.033574800
chroma,1,insert_fusionado,-,5835,0,0.038589500
chroma,1,insert_fusionado,-,5836,0,0.034750300
chroma,1,insert_fusionado,-,5837,0,0.032864200
chroma,1,insert_fusionado,-,5838,0,0.033675200
chroma,1,insert_fusionado,-,5839,0,0.037111300
chroma,1,insert_fusionado,-,5840,0,0.036119300
chroma,1,insert_fusionado,-,5841,0,0.035241300
chroma,1,insert_fusionado,-,5842,0,0.032843500
chroma,1,insert_fusionado,-,5843,0,0.035379000
chroma,1,insert_fusionado,-,5844,0,0.033070300
chroma,1,insert_fusionado,-,5845,0,0.032235700
chroma,1,insert_fusionado,-,5846,0,0.033423100
chroma,1,insert_fusionado,-,5847,0,0.032718100
chroma,1,insert_fusionado,-,5848,0,0.036458600
chroma,1,insert_fusionado,-,5849,0,0.033082400
chroma,1,insert_fusionado,-,5850,0,0.034502700
chroma,1,insert_fusionado,-,5851,0,0.035745700
chroma,1,insert_fusionado,-,5852,0,0.032340900
chroma,1,insert_fusionado,-,5853,0,0.034592700
chroma,1,insert_fusionado,-,5854,0,0.030184100
chroma,1,insert_fusionado,-,5855,0,0.035068200
chroma,1,insert_fusionado,-,5856,0,0.034471400
chroma,1,insert_fusionado,-,5857,0,0.037517900
chroma,1,insert_fusionado,-,5858,0,0.036375700
chroma,1,insert_fusionado,-,5859,0,0.033161500
chroma,1,insert_fusionado,-,5860,0,0.033596100
chroma,1,insert_fusionado,-,5861,0,0.034648600
chroma,1,insert_fusionado,-,5862,0,0.031228300
chroma,1,insert_fusionado,-,5863,0,0.034591800
chroma,1,insert_fusionado,-,5864,0,0.034302400
chroma,1,insert_fusionado,-,5865,0,0.034273200
chroma,1,insert_fusionado,-,5866,0,0.036018000
chroma,1,insert_fusionado,-,5867,0,0.033139400
chroma,1,insert_fusionado,-,5868,0,0.034045800
chroma,1,insert_fusionado,-,5869,0,0.036042100
chroma,1,insert_fusionado,-,5870,0,0.035060500
chroma,1,insert_fusionado,-,5871,0,0.034070900
chroma,1,insert_fusionado,-,5872,0,0.029838700
chroma,1,insert_fusionado,-,5873,0,0.034286300
chroma,1,insert_fusionado,-,5874,0,0.037239400
chroma,1,insert_fusionado,-,5875,0,0.035032300
chroma,1,insert_fusionado,-,5876,0,0.032502500
chroma,1,insert_fusionado,-,5877,0,0.032463600
chroma,1,insert_fusionado,-,5878,0,0.032556300
chroma,1,insert_fusionado,-,5879,0,0.032779600
chroma,1,insert_fusionado,-,5880,0,0.033873600
chroma,1,insert_fusionado,-,5881,0,0.036144800
chroma,1,insert_fusionado,-,5882,0,0.032505700
chroma,1,insert_fusionado,-,5883,0,0.033018100
chroma,1,insert_fusionado,-,5884,0,0.034870700
chroma,1,insert_fusionado,-,5885,0,0.035858300
chroma,1,insert_fusionado,-,5886,0,0.031091000
chroma,1,insert_fusionado,-,5887,0,0.033738100
chroma,1,insert_fusionado,-,5888,0,0.031670300
chroma,1,insert_fusionado,-,5889,0,0.035358100
chroma,1,insert_fusionado,-,5890,0,0.034463800
chroma,1,insert_fusionado,-,5891,0,0.030624500
chroma,1,insert_fusionado,-,5892,0,0.032690400
chroma,1,insert_fusionado,-,5893,0,0.032757700
chroma,1,insert_fusionado,-,5894,0,0.030719500
chroma,1,insert_fusionado,-,5895,0,0.030649000
chroma,1,insert_fusionado,-,5896,0,0.036270900
chroma,1,insert_fusionado,-,5897,0,0.034192100
chroma,1,insert_fusionado,-,5898,0,0.036275800
chroma,1,insert_fusionado,-,5899,0,0.034167900
chroma,1,insert_fusionado,-,5900,0,0.036191200
chroma,1,insert_fusionado,-,5901,0,0.030528000
chroma,1,insert_fusionado,-,5902,0,0.031203900
chroma,1,insert_fusionado,-,5903,0,0.033795900
chroma,1,insert_fusionado,-,5904,0,0.035712400
chroma,1,insert_fusionado,-,5905,0,0.034363400
chroma,1,insert_fusionado,-,5906,0,0.034978800
chroma,1,insert_fusionado,-,5907,0,0.033805300
chroma,1,insert_fusionado,-,5908,0,0.034661600
chroma,1,insert_fusionado,-,5909,0,0.033943700
chroma,1,insert_fusionado,-,5910,0,0.032450300
chroma,1,insert_fusionado,-,5911,0,0.034746500
chroma,1,insert_fusionado,-,5912,0,0.033238600
chroma,1,insert_fusionado,-,5913,0,0.033978400
chroma,1,insert_fusionado,-,5914,0,0.030635800
chroma,1,insert_fusionado,-,5915,0,0.030863700
chroma,1,insert_fusionado,-,5916,0,0.033808000
chroma,1,insert_fusionado,-,5917,0,0.037550500
chroma,1,insert_fusionado,-,5918,0,0.034096400
chroma,1,insert_fusionado,-,5919,0,0.032005300
chroma,1,insert_fusionado,-,5920,0,0.034447500
chroma,1,insert_fusionado,-,5921,0,0.031347000
chroma,1,insert_fusionado,-,5922,0,0.038578200
chroma,1,insert_fusionado,-,5923,0,0.036159100
chroma,1,insert_fusionado,-,5924,0,0.034763900
chroma,1,insert_fusionado,-,5925,0,0.031378100
chroma,1,insert_fusionado,-,5926,0,0.034827200
chroma,1,insert_fusionado,-,5927,0,0.033500600
chroma,1,insert_fusionado,-,5928,0,0.035037400
chroma,1,insert_fusionado,-,5929,0,0.038334100
chroma,1,insert_fusionado,-,5930,0,0.034254200
chroma,1,insert_fusionado,-,5931,0,0.034942300
chroma,1,insert_fusionado,-,5932,0,0.033708000
chroma,1,insert_fusionado,-,5933,0,0.035438800
chroma,1,insert_fusionado,-,5934,0,0.036146900
chroma,1,insert_fusionado,-,5935,0,0.034636300
chroma,1,insert_fusionado,-,5936,0,0.034418200
chroma,1,insert_fusionado,-,5937,0,0.036700200
chroma,1,insert_fusionado,-,5938,0,0.031319700
chroma,1,insert_fusionado,-,5939,0,0.032682200
chroma,1,insert_fusionado,-,5940,0,0.033613600
chroma,1,insert_fusionado,-,5941,0,0.031907300
chroma,1,insert_fusionado,-,5942,0,0.033569800
chroma,1,insert_fusionado,-,5943,0,0.034588600
chroma,1,insert_fusionado,-,5944,0,0.037753600
chroma,1,insert_fusionado,-,5945,0,0.032918100
chroma,1,insert_fusionado,-,5946,0,0.033129400
chroma,1,insert_fusionado,-,5947,0,0.036465600
chroma,1,insert_fusionado,-,5948,0,0.035036100
chroma,1,insert_fusionado,-,5949,0,0.034534700
chroma,1,insert_fusionado,-,5950,0,0.033966200
chroma,1,insert_fusionado,-,5951,0,0.037228900
chroma,1,insert_fusionado,-,5952,0,0.037103400
chroma,1,insert_fusionado,-,5953,0,0.032871000
chroma,1,insert_fusionado,-,5954,0,0.037958300
chroma,1,insert_fusionado,-,5955,0,0.034008100
chroma,1,insert_fusionado,-,5956,0,0.043125400
chroma,1,insert_fusionado,-,5957,0,0.044525500
chroma,1,insert_fusionado,-,5958,0,0.034961200
chroma,1,insert_fusionado,-,5959,0,0.034583700
chroma,1,insert_fusionado,-,5960,0,0.032282600
chroma,1,insert_fusionado,-,5961,0,0.036254800
chroma,1,insert_fusionado,-,5962,0,0.032143400
chroma,1,insert_fusionado,-,5963,0,0.032222400
chroma,1,insert_fusionado,-,5964,0,0.035794000
chroma,1,insert_fusionado,-,5965,0,0.038944500
chroma,1,insert_fusionado,-,5966,0,0.031880700
chroma,1,insert_fusionado,-,5967,0,0.033629600
chroma,1,insert_fusionado,-,5968,0,0.034147300
chroma,1,insert_fusionado,-,5969,0,0.033592200
chroma,1,insert_fusionado,-,5970,0,0.035795800
chroma,1,insert_fusionado,-,5971,0,0.032794300
chroma,1,insert_fusionado,-,5972,0,0.029670900
chroma,1,insert_fusionado,-,5973,0,0.035835800
chroma,1,insert_fusionado,-,5974,0,0.032735100
chroma,1,insert_fusionado,-,5975,0,0.032817100
chroma,1,insert_fusionado,-,5976,0,0.038280800
chroma,1,insert_fusionado,-,5977,0,0.033586600
chroma,1,insert_fusionado,-,5978,0,0.033541300
chroma,1,insert_fusionado,-,5979,0,0.031724700
chroma,1,insert_fusionado,-,5980,0,0.036598600
chroma,1,insert_fusionado,-,5981,0,0.034399400
chroma,1,insert_fusionado,-,5982,0,0.035744700
chroma,1,insert_fusionado,-,5983,0,0.035259400
chroma,1,insert_fusionado,-,5984,0,0.031937700
chroma,1,insert_fusionado,-,5985,0,0.029444800
chroma,1,insert_fusionado,-,5986,0,0.031625000
chroma,1,insert_fusionado,-,5987,0,0.036389700
chroma,1,insert_fusionado,-,5988,0,0.033656100
chroma,1,insert_fusionado,-,5989,0,0.037513900
chroma,1,insert_fusionado,-,5990,0,0.032446000
chroma,1,insert_fusionado,-,5991,0,0.040187600
chroma,1,insert_fusionado,-,5992,0,0.035687200
chroma,1,insert_fusionado,-,5993,0,0.033756800
chroma,1,insert_fusionado,-,5994,0,0.039256400
chroma,1,insert_fusionado,-,5995,0,0.037669600
chroma,1,insert_fusionado,-,5996,0,0.034075500
chroma,1,insert_fusionado,-,5997,0,0.034344600
chroma,1,insert_fusionado,-,5998,0,0.035335200
chroma,1,insert_fusionado,-,5999,0,0.094143400
chroma,1,insert_fusionado,-,6000,0,0.024430300
chroma,1,insert_fusionado,-,6001,0,0.025823900
chroma,1,insert_fusionado,-,6002,0,0.024886300
chroma,1,insert_fusionado,-,6003,0,0.028211000
chroma,1,insert_fusionado,-,6004,0,0.026018200
chroma,1,insert_fusionado,-,6005,0,0.025100200
chroma,1,insert_fusionado,-,6006,0,0.025540500
chroma,1,insert_fusionado,-,6007,0,0.025022300
chroma,1,insert_fusionado,-,6008,0,0.024271400
chroma,1,insert_fusionado,-,6009,0,0.026822800
chroma,1,insert_fusionado,-,6010,0,0.025072200
chroma,1,insert_fusionado,-,6011,0,0.025228700
chroma,1,insert_fusionado,-,6012,0,0.026053300
chroma,1,insert_fusionado,-,6013,0,0.023041700
chroma,1,insert_fusionado,-,6014,0,0.025193100
chroma,1,insert_fusionado,-,6015,0,0.025990600
chroma,1,insert_fusionado,-,6016,0,0.024445800
chroma,1,insert_fusionado,-,6017,0,0.028163400
chroma,1,insert_fusionado,-,6018,0,0.025401800
chroma,1,insert_fusionado,-,6019,0,0.026228400
chroma,1,insert_fusionado,-,6020,0,0.026937500
chroma,1,insert_fusionado,-,6021,0,0.025370200
chroma,1,insert_fusionado,-,6022,0,0.028433900
chroma,1,insert_fusionado,-,6023,0,0.026774500
chroma,1,insert_fusionado,-,6024,0,0.024931500
chroma,1,insert_fusionado,-,6025,0,0.027748200
chroma,1,insert_fusionado,-,6026,0,0.026921300
chroma,1,insert_fusionado,-,6027,0,0.030542200
chroma,1,insert_fusionado,-,6028,0,0.024670300
chroma,1,insert_fusionado,-,6029,0,0.026176200
chroma,1,insert_fusionado,-,6030,0,0.027257100
chroma,1,insert_fusionado,-,6031,0,0.030120300
chroma,1,insert_fusionado,-,6032,0,0.025476400
chroma,1,insert_fusionado,-,6033,0,0.027211400
chroma,1,insert_fusionado,-,6034,0,0.023870400
chroma,1,insert_fusionado,-,6035,0,0.025479700
chroma,1,insert_fusionado,-,6036,0,0.027106000
chroma,1,insert_fusionado,-,6037,0,0.027068400
chroma,1,insert_fusionado,-,6038,0,0.027893900
chroma,1,insert_fusionado,-,6039,0,0.027883800
chroma,1,insert_fusionado,-,6040,0,0.024266900
chroma,1,insert_fusionado,-,6041,0,0.026817800
chroma,1,insert_fusionado,-,6042,0,0.027916600
chroma,1,insert_fusionado,-,6043,0,0.028102800
chroma,1,insert_fusionado,-,6044,0,0.026343400
chroma,1,insert_fusionado,-,6045,0,0.029507800
chroma,1,insert_fusionado,-,6046,0,0.026528800
chroma,1,insert_fusionado,-,6047,0,0.030771100
chroma,1,insert_fusionado,-,6048,0,0.026154400
chroma,1,insert_fusionado,-,6049,0,0.027134300
chroma,1,insert_fusionado,-,6050,0,0.030839500
chroma,1,insert_fusionado,-,6051,0,0.026534400
chroma,1,insert_fusionado,-,6052,0,0.026396300
chroma,1,insert_fusionado,-,6053,0,0.027833900
chroma,1,insert_fusionado,-,6054,0,0.028829400
chroma,1,insert_fusionado,-,6055,0,0.027075400
chroma,1,insert_fusionado,-,6056,0,0.024343900
chroma,1,insert_fusionado,-,6057,0,0.026112800
chroma,1,insert_fusionado,-,6058,0,0.024927900
chroma,1,insert_fusionado,-,6059,0,0.027448400
chroma,1,insert_fusionado,-,6060,0,0.025342200
chroma,1,insert_fusionado,-,6061,0,0.027434800
chroma,1,insert_fusionado,-,6062,0,0.027322300
chroma,1,insert_fusionado,-,6063,0,0.027383700
chroma,1,insert_fusionado,-,6064,0,0.025424800
chroma,1,insert_fusionado,-,6065,0,0.027583900
chroma,1,insert_fusionado,-,6066,0,0.024068100
chroma,1,insert_fusionado,-,6067,0,0.026187100
chroma,1,insert_fusionado,-,6068,0,0.025773300
chroma,1,insert_fusionado,-,6069,0,0.026181700
chroma,1,insert_fusionado,-,6070,0,0.025802300
chroma,1,insert_fusionado,-,6071,0,0.025377600
chroma,1,insert_fusionado,-,6072,0,0.025262900
chroma,1,insert_fusionado,-,6073,0,0.027073200
chroma,1,insert_fusionado,-,6074,0,0.027408200
chroma,1,insert_fusionado,-,6075,0,0.025388600
chroma,1,insert_fusionado,-,6076,0,0.026407700
chroma,1,insert_fusionado,-,6077,0,0.027092100
chroma,1,insert_fusionado,-,6078,0,0.026277700
chroma,1,insert_fusionado,-,6079,0,0.027856400
chroma,1,insert_fusionado,-,6080,0,0.024662800
chroma,1,insert_fusionado,-,6081,0,0.026161900
chroma,1,insert_fusionado,-,6082,0,0.029029600
chroma,1,insert_fusionado,-,6083,0,0.029372500
chroma,1,insert_fusionado,-,6084,0,0.027034100
chroma,1,insert_fusionado,-,6085,0,0.026254200
chroma,1,insert_fusionado,-,6086,0,0.027088900
chroma,1,insert_fusionado,-,6087,0,0.029952900
chroma,1,insert_fusionado,-,6088,0,0.024919100
chroma,1,insert_fusionado,-,6089,0,0.025834200
chroma,1,insert_fusionado,-,6090,0,0.026144300
chroma,1,insert_fusionado,-,6091,0,0.025362900
chroma,1,insert_fusionado,-,6092,0,0.026639500
chroma,1,insert_fusionado,-,6093,0,0.028252300
chroma,1,insert_fusionado,-,6094,0,0.029552200
chroma,1,insert_fusionado,-,6095,0,0.028157600
chroma,1,insert_fusionado,-,6096,0,0.025566400
chroma,1,insert_fusionado,-,6097,0,0.027700900
chroma,1,insert_fusionado,-,6098,0,0.028006300
chroma,1,insert_fusionado,-,6099,0,0.031526100
chroma,1,insert_fusionado,-,6100,0,0.027739600
chroma,1,insert_fusionado,-,6101,0,0.026325400
chroma,1,insert_fusionado,-,6102,0,0.024715100
chroma,1,insert_fusionado,-,6103,0,0.025558100
chroma,1,insert_fusionado,-,6104,0,0.025502500
chroma,1,insert_fusionado,-,6105,0,0.025239700
chroma,1,insert_fusionado,-,6106,0,0.027977100
chroma,1,insert_fusionado,-,6107,0,0.026542000
chroma,1,insert_fusionado,-,6108,0,0.027352700
chroma,1,insert_fusionado,-,6109,0,0.029442200
chroma,1,insert_fusionado,-,6110,0,0.029238800
chroma,1,insert_fusionado,-,6111,0,0.028104600
chroma,1,insert_fusionado,-,6112,0,0.025505300
chroma,1,insert_fusionado,-,6113,0,0.026187500
chroma,1,insert_fusionado,-,6114,0,0.025486500
chroma,1,insert_fusionado,-,6115,0,0.026065200
chroma,1,insert_fusionado,-,6116,0,0.025952500
chroma,1,insert_fusionado,-,6117,0,0.026561500
chroma,1,insert_fusionado,-,6118,0,0.024881500
chroma,1,insert_fusionado,-,6119,0,0.026284100
chroma,1,insert_fusionado,-,6120,0,0.030100100
chroma,1,insert_fusionado,-,6121,0,0.027121800
chroma,1,insert_fusionado,-,6122,0,0.027874700
chroma,1,insert_fusionado,-,6123,0,0.027126800
chroma,1,insert_fusionado,-,6124,0,0.026481500
chroma,1,insert_fusionado,-,6125,0,0.029694300
chroma,1,insert_fusionado,-,6126,0,0.025929300
chroma,1,insert_fusionado,-,6127,0,0.027453900
chroma,1,insert_fusionado,-,6128,0,0.024536100
chroma,1,insert_fusionado,-,6129,0,0.025897600
chroma,1,insert_fusionado,-,6130,0,0.027426000
chroma,1,insert_fusionado,-,6131,0,0.025587100
chroma,1,insert_fusionado,-,6132,0,0.025611900
chroma,1,insert_fusionado,-,6133,0,0.026796600
chroma,1,insert_fusionado,-,6134,0,0.025638100
chroma,1,insert_fusionado,-,6135,0,0.027676200
chroma,1,insert_fusionado,-,6136,0,0.026818300
chroma,1,insert_fusionado,-,6137,0,0.025511700
chroma,1,insert_fusionado,-,6138,0,0.030045700
chroma,1,insert_fusionado,-,6139,0,0.026199100
chroma,1,insert_fusionado,-,6140,0,0.026150200
chroma,1,insert_fusionado,-,6141,0,0.025868500
chroma,1,insert_fusionado,-,6142,0,0.026573100
chroma,1,insert_fusionado,-,6143,0,0.036195400
chroma,1,insert_fusionado,-,6144,0,0.026771800
chroma,1,insert_fusionado,-,6145,0,0.028051800
chroma,1,insert_fusionado,-,6146,0,0.034653600
chroma,1,insert_fusionado,-,6147,0,0.030382400
chroma,1,insert_fusionado,-,6148,0,0.026081700
chroma,1,insert_fusionado,-,6149,0,0.029006400
chroma,1,insert_fusionado,-,6150,0,0.027654600
chroma,1,insert_fusionado,-,6151,0,0.029324500
chroma,1,insert_fusionado,-,6152,0,0.027247800
chroma,1,insert_fusionado,-,6153,0,0.026454100
chroma,1,insert_fusionado,-,6154,0,0.028589000
chroma,1,insert_fusionado,-,6155,0,0.029071300
chroma,1,insert_fusionado,-,6156,0,0.031558700
chroma,1,insert_fusionado,-,6157,0,0.027680200
chroma,1,insert_fusionado,-,6158,0,0.028642600
chroma,1,insert_fusionado,-,6159,0,0.029351400
chroma,1,insert_fusionado,-,6160,0,0.028008600
chroma,1,insert_fusionado,-,6161,0,0.027746200
chroma,1,insert_fusionado,-,6162,0,0.025881500
chroma,1,insert_fusionado,-,6163,0,0.025141600
chroma,1,insert_fusionado,-,6164,0,0.025551900
chroma,1,insert_fusionado,-,6165,0,0.027046000
chroma,1,insert_fusionado,-,6166,0,0.025867600
chroma,1,insert_fusionado,-,6167,0,0.026613500
chroma,1,insert_fusionado,-,6168,0,0.025301400
chroma,1,insert_fusionado,-,6169,0,0.026468600
chroma,1,insert_fusionado,-,6170,0,0.025609700
chroma,1,insert_fusionado,-,6171,0,0.026859800
chroma,1,insert_fusionado,-,6172,0,0.025660700
chroma,1,insert_fusionado,-,6173,0,0.027288800
chroma,1,insert_fusionado,-,6174,0,0.026693800
chroma,1,insert_fusionado,-,6175,0,0.029840100
chroma,1,insert_fusionado,-,6176,0,0.027119800
chroma,1,insert_fusionado,-,6177,0,0.025171300
chroma,1,insert_fusionado,-,6178,0,0.025502700
chroma,1,insert_fusionado,-,6179,0,0.026481200
chroma,1,insert_fusionado,-,6180,0,0.027038700
chroma,1,insert_fusionado,-,6181,0,0.026434900
chroma,1,insert_fusionado,-,6182,0,0.029297300
chroma,1,insert_fusionado,-,6183,0,0.026572600
chroma,1,insert_fusionado,-,6184,0,0.025683900
chroma,1,insert_fusionado,-,6185,0,0.026843700
chroma,1,insert_fusionado,-,6186,0,0.026347100
chroma,1,insert_fusionado,-,6187,0,0.029698600
chroma,1,insert_fusionado,-,6188,0,0.028509000
chroma,1,insert_fusionado,-,6189,0,0.029388000
chroma,1,insert_fusionado,-,6190,0,0.026878600
chroma,1,insert_fusionado,-,6191,0,0.026802000
chroma,1,insert_fusionado,-,6192,0,0.027502800
chroma,1,insert_fusionado,-,6193,0,0.027796800
chroma,1,insert_fusionado,-,6194,0,0.029076500
chroma,1,insert_fusionado,-,6195,0,0.028762700
chroma,1,insert_fusionado,-,6196,0,0.026087600
chroma,1,insert_fusionado,-,6197,0,0.027709500
chroma,1,insert_fusionado,-,6198,0,0.026390700
chroma,1,insert_fusionado,-,6199,0,0.027174400
chroma,1,insert_fusionado,-,6200,0,0.027449000
chroma,1,insert_fusionado,-,6201,0,0.027977400
chroma,1,insert_fusionado,-,6202,0,0.026585800
chroma,1,insert_fusionado,-,6203,0,0.029393200
chroma,1,insert_fusionado,-,6204,0,0.027605400
chroma,1,insert_fusionado,-,6205,0,0.028616000
chroma,1,insert_fusionado,-,6206,0,0.027394700
chroma,1,insert_fusionado,-,6207,0,0.031557400
chroma,1,insert_fusionado,-,6208,0,0.027799700
chroma,1,insert_fusionado,-,6209,0,0.028456400
chroma,1,insert_fusionado,-,6210,0,0.026435000
chroma,1,insert_fusionado,-,6211,0,0.026162900
chroma,1,insert_fusionado,-,6212,0,0.026438100
chroma,1,insert_fusionado,-,6213,0,0.027575800
chroma,1,insert_fusionado,-,6214,0,0.026714600
chroma,1,insert_fusionado,-,6215,0,0.027541100
chroma,1,insert_fusionado,-,6216,0,0.027698800
chroma,1,insert_fusionado,-,6217,0,0.029379400
chroma,1,insert_fusionado,-,6218,0,0.026793700
chroma,1,insert_fusionado,-,6219,0,0.026865100
chroma,1,insert_fusionado,-,6220,0,0.027811600
chroma,1,insert_fusionado,-,6221,0,0.027225400
chroma,1,insert_fusionado,-,6222,0,0.026667100
chroma,1,insert_fusionado,-,6223,0,0.028447100
chroma,1,insert_fusionado,-,6224,0,0.027168000
chroma,1,insert_fusionado,-,6225,0,0.027474000
chroma,1,insert_fusionado,-,6226,0,0.026612100
chroma,1,insert_fusionado,-,6227,0,0.030787300
chroma,1,insert_fusionado,-,6228,0,0.026581100
chroma,1,insert_fusionado,-,6229,0,0.030601500
chroma,1,insert_fusionado,-,6230,0,0.029022500
chroma,1,insert_fusionado,-,6231,0,0.026812300
chroma,1,insert_fusionado,-,6232,0,0.028349300
chroma,1,insert_fusionado,-,6233,0,0.031543900
chroma,1,insert_fusionado,-,6234,0,0.028142700
chroma,1,insert_fusionado,-,6235,0,0.028943700
chroma,1,insert_fusionado,-,6236,0,0.028152700
chroma,1,insert_fusionado,-,6237,0,0.026476900
chroma,1,insert_fusionado,-,6238,0,0.027123500
chroma,1,insert_fusionado,-,6239,0,0.029621000
chroma,1,insert_fusionado,-,6240,0,0.026452900
chroma,1,insert_fusionado,-,6241,0,0.027388800
chroma,1,insert_fusionado,-,6242,0,0.027499700
chroma,1,insert_fusionado,-,6243,0,0.026876200
chroma,1,insert_fusionado,-,6244,0,0.031515300
chroma,1,insert_fusionado,-,6245,0,0.027072700
chroma,1,insert_fusionado,-,6246,0,0.026994700
chroma,1,insert_fusionado,-,6247,0,0.028703700
chroma,1,insert_fusionado,-,6248,0,0.030297100
chroma,1,insert_fusionado,-,6249,0,0.025722900
chroma,1,insert_fusionado,-,6250,0,0.026675800
chroma,1,insert_fusionado,-,6251,0,0.026456200
chroma,1,insert_fusionado,-,6252,0,0.025539600
chroma,1,insert_fusionado,-,6253,0,0.030632800
chroma,1,insert_fusionado,-,6254,0,0.027589900
chroma,1,insert_fusionado,-,6255,0,0.030469600
chroma,1,insert_fusionado,-,6256,0,0.028852500
chroma,1,insert_fusionado,-,6257,0,0.028930300
chroma,1,insert_fusionado,-,6258,0,0.027657600
chroma,1,insert_fusionado,-,6259,0,0.027593300
chroma,1,insert_fusionado,-,6260,0,0.029015400
chroma,1,insert_fusionado,-,6261,0,0.030464000
chroma,1,insert_fusionado,-,6262,0,0.031704600
chroma,1,insert_fusionado,-,6263,0,0.029168900
chroma,1,insert_fusionado,-,6264,0,0.032182300
chroma,1,insert_fusionado,-,6265,0,0.027568700
chroma,1,insert_fusionado,-,6266,0,0.028734400
chroma,1,insert_fusionado,-,6267,0,0.028546100
chroma,1,insert_fusionado,-,6268,0,0.029356600
chroma,1,insert_fusionado,-,6269,0,0.027723400
chroma,1,insert_fusionado,-,6270,0,0.028142400
chroma,1,insert_fusionado,-,6271,0,0.030993400
chroma,1,insert_fusionado,-,6272,0,0.028814700
chroma,1,insert_fusionado,-,6273,0,0.028407300
chroma,1,insert_fusionado,-,6274,0,0.027777100
chroma,1,insert_fusionado,-,6275,0,0.028428000
chroma,1,insert_fusionado,-,6276,0,0.026610800
chroma,1,insert_fusionado,-,6277,0,0.028275500
chroma,1,insert_fusionado,-,6278,0,0.029075300
chroma,1,insert_fusionado,-,6279,0,0.028232200
chroma,1,insert_fusionado,-,6280,0,0.028220700
chroma,1,insert_fusionado,-,6281,0,0.026083700
chroma,1,insert_fusionado,-,6282,0,0.026891500
chroma,1,insert_fusionado,-,6283,0,0.055453000
chroma,1,insert_fusionado,-,6284,0,0.042425900
chroma,1,insert_fusionado,-,6285,0,0.030090000
chroma,1,insert_fusionado,-,6286,0,0.029492800
chroma,1,insert_fusionado,-,6287,0,0.031837100
chroma,1,insert_fusionado,-,6288,0,0.031261600
chroma,1,insert_fusionado,-,6289,0,0.028083900
chroma,1,insert_fusionado,-,6290,0,0.029366400
chroma,1,insert_fusionado,-,6291,0,0.031978100
chroma,1,insert_fusionado,-,6292,0,0.028960600
chroma,1,insert_fusionado,-,6293,0,0.029339100
chroma,1,insert_fusionado,-,6294,0,0.028667500
chroma,1,insert_fusionado,-,6295,0,0.029465900
chroma,1,insert_fusionado,-,6296,0,0.030075800
chroma,1,insert_fusionado,-,6297,0,0.030490700
chroma,1,insert_fusionado,-,6298,0,0.028339900
chroma,1,insert_fusionado,-,6299,0,0.029527700
chroma,1,insert_fusionado,-,6300,0,0.029051000
chroma,1,insert_fusionado,-,6301,0,0.031556400
chroma,1,insert_fusionado,-,6302,0,0.047732700
chroma,1,insert_fusionado,-,6303,0,0.031456500
chroma,1,insert_fusionado,-,6304,0,0.027711200
chroma,1,insert_fusionado,-,6305,0,0.027131000
chroma,1,insert_fusionado,-,6306,0,0.031504100
chroma,1,insert_fusionado,-,6307,0,0.027560800
chroma,1,insert_fusionado,-,6308,0,0.027197700
chroma,1,insert_fusionado,-,6309,0,0.029035900
chroma,1,insert_fusionado,-,6310,0,0.027417400
chroma,1,insert_fusionado,-,6311,0,0.027911500
chroma,1,insert_fusionado,-,6312,0,0.031861400
chroma,1,insert_fusionado,-,6313,0,0.028087100
chroma,1,insert_fusionado,-,6314,0,0.031376500
chroma,1,insert_fusionado,-,6315,0,0.032777500
chroma,1,insert_fusionado,-,6316,0,0.028348100
chroma,1,insert_fusionado,-,6317,0,0.028313200
chroma,1,insert_fusionado,-,6318,0,0.028939500
chroma,1,insert_fusionado,-,6319,0,0.029494700
chroma,1,insert_fusionado,-,6320,0,0.026315200
chroma,1,insert_fusionado,-,6321,0,0.038743600
chroma,1,insert_fusionado,-,6322,0,0.028563200
chroma,1,insert_fusionado,-,6323,0,0.027952800
chroma,1,insert_fusionado,-,6324,0,0.028658900
chroma,1,insert_fusionado,-,6325,0,0.031973400
chroma,1,insert_fusionado,-,6326,0,0.026626300
chroma,1,insert_fusionado,-,6327,0,0.028008900
chroma,1,insert_fusionado,-,6328,0,0.027771600
chroma,1,insert_fusionado,-,6329,0,0.029609400
chroma,1,insert_fusionado,-,6330,0,0.028430000
chroma,1,insert_fusionado,-,6331,0,0.029755400
chroma,1,insert_fusionado,-,6332,0,0.029905900
chroma,1,insert_fusionado,-,6333,0,0.030209300
chroma,1,insert_fusionado,-,6334,0,0.029598400
chroma,1,insert_fusionado,-,6335,0,0.029301000
chroma,1,insert_fusionado,-,6336,0,0.028519500
chroma,1,insert_fusionado,-,6337,0,0.029385100
chroma,1,insert_fusionado,-,6338,0,0.027814100
chroma,1,insert_fusionado,-,6339,0,0.028475400
chroma,1,insert_fusionado,-,6340,0,0.028031900
chroma,1,insert_fusionado,-,6341,0,0.029742500
chroma,1,insert_fusionado,-,6342,0,0.027923800
chroma,1,insert_fusionado,-,6343,0,0.026347200
chroma,1,insert_fusionado,-,6344,0,0.028056000
chroma,1,insert_fusionado,-,6345,0,0.029463400
chroma,1,insert_fusionado,-,6346,0,0.030519400
chroma,1,insert_fusionado,-,6347,0,0.028811500
chroma,1,insert_fusionado,-,6348,0,0.030388900
chroma,1,insert_fusionado,-,6349,0,0.027453200
chroma,1,insert_fusionado,-,6350,0,0.035888700
chroma,1,insert_fusionado,-,6351,0,0.032300500
chroma,1,insert_fusionado,-,6352,0,0.028564800
chroma,1,insert_fusionado,-,6353,0,0.028959200
chroma,1,insert_fusionado,-,6354,0,0.027350400
chroma,1,insert_fusionado,-,6355,0,0.030643200
chroma,1,insert_fusionado,-,6356,0,0.028030500
chroma,1,insert_fusionado,-,6357,0,0.028082800
chroma,1,insert_fusionado,-,6358,0,0.027773000
chroma,1,insert_fusionado,-,6359,0,0.028238400
chroma,1,insert_fusionado,-,6360,0,0.026809200
chroma,1,insert_fusionado,-,6361,0,0.029231600
chroma,1,insert_fusionado,-,6362,0,0.028475900
chroma,1,insert_fusionado,-,6363,0,0.027464900
chroma,1,insert_fusionado,-,6364,0,0.027901000
chroma,1,insert_fusionado,-,6365,0,0.028740800
chroma,1,insert_fusionado,-,6366,0,0.029077200
chroma,1,insert_fusionado,-,6367,0,0.028630100
chroma,1,insert_fusionado,-,6368,0,0.030397500
chroma,1,insert_fusionado,-,6369,0,0.031889900
chroma,1,insert_fusionado,-,6370,0,0.029800700
chroma,1,insert_fusionado,-,6371,0,0.028283600
chroma,1,insert_fusionado,-,6372,0,0.028281900
chroma,1,insert_fusionado,-,6373,0,0.028875500
chroma,1,insert_fusionado,-,6374,0,0.033703400
chroma,1,insert_fusionado,-,6375,0,0.032182200
chroma,1,insert_fusionado,-,6376,0,0.029674300
chroma,1,insert_fusionado,-,6377,0,0.030395100
chroma,1,insert_fusionado,-,6378,0,0.028034500
chroma,1,insert_fusionado,-,6379,0,0.031442400
chroma,1,insert_fusionado,-,6380,0,0.030410400
chroma,1,insert_fusionado,-,6381,0,0.032937000
chroma,1,insert_fusionado,-,6382,0,0.029569500
chroma,1,insert_fusionado,-,6383,0,0.030222900
chroma,1,insert_fusionado,-,6384,0,0.027377300
chroma,1,insert_fusionado,-,6385,0,0.029658200
chroma,1,insert_fusionado,-,6386,0,0.029137600
chroma,1,insert_fusionado,-,6387,0,0.028124900
chroma,1,insert_fusionado,-,6388,0,0.029447700
chroma,1,insert_fusionado,-,6389,0,0.028242400
chroma,1,insert_fusionado,-,6390,0,0.029924200
chroma,1,insert_fusionado,-,6391,0,0.029661300
chroma,1,insert_fusionado,-,6392,0,0.028505800
chroma,1,insert_fusionado,-,6393,0,0.027960500
chroma,1,insert_fusionado,-,6394,0,0.029450800
chroma,1,insert_fusionado,-,6395,0,0.030621100
chroma,1,insert_fusionado,-,6396,0,0.029197000
chroma,1,insert_fusionado,-,6397,0,0.030163700
chroma,1,insert_fusionado,-,6398,0,0.030140600
chroma,1,insert_fusionado,-,6399,0,0.030379000
chroma,1,insert_fusionado,-,6400,0,0.028209000
chroma,1,insert_fusionado,-,6401,0,0.032143000
chroma,1,insert_fusionado,-,6402,0,0.029697100
chroma,1,insert_fusionado,-,6403,0,0.028560700
chroma,1,insert_fusionado,-,6404,0,0.028488900
chroma,1,insert_fusionado,-,6405,0,0.030369100
chroma,1,insert_fusionado,-,6406,0,0.031594500
chroma,1,insert_fusionado,-,6407,0,0.029779400
chroma,1,insert_fusionado,-,6408,0,0.030199800
chroma,1,insert_fusionado,-,6409,0,0.029647900
chroma,1,insert_fusionado,-,6410,0,0.031429800
chroma,1,insert_fusionado,-,6411,0,0.027435800
chroma,1,insert_fusionado,-,6412,0,0.028905400
chroma,1,insert_fusionado,-,6413,0,0.028529100
chroma,1,insert_fusionado,-,6414,0,0.029428400
chroma,1,insert_fusionado,-,6415,0,0.029936200
chroma,1,insert_fusionado,-,6416,0,0.028137300
chroma,1,insert_fusionado,-,6417,0,0.031631100
chroma,1,insert_fusionado,-,6418,0,0.031539300
chroma,1,insert_fusionado,-,6419,0,0.032144900
chroma,1,insert_fusionado,-,6420,0,0.031681500
chroma,1,insert_fusionado,-,6421,0,0.031507500
chroma,1,insert_fusionado,-,6422,0,0.031582200
chroma,1,insert_fusionado,-,6423,0,0.028327600
chroma,1,insert_fusionado,-,6424,0,0.029854000
chroma,1,insert_fusionado,-,6425,0,0.030316300
chroma,1,insert_fusionado,-,6426,0,0.029030500
chroma,1,insert_fusionado,-,6427,0,0.032820500
chroma,1,insert_fusionado,-,6428,0,0.032533200
chroma,1,insert_fusionado,-,6429,0,0.030880600
chroma,1,insert_fusionado,-,6430,0,0.029437800
chroma,1,insert_fusionado,-,6431,0,0.029939600
chroma,1,insert_fusionado,-,6432,0,0.030988900
chroma,1,insert_fusionado,-,6433,0,0.031955200
chroma,1,insert_fusionado,-,6434,0,0.032756200
chroma,1,insert_fusionado,-,6435,0,0.032394500
chroma,1,insert_fusionado,-,6436,0,0.031632600
chroma,1,insert_fusionado,-,6437,0,0.032263700
chroma,1,insert_fusionado,-,6438,0,0.029549100
chroma,1,insert_fusionado,-,6439,0,0.029946300
chroma,1,insert_fusionado,-,6440,0,0.034305000
chroma,1,insert_fusionado,-,6441,0,0.033328100
chroma,1,insert_fusionado,-,6442,0,0.030819700
chroma,1,insert_fusionado,-,6443,0,0.027873300
chroma,1,insert_fusionado,-,6444,0,0.029462800
chroma,1,insert_fusionado,-,6445,0,0.030536200
chroma,1,insert_fusionado,-,6446,0,0.031423200
chroma,1,insert_fusionado,-,6447,0,0.033568900
chroma,1,insert_fusionado,-,6448,0,0.031167700
chroma,1,insert_fusionado,-,6449,0,0.030492700
chroma,1,insert_fusionado,-,6450,0,0.031373400
chroma,1,insert_fusionado,-,6451,0,0.029247100
chroma,1,insert_fusionado,-,6452,0,0.033803300
chroma,1,insert_fusionado,-,6453,0,0.030914900
chroma,1,insert_fusionado,-,6454,0,0.029573000
chroma,1,insert_fusionado,-,6455,0,0.032075900
chroma,1,insert_fusionado,-,6456,0,0.028497900
chroma,1,insert_fusionado,-,6457,0,0.033430500
chroma,1,insert_fusionado,-,6458,0,0.032767100
chroma,1,insert_fusionado,-,6459,0,0.032569100
chroma,1,insert_fusionado,-,6460,0,0.029657300
chroma,1,insert_fusionado,-,6461,0,0.034567300
chroma,1,insert_fusionado,-,6462,0,0.031546100
chroma,1,insert_fusionado,-,6463,0,0.033102800
chroma,1,insert_fusionado,-,6464,0,0.029800100
chroma,1,insert_fusionado,-,6465,0,0.028641600
chroma,1,insert_fusionado,-,6466,0,0.031606700
chroma,1,insert_fusionado,-,6467,0,0.028820900
chroma,1,insert_fusionado,-,6468,0,0.031615100
chroma,1,insert_fusionado,-,6469,0,0.036250600
chroma,1,insert_fusionado,-,6470,0,0.026831900
chroma,1,insert_fusionado,-,6471,0,0.031365200
chroma,1,insert_fusionado,-,6472,0,0.028574200
chroma,1,insert_fusionado,-,6473,0,0.029525000
chroma,1,insert_fusionado,-,6474,0,0.030947400
chroma,1,insert_fusionado,-,6475,0,0.031892100
chroma,1,insert_fusionado,-,6476,0,0.028254400
chroma,1,insert_fusionado,-,6477,0,0.029873900
chroma,1,insert_fusionado,-,6478,0,0.034998900
chroma,1,insert_fusionado,-,6479,0,0.035353100
chroma,1,insert_fusionado,-,6480,0,0.030206500
chroma,1,insert_fusionado,-,6481,0,0.031174500
chroma,1,insert_fusionado,-,6482,0,0.031623500
chroma,1,insert_fusionado,-,6483,0,0.027914200
chroma,1,insert_fusionado,-,6484,0,0.028320300
chroma,1,insert_fusionado,-,6485,0,0.032623800
chroma,1,insert_fusionado,-,6486,0,0.029014600
chroma,1,insert_fusionado,-,6487,0,0.037523700
chroma,1,insert_fusionado,-,6488,0,0.031455600
chroma,1,insert_fusionado,-,6489,0,0.033607000
chroma,1,insert_fusionado,-,6490,0,0.033746500
chroma,1,insert_fusionado,-,6491,0,0.028100100
chroma,1,insert_fusionado,-,6492,0,0.033224700
chroma,1,insert_fusionado,-,6493,0,0.033430600
chroma,1,insert_fusionado,-,6494,0,0.032444600
chroma,1,insert_fusionado,-,6495,0,0.028562700
chroma,1,insert_fusionado,-,6496,0,0.028387000
chroma,1,insert_fusionado,-,6497,0,0.030538800
chroma,1,insert_fusionado,-,6498,0,0.030063800
chroma,1,insert_fusionado,-,6499,0,0.035023200
chroma,1,insert_fusionado,-,6500,0,0.031892700
chroma,1,insert_fusionado,-,6501,0,0.031116700
chroma,1,insert_fusionado,-,6502,0,0.030448300
chroma,1,insert_fusionado,-,6503,0,0.036076600
chroma,1,insert_fusionado,-,6504,0,0.031677800
chroma,1,insert_fusionado,-,6505,0,0.032614400
chroma,1,insert_fusionado,-,6506,0,0.029517000
chroma,1,insert_fusionado,-,6507,0,0.031409700
chroma,1,insert_fusionado,-,6508,0,0.034683700
chroma,1,insert_fusionado,-,6509,0,0.032232400
chroma,1,insert_fusionado,-,6510,0,0.031109500
chroma,1,insert_fusionado,-,6511,0,0.032975800
chroma,1,insert_fusionado,-,6512,0,0.031845400
chroma,1,insert_fusionado,-,6513,0,0.031036900
chroma,1,insert_fusionado,-,6514,0,0.031282600
chroma,1,insert_fusionado,-,6515,0,0.027959600
chroma,1,insert_fusionado,-,6516,0,0.035205900
chroma,1,insert_fusionado,-,6517,0,0.032266800
chroma,1,insert_fusionado,-,6518,0,0.029663500
chroma,1,insert_fusionado,-,6519,0,0.028600100
chroma,1,insert_fusionado,-,6520,0,0.027316200
chroma,1,insert_fusionado,-,6521,0,0.033951900
chroma,1,insert_fusionado,-,6522,0,0.033045100
chroma,1,insert_fusionado,-,6523,0,0.033801600
chroma,1,insert_fusionado,-,6524,0,0.030254700
chroma,1,insert_fusionado,-,6525,0,0.030593300
chroma,1,insert_fusionado,-,6526,0,0.028952000
chroma,1,insert_fusionado,-,6527,0,0.030782500
chroma,1,insert_fusionado,-,6528,0,0.031460700
chroma,1,insert_fusionado,-,6529,0,0.028832000
chroma,1,insert_fusionado,-,6530,0,0.032176400
chroma,1,insert_fusionado,-,6531,0,0.030542500
chroma,1,insert_fusionado,-,6532,0,0.029513500
chroma,1,insert_fusionado,-,6533,0,0.031708300
chroma,1,insert_fusionado,-,6534,0,0.030852300
chroma,1,insert_fusionado,-,6535,0,0.029208600
chroma,1,insert_fusionado,-,6536,0,0.030847700
chroma,1,insert_fusionado,-,6537,0,0.032089100
chroma,1,insert_fusionado,-,6538,0,0.030915200
chroma,1,insert_fusionado,-,6539,0,0.031655800
chroma,1,insert_fusionado,-,6540,0,0.030949000
chroma,1,insert_fusionado,-,6541,0,0.029780300
chroma,1,insert_fusionado,-,6542,0,0.035504300
chroma,1,insert_fusionado,-,6543,0,0.034016100
chroma,1,insert_fusionado,-,6544,0,0.033810100
chroma,1,insert_fusionado,-,6545,0,0.032790200
chroma,1,insert_fusionado,-,6546,0,0.028941300
chroma,1,insert_fusionado,-,6547,0,0.031425600
chroma,1,insert_fusionado,-,6548,0,0.032293100
chroma,1,insert_fusionado,-,6549,0,0.029608700
chroma,1,insert_fusionado,-,6550,0,0.031245000
chroma,1,insert_fusionado,-,6551,0,0.030430000
chroma,1,insert_fusionado,-,6552,0,0.033515400
chroma,1,insert_fusionado,-,6553,0,0.034018100
chroma,1,insert_fusionado,-,6554,0,0.030005900
chroma,1,insert_fusionado,-,6555,0,0.035821800
chroma,1,insert_fusionado,-,6556,0,0.030046300
chroma,1,insert_fusionado,-,6557,0,0.031062300
chroma,1,insert_fusionado,-,6558,0,0.030507000
chroma,1,insert_fusionado,-,6559,0,0.029778200
chroma,1,insert_fusionado,-,6560,0,0.030618900
chroma,1,insert_fusionado,-,6561,0,0.029256200
chroma,1,insert_fusionado,-,6562,0,0.032901900
chroma,1,insert_fusionado,-,6563,0,0.034658300
chroma,1,insert_fusionado,-,6564,0,0.031287800
chroma,1,insert_fusionado,-,6565,0,0.032958000
chroma,1,insert_fusionado,-,6566,0,0.033026600
chroma,1,insert_fusionado,-,6567,0,0.035090400
chroma,1,insert_fusionado,-,6568,0,0.029370600
chroma,1,insert_fusionado,-,6569,0,0.029079900
chroma,1,insert_fusionado,-,6570,0,0.031171700
chroma,1,insert_fusionado,-,6571,0,0.031154300
chroma,1,insert_fusionado,-,6572,0,0.032143100
chroma,1,insert_fusionado,-,6573,0,0.032765700
chroma,1,insert_fusionado,-,6574,0,0.030059400
chroma,1,insert_fusionado,-,6575,0,0.033622100
chroma,1,insert_fusionado,-,6576,0,0.031207300
chroma,1,insert_fusionado,-,6577,0,0.032514400
chroma,1,insert_fusionado,-,6578,0,0.034761900
chroma,1,insert_fusionado,-,6579,0,0.033302100
chroma,1,insert_fusionado,-,6580,0,0.031782200
chroma,1,insert_fusionado,-,6581,0,0.033580300
chroma,1,insert_fusionado,-,6582,0,0.032147200
chroma,1,insert_fusionado,-,6583,0,0.030307400
chroma,1,insert_fusionado,-,6584,0,0.030418900
chroma,1,insert_fusionado,-,6585,0,0.033463900
chroma,1,insert_fusionado,-,6586,0,0.029062600
chroma,1,insert_fusionado,-,6587,0,0.031195300
chroma,1,insert_fusionado,-,6588,0,0.032988000
chroma,1,insert_fusionado,-,6589,0,0.030589100
chroma,1,insert_fusionado,-,6590,0,0.029490600
chroma,1,insert_fusionado,-,6591,0,0.034229500
chroma,1,insert_fusionado,-,6592,0,0.028901100
chroma,1,insert_fusionado,-,6593,0,0.033159500
chroma,1,insert_fusionado,-,6594,0,0.030892500
chroma,1,insert_fusionado,-,6595,0,0.032097100
chroma,1,insert_fusionado,-,6596,0,0.034162700
chroma,1,insert_fusionado,-,6597,0,0.031435700
chroma,1,insert_fusionado,-,6598,0,0.030865400
chroma,1,insert_fusionado,-,6599,0,0.030138500
chroma,1,insert_fusionado,-,6600,0,0.033470300
chroma,1,insert_fusionado,-,6601,0,0.029272800
chroma,1,insert_fusionado,-,6602,0,0.031925500
chroma,1,insert_fusionado,-,6603,0,0.032042600
chroma,1,insert_fusionado,-,6604,0,0.032939500
chroma,1,insert_fusionado,-,6605,0,0.033286400
chroma,1,insert_fusionado,-,6606,0,0.032504800
chroma,1,insert_fusionado,-,6607,0,0.030845900
chroma,1,insert_fusionado,-,6608,0,0.031215600
chroma,1,insert_fusionado,-,6609,0,0.029622600
chroma,1,insert_fusionado,-,6610,0,0.033828700
chroma,1,insert_fusionado,-,6611,0,0.030069300
chroma,1,insert_fusionado,-,6612,0,0.033645800
chroma,1,insert_fusionado,-,6613,0,0.030973900
chroma,1,insert_fusionado,-,6614,0,0.036117400
chroma,1,insert_fusionado,-,6615,0,0.029559100
chroma,1,insert_fusionado,-,6616,0,0.034073600
chroma,1,insert_fusionado,-,6617,0,0.034917500
chroma,1,insert_fusionado,-,6618,0,0.031432200
chroma,1,insert_fusionado,-,6619,0,0.032001200
chroma,1,insert_fusionado,-,6620,0,0.031798500
chroma,1,insert_fusionado,-,6621,0,0.032823000
chroma,1,insert_fusionado,-,6622,0,0.033769500
chroma,1,insert_fusionado,-,6623,0,0.033563700
chroma,1,insert_fusionado,-,6624,0,0.033508800
chroma,1,insert_fusionado,-,6625,0,0.029043400
chroma,1,insert_fusionado,-,6626,0,0.031044000
chroma,1,insert_fusionado,-,6627,0,0.034453300
chroma,1,insert_fusionado,-,6628,0,0.031515000
chroma,1,insert_fusionado,-,6629,0,0.031928500
chroma,1,insert_fusionado,-,6630,0,0.031560700
chroma,1,insert_fusionado,-,6631,0,0.033495100
chroma,1,insert_fusionado,-,6632,0,0.029750700
chroma,1,insert_fusionado,-,6633,0,0.031730800
chroma,1,insert_fusionado,-,6634,0,0.030816900
chroma,1,insert_fusionado,-,6635,0,0.033284100
chroma,1,insert_fusionado,-,6636,0,0.033944500
chroma,1,insert_fusionado,-,6637,0,0.030458800
chroma,1,insert_fusionado,-,6638,0,0.032121800
chroma,1,insert_fusionado,-,6639,0,0.032746200
chroma,1,insert_fusionado,-,6640,0,0.032903500
chroma,1,insert_fusionado,-,6641,0,0.033953800
chroma,1,insert_fusionado,-,6642,0,0.035726000
chroma,1,insert_fusionado,-,6643,0,0.032293100
chroma,1,insert_fusionado,-,6644,0,0.029211700
chroma,1,insert_fusionado,-,6645,0,0.030732100
chroma,1,insert_fusionado,-,6646,0,0.031679000
chroma,1,insert_fusionado,-,6647,0,0.034669300
chroma,1,insert_fusionado,-,6648,0,0.031458000
chroma,1,insert_fusionado,-,6649,0,0.032289400
chroma,1,insert_fusionado,-,6650,0,0.030955300
chroma,1,insert_fusionado,-,6651,0,0.032502500
chroma,1,insert_fusionado,-,6652,0,0.032149700
chroma,1,insert_fusionado,-,6653,0,0.032152200
chroma,1,insert_fusionado,-,6654,0,0.031554000
chroma,1,insert_fusionado,-,6655,0,0.032084300
chroma,1,insert_fusionado,-,6656,0,0.031540100
chroma,1,insert_fusionado,-,6657,0,0.031444200
chroma,1,insert_fusionado,-,6658,0,0.033747700
chroma,1,insert_fusionado,-,6659,0,0.033454800
chroma,1,insert_fusionado,-,6660,0,0.031502900
chroma,1,insert_fusionado,-,6661,0,0.034079600
chroma,1,insert_fusionado,-,6662,0,0.032219600
chroma,1,insert_fusionado,-,6663,0,0.032357000
chroma,1,insert_fusionado,-,6664,0,0.033053800
chroma,1,insert_fusionado,-,6665,0,0.029959800
chroma,1,insert_fusionado,-,6666,0,0.030150800
chroma,1,insert_fusionado,-,6667,0,0.030500100
chroma,1,insert_fusionado,-,6668,0,0.032262800
chroma,1,insert_fusionado,-,6669,0,0.031676400
chroma,1,insert_fusionado,-,6670,0,0.029456000
chroma,1,insert_fusionado,-,6671,0,0.033209000
chroma,1,insert_fusionado,-,6672,0,0.032104600
chroma,1,insert_fusionado,-,6673,0,0.038344600
chroma,1,insert_fusionado,-,6674,0,0.028956100
chroma,1,insert_fusionado,-,6675,0,0.031802400
chroma,1,insert_fusionado,-,6676,0,0.034078700
chroma,1,insert_fusionado,-,6677,0,0.031209200
chroma,1,insert_fusionado,-,6678,0,0.029677500
chroma,1,insert_fusionado,-,6679,0,0.030694500
chroma,1,insert_fusionado,-,6680,0,0.031543400
chroma,1,insert_fusionado,-,6681,0,0.031207200
chroma,1,insert_fusionado,-,6682,0,0.031845600
chroma,1,insert_fusionado,-,6683,0,0.032203900
chroma,1,insert_fusionado,-,6684,0,0.031787500
chroma,1,insert_fusionado,-,6685,0,0.032957800
chroma,1,insert_fusionado,-,6686,0,0.029539900
chroma,1,insert_fusionado,-,6687,0,0.031425700
chroma,1,insert_fusionado,-,6688,0,0.031772500
chroma,1,insert_fusionado,-,6689,0,0.035903700
chroma,1,insert_fusionado,-,6690,0,0.039692200
chroma,1,insert_fusionado,-,6691,0,0.032213000
chroma,1,insert_fusionado,-,6692,0,0.029742500
chroma,1,insert_fusionado,-,6693,0,0.031164600
chroma,1,insert_fusionado,-,6694,0,0.032630900
chroma,1,insert_fusionado,-,6695,0,0.031968800
chroma,1,insert_fusionado,-,6696,0,0.034400300
chroma,1,insert_fusionado,-,6697,0,0.036349600
chroma,1,insert_fusionado,-,6698,0,0.029922900
chroma,1,insert_fusionado,-,6699,0,0.031268400
chroma,1,insert_fusionado,-,6700,0,0.033937500
chroma,1,insert_fusionado,-,6701,0,0.032230300
chroma,1,insert_fusionado,-,6702,0,0.032410700
chroma,1,insert_fusionado,-,6703,0,0.032617800
chroma,1,insert_fusionado,-,6704,0,0.034125400
chroma,1,insert_fusionado,-,6705,0,0.030766700
chroma,1,insert_fusionado,-,6706,0,0.032170200
chroma,1,insert_fusionado,-,6707,0,0.031853100
chroma,1,insert_fusionado,-,6708,0,0.034165500
chroma,1,insert_fusionado,-,6709,0,0.030001400
chroma,1,insert_fusionado,-,6710,0,0.032568800
chroma,1,insert_fusionado,-,6711,0,0.031413100
chroma,1,insert_fusionado,-,6712,0,0.034212300
chroma,1,insert_fusionado,-,6713,0,0.031687300
chroma,1,insert_fusionado,-,6714,0,0.030293400
chroma,1,insert_fusionado,-,6715,0,0.030670300
chroma,1,insert_fusionado,-,6716,0,0.034023500
chroma,1,insert_fusionado,-,6717,0,0.033891900
chroma,1,insert_fusionado,-,6718,0,0.033035700
chroma,1,insert_fusionado,-,6719,0,0.035212200
chroma,1,insert_fusionado,-,6720,0,0.032145900
chroma,1,insert_fusionado,-,6721,0,0.034710100
chroma,1,insert_fusionado,-,6722,0,0.033378400
chroma,1,insert_fusionado,-,6723,0,0.034292600
chroma,1,insert_fusionado,-,6724,0,0.033331600
chroma,1,insert_fusionado,-,6725,0,0.032157700
chroma,1,insert_fusionado,-,6726,0,0.035431900
chroma,1,insert_fusionado,-,6727,0,0.033900100
chroma,1,insert_fusionado,-,6728,0,0.032234600
chroma,1,insert_fusionado,-,6729,0,0.032971500
chroma,1,insert_fusionado,-,6730,0,0.033117300
chroma,1,insert_fusionado,-,6731,0,0.031736200
chroma,1,insert_fusionado,-,6732,0,0.035247800
chroma,1,insert_fusionado,-,6733,0,0.031474000
chroma,1,insert_fusionado,-,6734,0,0.031428000
chroma,1,insert_fusionado,-,6735,0,0.033274000
chroma,1,insert_fusionado,-,6736,0,0.030750400
chroma,1,insert_fusionado,-,6737,0,0.032508600
chroma,1,insert_fusionado,-,6738,0,0.032524600
chroma,1,insert_fusionado,-,6739,0,0.033806500
chroma,1,insert_fusionado,-,6740,0,0.030517600
chroma,1,insert_fusionado,-,6741,0,0.029512500
chroma,1,insert_fusionado,-,6742,0,0.030283200
chroma,1,insert_fusionado,-,6743,0,0.033308500
chroma,1,insert_fusionado,-,6744,0,0.034077700
chroma,1,insert_fusionado,-,6745,0,0.029403200
chroma,1,insert_fusionado,-,6746,0,0.033276200
chroma,1,insert_fusionado,-,6747,0,0.033836900
chroma,1,insert_fusionado,-,6748,0,0.031507800
chroma,1,insert_fusionado,-,6749,0,0.032560300
chroma,1,insert_fusionado,-,6750,0,0.032283500
chroma,1,insert_fusionado,-,6751,0,0.034158900
chroma,1,insert_fusionado,-,6752,0,0.030387100
chroma,1,insert_fusionado,-,6753,0,0.031165600
chroma,1,insert_fusionado,-,6754,0,0.031890400
chroma,1,insert_fusionado,-,6755,0,0.039164600
chroma,1,insert_fusionado,-,6756,0,0.034017200
chroma,1,insert_fusionado,-,6757,0,0.030521800
chroma,1,insert_fusionado,-,6758,0,0.032392400
chroma,1,insert_fusionado,-,6759,0,0.035223200
chroma,1,insert_fusionado,-,6760,0,0.033429300
chroma,1,insert_fusionado,-,6761,0,0.030379600
chroma,1,insert_fusionado,-,6762,0,0.029771000
chroma,1,insert_fusionado,-,6763,0,0.032722500
chroma,1,insert_fusionado,-,6764,0,0.032166500
chroma,1,insert_fusionado,-,6765,0,0.034757100
chroma,1,insert_fusionado,-,6766,0,0.042822300
chroma,1,insert_fusionado,-,6767,0,0.050265200
chroma,1,insert_fusionado,-,6768,0,0.037033800
chroma,1,insert_fusionado,-,6769,0,0.032839800
chroma,1,insert_fusionado,-,6770,0,0.034582500
chroma,1,insert_fusionado,-,6771,0,0.030843400
chroma,1,insert_fusionado,-,6772,0,0.031052100
chroma,1,insert_fusionado,-,6773,0,0.035655900
chroma,1,insert_fusionado,-,6774,0,0.034117500
chroma,1,insert_fusionado,-,6775,0,0.032790600
chroma,1,insert_fusionado,-,6776,0,0.033210400
chroma,1,insert_fusionado,-,6777,0,0.031832700
chroma,1,insert_fusionado,-,6778,0,0.034414800
chroma,1,insert_fusionado,-,6779,0,0.032047700
chroma,1,insert_fusionado,-,6780,0,0.034500000
chroma,1,insert_fusionado,-,6781,0,0.032547400
chroma,1,insert_fusionado,-,6782,0,0.034152700
chroma,1,insert_fusionado,-,6783,0,0.033326900
chroma,1,insert_fusionado,-,6784,0,0.031139100
chroma,1,insert_fusionado,-,6785,0,0.037539700
chroma,1,insert_fusionado,-,6786,0,0.033300600
chroma,1,insert_fusionado,-,6787,0,0.033919400
chroma,1,insert_fusionado,-,6788,0,0.032941000
chroma,1,insert_fusionado,-,6789,0,0.036391900
chroma,1,insert_fusionado,-,6790,0,0.031349000
chroma,1,insert_fusionado,-,6791,0,0.034913900
chroma,1,insert_fusionado,-,6792,0,0.034804400
chroma,1,insert_fusionado,-,6793,0,0.032417800
chroma,1,insert_fusionado,-,6794,0,0.033677100
chroma,1,insert_fusionado,-,6795,0,0.034509500
chroma,1,insert_fusionado,-,6796,0,0.032609600
chroma,1,insert_fusionado,-,6797,0,0.034366800
chroma,1,insert_fusionado,-,6798,0,0.035570100
chroma,1,insert_fusionado,-,6799,0,0.033662900
chroma,1,insert_fusionado,-,6800,0,0.032272000
chroma,1,insert_fusionado,-,6801,0,0.033027300
chroma,1,insert_fusionado,-,6802,0,0.033743500
chroma,1,insert_fusionado,-,6803,0,0.034604300
chroma,1,insert_fusionado,-,6804,0,0.034707500
chroma,1,insert_fusionado,-,6805,0,0.030990000
chroma,1,insert_fusionado,-,6806,0,0.034550900
chroma,1,insert_fusionado,-,6807,0,0.031441700
chroma,1,insert_fusionado,-,6808,0,0.036909500
chroma,1,insert_fusionado,-,6809,0,0.036890900
chroma,1,insert_fusionado,-,6810,0,0.035578100
chroma,1,insert_fusionado,-,6811,0,0.039106500
chroma,1,insert_fusionado,-,6812,0,0.033119800
chroma,1,insert_fusionado,-,6813,0,0.033408600
chroma,1,insert_fusionado,-,6814,0,0.036468600
chroma,1,insert_fusionado,-,6815,0,0.035287100
chroma,1,insert_fusionado,-,6816,0,0.035319200
chroma,1,insert_fusionado,-,6817,0,0.032536000
chroma,1,insert_fusionado,-,6818,0,0.038591200
chroma,1,insert_fusionado,-,6819,0,0.037010400
chroma,1,insert_fusionado,-,6820,0,0.038968000
chroma,1,insert_fusionado,-,6821,0,0.035118800
chroma,1,insert_fusionado,-,6822,0,0.040330800
chroma,1,insert_fusionado,-,6823,0,0.037708800
chroma,1,insert_fusionado,-,6824,0,0.037695900
chroma,1,insert_fusionado,-,6825,0,0.033543000
chroma,1,insert_fusionado,-,6826,0,0.038794400
chroma,1,insert_fusionado,-,6827,0,0.036608900
chroma,1,insert_fusionado,-,6828,0,0.033105000
chroma,1,insert_fusionado,-,6829,0,0.038384600
chroma,1,insert_fusionado,-,6830,0,0.040339700
chroma,1,insert_fusionado,-,6831,0,0.041219000
chroma,1,insert_fusionado,-,6832,0,0.037363600
chroma,1,insert_fusionado,-,6833,0,0.033642900
chroma,1,insert_fusionado,-,6834,0,0.036712000
chroma,1,insert_fusionado,-,6835,0,0.041756900
chroma,1,insert_fusionado,-,6836,0,0.033996200
chroma,1,insert_fusionado,-,6837,0,0.039106000
chroma,1,insert_fusionado,-,6838,0,0.040545500
chroma,1,insert_fusionado,-,6839,0,0.040094600
chroma,1,insert_fusionado,-,6840,0,0.038761400
chroma,1,insert_fusionado,-,6841,0,0.036441100
chroma,1,insert_fusionado,-,6842,0,0.040358100
chroma,1,insert_fusionado,-,6843,0,0.037050300
chroma,1,insert_fusionado,-,6844,0,0.036720500
chroma,1,insert_fusionado,-,6845,0,0.036005800
chroma,1,insert_fusionado,-,6846,0,0.036602400
chroma,1,insert_fusionado,-,6847,0,0.038910700
chroma,1,insert_fusionado,-,6848,0,0.041483200
chroma,1,insert_fusionado,-,6849,0,0.038324900
chroma,1,insert_fusionado,-,6850,0,0.033454700
chroma,1,insert_fusionado,-,6851,0,0.041399600
chroma,1,insert_fusionado,-,6852,0,0.035785100
chroma,1,insert_fusionado,-,6853,0,0.034103300
chroma,1,insert_fusionado,-,6854,0,0.034654000
chroma,1,insert_fusionado,-,6855,0,0.033288600
chroma,1,insert_fusionado,-,6856,0,0.031767000
chroma,1,insert_fusionado,-,6857,0,0.035036700
chroma,1,insert_fusionado,-,6858,0,0.035581500
chroma,1,insert_fusionado,-,6859,0,0.033984400
chroma,1,insert_fusionado,-,6860,0,0.034236300
chroma,1,insert_fusionado,-,6861,0,0.033592600
chroma,1,insert_fusionado,-,6862,0,0.034521100
chroma,1,insert_fusionado,-,6863,0,0.032068600
chroma,1,insert_fusionado,-,6864,0,0.035136600
chroma,1,insert_fusionado,-,6865,0,0.032477400
chroma,1,insert_fusionado,-,6866,0,0.030625800
chroma,1,insert_fusionado,-,6867,0,0.035564900
chroma,1,insert_fusionado,-,6868,0,0.031648200
chroma,1,insert_fusionado,-,6869,0,0.031847000
chroma,1,insert_fusionado,-,6870,0,0.031650000
chroma,1,insert_fusionado,-,6871,0,0.037309500
chroma,1,insert_fusionado,-,6872,0,0.034675600
chroma,1,insert_fusionado,-,6873,0,0.034409200
chroma,1,insert_fusionado,-,6874,0,0.033086100
chroma,1,insert_fusionado,-,6875,0,0.031274500
chroma,1,insert_fusionado,-,6876,0,0.037172400
chroma,1,insert_fusionado,-,6877,0,0.033735700
chroma,1,insert_fusionado,-,6878,0,0.032429500
chroma,1,insert_fusionado,-,6879,0,0.031929800
chroma,1,insert_fusionado,-,6880,0,0.034941600
chroma,1,insert_fusionado,-,6881,0,0.030750200
chroma,1,insert_fusionado,-,6882,0,0.035977600
chroma,1,insert_fusionado,-,6883,0,0.034090900
chroma,1,insert_fusionado,-,6884,0,0.033120200
chroma,1,insert_fusionado,-,6885,0,0.032434300
chroma,1,insert_fusionado,-,6886,0,0.033419500
chroma,1,insert_fusionado,-,6887,0,0.034002100
chroma,1,insert_fusionado,-,6888,0,0.034436700
chroma,1,insert_fusionado,-,6889,0,0.034368600
chroma,1,insert_fusionado,-,6890,0,0.032931100
chroma,1,insert_fusionado,-,6891,0,0.031876600
chroma,1,insert_fusionado,-,6892,0,0.034119800
chroma,1,insert_fusionado,-,6893,0,0.033702800
chroma,1,insert_fusionado,-,6894,0,0.035122100
chroma,1,insert_fusionado,-,6895,0,0.035411700
chroma,1,insert_fusionado,-,6896,0,0.030181400
chroma,1,insert_fusionado,-,6897,0,0.033538500
chroma,1,insert_fusionado,-,6898,0,0.033786800
chroma,1,insert_fusionado,-,6899,0,0.035083500
chroma,1,insert_fusionado,-,6900,0,0.037495200
chroma,1,insert_fusionado,-,6901,0,0.036197700
chroma,1,insert_fusionado,-,6902,0,0.034622600
chroma,1,insert_fusionado,-,6903,0,0.031641400
chroma,1,insert_fusionado,-,6904,0,0.032361900
chroma,1,insert_fusionado,-,6905,0,0.032086200
chroma,1,insert_fusionado,-,6906,0,0.037442200
chroma,1,insert_fusionado,-,6907,0,0.031983400
chroma,1,insert_fusionado,-,6908,0,0.033250600
chroma,1,insert_fusionado,-,6909,0,0.033016500
chroma,1,insert_fusionado,-,6910,0,0.031909900
chroma,1,insert_fusionado,-,6911,0,0.037028100
chroma,1,insert_fusionado,-,6912,0,0.034914100
chroma,1,insert_fusionado,-,6913,0,0.034700100
chroma,1,insert_fusionado,-,6914,0,0.035785100
chroma,1,insert_fusionado,-,6915,0,0.035404000
chroma,1,insert_fusionado,-,6916,0,0.034753600
chroma,1,insert_fusionado,-,6917,0,0.035483100
chroma,1,insert_fusionado,-,6918,0,0.035281400
chroma,1,insert_fusionado,-,6919,0,0.034157200
chroma,1,insert_fusionado,-,6920,0,0.034719800
chroma,1,insert_fusionado,-,6921,0,0.034797500
chroma,1,insert_fusionado,-,6922,0,0.037274500
chroma,1,insert_fusionado,-,6923,0,0.034831000
chroma,1,insert_fusionado,-,6924,0,0.034914000
chroma,1,insert_fusionado,-,6925,0,0.034946300
chroma,1,insert_fusionado,-,6926,0,0.035492500
chroma,1,insert_fusionado,-,6927,0,0.037007000
chroma,1,insert_fusionado,-,6928,0,0.035302600
chroma,1,insert_fusionado,-,6929,0,0.034521900
chroma,1,insert_fusionado,-,6930,0,0.033277500
chroma,1,insert_fusionado,-,6931,0,0.034988700
chroma,1,insert_fusionado,-,6932,0,0.033694100
chroma,1,insert_fusionado,-,6933,0,0.035838900
chroma,1,insert_fusionado,-,6934,0,0.034236700
chroma,1,insert_fusionado,-,6935,0,0.033865200
chroma,1,insert_fusionado,-,6936,0,0.036115600
chroma,1,insert_fusionado,-,6937,0,0.034448600
chroma,1,insert_fusionado,-,6938,0,0.034362700
chroma,1,insert_fusionado,-,6939,0,0.032523200
chroma,1,insert_fusionado,-,6940,0,0.035809800
chroma,1,insert_fusionado,-,6941,0,0.033947300
chroma,1,insert_fusionado,-,6942,0,0.033242000
chroma,1,insert_fusionado,-,6943,0,0.038136100
chroma,1,insert_fusionado,-,6944,0,0.037114800
chroma,1,insert_fusionado,-,6945,0,0.033802900
chroma,1,insert_fusionado,-,6946,0,0.032066200
chroma,1,insert_fusionado,-,6947,0,0.031694600
chroma,1,insert_fusionado,-,6948,0,0.034131400
chroma,1,insert_fusionado,-,6949,0,0.030498500
chroma,1,insert_fusionado,-,6950,0,0.035713700
chroma,1,insert_fusionado,-,6951,0,0.033093100
chroma,1,insert_fusionado,-,6952,0,0.032523000
chroma,1,insert_fusionado,-,6953,0,0.032142400
chroma,1,insert_fusionado,-,6954,0,0.031835700
chroma,1,insert_fusionado,-,6955,0,0.033168500
chroma,1,insert_fusionado,-,6956,0,0.034720400
chroma,1,insert_fusionado,-,6957,0,0.035185200
chroma,1,insert_fusionado,-,6958,0,0.031949400
chroma,1,insert_fusionado,-,6959,0,0.035312500
chroma,1,insert_fusionado,-,6960,0,0.033515000
chroma,1,insert_fusionado,-,6961,0,0.032476400
chroma,1,insert_fusionado,-,6962,0,0.031662400
chroma,1,insert_fusionado,-,6963,0,0.033332200
chroma,1,insert_fusionado,-,6964,0,0.029046800
chroma,1,insert_fusionado,-,6965,0,0.033632900
chroma,1,insert_fusionado,-,6966,0,0.031874300
chroma,1,insert_fusionado,-,6967,0,0.033680800
chroma,1,insert_fusionado,-,6968,0,0.033895000
chroma,1,insert_fusionado,-,6969,0,0.031170600
chroma,1,insert_fusionado,-,6970,0,0.036137100
chroma,1,insert_fusionado,-,6971,0,0.034617200
chroma,1,insert_fusionado,-,6972,0,0.034128400
chroma,1,insert_fusionado,-,6973,0,0.034699200
chroma,1,insert_fusionado,-,6974,0,0.033067300
chroma,1,insert_fusionado,-,6975,0,0.035433400
chroma,1,insert_fusionado,-,6976,0,0.034341800
chroma,1,insert_fusionado,-,6977,0,0.034220800
chroma,1,insert_fusionado,-,6978,0,0.039995000
chroma,1,insert_fusionado,-,6979,0,0.036723200
chroma,1,insert_fusionado,-,6980,0,0.032700700
chroma,1,insert_fusionado,-,6981,0,0.038126800
chroma,1,insert_fusionado,-,6982,0,0.036927300
chroma,1,insert_fusionado,-,6983,0,0.039042500
chroma,1,insert_fusionado,-,6984,0,0.033342500
chroma,1,insert_fusionado,-,6985,0,0.034284300
chroma,1,insert_fusionado,-,6986,0,0.034517100
chroma,1,insert_fusionado,-,6987,0,0.041533400
chroma,1,insert_fusionado,-,6988,0,0.035178000
chroma,1,insert_fusionado,-,6989,0,0.031586500
chroma,1,insert_fusionado,-,6990,0,0.034522800
chroma,1,insert_fusionado,-,6991,0,0.036947700
chroma,1,insert_fusionado,-,6992,0,0.034280000
chroma,1,insert_fusionado,-,6993,0,0.032653400
chroma,1,insert_fusionado,-,6994,0,0.033839100
chroma,1,insert_fusionado,-,6995,0,0.037490400
chroma,1,insert_fusionado,-,6996,0,0.035672200
chroma,1,insert_fusionado,-,6997,0,0.036496800
chroma,1,insert_fusionado,-,6998,0,0.036811400
chroma,1,insert_fusionado,-,6999,0,0.107020500
chroma,1,insert_fusionado,-,7000,0,0.044135700
chroma,1,insert_fusionado,-,7001,0,0.041421600
chroma,1,insert_fusionado,-,7002,0,0.024215300
chroma,1,insert_fusionado,-,7003,0,0.026262800
chroma,1,insert_fusionado,-,7004,0,0.025445400
chroma,1,insert_fusionado,-,7005,0,0.028750400
chroma,1,insert_fusionado,-,7006,0,0.027035200
chroma,1,insert_fusionado,-,7007,0,0.027143900
chroma,1,insert_fusionado,-,7008,0,0.026608900
chroma,1,insert_fusionado,-,7009,0,0.028386200
chroma,1,insert_fusionado,-,7010,0,0.026139500
chroma,1,insert_fusionado,-,7011,0,0.028379700
chroma,1,insert_fusionado,-,7012,0,0.025967500
chroma,1,insert_fusionado,-,7013,0,0.032318300
chroma,1,insert_fusionado,-,7014,0,0.030549500
chroma,1,insert_fusionado,-,7015,0,0.024989300
chroma,1,insert_fusionado,-,7016,0,0.025015000
chroma,1,insert_fusionado,-,7017,0,0.028104500
chroma,1,insert_fusionado,-,7018,0,0.026399800
chroma,1,insert_fusionado,-,7019,0,0.027722900
chroma,1,insert_fusionado,-,7020,0,0.026161700
chroma,1,insert_fusionado,-,7021,0,0.025946600
chroma,1,insert_fusionado,-,7022,0,0.029082300
chroma,1,insert_fusionado,-,7023,0,0.029490900
chroma,1,insert_fusionado,-,7024,0,0.024513400
chroma,1,insert_fusionado,-,7025,0,0.025356800
chroma,1,insert_fusionado,-,7026,0,0.029687400
chroma,1,insert_fusionado,-,7027,0,0.028319100
chroma,1,insert_fusionado,-,7028,0,0.027791200
chroma,1,insert_fusionado,-,7029,0,0.033962500
chroma,1,insert_fusionado,-,7030,0,0.025383200
chroma,1,insert_fusionado,-,7031,0,0.025476500
chroma,1,insert_fusionado,-,7032,0,0.024922100
chroma,1,insert_fusionado,-,7033,0,0.040729500
chroma,1,insert_fusionado,-,7034,0,0.026336800
chroma,1,insert_fusionado,-,7035,0,0.026150800
chroma,1,insert_fusionado,-,7036,0,0.028488200
chroma,1,insert_fusionado,-,7037,0,0.025792800
chroma,1,insert_fusionado,-,7038,0,0.029338400
chroma,1,insert_fusionado,-,7039,0,0.027176300
chroma,1,insert_fusionado,-,7040,0,0.028246800
chroma,1,insert_fusionado,-,7041,0,0.026657000
chroma,1,insert_fusionado,-,7042,0,0.028255800
chroma,1,insert_fusionado,-,7043,0,0.023701900
chroma,1,insert_fusionado,-,7044,0,0.025806300
chroma,1,insert_fusionado,-,7045,0,0.025456900
chroma,1,insert_fusionado,-,7046,0,0.025914300
chroma,1,insert_fusionado,-,7047,0,0.024077200
chroma,1,insert_fusionado,-,7048,0,0.024049300
chroma,1,insert_fusionado,-,7049,0,0.025941900
chroma,1,insert_fusionado,-,7050,0,0.028371900
chroma,1,insert_fusionado,-,7051,0,0.026415300
chroma,1,insert_fusionado,-,7052,0,0.025084500
chroma,1,insert_fusionado,-,7053,0,0.024570300
chroma,1,insert_fusionado,-,7054,0,0.025699600
chroma,1,insert_fusionado,-,7055,0,0.028946400
chroma,1,insert_fusionado,-,7056,0,0.026089300
chroma,1,insert_fusionado,-,7057,0,0.026472400
chroma,1,insert_fusionado,-,7058,0,0.029741500
chroma,1,insert_fusionado,-,7059,0,0.031412800
chroma,1,insert_fusionado,-,7060,0,0.026553300
chroma,1,insert_fusionado,-,7061,0,0.028695900
chroma,1,insert_fusionado,-,7062,0,0.029518400
chroma,1,insert_fusionado,-,7063,0,0.026077200
chroma,1,insert_fusionado,-,7064,0,0.027257400
chroma,1,insert_fusionado,-,7065,0,0.027282200
chroma,1,insert_fusionado,-,7066,0,0.026274200
chroma,1,insert_fusionado,-,7067,0,0.026534600
chroma,1,insert_fusionado,-,7068,0,0.029262800
chroma,1,insert_fusionado,-,7069,0,0.029586700
chroma,1,insert_fusionado,-,7070,0,0.030723400
chroma,1,insert_fusionado,-,7071,0,0.028219000
chroma,1,insert_fusionado,-,7072,0,0.027668000
chroma,1,insert_fusionado,-,7073,0,0.027076200
chroma,1,insert_fusionado,-,7074,0,0.027801500
chroma,1,insert_fusionado,-,7075,0,0.029365400
chroma,1,insert_fusionado,-,7076,0,0.026567400
chroma,1,insert_fusionado,-,7077,0,0.031085700
chroma,1,insert_fusionado,-,7078,0,0.029490300
chroma,1,insert_fusionado,-,7079,0,0.025284300
chroma,1,insert_fusionado,-,7080,0,0.025896200
chroma,1,insert_fusionado,-,7081,0,0.028982600
chroma,1,insert_fusionado,-,7082,0,0.027551400
chroma,1,insert_fusionado,-,7083,0,0.027399800
chroma,1,insert_fusionado,-,7084,0,0.025544400
chroma,1,insert_fusionado,-,7085,0,0.027204000
chroma,1,insert_fusionado,-,7086,0,0.025002100
chroma,1,insert_fusionado,-,7087,0,0.026237000
chroma,1,insert_fusionado,-,7088,0,0.026034300
chroma,1,insert_fusionado,-,7089,0,0.029022800
chroma,1,insert_fusionado,-,7090,0,0.027793700
chroma,1,insert_fusionado,-,7091,0,0.026487100
chroma,1,insert_fusionado,-,7092,0,0.029643800
chroma,1,insert_fusionado,-,7093,0,0.027573600
chroma,1,insert_fusionado,-,7094,0,0.027103700
chroma,1,insert_fusionado,-,7095,0,0.026767500
chroma,1,insert_fusionado,-,7096,0,0.027188100
chroma,1,insert_fusionado,-,7097,0,0.027573300
chroma,1,insert_fusionado,-,7098,0,0.027929600
chroma,1,insert_fusionado,-,7099,0,0.026417900
chroma,1,insert_fusionado,-,7100,0,0.027136400
chroma,1,insert_fusionado,-,7101,0,0.026432500
chroma,1,insert_fusionado,-,7102,0,0.029107900
chroma,1,insert_fusionado,-,7103,0,0.028333300
chroma,1,insert_fusionado,-,7104,0,0.025996000
chroma,1,insert_fusionado,-,7105,0,0.027120900
chroma,1,insert_fusionado,-,7106,0,0.027871000
chroma,1,insert_fusionado,-,7107,0,0.028010100
chroma,1,insert_fusionado,-,7108,0,0.025152900
chroma,1,insert_fusionado,-,7109,0,0.026555400
chroma,1,insert_fusionado,-,7110,0,0.025488300
chroma,1,insert_fusionado,-,7111,0,0.026218900
chroma,1,insert_fusionado,-,7112,0,0.027029000
chroma,1,insert_fusionado,-,7113,0,0.025391700
chroma,1,insert_fusionado,-,7114,0,0.026320100
chroma,1,insert_fusionado,-,7115,0,0.025849400
chroma,1,insert_fusionado,-,7116,0,0.025275400
chroma,1,insert_fusionado,-,7117,0,0.027267600
chroma,1,insert_fusionado,-,7118,0,0.027443400
chroma,1,insert_fusionado,-,7119,0,0.026520200
chroma,1,insert_fusionado,-,7120,0,0.025486900
chroma,1,insert_fusionado,-,7121,0,0.027490400
chroma,1,insert_fusionado,-,7122,0,0.025991900
chroma,1,insert_fusionado,-,7123,0,0.026995700
chroma,1,insert_fusionado,-,7124,0,0.027647400
chroma,1,insert_fusionado,-,7125,0,0.025520300
chroma,1,insert_fusionado,-,7126,0,0.030156600
chroma,1,insert_fusionado,-,7127,0,0.027520900
chroma,1,insert_fusionado,-,7128,0,0.027023900
chroma,1,insert_fusionado,-,7129,0,0.027637000
chroma,1,insert_fusionado,-,7130,0,0.029455600
chroma,1,insert_fusionado,-,7131,0,0.027510900
chroma,1,insert_fusionado,-,7132,0,0.026844900
chroma,1,insert_fusionado,-,7133,0,0.028942600
chroma,1,insert_fusionado,-,7134,0,0.026213900
chroma,1,insert_fusionado,-,7135,0,0.027374500
chroma,1,insert_fusionado,-,7136,0,0.029886300
chroma,1,insert_fusionado,-,7137,0,0.026996500
chroma,1,insert_fusionado,-,7138,0,0.027879400
chroma,1,insert_fusionado,-,7139,0,0.025817400
chroma,1,insert_fusionado,-,7140,0,0.025039100
chroma,1,insert_fusionado,-,7141,0,0.025598600
chroma,1,insert_fusionado,-,7142,0,0.026832400
chroma,1,insert_fusionado,-,7143,0,0.024405300
chroma,1,insert_fusionado,-,7144,0,0.026826400
chroma,1,insert_fusionado,-,7145,0,0.028046500
chroma,1,insert_fusionado,-,7146,0,0.027449000
chroma,1,insert_fusionado,-,7147,0,0.025735200
chroma,1,insert_fusionado,-,7148,0,0.028278500
chroma,1,insert_fusionado,-,7149,0,0.026642000
chroma,1,insert_fusionado,-,7150,0,0.026621100
chroma,1,insert_fusionado,-,7151,0,0.026942700
chroma,1,insert_fusionado,-,7152,0,0.027310900
chroma,1,insert_fusionado,-,7153,0,0.029497700
chroma,1,insert_fusionado,-,7154,0,0.027017400
chroma,1,insert_fusionado,-,7155,0,0.027774800
chroma,1,insert_fusionado,-,7156,0,0.027595000
chroma,1,insert_fusionado,-,7157,0,0.026629900
chroma,1,insert_fusionado,-,7158,0,0.026737700
chroma,1,insert_fusionado,-,7159,0,0.026439700
chroma,1,insert_fusionado,-,7160,0,0.025161200
chroma,1,insert_fusionado,-,7161,0,0.027197400
chroma,1,insert_fusionado,-,7162,0,0.027242800
chroma,1,insert_fusionado,-,7163,0,0.032144000
chroma,1,insert_fusionado,-,7164,0,0.027437000
chroma,1,insert_fusionado,-,7165,0,0.026701800
chroma,1,insert_fusionado,-,7166,0,0.029572400
chroma,1,insert_fusionado,-,7167,0,0.036708000
chroma,1,insert_fusionado,-,7168,0,0.028985500
chroma,1,insert_fusionado,-,7169,0,0.027305000
chroma,1,insert_fusionado,-,7170,0,0.028888800
chroma,1,insert_fusionado,-,7171,0,0.029690600
chroma,1,insert_fusionado,-,7172,0,0.030601100
chroma,1,insert_fusionado,-,7173,0,0.027016700
chroma,1,insert_fusionado,-,7174,0,0.028930400
chroma,1,insert_fusionado,-,7175,0,0.027505200
chroma,1,insert_fusionado,-,7176,0,0.025770900
chroma,1,insert_fusionado,-,7177,0,0.027756800
chroma,1,insert_fusionado,-,7178,0,0.027954700
chroma,1,insert_fusionado,-,7179,0,0.028526800
chroma,1,insert_fusionado,-,7180,0,0.024624200
chroma,1,insert_fusionado,-,7181,0,0.025218300
chroma,1,insert_fusionado,-,7182,0,0.025899500
chroma,1,insert_fusionado,-,7183,0,0.026871100
chroma,1,insert_fusionado,-,7184,0,0.026403200
chroma,1,insert_fusionado,-,7185,0,0.029620900
chroma,1,insert_fusionado,-,7186,0,0.026271300
chroma,1,insert_fusionado,-,7187,0,0.027436300
chroma,1,insert_fusionado,-,7188,0,0.030544200
chroma,1,insert_fusionado,-,7189,0,0.031427500
chroma,1,insert_fusionado,-,7190,0,0.032295500
chroma,1,insert_fusionado,-,7191,0,0.027745000
chroma,1,insert_fusionado,-,7192,0,0.033613600
chroma,1,insert_fusionado,-,7193,0,0.028031000
chroma,1,insert_fusionado,-,7194,0,0.028075800
chroma,1,insert_fusionado,-,7195,0,0.028999000
chroma,1,insert_fusionado,-,7196,0,0.027518700
chroma,1,insert_fusionado,-,7197,0,0.030556300
chroma,1,insert_fusionado,-,7198,0,0.028369500
chroma,1,insert_fusionado,-,7199,0,0.028637900
chroma,1,insert_fusionado,-,7200,0,0.028074500
chroma,1,insert_fusionado,-,7201,0,0.028411300
chroma,1,insert_fusionado,-,7202,0,0.028136400
chroma,1,insert_fusionado,-,7203,0,0.027247300
chroma,1,insert_fusionado,-,7204,0,0.029995700
chroma,1,insert_fusionado,-,7205,0,0.028745900
chroma,1,insert_fusionado,-,7206,0,0.028731000
chroma,1,insert_fusionado,-,7207,0,0.027574000
chroma,1,insert_fusionado,-,7208,0,0.028922100
chroma,1,insert_fusionado,-,7209,0,0.028087000
chroma,1,insert_fusionado,-,7210,0,0.026457300
chroma,1,insert_fusionado,-,7211,0,0.027219300
chroma,1,insert_fusionado,-,7212,0,0.025159900
chroma,1,insert_fusionado,-,7213,0,0.029989100
chroma,1,insert_fusionado,-,7214,0,0.030428500
chroma,1,insert_fusionado,-,7215,0,0.030143400
chroma,1,insert_fusionado,-,7216,0,0.025768000
chroma,1,insert_fusionado,-,7217,0,0.026135200
chroma,1,insert_fusionado,-,7218,0,0.027254700
chroma,1,insert_fusionado,-,7219,0,0.028959400
chroma,1,insert_fusionado,-,7220,0,0.027036800
chroma,1,insert_fusionado,-,7221,0,0.027020100
chroma,1,insert_fusionado,-,7222,0,0.029216300
chroma,1,insert_fusionado,-,7223,0,0.025346500
chroma,1,insert_fusionado,-,7224,0,0.025830600
chroma,1,insert_fusionado,-,7225,0,0.028124200
chroma,1,insert_fusionado,-,7226,0,0.030224600
chroma,1,insert_fusionado,-,7227,0,0.028601800
chroma,1,insert_fusionado,-,7228,0,0.026401900
chroma,1,insert_fusionado,-,7229,0,0.027482700
chroma,1,insert_fusionado,-,7230,0,0.025424000
chroma,1,insert_fusionado,-,7231,0,0.033145100
chroma,1,insert_fusionado,-,7232,0,0.027535700
chroma,1,insert_fusionado,-,7233,0,0.027505600
chroma,1,insert_fusionado,-,7234,0,0.028818500
chroma,1,insert_fusionado,-,7235,0,0.027619900
chroma,1,insert_fusionado,-,7236,0,0.028228900
chroma,1,insert_fusionado,-,7237,0,0.027881700
chroma,1,insert_fusionado,-,7238,0,0.029133300
chroma,1,insert_fusionado,-,7239,0,0.029428300
chroma,1,insert_fusionado,-,7240,0,0.029692300
chroma,1,insert_fusionado,-,7241,0,0.028228100
chroma,1,insert_fusionado,-,7242,0,0.029508500
chroma,1,insert_fusionado,-,7243,0,0.025870300
chroma,1,insert_fusionado,-,7244,0,0.027575200
chroma,1,insert_fusionado,-,7245,0,0.026544100
chroma,1,insert_fusionado,-,7246,0,0.028129900
chroma,1,insert_fusionado,-,7247,0,0.028475100
chroma,1,insert_fusionado,-,7248,0,0.028960500
chroma,1,insert_fusionado,-,7249,0,0.031111800
chroma,1,insert_fusionado,-,7250,0,0.030736600
chroma,1,insert_fusionado,-,7251,0,0.028250900
chroma,1,insert_fusionado,-,7252,0,0.028317100
chroma,1,insert_fusionado,-,7253,0,0.028915100
chroma,1,insert_fusionado,-,7254,0,0.031511500
chroma,1,insert_fusionado,-,7255,0,0.029198400
chroma,1,insert_fusionado,-,7256,0,0.028120200
chroma,1,insert_fusionado,-,7257,0,0.028237200
chroma,1,insert_fusionado,-,7258,0,0.027092000
chroma,1,insert_fusionado,-,7259,0,0.030040200
chroma,1,insert_fusionado,-,7260,0,0.029453700
chroma,1,insert_fusionado,-,7261,0,0.028459200
chroma,1,insert_fusionado,-,7262,0,0.028089800
chroma,1,insert_fusionado,-,7263,0,0.030414400
chroma,1,insert_fusionado,-,7264,0,0.027806800
chroma,1,insert_fusionado,-,7265,0,0.027676100
chroma,1,insert_fusionado,-,7266,0,0.028310000
chroma,1,insert_fusionado,-,7267,0,0.027426600
chroma,1,insert_fusionado,-,7268,0,0.026956900
chroma,1,insert_fusionado,-,7269,0,0.032015900
chroma,1,insert_fusionado,-,7270,0,0.031052200
chroma,1,insert_fusionado,-,7271,0,0.028469300
chroma,1,insert_fusionado,-,7272,0,0.030007700
chroma,1,insert_fusionado,-,7273,0,0.028153300
chroma,1,insert_fusionado,-,7274,0,0.029897600
chroma,1,insert_fusionado,-,7275,0,0.027524800
chroma,1,insert_fusionado,-,7276,0,0.027665200
chroma,1,insert_fusionado,-,7277,0,0.028242000
chroma,1,insert_fusionado,-,7278,0,0.029545200
chroma,1,insert_fusionado,-,7279,0,0.026750200
chroma,1,insert_fusionado,-,7280,0,0.031050600
chroma,1,insert_fusionado,-,7281,0,0.028123200
chroma,1,insert_fusionado,-,7282,0,0.029870900
chroma,1,insert_fusionado,-,7283,0,0.027741200
chroma,1,insert_fusionado,-,7284,0,0.027488900
chroma,1,insert_fusionado,-,7285,0,0.027518800
chroma,1,insert_fusionado,-,7286,0,0.029366600
chroma,1,insert_fusionado,-,7287,0,0.028712100
chroma,1,insert_fusionado,-,7288,0,0.029047900
chroma,1,insert_fusionado,-,7289,0,0.029749900
chroma,1,insert_fusionado,-,7290,0,0.027249200
chroma,1,insert_fusionado,-,7291,0,0.028596100
chroma,1,insert_fusionado,-,7292,0,0.027645800
chroma,1,insert_fusionado,-,7293,0,0.028112000
chroma,1,insert_fusionado,-,7294,0,0.028063000
chroma,1,insert_fusionado,-,7295,0,0.027263000
chroma,1,insert_fusionado,-,7296,0,0.026787400
chroma,1,insert_fusionado,-,7297,0,0.030624600
chroma,1,insert_fusionado,-,7298,0,0.032216300
chroma,1,insert_fusionado,-,7299,0,0.028515500
chroma,1,insert_fusionado,-,7300,0,0.027298800
chroma,1,insert_fusionado,-,7301,0,0.028339100
chroma,1,insert_fusionado,-,7302,0,0.026645700
chroma,1,insert_fusionado,-,7303,0,0.029774300
chroma,1,insert_fusionado,-,7304,0,0.049204700
chroma,1,insert_fusionado,-,7305,0,0.045508500
chroma,1,insert_fusionado,-,7306,0,0.029788500
chroma,1,insert_fusionado,-,7307,0,0.026428300
chroma,1,insert_fusionado,-,7308,0,0.027544600
chroma,1,insert_fusionado,-,7309,0,0.028913900
chroma,1,insert_fusionado,-,7310,0,0.026895700
chroma,1,insert_fusionado,-,7311,0,0.030640000
chroma,1,insert_fusionado,-,7312,0,0.029449100
chroma,1,insert_fusionado,-,7313,0,0.028272100
chroma,1,insert_fusionado,-,7314,0,0.027850600
chroma,1,insert_fusionado,-,7315,0,0.028828700
chroma,1,insert_fusionado,-,7316,0,0.029063000
chroma,1,insert_fusionado,-,7317,0,0.031487400
chroma,1,insert_fusionado,-,7318,0,0.027141300
chroma,1,insert_fusionado,-,7319,0,0.026700900
chroma,1,insert_fusionado,-,7320,0,0.029775600
chroma,1,insert_fusionado,-,7321,0,0.028195900
chroma,1,insert_fusionado,-,7322,0,0.026766600
chroma,1,insert_fusionado,-,7323,0,0.028953300
chroma,1,insert_fusionado,-,7324,0,0.027673200
chroma,1,insert_fusionado,-,7325,0,0.026323700
chroma,1,insert_fusionado,-,7326,0,0.028112300
chroma,1,insert_fusionado,-,7327,0,0.028115900
chroma,1,insert_fusionado,-,7328,0,0.027232700
chroma,1,insert_fusionado,-,7329,0,0.027101500
chroma,1,insert_fusionado,-,7330,0,0.027120500
chroma,1,insert_fusionado,-,7331,0,0.027613400
chroma,1,insert_fusionado,-,7332,0,0.028041200
chroma,1,insert_fusionado,-,7333,0,0.031761700
chroma,1,insert_fusionado,-,7334,0,0.028662600
chroma,1,insert_fusionado,-,7335,0,0.030703600
chroma,1,insert_fusionado,-,7336,0,0.030213100
chroma,1,insert_fusionado,-,7337,0,0.028267900
chroma,1,insert_fusionado,-,7338,0,0.028018900
chroma,1,insert_fusionado,-,7339,0,0.030343600
chroma,1,insert_fusionado,-,7340,0,0.027698000
chroma,1,insert_fusionado,-,7341,0,0.036006300
chroma,1,insert_fusionado,-,7342,0,0.031369300
chroma,1,insert_fusionado,-,7343,0,0.029814900
chroma,1,insert_fusionado,-,7344,0,0.037264900
chroma,1,insert_fusionado,-,7345,0,0.027148100
chroma,1,insert_fusionado,-,7346,0,0.028836700
chroma,1,insert_fusionado,-,7347,0,0.028616200
chroma,1,insert_fusionado,-,7348,0,0.028029500
chroma,1,insert_fusionado,-,7349,0,0.029065000
chroma,1,insert_fusionado,-,7350,0,0.029519200
chroma,1,insert_fusionado,-,7351,0,0.027821500
chroma,1,insert_fusionado,-,7352,0,0.028641900
chroma,1,insert_fusionado,-,7353,0,0.029724500
chroma,1,insert_fusionado,-,7354,0,0.028834900
chroma,1,insert_fusionado,-,7355,0,0.031447000
chroma,1,insert_fusionado,-,7356,0,0.029972700
chroma,1,insert_fusionado,-,7357,0,0.028366700
chroma,1,insert_fusionado,-,7358,0,0.028440900
chroma,1,insert_fusionado,-,7359,0,0.029858200
chroma,1,insert_fusionado,-,7360,0,0.028723500
chroma,1,insert_fusionado,-,7361,0,0.029899100
chroma,1,insert_fusionado,-,7362,0,0.028491200
chroma,1,insert_fusionado,-,7363,0,0.028976400
chroma,1,insert_fusionado,-,7364,0,0.027016500
chroma,1,insert_fusionado,-,7365,0,0.030005400
chroma,1,insert_fusionado,-,7366,0,0.027868300
chroma,1,insert_fusionado,-,7367,0,0.031133900
chroma,1,insert_fusionado,-,7368,0,0.029272200
chroma,1,insert_fusionado,-,7369,0,0.027113400
chroma,1,insert_fusionado,-,7370,0,0.029624000
chroma,1,insert_fusionado,-,7371,0,0.031079800
chroma,1,insert_fusionado,-,7372,0,0.026465000
chroma,1,insert_fusionado,-,7373,0,0.028906100
chroma,1,insert_fusionado,-,7374,0,0.034267300
chroma,1,insert_fusionado,-,7375,0,0.029694600
chroma,1,insert_fusionado,-,7376,0,0.030178300
chroma,1,insert_fusionado,-,7377,0,0.029400800
chroma,1,insert_fusionado,-,7378,0,0.030626100
chroma,1,insert_fusionado,-,7379,0,0.028502500
chroma,1,insert_fusionado,-,7380,0,0.030190300
chroma,1,insert_fusionado,-,7381,0,0.027855200
chroma,1,insert_fusionado,-,7382,0,0.027546600
chroma,1,insert_fusionado,-,7383,0,0.031135200
chroma,1,insert_fusionado,-,7384,0,0.029005100
chroma,1,insert_fusionado,-,7385,0,0.027498200
chroma,1,insert_fusionado,-,7386,0,0.029939200
chroma,1,insert_fusionado,-,7387,0,0.031334600
chroma,1,insert_fusionado,-,7388,0,0.028749200
chroma,1,insert_fusionado,-,7389,0,0.031222100
chroma,1,insert_fusionado,-,7390,0,0.028501900
chroma,1,insert_fusionado,-,7391,0,0.028817600
chroma,1,insert_fusionado,-,7392,0,0.029775100
chroma,1,insert_fusionado,-,7393,0,0.028148700
chroma,1,insert_fusionado,-,7394,0,0.029822700
chroma,1,insert_fusionado,-,7395,0,0.028527500
chroma,1,insert_fusionado,-,7396,0,0.030673500
chroma,1,insert_fusionado,-,7397,0,0.029013300
chroma,1,insert_fusionado,-,7398,0,0.031568700
chroma,1,insert_fusionado,-,7399,0,0.030369700
chroma,1,insert_fusionado,-,7400,0,0.027613900
chroma,1,insert_fusionado,-,7401,0,0.030597400
chroma,1,insert_fusionado,-,7402,0,0.027387900
chroma,1,insert_fusionado,-,7403,0,0.030651100
chroma,1,insert_fusionado,-,7404,0,0.027322300
chroma,1,insert_fusionado,-,7405,0,0.027470300
chroma,1,insert_fusionado,-,7406,0,0.028367200
chroma,1,insert_fusionado,-,7407,0,0.032232700
chroma,1,insert_fusionado,-,7408,0,0.027810400
chroma,1,insert_fusionado,-,7409,0,0.029976600
chroma,1,insert_fusionado,-,7410,0,0.029081200
chroma,1,insert_fusionado,-,7411,0,0.028202900
chroma,1,insert_fusionado,-,7412,0,0.028640700
chroma,1,insert_fusionado,-,7413,0,0.027874500
chroma,1,insert_fusionado,-,7414,0,0.032272700
chroma,1,insert_fusionado,-,7415,0,0.032349600
chroma,1,insert_fusionado,-,7416,0,0.029995200
chroma,1,insert_fusionado,-,7417,0,0.029232100
chroma,1,insert_fusionado,-,7418,0,0.032807600
chroma,1,insert_fusionado,-,7419,0,0.030990400
chroma,1,insert_fusionado,-,7420,0,0.027813600
chroma,1,insert_fusionado,-,7421,0,0.028851800
chroma,1,insert_fusionado,-,7422,0,0.031818300
chroma,1,insert_fusionado,-,7423,0,0.032513900
chroma,1,insert_fusionado,-,7424,0,0.031550700
chroma,1,insert_fusionado,-,7425,0,0.029544600
chroma,1,insert_fusionado,-,7426,0,0.028297400
chroma,1,insert_fusionado,-,7427,0,0.027764000
chroma,1,insert_fusionado,-,7428,0,0.028733200
chroma,1,insert_fusionado,-,7429,0,0.032619700
chroma,1,insert_fusionado,-,7430,0,0.031355000
chroma,1,insert_fusionado,-,7431,0,0.033595400
chroma,1,insert_fusionado,-,7432,0,0.036155700
chroma,1,insert_fusionado,-,7433,0,0.030898000
chroma,1,insert_fusionado,-,7434,0,0.031614100
chroma,1,insert_fusionado,-,7435,0,0.027192200
chroma,1,insert_fusionado,-,7436,0,0.027219500
chroma,1,insert_fusionado,-,7437,0,0.030773300
chroma,1,insert_fusionado,-,7438,0,0.028510800
chroma,1,insert_fusionado,-,7439,0,0.030481500
chroma,1,insert_fusionado,-,7440,0,0.031819400
chroma,1,insert_fusionado,-,7441,0,0.032056500
chroma,1,insert_fusionado,-,7442,0,0.030162100
chroma,1,insert_fusionado,-,7443,0,0.029095000
chroma,1,insert_fusionado,-,7444,0,0.028661900
chroma,1,insert_fusionado,-,7445,0,0.029995400
chroma,1,insert_fusionado,-,7446,0,0.029059200
chroma,1,insert_fusionado,-,7447,0,0.028729600
chroma,1,insert_fusionado,-,7448,0,0.032880500
chroma,1,insert_fusionado,-,7449,0,0.030686800
chroma,1,insert_fusionado,-,7450,0,0.031008100
chroma,1,insert_fusionado,-,7451,0,0.028839800
chroma,1,insert_fusionado,-,7452,0,0.029865100
chroma,1,insert_fusionado,-,7453,0,0.030532300
chroma,1,insert_fusionado,-,7454,0,0.029493000
chroma,1,insert_fusionado,-,7455,0,0.031645800
chroma,1,insert_fusionado,-,7456,0,0.028380700
chroma,1,insert_fusionado,-,7457,0,0.028615000
chroma,1,insert_fusionado,-,7458,0,0.034526100
chroma,1,insert_fusionado,-,7459,0,0.029807000
chroma,1,insert_fusionado,-,7460,0,0.030145500
chroma,1,insert_fusionado,-,7461,0,0.031318300
chroma,1,insert_fusionado,-,7462,0,0.030050800
chroma,1,insert_fusionado,-,7463,0,0.029818200
chroma,1,insert_fusionado,-,7464,0,0.027769200
chroma,1,insert_fusionado,-,7465,0,0.028386500
chroma,1,insert_fusionado,-,7466,0,0.031143700
chroma,1,insert_fusionado,-,7467,0,0.030954400
chroma,1,insert_fusionado,-,7468,0,0.029817800
chroma,1,insert_fusionado,-,7469,0,0.028997800
chroma,1,insert_fusionado,-,7470,0,0.029646800
chroma,1,insert_fusionado,-,7471,0,0.029487900
chroma,1,insert_fusionado,-,7472,0,0.028853600
chroma,1,insert_fusionado,-,7473,0,0.029118800
chroma,1,insert_fusionado,-,7474,0,0.030635000
chroma,1,insert_fusionado,-,7475,0,0.029309300
chroma,1,insert_fusionado,-,7476,0,0.029382300
chroma,1,insert_fusionado,-,7477,0,0.031022400
chroma,1,insert_fusionado,-,7478,0,0.031170800
chroma,1,insert_fusionado,-,7479,0,0.029849100
chroma,1,insert_fusionado,-,7480,0,0.028730000
chroma,1,insert_fusionado,-,7481,0,0.029442100
chroma,1,insert_fusionado,-,7482,0,0.028274600
chroma,1,insert_fusionado,-,7483,0,0.032172000
chroma,1,insert_fusionado,-,7484,0,0.031243700
chroma,1,insert_fusionado,-,7485,0,0.031109300
chroma,1,insert_fusionado,-,7486,0,0.031143700
chroma,1,insert_fusionado,-,7487,0,0.034308700
chroma,1,insert_fusionado,-,7488,0,0.029914000
chroma,1,insert_fusionado,-,7489,0,0.031752400
chroma,1,insert_fusionado,-,7490,0,0.030927300
chroma,1,insert_fusionado,-,7491,0,0.032825100
chroma,1,insert_fusionado,-,7492,0,0.028252800
chroma,1,insert_fusionado,-,7493,0,0.028996500
chroma,1,insert_fusionado,-,7494,0,0.031132800
chroma,1,insert_fusionado,-,7495,0,0.030248000
chroma,1,insert_fusionado,-,7496,0,0.031365800
chroma,1,insert_fusionado,-,7497,0,0.029237200
chroma,1,insert_fusionado,-,7498,0,0.030648800
chroma,1,insert_fusionado,-,7499,0,0.031046800
chroma,1,insert_fusionado,-,7500,0,0.030862200
chroma,1,insert_fusionado,-,7501,0,0.031236800
chroma,1,insert_fusionado,-,7502,0,0.035502900
chroma,1,insert_fusionado,-,7503,0,0.029996700
chroma,1,insert_fusionado,-,7504,0,0.033530700
chroma,1,insert_fusionado,-,7505,0,0.029795300
chroma,1,insert_fusionado,-,7506,0,0.031496000
chroma,1,insert_fusionado,-,7507,0,0.035921100
chroma,1,insert_fusionado,-,7508,0,0.032212500
chroma,1,insert_fusionado,-,7509,0,0.029528600
chroma,1,insert_fusionado,-,7510,0,0.030079000
chroma,1,insert_fusionado,-,7511,0,0.030529000
chroma,1,insert_fusionado,-,7512,0,0.031780200
chroma,1,insert_fusionado,-,7513,0,0.029088200
chroma,1,insert_fusionado,-,7514,0,0.030755100
chroma,1,insert_fusionado,-,7515,0,0.031013900
chroma,1,insert_fusionado,-,7516,0,0.033494900
chroma,1,insert_fusionado,-,7517,0,0.030923900
chroma,1,insert_fusionado,-,7518,0,0.027309200
chroma,1,insert_fusionado,-,7519,0,0.031215400
chroma,1,insert_fusionado,-,7520,0,0.029534000
chroma,1,insert_fusionado,-,7521,0,0.030424300
chroma,1,insert_fusionado,-,7522,0,0.034557600
chroma,1,insert_fusionado,-,7523,0,0.029138700
chroma,1,insert_fusionado,-,7524,0,0.030448800
chroma,1,insert_fusionado,-,7525,0,0.034215400
chroma,1,insert_fusionado,-,7526,0,0.036263500
chroma,1,insert_fusionado,-,7527,0,0.033319300
chroma,1,insert_fusionado,-,7528,0,0.031532400
chroma,1,insert_fusionado,-,7529,0,0.031060100
chroma,1,insert_fusionado,-,7530,0,0.043890200
chroma,1,insert_fusionado,-,7531,0,0.029716300
chroma,1,insert_fusionado,-,7532,0,0.033953900
chroma,1,insert_fusionado,-,7533,0,0.031529000
chroma,1,insert_fusionado,-,7534,0,0.033513100
chroma,1,insert_fusionado,-,7535,0,0.030236700
chroma,1,insert_fusionado,-,7536,0,0.029785600
chroma,1,insert_fusionado,-,7537,0,0.030032900
chroma,1,insert_fusionado,-,7538,0,0.033048700
chroma,1,insert_fusionado,-,7539,0,0.029652600
chroma,1,insert_fusionado,-,7540,0,0.032885600
chroma,1,insert_fusionado,-,7541,0,0.030250400
chroma,1,insert_fusionado,-,7542,0,0.030691700
chroma,1,insert_fusionado,-,7543,0,0.029200100
chroma,1,insert_fusionado,-,7544,0,0.029765800
chroma,1,insert_fusionado,-,7545,0,0.030548400
chroma,1,insert_fusionado,-,7546,0,0.030240600
chroma,1,insert_fusionado,-,7547,0,0.032711500
chroma,1,insert_fusionado,-,7548,0,0.029738700
chroma,1,insert_fusionado,-,7549,0,0.034340800
chroma,1,insert_fusionado,-,7550,0,0.032082200
chroma,1,insert_fusionado,-,7551,0,0.033738700
chroma,1,insert_fusionado,-,7552,0,0.033616900
chroma,1,insert_fusionado,-,7553,0,0.030569400
chroma,1,insert_fusionado,-,7554,0,0.033773600
chroma,1,insert_fusionado,-,7555,0,0.030076200
chroma,1,insert_fusionado,-,7556,0,0.028473000
chroma,1,insert_fusionado,-,7557,0,0.030604000
chroma,1,insert_fusionado,-,7558,0,0.030160900
chroma,1,insert_fusionado,-,7559,0,0.031158100
chroma,1,insert_fusionado,-,7560,0,0.036886300
chroma,1,insert_fusionado,-,7561,0,0.036615700
chroma,1,insert_fusionado,-,7562,0,0.038424700
chroma,1,insert_fusionado,-,7563,0,0.032868700
chroma,1,insert_fusionado,-,7564,0,0.034305000
chroma,1,insert_fusionado,-,7565,0,0.032761100
chroma,1,insert_fusionado,-,7566,0,0.034303000
chroma,1,insert_fusionado,-,7567,0,0.034739900
chroma,1,insert_fusionado,-,7568,0,0.034105000
chroma,1,insert_fusionado,-,7569,0,0.031021400
chroma,1,insert_fusionado,-,7570,0,0.036914500
chroma,1,insert_fusionado,-,7571,0,0.034355000
chroma,1,insert_fusionado,-,7572,0,0.033755000
chroma,1,insert_fusionado,-,7573,0,0.033940500
chroma,1,insert_fusionado,-,7574,0,0.036675100
chroma,1,insert_fusionado,-,7575,0,0.031322300
chroma,1,insert_fusionado,-,7576,0,0.033736000
chroma,1,insert_fusionado,-,7577,0,0.037188400
chroma,1,insert_fusionado,-,7578,0,0.034509400
chroma,1,insert_fusionado,-,7579,0,0.030764800
chroma,1,insert_fusionado,-,7580,0,0.035464500
chroma,1,insert_fusionado,-,7581,0,0.031673300
chroma,1,insert_fusionado,-,7582,0,0.032815500
chroma,1,insert_fusionado,-,7583,0,0.035364700
chroma,1,insert_fusionado,-,7584,0,0.032311300
chroma,1,insert_fusionado,-,7585,0,0.032791100
chroma,1,insert_fusionado,-,7586,0,0.035717700
chroma,1,insert_fusionado,-,7587,0,0.034302900
chroma,1,insert_fusionado,-,7588,0,0.033004700
chroma,1,insert_fusionado,-,7589,0,0.030751400
chroma,1,insert_fusionado,-,7590,0,0.030352800
chroma,1,insert_fusionado,-,7591,0,0.034046700
chroma,1,insert_fusionado,-,7592,0,0.033641300
chroma,1,insert_fusionado,-,7593,0,0.037283300
chroma,1,insert_fusionado,-,7594,0,0.034304700
chroma,1,insert_fusionado,-,7595,0,0.031464100
chroma,1,insert_fusionado,-,7596,0,0.036575700
chroma,1,insert_fusionado,-,7597,0,0.036095500
chroma,1,insert_fusionado,-,7598,0,0.031946900
chroma,1,insert_fusionado,-,7599,0,0.038175300
chroma,1,insert_fusionado,-,7600,0,0.035009400
chroma,1,insert_fusionado,-,7601,0,0.035044900
chroma,1,insert_fusionado,-,7602,0,0.036238000
chroma,1,insert_fusionado,-,7603,0,0.032852600
chroma,1,insert_fusionado,-,7604,0,0.033318700
chroma,1,insert_fusionado,-,7605,0,0.037381700
chroma,1,insert_fusionado,-,7606,0,0.036045700
chroma,1,insert_fusionado,-,7607,0,0.036517800
chroma,1,insert_fusionado,-,7608,0,0.035574400
chroma,1,insert_fusionado,-,7609,0,0.033470900
chroma,1,insert_fusionado,-,7610,0,0.034232200
chroma,1,insert_fusionado,-,7611,0,0.033266200
chroma,1,insert_fusionado,-,7612,0,0.030619500
chroma,1,insert_fusionado,-,7613,0,0.032819900
chroma,1,insert_fusionado,-,7614,0,0.033528000
chroma,1,insert_fusionado,-,7615,0,0.032114200
chroma,1,insert_fusionado,-,7616,0,0.033435300
chroma,1,insert_fusionado,-,7617,0,0.035313700
chroma,1,insert_fusionado,-,7618,0,0.030545600
chroma,1,insert_fusionado,-,7619,0,0.030979400
chroma,1,insert_fusionado,-,7620,0,0.030602600
chroma,1,insert_fusionado,-,7621,0,0.031724800
chroma,1,insert_fusionado,-,7622,0,0.031587300
chroma,1,insert_fusionado,-,7623,0,0.033453200
chroma,1,insert_fusionado,-,7624,0,0.030416700
chroma,1,insert_fusionado,-,7625,0,0.032105400
chroma,1,insert_fusionado,-,7626,0,0.033796800
chroma,1,insert_fusionado,-,7627,0,0.030167700
chroma,1,insert_fusionado,-,7628,0,0.030263800
chroma,1,insert_fusionado,-,7629,0,0.032487600
chroma,1,insert_fusionado,-,7630,0,0.034338400
chroma,1,insert_fusionado,-,7631,0,0.033138200
chroma,1,insert_fusionado,-,7632,0,0.030664100
chroma,1,insert_fusionado,-,7633,0,0.029042200
chroma,1,insert_fusionado,-,7634,0,0.032218600
chroma,1,insert_fusionado,-,7635,0,0.029417600
chroma,1,insert_fusionado,-,7636,0,0.030533900
chroma,1,insert_fusionado,-,7637,0,0.030355000
chroma,1,insert_fusionado,-,7638,0,0.032204200
chroma,1,insert_fusionado,-,7639,0,0.031295900
chroma,1,insert_fusionado,-,7640,0,0.030530000
chroma,1,insert_fusionado,-,7641,0,0.033089100
chroma,1,insert_fusionado,-,7642,0,0.035117700
chroma,1,insert_fusionado,-,7643,0,0.030626100
chroma,1,insert_fusionado,-,7644,0,0.033480500
chroma,1,insert_fusionado,-,7645,0,0.032670200
chroma,1,insert_fusionado,-,7646,0,0.034736500
chroma,1,insert_fusionado,-,7647,0,0.029547100
chroma,1,insert_fusionado,-,7648,0,0.031394500
chroma,1,insert_fusionado,-,7649,0,0.028558800
chroma,1,insert_fusionado,-,7650,0,0.031317600
chroma,1,insert_fusionado,-,7651,0,0.031162100
chroma,1,insert_fusionado,-,7652,0,0.030018400
chroma,1,insert_fusionado,-,7653,0,0.033995600
chroma,1,insert_fusionado,-,7654,0,0.030492700
chroma,1,insert_fusionado,-,7655,0,0.029639400
chroma,1,insert_fusionado,-,7656,0,0.031414300
chroma,1,insert_fusionado,-,7657,0,0.029908800
chroma,1,insert_fusionado,-,7658,0,0.031953300
chroma,1,insert_fusionado,-,7659,0,0.030123700
chroma,1,insert_fusionado,-,7660,0,0.030682100
chroma,1,insert_fusionado,-,7661,0,0.030218000
chroma,1,insert_fusionado,-,7662,0,0.032096100
chroma,1,insert_fusionado,-,7663,0,0.032792800
chroma,1,insert_fusionado,-,7664,0,0.034351500
chroma,1,insert_fusionado,-,7665,0,0.032790700
chroma,1,insert_fusionado,-,7666,0,0.032278200
chroma,1,insert_fusionado,-,7667,0,0.035014000
chroma,1,insert_fusionado,-,7668,0,0.035838100
chroma,1,insert_fusionado,-,7669,0,0.031356900
chroma,1,insert_fusionado,-,7670,0,0.034080300
chroma,1,insert_fusionado,-,7671,0,0.032078500
chroma,1,insert_fusionado,-,7672,0,0.032654800
chroma,1,insert_fusionado,-,7673,0,0.033884600
chroma,1,insert_fusionado,-,7674,0,0.030437600
chroma,1,insert_fusionado,-,7675,0,0.030477100
chroma,1,insert_fusionado,-,7676,0,0.030670100
chroma,1,insert_fusionado,-,7677,0,0.033862800
chroma,1,insert_fusionado,-,7678,0,0.035628000
chroma,1,insert_fusionado,-,7679,0,0.029786500
chroma,1,insert_fusionado,-,7680,0,0.032136400
chroma,1,insert_fusionado,-,7681,0,0.030448400
chroma,1,insert_fusionado,-,7682,0,0.030615000
chroma,1,insert_fusionado,-,7683,0,0.030267100
chroma,1,insert_fusionado,-,7684,0,0.028187900
chroma,1,insert_fusionado,-,7685,0,0.030228900
chroma,1,insert_fusionado,-,7686,0,0.032358200
chroma,1,insert_fusionado,-,7687,0,0.035366900
chroma,1,insert_fusionado,-,7688,0,0.033758600
chroma,1,insert_fusionado,-,7689,0,0.034425400
chroma,1,insert_fusionado,-,7690,0,0.031383900
chroma,1,insert_fusionado,-,7691,0,0.033777100
chroma,1,insert_fusionado,-,7692,0,0.031170500
chroma,1,insert_fusionado,-,7693,0,0.032261300
chroma,1,insert_fusionado,-,7694,0,0.032148100
chroma,1,insert_fusionado,-,7695,0,0.035117500
chroma,1,insert_fusionado,-,7696,0,0.032956300
chroma,1,insert_fusionado,-,7697,0,0.032795900
chroma,1,insert_fusionado,-,7698,0,0.031605300
chroma,1,insert_fusionado,-,7699,0,0.028113200
chroma,1,insert_fusionado,-,7700,0,0.032204500
chroma,1,insert_fusionado,-,7701,0,0.031618200
chroma,1,insert_fusionado,-,7702,0,0.045792700
chroma,1,insert_fusionado,-,7703,0,0.031518800
chroma,1,insert_fusionado,-,7704,0,0.029139100
chroma,1,insert_fusionado,-,7705,0,0.032386800
chroma,1,insert_fusionado,-,7706,0,0.031143500
chroma,1,insert_fusionado,-,7707,0,0.030469200
chroma,1,insert_fusionado,-,7708,0,0.034214900
chroma,1,insert_fusionado,-,7709,0,0.032031700
chroma,1,insert_fusionado,-,7710,0,0.035476000
chroma,1,insert_fusionado,-,7711,0,0.029096300
chroma,1,insert_fusionado,-,7712,0,0.032509900
chroma,1,insert_fusionado,-,7713,0,0.029930000
chroma,1,insert_fusionado,-,7714,0,0.030289700
chroma,1,insert_fusionado,-,7715,0,0.031660400
chroma,1,insert_fusionado,-,7716,0,0.034346900
chroma,1,insert_fusionado,-,7717,0,0.037636800
chroma,1,insert_fusionado,-,7718,0,0.038399700
chroma,1,insert_fusionado,-,7719,0,0.032457800
chroma,1,insert_fusionado,-,7720,0,0.030401700
chroma,1,insert_fusionado,-,7721,0,0.035683500
chroma,1,insert_fusionado,-,7722,0,0.036709000
chroma,1,insert_fusionado,-,7723,0,0.034008000
chroma,1,insert_fusionado,-,7724,0,0.032190900
chroma,1,insert_fusionado,-,7725,0,0.033537800
chroma,1,insert_fusionado,-,7726,0,0.032072600
chroma,1,insert_fusionado,-,7727,0,0.037766900
chroma,1,insert_fusionado,-,7728,0,0.033806700
chroma,1,insert_fusionado,-,7729,0,0.035879500
chroma,1,insert_fusionado,-,7730,0,0.034451000
chroma,1,insert_fusionado,-,7731,0,0.029908900
chroma,1,insert_fusionado,-,7732,0,0.034224500
chroma,1,insert_fusionado,-,7733,0,0.032087700
chroma,1,insert_fusionado,-,7734,0,0.034694200
chroma,1,insert_fusionado,-,7735,0,0.031885500
chroma,1,insert_fusionado,-,7736,0,0.031903000
chroma,1,insert_fusionado,-,7737,0,0.033038700
chroma,1,insert_fusionado,-,7738,0,0.032439800
chroma,1,insert_fusionado,-,7739,0,0.036343700
chroma,1,insert_fusionado,-,7740,0,0.033487000
chroma,1,insert_fusionado,-,7741,0,0.033338500
chroma,1,insert_fusionado,-,7742,0,0.033890300
chroma,1,insert_fusionado,-,7743,0,0.034628100
chroma,1,insert_fusionado,-,7744,0,0.031667200
chroma,1,insert_fusionado,-,7745,0,0.033797000
chroma,1,insert_fusionado,-,7746,0,0.034670500
chroma,1,insert_fusionado,-,7747,0,0.031252300
chroma,1,insert_fusionado,-,7748,0,0.030985800
chroma,1,insert_fusionado,-,7749,0,0.030658100
chroma,1,insert_fusionado,-,7750,0,0.041791400
chroma,1,insert_fusionado,-,7751,0,0.036608700
chroma,1,insert_fusionado,-,7752,0,0.034985600
chroma,1,insert_fusionado,-,7753,0,0.033568500
chroma,1,insert_fusionado,-,7754,0,0.031461400
chroma,1,insert_fusionado,-,7755,0,0.035222500
chroma,1,insert_fusionado,-,7756,0,0.031087100
chroma,1,insert_fusionado,-,7757,0,0.032479000
chroma,1,insert_fusionado,-,7758,0,0.033350100
chroma,1,insert_fusionado,-,7759,0,0.030503800
chroma,1,insert_fusionado,-,7760,0,0.035158800
chroma,1,insert_fusionado,-,7761,0,0.032289000
chroma,1,insert_fusionado,-,7762,0,0.031991300
chroma,1,insert_fusionado,-,7763,0,0.031690600
chroma,1,insert_fusionado,-,7764,0,0.034139900
chroma,1,insert_fusionado,-,7765,0,0.032368700
chroma,1,insert_fusionado,-,7766,0,0.031572900
chroma,1,insert_fusionado,-,7767,0,0.032726900
chroma,1,insert_fusionado,-,7768,0,0.031397600
chroma,1,insert_fusionado,-,7769,0,0.089322500
chroma,1,insert_fusionado,-,7770,0,0.050836400
chroma,1,insert_fusionado,-,7771,0,0.049078900
chroma,1,insert_fusionado,-,7772,0,0.033277800
chroma,1,insert_fusionado,-,7773,0,0.031158400
chroma,1,insert_fusionado,-,7774,0,0.034723100
chroma,1,insert_fusionado,-,7775,0,0.033809400
chroma,1,insert_fusionado,-,7776,0,0.030468600
chroma,1,insert_fusionado,-,7777,0,0.034683600
chroma,1,insert_fusionado,-,7778,0,0.032278400
chroma,1,insert_fusionado,-,7779,0,0.032109600
chroma,1,insert_fusionado,-,7780,0,0.030383600
chroma,1,insert_fusionado,-,7781,0,0.032878500
chroma,1,insert_fusionado,-,7782,0,0.034603900
chroma,1,insert_fusionado,-,7783,0,0.036637700
chroma,1,insert_fusionado,-,7784,0,0.035323200
chroma,1,insert_fusionado,-,7785,0,0.034392100
chroma,1,insert_fusionado,-,7786,0,0.035281700
chroma,1,insert_fusionado,-,7787,0,0.032136100
chroma,1,insert_fusionado,-,7788,0,0.030989900
chroma,1,insert_fusionado,-,7789,0,0.033267400
chroma,1,insert_fusionado,-,7790,0,0.031686600
chroma,1,insert_fusionado,-,7791,0,0.033776500
chroma,1,insert_fusionado,-,7792,0,0.033908900
chroma,1,insert_fusionado,-,7793,0,0.031088400
chroma,1,insert_fusionado,-,7794,0,0.032065300
chroma,1,insert_fusionado,-,7795,0,0.046948000
chroma,1,insert_fusionado,-,7796,0,0.037186600
chroma,1,insert_fusionado,-,7797,0,0.038322800
chroma,1,insert_fusionado,-,7798,0,0.034625000
chroma,1,insert_fusionado,-,7799,0,0.032296000
chroma,1,insert_fusionado,-,7800,0,0.037991900
chroma,1,insert_fusionado,-,7801,0,0.031844400
chroma,1,insert_fusionado,-,7802,0,0.030270300
chroma,1,insert_fusionado,-,7803,0,0.032302700
chroma,1,insert_fusionado,-,7804,0,0.033729300
chroma,1,insert_fusionado,-,7805,0,0.033225100
chroma,1,insert_fusionado,-,7806,0,0.033945700
chroma,1,insert_fusionado,-,7807,0,0.034739500
chroma,1,insert_fusionado,-,7808,0,0.036830800
chroma,1,insert_fusionado,-,7809,0,0.032632200
chroma,1,insert_fusionado,-,7810,0,0.032711400
chroma,1,insert_fusionado,-,7811,0,0.033308800
chroma,1,insert_fusionado,-,7812,0,0.033243800
chroma,1,insert_fusionado,-,7813,0,0.036377700
chroma,1,insert_fusionado,-,7814,0,0.031748100
chroma,1,insert_fusionado,-,7815,0,0.030586500
chroma,1,insert_fusionado,-,7816,0,0.030272300
chroma,1,insert_fusionado,-,7817,0,0.032434600
chroma,1,insert_fusionado,-,7818,0,0.030234600
chroma,1,insert_fusionado,-,7819,0,0.033648700
chroma,1,insert_fusionado,-,7820,0,0.030873900
chroma,1,insert_fusionado,-,7821,0,0.030788000
chroma,1,insert_fusionado,-,7822,0,0.031782900
chroma,1,insert_fusionado,-,7823,0,0.031168700
chroma,1,insert_fusionado,-,7824,0,0.032813000
chroma,1,insert_fusionado,-,7825,0,0.033623500
chroma,1,insert_fusionado,-,7826,0,0.037243600
chroma,1,insert_fusionado,-,7827,0,0.038277200
chroma,1,insert_fusionado,-,7828,0,0.030951100
chroma,1,insert_fusionado,-,7829,0,0.033154800
chroma,1,insert_fusionado,-,7830,0,0.032810800
chroma,1,insert_fusionado,-,7831,0,0.031439800
chroma,1,insert_fusionado,-,7832,0,0.034402400
chroma,1,insert_fusionado,-,7833,0,0.036663100
chroma,1,insert_fusionado,-,7834,0,0.034234000
chroma,1,insert_fusionado,-,7835,0,0.031754300
chroma,1,insert_fusionado,-,7836,0,0.031387500
chroma,1,insert_fusionado,-,7837,0,0.046552300
chroma,1,insert_fusionado,-,7838,0,0.056764700
chroma,1,insert_fusionado,-,7839,0,0.033842100
chroma,1,insert_fusionado,-,7840,0,0.032401600
chroma,1,insert_fusionado,-,7841,0,0.034143500
chroma,1,insert_fusionado,-,7842,0,0.033131800
chroma,1,insert_fusionado,-,7843,0,0.034738100
chroma,1,insert_fusionado,-,7844,0,0.033471800
chroma,1,insert_fusionado,-,7845,0,0.035129700
chroma,1,insert_fusionado,-,7846,0,0.031427400
chroma,1,insert_fusionado,-,7847,0,0.034396900
chroma,1,insert_fusionado,-,7848,0,0.031826500
chroma,1,insert_fusionado,-,7849,0,0.031953900
chroma,1,insert_fusionado,-,7850,0,0.033165400
chroma,1,insert_fusionado,-,7851,0,0.031901200
chroma,1,insert_fusionado,-,7852,0,0.032699900
chroma,1,insert_fusionado,-,7853,0,0.034493600
chroma,1,insert_fusionado,-,7854,0,0.034968500
chroma,1,insert_fusionado,-,7855,0,0.030169700
chroma,1,insert_fusionado,-,7856,0,0.040927200
chroma,1,insert_fusionado,-,7857,0,0.033936900
chroma,1,insert_fusionado,-,7858,0,0.033370500
chroma,1,insert_fusionado,-,7859,0,0.034841900
chroma,1,insert_fusionado,-,7860,0,0.034805100
chroma,1,insert_fusionado,-,7861,0,0.035671400
chroma,1,insert_fusionado,-,7862,0,0.033639700
chroma,1,insert_fusionado,-,7863,0,0.033266100
chroma,1,insert_fusionado,-,7864,0,0.035788400
chroma,1,insert_fusionado,-,7865,0,0.034579200
chroma,1,insert_fusionado,-,7866,0,0.042420600
chroma,1,insert_fusionado,-,7867,0,0.033103500
chroma,1,insert_fusionado,-,7868,0,0.035450200
chroma,1,insert_fusionado,-,7869,0,0.034803600
chroma,1,insert_fusionado,-,7870,0,0.035037600
chroma,1,insert_fusionado,-,7871,0,0.032032900
chroma,1,insert_fusionado,-,7872,0,0.035357400
chroma,1,insert_fusionado,-,7873,0,0.037143000
chroma,1,insert_fusionado,-,7874,0,0.031370600
chroma,1,insert_fusionado,-,7875,0,0.034640100
chroma,1,insert_fusionado,-,7876,0,0.032179900
chroma,1,insert_fusionado,-,7877,0,0.033375400
chroma,1,insert_fusionado,-,7878,0,0.030808700
chroma,1,insert_fusionado,-,7879,0,0.034583600
chroma,1,insert_fusionado,-,7880,0,0.036640300
chroma,1,insert_fusionado,-,7881,0,0.036025900
chroma,1,insert_fusionado,-,7882,0,0.033217300
chroma,1,insert_fusionado,-,7883,0,0.033836100
chroma,1,insert_fusionado,-,7884,0,0.034836300
chroma,1,insert_fusionado,-,7885,0,0.032985000
chroma,1,insert_fusionado,-,7886,0,0.033532900
chroma,1,insert_fusionado,-,7887,0,0.037069200
chroma,1,insert_fusionado,-,7888,0,0.036757100
chroma,1,insert_fusionado,-,7889,0,0.032796100
chroma,1,insert_fusionado,-,7890,0,0.035799800
chroma,1,insert_fusionado,-,7891,0,0.034459700
chroma,1,insert_fusionado,-,7892,0,0.038263100
chroma,1,insert_fusionado,-,7893,0,0.035108900
chroma,1,insert_fusionado,-,7894,0,0.033166300
chroma,1,insert_fusionado,-,7895,0,0.033051000
chroma,1,insert_fusionado,-,7896,0,0.036942000
chroma,1,insert_fusionado,-,7897,0,0.034782600
chroma,1,insert_fusionado,-,7898,0,0.031678000
chroma,1,insert_fusionado,-,7899,0,0.038961200
chroma,1,insert_fusionado,-,7900,0,0.034934200
chroma,1,insert_fusionado,-,7901,0,0.032432500
chroma,1,insert_fusionado,-,7902,0,0.034335600
chroma,1,insert_fusionado,-,7903,0,0.032986700
chroma,1,insert_fusionado,-,7904,0,0.035784900
chroma,1,insert_fusionado,-,7905,0,0.032571700
chroma,1,insert_fusionado,-,7906,0,0.030579800
chroma,1,insert_fusionado,-,7907,0,0.030320800
chroma,1,insert_fusionado,-,7908,0,0.036582900
chroma,1,insert_fusionado,-,7909,0,0.033797700
chroma,1,insert_fusionado,-,7910,0,0.032907000
chroma,1,insert_fusionado,-,7911,0,0.037155900
chroma,1,insert_fusionado,-,7912,0,0.033169600
chroma,1,insert_fusionado,-,7913,0,0.034282900
chroma,1,insert_fusionado,-,7914,0,0.036271200
chroma,1,insert_fusionado,-,7915,0,0.034754200
chroma,1,insert_fusionado,-,7916,0,0.033643400
chroma,1,insert_fusionado,-,7917,0,0.032843700
chroma,1,insert_fusionado,-,7918,0,0.038474800
chroma,1,insert_fusionado,-,7919,0,0.032482700
chroma,1,insert_fusionado,-,7920,0,0.033916500
chroma,1,insert_fusionado,-,7921,0,0.033818100
chroma,1,insert_fusionado,-,7922,0,0.034482500
chroma,1,insert_fusionado,-,7923,0,0.038176100
chroma,1,insert_fusionado,-,7924,0,0.035915900
chroma,1,insert_fusionado,-,7925,0,0.038086400
chroma,1,insert_fusionado,-,7926,0,0.034964100
chroma,1,insert_fusionado,-,7927,0,0.032860900
chroma,1,insert_fusionado,-,7928,0,0.033197100
chroma,1,insert_fusionado,-,7929,0,0.034017400
chroma,1,insert_fusionado,-,7930,0,0.035041700
chroma,1,insert_fusionado,-,7931,0,0.036790600
chroma,1,insert_fusionado,-,7932,0,0.032780700
chroma,1,insert_fusionado,-,7933,0,0.034715900
chroma,1,insert_fusionado,-,7934,0,0.033965100
chroma,1,insert_fusionado,-,7935,0,0.036779900
chroma,1,insert_fusionado,-,7936,0,0.036174800
chroma,1,insert_fusionado,-,7937,0,0.033762600
chroma,1,insert_fusionado,-,7938,0,0.032455700
chroma,1,insert_fusionado,-,7939,0,0.033857100
chroma,1,insert_fusionado,-,7940,0,0.032902800
chroma,1,insert_fusionado,-,7941,0,0.034112700
chroma,1,insert_fusionado,-,7942,0,0.033948700
chroma,1,insert_fusionado,-,7943,0,0.031571900
chroma,1,insert_fusionado,-,7944,0,0.031743100
chroma,1,insert_fusionado,-,7945,0,0.032299300
chroma,1,insert_fusionado,-,7946,0,0.033665700
chroma,1,insert_fusionado,-,7947,0,0.036640300
chroma,1,insert_fusionado,-,7948,0,0.033364100
chroma,1,insert_fusionado,-,7949,0,0.031855400
chroma,1,insert_fusionado,-,7950,0,0.039617700
chroma,1,insert_fusionado,-,7951,0,0.035181900
chroma,1,insert_fusionado,-,7952,0,0.032009600
chroma,1,insert_fusionado,-,7953,0,0.032637500
chroma,1,insert_fusionado,-,7954,0,0.031423000
chroma,1,insert_fusionado,-,7955,0,0.031967100
chroma,1,insert_fusionado,-,7956,0,0.033816000
chroma,1,insert_fusionado,-,7957,0,0.033632200
chroma,1,insert_fusionado,-,7958,0,0.033963800
chroma,1,insert_fusionado,-,7959,0,0.036057100
chroma,1,insert_fusionado,-,7960,0,0.039669400
chroma,1,insert_fusionado,-,7961,0,0.032849300
chroma,1,insert_fusionado,-,7962,0,0.034154000
chroma,1,insert_fusionado,-,7963,0,0.037641500
chroma,1,insert_fusionado,-,7964,0,0.034200000
chroma,1,insert_fusionado,-,7965,0,0.036490000
chroma,1,insert_fusionado,-,7966,0,0.032775200
chroma,1,insert_fusionado,-,7967,0,0.034837400
chroma,1,insert_fusionado,-,7968,0,0.031341400
chroma,1,insert_fusionado,-,7969,0,0.033317500
chroma,1,insert_fusionado,-,7970,0,0.033800000
chroma,1,insert_fusionado,-,7971,0,0.036310500
chroma,1,insert_fusionado,-,7972,0,0.037106900
chroma,1,insert_fusionado,-,7973,0,0.039955800
chroma,1,insert_fusionado,-,7974,0,0.036355700
chroma,1,insert_fusionado,-,7975,0,0.034556400
chroma,1,insert_fusionado,-,7976,0,0.036634500
chroma,1,insert_fusionado,-,7977,0,0.033702700
chroma,1,insert_fusionado,-,7978,0,0.032796900
chroma,1,insert_fusionado,-,7979,0,0.032153800
chroma,1,insert_fusionado,-,7980,0,0.036154800
chroma,1,insert_fusionado,-,7981,0,0.033630500
chroma,1,insert_fusionado,-,7982,0,0.035546200
chroma,1,insert_fusionado,-,7983,0,0.033640500
chroma,1,insert_fusionado,-,7984,0,0.032889000
chroma,1,insert_fusionado,-,7985,0,0.034417900
chroma,1,insert_fusionado,-,7986,0,0.038840400
chroma,1,insert_fusionado,-,7987,0,0.036227700
chroma,1,insert_fusionado,-,7988,0,0.033233100
chroma,1,insert_fusionado,-,7989,0,0.036776900
chroma,1,insert_fusionado,-,7990,0,0.035735900
chroma,1,insert_fusionado,-,7991,0,0.033357600
chroma,1,insert_fusionado,-,7992,0,0.033062300
chroma,1,insert_fusionado,-,7993,0,0.034197600
chroma,1,insert_fusionado,-,7994,0,0.034822200
chroma,1,insert_fusionado,-,7995,0,0.033854000
chroma,1,insert_fusionado,-,7996,0,0.038333200
chroma,1,insert_fusionado,-,7997,0,0.038945600
chroma,1,insert_fusionado,-,7998,0,0.037364800
chroma,1,insert_fusionado,-,7999,0,0.114529900
chroma,1,insert_fusionado,-,8000,0,0.028048000
chroma,1,insert_fusionado,-,8001,0,0.036963900
chroma,1,insert_fusionado,-,8002,0,0.024699400
chroma,1,insert_fusionado,-,8003,0,0.026809200
chroma,1,insert_fusionado,-,8004,0,0.027787000
chroma,1,insert_fusionado,-,8005,0,0.026487100
chroma,1,insert_fusionado,-,8006,0,0.025087600
chroma,1,insert_fusionado,-,8007,0,0.027626700
chroma,1,insert_fusionado,-,8008,0,0.024896600
chroma,1,insert_fusionado,-,8009,0,0.025149800
chroma,1,insert_fusionado,-,8010,0,0.022980400
chroma,1,insert_fusionado,-,8011,0,0.024016400
chroma,1,insert_fusionado,-,8012,0,0.026354300
chroma,1,insert_fusionado,-,8013,0,0.030374300
chroma,1,insert_fusionado,-,8014,0,0.028078900
chroma,1,insert_fusionado,-,8015,0,0.027099800
chroma,1,insert_fusionado,-,8016,0,0.025049100
chroma,1,insert_fusionado,-,8017,0,0.026260800
chroma,1,insert_fusionado,-,8018,0,0.026937000
chroma,1,insert_fusionado,-,8019,0,0.027472900
chroma,1,insert_fusionado,-,8020,0,0.024609300
chroma,1,insert_fusionado,-,8021,0,0.025454000
chroma,1,insert_fusionado,-,8022,0,0.024888400
chroma,1,insert_fusionado,-,8023,0,0.025717300
chroma,1,insert_fusionado,-,8024,0,0.025682800
chroma,1,insert_fusionado,-,8025,0,0.029694400
chroma,1,insert_fusionado,-,8026,0,0.028818200
chroma,1,insert_fusionado,-,8027,0,0.028155400
chroma,1,insert_fusionado,-,8028,0,0.028535900
chroma,1,insert_fusionado,-,8029,0,0.025647200
chroma,1,insert_fusionado,-,8030,0,0.030076900
chroma,1,insert_fusionado,-,8031,0,0.025853400
chroma,1,insert_fusionado,-,8032,0,0.025287600
chroma,1,insert_fusionado,-,8033,0,0.033771400
chroma,1,insert_fusionado,-,8034,0,0.028755300
chroma,1,insert_fusionado,-,8035,0,0.025494200
chroma,1,insert_fusionado,-,8036,0,0.026645600
chroma,1,insert_fusionado,-,8037,0,0.029789900
chroma,1,insert_fusionado,-,8038,0,0.026004400
chroma,1,insert_fusionado,-,8039,0,0.028345100
chroma,1,insert_fusionado,-,8040,0,0.025992000
chroma,1,insert_fusionado,-,8041,0,0.026734200
chroma,1,insert_fusionado,-,8042,0,0.027063800
chroma,1,insert_fusionado,-,8043,0,0.026838300
chroma,1,insert_fusionado,-,8044,0,0.025452500
chroma,1,insert_fusionado,-,8045,0,0.026076700
chroma,1,insert_fusionado,-,8046,0,0.026293700
chroma,1,insert_fusionado,-,8047,0,0.026729600
chroma,1,insert_fusionado,-,8048,0,0.024481800
chroma,1,insert_fusionado,-,8049,0,0.025252200
chroma,1,insert_fusionado,-,8050,0,0.024473000
chroma,1,insert_fusionado,-,8051,0,0.027182200
chroma,1,insert_fusionado,-,8052,0,0.025850700
chroma,1,insert_fusionado,-,8053,0,0.025840100
chroma,1,insert_fusionado,-,8054,0,0.025679300
chroma,1,insert_fusionado,-,8055,0,0.025892300
chroma,1,insert_fusionado,-,8056,0,0.027459000
chroma,1,insert_fusionado,-,8057,0,0.025503400
chroma,1,insert_fusionado,-,8058,0,0.027546000
chroma,1,insert_fusionado,-,8059,0,0.027029700
chroma,1,insert_fusionado,-,8060,0,0.026889200
chroma,1,insert_fusionado,-,8061,0,0.028232100
chroma,1,insert_fusionado,-,8062,0,0.025956100
chroma,1,insert_fusionado,-,8063,0,0.026638400
chroma,1,insert_fusionado,-,8064,0,0.025474200
chroma,1,insert_fusionado,-,8065,0,0.026512100
chroma,1,insert_fusionado,-,8066,0,0.031737400
chroma,1,insert_fusionado,-,8067,0,0.026567700
chroma,1,insert_fusionado,-,8068,0,0.029893600
chroma,1,insert_fusionado,-,8069,0,0.026500000
chroma,1,insert_fusionado,-,8070,0,0.025532200
chroma,1,insert_fusionado,-,8071,0,0.029957400
chroma,1,insert_fusionado,-,8072,0,0.027488500
chroma,1,insert_fusionado,-,8073,0,0.025754900
chroma,1,insert_fusionado,-,8074,0,0.025103700
chroma,1,insert_fusionado,-,8075,0,0.027055600
chroma,1,insert_fusionado,-,8076,0,0.025461300
chroma,1,insert_fusionado,-,8077,0,0.025979400
chroma,1,insert_fusionado,-,8078,0,0.025860300
chroma,1,insert_fusionado,-,8079,0,0.026149900
chroma,1,insert_fusionado,-,8080,0,0.027031300
chroma,1,insert_fusionado,-,8081,0,0.027730300
chroma,1,insert_fusionado,-,8082,0,0.027844100
chroma,1,insert_fusionado,-,8083,0,0.030305800
chroma,1,insert_fusionado,-,8084,0,0.028184900
chroma,1,insert_fusionado,-,8085,0,0.027115200
chroma,1,insert_fusionado,-,8086,0,0.025108400
chroma,1,insert_fusionado,-,8087,0,0.025214400
chroma,1,insert_fusionado,-,8088,0,0.027394200
chroma,1,insert_fusionado,-,8089,0,0.026272900
chroma,1,insert_fusionado,-,8090,0,0.028870200
chroma,1,insert_fusionado,-,8091,0,0.026433200
chroma,1,insert_fusionado,-,8092,0,0.025358900
chroma,1,insert_fusionado,-,8093,0,0.026014300
chroma,1,insert_fusionado,-,8094,0,0.027801300
chroma,1,insert_fusionado,-,8095,0,0.027852000
chroma,1,insert_fusionado,-,8096,0,0.028434700
chroma,1,insert_fusionado,-,8097,0,0.029207600
chroma,1,insert_fusionado,-,8098,0,0.028685400
chroma,1,insert_fusionado,-,8099,0,0.027341500
chroma,1,insert_fusionado,-,8100,0,0.025350600
chroma,1,insert_fusionado,-,8101,0,0.027509300
chroma,1,insert_fusionado,-,8102,0,0.029693400
chroma,1,insert_fusionado,-,8103,0,0.029310300
chroma,1,insert_fusionado,-,8104,0,0.029357600
chroma,1,insert_fusionado,-,8105,0,0.026550100
chroma,1,insert_fusionado,-,8106,0,0.025672900
chroma,1,insert_fusionado,-,8107,0,0.027923400
chroma,1,insert_fusionado,-,8108,0,0.029183500
chroma,1,insert_fusionado,-,8109,0,0.025196000
chroma,1,insert_fusionado,-,8110,0,0.028026800
chroma,1,insert_fusionado,-,8111,0,0.027086400
chroma,1,insert_fusionado,-,8112,0,0.029551300
chroma,1,insert_fusionado,-,8113,0,0.032567400
chroma,1,insert_fusionado,-,8114,0,0.027939800
chroma,1,insert_fusionado,-,8115,0,0.029841900
chroma,1,insert_fusionado,-,8116,0,0.026955400
chroma,1,insert_fusionado,-,8117,0,0.029024000
chroma,1,insert_fusionado,-,8118,0,0.027525500
chroma,1,insert_fusionado,-,8119,0,0.033053500
chroma,1,insert_fusionado,-,8120,0,0.027594400
chroma,1,insert_fusionado,-,8121,0,0.025751800
chroma,1,insert_fusionado,-,8122,0,0.028794700
chroma,1,insert_fusionado,-,8123,0,0.027818500
chroma,1,insert_fusionado,-,8124,0,0.025755700
chroma,1,insert_fusionado,-,8125,0,0.028656000
chroma,1,insert_fusionado,-,8126,0,0.031586100
chroma,1,insert_fusionado,-,8127,0,0.028765000
chroma,1,insert_fusionado,-,8128,0,0.026931100
chroma,1,insert_fusionado,-,8129,0,0.028730200
chroma,1,insert_fusionado,-,8130,0,0.028909500
chroma,1,insert_fusionado,-,8131,0,0.028103900
chroma,1,insert_fusionado,-,8132,0,0.027998800
chroma,1,insert_fusionado,-,8133,0,0.028264000
chroma,1,insert_fusionado,-,8134,0,0.029370000
chroma,1,insert_fusionado,-,8135,0,0.026317600
chroma,1,insert_fusionado,-,8136,0,0.031497700
chroma,1,insert_fusionado,-,8137,0,0.026134900
chroma,1,insert_fusionado,-,8138,0,0.028387500
chroma,1,insert_fusionado,-,8139,0,0.026472000
chroma,1,insert_fusionado,-,8140,0,0.024735700
chroma,1,insert_fusionado,-,8141,0,0.030185800
chroma,1,insert_fusionado,-,8142,0,0.030670100
chroma,1,insert_fusionado,-,8143,0,0.029738700
chroma,1,insert_fusionado,-,8144,0,0.031342100
chroma,1,insert_fusionado,-,8145,0,0.025341500
chroma,1,insert_fusionado,-,8146,0,0.027592400
chroma,1,insert_fusionado,-,8147,0,0.033546300
chroma,1,insert_fusionado,-,8148,0,0.042759300
chroma,1,insert_fusionado,-,8149,0,0.035242800
chroma,1,insert_fusionado,-,8150,0,0.026641200
chroma,1,insert_fusionado,-,8151,0,0.027904200
chroma,1,insert_fusionado,-,8152,0,0.026237700
chroma,1,insert_fusionado,-,8153,0,0.025349200
chroma,1,insert_fusionado,-,8154,0,0.024818100
chroma,1,insert_fusionado,-,8155,0,0.026459500
chroma,1,insert_fusionado,-,8156,0,0.028819900
chroma,1,insert_fusionado,-,8157,0,0.029687600
chroma,1,insert_fusionado,-,8158,0,0.027655900
chroma,1,insert_fusionado,-,8159,0,0.027357300
chroma,1,insert_fusionado,-,8160,0,0.026742400
chroma,1,insert_fusionado,-,8161,0,0.026855700
chroma,1,insert_fusionado,-,8162,0,0.025745900
chroma,1,insert_fusionado,-,8163,0,0.026387500
chroma,1,insert_fusionado,-,8164,0,0.024986200
chroma,1,insert_fusionado,-,8165,0,0.028117800
chroma,1,insert_fusionado,-,8166,0,0.027393600
chroma,1,insert_fusionado,-,8167,0,0.026972400
chroma,1,insert_fusionado,-,8168,0,0.029369600
chroma,1,insert_fusionado,-,8169,0,0.026280800
chroma,1,insert_fusionado,-,8170,0,0.027454900
chroma,1,insert_fusionado,-,8171,0,0.027671200
chroma,1,insert_fusionado,-,8172,0,0.027652400
chroma,1,insert_fusionado,-,8173,0,0.027742300
chroma,1,insert_fusionado,-,8174,0,0.029676400
chroma,1,insert_fusionado,-,8175,0,0.028003700
chroma,1,insert_fusionado,-,8176,0,0.027920400
chroma,1,insert_fusionado,-,8177,0,0.028846000
chroma,1,insert_fusionado,-,8178,0,0.027212600
chroma,1,insert_fusionado,-,8179,0,0.027496000
chroma,1,insert_fusionado,-,8180,0,0.029042400
chroma,1,insert_fusionado,-,8181,0,0.027184800
chroma,1,insert_fusionado,-,8182,0,0.025688800
chroma,1,insert_fusionado,-,8183,0,0.031034900
chroma,1,insert_fusionado,-,8184,0,0.034765500
chroma,1,insert_fusionado,-,8185,0,0.028819500
chroma,1,insert_fusionado,-,8186,0,0.028342800
chroma,1,insert_fusionado,-,8187,0,0.031740800
chroma,1,insert_fusionado,-,8188,0,0.028401500
chroma,1,insert_fusionado,-,8189,0,0.030751500
chroma,1,insert_fusionado,-,8190,0,0.031301900
chroma,1,insert_fusionado,-,8191,0,0.032412400
chroma,1,insert_fusionado,-,8192,0,0.033907700
chroma,1,insert_fusionado,-,8193,0,0.030051500
chroma,1,insert_fusionado,-,8194,0,0.030154900
chroma,1,insert_fusionado,-,8195,0,0.032142300
chroma,1,insert_fusionado,-,8196,0,0.034930600
chroma,1,insert_fusionado,-,8197,0,0.032747800
chroma,1,insert_fusionado,-,8198,0,0.030033800
chroma,1,insert_fusionado,-,8199,0,0.034548900
chroma,1,insert_fusionado,-,8200,0,0.032016600
chroma,1,insert_fusionado,-,8201,0,0.031976500
chroma,1,insert_fusionado,-,8202,0,0.029620400
chroma,1,insert_fusionado,-,8203,0,0.035746800
chroma,1,insert_fusionado,-,8204,0,0.032648800
chroma,1,insert_fusionado,-,8205,0,0.033879600
chroma,1,insert_fusionado,-,8206,0,0.033923500
chroma,1,insert_fusionado,-,8207,0,0.035701000
chroma,1,insert_fusionado,-,8208,0,0.032326500
chroma,1,insert_fusionado,-,8209,0,0.038427800
chroma,1,insert_fusionado,-,8210,0,0.029484800
chroma,1,insert_fusionado,-,8211,0,0.034651300
chroma,1,insert_fusionado,-,8212,0,0.032764700
chroma,1,insert_fusionado,-,8213,0,0.030263300
chroma,1,insert_fusionado,-,8214,0,0.033151500
chroma,1,insert_fusionado,-,8215,0,0.030843700
chroma,1,insert_fusionado,-,8216,0,0.032069300
chroma,1,insert_fusionado,-,8217,0,0.032866100
chroma,1,insert_fusionado,-,8218,0,0.031482600
chroma,1,insert_fusionado,-,8219,0,0.031109400
chroma,1,insert_fusionado,-,8220,0,0.029864600
chroma,1,insert_fusionado,-,8221,0,0.030439800
chroma,1,insert_fusionado,-,8222,0,0.032213900
chroma,1,insert_fusionado,-,8223,0,0.030486600
chroma,1,insert_fusionado,-,8224,0,0.032634300
chroma,1,insert_fusionado,-,8225,0,0.033741100
chroma,1,insert_fusionado,-,8226,0,0.035223900
chroma,1,insert_fusionado,-,8227,0,0.032160500
chroma,1,insert_fusionado,-,8228,0,0.031966200
chroma,1,insert_fusionado,-,8229,0,0.029401500
chroma,1,insert_fusionado,-,8230,0,0.036821800
chroma,1,insert_fusionado,-,8231,0,0.034231800
chroma,1,insert_fusionado,-,8232,0,0.032502700
chroma,1,insert_fusionado,-,8233,0,0.038310500
chroma,1,insert_fusionado,-,8234,0,0.037859200
chroma,1,insert_fusionado,-,8235,0,0.041444900
chroma,1,insert_fusionado,-,8236,0,0.037252200
chroma,1,insert_fusionado,-,8237,0,0.040859500
chroma,1,insert_fusionado,-,8238,0,0.040130600
chroma,1,insert_fusionado,-,8239,0,0.033902000
chroma,1,insert_fusionado,-,8240,0,0.035698700
chroma,1,insert_fusionado,-,8241,0,0.039705700
chroma,1,insert_fusionado,-,8242,0,0.035920000
chroma,1,insert_fusionado,-,8243,0,0.033842100
chroma,1,insert_fusionado,-,8244,0,0.038684500
chroma,1,insert_fusionado,-,8245,0,0.036167800
chroma,1,insert_fusionado,-,8246,0,0.037941300
chroma,1,insert_fusionado,-,8247,0,0.034448100
chroma,1,insert_fusionado,-,8248,0,0.028766000
chroma,1,insert_fusionado,-,8249,0,0.030721500
chroma,1,insert_fusionado,-,8250,0,0.029634500
chroma,1,insert_fusionado,-,8251,0,0.032084500
chroma,1,insert_fusionado,-,8252,0,0.032076700
chroma,1,insert_fusionado,-,8253,0,0.030387900
chroma,1,insert_fusionado,-,8254,0,0.030317100
chroma,1,insert_fusionado,-,8255,0,0.071981000
chroma,1,insert_fusionado,-,8256,0,0.029437400
chroma,1,insert_fusionado,-,8257,0,0.031396800
chroma,1,insert_fusionado,-,8258,0,0.028514900
chroma,1,insert_fusionado,-,8259,0,0.030079600
chroma,1,insert_fusionado,-,8260,0,0.032643400
chroma,1,insert_fusionado,-,8261,0,0.032189600
chroma,1,insert_fusionado,-,8262,0,0.030371900
chroma,1,insert_fusionado,-,8263,0,0.028376300
chroma,1,insert_fusionado,-,8264,0,0.032137300
chroma,1,insert_fusionado,-,8265,0,0.035713800
chroma,1,insert_fusionado,-,8266,0,0.030804300
chroma,1,insert_fusionado,-,8267,0,0.027820300
chroma,1,insert_fusionado,-,8268,0,0.030770000
chroma,1,insert_fusionado,-,8269,0,0.029564800
chroma,1,insert_fusionado,-,8270,0,0.029324500
chroma,1,insert_fusionado,-,8271,0,0.027091900
chroma,1,insert_fusionado,-,8272,0,0.028777600
chroma,1,insert_fusionado,-,8273,0,0.029812700
chroma,1,insert_fusionado,-,8274,0,0.028339400
chroma,1,insert_fusionado,-,8275,0,0.030958000
chroma,1,insert_fusionado,-,8276,0,0.028148600
chroma,1,insert_fusionado,-,8277,0,0.026775300
chroma,1,insert_fusionado,-,8278,0,0.028109200
chroma,1,insert_fusionado,-,8279,0,0.029773300
chroma,1,insert_fusionado,-,8280,0,0.031688700
chroma,1,insert_fusionado,-,8281,0,0.029312500
chroma,1,insert_fusionado,-,8282,0,0.035241700
chroma,1,insert_fusionado,-,8283,0,0.028036900
chroma,1,insert_fusionado,-,8284,0,0.028292700
chroma,1,insert_fusionado,-,8285,0,0.029532800
chroma,1,insert_fusionado,-,8286,0,0.030390500
chroma,1,insert_fusionado,-,8287,0,0.028674200
chroma,1,insert_fusionado,-,8288,0,0.028621200
chroma,1,insert_fusionado,-,8289,0,0.028669800
chroma,1,insert_fusionado,-,8290,0,0.027839200
chroma,1,insert_fusionado,-,8291,0,0.028577300
chroma,1,insert_fusionado,-,8292,0,0.029455800
chroma,1,insert_fusionado,-,8293,0,0.026413300
chroma,1,insert_fusionado,-,8294,0,0.029283800
chroma,1,insert_fusionado,-,8295,0,0.026822500
chroma,1,insert_fusionado,-,8296,0,0.026806000
chroma,1,insert_fusionado,-,8297,0,0.031951100
chroma,1,insert_fusionado,-,8298,0,0.031371600
chroma,1,insert_fusionado,-,8299,0,0.030200500
chroma,1,insert_fusionado,-,8300,0,0.030813600
chroma,1,insert_fusionado,-,8301,0,0.029295000
chroma,1,insert_fusionado,-,8302,0,0.028943600
chroma,1,insert_fusionado,-,8303,0,0.027420300
chroma,1,insert_fusionado,-,8304,0,0.028673500
chroma,1,insert_fusionado,-,8305,0,0.028280800
chroma,1,insert_fusionado,-,8306,0,0.029803500
chroma,1,insert_fusionado,-,8307,0,0.028801000
chroma,1,insert_fusionado,-,8308,0,0.028098000
chroma,1,insert_fusionado,-,8309,0,0.028546500
chroma,1,insert_fusionado,-,8310,0,0.030192600
chroma,1,insert_fusionado,-,8311,0,0.030781400
chroma,1,insert_fusionado,-,8312,0,0.027853600
chroma,1,insert_fusionado,-,8313,0,0.029263600
chroma,1,insert_fusionado,-,8314,0,0.029369300
chroma,1,insert_fusionado,-,8315,0,0.029686400
chroma,1,insert_fusionado,-,8316,0,0.029197200
chroma,1,insert_fusionado,-,8317,0,0.030325100
chroma,1,insert_fusionado,-,8318,0,0.031297300
chroma,1,insert_fusionado,-,8319,0,0.027991100
chroma,1,insert_fusionado,-,8320,0,0.026403600
chroma,1,insert_fusionado,-,8321,0,0.027341700
chroma,1,insert_fusionado,-,8322,0,0.027144400
chroma,1,insert_fusionado,-,8323,0,0.029170600
chroma,1,insert_fusionado,-,8324,0,0.026163000
chroma,1,insert_fusionado,-,8325,0,0.027737600
chroma,1,insert_fusionado,-,8326,0,0.030288300
chroma,1,insert_fusionado,-,8327,0,0.029886600
chroma,1,insert_fusionado,-,8328,0,0.029049300
chroma,1,insert_fusionado,-,8329,0,0.029101500
chroma,1,insert_fusionado,-,8330,0,0.028950900
chroma,1,insert_fusionado,-,8331,0,0.028429700
chroma,1,insert_fusionado,-,8332,0,0.028161500
chroma,1,insert_fusionado,-,8333,0,0.029560700
chroma,1,insert_fusionado,-,8334,0,0.030933700
chroma,1,insert_fusionado,-,8335,0,0.027604600
chroma,1,insert_fusionado,-,8336,0,0.029403700
chroma,1,insert_fusionado,-,8337,0,0.030437700
chroma,1,insert_fusionado,-,8338,0,0.028817900
chroma,1,insert_fusionado,-,8339,0,0.028869000
chroma,1,insert_fusionado,-,8340,0,0.029085900
chroma,1,insert_fusionado,-,8341,0,0.028520000
chroma,1,insert_fusionado,-,8342,0,0.027091300
chroma,1,insert_fusionado,-,8343,0,0.029926700
chroma,1,insert_fusionado,-,8344,0,0.030537500
chroma,1,insert_fusionado,-,8345,0,0.029933400
chroma,1,insert_fusionado,-,8346,0,0.027339700
chroma,1,insert_fusionado,-,8347,0,0.028765100
chroma,1,insert_fusionado,-,8348,0,0.026813500
chroma,1,insert_fusionado,-,8349,0,0.026526000
chroma,1,insert_fusionado,-,8350,0,0.029504600
chroma,1,insert_fusionado,-,8351,0,0.029827800
chroma,1,insert_fusionado,-,8352,0,0.026739800
chroma,1,insert_fusionado,-,8353,0,0.028384900
chroma,1,insert_fusionado,-,8354,0,0.028961200
chroma,1,insert_fusionado,-,8355,0,0.026686600
chroma,1,insert_fusionado,-,8356,0,0.030126800
chroma,1,insert_fusionado,-,8357,0,0.029758400
chroma,1,insert_fusionado,-,8358,0,0.030626300
chroma,1,insert_fusionado,-,8359,0,0.030083700
chroma,1,insert_fusionado,-,8360,0,0.029316000
chroma,1,insert_fusionado,-,8361,0,0.030680800
chroma,1,insert_fusionado,-,8362,0,0.027930300
chroma,1,insert_fusionado,-,8363,0,0.029279000
chroma,1,insert_fusionado,-,8364,0,0.028549000
chroma,1,insert_fusionado,-,8365,0,0.027846400
chroma,1,insert_fusionado,-,8366,0,0.028987100
chroma,1,insert_fusionado,-,8367,0,0.031372400
chroma,1,insert_fusionado,-,8368,0,0.027061100
chroma,1,insert_fusionado,-,8369,0,0.030249100
chroma,1,insert_fusionado,-,8370,0,0.033800700
chroma,1,insert_fusionado,-,8371,0,0.030918600
chroma,1,insert_fusionado,-,8372,0,0.031522500
chroma,1,insert_fusionado,-,8373,0,0.029493000
chroma,1,insert_fusionado,-,8374,0,0.028000700
chroma,1,insert_fusionado,-,8375,0,0.028390500
chroma,1,insert_fusionado,-,8376,0,0.030535600
chroma,1,insert_fusionado,-,8377,0,0.030851700
chroma,1,insert_fusionado,-,8378,0,0.029030600
chroma,1,insert_fusionado,-,8379,0,0.029411300
chroma,1,insert_fusionado,-,8380,0,0.029774000
chroma,1,insert_fusionado,-,8381,0,0.030385100
chroma,1,insert_fusionado,-,8382,0,0.030894500
chroma,1,insert_fusionado,-,8383,0,0.031600600
chroma,1,insert_fusionado,-,8384,0,0.028474100
chroma,1,insert_fusionado,-,8385,0,0.030478100
chroma,1,insert_fusionado,-,8386,0,0.027745000
chroma,1,insert_fusionado,-,8387,0,0.027695300
chroma,1,insert_fusionado,-,8388,0,0.029344900
chroma,1,insert_fusionado,-,8389,0,0.032499400
chroma,1,insert_fusionado,-,8390,0,0.032177800
chroma,1,insert_fusionado,-,8391,0,0.027564900
chroma,1,insert_fusionado,-,8392,0,0.029547600
chroma,1,insert_fusionado,-,8393,0,0.030665200
chroma,1,insert_fusionado,-,8394,0,0.029140700
chroma,1,insert_fusionado,-,8395,0,0.030792300
chroma,1,insert_fusionado,-,8396,0,0.028514800
chroma,1,insert_fusionado,-,8397,0,0.032139600
chroma,1,insert_fusionado,-,8398,0,0.029144900
chroma,1,insert_fusionado,-,8399,0,0.029192600
chroma,1,insert_fusionado,-,8400,0,0.031396100
chroma,1,insert_fusionado,-,8401,0,0.031332000
chroma,1,insert_fusionado,-,8402,0,0.028922700
chroma,1,insert_fusionado,-,8403,0,0.030329300
chroma,1,insert_fusionado,-,8404,0,0.029300600
chroma,1,insert_fusionado,-,8405,0,0.032920300
chroma,1,insert_fusionado,-,8406,0,0.032034400
chroma,1,insert_fusionado,-,8407,0,0.029940100
chroma,1,insert_fusionado,-,8408,0,0.028757000
chroma,1,insert_fusionado,-,8409,0,0.028448500
chroma,1,insert_fusionado,-,8410,0,0.031281900
chroma,1,insert_fusionado,-,8411,0,0.030368700
chroma,1,insert_fusionado,-,8412,0,0.030169000
chroma,1,insert_fusionado,-,8413,0,0.029924600
chroma,1,insert_fusionado,-,8414,0,0.030777900
chroma,1,insert_fusionado,-,8415,0,0.028660300
chroma,1,insert_fusionado,-,8416,0,0.032067100
chroma,1,insert_fusionado,-,8417,0,0.031049700
chroma,1,insert_fusionado,-,8418,0,0.029741600
chroma,1,insert_fusionado,-,8419,0,0.030389800
chroma,1,insert_fusionado,-,8420,0,0.031133500
chroma,1,insert_fusionado,-,8421,0,0.030482100
chroma,1,insert_fusionado,-,8422,0,0.029415600
chroma,1,insert_fusionado,-,8423,0,0.032589600
chroma,1,insert_fusionado,-,8424,0,0.027277000
chroma,1,insert_fusionado,-,8425,0,0.027765800
chroma,1,insert_fusionado,-,8426,0,0.032026300
chroma,1,insert_fusionado,-,8427,0,0.034335000
chroma,1,insert_fusionado,-,8428,0,0.029473300
chroma,1,insert_fusionado,-,8429,0,0.029278400
chroma,1,insert_fusionado,-,8430,0,0.033004100
chroma,1,insert_fusionado,-,8431,0,0.031471100
chroma,1,insert_fusionado,-,8432,0,0.030337800
chroma,1,insert_fusionado,-,8433,0,0.034990700
chroma,1,insert_fusionado,-,8434,0,0.028333600
chroma,1,insert_fusionado,-,8435,0,0.027001100
chroma,1,insert_fusionado,-,8436,0,0.028067500
chroma,1,insert_fusionado,-,8437,0,0.031588000
chroma,1,insert_fusionado,-,8438,0,0.029545700
chroma,1,insert_fusionado,-,8439,0,0.028135000
chroma,1,insert_fusionado,-,8440,0,0.029191100
chroma,1,insert_fusionado,-,8441,0,0.029431700
chroma,1,insert_fusionado,-,8442,0,0.031013100
chroma,1,insert_fusionado,-,8443,0,0.031136300
chroma,1,insert_fusionado,-,8444,0,0.030552800
chroma,1,insert_fusionado,-,8445,0,0.030965400
chroma,1,insert_fusionado,-,8446,0,0.036417200
chroma,1,insert_fusionado,-,8447,0,0.032305800
chroma,1,insert_fusionado,-,8448,0,0.029718500
chroma,1,insert_fusionado,-,8449,0,0.032608500
chroma,1,insert_fusionado,-,8450,0,0.029566000
chroma,1,insert_fusionado,-,8451,0,0.029700400
chroma,1,insert_fusionado,-,8452,0,0.030124900
chroma,1,insert_fusionado,-,8453,0,0.031467300
chroma,1,insert_fusionado,-,8454,0,0.030671300
chroma,1,insert_fusionado,-,8455,0,0.029109500
chroma,1,insert_fusionado,-,8456,0,0.031706900
chroma,1,insert_fusionado,-,8457,0,0.031041100
chroma,1,insert_fusionado,-,8458,0,0.029607200
chroma,1,insert_fusionado,-,8459,0,0.031199900
chroma,1,insert_fusionado,-,8460,0,0.035714100
chroma,1,insert_fusionado,-,8461,0,0.034808300
chroma,1,insert_fusionado,-,8462,0,0.052600100
chroma,1,insert_fusionado,-,8463,0,0.086606600
chroma,1,insert_fusionado,-,8464,0,0.035770100
chroma,1,insert_fusionado,-,8465,0,0.029589600
chroma,1,insert_fusionado,-,8466,0,0.030310000
chroma,1,insert_fusionado,-,8467,0,0.033031500
chroma,1,insert_fusionado,-,8468,0,0.032203300
chroma,1,insert_fusionado,-,8469,0,0.032914400
chroma,1,insert_fusionado,-,8470,0,0.032949100
chroma,1,insert_fusionado,-,8471,0,0.030587600
chroma,1,insert_fusionado,-,8472,0,0.031549700
chroma,1,insert_fusionado,-,8473,0,0.038039200
chroma,1,insert_fusionado,-,8474,0,0.028651100
chroma,1,insert_fusionado,-,8475,0,0.038450800
chroma,1,insert_fusionado,-,8476,0,0.031434500
chroma,1,insert_fusionado,-,8477,0,0.032629600
chroma,1,insert_fusionado,-,8478,0,0.028856900
chroma,1,insert_fusionado,-,8479,0,0.029896200
chroma,1,insert_fusionado,-,8480,0,0.027641700
chroma,1,insert_fusionado,-,8481,0,0.030569500
chroma,1,insert_fusionado,-,8482,0,0.026899500
chroma,1,insert_fusionado,-,8483,0,0.034493200
chroma,1,insert_fusionado,-,8484,0,0.031337700
chroma,1,insert_fusionado,-,8485,0,0.033011200
chroma,1,insert_fusionado,-,8486,0,0.032269600
chroma,1,insert_fusionado,-,8487,0,0.032777400
chroma,1,insert_fusionado,-,8488,0,0.034156800
chroma,1,insert_fusionado,-,8489,0,0.033274100
chroma,1,insert_fusionado,-,8490,0,0.033566900
chroma,1,insert_fusionado,-,8491,0,0.034254600
chroma,1,insert_fusionado,-,8492,0,0.033466000
chroma,1,insert_fusionado,-,8493,0,0.030790400
chroma,1,insert_fusionado,-,8494,0,0.029569900
chroma,1,insert_fusionado,-,8495,0,0.031098700
chroma,1,insert_fusionado,-,8496,0,0.031983600
chroma,1,insert_fusionado,-,8497,0,0.035934200
chroma,1,insert_fusionado,-,8498,0,0.036115600
chroma,1,insert_fusionado,-,8499,0,0.031817400
chroma,1,insert_fusionado,-,8500,0,0.032071800
chroma,1,insert_fusionado,-,8501,0,0.033188900
chroma,1,insert_fusionado,-,8502,0,0.033341400
chroma,1,insert_fusionado,-,8503,0,0.031904000
chroma,1,insert_fusionado,-,8504,0,0.031594300
chroma,1,insert_fusionado,-,8505,0,0.030850600
chroma,1,insert_fusionado,-,8506,0,0.032129500
chroma,1,insert_fusionado,-,8507,0,0.030150700
chroma,1,insert_fusionado,-,8508,0,0.031450600
chroma,1,insert_fusionado,-,8509,0,0.031177800
chroma,1,insert_fusionado,-,8510,0,0.033660900
chroma,1,insert_fusionado,-,8511,0,0.035785500
chroma,1,insert_fusionado,-,8512,0,0.034300200
chroma,1,insert_fusionado,-,8513,0,0.029194900
chroma,1,insert_fusionado,-,8514,0,0.027580200
chroma,1,insert_fusionado,-,8515,0,0.032622800
chroma,1,insert_fusionado,-,8516,0,0.029080700
chroma,1,insert_fusionado,-,8517,0,0.030589900
chroma,1,insert_fusionado,-,8518,0,0.033207600
chroma,1,insert_fusionado,-,8519,0,0.049040100
chroma,1,insert_fusionado,-,8520,0,0.033494500
chroma,1,insert_fusionado,-,8521,0,0.029695400
chroma,1,insert_fusionado,-,8522,0,0.028656100
chroma,1,insert_fusionado,-,8523,0,0.031651600
chroma,1,insert_fusionado,-,8524,0,0.034946800
chroma,1,insert_fusionado,-,8525,0,0.030985700
chroma,1,insert_fusionado,-,8526,0,0.027987900
chroma,1,insert_fusionado,-,8527,0,0.029806000
chroma,1,insert_fusionado,-,8528,0,0.031701200
chroma,1,insert_fusionado,-,8529,0,0.030779400
chroma,1,insert_fusionado,-,8530,0,0.030620600
chroma,1,insert_fusionado,-,8531,0,0.032375900
chroma,1,insert_fusionado,-,8532,0,0.029588300
chroma,1,insert_fusionado,-,8533,0,0.032421800
chroma,1,insert_fusionado,-,8534,0,0.031436400
chroma,1,insert_fusionado,-,8535,0,0.033309800
chroma,1,insert_fusionado,-,8536,0,0.033237400
chroma,1,insert_fusionado,-,8537,0,0.029471800
chroma,1,insert_fusionado,-,8538,0,0.029910900
chroma,1,insert_fusionado,-,8539,0,0.029590700
chroma,1,insert_fusionado,-,8540,0,0.027840700
chroma,1,insert_fusionado,-,8541,0,0.031327800
chroma,1,insert_fusionado,-,8542,0,0.029927600
chroma,1,insert_fusionado,-,8543,0,0.031972600
chroma,1,insert_fusionado,-,8544,0,0.033944700
chroma,1,insert_fusionado,-,8545,0,0.031621100
chroma,1,insert_fusionado,-,8546,0,0.030691700
chroma,1,insert_fusionado,-,8547,0,0.030593300
chroma,1,insert_fusionado,-,8548,0,0.032131200
chroma,1,insert_fusionado,-,8549,0,0.033575300
chroma,1,insert_fusionado,-,8550,0,0.030621500
chroma,1,insert_fusionado,-,8551,0,0.033894000
chroma,1,insert_fusionado,-,8552,0,0.029928700
chroma,1,insert_fusionado,-,8553,0,0.028281100
chroma,1,insert_fusionado,-,8554,0,0.029329300
chroma,1,insert_fusionado,-,8555,0,0.033587100
chroma,1,insert_fusionado,-,8556,0,0.032723900
chroma,1,insert_fusionado,-,8557,0,0.032511500
chroma,1,insert_fusionado,-,8558,0,0.031881200
chroma,1,insert_fusionado,-,8559,0,0.030684100
chroma,1,insert_fusionado,-,8560,0,0.027663600
chroma,1,insert_fusionado,-,8561,0,0.029251300
chroma,1,insert_fusionado,-,8562,0,0.031742900
chroma,1,insert_fusionado,-,8563,0,0.031138900
chroma,1,insert_fusionado,-,8564,0,0.031196100
chroma,1,insert_fusionado,-,8565,0,0.029105100
chroma,1,insert_fusionado,-,8566,0,0.029138000
chroma,1,insert_fusionado,-,8567,0,0.034836500
chroma,1,insert_fusionado,-,8568,0,0.033717900
chroma,1,insert_fusionado,-,8569,0,0.043803700
chroma,1,insert_fusionado,-,8570,0,0.031477500
chroma,1,insert_fusionado,-,8571,0,0.031314200
chroma,1,insert_fusionado,-,8572,0,0.029831900
chroma,1,insert_fusionado,-,8573,0,0.030126800
chroma,1,insert_fusionado,-,8574,0,0.029175300
chroma,1,insert_fusionado,-,8575,0,0.028749000
chroma,1,insert_fusionado,-,8576,0,0.027249800
chroma,1,insert_fusionado,-,8577,0,0.031339900
chroma,1,insert_fusionado,-,8578,0,0.032138400
chroma,1,insert_fusionado,-,8579,0,0.029546000
chroma,1,insert_fusionado,-,8580,0,0.033757800
chroma,1,insert_fusionado,-,8581,0,0.032762200
chroma,1,insert_fusionado,-,8582,0,0.029316700
chroma,1,insert_fusionado,-,8583,0,0.031428700
chroma,1,insert_fusionado,-,8584,0,0.029698000
chroma,1,insert_fusionado,-,8585,0,0.030569500
chroma,1,insert_fusionado,-,8586,0,0.030407300
chroma,1,insert_fusionado,-,8587,0,0.030883600
chroma,1,insert_fusionado,-,8588,0,0.028371900
chroma,1,insert_fusionado,-,8589,0,0.031064200
chroma,1,insert_fusionado,-,8590,0,0.034112300
chroma,1,insert_fusionado,-,8591,0,0.031814800
chroma,1,insert_fusionado,-,8592,0,0.031727400
chroma,1,insert_fusionado,-,8593,0,0.028060100
chroma,1,insert_fusionado,-,8594,0,0.031881800
chroma,1,insert_fusionado,-,8595,0,0.034283300
chroma,1,insert_fusionado,-,8596,0,0.030362700
chroma,1,insert_fusionado,-,8597,0,0.032156100
chroma,1,insert_fusionado,-,8598,0,0.032017000
chroma,1,insert_fusionado,-,8599,0,0.029900600
chroma,1,insert_fusionado,-,8600,0,0.028082100
chroma,1,insert_fusionado,-,8601,0,0.028004800
chroma,1,insert_fusionado,-,8602,0,0.029492700
chroma,1,insert_fusionado,-,8603,0,0.031052500
chroma,1,insert_fusionado,-,8604,0,0.030605300
chroma,1,insert_fusionado,-,8605,0,0.028798800
chroma,1,insert_fusionado,-,8606,0,0.030691900
chroma,1,insert_fusionado,-,8607,0,0.031930700
chroma,1,insert_fusionado,-,8608,0,0.030771500
chroma,1,insert_fusionado,-,8609,0,0.034612900
chroma,1,insert_fusionado,-,8610,0,0.057176600
chroma,1,insert_fusionado,-,8611,0,0.049580900
chroma,1,insert_fusionado,-,8612,0,0.032254600
chroma,1,insert_fusionado,-,8613,0,0.031050400
chroma,1,insert_fusionado,-,8614,0,0.030543700
chroma,1,insert_fusionado,-,8615,0,0.032198800
chroma,1,insert_fusionado,-,8616,0,0.030151600
chroma,1,insert_fusionado,-,8617,0,0.029586800
chroma,1,insert_fusionado,-,8618,0,0.028788400
chroma,1,insert_fusionado,-,8619,0,0.028997300
chroma,1,insert_fusionado,-,8620,0,0.030599900
chroma,1,insert_fusionado,-,8621,0,0.030329100
chroma,1,insert_fusionado,-,8622,0,0.031135700
chroma,1,insert_fusionado,-,8623,0,0.029716000
chroma,1,insert_fusionado,-,8624,0,0.030382800
chroma,1,insert_fusionado,-,8625,0,0.029449200
chroma,1,insert_fusionado,-,8626,0,0.029012500
chroma,1,insert_fusionado,-,8627,0,0.031110900
chroma,1,insert_fusionado,-,8628,0,0.033284800
chroma,1,insert_fusionado,-,8629,0,0.032250700
chroma,1,insert_fusionado,-,8630,0,0.031690600
chroma,1,insert_fusionado,-,8631,0,0.029274800
chroma,1,insert_fusionado,-,8632,0,0.033373000
chroma,1,insert_fusionado,-,8633,0,0.029681600
chroma,1,insert_fusionado,-,8634,0,0.031999500
chroma,1,insert_fusionado,-,8635,0,0.028418900
chroma,1,insert_fusionado,-,8636,0,0.029461700
chroma,1,insert_fusionado,-,8637,0,0.033137200
chroma,1,insert_fusionado,-,8638,0,0.032831700
chroma,1,insert_fusionado,-,8639,0,0.036186500
chroma,1,insert_fusionado,-,8640,0,0.032228900
chroma,1,insert_fusionado,-,8641,0,0.032081600
chroma,1,insert_fusionado,-,8642,0,0.029487600
chroma,1,insert_fusionado,-,8643,0,0.031388600
chroma,1,insert_fusionado,-,8644,0,0.031236700
chroma,1,insert_fusionado,-,8645,0,0.033002100
chroma,1,insert_fusionado,-,8646,0,0.031584100
chroma,1,insert_fusionado,-,8647,0,0.029037000
chroma,1,insert_fusionado,-,8648,0,0.028383100
chroma,1,insert_fusionado,-,8649,0,0.033477000
chroma,1,insert_fusionado,-,8650,0,0.029647300
chroma,1,insert_fusionado,-,8651,0,0.030372500
chroma,1,insert_fusionado,-,8652,0,0.032564300
chroma,1,insert_fusionado,-,8653,0,0.029525000
chroma,1,insert_fusionado,-,8654,0,0.030442100
chroma,1,insert_fusionado,-,8655,0,0.034711900
chroma,1,insert_fusionado,-,8656,0,0.031376000
chroma,1,insert_fusionado,-,8657,0,0.031629100
chroma,1,insert_fusionado,-,8658,0,0.031824800
chroma,1,insert_fusionado,-,8659,0,0.033131900
chroma,1,insert_fusionado,-,8660,0,0.031250800
chroma,1,insert_fusionado,-,8661,0,0.032446000
chroma,1,insert_fusionado,-,8662,0,0.033106500
chroma,1,insert_fusionado,-,8663,0,0.030943400
chroma,1,insert_fusionado,-,8664,0,0.031277500
chroma,1,insert_fusionado,-,8665,0,0.036879000
chroma,1,insert_fusionado,-,8666,0,0.033425500
chroma,1,insert_fusionado,-,8667,0,0.031342900
chroma,1,insert_fusionado,-,8668,0,0.030472800
chroma,1,insert_fusionado,-,8669,0,0.031136600
chroma,1,insert_fusionado,-,8670,0,0.033776900
chroma,1,insert_fusionado,-,8671,0,0.031151400
chroma,1,insert_fusionado,-,8672,0,0.034889900
chroma,1,insert_fusionado,-,8673,0,0.032259200
chroma,1,insert_fusionado,-,8674,0,0.032416200
chroma,1,insert_fusionado,-,8675,0,0.032176200
chroma,1,insert_fusionado,-,8676,0,0.033124900
chroma,1,insert_fusionado,-,8677,0,0.030494000
chroma,1,insert_fusionado,-,8678,0,0.031723200
chroma,1,insert_fusionado,-,8679,0,0.030546100
chroma,1,insert_fusionado,-,8680,0,0.029755900
chroma,1,insert_fusionado,-,8681,0,0.034057300
chroma,1,insert_fusionado,-,8682,0,0.033509700
chroma,1,insert_fusionado,-,8683,0,0.031634100
chroma,1,insert_fusionado,-,8684,0,0.032910300
chroma,1,insert_fusionado,-,8685,0,0.029955300
chroma,1,insert_fusionado,-,8686,0,0.033293400
chroma,1,insert_fusionado,-,8687,0,0.033434700
chroma,1,insert_fusionado,-,8688,0,0.030628600
chroma,1,insert_fusionado,-,8689,0,0.032019200
chroma,1,insert_fusionado,-,8690,0,0.036146400
chroma,1,insert_fusionado,-,8691,0,0.031843800
chroma,1,insert_fusionado,-,8692,0,0.031509800
chroma,1,insert_fusionado,-,8693,0,0.031081100
chroma,1,insert_fusionado,-,8694,0,0.029707400
chroma,1,insert_fusionado,-,8695,0,0.032845300
chroma,1,insert_fusionado,-,8696,0,0.030544000
chroma,1,insert_fusionado,-,8697,0,0.030074100
chroma,1,insert_fusionado,-,8698,0,0.031847700
chroma,1,insert_fusionado,-,8699,0,0.033342000
chroma,1,insert_fusionado,-,8700,0,0.028559000
chroma,1,insert_fusionado,-,8701,0,0.033289100
chroma,1,insert_fusionado,-,8702,0,0.034866900
chroma,1,insert_fusionado,-,8703,0,0.036041100
chroma,1,insert_fusionado,-,8704,0,0.030740200
chroma,1,insert_fusionado,-,8705,0,0.037494000
chroma,1,insert_fusionado,-,8706,0,0.033704300
chroma,1,insert_fusionado,-,8707,0,0.031178400
chroma,1,insert_fusionado,-,8708,0,0.032339100
chroma,1,insert_fusionado,-,8709,0,0.028607500
chroma,1,insert_fusionado,-,8710,0,0.031121800
chroma,1,insert_fusionado,-,8711,0,0.033130600
chroma,1,insert_fusionado,-,8712,0,0.032484800
chroma,1,insert_fusionado,-,8713,0,0.036891300
chroma,1,insert_fusionado,-,8714,0,0.039104100
chroma,1,insert_fusionado,-,8715,0,0.032902000
chroma,1,insert_fusionado,-,8716,0,0.030250800
chroma,1,insert_fusionado,-,8717,0,0.030845400
chroma,1,insert_fusionado,-,8718,0,0.031170700
chroma,1,insert_fusionado,-,8719,0,0.029256900
chroma,1,insert_fusionado,-,8720,0,0.032432500
chroma,1,insert_fusionado,-,8721,0,0.031096500
chroma,1,insert_fusionado,-,8722,0,0.036376300
chroma,1,insert_fusionado,-,8723,0,0.032668000
chroma,1,insert_fusionado,-,8724,0,0.031606200
chroma,1,insert_fusionado,-,8725,0,0.032268700
chroma,1,insert_fusionado,-,8726,0,0.036793800
chroma,1,insert_fusionado,-,8727,0,0.036219100
chroma,1,insert_fusionado,-,8728,0,0.031175700
chroma,1,insert_fusionado,-,8729,0,0.034374800
chroma,1,insert_fusionado,-,8730,0,0.033503000
chroma,1,insert_fusionado,-,8731,0,0.034926500
chroma,1,insert_fusionado,-,8732,0,0.032824900
chroma,1,insert_fusionado,-,8733,0,0.034028700
chroma,1,insert_fusionado,-,8734,0,0.036093500
chroma,1,insert_fusionado,-,8735,0,0.035375200
chroma,1,insert_fusionado,-,8736,0,0.036675900
chroma,1,insert_fusionado,-,8737,0,0.032920000
chroma,1,insert_fusionado,-,8738,0,0.030063000
chroma,1,insert_fusionado,-,8739,0,0.034447800
chroma,1,insert_fusionado,-,8740,0,0.031986000
chroma,1,insert_fusionado,-,8741,0,0.031956800
chroma,1,insert_fusionado,-,8742,0,0.031523900
chroma,1,insert_fusionado,-,8743,0,0.029512400
chroma,1,insert_fusionado,-,8744,0,0.032605200
chroma,1,insert_fusionado,-,8745,0,0.032443600
chroma,1,insert_fusionado,-,8746,0,0.037452600
chroma,1,insert_fusionado,-,8747,0,0.032319300
chroma,1,insert_fusionado,-,8748,0,0.032145500
chroma,1,insert_fusionado,-,8749,0,0.031973500
chroma,1,insert_fusionado,-,8750,0,0.035153000
chroma,1,insert_fusionado,-,8751,0,0.029904400
chroma,1,insert_fusionado,-,8752,0,0.032552400
chroma,1,insert_fusionado,-,8753,0,0.034218500
chroma,1,insert_fusionado,-,8754,0,0.033214100
chroma,1,insert_fusionado,-,8755,0,0.033484500
chroma,1,insert_fusionado,-,8756,0,0.035578200
chroma,1,insert_fusionado,-,8757,0,0.034895000
chroma,1,insert_fusionado,-,8758,0,0.032999400
chroma,1,insert_fusionado,-,8759,0,0.033793100
chroma,1,insert_fusionado,-,8760,0,0.031551200
chroma,1,insert_fusionado,-,8761,0,0.034321700
chroma,1,insert_fusionado,-,8762,0,0.029855300
chroma,1,insert_fusionado,-,8763,0,0.031487200
chroma,1,insert_fusionado,-,8764,0,0.034016100
chroma,1,insert_fusionado,-,8765,0,0.037079000
chroma,1,insert_fusionado,-,8766,0,0.034190300
chroma,1,insert_fusionado,-,8767,0,0.036500300
chroma,1,insert_fusionado,-,8768,0,0.029785300
chroma,1,insert_fusionado,-,8769,0,0.033502700
chroma,1,insert_fusionado,-,8770,0,0.034203100
chroma,1,insert_fusionado,-,8771,0,0.032980300
chroma,1,insert_fusionado,-,8772,0,0.032585400
chroma,1,insert_fusionado,-,8773,0,0.034128400
chroma,1,insert_fusionado,-,8774,0,0.032409000
chroma,1,insert_fusionado,-,8775,0,0.030248400
chroma,1,insert_fusionado,-,8776,0,0.033580400
chroma,1,insert_fusionado,-,8777,0,0.033748200
chroma,1,insert_fusionado,-,8778,0,0.031551100
chroma,1,insert_fusionado,-,8779,0,0.033527200
chroma,1,insert_fusionado,-,8780,0,0.032387500
chroma,1,insert_fusionado,-,8781,0,0.029621600
chroma,1,insert_fusionado,-,8782,0,0.031609300
chroma,1,insert_fusionado,-,8783,0,0.033802600
chroma,1,insert_fusionado,-,8784,0,0.033170500
chroma,1,insert_fusionado,-,8785,0,0.033012200
chroma,1,insert_fusionado,-,8786,0,0.033529600
chroma,1,insert_fusionado,-,8787,0,0.032926800
chroma,1,insert_fusionado,-,8788,0,0.032745000
chroma,1,insert_fusionado,-,8789,0,0.032771200
chroma,1,insert_fusionado,-,8790,0,0.034796200
chroma,1,insert_fusionado,-,8791,0,0.032128700
chroma,1,insert_fusionado,-,8792,0,0.034841200
chroma,1,insert_fusionado,-,8793,0,0.033446700
chroma,1,insert_fusionado,-,8794,0,0.034373200
chroma,1,insert_fusionado,-,8795,0,0.036990600
chroma,1,insert_fusionado,-,8796,0,0.032733300
chroma,1,insert_fusionado,-,8797,0,0.032926400
chroma,1,insert_fusionado,-,8798,0,0.033683700
chroma,1,insert_fusionado,-,8799,0,0.032278800
chroma,1,insert_fusionado,-,8800,0,0.030146700
chroma,1,insert_fusionado,-,8801,0,0.032037900
chroma,1,insert_fusionado,-,8802,0,0.033953500
chroma,1,insert_fusionado,-,8803,0,0.035055500
chroma,1,insert_fusionado,-,8804,0,0.031044100
chroma,1,insert_fusionado,-,8805,0,0.034916400
chroma,1,insert_fusionado,-,8806,0,0.033728500
chroma,1,insert_fusionado,-,8807,0,0.034929600
chroma,1,insert_fusionado,-,8808,0,0.034161100
chroma,1,insert_fusionado,-,8809,0,0.034159300
chroma,1,insert_fusionado,-,8810,0,0.037197400
chroma,1,insert_fusionado,-,8811,0,0.033009700
chroma,1,insert_fusionado,-,8812,0,0.036949900
chroma,1,insert_fusionado,-,8813,0,0.036307500
chroma,1,insert_fusionado,-,8814,0,0.032847400
chroma,1,insert_fusionado,-,8815,0,0.030673400
chroma,1,insert_fusionado,-,8816,0,0.033731700
chroma,1,insert_fusionado,-,8817,0,0.035627200
chroma,1,insert_fusionado,-,8818,0,0.034583900
chroma,1,insert_fusionado,-,8819,0,0.033204500
chroma,1,insert_fusionado,-,8820,0,0.034405100
chroma,1,insert_fusionado,-,8821,0,0.033591200
chroma,1,insert_fusionado,-,8822,0,0.034855300
chroma,1,insert_fusionado,-,8823,0,0.034721700
chroma,1,insert_fusionado,-,8824,0,0.032700900
chroma,1,insert_fusionado,-,8825,0,0.033176400
chroma,1,insert_fusionado,-,8826,0,0.033100100
chroma,1,insert_fusionado,-,8827,0,0.030384300
chroma,1,insert_fusionado,-,8828,0,0.030545500
chroma,1,insert_fusionado,-,8829,0,0.033457000
chroma,1,insert_fusionado,-,8830,0,0.034771300
chroma,1,insert_fusionado,-,8831,0,0.034875300
chroma,1,insert_fusionado,-,8832,0,0.032565200
chroma,1,insert_fusionado,-,8833,0,0.033351500
chroma,1,insert_fusionado,-,8834,0,0.032562600
chroma,1,insert_fusionado,-,8835,0,0.033618500
chroma,1,insert_fusionado,-,8836,0,0.035720500
chroma,1,insert_fusionado,-,8837,0,0.031035600
chroma,1,insert_fusionado,-,8838,0,0.033433200
chroma,1,insert_fusionado,-,8839,0,0.033989900
chroma,1,insert_fusionado,-,8840,0,0.033006400
chroma,1,insert_fusionado,-,8841,0,0.032860300
chroma,1,insert_fusionado,-,8842,0,0.034746000
chroma,1,insert_fusionado,-,8843,0,0.035562300
chroma,1,insert_fusionado,-,8844,0,0.029571500
chroma,1,insert_fusionado,-,8845,0,0.033275400
chroma,1,insert_fusionado,-,8846,0,0.036805600
chroma,1,insert_fusionado,-,8847,0,0.033837400
chroma,1,insert_fusionado,-,8848,0,0.032300900
chroma,1,insert_fusionado,-,8849,0,0.030118500
chroma,1,insert_fusionado,-,8850,0,0.031043700
chroma,1,insert_fusionado,-,8851,0,0.032826600
chroma,1,insert_fusionado,-,8852,0,0.032274800
chroma,1,insert_fusionado,-,8853,0,0.035894600
chroma,1,insert_fusionado,-,8854,0,0.033593700
chroma,1,insert_fusionado,-,8855,0,0.031881600
chroma,1,insert_fusionado,-,8856,0,0.035857800
chroma,1,insert_fusionado,-,8857,0,0.032302000
chroma,1,insert_fusionado,-,8858,0,0.033133900
chroma,1,insert_fusionado,-,8859,0,0.033491200
chroma,1,insert_fusionado,-,8860,0,0.030683600
chroma,1,insert_fusionado,-,8861,0,0.033968700
chroma,1,insert_fusionado,-,8862,0,0.034899700
chroma,1,insert_fusionado,-,8863,0,0.037804000
chroma,1,insert_fusionado,-,8864,0,0.031156000
chroma,1,insert_fusionado,-,8865,0,0.036310400
chroma,1,insert_fusionado,-,8866,0,0.034389800
chroma,1,insert_fusionado,-,8867,0,0.029784500
chroma,1,insert_fusionado,-,8868,0,0.035290900
chroma,1,insert_fusionado,-,8869,0,0.034006900
chroma,1,insert_fusionado,-,8870,0,0.032014100
chroma,1,insert_fusionado,-,8871,0,0.034645300
chroma,1,insert_fusionado,-,8872,0,0.033678500
chroma,1,insert_fusionado,-,8873,0,0.035743700
chroma,1,insert_fusionado,-,8874,0,0.033587300
chroma,1,insert_fusionado,-,8875,0,0.042049800
chroma,1,insert_fusionado,-,8876,0,0.035480800
chroma,1,insert_fusionado,-,8877,0,0.035735900
chroma,1,insert_fusionado,-,8878,0,0.033341900
chroma,1,insert_fusionado,-,8879,0,0.030909100
chroma,1,insert_fusionado,-,8880,0,0.035011900
chroma,1,insert_fusionado,-,8881,0,0.034024400
chroma,1,insert_fusionado,-,8882,0,0.033204700
chroma,1,insert_fusionado,-,8883,0,0.031332200
chroma,1,insert_fusionado,-,8884,0,0.030504000
chroma,1,insert_fusionado,-,8885,0,0.031556300
chroma,1,insert_fusionado,-,8886,0,0.031764500
chroma,1,insert_fusionado,-,8887,0,0.032893600
chroma,1,insert_fusionado,-,8888,0,0.030128000
chroma,1,insert_fusionado,-,8889,0,0.034181900
chroma,1,insert_fusionado,-,8890,0,0.034419800
chroma,1,insert_fusionado,-,8891,0,0.034738600
chroma,1,insert_fusionado,-,8892,0,0.034395100
chroma,1,insert_fusionado,-,8893,0,0.035124800
chroma,1,insert_fusionado,-,8894,0,0.033459200
chroma,1,insert_fusionado,-,8895,0,0.031857500
chroma,1,insert_fusionado,-,8896,0,0.034161600
chroma,1,insert_fusionado,-,8897,0,0.034330500
chroma,1,insert_fusionado,-,8898,0,0.033941700
chroma,1,insert_fusionado,-,8899,0,0.033830900
chroma,1,insert_fusionado,-,8900,0,0.037891300
chroma,1,insert_fusionado,-,8901,0,0.034950700
chroma,1,insert_fusionado,-,8902,0,0.033878500
chroma,1,insert_fusionado,-,8903,0,0.032884200
chroma,1,insert_fusionado,-,8904,0,0.035081300
chroma,1,insert_fusionado,-,8905,0,0.036868400
chroma,1,insert_fusionado,-,8906,0,0.035992200
chroma,1,insert_fusionado,-,8907,0,0.035481200
chroma,1,insert_fusionado,-,8908,0,0.034342100
chroma,1,insert_fusionado,-,8909,0,0.031400000
chroma,1,insert_fusionado,-,8910,0,0.033620000
chroma,1,insert_fusionado,-,8911,0,0.031974300
chroma,1,insert_fusionado,-,8912,0,0.033385000
chroma,1,insert_fusionado,-,8913,0,0.031417700
chroma,1,insert_fusionado,-,8914,0,0.033390800
chroma,1,insert_fusionado,-,8915,0,0.035647400
chroma,1,insert_fusionado,-,8916,0,0.031910600
chroma,1,insert_fusionado,-,8917,0,0.034611200
chroma,1,insert_fusionado,-,8918,0,0.034020700
chroma,1,insert_fusionado,-,8919,0,0.034380200
chroma,1,insert_fusionado,-,8920,0,0.033886900
chroma,1,insert_fusionado,-,8921,0,0.032644300
chroma,1,insert_fusionado,-,8922,0,0.035226100
chroma,1,insert_fusionado,-,8923,0,0.038561800
chroma,1,insert_fusionado,-,8924,0,0.034668600
chroma,1,insert_fusionado,-,8925,0,0.038430300
chroma,1,insert_fusionado,-,8926,0,0.036998500
chroma,1,insert_fusionado,-,8927,0,0.033543500
chroma,1,insert_fusionado,-,8928,0,0.034733900
chroma,1,insert_fusionado,-,8929,0,0.034672400
chroma,1,insert_fusionado,-,8930,0,0.035995300
chroma,1,insert_fusionado,-,8931,0,0.035889300
chroma,1,insert_fusionado,-,8932,0,0.034934700
chroma,1,insert_fusionado,-,8933,0,0.034881700
chroma,1,insert_fusionado,-,8934,0,0.035681200
chroma,1,insert_fusionado,-,8935,0,0.036786000
chroma,1,insert_fusionado,-,8936,0,0.034108400
chroma,1,insert_fusionado,-,8937,0,0.034221500
chroma,1,insert_fusionado,-,8938,0,0.035524400
chroma,1,insert_fusionado,-,8939,0,0.035596900
chroma,1,insert_fusionado,-,8940,0,0.029403000
chroma,1,insert_fusionado,-,8941,0,0.033999000
chroma,1,insert_fusionado,-,8942,0,0.109617900
chroma,1,insert_fusionado,-,8943,0,0.033830800
chroma,1,insert_fusionado,-,8944,0,0.033217500
chroma,1,insert_fusionado,-,8945,0,0.035297400
chroma,1,insert_fusionado,-,8946,0,0.037402900
chroma,1,insert_fusionado,-,8947,0,0.038610700
chroma,1,insert_fusionado,-,8948,0,0.033370700
chroma,1,insert_fusionado,-,8949,0,0.036995300
chroma,1,insert_fusionado,-,8950,0,0.035764000
chroma,1,insert_fusionado,-,8951,0,0.036364000
chroma,1,insert_fusionado,-,8952,0,0.036648800
chroma,1,insert_fusionado,-,8953,0,0.036631400
chroma,1,insert_fusionado,-,8954,0,0.030929300
chroma,1,insert_fusionado,-,8955,0,0.034189400
chroma,1,insert_fusionado,-,8956,0,0.035575100
chroma,1,insert_fusionado,-,8957,0,0.033273100
chroma,1,insert_fusionado,-,8958,0,0.035385100
chroma,1,insert_fusionado,-,8959,0,0.032714700
chroma,1,insert_fusionado,-,8960,0,0.036517700
chroma,1,insert_fusionado,-,8961,0,0.033840900
chroma,1,insert_fusionado,-,8962,0,0.034146500
chroma,1,insert_fusionado,-,8963,0,0.032523800
chroma,1,insert_fusionado,-,8964,0,0.035408600
chroma,1,insert_fusionado,-,8965,0,0.035367600
chroma,1,insert_fusionado,-,8966,0,0.033626300
chroma,1,insert_fusionado,-,8967,0,0.034155500
chroma,1,insert_fusionado,-,8968,0,0.036988100
chroma,1,insert_fusionado,-,8969,0,0.035546300
chroma,1,insert_fusionado,-,8970,0,0.032524400
chroma,1,insert_fusionado,-,8971,0,0.035627900
chroma,1,insert_fusionado,-,8972,0,0.036290800
chroma,1,insert_fusionado,-,8973,0,0.036075200
chroma,1,insert_fusionado,-,8974,0,0.034556800
chroma,1,insert_fusionado,-,8975,0,0.036196000
chroma,1,insert_fusionado,-,8976,0,0.031090600
chroma,1,insert_fusionado,-,8977,0,0.032176400
chroma,1,insert_fusionado,-,8978,0,0.030315200
chroma,1,insert_fusionado,-,8979,0,0.035385800
chroma,1,insert_fusionado,-,8980,0,0.035575300
chroma,1,insert_fusionado,-,8981,0,0.033659000
chroma,1,insert_fusionado,-,8982,0,0.033721200
chroma,1,insert_fusionado,-,8983,0,0.035863400
chroma,1,insert_fusionado,-,8984,0,0.033399500
chroma,1,insert_fusionado,-,8985,0,0.032105700
chroma,1,insert_fusionado,-,8986,0,0.033647900
chroma,1,insert_fusionado,-,8987,0,0.035000400
chroma,1,insert_fusionado,-,8988,0,0.030741800
chroma,1,insert_fusionado,-,8989,0,0.032202200
chroma,1,insert_fusionado,-,8990,0,0.031261600
chroma,1,insert_fusionado,-,8991,0,0.033747600
chroma,1,insert_fusionado,-,8992,0,0.034771400
chroma,1,insert_fusionado,-,8993,0,0.034182200
chroma,1,insert_fusionado,-,8994,0,0.033742100
chroma,1,insert_fusionado,-,8995,0,0.034388400
chroma,1,insert_fusionado,-,8996,0,0.031881400
chroma,1,insert_fusionado,-,8997,0,0.037524900
chroma,1,insert_fusionado,-,8998,0,0.036657000
chroma,1,insert_fusionado,-,8999,0,0.133351100
chroma,1,insert_fusionado,-,9000,0,0.025977800
chroma,1,insert_fusionado,-,9001,0,0.027787800
chroma,1,insert_fusionado,-,9002,0,0.024523900
chroma,1,insert_fusionado,-,9003,0,0.026429000
chroma,1,insert_fusionado,-,9004,0,0.028513600
chroma,1,insert_fusionado,-,9005,0,0.027420500
chroma,1,insert_fusionado,-,9006,0,0.025346800
chroma,1,insert_fusionado,-,9007,0,0.026538500
chroma,1,insert_fusionado,-,9008,0,0.027609900
chroma,1,insert_fusionado,-,9009,0,0.026370700
chroma,1,insert_fusionado,-,9010,0,0.024585100
chroma,1,insert_fusionado,-,9011,0,0.032994400
chroma,1,insert_fusionado,-,9012,0,0.028293500
chroma,1,insert_fusionado,-,9013,0,0.027323500
chroma,1,insert_fusionado,-,9014,0,0.025953700
chroma,1,insert_fusionado,-,9015,0,0.029635800
chroma,1,insert_fusionado,-,9016,0,0.025116600
chroma,1,insert_fusionado,-,9017,0,0.024149000
chroma,1,insert_fusionado,-,9018,0,0.024500600
chroma,1,insert_fusionado,-,9019,0,0.024368900
chroma,1,insert_fusionado,-,9020,0,0.026960100
chroma,1,insert_fusionado,-,9021,0,0.041720400
chroma,1,insert_fusionado,-,9022,0,0.026713100
chroma,1,insert_fusionado,-,9023,0,0.030614200
chroma,1,insert_fusionado,-,9024,0,0.028862400
chroma,1,insert_fusionado,-,9025,0,0.029699300
chroma,1,insert_fusionado,-,9026,0,0.028623100
chroma,1,insert_fusionado,-,9027,0,0.026672300
chroma,1,insert_fusionado,-,9028,0,0.027095400
chroma,1,insert_fusionado,-,9029,0,0.025104200
chroma,1,insert_fusionado,-,9030,0,0.025613400
chroma,1,insert_fusionado,-,9031,0,0.025363700
chroma,1,insert_fusionado,-,9032,0,0.025633800
chroma,1,insert_fusionado,-,9033,0,0.027139600
chroma,1,insert_fusionado,-,9034,0,0.025129700
chroma,1,insert_fusionado,-,9035,0,0.024012900
chroma,1,insert_fusionado,-,9036,0,0.026160900
chroma,1,insert_fusionado,-,9037,0,0.027686200
chroma,1,insert_fusionado,-,9038,0,0.026934500
chroma,1,insert_fusionado,-,9039,0,0.029149300
chroma,1,insert_fusionado,-,9040,0,0.026261200
chroma,1,insert_fusionado,-,9041,0,0.025866600
chroma,1,insert_fusionado,-,9042,0,0.025806800
chroma,1,insert_fusionado,-,9043,0,0.024299400
chroma,1,insert_fusionado,-,9044,0,0.025112900
chroma,1,insert_fusionado,-,9045,0,0.029391100
chroma,1,insert_fusionado,-,9046,0,0.024951700
chroma,1,insert_fusionado,-,9047,0,0.026172400
chroma,1,insert_fusionado,-,9048,0,0.028721900
chroma,1,insert_fusionado,-,9049,0,0.024399400
chroma,1,insert_fusionado,-,9050,0,0.025003300
chroma,1,insert_fusionado,-,9051,0,0.023411700
chroma,1,insert_fusionado,-,9052,0,0.025464400
chroma,1,insert_fusionado,-,9053,0,0.026075600
chroma,1,insert_fusionado,-,9054,0,0.027966000
chroma,1,insert_fusionado,-,9055,0,0.025577200
chroma,1,insert_fusionado,-,9056,0,0.026980600
chroma,1,insert_fusionado,-,9057,0,0.032085900
chroma,1,insert_fusionado,-,9058,0,0.026629000
chroma,1,insert_fusionado,-,9059,0,0.025373500
chroma,1,insert_fusionado,-,9060,0,0.025254000
chroma,1,insert_fusionado,-,9061,0,0.025759200
chroma,1,insert_fusionado,-,9062,0,0.025292900
chroma,1,insert_fusionado,-,9063,0,0.024751800
chroma,1,insert_fusionado,-,9064,0,0.028684500
chroma,1,insert_fusionado,-,9065,0,0.026433200
chroma,1,insert_fusionado,-,9066,0,0.026416100
chroma,1,insert_fusionado,-,9067,0,0.026807500
chroma,1,insert_fusionado,-,9068,0,0.026804900
chroma,1,insert_fusionado,-,9069,0,0.033007700
chroma,1,insert_fusionado,-,9070,0,0.029058700
chroma,1,insert_fusionado,-,9071,0,0.025198900
chroma,1,insert_fusionado,-,9072,0,0.024929900
chroma,1,insert_fusionado,-,9073,0,0.027427800
chroma,1,insert_fusionado,-,9074,0,0.026068400
chroma,1,insert_fusionado,-,9075,0,0.023362300
chroma,1,insert_fusionado,-,9076,0,0.026444600
chroma,1,insert_fusionado,-,9077,0,0.031829200
chroma,1,insert_fusionado,-,9078,0,0.024083400
chroma,1,insert_fusionado,-,9079,0,0.026197000
chroma,1,insert_fusionado,-,9080,0,0.025047700
chroma,1,insert_fusionado,-,9081,0,0.024864200
chroma,1,insert_fusionado,-,9082,0,0.024734100
chroma,1,insert_fusionado,-,9083,0,0.025496000
chroma,1,insert_fusionado,-,9084,0,0.025289300
chroma,1,insert_fusionado,-,9085,0,0.026809800
chroma,1,insert_fusionado,-,9086,0,0.028557500
chroma,1,insert_fusionado,-,9087,0,0.029146600
chroma,1,insert_fusionado,-,9088,0,0.026144100
chroma,1,insert_fusionado,-,9089,0,0.025899400
chroma,1,insert_fusionado,-,9090,0,0.028020800
chroma,1,insert_fusionado,-,9091,0,0.026780500
chroma,1,insert_fusionado,-,9092,0,0.027236800
chroma,1,insert_fusionado,-,9093,0,0.034212100
chroma,1,insert_fusionado,-,9094,0,0.025619500
chroma,1,insert_fusionado,-,9095,0,0.025189800
chroma,1,insert_fusionado,-,9096,0,0.028503400
chroma,1,insert_fusionado,-,9097,0,0.025068700
chroma,1,insert_fusionado,-,9098,0,0.026137000
chroma,1,insert_fusionado,-,9099,0,0.028822200
chroma,1,insert_fusionado,-,9100,0,0.025998400
chroma,1,insert_fusionado,-,9101,0,0.026371500
chroma,1,insert_fusionado,-,9102,0,0.028449800
chroma,1,insert_fusionado,-,9103,0,0.026474400
chroma,1,insert_fusionado,-,9104,0,0.027074100
chroma,1,insert_fusionado,-,9105,0,0.030282100
chroma,1,insert_fusionado,-,9106,0,0.025345000
chroma,1,insert_fusionado,-,9107,0,0.025375200
chroma,1,insert_fusionado,-,9108,0,0.024921600
chroma,1,insert_fusionado,-,9109,0,0.025062100
chroma,1,insert_fusionado,-,9110,0,0.025351100
chroma,1,insert_fusionado,-,9111,0,0.028696900
chroma,1,insert_fusionado,-,9112,0,0.025466200
chroma,1,insert_fusionado,-,9113,0,0.030436200
chroma,1,insert_fusionado,-,9114,0,0.026447500
chroma,1,insert_fusionado,-,9115,0,0.027684100
chroma,1,insert_fusionado,-,9116,0,0.025545900
chroma,1,insert_fusionado,-,9117,0,0.027401300
chroma,1,insert_fusionado,-,9118,0,0.026626600
chroma,1,insert_fusionado,-,9119,0,0.027338500
chroma,1,insert_fusionado,-,9120,0,0.026206600
chroma,1,insert_fusionado,-,9121,0,0.027190600
chroma,1,insert_fusionado,-,9122,0,0.032247800
chroma,1,insert_fusionado,-,9123,0,0.030952400
chroma,1,insert_fusionado,-,9124,0,0.028651300
chroma,1,insert_fusionado,-,9125,0,0.034013600
chroma,1,insert_fusionado,-,9126,0,0.028078700
chroma,1,insert_fusionado,-,9127,0,0.026632600
chroma,1,insert_fusionado,-,9128,0,0.026903300
chroma,1,insert_fusionado,-,9129,0,0.026920600
chroma,1,insert_fusionado,-,9130,0,0.028854300
chroma,1,insert_fusionado,-,9131,0,0.026519300
chroma,1,insert_fusionado,-,9132,0,0.025617100
chroma,1,insert_fusionado,-,9133,0,0.026670200
chroma,1,insert_fusionado,-,9134,0,0.028279700
chroma,1,insert_fusionado,-,9135,0,0.028064500
chroma,1,insert_fusionado,-,9136,0,0.025546500
chroma,1,insert_fusionado,-,9137,0,0.031786200
chroma,1,insert_fusionado,-,9138,0,0.024889400
chroma,1,insert_fusionado,-,9139,0,0.031783800
chroma,1,insert_fusionado,-,9140,0,0.029616000
chroma,1,insert_fusionado,-,9141,0,0.027519600
chroma,1,insert_fusionado,-,9142,0,0.029073600
chroma,1,insert_fusionado,-,9143,0,0.028517600
chroma,1,insert_fusionado,-,9144,0,0.027845600
chroma,1,insert_fusionado,-,9145,0,0.026455100
chroma,1,insert_fusionado,-,9146,0,0.026433600
chroma,1,insert_fusionado,-,9147,0,0.028047200
chroma,1,insert_fusionado,-,9148,0,0.028149300
chroma,1,insert_fusionado,-,9149,0,0.028129200
chroma,1,insert_fusionado,-,9150,0,0.027844500
chroma,1,insert_fusionado,-,9151,0,0.026444900
chroma,1,insert_fusionado,-,9152,0,0.027125300
chroma,1,insert_fusionado,-,9153,0,0.029232000
chroma,1,insert_fusionado,-,9154,0,0.030153700
chroma,1,insert_fusionado,-,9155,0,0.028099600
chroma,1,insert_fusionado,-,9156,0,0.026967200
chroma,1,insert_fusionado,-,9157,0,0.026476200
chroma,1,insert_fusionado,-,9158,0,0.028560100
chroma,1,insert_fusionado,-,9159,0,0.025979500
chroma,1,insert_fusionado,-,9160,0,0.025758200
chroma,1,insert_fusionado,-,9161,0,0.026743100
chroma,1,insert_fusionado,-,9162,0,0.026571100
chroma,1,insert_fusionado,-,9163,0,0.026032800
chroma,1,insert_fusionado,-,9164,0,0.025782600
chroma,1,insert_fusionado,-,9165,0,0.034652300
chroma,1,insert_fusionado,-,9166,0,0.028570300
chroma,1,insert_fusionado,-,9167,0,0.027561100
chroma,1,insert_fusionado,-,9168,0,0.025852200
chroma,1,insert_fusionado,-,9169,0,0.025285100
chroma,1,insert_fusionado,-,9170,0,0.027927200
chroma,1,insert_fusionado,-,9171,0,0.025614400
chroma,1,insert_fusionado,-,9172,0,0.025742600
chroma,1,insert_fusionado,-,9173,0,0.027167600
chroma,1,insert_fusionado,-,9174,0,0.026172900
chroma,1,insert_fusionado,-,9175,0,0.025797200
chroma,1,insert_fusionado,-,9176,0,0.033286100
chroma,1,insert_fusionado,-,9177,0,0.028677100
chroma,1,insert_fusionado,-,9178,0,0.028622300
chroma,1,insert_fusionado,-,9179,0,0.027952600
chroma,1,insert_fusionado,-,9180,0,0.031464800
chroma,1,insert_fusionado,-,9181,0,0.028839400
chroma,1,insert_fusionado,-,9182,0,0.029516900
chroma,1,insert_fusionado,-,9183,0,0.026304600
chroma,1,insert_fusionado,-,9184,0,0.026047800
chroma,1,insert_fusionado,-,9185,0,0.026443400
chroma,1,insert_fusionado,-,9186,0,0.027157900
chroma,1,insert_fusionado,-,9187,0,0.031657800
chroma,1,insert_fusionado,-,9188,0,0.031345600
chroma,1,insert_fusionado,-,9189,0,0.029972600
chroma,1,insert_fusionado,-,9190,0,0.030252400
chroma,1,insert_fusionado,-,9191,0,0.033061500
chroma,1,insert_fusionado,-,9192,0,0.029979700
chroma,1,insert_fusionado,-,9193,0,0.026979300
chroma,1,insert_fusionado,-,9194,0,0.031786100
chroma,1,insert_fusionado,-,9195,0,0.029672200
chroma,1,insert_fusionado,-,9196,0,0.025705500
chroma,1,insert_fusionado,-,9197,0,0.027397500
chroma,1,insert_fusionado,-,9198,0,0.030291200
chroma,1,insert_fusionado,-,9199,0,0.026256400
chroma,1,insert_fusionado,-,9200,0,0.026379200
chroma,1,insert_fusionado,-,9201,0,0.032394300
chroma,1,insert_fusionado,-,9202,0,0.029840600
chroma,1,insert_fusionado,-,9203,0,0.040747600
chroma,1,insert_fusionado,-,9204,0,0.026010300
chroma,1,insert_fusionado,-,9205,0,0.027958000
chroma,1,insert_fusionado,-,9206,0,0.028694100
chroma,1,insert_fusionado,-,9207,0,0.026206900
chroma,1,insert_fusionado,-,9208,0,0.028586900
chroma,1,insert_fusionado,-,9209,0,0.027714800
chroma,1,insert_fusionado,-,9210,0,0.032521300
chroma,1,insert_fusionado,-,9211,0,0.026539100
chroma,1,insert_fusionado,-,9212,0,0.028589200
chroma,1,insert_fusionado,-,9213,0,0.028857000
chroma,1,insert_fusionado,-,9214,0,0.030011100
chroma,1,insert_fusionado,-,9215,0,0.028165500
chroma,1,insert_fusionado,-,9216,0,0.025953600
chroma,1,insert_fusionado,-,9217,0,0.031598400
chroma,1,insert_fusionado,-,9218,0,0.027996200
chroma,1,insert_fusionado,-,9219,0,0.026183400
chroma,1,insert_fusionado,-,9220,0,0.024613400
chroma,1,insert_fusionado,-,9221,0,0.030066800
chroma,1,insert_fusionado,-,9222,0,0.028563100
chroma,1,insert_fusionado,-,9223,0,0.030861400
chroma,1,insert_fusionado,-,9224,0,0.026799300
chroma,1,insert_fusionado,-,9225,0,0.027779100
chroma,1,insert_fusionado,-,9226,0,0.031956900
chroma,1,insert_fusionado,-,9227,0,0.028830400
chroma,1,insert_fusionado,-,9228,0,0.027963700
chroma,1,insert_fusionado,-,9229,0,0.027949000
chroma,1,insert_fusionado,-,9230,0,0.028329900
chroma,1,insert_fusionado,-,9231,0,0.028589300
chroma,1,insert_fusionado,-,9232,0,0.029246100
chroma,1,insert_fusionado,-,9233,0,0.026307700
chroma,1,insert_fusionado,-,9234,0,0.028555600
chroma,1,insert_fusionado,-,9235,0,0.028328500
chroma,1,insert_fusionado,-,9236,0,0.028356600
chroma,1,insert_fusionado,-,9237,0,0.029641000
chroma,1,insert_fusionado,-,9238,0,0.028434400
chroma,1,insert_fusionado,-,9239,0,0.026731100
chroma,1,insert_fusionado,-,9240,0,0.028470600
chroma,1,insert_fusionado,-,9241,0,0.027549900
chroma,1,insert_fusionado,-,9242,0,0.026816400
chroma,1,insert_fusionado,-,9243,0,0.026521000
chroma,1,insert_fusionado,-,9244,0,0.025542200
chroma,1,insert_fusionado,-,9245,0,0.028129200
chroma,1,insert_fusionado,-,9246,0,0.030546200
chroma,1,insert_fusionado,-,9247,0,0.027839600
chroma,1,insert_fusionado,-,9248,0,0.043526200
chroma,1,insert_fusionado,-,9249,0,0.028894900
chroma,1,insert_fusionado,-,9250,0,0.026567300
chroma,1,insert_fusionado,-,9251,0,0.027281200
chroma,1,insert_fusionado,-,9252,0,0.026745300
chroma,1,insert_fusionado,-,9253,0,0.027272800
chroma,1,insert_fusionado,-,9254,0,0.026139800
chroma,1,insert_fusionado,-,9255,0,0.097014400
chroma,1,insert_fusionado,-,9256,0,0.042468600
chroma,1,insert_fusionado,-,9257,0,0.029533100
chroma,1,insert_fusionado,-,9258,0,0.027697400
chroma,1,insert_fusionado,-,9259,0,0.027587400
chroma,1,insert_fusionado,-,9260,0,0.027768600
chroma,1,insert_fusionado,-,9261,0,0.028901000
chroma,1,insert_fusionado,-,9262,0,0.028067200
chroma,1,insert_fusionado,-,9263,0,0.027793800
chroma,1,insert_fusionado,-,9264,0,0.028507000
chroma,1,insert_fusionado,-,9265,0,0.028146900
chroma,1,insert_fusionado,-,9266,0,0.029792600
chroma,1,insert_fusionado,-,9267,0,0.026840000
chroma,1,insert_fusionado,-,9268,0,0.026809900
chroma,1,insert_fusionado,-,9269,0,0.026838700
chroma,1,insert_fusionado,-,9270,0,0.027177100
chroma,1,insert_fusionado,-,9271,0,0.029728100
chroma,1,insert_fusionado,-,9272,0,0.029545700
chroma,1,insert_fusionado,-,9273,0,0.027560200
chroma,1,insert_fusionado,-,9274,0,0.027665300
chroma,1,insert_fusionado,-,9275,0,0.028558300
chroma,1,insert_fusionado,-,9276,0,0.028007200
chroma,1,insert_fusionado,-,9277,0,0.026884800
chroma,1,insert_fusionado,-,9278,0,0.030031300
chroma,1,insert_fusionado,-,9279,0,0.038463500
chroma,1,insert_fusionado,-,9280,0,0.031122200
chroma,1,insert_fusionado,-,9281,0,0.028116800
chroma,1,insert_fusionado,-,9282,0,0.029976200
chroma,1,insert_fusionado,-,9283,0,0.025930300
chroma,1,insert_fusionado,-,9284,0,0.028699200
chroma,1,insert_fusionado,-,9285,0,0.030536700
chroma,1,insert_fusionado,-,9286,0,0.027454600
chroma,1,insert_fusionado,-,9287,0,0.027865200
chroma,1,insert_fusionado,-,9288,0,0.025884600
chroma,1,insert_fusionado,-,9289,0,0.029820400
chroma,1,insert_fusionado,-,9290,0,0.028811500
chroma,1,insert_fusionado,-,9291,0,0.030654000
chroma,1,insert_fusionado,-,9292,0,0.026963300
chroma,1,insert_fusionado,-,9293,0,0.027020600
chroma,1,insert_fusionado,-,9294,0,0.029303700
chroma,1,insert_fusionado,-,9295,0,0.029365100
chroma,1,insert_fusionado,-,9296,0,0.030712500
chroma,1,insert_fusionado,-,9297,0,0.029797600
chroma,1,insert_fusionado,-,9298,0,0.030401100
chroma,1,insert_fusionado,-,9299,0,0.032012300
chroma,1,insert_fusionado,-,9300,0,0.029516800
chroma,1,insert_fusionado,-,9301,0,0.029728700
chroma,1,insert_fusionado,-,9302,0,0.026875400
chroma,1,insert_fusionado,-,9303,0,0.029471500
chroma,1,insert_fusionado,-,9304,0,0.027943500
chroma,1,insert_fusionado,-,9305,0,0.028465700
chroma,1,insert_fusionado,-,9306,0,0.027414700
chroma,1,insert_fusionado,-,9307,0,0.029382000
chroma,1,insert_fusionado,-,9308,0,0.026890700
chroma,1,insert_fusionado,-,9309,0,0.029379000
chroma,1,insert_fusionado,-,9310,0,0.028929300
chroma,1,insert_fusionado,-,9311,0,0.026822700
chroma,1,insert_fusionado,-,9312,0,0.028212600
chroma,1,insert_fusionado,-,9313,0,0.033963600
chroma,1,insert_fusionado,-,9314,0,0.029902900
chroma,1,insert_fusionado,-,9315,0,0.034411800
chroma,1,insert_fusionado,-,9316,0,0.028975900
chroma,1,insert_fusionado,-,9317,0,0.029331100
chroma,1,insert_fusionado,-,9318,0,0.029026400
chroma,1,insert_fusionado,-,9319,0,0.028410100
chroma,1,insert_fusionado,-,9320,0,0.028022300
chroma,1,insert_fusionado,-,9321,0,0.028530300
chroma,1,insert_fusionado,-,9322,0,0.026998700
chroma,1,insert_fusionado,-,9323,0,0.030394100
chroma,1,insert_fusionado,-,9324,0,0.028365600
chroma,1,insert_fusionado,-,9325,0,0.029635600
chroma,1,insert_fusionado,-,9326,0,0.030580400
chroma,1,insert_fusionado,-,9327,0,0.033775300
chroma,1,insert_fusionado,-,9328,0,0.030625900
chroma,1,insert_fusionado,-,9329,0,0.028086500
chroma,1,insert_fusionado,-,9330,0,0.027420900
chroma,1,insert_fusionado,-,9331,0,0.031050600
chroma,1,insert_fusionado,-,9332,0,0.032299800
chroma,1,insert_fusionado,-,9333,0,0.027928100
chroma,1,insert_fusionado,-,9334,0,0.027545200
chroma,1,insert_fusionado,-,9335,0,0.028763100
chroma,1,insert_fusionado,-,9336,0,0.029007200
chroma,1,insert_fusionado,-,9337,0,0.027832300
chroma,1,insert_fusionado,-,9338,0,0.029139400
chroma,1,insert_fusionado,-,9339,0,0.029832800
chroma,1,insert_fusionado,-,9340,0,0.026506700
chroma,1,insert_fusionado,-,9341,0,0.027202400
chroma,1,insert_fusionado,-,9342,0,0.030874900
chroma,1,insert_fusionado,-,9343,0,0.031873900
chroma,1,insert_fusionado,-,9344,0,0.028710000
chroma,1,insert_fusionado,-,9345,0,0.028005000
chroma,1,insert_fusionado,-,9346,0,0.030917900
chroma,1,insert_fusionado,-,9347,0,0.029793600
chroma,1,insert_fusionado,-,9348,0,0.028888600
chroma,1,insert_fusionado,-,9349,0,0.028181900
chroma,1,insert_fusionado,-,9350,0,0.030373700
chroma,1,insert_fusionado,-,9351,0,0.032049000
chroma,1,insert_fusionado,-,9352,0,0.030661900
chroma,1,insert_fusionado,-,9353,0,0.029901800
chroma,1,insert_fusionado,-,9354,0,0.027398800
chroma,1,insert_fusionado,-,9355,0,0.029907300
chroma,1,insert_fusionado,-,9356,0,0.028351600
chroma,1,insert_fusionado,-,9357,0,0.030527500
chroma,1,insert_fusionado,-,9358,0,0.028017600
chroma,1,insert_fusionado,-,9359,0,0.029176100
chroma,1,insert_fusionado,-,9360,0,0.027359000
chroma,1,insert_fusionado,-,9361,0,0.028283400
chroma,1,insert_fusionado,-,9362,0,0.026661900
chroma,1,insert_fusionado,-,9363,0,0.027628100
chroma,1,insert_fusionado,-,9364,0,0.030676700
chroma,1,insert_fusionado,-,9365,0,0.031398400
chroma,1,insert_fusionado,-,9366,0,0.029725000
chroma,1,insert_fusionado,-,9367,0,0.034338700
chroma,1,insert_fusionado,-,9368,0,0.034790600
chroma,1,insert_fusionado,-,9369,0,0.027239500
chroma,1,insert_fusionado,-,9370,0,0.030979700
chroma,1,insert_fusionado,-,9371,0,0.027701800
chroma,1,insert_fusionado,-,9372,0,0.029469800
chroma,1,insert_fusionado,-,9373,0,0.026483100
chroma,1,insert_fusionado,-,9374,0,0.028467400
chroma,1,insert_fusionado,-,9375,0,0.028648400
chroma,1,insert_fusionado,-,9376,0,0.032328900
chroma,1,insert_fusionado,-,9377,0,0.027940800
chroma,1,insert_fusionado,-,9378,0,0.027759700
chroma,1,insert_fusionado,-,9379,0,0.029146300
chroma,1,insert_fusionado,-,9380,0,0.026995700
chroma,1,insert_fusionado,-,9381,0,0.030943100
chroma,1,insert_fusionado,-,9382,0,0.028116300
chroma,1,insert_fusionado,-,9383,0,0.032808100
chroma,1,insert_fusionado,-,9384,0,0.034173700
chroma,1,insert_fusionado,-,9385,0,0.031997200
chroma,1,insert_fusionado,-,9386,0,0.029907200
chroma,1,insert_fusionado,-,9387,0,0.032211100
chroma,1,insert_fusionado,-,9388,0,0.032900300
chroma,1,insert_fusionado,-,9389,0,0.030944900
chroma,1,insert_fusionado,-,9390,0,0.031260200
chroma,1,insert_fusionado,-,9391,0,0.028508700
chroma,1,insert_fusionado,-,9392,0,0.029624700
chroma,1,insert_fusionado,-,9393,0,0.042599200
chroma,1,insert_fusionado,-,9394,0,0.028240900
chroma,1,insert_fusionado,-,9395,0,0.028385700
chroma,1,insert_fusionado,-,9396,0,0.032428700
chroma,1,insert_fusionado,-,9397,0,0.030505700
chroma,1,insert_fusionado,-,9398,0,0.031616400
chroma,1,insert_fusionado,-,9399,0,0.028032500
chroma,1,insert_fusionado,-,9400,0,0.028811000
chroma,1,insert_fusionado,-,9401,0,0.028703000
chroma,1,insert_fusionado,-,9402,0,0.032468500
chroma,1,insert_fusionado,-,9403,0,0.028789200
chroma,1,insert_fusionado,-,9404,0,0.027280100
chroma,1,insert_fusionado,-,9405,0,0.030202000
chroma,1,insert_fusionado,-,9406,0,0.028182600
chroma,1,insert_fusionado,-,9407,0,0.031935900
chroma,1,insert_fusionado,-,9408,0,0.031686000
chroma,1,insert_fusionado,-,9409,0,0.029693300
chroma,1,insert_fusionado,-,9410,0,0.031820000
chroma,1,insert_fusionado,-,9411,0,0.032457400
chroma,1,insert_fusionado,-,9412,0,0.030058300
chroma,1,insert_fusionado,-,9413,0,0.030665100
chroma,1,insert_fusionado,-,9414,0,0.027798000
chroma,1,insert_fusionado,-,9415,0,0.027965700
chroma,1,insert_fusionado,-,9416,0,0.030713800
chroma,1,insert_fusionado,-,9417,0,0.027729000
chroma,1,insert_fusionado,-,9418,0,0.032127500
chroma,1,insert_fusionado,-,9419,0,0.031099500
chroma,1,insert_fusionado,-,9420,0,0.033550900
chroma,1,insert_fusionado,-,9421,0,0.034049400
chroma,1,insert_fusionado,-,9422,0,0.028841700
chroma,1,insert_fusionado,-,9423,0,0.030085200
chroma,1,insert_fusionado,-,9424,0,0.030044700
chroma,1,insert_fusionado,-,9425,0,0.028136800
chroma,1,insert_fusionado,-,9426,0,0.034002700
chroma,1,insert_fusionado,-,9427,0,0.031000400
chroma,1,insert_fusionado,-,9428,0,0.029788400
chroma,1,insert_fusionado,-,9429,0,0.030300200
chroma,1,insert_fusionado,-,9430,0,0.030300900
chroma,1,insert_fusionado,-,9431,0,0.027752600
chroma,1,insert_fusionado,-,9432,0,0.031060300
chroma,1,insert_fusionado,-,9433,0,0.032082500
chroma,1,insert_fusionado,-,9434,0,0.028470000
chroma,1,insert_fusionado,-,9435,0,0.032359900
chroma,1,insert_fusionado,-,9436,0,0.030775900
chroma,1,insert_fusionado,-,9437,0,0.031463800
chroma,1,insert_fusionado,-,9438,0,0.030915100
chroma,1,insert_fusionado,-,9439,0,0.027811200
chroma,1,insert_fusionado,-,9440,0,0.029380200
chroma,1,insert_fusionado,-,9441,0,0.030636500
chroma,1,insert_fusionado,-,9442,0,0.030091900
chroma,1,insert_fusionado,-,9443,0,0.029084500
chroma,1,insert_fusionado,-,9444,0,0.030657600
chroma,1,insert_fusionado,-,9445,0,0.028992300
chroma,1,insert_fusionado,-,9446,0,0.029334100
chroma,1,insert_fusionado,-,9447,0,0.030828900
chroma,1,insert_fusionado,-,9448,0,0.030868400
chroma,1,insert_fusionado,-,9449,0,0.028526000
chroma,1,insert_fusionado,-,9450,0,0.028383700
chroma,1,insert_fusionado,-,9451,0,0.029878700
chroma,1,insert_fusionado,-,9452,0,0.032665100
chroma,1,insert_fusionado,-,9453,0,0.027739400
chroma,1,insert_fusionado,-,9454,0,0.028771300
chroma,1,insert_fusionado,-,9455,0,0.028364900
chroma,1,insert_fusionado,-,9456,0,0.027230300
chroma,1,insert_fusionado,-,9457,0,0.028644500
chroma,1,insert_fusionado,-,9458,0,0.029986500
chroma,1,insert_fusionado,-,9459,0,0.029622600
chroma,1,insert_fusionado,-,9460,0,0.026780100
chroma,1,insert_fusionado,-,9461,0,0.029432600
chroma,1,insert_fusionado,-,9462,0,0.025691500
chroma,1,insert_fusionado,-,9463,0,0.027560300
chroma,1,insert_fusionado,-,9464,0,0.029398100
chroma,1,insert_fusionado,-,9465,0,0.029330200
chroma,1,insert_fusionado,-,9466,0,0.031468200
chroma,1,insert_fusionado,-,9467,0,0.028754400
chroma,1,insert_fusionado,-,9468,0,0.030430300
chroma,1,insert_fusionado,-,9469,0,0.030577400
chroma,1,insert_fusionado,-,9470,0,0.035084700
chroma,1,insert_fusionado,-,9471,0,0.032445400
chroma,1,insert_fusionado,-,9472,0,0.030557700
chroma,1,insert_fusionado,-,9473,0,0.032414100
chroma,1,insert_fusionado,-,9474,0,0.030706400
chroma,1,insert_fusionado,-,9475,0,0.029616500
chroma,1,insert_fusionado,-,9476,0,0.030129700
chroma,1,insert_fusionado,-,9477,0,0.028418800
chroma,1,insert_fusionado,-,9478,0,0.028824000
chroma,1,insert_fusionado,-,9479,0,0.031567200
chroma,1,insert_fusionado,-,9480,0,0.031094600
chroma,1,insert_fusionado,-,9481,0,0.029964200
chroma,1,insert_fusionado,-,9482,0,0.031845300
chroma,1,insert_fusionado,-,9483,0,0.031113800
chroma,1,insert_fusionado,-,9484,0,0.029171100
chroma,1,insert_fusionado,-,9485,0,0.029130400
chroma,1,insert_fusionado,-,9486,0,0.032940400
chroma,1,insert_fusionado,-,9487,0,0.031189500
chroma,1,insert_fusionado,-,9488,0,0.034277600
chroma,1,insert_fusionado,-,9489,0,0.029768400
chroma,1,insert_fusionado,-,9490,0,0.030906700
chroma,1,insert_fusionado,-,9491,0,0.030940900
chroma,1,insert_fusionado,-,9492,0,0.030527500
chroma,1,insert_fusionado,-,9493,0,0.030226200
chroma,1,insert_fusionado,-,9494,0,0.033375200
chroma,1,insert_fusionado,-,9495,0,0.034701500
chroma,1,insert_fusionado,-,9496,0,0.033136200
chroma,1,insert_fusionado,-,9497,0,0.030719400
chroma,1,insert_fusionado,-,9498,0,0.031828200
chroma,1,insert_fusionado,-,9499,0,0.030724500
chroma,1,insert_fusionado,-,9500,0,0.029942500
chroma,1,insert_fusionado,-,9501,0,0.031530500
chroma,1,insert_fusionado,-,9502,0,0.036105100
chroma,1,insert_fusionado,-,9503,0,0.031765200
chroma,1,insert_fusionado,-,9504,0,0.029340700
chroma,1,insert_fusionado,-,9505,0,0.031553500
chroma,1,insert_fusionado,-,9506,0,0.031002500
chroma,1,insert_fusionado,-,9507,0,0.031817400
chroma,1,insert_fusionado,-,9508,0,0.031566900
chroma,1,insert_fusionado,-,9509,0,0.030037100
chroma,1,insert_fusionado,-,9510,0,0.030429500
chroma,1,insert_fusionado,-,9511,0,0.031440100
chroma,1,insert_fusionado,-,9512,0,0.033479100
chroma,1,insert_fusionado,-,9513,0,0.031005500
chroma,1,insert_fusionado,-,9514,0,0.032444600
chroma,1,insert_fusionado,-,9515,0,0.031052900
chroma,1,insert_fusionado,-,9516,0,0.031202100
chroma,1,insert_fusionado,-,9517,0,0.030079300
chroma,1,insert_fusionado,-,9518,0,0.030872300
chroma,1,insert_fusionado,-,9519,0,0.029419500
chroma,1,insert_fusionado,-,9520,0,0.029985500
chroma,1,insert_fusionado,-,9521,0,0.028409900
chroma,1,insert_fusionado,-,9522,0,0.034165200
chroma,1,insert_fusionado,-,9523,0,0.029983600
chroma,1,insert_fusionado,-,9524,0,0.031589400
chroma,1,insert_fusionado,-,9525,0,0.029372800
chroma,1,insert_fusionado,-,9526,0,0.031584200
chroma,1,insert_fusionado,-,9527,0,0.029796700
chroma,1,insert_fusionado,-,9528,0,0.028187200
chroma,1,insert_fusionado,-,9529,0,0.029554600
chroma,1,insert_fusionado,-,9530,0,0.031059700
chroma,1,insert_fusionado,-,9531,0,0.031570100
chroma,1,insert_fusionado,-,9532,0,0.031841500
chroma,1,insert_fusionado,-,9533,0,0.031137800
chroma,1,insert_fusionado,-,9534,0,0.032482200
chroma,1,insert_fusionado,-,9535,0,0.033560600
chroma,1,insert_fusionado,-,9536,0,0.029733600
chroma,1,insert_fusionado,-,9537,0,0.029021100
chroma,1,insert_fusionado,-,9538,0,0.027974800
chroma,1,insert_fusionado,-,9539,0,0.028338800
chroma,1,insert_fusionado,-,9540,0,0.032682700
chroma,1,insert_fusionado,-,9541,0,0.032350900
chroma,1,insert_fusionado,-,9542,0,0.030032900
chroma,1,insert_fusionado,-,9543,0,0.031787300
chroma,1,insert_fusionado,-,9544,0,0.029645500
chroma,1,insert_fusionado,-,9545,0,0.034486100
chroma,1,insert_fusionado,-,9546,0,0.028093200
chroma,1,insert_fusionado,-,9547,0,0.028953900
chroma,1,insert_fusionado,-,9548,0,0.031151200
chroma,1,insert_fusionado,-,9549,0,0.028417600
chroma,1,insert_fusionado,-,9550,0,0.030951900
chroma,1,insert_fusionado,-,9551,0,0.031191900
chroma,1,insert_fusionado,-,9552,0,0.032080500
chroma,1,insert_fusionado,-,9553,0,0.027598100
chroma,1,insert_fusionado,-,9554,0,0.028791100
chroma,1,insert_fusionado,-,9555,0,0.029121000
chroma,1,insert_fusionado,-,9556,0,0.029526300
chroma,1,insert_fusionado,-,9557,0,0.030217200
chroma,1,insert_fusionado,-,9558,0,0.032140300
chroma,1,insert_fusionado,-,9559,0,0.032424800
chroma,1,insert_fusionado,-,9560,0,0.030449500
chroma,1,insert_fusionado,-,9561,0,0.034251800
chroma,1,insert_fusionado,-,9562,0,0.032146700
chroma,1,insert_fusionado,-,9563,0,0.032438500
chroma,1,insert_fusionado,-,9564,0,0.030953400
chroma,1,insert_fusionado,-,9565,0,0.030034700
chroma,1,insert_fusionado,-,9566,0,0.030288800
chroma,1,insert_fusionado,-,9567,0,0.032047100
chroma,1,insert_fusionado,-,9568,0,0.033808300
chroma,1,insert_fusionado,-,9569,0,0.030085100
chroma,1,insert_fusionado,-,9570,0,0.028761100
chroma,1,insert_fusionado,-,9571,0,0.034406700
chroma,1,insert_fusionado,-,9572,0,0.035032300
chroma,1,insert_fusionado,-,9573,0,0.029625600
chroma,1,insert_fusionado,-,9574,0,0.029820500
chroma,1,insert_fusionado,-,9575,0,0.032182700
chroma,1,insert_fusionado,-,9576,0,0.032140700
chroma,1,insert_fusionado,-,9577,0,0.037592300
chroma,1,insert_fusionado,-,9578,0,0.030562100
chroma,1,insert_fusionado,-,9579,0,0.034290800
chroma,1,insert_fusionado,-,9580,0,0.029527100
chroma,1,insert_fusionado,-,9581,0,0.029712200
chroma,1,insert_fusionado,-,9582,0,0.032947200
chroma,1,insert_fusionado,-,9583,0,0.029384900
chroma,1,insert_fusionado,-,9584,0,0.029498400
chroma,1,insert_fusionado,-,9585,0,0.029727200
chroma,1,insert_fusionado,-,9586,0,0.033026000
chroma,1,insert_fusionado,-,9587,0,0.031097500
chroma,1,insert_fusionado,-,9588,0,0.030997000
chroma,1,insert_fusionado,-,9589,0,0.030411900
chroma,1,insert_fusionado,-,9590,0,0.032053800
chroma,1,insert_fusionado,-,9591,0,0.029357100
chroma,1,insert_fusionado,-,9592,0,0.029597200
chroma,1,insert_fusionado,-,9593,0,0.032325500
chroma,1,insert_fusionado,-,9594,0,0.033827200
chroma,1,insert_fusionado,-,9595,0,0.030444000
chroma,1,insert_fusionado,-,9596,0,0.029395000
chroma,1,insert_fusionado,-,9597,0,0.030624500
chroma,1,insert_fusionado,-,9598,0,0.033768800
chroma,1,insert_fusionado,-,9599,0,0.031004600
chroma,1,insert_fusionado,-,9600,0,0.030813500
chroma,1,insert_fusionado,-,9601,0,0.032183300
chroma,1,insert_fusionado,-,9602,0,0.032807600
chroma,1,insert_fusionado,-,9603,0,0.032247500
chroma,1,insert_fusionado,-,9604,0,0.033684200
chroma,1,insert_fusionado,-,9605,0,0.030948900
chroma,1,insert_fusionado,-,9606,0,0.028460500
chroma,1,insert_fusionado,-,9607,0,0.030157000
chroma,1,insert_fusionado,-,9608,0,0.031259700
chroma,1,insert_fusionado,-,9609,0,0.032993400
chroma,1,insert_fusionado,-,9610,0,0.027696800
chroma,1,insert_fusionado,-,9611,0,0.028330100
chroma,1,insert_fusionado,-,9612,0,0.035023700
chroma,1,insert_fusionado,-,9613,0,0.033827200
chroma,1,insert_fusionado,-,9614,0,0.032182400
chroma,1,insert_fusionado,-,9615,0,0.031698300
chroma,1,insert_fusionado,-,9616,0,0.031228300
chroma,1,insert_fusionado,-,9617,0,0.030105500
chroma,1,insert_fusionado,-,9618,0,0.033309100
chroma,1,insert_fusionado,-,9619,0,0.033322400
chroma,1,insert_fusionado,-,9620,0,0.031372000
chroma,1,insert_fusionado,-,9621,0,0.030013200
chroma,1,insert_fusionado,-,9622,0,0.033252600
chroma,1,insert_fusionado,-,9623,0,0.029687100
chroma,1,insert_fusionado,-,9624,0,0.032355700
chroma,1,insert_fusionado,-,9625,0,0.032866400
chroma,1,insert_fusionado,-,9626,0,0.032469600
chroma,1,insert_fusionado,-,9627,0,0.032328300
chroma,1,insert_fusionado,-,9628,0,0.035861000
chroma,1,insert_fusionado,-,9629,0,0.031924900
chroma,1,insert_fusionado,-,9630,0,0.033683800
chroma,1,insert_fusionado,-,9631,0,0.033881500
chroma,1,insert_fusionado,-,9632,0,0.030731500
chroma,1,insert_fusionado,-,9633,0,0.031727600
chroma,1,insert_fusionado,-,9634,0,0.031439800
chroma,1,insert_fusionado,-,9635,0,0.031481600
chroma,1,insert_fusionado,-,9636,0,0.031953300
chroma,1,insert_fusionado,-,9637,0,0.029966500
chroma,1,insert_fusionado,-,9638,0,0.036390400
chroma,1,insert_fusionado,-,9639,0,0.034032800
chroma,1,insert_fusionado,-,9640,0,0.036812000
chroma,1,insert_fusionado,-,9641,0,0.034981400
chroma,1,insert_fusionado,-,9642,0,0.031819200
chroma,1,insert_fusionado,-,9643,0,0.033328200
chroma,1,insert_fusionado,-,9644,0,0.029339800
chroma,1,insert_fusionado,-,9645,0,0.032311300
chroma,1,insert_fusionado,-,9646,0,0.032267200
chroma,1,insert_fusionado,-,9647,0,0.031105900
chroma,1,insert_fusionado,-,9648,0,0.029285200
chroma,1,insert_fusionado,-,9649,0,0.030028800
chroma,1,insert_fusionado,-,9650,0,0.030692400
chroma,1,insert_fusionado,-,9651,0,0.030029000
chroma,1,insert_fusionado,-,9652,0,0.034172300
chroma,1,insert_fusionado,-,9653,0,0.034114300
chroma,1,insert_fusionado,-,9654,0,0.030649500
chroma,1,insert_fusionado,-,9655,0,0.030482200
chroma,1,insert_fusionado,-,9656,0,0.031304700
chroma,1,insert_fusionado,-,9657,0,0.029293500
chroma,1,insert_fusionado,-,9658,0,0.031016100
chroma,1,insert_fusionado,-,9659,0,0.032479800
chroma,1,insert_fusionado,-,9660,0,0.034367900
chroma,1,insert_fusionado,-,9661,0,0.033665800
chroma,1,insert_fusionado,-,9662,0,0.035824800
chroma,1,insert_fusionado,-,9663,0,0.034930800
chroma,1,insert_fusionado,-,9664,0,0.034948700
chroma,1,insert_fusionado,-,9665,0,0.030997900
chroma,1,insert_fusionado,-,9666,0,0.029677600
chroma,1,insert_fusionado,-,9667,0,0.029920800
chroma,1,insert_fusionado,-,9668,0,0.030872600
chroma,1,insert_fusionado,-,9669,0,0.031512300
chroma,1,insert_fusionado,-,9670,0,0.031134900
chroma,1,insert_fusionado,-,9671,0,0.032806600
chroma,1,insert_fusionado,-,9672,0,0.031088400
chroma,1,insert_fusionado,-,9673,0,0.032290600
chroma,1,insert_fusionado,-,9674,0,0.031951900
chroma,1,insert_fusionado,-,9675,0,0.033556800
chroma,1,insert_fusionado,-,9676,0,0.031766800
chroma,1,insert_fusionado,-,9677,0,0.032857200
chroma,1,insert_fusionado,-,9678,0,0.033669900
chroma,1,insert_fusionado,-,9679,0,0.033466400
chroma,1,insert_fusionado,-,9680,0,0.034789200
chroma,1,insert_fusionado,-,9681,0,0.030643500
chroma,1,insert_fusionado,-,9682,0,0.032114000
chroma,1,insert_fusionado,-,9683,0,0.030828000
chroma,1,insert_fusionado,-,9684,0,0.031184200
chroma,1,insert_fusionado,-,9685,0,0.031637200
chroma,1,insert_fusionado,-,9686,0,0.033233300
chroma,1,insert_fusionado,-,9687,0,0.031614600
chroma,1,insert_fusionado,-,9688,0,0.032375400
chroma,1,insert_fusionado,-,9689,0,0.033202800
chroma,1,insert_fusionado,-,9690,0,0.037049500
chroma,1,insert_fusionado,-,9691,0,0.031995400
chroma,1,insert_fusionado,-,9692,0,0.035745500
chroma,1,insert_fusionado,-,9693,0,0.031912900
chroma,1,insert_fusionado,-,9694,0,0.033795100
chroma,1,insert_fusionado,-,9695,0,0.035266100
chroma,1,insert_fusionado,-,9696,0,0.032332200
chroma,1,insert_fusionado,-,9697,0,0.027337800
chroma,1,insert_fusionado,-,9698,0,0.028385200
chroma,1,insert_fusionado,-,9699,0,0.031991800
chroma,1,insert_fusionado,-,9700,0,0.032492800
chroma,1,insert_fusionado,-,9701,0,0.034638400
chroma,1,insert_fusionado,-,9702,0,0.032866200
chroma,1,insert_fusionado,-,9703,0,0.031846500
chroma,1,insert_fusionado,-,9704,0,0.030860600
chroma,1,insert_fusionado,-,9705,0,0.031206400
chroma,1,insert_fusionado,-,9706,0,0.033306300
chroma,1,insert_fusionado,-,9707,0,0.030505300
chroma,1,insert_fusionado,-,9708,0,0.032384200
chroma,1,insert_fusionado,-,9709,0,0.034903200
chroma,1,insert_fusionado,-,9710,0,0.031561500
chroma,1,insert_fusionado,-,9711,0,0.029115700
chroma,1,insert_fusionado,-,9712,0,0.032619600
chroma,1,insert_fusionado,-,9713,0,0.030515500
chroma,1,insert_fusionado,-,9714,0,0.036926900
chroma,1,insert_fusionado,-,9715,0,0.034962400
chroma,1,insert_fusionado,-,9716,0,0.033797600
chroma,1,insert_fusionado,-,9717,0,0.030009700
chroma,1,insert_fusionado,-,9718,0,0.033567600
chroma,1,insert_fusionado,-,9719,0,0.064039200
chroma,1,insert_fusionado,-,9720,0,0.043169900
chroma,1,insert_fusionado,-,9721,0,0.032819100
chroma,1,insert_fusionado,-,9722,0,0.032709100
chroma,1,insert_fusionado,-,9723,0,0.034607100
chroma,1,insert_fusionado,-,9724,0,0.032754500
chroma,1,insert_fusionado,-,9725,0,0.033508000
chroma,1,insert_fusionado,-,9726,0,0.035009300
chroma,1,insert_fusionado,-,9727,0,0.034579900
chroma,1,insert_fusionado,-,9728,0,0.032945200
chroma,1,insert_fusionado,-,9729,0,0.036453100
chroma,1,insert_fusionado,-,9730,0,0.032908100
chroma,1,insert_fusionado,-,9731,0,0.044014400
chroma,1,insert_fusionado,-,9732,0,0.031427200
chroma,1,insert_fusionado,-,9733,0,0.031799500
chroma,1,insert_fusionado,-,9734,0,0.031179400
chroma,1,insert_fusionado,-,9735,0,0.032245200
chroma,1,insert_fusionado,-,9736,0,0.030984000
chroma,1,insert_fusionado,-,9737,0,0.031128500
chroma,1,insert_fusionado,-,9738,0,0.033718800
chroma,1,insert_fusionado,-,9739,0,0.031727900
chroma,1,insert_fusionado,-,9740,0,0.033511700
chroma,1,insert_fusionado,-,9741,0,0.030960800
chroma,1,insert_fusionado,-,9742,0,0.033765300
chroma,1,insert_fusionado,-,9743,0,0.034299900
chroma,1,insert_fusionado,-,9744,0,0.033102800
chroma,1,insert_fusionado,-,9745,0,0.033170200
chroma,1,insert_fusionado,-,9746,0,0.035525600
chroma,1,insert_fusionado,-,9747,0,0.033302400
chroma,1,insert_fusionado,-,9748,0,0.032709100
chroma,1,insert_fusionado,-,9749,0,0.036070600
chroma,1,insert_fusionado,-,9750,0,0.034712700
chroma,1,insert_fusionado,-,9751,0,0.032507400
chroma,1,insert_fusionado,-,9752,0,0.032308000
chroma,1,insert_fusionado,-,9753,0,0.032284000
chroma,1,insert_fusionado,-,9754,0,0.033963500
chroma,1,insert_fusionado,-,9755,0,0.034353500
chroma,1,insert_fusionado,-,9756,0,0.033254400
chroma,1,insert_fusionado,-,9757,0,0.033359000
chroma,1,insert_fusionado,-,9758,0,0.032262100
chroma,1,insert_fusionado,-,9759,0,0.032135900
chroma,1,insert_fusionado,-,9760,0,0.033900700
chroma,1,insert_fusionado,-,9761,0,0.037566700
chroma,1,insert_fusionado,-,9762,0,0.035565900
chroma,1,insert_fusionado,-,9763,0,0.031703700
chroma,1,insert_fusionado,-,9764,0,0.032648700
chroma,1,insert_fusionado,-,9765,0,0.032780600
chroma,1,insert_fusionado,-,9766,0,0.032837500
chroma,1,insert_fusionado,-,9767,0,0.030942500
chroma,1,insert_fusionado,-,9768,0,0.031464100
chroma,1,insert_fusionado,-,9769,0,0.032972200
chroma,1,insert_fusionado,-,9770,0,0.034270100
chroma,1,insert_fusionado,-,9771,0,0.030862900
chroma,1,insert_fusionado,-,9772,0,0.031392000
chroma,1,insert_fusionado,-,9773,0,0.038519600
chroma,1,insert_fusionado,-,9774,0,0.037610700
chroma,1,insert_fusionado,-,9775,0,0.032096000
chroma,1,insert_fusionado,-,9776,0,0.039736300
chroma,1,insert_fusionado,-,9777,0,0.033525100
chroma,1,insert_fusionado,-,9778,0,0.038333300
chroma,1,insert_fusionado,-,9779,0,0.036672000
chroma,1,insert_fusionado,-,9780,0,0.037947900
chroma,1,insert_fusionado,-,9781,0,0.035210900
chroma,1,insert_fusionado,-,9782,0,0.033019600
chroma,1,insert_fusionado,-,9783,0,0.037095200
chroma,1,insert_fusionado,-,9784,0,0.034306300
chroma,1,insert_fusionado,-,9785,0,0.033307400
chroma,1,insert_fusionado,-,9786,0,0.039410400
chroma,1,insert_fusionado,-,9787,0,0.031819900
chroma,1,insert_fusionado,-,9788,0,0.030920200
chroma,1,insert_fusionado,-,9789,0,0.029281400
chroma,1,insert_fusionado,-,9790,0,0.029830200
chroma,1,insert_fusionado,-,9791,0,0.035265600
chroma,1,insert_fusionado,-,9792,0,0.034802700
chroma,1,insert_fusionado,-,9793,0,0.035190400
chroma,1,insert_fusionado,-,9794,0,0.033838500
chroma,1,insert_fusionado,-,9795,0,0.035865000
chroma,1,insert_fusionado,-,9796,0,0.033561300
chroma,1,insert_fusionado,-,9797,0,0.042866300
chroma,1,insert_fusionado,-,9798,0,0.041019500
chroma,1,insert_fusionado,-,9799,0,0.033957000
chroma,1,insert_fusionado,-,9800,0,0.032858100
chroma,1,insert_fusionado,-,9801,0,0.031092800
chroma,1,insert_fusionado,-,9802,0,0.032158100
chroma,1,insert_fusionado,-,9803,0,0.032219400
chroma,1,insert_fusionado,-,9804,0,0.032267800
chroma,1,insert_fusionado,-,9805,0,0.035220100
chroma,1,insert_fusionado,-,9806,0,0.033054500
chroma,1,insert_fusionado,-,9807,0,0.035552500
chroma,1,insert_fusionado,-,9808,0,0.037445400
chroma,1,insert_fusionado,-,9809,0,0.034565500
chroma,1,insert_fusionado,-,9810,0,0.032709100
chroma,1,insert_fusionado,-,9811,0,0.034314200
chroma,1,insert_fusionado,-,9812,0,0.034967100
chroma,1,insert_fusionado,-,9813,0,0.034261400
chroma,1,insert_fusionado,-,9814,0,0.033476300
chroma,1,insert_fusionado,-,9815,0,0.031090600
chroma,1,insert_fusionado,-,9816,0,0.032808200
chroma,1,insert_fusionado,-,9817,0,0.037698400
chroma,1,insert_fusionado,-,9818,0,0.032149800
chroma,1,insert_fusionado,-,9819,0,0.031742300
chroma,1,insert_fusionado,-,9820,0,0.032874000
chroma,1,insert_fusionado,-,9821,0,0.037584200
chroma,1,insert_fusionado,-,9822,0,0.037413500
chroma,1,insert_fusionado,-,9823,0,0.034957600
chroma,1,insert_fusionado,-,9824,0,0.039222300
chroma,1,insert_fusionado,-,9825,0,0.035467900
chroma,1,insert_fusionado,-,9826,0,0.031739400
chroma,1,insert_fusionado,-,9827,0,0.031185900
chroma,1,insert_fusionado,-,9828,0,0.032140100
chroma,1,insert_fusionado,-,9829,0,0.034627100
chroma,1,insert_fusionado,-,9830,0,0.038563500
chroma,1,insert_fusionado,-,9831,0,0.034034800
chroma,1,insert_fusionado,-,9832,0,0.033280200
chroma,1,insert_fusionado,-,9833,0,0.034243500
chroma,1,insert_fusionado,-,9834,0,0.032486400
chroma,1,insert_fusionado,-,9835,0,0.035046700
chroma,1,insert_fusionado,-,9836,0,0.032667100
chroma,1,insert_fusionado,-,9837,0,0.032361600
chroma,1,insert_fusionado,-,9838,0,0.037755100
chroma,1,insert_fusionado,-,9839,0,0.030933200
chroma,1,insert_fusionado,-,9840,0,0.033813100
chroma,1,insert_fusionado,-,9841,0,0.034098000
chroma,1,insert_fusionado,-,9842,0,0.035786500
chroma,1,insert_fusionado,-,9843,0,0.039387000
chroma,1,insert_fusionado,-,9844,0,0.033754600
chroma,1,insert_fusionado,-,9845,0,0.032566700
chroma,1,insert_fusionado,-,9846,0,0.036170100
chroma,1,insert_fusionado,-,9847,0,0.033374900
chroma,1,insert_fusionado,-,9848,0,0.034768700
chroma,1,insert_fusionado,-,9849,0,0.036799600
chroma,1,insert_fusionado,-,9850,0,0.035084300
chroma,1,insert_fusionado,-,9851,0,0.032403400
chroma,1,insert_fusionado,-,9852,0,0.035849200
chroma,1,insert_fusionado,-,9853,0,0.030561900
chroma,1,insert_fusionado,-,9854,0,0.031753900
chroma,1,insert_fusionado,-,9855,0,0.035176800
chroma,1,insert_fusionado,-,9856,0,0.033778800
chroma,1,insert_fusionado,-,9857,0,0.032659800
chroma,1,insert_fusionado,-,9858,0,0.031406700
chroma,1,insert_fusionado,-,9859,0,0.032263300
chroma,1,insert_fusionado,-,9860,0,0.030033500
chroma,1,insert_fusionado,-,9861,0,0.037230800
chroma,1,insert_fusionado,-,9862,0,0.035231100
chroma,1,insert_fusionado,-,9863,0,0.032407200
chroma,1,insert_fusionado,-,9864,0,0.036803800
chroma,1,insert_fusionado,-,9865,0,0.028951000
chroma,1,insert_fusionado,-,9866,0,0.034880900
chroma,1,insert_fusionado,-,9867,0,0.032560600
chroma,1,insert_fusionado,-,9868,0,0.036038600
chroma,1,insert_fusionado,-,9869,0,0.032265100
chroma,1,insert_fusionado,-,9870,0,0.034971500
chroma,1,insert_fusionado,-,9871,0,0.035140300
chroma,1,insert_fusionado,-,9872,0,0.034969800
chroma,1,insert_fusionado,-,9873,0,0.035372200
chroma,1,insert_fusionado,-,9874,0,0.033927200
chroma,1,insert_fusionado,-,9875,0,0.032486100
chroma,1,insert_fusionado,-,9876,0,0.032646000
chroma,1,insert_fusionado,-,9877,0,0.034300600
chroma,1,insert_fusionado,-,9878,0,0.041949900
chroma,1,insert_fusionado,-,9879,0,0.035058400
chroma,1,insert_fusionado,-,9880,0,0.032680800
chroma,1,insert_fusionado,-,9881,0,0.030913800
chroma,1,insert_fusionado,-,9882,0,0.034977400
chroma,1,insert_fusionado,-,9883,0,0.033012500
chroma,1,insert_fusionado,-,9884,0,0.032670400
chroma,1,insert_fusionado,-,9885,0,0.033367400
chroma,1,insert_fusionado,-,9886,0,0.035445900
chroma,1,insert_fusionado,-,9887,0,0.032758200
chroma,1,insert_fusionado,-,9888,0,0.033990100
chroma,1,insert_fusionado,-,9889,0,0.032819000
chroma,1,insert_fusionado,-,9890,0,0.033137500
chroma,1,insert_fusionado,-,9891,0,0.035104700
chroma,1,insert_fusionado,-,9892,0,0.033576600
chroma,1,insert_fusionado,-,9893,0,0.032442600
chroma,1,insert_fusionado,-,9894,0,0.033507900
chroma,1,insert_fusionado,-,9895,0,0.035588300
chroma,1,insert_fusionado,-,9896,0,0.033346200
chroma,1,insert_fusionado,-,9897,0,0.036162300
chroma,1,insert_fusionado,-,9898,0,0.034355900
chroma,1,insert_fusionado,-,9899,0,0.033478900
chroma,1,insert_fusionado,-,9900,0,0.034455800
chroma,1,insert_fusionado,-,9901,0,0.032822700
chroma,1,insert_fusionado,-,9902,0,0.032643100
chroma,1,insert_fusionado,-,9903,0,0.037323300
chroma,1,insert_fusionado,-,9904,0,0.034623700
chroma,1,insert_fusionado,-,9905,0,0.032965600
chroma,1,insert_fusionado,-,9906,0,0.030474600
chroma,1,insert_fusionado,-,9907,0,0.032195800
chroma,1,insert_fusionado,-,9908,0,0.029888100
chroma,1,insert_fusionado,-,9909,0,0.032994200
chroma,1,insert_fusionado,-,9910,0,0.033097500
chroma,1,insert_fusionado,-,9911,0,0.031602500
chroma,1,insert_fusionado,-,9912,0,0.035646300
chroma,1,insert_fusionado,-,9913,0,0.038850300
chroma,1,insert_fusionado,-,9914,0,0.033180600
chroma,1,insert_fusionado,-,9915,0,0.034202000
chroma,1,insert_fusionado,-,9916,0,0.035811400
chroma,1,insert_fusionado,-,9917,0,0.031698800
chroma,1,insert_fusionado,-,9918,0,0.037247300
chroma,1,insert_fusionado,-,9919,0,0.035876800
chroma,1,insert_fusionado,-,9920,0,0.035751100
chroma,1,insert_fusionado,-,9921,0,0.039022600
chroma,1,insert_fusionado,-,9922,0,0.033091000
chroma,1,insert_fusionado,-,9923,0,0.034066600
chroma,1,insert_fusionado,-,9924,0,0.037961700
chroma,1,insert_fusionado,-,9925,0,0.036104200
chroma,1,insert_fusionado,-,9926,0,0.035011100
chroma,1,insert_fusionado,-,9927,0,0.035931300
chroma,1,insert_fusionado,-,9928,0,0.035000200
chroma,1,insert_fusionado,-,9929,0,0.034032200
chroma,1,insert_fusionado,-,9930,0,0.036775600
chroma,1,insert_fusionado,-,9931,0,0.037307300
chroma,1,insert_fusionado,-,9932,0,0.036118700
chroma,1,insert_fusionado,-,9933,0,0.033962600
chroma,1,insert_fusionado,-,9934,0,0.038680600
chroma,1,insert_fusionado,-,9935,0,0.035791400
chroma,1,insert_fusionado,-,9936,0,0.035743500
chroma,1,insert_fusionado,-,9937,0,0.034515900
chroma,1,insert_fusionado,-,9938,0,0.033565400
chroma,1,insert_fusionado,-,9939,0,0.032357300
chroma,1,insert_fusionado,-,9940,0,0.032834400
chroma,1,insert_fusionado,-,9941,0,0.035935500
chroma,1,insert_fusionado,-,9942,0,0.033267900
chroma,1,insert_fusionado,-,9943,0,0.031152700
chroma,1,insert_fusionado,-,9944,0,0.035916700
chroma,1,insert_fusionado,-,9945,0,0.030783600
chroma,1,insert_fusionado,-,9946,0,0.030997500
chroma,1,insert_fusionado,-,9947,0,0.034299700
chroma,1,insert_fusionado,-,9948,0,0.034487700
chroma,1,insert_fusionado,-,9949,0,0.036134300
chroma,1,insert_fusionado,-,9950,0,0.035554800
chroma,1,insert_fusionado,-,9951,0,0.036278300
chroma,1,insert_fusionado,-,9952,0,0.034995600
chroma,1,insert_fusionado,-,9953,0,0.033119300
chroma,1,insert_fusionado,-,9954,0,0.038109600
chroma,1,insert_fusionado,-,9955,0,0.035851700
chroma,1,insert_fusionado,-,9956,0,0.035795900
chroma,1,insert_fusionado,-,9957,0,0.032767100
chroma,1,insert_fusionado,-,9958,0,0.041224600
chroma,1,insert_fusionado,-,9959,0,0.034429000
chroma,1,insert_fusionado,-,9960,0,0.034785000
chroma,1,insert_fusionado,-,9961,0,0.040799900
chroma,1,insert_fusionado,-,9962,0,0.038509000
chroma,1,insert_fusionado,-,9963,0,0.034902800
chroma,1,insert_fusionado,-,9964,0,0.038004600
chroma,1,insert_fusionado,-,9965,0,0.034149300
chroma,1,insert_fusionado,-,9966,0,0.036043700
chroma,1,insert_fusionado,-,9967,0,0.035495200
chroma,1,insert_fusionado,-,9968,0,0.037193900
chroma,1,insert_fusionado,-,9969,0,0.033726500
chroma,1,insert_fusionado,-,9970,0,0.035334500
chroma,1,insert_fusionado,-,9971,0,0.037569200
chroma,1,insert_fusionado,-,9972,0,0.034720600
chroma,1,insert_fusionado,-,9973,0,0.033942700
chroma,1,insert_fusionado,-,9974,0,0.032684200
chroma,1,insert_fusionado,-,9975,0,0.032072200
chroma,1,insert_fusionado,-,9976,0,0.032337400
chroma,1,insert_fusionado,-,9977,0,0.035788600
chroma,1,insert_fusionado,-,9978,0,0.035432600
chroma,1,insert_fusionado,-,9979,0,0.037353800
chroma,1,insert_fusionado,-,9980,0,0.033701000
chroma,1,insert_fusionado,-,9981,0,0.036402000
chroma,1,insert_fusionado,-,9982,0,0.034452400
chroma,1,insert_fusionado,-,9983,0,0.038331300
chroma,1,insert_fusionado,-,9984,0,0.033972300
chroma,1,insert_fusionado,-,9985,0,0.034681700
chroma,1,insert_fusionado,-,9986,0,0.035234900
chroma,1,insert_fusionado,-,9987,0,0.036108300
chroma,1,insert_fusionado,-,9988,0,0.035806900
chroma,1,insert_fusionado,-,9989,0,0.031607500
chroma,1,insert_fusionado,-,9990,0,0.038476300
chroma,1,insert_fusionado,-,9991,0,0.038554400
chroma,1,insert_fusionado,-,9992,0,0.035584400
chroma,1,insert_fusionado,-,9993,0,0.035221900
chroma,1,insert_fusionado,-,9994,0,0.035074500
chroma,1,insert_fusionado,-,9995,0,0.037180700
chroma,1,insert_fusionado,-,9996,0,0.036230100
chroma,1,insert_fusionado,-,9997,0,0.034809500
chroma,1,insert_fusionado,-,9998,0,0.036844800
chroma,1,insert_fusionado,-,9999,0,0.123387000
chroma,10,insert_fusionado,-,0,0,0.108863000
chroma,10,insert_fusionado,-,1,0,0.107711800
chroma,10,insert_fusionado,-,2,0,0.070320600
chroma,10,insert_fusionado,-,3,0,0.086249200
chroma,10,insert_fusionado,-,4,0,0.101600900
chroma,10,insert_fusionado,-,5,0,0.185216700
chroma,10,insert_fusionado,-,6,0,0.101522300
chroma,10,insert_fusionado,-,7,0,0.063815900
chroma,10,insert_fusionado,-,8,0,0.082441100
chroma,10,insert_fusionado,-,9,0,0.122216900
chroma,10,insert_fusionado,-,10,0,0.080004700
chroma,10,insert_fusionado,-,11,0,0.088323800
chroma,10,insert_fusionado,-,12,0,0.082105500
chroma,10,insert_fusionado,-,13,0,0.071105800
chroma,10,insert_fusionado,-,14,0,0.073814000
chroma,10,insert_fusionado,-,15,0,0.071260000
chroma,10,insert_fusionado,-,16,0,0.072226100
chroma,10,insert_fusionado,-,17,0,0.069428000
chroma,10,insert_fusionado,-,18,0,0.062050100
chroma,10,insert_fusionado,-,19,0,0.071511200
chroma,10,insert_fusionado,-,20,0,0.062464200
chroma,10,insert_fusionado,-,21,0,0.059808500
chroma,10,insert_fusionado,-,22,0,0.071494800
chroma,10,insert_fusionado,-,23,0,0.076218500
chroma,10,insert_fusionado,-,24,0,0.130092500
chroma,10,insert_fusionado,-,25,0,0.064638700
chroma,10,insert_fusionado,-,26,0,0.075489200
chroma,10,insert_fusionado,-,27,0,0.073699100
chroma,10,insert_fusionado,-,28,0,0.064988400
chroma,10,insert_fusionado,-,29,0,0.092536000
chroma,10,insert_fusionado,-,30,0,0.069719900
chroma,10,insert_fusionado,-,31,0,0.065684800
chroma,10,insert_fusionado,-,32,0,0.071349300
chroma,10,insert_fusionado,-,33,0,0.070145200
chroma,10,insert_fusionado,-,34,0,0.074132300
chroma,10,insert_fusionado,-,35,0,0.061128500
chroma,10,insert_fusionado,-,36,0,0.068846300
chroma,10,insert_fusionado,-,37,0,0.060795100
chroma,10,insert_fusionado,-,38,0,0.067814700
chroma,10,insert_fusionado,-,39,0,0.060421900
chroma,10,insert_fusionado,-,40,0,0.067733600
chroma,10,insert_fusionado,-,41,0,0.073910400
chroma,10,insert_fusionado,-,42,0,0.084337400
chroma,10,insert_fusionado,-,43,0,0.069393000
chroma,10,insert_fusionado,-,44,0,0.100953600
chroma,10,insert_fusionado,-,45,0,0.089658800
chroma,10,insert_fusionado,-,46,0,0.099255600
chroma,10,insert_fusionado,-,47,0,0.069824400
chroma,10,insert_fusionado,-,48,0,0.071040200
chroma,10,insert_fusionado,-,49,0,0.073321900
chroma,10,insert_fusionado,-,50,0,0.089382400
chroma,10,insert_fusionado,-,51,0,0.080474800
chroma,10,insert_fusionado,-,52,0,0.094989700
chroma,10,insert_fusionado,-,53,0,0.068587400
chroma,10,insert_fusionado,-,54,0,0.094040500
chroma,10,insert_fusionado,-,55,0,0.100393100
chroma,10,insert_fusionado,-,56,0,0.102500000
chroma,10,insert_fusionado,-,57,0,0.108312100
chroma,10,insert_fusionado,-,58,0,0.102881600
chroma,10,insert_fusionado,-,59,0,0.104180000
chroma,10,insert_fusionado,-,60,0,0.107409700
chroma,10,insert_fusionado,-,61,0,0.112177600
chroma,10,insert_fusionado,-,62,0,0.068872100
chroma,10,insert_fusionado,-,63,0,0.071069100
chroma,10,insert_fusionado,-,64,0,0.073988600
chroma,10,insert_fusionado,-,65,0,0.074714200
chroma,10,insert_fusionado,-,66,0,0.082008800
chroma,10,insert_fusionado,-,67,0,0.069493500
chroma,10,insert_fusionado,-,68,0,0.082582100
chroma,10,insert_fusionado,-,69,0,0.091377000
chroma,10,insert_fusionado,-,70,0,0.064673500
chroma,10,insert_fusionado,-,71,0,0.082876600
chroma,10,insert_fusionado,-,72,0,0.075725100
chroma,10,insert_fusionado,-,73,0,0.083436500
chroma,10,insert_fusionado,-,74,0,0.088771000
chroma,10,insert_fusionado,-,75,0,0.096322300
chroma,10,insert_fusionado,-,76,0,0.070768500
chroma,10,insert_fusionado,-,77,0,0.068179200
chroma,10,insert_fusionado,-,78,0,0.077174900
chroma,10,insert_fusionado,-,79,0,0.082093300
chroma,10,insert_fusionado,-,80,0,0.070946500
chroma,10,insert_fusionado,-,81,0,0.099269700
chroma,10,insert_fusionado,-,82,0,0.085531400
chroma,10,insert_fusionado,-,83,0,0.077535500
chroma,10,insert_fusionado,-,84,0,0.093314700
chroma,10,insert_fusionado,-,85,0,0.099787500
chroma,10,insert_fusionado,-,86,0,0.081246900
chroma,10,insert_fusionado,-,87,0,0.072691800
chroma,10,insert_fusionado,-,88,0,0.086081000
chroma,10,insert_fusionado,-,89,0,0.097902000
chroma,10,insert_fusionado,-,90,0,0.065713900
chroma,10,insert_fusionado,-,91,0,0.080467600
chroma,10,insert_fusionado,-,92,0,0.086569200
chroma,10,insert_fusionado,-,93,0,0.085223500
chroma,10,insert_fusionado,-,94,0,0.066364700
chroma,10,insert_fusionado,-,95,0,0.073695100
chroma,10,insert_fusionado,-,96,0,0.074773700
chroma,10,insert_fusionado,-,97,0,0.089434500
chroma,10,insert_fusionado,-,98,0,0.102496000
chroma,10,insert_fusionado,-,99,0,0.121621200
chroma,10,insert_fusionado,-,100,0,0.091852800
chroma,10,insert_fusionado,-,101,0,0.124828500
chroma,10,insert_fusionado,-,102,0,0.056887600
chroma,10,insert_fusionado,-,103,0,0.062590600
chroma,10,insert_fusionado,-,104,0,0.090383500
chroma,10,insert_fusionado,-,105,0,0.082868500
chroma,10,insert_fusionado,-,106,0,0.069640500
chroma,10,insert_fusionado,-,107,0,0.075737600
chroma,10,insert_fusionado,-,108,0,0.085406300
chroma,10,insert_fusionado,-,109,0,0.079072500
chroma,10,insert_fusionado,-,110,0,0.067162800
chroma,10,insert_fusionado,-,111,0,0.065125200
chroma,10,insert_fusionado,-,112,0,0.097638600
chroma,10,insert_fusionado,-,113,0,0.068863000
chroma,10,insert_fusionado,-,114,0,0.069439100
chroma,10,insert_fusionado,-,115,0,0.077159800
chroma,10,insert_fusionado,-,116,0,0.079559400
chroma,10,insert_fusionado,-,117,0,0.058408000
chroma,10,insert_fusionado,-,118,0,0.063485500
chroma,10,insert_fusionado,-,119,0,0.068463700
chroma,10,insert_fusionado,-,120,0,0.063895000
chroma,10,insert_fusionado,-,121,0,0.062209400
chroma,10,insert_fusionado,-,122,0,0.060554600
chroma,10,insert_fusionado,-,123,0,0.074789000
chroma,10,insert_fusionado,-,124,0,0.066285600
chroma,10,insert_fusionado,-,125,0,0.061804000
chroma,10,insert_fusionado,-,126,0,0.068552700
chroma,10,insert_fusionado,-,127,0,0.063692300
chroma,10,insert_fusionado,-,128,0,0.060757700
chroma,10,insert_fusionado,-,129,0,0.060882000
chroma,10,insert_fusionado,-,130,0,0.060256200
chroma,10,insert_fusionado,-,131,0,0.057967900
chroma,10,insert_fusionado,-,132,0,0.068498700
chroma,10,insert_fusionado,-,133,0,0.054104300
chroma,10,insert_fusionado,-,134,0,0.096462600
chroma,10,insert_fusionado,-,135,0,0.073456600
chroma,10,insert_fusionado,-,136,0,0.067149400
chroma,10,insert_fusionado,-,137,0,0.067208600
chroma,10,insert_fusionado,-,138,0,0.087312500
chroma,10,insert_fusionado,-,139,0,0.078940700
chroma,10,insert_fusionado,-,140,0,0.070752400
chroma,10,insert_fusionado,-,141,0,0.092901500
chroma,10,insert_fusionado,-,142,0,0.078002000
chroma,10,insert_fusionado,-,143,0,0.064294900
chroma,10,insert_fusionado,-,144,0,0.084071600
chroma,10,insert_fusionado,-,145,0,0.082269900
chroma,10,insert_fusionado,-,146,0,0.076690800
chroma,10,insert_fusionado,-,147,0,0.075272400
chroma,10,insert_fusionado,-,148,0,0.099348300
chroma,10,insert_fusionado,-,149,0,0.098586800
chroma,10,insert_fusionado,-,150,0,0.080045000
chroma,10,insert_fusionado,-,151,0,0.086336700
chroma,10,insert_fusionado,-,152,0,0.081940600
chroma,10,insert_fusionado,-,153,0,0.071492500
chroma,10,insert_fusionado,-,154,0,0.068969700
chroma,10,insert_fusionado,-,155,0,0.076825500
chroma,10,insert_fusionado,-,156,0,0.069489600
chroma,10,insert_fusionado,-,157,0,0.083817800
chroma,10,insert_fusionado,-,158,0,0.070020500
chroma,10,insert_fusionado,-,159,0,0.074897600
chroma,10,insert_fusionado,-,160,0,0.064936500
chroma,10,insert_fusionado,-,161,0,0.082868500
chroma,10,insert_fusionado,-,162,0,0.083456100
chroma,10,insert_fusionado,-,163,0,0.077243900
chroma,10,insert_fusionado,-,164,0,0.084695100
chroma,10,insert_fusionado,-,165,0,0.068158100
chroma,10,insert_fusionado,-,166,0,0.086901400
chroma,10,insert_fusionado,-,167,0,0.084158000
chroma,10,insert_fusionado,-,168,0,0.062274400
chroma,10,insert_fusionado,-,169,0,0.082238400
chroma,10,insert_fusionado,-,170,0,0.099572800
chroma,10,insert_fusionado,-,171,0,0.075328600
chroma,10,insert_fusionado,-,172,0,0.088319400
chroma,10,insert_fusionado,-,173,0,0.055696600
chroma,10,insert_fusionado,-,174,0,0.066668100
chroma,10,insert_fusionado,-,175,0,0.071824400
chroma,10,insert_fusionado,-,176,0,0.067960300
chroma,10,insert_fusionado,-,177,0,0.096814600
chroma,10,insert_fusionado,-,178,0,0.082867700
chroma,10,insert_fusionado,-,179,0,0.068097100
chroma,10,insert_fusionado,-,180,0,0.100126600
chroma,10,insert_fusionado,-,181,0,0.104386800
chroma,10,insert_fusionado,-,182,0,0.081348000
chroma,10,insert_fusionado,-,183,0,0.079324600
chroma,10,insert_fusionado,-,184,0,0.096951200
chroma,10,insert_fusionado,-,185,0,0.064043600
chroma,10,insert_fusionado,-,186,0,0.082745700
chroma,10,insert_fusionado,-,187,0,0.063711600
chroma,10,insert_fusionado,-,188,0,0.085673200
chroma,10,insert_fusionado,-,189,0,0.085658900
chroma,10,insert_fusionado,-,190,0,0.079922000
chroma,10,insert_fusionado,-,191,0,0.068417200
chroma,10,insert_fusionado,-,192,0,0.098585300
chroma,10,insert_fusionado,-,193,0,0.088800300
chroma,10,insert_fusionado,-,194,0,0.074511100
chroma,10,insert_fusionado,-,195,0,0.091380300
chroma,10,insert_fusionado,-,196,0,0.092829700
chroma,10,insert_fusionado,-,197,0,0.093560800
chroma,10,insert_fusionado,-,198,0,0.084541700
chroma,10,insert_fusionado,-,199,0,0.118132300
chroma,10,insert_fusionado,-,200,0,0.080102900
chroma,10,insert_fusionado,-,201,0,0.064452100
chroma,10,insert_fusionado,-,202,0,0.073407000
chroma,10,insert_fusionado,-,203,0,0.106410900
chroma,10,insert_fusionado,-,204,0,0.055505100
chroma,10,insert_fusionado,-,205,0,0.071246200
chroma,10,insert_fusionado,-,206,0,0.061346900
chroma,10,insert_fusionado,-,207,0,0.070527900
chroma,10,insert_fusionado,-,208,0,0.078208600
chroma,10,insert_fusionado,-,209,0,0.067973600
chroma,10,insert_fusionado,-,210,0,0.077919600
chroma,10,insert_fusionado,-,211,0,0.078617400
chroma,10,insert_fusionado,-,212,0,0.088348600
chroma,10,insert_fusionado,-,213,0,0.083505400
chroma,10,insert_fusionado,-,214,0,0.074953000
chroma,10,insert_fusionado,-,215,0,0.071263700
chroma,10,insert_fusionado,-,216,0,0.058521500
chroma,10,insert_fusionado,-,217,0,0.059743100
chroma,10,insert_fusionado,-,218,0,0.079944900
chroma,10,insert_fusionado,-,219,0,0.081511800
chroma,10,insert_fusionado,-,220,0,0.061970500
chroma,10,insert_fusionado,-,221,0,0.068171700
chroma,10,insert_fusionado,-,222,0,0.057199700
chroma,10,insert_fusionado,-,223,0,0.055461800
chroma,10,insert_fusionado,-,224,0,0.071278300
chroma,10,insert_fusionado,-,225,0,0.074695100
chroma,10,insert_fusionado,-,226,0,0.067727900
chroma,10,insert_fusionado,-,227,0,0.076738300
chroma,10,insert_fusionado,-,228,0,0.073027400
chroma,10,insert_fusionado,-,229,0,0.083805700
chroma,10,insert_fusionado,-,230,0,0.096733500
chroma,10,insert_fusionado,-,231,0,0.094864700
chroma,10,insert_fusionado,-,232,0,0.090920700
chroma,10,insert_fusionado,-,233,0,0.095117300
chroma,10,insert_fusionado,-,234,0,0.077594200
chroma,10,insert_fusionado,-,235,0,0.066463400
chroma,10,insert_fusionado,-,236,0,0.068983800
chroma,10,insert_fusionado,-,237,0,0.072093400
chroma,10,insert_fusionado,-,238,0,0.069551900
chroma,10,insert_fusionado,-,239,0,0.056344100
chroma,10,insert_fusionado,-,240,0,0.074521000
chroma,10,insert_fusionado,-,241,0,0.064299600
chroma,10,insert_fusionado,-,242,0,0.089150500
chroma,10,insert_fusionado,-,243,0,0.093517000
chroma,10,insert_fusionado,-,244,0,0.101889200
chroma,10,insert_fusionado,-,245,0,0.091464200
chroma,10,insert_fusionado,-,246,0,0.100846400
chroma,10,insert_fusionado,-,247,0,0.079234800
chroma,10,insert_fusionado,-,248,0,0.082155400
chroma,10,insert_fusionado,-,249,0,0.067677500
chroma,10,insert_fusionado,-,250,0,0.072600200
chroma,10,insert_fusionado,-,251,0,0.088038700
chroma,10,insert_fusionado,-,252,0,0.068207900
chroma,10,insert_fusionado,-,253,0,0.061538400
chroma,10,insert_fusionado,-,254,0,0.082186300
chroma,10,insert_fusionado,-,255,0,0.078266000
chroma,10,insert_fusionado,-,256,0,0.071895500
chroma,10,insert_fusionado,-,257,0,0.103170400
chroma,10,insert_fusionado,-,258,0,0.101962000
chroma,10,insert_fusionado,-,259,0,0.077108500
chroma,10,insert_fusionado,-,260,0,0.073392700
chroma,10,insert_fusionado,-,261,0,0.101393900
chroma,10,insert_fusionado,-,262,0,0.070065300
chroma,10,insert_fusionado,-,263,0,0.075270200
chroma,10,insert_fusionado,-,264,0,0.087728800
chroma,10,insert_fusionado,-,265,0,0.063346700
chroma,10,insert_fusionado,-,266,0,0.083385500
chroma,10,insert_fusionado,-,267,0,0.086499300
chroma,10,insert_fusionado,-,268,0,0.087724100
chroma,10,insert_fusionado,-,269,0,0.075203000
chroma,10,insert_fusionado,-,270,0,0.080016800
chroma,10,insert_fusionado,-,271,0,0.089010100
chroma,10,insert_fusionado,-,272,0,0.064472400
chroma,10,insert_fusionado,-,273,0,0.079377400
chroma,10,insert_fusionado,-,274,0,0.111587100
chroma,10,insert_fusionado,-,275,0,0.073528500
chroma,10,insert_fusionado,-,276,0,0.073915100
chroma,10,insert_fusionado,-,277,0,0.073408000
chroma,10,insert_fusionado,-,278,0,0.069576000
chroma,10,insert_fusionado,-,279,0,0.064783900
chroma,10,insert_fusionado,-,280,0,0.076825400
chroma,10,insert_fusionado,-,281,0,0.089192100
chroma,10,insert_fusionado,-,282,0,0.073044700
chroma,10,insert_fusionado,-,283,0,0.077084200
chroma,10,insert_fusionado,-,284,0,0.084410100
chroma,10,insert_fusionado,-,285,0,0.082895300
chroma,10,insert_fusionado,-,286,0,0.112729600
chroma,10,insert_fusionado,-,287,0,0.112510700
chroma,10,insert_fusionado,-,288,0,0.086849400
chroma,10,insert_fusionado,-,289,0,0.091515200
chroma,10,insert_fusionado,-,290,0,0.096098100
chroma,10,insert_fusionado,-,291,0,0.121529200
chroma,10,insert_fusionado,-,292,0,0.089407000
chroma,10,insert_fusionado,-,293,0,0.093487100
chroma,10,insert_fusionado,-,294,0,0.096865400
chroma,10,insert_fusionado,-,295,0,0.091031400
chroma,10,insert_fusionado,-,296,0,0.094394700
chroma,10,insert_fusionado,-,297,0,0.104130600
chroma,10,insert_fusionado,-,298,0,0.074771900
chroma,10,insert_fusionado,-,299,0,0.144702400
chroma,10,insert_fusionado,-,300,0,0.070502400
chroma,10,insert_fusionado,-,301,0,0.092884200
chroma,10,insert_fusionado,-,302,0,0.075564800
chroma,10,insert_fusionado,-,303,0,0.076233500
chroma,10,insert_fusionado,-,304,0,0.083892900
chroma,10,insert_fusionado,-,305,0,0.075988200
chroma,10,insert_fusionado,-,306,0,0.093259700
chroma,10,insert_fusionado,-,307,0,0.073518900
chroma,10,insert_fusionado,-,308,0,0.084673800
chroma,10,insert_fusionado,-,309,0,0.076879200
chroma,10,insert_fusionado,-,310,0,0.064270700
chroma,10,insert_fusionado,-,311,0,0.059668900
chroma,10,insert_fusionado,-,312,0,0.064189600
chroma,10,insert_fusionado,-,313,0,0.075078700
chroma,10,insert_fusionado,-,314,0,0.075320300
chroma,10,insert_fusionado,-,315,0,0.064548800
chroma,10,insert_fusionado,-,316,0,0.071762700
chroma,10,insert_fusionado,-,317,0,0.080202300
chroma,10,insert_fusionado,-,318,0,0.074076900
chroma,10,insert_fusionado,-,319,0,0.081805900
chroma,10,insert_fusionado,-,320,0,0.068389500
chroma,10,insert_fusionado,-,321,0,0.065970900
chroma,10,insert_fusionado,-,322,0,0.070458400
chroma,10,insert_fusionado,-,323,0,0.063171500
chroma,10,insert_fusionado,-,324,0,0.066644800
chroma,10,insert_fusionado,-,325,0,0.074189200
chroma,10,insert_fusionado,-,326,0,0.062305200
chroma,10,insert_fusionado,-,327,0,0.066528100
chroma,10,insert_fusionado,-,328,0,0.091125300
chroma,10,insert_fusionado,-,329,0,0.074614800
chroma,10,insert_fusionado,-,330,0,0.075737000
chroma,10,insert_fusionado,-,331,0,0.082814900
chroma,10,insert_fusionado,-,332,0,0.087298400
chroma,10,insert_fusionado,-,333,0,0.102099600
chroma,10,insert_fusionado,-,334,0,0.071330100
chroma,10,insert_fusionado,-,335,0,0.065583200
chroma,10,insert_fusionado,-,336,0,0.063666300
chroma,10,insert_fusionado,-,337,0,0.062602700
chroma,10,insert_fusionado,-,338,0,0.078004900
chroma,10,insert_fusionado,-,339,0,0.070694900
chroma,10,insert_fusionado,-,340,0,0.068017600
chroma,10,insert_fusionado,-,341,0,0.074220000
chroma,10,insert_fusionado,-,342,0,0.090842000
chroma,10,insert_fusionado,-,343,0,0.068195000
chroma,10,insert_fusionado,-,344,0,0.077358500
chroma,10,insert_fusionado,-,345,0,0.067886700
chroma,10,insert_fusionado,-,346,0,0.078790900
chroma,10,insert_fusionado,-,347,0,0.067521600
chroma,10,insert_fusionado,-,348,0,0.080634000
chroma,10,insert_fusionado,-,349,0,0.068406800
chroma,10,insert_fusionado,-,350,0,0.060596500
chroma,10,insert_fusionado,-,351,0,0.065058800
chroma,10,insert_fusionado,-,352,0,0.089438000
chroma,10,insert_fusionado,-,353,0,0.076131700
chroma,10,insert_fusionado,-,354,0,0.072367800
chroma,10,insert_fusionado,-,355,0,0.066936300
chroma,10,insert_fusionado,-,356,0,0.074227600
chroma,10,insert_fusionado,-,357,0,0.078688500
chroma,10,insert_fusionado,-,358,0,0.070342100
chroma,10,insert_fusionado,-,359,0,0.061524800
chroma,10,insert_fusionado,-,360,0,0.072941800
chroma,10,insert_fusionado,-,361,0,0.064439700
chroma,10,insert_fusionado,-,362,0,0.086897300
chroma,10,insert_fusionado,-,363,0,0.068210000
chroma,10,insert_fusionado,-,364,0,0.075064100
chroma,10,insert_fusionado,-,365,0,0.091646400
chroma,10,insert_fusionado,-,366,0,0.072624400
chroma,10,insert_fusionado,-,367,0,0.080990900
chroma,10,insert_fusionado,-,368,0,0.089067300
chroma,10,insert_fusionado,-,369,0,0.071294100
chroma,10,insert_fusionado,-,370,0,0.089782300
chroma,10,insert_fusionado,-,371,0,0.113934100
chroma,10,insert_fusionado,-,372,0,0.099291200
chroma,10,insert_fusionado,-,373,0,0.071894300
chroma,10,insert_fusionado,-,374,0,0.069285300
chroma,10,insert_fusionado,-,375,0,0.078824700
chroma,10,insert_fusionado,-,376,0,0.084500900
chroma,10,insert_fusionado,-,377,0,0.078339200
chroma,10,insert_fusionado,-,378,0,0.087244500
chroma,10,insert_fusionado,-,379,0,0.075577800
chroma,10,insert_fusionado,-,380,0,0.073602300
chroma,10,insert_fusionado,-,381,0,0.092333300
chroma,10,insert_fusionado,-,382,0,0.099677000
chroma,10,insert_fusionado,-,383,0,0.101102800
chroma,10,insert_fusionado,-,384,0,0.096027100
chroma,10,insert_fusionado,-,385,0,0.072543600
chroma,10,insert_fusionado,-,386,0,0.078522800
chroma,10,insert_fusionado,-,387,0,0.080972600
chroma,10,insert_fusionado,-,388,0,0.083295900
chroma,10,insert_fusionado,-,389,0,0.081723000
chroma,10,insert_fusionado,-,390,0,0.096481100
chroma,10,insert_fusionado,-,391,0,0.093855400
chroma,10,insert_fusionado,-,392,0,0.113555900
chroma,10,insert_fusionado,-,393,0,0.080900300
chroma,10,insert_fusionado,-,394,0,0.084001300
chroma,10,insert_fusionado,-,395,0,0.089237100
chroma,10,insert_fusionado,-,396,0,0.064606300
chroma,10,insert_fusionado,-,397,0,0.068279400
chroma,10,insert_fusionado,-,398,0,0.070785400
chroma,10,insert_fusionado,-,399,0,0.137942500
chroma,10,insert_fusionado,-,400,0,0.088557100
chroma,10,insert_fusionado,-,401,0,0.060714500
chroma,10,insert_fusionado,-,402,0,0.066800700
chroma,10,insert_fusionado,-,403,0,0.056033700
chroma,10,insert_fusionado,-,404,0,0.086264100
chroma,10,insert_fusionado,-,405,0,0.097717900
chroma,10,insert_fusionado,-,406,0,0.090200700
chroma,10,insert_fusionado,-,407,0,0.082611700
chroma,10,insert_fusionado,-,408,0,0.166555100
chroma,10,insert_fusionado,-,409,0,0.094525200
chroma,10,insert_fusionado,-,410,0,0.087831000
chroma,10,insert_fusionado,-,411,0,0.079383200
chroma,10,insert_fusionado,-,412,0,0.083726500
chroma,10,insert_fusionado,-,413,0,0.074214300
chroma,10,insert_fusionado,-,414,0,0.071731500
chroma,10,insert_fusionado,-,415,0,0.075443000
chroma,10,insert_fusionado,-,416,0,0.076222200
chroma,10,insert_fusionado,-,417,0,0.063999500
chroma,10,insert_fusionado,-,418,0,0.063857800
chroma,10,insert_fusionado,-,419,0,0.064778300
chroma,10,insert_fusionado,-,420,0,0.081383400
chroma,10,insert_fusionado,-,421,0,0.078203300
chroma,10,insert_fusionado,-,422,0,0.097063800
chroma,10,insert_fusionado,-,423,0,0.074529400
chroma,10,insert_fusionado,-,424,0,0.068098400
chroma,10,insert_fusionado,-,425,0,0.065947700
chroma,10,insert_fusionado,-,426,0,0.077447100
chroma,10,insert_fusionado,-,427,0,0.065562000
chroma,10,insert_fusionado,-,428,0,0.068311900
chroma,10,insert_fusionado,-,429,0,0.071534400
chroma,10,insert_fusionado,-,430,0,0.081062700
chroma,10,insert_fusionado,-,431,0,0.075375300
chroma,10,insert_fusionado,-,432,0,0.069954000
chroma,10,insert_fusionado,-,433,0,0.083639900
chroma,10,insert_fusionado,-,434,0,0.075003100
chroma,10,insert_fusionado,-,435,0,0.065888000
chroma,10,insert_fusionado,-,436,0,0.065415200
chroma,10,insert_fusionado,-,437,0,0.091916600
chroma,10,insert_fusionado,-,438,0,0.068817600
chroma,10,insert_fusionado,-,439,0,0.068925900
chroma,10,insert_fusionado,-,440,0,0.063470400
chroma,10,insert_fusionado,-,441,0,0.095583000
chroma,10,insert_fusionado,-,442,0,0.090302700
chroma,10,insert_fusionado,-,443,0,0.071900500
chroma,10,insert_fusionado,-,444,0,0.071798700
chroma,10,insert_fusionado,-,445,0,0.075039700
chroma,10,insert_fusionado,-,446,0,0.067504500
chroma,10,insert_fusionado,-,447,0,0.072424100
chroma,10,insert_fusionado,-,448,0,0.066509400
chroma,10,insert_fusionado,-,449,0,0.069676200
chroma,10,insert_fusionado,-,450,0,0.076893600
chroma,10,insert_fusionado,-,451,0,0.083953800
chroma,10,insert_fusionado,-,452,0,0.077352100
chroma,10,insert_fusionado,-,453,0,0.067138500
chroma,10,insert_fusionado,-,454,0,0.068576300
chroma,10,insert_fusionado,-,455,0,0.080726600
chroma,10,insert_fusionado,-,456,0,0.083473900
chroma,10,insert_fusionado,-,457,0,0.071424600
chroma,10,insert_fusionado,-,458,0,0.068685800
chroma,10,insert_fusionado,-,459,0,0.069210100
chroma,10,insert_fusionado,-,460,0,0.074513700
chroma,10,insert_fusionado,-,461,0,0.090741100
chroma,10,insert_fusionado,-,462,0,0.074183500
chroma,10,insert_fusionado,-,463,0,0.079016400
chroma,10,insert_fusionado,-,464,0,0.094557900
chroma,10,insert_fusionado,-,465,0,0.094102900
chroma,10,insert_fusionado,-,466,0,0.081492000
chroma,10,insert_fusionado,-,467,0,0.085187200
chroma,10,insert_fusionado,-,468,0,0.109817300
chroma,10,insert_fusionado,-,469,0,0.065420300
chroma,10,insert_fusionado,-,470,0,0.073684500
chroma,10,insert_fusionado,-,471,0,0.100154700
chroma,10,insert_fusionado,-,472,0,0.092498800
chroma,10,insert_fusionado,-,473,0,0.071976100
chroma,10,insert_fusionado,-,474,0,0.073492700
chroma,10,insert_fusionado,-,475,0,0.077842500
chroma,10,insert_fusionado,-,476,0,0.079015400
chroma,10,insert_fusionado,-,477,0,0.077626900
chroma,10,insert_fusionado,-,478,0,0.067942000
chroma,10,insert_fusionado,-,479,0,0.077407600
chroma,10,insert_fusionado,-,480,0,0.087634800
chroma,10,insert_fusionado,-,481,0,0.060406000
chroma,10,insert_fusionado,-,482,0,0.059246000
chroma,10,insert_fusionado,-,483,0,0.071079200
chroma,10,insert_fusionado,-,484,0,0.061601500
chroma,10,insert_fusionado,-,485,0,0.074080500
chroma,10,insert_fusionado,-,486,0,0.066485600
chroma,10,insert_fusionado,-,487,0,0.068610000
chroma,10,insert_fusionado,-,488,0,0.084643600
chroma,10,insert_fusionado,-,489,0,0.065700800
chroma,10,insert_fusionado,-,490,0,0.065731300
chroma,10,insert_fusionado,-,491,0,0.065121500
chroma,10,insert_fusionado,-,492,0,0.069186600
chroma,10,insert_fusionado,-,493,0,0.071115300
chroma,10,insert_fusionado,-,494,0,0.059555100
chroma,10,insert_fusionado,-,495,0,0.073142000
chroma,10,insert_fusionado,-,496,0,0.075569300
chroma,10,insert_fusionado,-,497,0,0.115352000
chroma,10,insert_fusionado,-,498,0,0.083105100
chroma,10,insert_fusionado,-,499,0,0.127486900
chroma,10,insert_fusionado,-,500,0,0.069456600
chroma,10,insert_fusionado,-,501,0,0.059175400
chroma,10,insert_fusionado,-,502,0,0.061042800
chroma,10,insert_fusionado,-,503,0,0.063601200
chroma,10,insert_fusionado,-,504,0,0.063979400
chroma,10,insert_fusionado,-,505,0,0.082395000
chroma,10,insert_fusionado,-,506,0,0.070584900
chroma,10,insert_fusionado,-,507,0,0.055569700
chroma,10,insert_fusionado,-,508,0,0.064006300
chroma,10,insert_fusionado,-,509,0,0.071998900
chroma,10,insert_fusionado,-,510,0,0.084899900
chroma,10,insert_fusionado,-,511,0,0.078046000
chroma,10,insert_fusionado,-,512,0,0.076734600
chroma,10,insert_fusionado,-,513,0,0.086111100
chroma,10,insert_fusionado,-,514,0,0.086101500
chroma,10,insert_fusionado,-,515,0,0.078819300
chroma,10,insert_fusionado,-,516,0,0.096847000
chroma,10,insert_fusionado,-,517,0,0.069941100
chroma,10,insert_fusionado,-,518,0,0.081699900
chroma,10,insert_fusionado,-,519,0,0.081157900
chroma,10,insert_fusionado,-,520,0,0.065518600
chroma,10,insert_fusionado,-,521,0,0.051688400
chroma,10,insert_fusionado,-,522,0,0.074107200
chroma,10,insert_fusionado,-,523,0,0.068177300
chroma,10,insert_fusionado,-,524,0,0.072844800
chroma,10,insert_fusionado,-,525,0,0.084039800
chroma,10,insert_fusionado,-,526,0,0.059675200
chroma,10,insert_fusionado,-,527,0,0.074815900
chroma,10,insert_fusionado,-,528,0,0.073775100
chroma,10,insert_fusionado,-,529,0,0.063247000
chroma,10,insert_fusionado,-,530,0,0.064793300
chroma,10,insert_fusionado,-,531,0,0.068120500
chroma,10,insert_fusionado,-,532,0,0.075558600
chroma,10,insert_fusionado,-,533,0,0.065174300
chroma,10,insert_fusionado,-,534,0,0.082900300
chroma,10,insert_fusionado,-,535,0,0.085599300
chroma,10,insert_fusionado,-,536,0,0.094958600
chroma,10,insert_fusionado,-,537,0,0.074019700
chroma,10,insert_fusionado,-,538,0,0.073594900
chroma,10,insert_fusionado,-,539,0,0.086734600
chroma,10,insert_fusionado,-,540,0,0.076158300
chroma,10,insert_fusionado,-,541,0,0.072056400
chroma,10,insert_fusionado,-,542,0,0.103857200
chroma,10,insert_fusionado,-,543,0,0.087718900
chroma,10,insert_fusionado,-,544,0,0.079174100
chroma,10,insert_fusionado,-,545,0,0.080508900
chroma,10,insert_fusionado,-,546,0,0.076763700
chroma,10,insert_fusionado,-,547,0,0.076006200
chroma,10,insert_fusionado,-,548,0,0.074348100
chroma,10,insert_fusionado,-,549,0,0.062872500
chroma,10,insert_fusionado,-,550,0,0.070904000
chroma,10,insert_fusionado,-,551,0,0.072360200
chroma,10,insert_fusionado,-,552,0,0.089639900
chroma,10,insert_fusionado,-,553,0,0.089191700
chroma,10,insert_fusionado,-,554,0,0.068105200
chroma,10,insert_fusionado,-,555,0,0.089647200
chroma,10,insert_fusionado,-,556,0,0.083257600
chroma,10,insert_fusionado,-,557,0,0.103162000
chroma,10,insert_fusionado,-,558,0,0.091979700
chroma,10,insert_fusionado,-,559,0,0.065087900
chroma,10,insert_fusionado,-,560,0,0.086174000
chroma,10,insert_fusionado,-,561,0,0.087804600
chroma,10,insert_fusionado,-,562,0,0.076264200
chroma,10,insert_fusionado,-,563,0,0.067228600
chroma,10,insert_fusionado,-,564,0,0.080491400
chroma,10,insert_fusionado,-,565,0,0.067559000
chroma,10,insert_fusionado,-,566,0,0.070489500
chroma,10,insert_fusionado,-,567,0,0.068607900
chroma,10,insert_fusionado,-,568,0,0.082299200
chroma,10,insert_fusionado,-,569,0,0.079148300
chroma,10,insert_fusionado,-,570,0,0.112788800
chroma,10,insert_fusionado,-,571,0,0.087210800
chroma,10,insert_fusionado,-,572,0,0.074657400
chroma,10,insert_fusionado,-,573,0,0.073020200
chroma,10,insert_fusionado,-,574,0,0.073558300
chroma,10,insert_fusionado,-,575,0,0.091571700
chroma,10,insert_fusionado,-,576,0,0.068543300
chroma,10,insert_fusionado,-,577,0,0.097552400
chroma,10,insert_fusionado,-,578,0,0.066472600
chroma,10,insert_fusionado,-,579,0,0.082370900
chroma,10,insert_fusionado,-,580,0,0.078357100
chroma,10,insert_fusionado,-,581,0,0.084225000
chroma,10,insert_fusionado,-,582,0,0.069726500
chroma,10,insert_fusionado,-,583,0,0.093444600
chroma,10,insert_fusionado,-,584,0,0.085331200
chroma,10,insert_fusionado,-,585,0,0.089053800
chroma,10,insert_fusionado,-,586,0,0.086191900
chroma,10,insert_fusionado,-,587,0,0.076213100
chroma,10,insert_fusionado,-,588,0,0.073671000
chroma,10,insert_fusionado,-,589,0,0.084991300
chroma,10,insert_fusionado,-,590,0,0.074758900
chroma,10,insert_fusionado,-,591,0,0.090090100
chroma,10,insert_fusionado,-,592,0,0.085249400
chroma,10,insert_fusionado,-,593,0,0.059715000
chroma,10,insert_fusionado,-,594,0,0.078824000
chroma,10,insert_fusionado,-,595,0,0.088520600
chroma,10,insert_fusionado,-,596,0,0.109894000
chroma,10,insert_fusionado,-,597,0,0.094427700
chroma,10,insert_fusionado,-,598,0,0.080188900
chroma,10,insert_fusionado,-,599,0,0.156032600
chroma,10,insert_fusionado,-,600,0,0.083780400
chroma,10,insert_fusionado,-,601,0,0.062168800
chroma,10,insert_fusionado,-,602,0,0.085657700
chroma,10,insert_fusionado,-,603,0,0.061772700
chroma,10,insert_fusionado,-,604,0,0.080742200
chroma,10,insert_fusionado,-,605,0,0.070948600
chroma,10,insert_fusionado,-,606,0,0.066651100
chroma,10,insert_fusionado,-,607,0,0.065596600
chroma,10,insert_fusionado,-,608,0,0.060794400
chroma,10,insert_fusionado,-,609,0,0.083365700
chroma,10,insert_fusionado,-,610,0,0.065497200
chroma,10,insert_fusionado,-,611,0,0.105643800
chroma,10,insert_fusionado,-,612,0,0.071015900
chroma,10,insert_fusionado,-,613,0,0.082850700
chroma,10,insert_fusionado,-,614,0,0.071733800
chroma,10,insert_fusionado,-,615,0,0.083545000
chroma,10,insert_fusionado,-,616,0,0.055826800
chroma,10,insert_fusionado,-,617,0,0.052680500
chroma,10,insert_fusionado,-,618,0,0.077827300
chroma,10,insert_fusionado,-,619,0,0.053639400
chroma,10,insert_fusionado,-,620,0,0.065095700
chroma,10,insert_fusionado,-,621,0,0.063833700
chroma,10,insert_fusionado,-,622,0,0.078480500
chroma,10,insert_fusionado,-,623,0,0.070231600
chroma,10,insert_fusionado,-,624,0,0.058716900
chroma,10,insert_fusionado,-,625,0,0.085723900
chroma,10,insert_fusionado,-,626,0,0.066617000
chroma,10,insert_fusionado,-,627,0,0.065880500
chroma,10,insert_fusionado,-,628,0,0.063422500
chroma,10,insert_fusionado,-,629,0,0.070510000
chroma,10,insert_fusionado,-,630,0,0.074333300
chroma,10,insert_fusionado,-,631,0,0.065947900
chroma,10,insert_fusionado,-,632,0,0.064628500
chroma,10,insert_fusionado,-,633,0,0.061603900
chroma,10,insert_fusionado,-,634,0,0.062129200
chroma,10,insert_fusionado,-,635,0,0.079913800
chroma,10,insert_fusionado,-,636,0,0.059757600
chroma,10,insert_fusionado,-,637,0,0.081379200
chroma,10,insert_fusionado,-,638,0,0.061370300
chroma,10,insert_fusionado,-,639,0,0.069685200
chroma,10,insert_fusionado,-,640,0,0.074783500
chroma,10,insert_fusionado,-,641,0,0.071063900
chroma,10,insert_fusionado,-,642,0,0.071681700
chroma,10,insert_fusionado,-,643,0,0.073831400
chroma,10,insert_fusionado,-,644,0,0.078151000
chroma,10,insert_fusionado,-,645,0,0.087032400
chroma,10,insert_fusionado,-,646,0,0.076730900
chroma,10,insert_fusionado,-,647,0,0.083468200
chroma,10,insert_fusionado,-,648,0,0.078871200
chroma,10,insert_fusionado,-,649,0,0.070852100
chroma,10,insert_fusionado,-,650,0,0.100918600
chroma,10,insert_fusionado,-,651,0,0.068525000
chroma,10,insert_fusionado,-,652,0,0.074410900
chroma,10,insert_fusionado,-,653,0,0.073282100
chroma,10,insert_fusionado,-,654,0,0.074703500
chroma,10,insert_fusionado,-,655,0,0.096280400
chroma,10,insert_fusionado,-,656,0,0.065517600
chroma,10,insert_fusionado,-,657,0,0.068408400
chroma,10,insert_fusionado,-,658,0,0.069569100
chroma,10,insert_fusionado,-,659,0,0.081740000
chroma,10,insert_fusionado,-,660,0,0.064675200
chroma,10,insert_fusionado,-,661,0,0.082135000
chroma,10,insert_fusionado,-,662,0,0.068468100
chroma,10,insert_fusionado,-,663,0,0.073919900
chroma,10,insert_fusionado,-,664,0,0.072961300
chroma,10,insert_fusionado,-,665,0,0.065835400
chroma,10,insert_fusionado,-,666,0,0.076403300
chroma,10,insert_fusionado,-,667,0,0.103372900
chroma,10,insert_fusionado,-,668,0,0.082030700
chroma,10,insert_fusionado,-,669,0,0.097825400
chroma,10,insert_fusionado,-,670,0,0.071416300
chroma,10,insert_fusionado,-,671,0,0.089448800
chroma,10,insert_fusionado,-,672,0,0.068771300
chroma,10,insert_fusionado,-,673,0,0.061619100
chroma,10,insert_fusionado,-,674,0,0.070468100
chroma,10,insert_fusionado,-,675,0,0.105591100
chroma,10,insert_fusionado,-,676,0,0.084142900
chroma,10,insert_fusionado,-,677,0,0.092006800
chroma,10,insert_fusionado,-,678,0,0.082636000
chroma,10,insert_fusionado,-,679,0,0.076673500
chroma,10,insert_fusionado,-,680,0,0.080642200
chroma,10,insert_fusionado,-,681,0,0.074890600
chroma,10,insert_fusionado,-,682,0,0.070685600
chroma,10,insert_fusionado,-,683,0,0.100302700
chroma,10,insert_fusionado,-,684,0,0.086622100
chroma,10,insert_fusionado,-,685,0,0.083218500
chroma,10,insert_fusionado,-,686,0,0.068860700
chroma,10,insert_fusionado,-,687,0,0.061928300
chroma,10,insert_fusionado,-,688,0,0.070104100
chroma,10,insert_fusionado,-,689,0,0.076552600
chroma,10,insert_fusionado,-,690,0,0.089200700
chroma,10,insert_fusionado,-,691,0,0.078596800
chroma,10,insert_fusionado,-,692,0,0.073574900
chroma,10,insert_fusionado,-,693,0,0.066872700
chroma,10,insert_fusionado,-,694,0,0.067218700
chroma,10,insert_fusionado,-,695,0,0.064899800
chroma,10,insert_fusionado,-,696,0,0.063256700
chroma,10,insert_fusionado,-,697,0,0.088935200
chroma,10,insert_fusionado,-,698,0,0.100803500
chroma,10,insert_fusionado,-,699,0,0.165817300
chroma,10,insert_fusionado,-,700,0,0.070479800
chroma,10,insert_fusionado,-,701,0,0.107667400
chroma,10,insert_fusionado,-,702,0,0.071915700
chroma,10,insert_fusionado,-,703,0,0.081772100
chroma,10,insert_fusionado,-,704,0,0.073114500
chroma,10,insert_fusionado,-,705,0,0.073871800
chroma,10,insert_fusionado,-,706,0,0.066808900
chroma,10,insert_fusionado,-,707,0,0.075584900
chroma,10,insert_fusionado,-,708,0,0.068725100
chroma,10,insert_fusionado,-,709,0,0.073543400
chroma,10,insert_fusionado,-,710,0,0.063038900
chroma,10,insert_fusionado,-,711,0,0.053863600
chroma,10,insert_fusionado,-,712,0,0.055587800
chroma,10,insert_fusionado,-,713,0,0.062523300
chroma,10,insert_fusionado,-,714,0,0.057444800
chroma,10,insert_fusionado,-,715,0,0.071692800
chroma,10,insert_fusionado,-,716,0,0.072344300
chroma,10,insert_fusionado,-,717,0,0.061870400
chroma,10,insert_fusionado,-,718,0,0.081103200
chroma,10,insert_fusionado,-,719,0,0.084080400
chroma,10,insert_fusionado,-,720,0,0.073145900
chroma,10,insert_fusionado,-,721,0,0.064544400
chroma,10,insert_fusionado,-,722,0,0.060574900
chroma,10,insert_fusionado,-,723,0,0.093232500
chroma,10,insert_fusionado,-,724,0,0.065840200
chroma,10,insert_fusionado,-,725,0,0.075010700
chroma,10,insert_fusionado,-,726,0,0.062091500
chroma,10,insert_fusionado,-,727,0,0.059119500
chroma,10,insert_fusionado,-,728,0,0.056957900
chroma,10,insert_fusionado,-,729,0,0.060264300
chroma,10,insert_fusionado,-,730,0,0.063292700
chroma,10,insert_fusionado,-,731,0,0.065036500
chroma,10,insert_fusionado,-,732,0,0.060568400
chroma,10,insert_fusionado,-,733,0,0.073278400
chroma,10,insert_fusionado,-,734,0,0.081443700
chroma,10,insert_fusionado,-,735,0,0.056355900
chroma,10,insert_fusionado,-,736,0,0.060988800
chroma,10,insert_fusionado,-,737,0,0.077043400
chroma,10,insert_fusionado,-,738,0,0.080261000
chroma,10,insert_fusionado,-,739,0,0.067646100
chroma,10,insert_fusionado,-,740,0,0.074930800
chroma,10,insert_fusionado,-,741,0,0.082290500
chroma,10,insert_fusionado,-,742,0,0.092529700
chroma,10,insert_fusionado,-,743,0,0.079224400
chroma,10,insert_fusionado,-,744,0,0.080277700
chroma,10,insert_fusionado,-,745,0,0.108743400
chroma,10,insert_fusionado,-,746,0,0.066364900
chroma,10,insert_fusionado,-,747,0,0.064844800
chroma,10,insert_fusionado,-,748,0,0.071073800
chroma,10,insert_fusionado,-,749,0,0.077501200
chroma,10,insert_fusionado,-,750,0,0.071833300
chroma,10,insert_fusionado,-,751,0,0.061992100
chroma,10,insert_fusionado,-,752,0,0.089587000
chroma,10,insert_fusionado,-,753,0,0.065206700
chroma,10,insert_fusionado,-,754,0,0.074979000
chroma,10,insert_fusionado,-,755,0,0.077690100
chroma,10,insert_fusionado,-,756,0,0.099805300
chroma,10,insert_fusionado,-,757,0,0.078431500
chroma,10,insert_fusionado,-,758,0,0.064203800
chroma,10,insert_fusionado,-,759,0,0.076828400
chroma,10,insert_fusionado,-,760,0,0.063968100
chroma,10,insert_fusionado,-,761,0,0.060765400
chroma,10,insert_fusionado,-,762,0,0.060877900
chroma,10,insert_fusionado,-,763,0,0.066746400
chroma,10,insert_fusionado,-,764,0,0.061931500
chroma,10,insert_fusionado,-,765,0,0.057015400
chroma,10,insert_fusionado,-,766,0,0.068010100
chroma,10,insert_fusionado,-,767,0,0.075001600
chroma,10,insert_fusionado,-,768,0,0.067689600
chroma,10,insert_fusionado,-,769,0,0.067103200
chroma,10,insert_fusionado,-,770,0,0.068278900
chroma,10,insert_fusionado,-,771,0,0.083236900
chroma,10,insert_fusionado,-,772,0,0.101351200
chroma,10,insert_fusionado,-,773,0,0.093215100
chroma,10,insert_fusionado,-,774,0,0.077873500
chroma,10,insert_fusionado,-,775,0,0.105488500
chroma,10,insert_fusionado,-,776,0,0.073817100
chroma,10,insert_fusionado,-,777,0,0.069623000
chroma,10,insert_fusionado,-,778,0,0.083333400
chroma,10,insert_fusionado,-,779,0,0.078251000
chroma,10,insert_fusionado,-,780,0,0.080025500
chroma,10,insert_fusionado,-,781,0,0.072884400
chroma,10,insert_fusionado,-,782,0,0.082416200
chroma,10,insert_fusionado,-,783,0,0.074712100
chroma,10,insert_fusionado,-,784,0,0.069149200
chroma,10,insert_fusionado,-,785,0,0.075660500
chroma,10,insert_fusionado,-,786,0,0.075917500
chroma,10,insert_fusionado,-,787,0,0.072850700
chroma,10,insert_fusionado,-,788,0,0.074036700
chroma,10,insert_fusionado,-,789,0,0.074490300
chroma,10,insert_fusionado,-,790,0,0.069482500
chroma,10,insert_fusionado,-,791,0,0.074181800
chroma,10,insert_fusionado,-,792,0,0.081832000
chroma,10,insert_fusionado,-,793,0,0.085883100
chroma,10,insert_fusionado,-,794,0,0.070123300
chroma,10,insert_fusionado,-,795,0,0.098046700
chroma,10,insert_fusionado,-,796,0,0.109747500
chroma,10,insert_fusionado,-,797,0,0.098965700
chroma,10,insert_fusionado,-,798,0,0.084718300
chroma,10,insert_fusionado,-,799,0,0.144130700
chroma,10,insert_fusionado,-,800,0,0.070951700
chroma,10,insert_fusionado,-,801,0,0.065534000
chroma,10,insert_fusionado,-,802,0,0.062828500
chroma,10,insert_fusionado,-,803,0,0.069331900
chroma,10,insert_fusionado,-,804,0,0.073940000
chroma,10,insert_fusionado,-,805,0,0.066530800
chroma,10,insert_fusionado,-,806,0,0.072151600
chroma,10,insert_fusionado,-,807,0,0.072371100
chroma,10,insert_fusionado,-,808,0,0.066650900
chroma,10,insert_fusionado,-,809,0,0.069723300
chroma,10,insert_fusionado,-,810,0,0.074449000
chroma,10,insert_fusionado,-,811,0,0.100745600
chroma,10,insert_fusionado,-,812,0,0.073499300
chroma,10,insert_fusionado,-,813,0,0.070753400
chroma,10,insert_fusionado,-,814,0,0.072533100
chroma,10,insert_fusionado,-,815,0,0.059050400
chroma,10,insert_fusionado,-,816,0,0.068718700
chroma,10,insert_fusionado,-,817,0,0.064531100
chroma,10,insert_fusionado,-,818,0,0.074870200
chroma,10,insert_fusionado,-,819,0,0.082019200
chroma,10,insert_fusionado,-,820,0,0.073479400
chroma,10,insert_fusionado,-,821,0,0.079943800
chroma,10,insert_fusionado,-,822,0,0.072474300
chroma,10,insert_fusionado,-,823,0,0.073507400
chroma,10,insert_fusionado,-,824,0,0.106205400
chroma,10,insert_fusionado,-,825,0,0.069946800
chroma,10,insert_fusionado,-,826,0,0.070667700
chroma,10,insert_fusionado,-,827,0,0.053343900
chroma,10,insert_fusionado,-,828,0,0.078867500
chroma,10,insert_fusionado,-,829,0,0.063112700
chroma,10,insert_fusionado,-,830,0,0.068646200
chroma,10,insert_fusionado,-,831,0,0.068688900
chroma,10,insert_fusionado,-,832,0,0.060096800
chroma,10,insert_fusionado,-,833,0,0.067151600
chroma,10,insert_fusionado,-,834,0,0.077707300
chroma,10,insert_fusionado,-,835,0,0.071045100
chroma,10,insert_fusionado,-,836,0,0.074231700
chroma,10,insert_fusionado,-,837,0,0.075904000
chroma,10,insert_fusionado,-,838,0,0.073365200
chroma,10,insert_fusionado,-,839,0,0.062162200
chroma,10,insert_fusionado,-,840,0,0.074633400
chroma,10,insert_fusionado,-,841,0,0.075689700
chroma,10,insert_fusionado,-,842,0,0.096978200
chroma,10,insert_fusionado,-,843,0,0.076456900
chroma,10,insert_fusionado,-,844,0,0.080641500
chroma,10,insert_fusionado,-,845,0,0.079826600
chroma,10,insert_fusionado,-,846,0,0.093627200
chroma,10,insert_fusionado,-,847,0,0.104640900
chroma,10,insert_fusionado,-,848,0,0.098257900
chroma,10,insert_fusionado,-,849,0,0.070216500
chroma,10,insert_fusionado,-,850,0,0.074872600
chroma,10,insert_fusionado,-,851,0,0.088033100
chroma,10,insert_fusionado,-,852,0,0.086492000
chroma,10,insert_fusionado,-,853,0,0.069463900
chroma,10,insert_fusionado,-,854,0,0.067664500
chroma,10,insert_fusionado,-,855,0,0.066708200
chroma,10,insert_fusionado,-,856,0,0.072223600
chroma,10,insert_fusionado,-,857,0,0.069260300
chroma,10,insert_fusionado,-,858,0,0.073074100
chroma,10,insert_fusionado,-,859,0,0.070742100
chroma,10,insert_fusionado,-,860,0,0.064886300
chroma,10,insert_fusionado,-,861,0,0.077506900
chroma,10,insert_fusionado,-,862,0,0.061416000
chroma,10,insert_fusionado,-,863,0,0.072839200
chroma,10,insert_fusionado,-,864,0,0.079864700
chroma,10,insert_fusionado,-,865,0,0.070168700
chroma,10,insert_fusionado,-,866,0,0.070685200
chroma,10,insert_fusionado,-,867,0,0.067734200
chroma,10,insert_fusionado,-,868,0,0.067320900
chroma,10,insert_fusionado,-,869,0,0.068980700
chroma,10,insert_fusionado,-,870,0,0.094111700
chroma,10,insert_fusionado,-,871,0,0.086455600
chroma,10,insert_fusionado,-,872,0,0.069127600
chroma,10,insert_fusionado,-,873,0,0.074116900
chroma,10,insert_fusionado,-,874,0,0.065789000
chroma,10,insert_fusionado,-,875,0,0.078883000
chroma,10,insert_fusionado,-,876,0,0.071475500
chroma,10,insert_fusionado,-,877,0,0.070523200
chroma,10,insert_fusionado,-,878,0,0.062947700
chroma,10,insert_fusionado,-,879,0,0.081213700
chroma,10,insert_fusionado,-,880,0,0.073101300
chroma,10,insert_fusionado,-,881,0,0.069959900
chroma,10,insert_fusionado,-,882,0,0.071724100
chroma,10,insert_fusionado,-,883,0,0.084083700
chroma,10,insert_fusionado,-,884,0,0.103334000
chroma,10,insert_fusionado,-,885,0,0.071666300
chroma,10,insert_fusionado,-,886,0,0.070770100
chroma,10,insert_fusionado,-,887,0,0.082953900
chroma,10,insert_fusionado,-,888,0,0.069736400
chroma,10,insert_fusionado,-,889,0,0.079300800
chroma,10,insert_fusionado,-,890,0,0.073055500
chroma,10,insert_fusionado,-,891,0,0.073682800
chroma,10,insert_fusionado,-,892,0,0.072338100
chroma,10,insert_fusionado,-,893,0,0.082378500
chroma,10,insert_fusionado,-,894,0,0.071479000
chroma,10,insert_fusionado,-,895,0,0.096980500
chroma,10,insert_fusionado,-,896,0,0.089598100
chroma,10,insert_fusionado,-,897,0,0.086202600
chroma,10,insert_fusionado,-,898,0,0.075804000
chroma,10,insert_fusionado,-,899,0,0.162647400
chroma,10,insert_fusionado,-,900,0,0.074281800
chroma,10,insert_fusionado,-,901,0,0.085648000
chroma,10,insert_fusionado,-,902,0,0.078228300
chroma,10,insert_fusionado,-,903,0,0.060245000
chroma,10,insert_fusionado,-,904,0,0.072160900
chroma,10,insert_fusionado,-,905,0,0.078570700
chroma,10,insert_fusionado,-,906,0,0.074922400
chroma,10,insert_fusionado,-,907,0,0.089554500
chroma,10,insert_fusionado,-,908,0,0.058225400
chroma,10,insert_fusionado,-,909,0,0.108862300
chroma,10,insert_fusionado,-,910,0,0.075276500
chroma,10,insert_fusionado,-,911,0,0.081999900
chroma,10,insert_fusionado,-,912,0,0.105129300
chroma,10,insert_fusionado,-,913,0,0.092238400
chroma,10,insert_fusionado,-,914,0,0.073676300
chroma,10,insert_fusionado,-,915,0,0.071607100
chroma,10,insert_fusionado,-,916,0,0.097777900
chroma,10,insert_fusionado,-,917,0,0.083644900
chroma,10,insert_fusionado,-,918,0,0.083352900
chroma,10,insert_fusionado,-,919,0,0.086263100
chroma,10,insert_fusionado,-,920,0,0.070959700
chroma,10,insert_fusionado,-,921,0,0.088381300
chroma,10,insert_fusionado,-,922,0,0.066206100
chroma,10,insert_fusionado,-,923,0,0.087091500
chroma,10,insert_fusionado,-,924,0,0.057468500
chroma,10,insert_fusionado,-,925,0,0.062489500
chroma,10,insert_fusionado,-,926,0,0.077044300
chroma,10,insert_fusionado,-,927,0,0.075905800
chroma,10,insert_fusionado,-,928,0,0.082442500
chroma,10,insert_fusionado,-,929,0,0.057103900
chroma,10,insert_fusionado,-,930,0,0.067646300
chroma,10,insert_fusionado,-,931,0,0.074514800
chroma,10,insert_fusionado,-,932,0,0.061051500
chroma,10,insert_fusionado,-,933,0,0.081888600
chroma,10,insert_fusionado,-,934,0,0.075298500
chroma,10,insert_fusionado,-,935,0,0.064772900
chroma,10,insert_fusionado,-,936,0,0.082716100
chroma,10,insert_fusionado,-,937,0,0.078876800
chroma,10,insert_fusionado,-,938,0,0.072146100
chroma,10,insert_fusionado,-,939,0,0.075163300
chroma,10,insert_fusionado,-,940,0,0.084485200
chroma,10,insert_fusionado,-,941,0,0.077746000
chroma,10,insert_fusionado,-,942,0,0.078304200
chroma,10,insert_fusionado,-,943,0,0.063926000
chroma,10,insert_fusionado,-,944,0,0.068682900
chroma,10,insert_fusionado,-,945,0,0.073086200
chroma,10,insert_fusionado,-,946,0,0.070267900
chroma,10,insert_fusionado,-,947,0,0.093615100
chroma,10,insert_fusionado,-,948,0,0.070954600
chroma,10,insert_fusionado,-,949,0,0.074400100
chroma,10,insert_fusionado,-,950,0,0.070564600
chroma,10,insert_fusionado,-,951,0,0.068148100
chroma,10,insert_fusionado,-,952,0,0.097995900
chroma,10,insert_fusionado,-,953,0,0.066120400
chroma,10,insert_fusionado,-,954,0,0.078450400
chroma,10,insert_fusionado,-,955,0,0.084159900
chroma,10,insert_fusionado,-,956,0,0.072220500
chroma,10,insert_fusionado,-,957,0,0.075495900
chroma,10,insert_fusionado,-,958,0,0.066846700
chroma,10,insert_fusionado,-,959,0,0.082734700
chroma,10,insert_fusionado,-,960,0,0.074716700
chroma,10,insert_fusionado,-,961,0,0.074041700
chroma,10,insert_fusionado,-,962,0,0.070932000
chroma,10,insert_fusionado,-,963,0,0.073777000
chroma,10,insert_fusionado,-,964,0,0.065589000
chroma,10,insert_fusionado,-,965,0,0.068948600
chroma,10,insert_fusionado,-,966,0,0.075301900
chroma,10,insert_fusionado,-,967,0,0.074828800
chroma,10,insert_fusionado,-,968,0,0.074571500
chroma,10,insert_fusionado,-,969,0,0.063059400
chroma,10,insert_fusionado,-,970,0,0.071445000
chroma,10,insert_fusionado,-,971,0,0.077005800
chroma,10,insert_fusionado,-,972,0,0.076069100
chroma,10,insert_fusionado,-,973,0,0.059857000
chroma,10,insert_fusionado,-,974,0,0.076110000
chroma,10,insert_fusionado,-,975,0,0.064997500
chroma,10,insert_fusionado,-,976,0,0.081568400
chroma,10,insert_fusionado,-,977,0,0.101406700
chroma,10,insert_fusionado,-,978,0,0.119169300
chroma,10,insert_fusionado,-,979,0,0.072842100
chroma,10,insert_fusionado,-,980,0,0.090175500
chroma,10,insert_fusionado,-,981,0,0.084933400
chroma,10,insert_fusionado,-,982,0,0.078072400
chroma,10,insert_fusionado,-,983,0,0.082434100
chroma,10,insert_fusionado,-,984,0,0.085147400
chroma,10,insert_fusionado,-,985,0,0.074284900
chroma,10,insert_fusionado,-,986,0,0.068475800
chroma,10,insert_fusionado,-,987,0,0.075191900
chroma,10,insert_fusionado,-,988,0,0.083290300
chroma,10,insert_fusionado,-,989,0,0.072977900
chroma,10,insert_fusionado,-,990,0,0.057122200
chroma,10,insert_fusionado,-,991,0,0.075880900
chroma,10,insert_fusionado,-,992,0,0.106501800
chroma,10,insert_fusionado,-,993,0,0.083808000
chroma,10,insert_fusionado,-,994,0,0.086065300
chroma,10,insert_fusionado,-,995,0,0.077151400
chroma,10,insert_fusionado,-,996,0,0.099117100
chroma,10,insert_fusionado,-,997,0,0.096656600
chroma,10,insert_fusionado,-,998,0,0.069025500
chroma,10,insert_fusionado,-,999,0,0.179516700
chroma,100,insert_fusionado,-,0,0,0.575824900
chroma,100,insert_fusionado,-,1,0,0.418457800
chroma,100,insert_fusionado,-,2,0,0.449788400
chroma,100,insert_fusionado,-,3,0,0.358693200
chroma,100,insert_fusionado,-,4,0,0.468866900
chroma,100,insert_fusionado,-,5,0,0.508785200
chroma,100,insert_fusionado,-,6,0,0.489976800
chroma,100,insert_fusionado,-,7,0,0.385075500
chroma,100,insert_fusionado,-,8,0,0.476449300
chroma,100,insert_fusionado,-,9,0,0.415988500
chroma,100,insert_fusionado,-,10,0,0.468168500
chroma,100,insert_fusionado,-,11,0,0.390849600
chroma,100,insert_fusionado,-,12,0,0.374451400
chroma,100,insert_fusionado,-,13,0,0.407835600
chroma,100,insert_fusionado,-,14,0,0.428116900
chroma,100,insert_fusionado,-,15,0,0.419065000
chroma,100,insert_fusionado,-,16,0,0.383827700
chroma,100,insert_fusionado,-,17,0,0.437761800
chroma,100,insert_fusionado,-,18,0,0.456815900
chroma,100,insert_fusionado,-,19,0,0.468073700
chroma,100,insert_fusionado,-,20,0,0.485032100
chroma,100,insert_fusionado,-,21,0,0.446800000
chroma,100,insert_fusionado,-,22,0,0.364464900
chroma,100,insert_fusionado,-,23,0,0.509220900
chroma,100,insert_fusionado,-,24,0,0.468484800
chroma,100,insert_fusionado,-,25,0,0.502452900
chroma,100,insert_fusionado,-,26,0,0.446368700
chroma,100,insert_fusionado,-,27,0,0.404880100
chroma,100,insert_fusionado,-,28,0,0.557222100
chroma,100,insert_fusionado,-,29,0,0.627652400
chroma,100,insert_fusionado,-,30,0,0.467073300
chroma,100,insert_fusionado,-,31,0,0.416773100
chroma,100,insert_fusionado,-,32,0,0.472416000
chroma,100,insert_fusionado,-,33,0,0.435334600
chroma,100,insert_fusionado,-,34,0,0.400557900
chroma,100,insert_fusionado,-,35,0,0.415491100
chroma,100,insert_fusionado,-,36,0,0.392071400
chroma,100,insert_fusionado,-,37,0,0.503819900
chroma,100,insert_fusionado,-,38,0,0.467688400
chroma,100,insert_fusionado,-,39,0,0.513396500
chroma,100,insert_fusionado,-,40,0,0.513316800
chroma,100,insert_fusionado,-,41,0,0.453598200
chroma,100,insert_fusionado,-,42,0,0.458337800
chroma,100,insert_fusionado,-,43,0,0.421232300
chroma,100,insert_fusionado,-,44,0,0.423070400
chroma,100,insert_fusionado,-,45,0,0.390162800
chroma,100,insert_fusionado,-,46,0,0.505035300
chroma,100,insert_fusionado,-,47,0,0.446674900
chroma,100,insert_fusionado,-,48,0,0.371962400
chroma,100,insert_fusionado,-,49,0,0.434374200
chroma,100,insert_fusionado,-,50,0,0.381959100
chroma,100,insert_fusionado,-,51,0,0.515724900
chroma,100,insert_fusionado,-,52,0,0.396068700
chroma,100,insert_fusionado,-,53,0,0.426317500
chroma,100,insert_fusionado,-,54,0,0.492679100
chroma,100,insert_fusionado,-,55,0,0.507423500
chroma,100,insert_fusionado,-,56,0,0.425940000
chroma,100,insert_fusionado,-,57,0,0.492516300
chroma,100,insert_fusionado,-,58,0,0.438841200
chroma,100,insert_fusionado,-,59,0,0.529257100
chroma,100,insert_fusionado,-,60,0,0.416207000
chroma,100,insert_fusionado,-,61,0,0.436642000
chroma,100,insert_fusionado,-,62,0,0.395167700
chroma,100,insert_fusionado,-,63,0,0.372738100
chroma,100,insert_fusionado,-,64,0,0.400837000
chroma,100,insert_fusionado,-,65,0,0.466310700
chroma,100,insert_fusionado,-,66,0,0.447659000
chroma,100,insert_fusionado,-,67,0,0.449093300
chroma,100,insert_fusionado,-,68,0,0.463241000
chroma,100,insert_fusionado,-,69,0,0.535952600
chroma,100,insert_fusionado,-,70,0,0.482777000
chroma,100,insert_fusionado,-,71,0,0.398876300
chroma,100,insert_fusionado,-,72,0,0.390169500
chroma,100,insert_fusionado,-,73,0,0.352444800
chroma,100,insert_fusionado,-,74,0,0.471987900
chroma,100,insert_fusionado,-,75,0,0.444465800
chroma,100,insert_fusionado,-,76,0,0.329406300
chroma,100,insert_fusionado,-,77,0,0.480962200
chroma,100,insert_fusionado,-,78,0,0.377595400
chroma,100,insert_fusionado,-,79,0,0.542648400
chroma,100,insert_fusionado,-,80,0,0.395668900
chroma,100,insert_fusionado,-,81,0,0.462385900
chroma,100,insert_fusionado,-,82,0,0.405546000
chroma,100,insert_fusionado,-,83,0,0.387453100
chroma,100,insert_fusionado,-,84,0,0.516356400
chroma,100,insert_fusionado,-,85,0,0.398973400
chroma,100,insert_fusionado,-,86,0,0.355348400
chroma,100,insert_fusionado,-,87,0,0.436028300
chroma,100,insert_fusionado,-,88,0,0.417346100
chroma,100,insert_fusionado,-,89,0,0.508809200
chroma,100,insert_fusionado,-,90,0,0.433647500
chroma,100,insert_fusionado,-,91,0,0.487749300
chroma,100,insert_fusionado,-,92,0,0.439236000
chroma,100,insert_fusionado,-,93,0,0.420019600
chroma,100,insert_fusionado,-,94,0,0.449615900
chroma,100,insert_fusionado,-,95,0,0.393838500
chroma,100,insert_fusionado,-,96,0,0.395842200
chroma,100,insert_fusionado,-,97,0,0.498186800
chroma,100,insert_fusionado,-,98,0,0.420807400
chroma,100,insert_fusionado,-,99,0,0.610162600
chroma,500,insert_fusionado,-,0,0,1.850991900
chroma,500,insert_fusionado,-,1,0,1.939689000
chroma,500,insert_fusionado,-,2,0,1.681314200
chroma,500,insert_fusionado,-,3,0,1.724790200
chroma,500,insert_fusionado,-,4,0,1.737259500
chroma,500,insert_fusionado,-,5,0,1.912043500
chroma,500,insert_fusionado,-,6,0,1.793301900
chroma,500,insert_fusionado,-,7,0,1.835643800
chroma,500,insert_fusionado,-,8,0,1.891261500
chroma,500,insert_fusionado,-,9,0,1.810702600
chroma,500,insert_fusionado,-,10,0,1.723605800
chroma,500,insert_fusionado,-,11,0,1.926651900
chroma,500,insert_fusionado,-,12,0,1.623258300
chroma,500,insert_fusionado,-,13,0,1.752154300
chroma,500,insert_fusionado,-,14,0,1.645182200
chroma,500,insert_fusionado,-,15,0,1.787526700
chroma,500,insert_fusionado,-,16,0,2.042619700
chroma,500,insert_fusionado,-,17,0,1.745724700
chroma,500,insert_fusionado,-,18,0,1.743688700
chroma,500,insert_fusionado,-,19,0,1.871007300
chroma,2000,insert_fusionado,-,0,0,6.703110700
chroma,2000,insert_fusionado,-,1,0,6.682094600
chroma,2000,insert_fusionado,-,2,0,6.714959400
chroma,2000,insert_fusionado,-,3,0,6.318193500
chroma,2000,insert_fusionado,-,4,0,6.668860400
chroma,5000,insert_fusionado,-,0,0,16.771399400
chroma,5000,insert_fusionado,-,1,0,18.564169900
chroma,10000,insert_fusionado,-,0,0,32.761530000
