sistema,tam_chunk,operacion,metrica,muestra,repeticion,segundos
postgres,1,generar_emb,-,0,0,0.020087500
postgres,1,insert_emb,-,0,0,0.006793400
postgres,1,generar_emb,-,1,0,0.012028900
postgres,1,insert_emb,-,1,0,0.004998900
postgres,1,generar_emb,-,2,0,0.010091500
postgres,1,insert_emb,-,2,0,0.004938500
postgres,1,generar_emb,-,3,0,0.012359800
postgres,1,insert_emb,-,3,0,0.004909600
postgres,1,generar_emb,-,4,0,0.010875100
postgres,1,insert_emb,-,4,0,0.004558000
postgres,1,generar_emb,-,5,0,0.011002900
postgres,1,insert_emb,-,5,0,0.005194700
postgres,1,generar_emb,-,6,0,0.009978100
postgres,1,insert_emb,-,6,0,0.004941800
postgres,1,generar_emb,-,7,0,0.010375400
postgres,1,insert_emb,-,7,0,0.004777800
postgres,1,generar_emb,-,8,0,0.011689000
postgres,1,insert_emb,-,8,0,0.004701100
postgres,1,generar_emb,-,9,0,0.011500000
postgres,1,insert_emb,-,9,0,0.004484600
postgres,1,generar_emb,-,10,0,0.012970900
postgres,1,insert_emb,-,10,0,0.004735600
postgres,1,generar_emb,-,11,0,0.013028800
postgres,1,insert_emb,-,11,0,0.004481200
postgres,1,generar_emb,-,12,0,0.011886800
postgres,1,insert_emb,-,12,0,0.005002600
postgres,1,generar_emb,-,13,0,0.012185500
postgres,1,insert_emb,-,13,0,0.005100800
postgres,1,generar_emb,-,14,0,0.011082400
postgres,1,insert_emb,-,14,0,0.004504500
postgres,1,generar_emb,-,15,0,0.012764800
postgres,1,insert_emb,-,15,0,0.004636400
postgres,1,generar_emb,-,16,0,0.010975900
postgres,1,insert_emb,-,16,0,0.004220500
postgres,1,generar_emb,-,17,0,0.009720200
postgres,1,insert_emb,-,17,0,0.004634600
postgres,1,generar_emb,-,18,0,0.010824100
postgres,1,insert_emb,-,18,0,0.004813800
postgres,1,generar_emb,-,19,0,0.010805800
postgres,1,insert_emb,-,19,0,0.004898600
postgres,1,generar_emb,-,20,0,0.010773600
postgres,1,insert_emb,-,20,0,0.005442100
postgres,1,generar_emb,-,21,0,0.013696300
postgres,1,insert_emb,-,21,0,0.004926100
postgres,1,generar_emb,-,22,0,0.011069100
postgres,1,insert_emb,-,22,0,0.004485400
postgres,1,generar_emb,-,23,0,0.010777100
postgres,1,insert_emb,-,23,0,0.004538100
postgres,1,generar_emb,-,24,0,0.010991600
postgres,1,insert_emb,-,24,0,0.004754800
postgres,1,generar_emb,-,25,0,0.012454800
postgres,1,insert_emb,-,25,0,0.004708700
postgres,1,generar_emb,-,26,0,0.012500400
postgres,1,insert_emb,-,26,0,0.004702000
postgres,1,generar_emb,-,27,0,0.011747100
postgres,1,insert_emb,-,27,0,0.004353800
postgres,1,generar_emb,-,28,0,0.012114600
postgres,1,insert_emb,-,28,0,0.004732100
postgres,1,generar_emb,-,29,0,0.011492500
postgres,1,insert_emb,-,29,0,0.005035900
postgres,1,generar_emb,-,30,0,0.012626300
postgres,1,insert_emb,-,30,0,0.004593700
postgres,1,generar_emb,-,31,0,0.012326800
postgres,1,insert_emb,-,31,0,0.004515400
postgres,1,generar_emb,-,32,0,0.011186600
postgres,1,insert_emb,-,32,0,0.004584600
postgres,1,generar_emb,-,33,0,0.010387400
postgres,1,insert_emb,-,33,0,0.004358700
postgres,1,generar_emb,-,34,0,0.011529500
postgres,1,insert_emb,-,34,0,0.004758900
postgres,1,generar_emb,-,35,0,0.010550800
postgres,1,insert_emb,-,35,0,0.004533400
postgres,1,generar_emb,-,36,0,0.011686100
postgres,1,insert_emb,-,36,0,0.004437800
postgres,1,generar_emb,-,37,0,0.009812800
postgres,1,insert_emb,-,37,0,0.004279800
postgres,1,generar_emb,-,38,0,0.011949400
postgres,1,insert_emb,-,38,0,0.004334500
postgres,1,generar_emb,-,39,0,0.011982600
postgres,1,insert_emb,-,39,0,0.004644700
postgres,1,generar_emb,-,40,0,0.011496200
postgres,1,insert_emb,-,40,0,0.004867000
postgres,1,generar_emb,-,41,0,0.010455100
postgres,1,insert_emb,-,41,0,0.004670100
postgres,1,generar_emb,-,42,0,0.014245300
postgres,1,insert_emb,-,42,0,0.004699800
postgres,1,generar_emb,-,43,0,0.012072800
postgres,1,insert_emb,-,43,0,0.004758300
postgres,1,generar_emb,-,44,0,0.013695300
postgres,1,insert_emb,-,44,0,0.005151500
postgres,1,generar_emb,-,45,0,0.013160600
postgres,1,insert_emb,-,45,0,0.005630700
postgres,1,generar_emb,-,46,0,0.011430800
postgres,1,insert_emb,-,46,0,0.005470700
postgres,1,generar_emb,-,47,0,0.013331600
postgres,1,insert_emb,-,47,0,0.005185100
postgres,1,generar_emb,-,48,0,0.012517900
postgres,1,insert_emb,-,48,0,0.005005500
postgres,1,generar_emb,-,49,0,0.013052800
postgres,1,insert_emb,-,49,0,0.005067300
postgres,1,generar_emb,-,50,0,0.012753500
postgres,1,insert_emb,-,50,0,0.005085200
postgres,1,generar_emb,-,51,0,0.013085900
postgres,1,insert_emb,-,51,0,0.004971300
postgres,1,generar_emb,-,52,0,0.013271700
postgres,1,insert_emb,-,52,0,0.005038600
postgres,1,generar_emb,-,53,0,0.014220500
postgres,1,insert_emb,-,53,0,0.005480400
postgres,1,generar_emb,-,54,0,0.016846000
postgres,1,insert_emb,-,54,0,0.005115200
postgres,1,generar_emb,-,55,0,0.012779700
postgres,1,insert_emb,-,55,0,0.005539900
postgres,1,generar_emb,-,56,0,0.013778700
postgres,1,insert_emb,-,56,0,0.005452000
postgres,1,generar_emb,-,57,0,0.012905900
postgres,1,insert_emb,-,57,0,0.005568900
postgres,1,generar_emb,-,58,0,0.011648700
postgres,1,insert_emb,-,58,0,0.006455200
postgres,1,generar_emb,-,59,0,0.014551400
postgres,1,insert_emb,-,59,0,0.006130900
postgres,1,generar_emb,-,60,0,0.013393400
postgres,1,insert_emb,-,60,0,0.006173400
postgres,1,generar_emb,-,61,0,0.011590700
postgres,1,insert_emb,-,61,0,0.005614200
postgres,1,generar_emb,-,62,0,0.013562400
postgres,1,insert_emb,-,62,0,0.005691200
postgres,1,generar_emb,-,63,0,0.014526800
postgres,1,insert_emb,-,63,0,0.005567600
postgres,1,generar_emb,-,64,0,0.011705500
postgres,1,insert_emb,-,64,0,0.005993200
postgres,1,generar_emb,-,65,0,0.013696600
postgres,1,insert_emb,-,65,0,0.006099000
postgres,1,generar_emb,-,66,0,0.015089400
postgres,1,insert_emb,-,66,0,0.005653100
postgres,1,generar_emb,-,67,0,0.013929500
postgres,1,insert_emb,-,67,0,0.005698800
postgres,1,generar_emb,-,68,0,0.011814700
postgres,1,insert_emb,-,68,0,0.005520300
postgres,1,generar_emb,-,69,0,0.014579800
postgres,1,insert_emb,-,69,0,0.005499800
postgres,1,generar_emb,-,70,0,0.012675500
postgres,1,insert_emb,-,70,0,0.005783700
postgres,1,generar_emb,-,71,0,0.011979300
postgres,1,insert_emb,-,71,0,0.005411700
postgres,1,generar_emb,-,72,0,0.012805300
postgres,1,insert_emb,-,72,0,0.005342000
postgres,1,generar_emb,-,73,0,0.013604200
postgres,1,insert_emb,-,73,0,0.005273100
postgres,1,generar_emb,-,74,0,0.012311500
postgres,1,insert_emb,-,74,0,0.005704300
postgres,1,generar_emb,-,75,0,0.013145300
postgres,1,insert_emb,-,75,0,0.006057500
postgres,1,generar_emb,-,76,0,0.011598900
postgres,1,insert_emb,-,76,0,0.005434100
postgres,1,generar_emb,-,77,0,0.012874700
postgres,1,insert_emb,-,77,0,0.005200600
postgres,1,generar_emb,-,78,0,0.011533200
postgres,1,insert_emb,-,78,0,0.005243000
postgres,1,generar_emb,-,79,0,0.011489900
postgres,1,insert_emb,-,79,0,0.005396000
postgres,1,generar_emb,-,80,0,0.011534300
postgres,1,insert_emb,-,80,0,0.005482900
postgres,1,generar_emb,-,81,0,0.011033100
postgres,1,insert_emb,-,81,0,0.005544500
postgres,1,generar_emb,-,82,0,0.012515500
postgres,1,insert_emb,-,82,0,0.005452600
postgres,1,generar_emb,-,83,0,0.012114000
postgres,1,insert_emb,-,83,0,0.005353600
postgres,1,generar_emb,-,84,0,0.011498200
postgres,1,insert_emb,-,84,0,0.005536800
postgres,1,generar_emb,-,85,0,0.012610800
postgres,1,insert_emb,-,85,0,0.005505200
postgres,1,generar_emb,-,86,0,0.013160900
postgres,1,insert_emb,-,86,0,0.005416500
postgres,1,generar_emb,-,87,0,0.014236400
postgres,1,insert_emb,-,87,0,0.005375400
postgres,1,generar_emb,-,88,0,0.014200900
postgres,1,insert_emb,-,88,0,0.004950000
postgres,1,generar_emb,-,89,0,0.015552100
postgres,1,insert_emb,-,89,0,0.005205100
postgres,1,generar_emb,-,90,0,0.014836300
postgres,1,insert_emb,-,90,0,0.005335000
postgres,1,generar_emb,-,91,0,0.013119000
postgres,1,insert_emb,-,91,0,0.005099800
postgres,1,generar_emb,-,92,0,0.012571300
postgres,1,insert_emb,-,92,0,0.005000600
postgres,1,generar_emb,-,93,0,0.011224400
postgres,1,insert_emb,-,93,0,0.005392400
postgres,1,generar_emb,-,94,0,0.011902500
postgres,1,insert_emb,-,94,0,0.005688700
postgres,1,generar_emb,-,95,0,0.013352900
postgres,1,insert_emb,-,95,0,0.005417100
postgres,1,generar_emb,-,96,0,0.014120000
postgres,1,insert_emb,-,96,0,0.005760800
postgres,1,generar_emb,-,97,0,0.012361900
postgres,1,insert_emb,-,97,0,0.005440400
postgres,1,generar_emb,-,98,0,0.014479200
postgres,1,insert_emb,-,98,0,0.005599600
postgres,1,generar_emb,-,99,0,0.017285100
postgres,1,insert_emb,-,99,0,0.005804100
postgres,1,generar_emb,-,100,0,0.012800800
postgres,1,insert_emb,-,100,0,0.005596000
postgres,1,generar_emb,-,101,0,0.015683100
postgres,1,insert_emb,-,101,0,0.005419400
postgres,1,generar_emb,-,102,0,0.014770400
postgres,1,insert_emb,-,102,0,0.005392900
postgres,1,generar_emb,-,103,0,0.014956700
postgres,1,insert_emb,-,103,0,0.005576300
postgres,1,generar_emb,-,104,0,0.016751100
postgres,1,insert_emb,-,104,0,0.005420500
postgres,1,generar_emb,-,105,0,0.013761000
postgres,1,insert_emb,-,105,0,0.005639600
postgres,1,generar_emb,-,106,0,0.012844900
postgres,1,insert_emb,-,106,0,0.005504800
postgres,1,generar_emb,-,107,0,0.011205000
postgres,1,insert_emb,-,107,0,0.005536000
postgres,1,generar_emb,-,108,0,0.016566400
postgres,1,insert_emb,-,108,0,0.005785900
postgres,1,generar_emb,-,109,0,0.012407700
postgres,1,insert_emb,-,109,0,0.005399400
postgres,1,generar_emb,-,110,0,0.011486300
postgres,1,insert_emb,-,110,0,0.005295300
postgres,1,generar_emb,-,111,0,0.014755900
postgres,1,insert_emb,-,111,0,0.005268400
postgres,1,generar_emb,-,112,0,0.011880400
postgres,1,insert_emb,-,112,0,0.005112600
postgres,1,generar_emb,-,113,0,0.015024500
postgres,1,insert_emb,-,113,0,0.005264200
postgres,1,generar_emb,-,114,0,0.015686800
postgres,1,insert_emb,-,114,0,0.005303800
postgres,1,generar_emb,-,115,0,0.015711100
postgres,1,insert_emb,-,115,0,0.005712100
postgres,1,generar_emb,-,116,0,0.012622200
postgres,1,insert_emb,-,116,0,0.005316600
postgres,1,generar_emb,-,117,0,0.013631900
postgres,1,insert_emb,-,117,0,0.005667200
postgres,1,generar_emb,-,118,0,0.017980500
postgres,1,insert_emb,-,118,0,0.005911600
postgres,1,generar_emb,-,119,0,0.012322200
postgres,1,insert_emb,-,119,0,0.005248200
postgres,1,generar_emb,-,120,0,0.013105800
postgres,1,insert_emb,-,120,0,0.005786400
postgres,1,generar_emb,-,121,0,0.015031400
postgres,1,insert_emb,-,121,0,0.005628300
postgres,1,generar_emb,-,122,0,0.012049800
postgres,1,insert_emb,-,122,0,0.005239200
postgres,1,generar_emb,-,123,0,0.013056600
postgres,1,insert_emb,-,123,0,0.005211600
postgres,1,generar_emb,-,124,0,0.015597200
postgres,1,insert_emb,-,124,0,0.005337000
postgres,1,generar_emb,-,125,0,0.012913600
postgres,1,insert_emb,-,125,0,0.005166900
postgres,1,generar_emb,-,126,0,0.013734800
postgres,1,insert_emb,-,126,0,0.005253300
postgres,1,generar_emb,-,127,0,0.013354900
postgres,1,insert_emb,-,127,0,0.005126100
postgres,1,generar_emb,-,128,0,0.012758300
postgres,1,insert_emb,-,128,0,0.005512000
postgres,1,generar_emb,-,129,0,0.013126600
postgres,1,insert_emb,-,129,0,0.005037400
postgres,1,generar_emb,-,130,0,0.010836300
postgres,1,insert_emb,-,130,0,0.005267400
postgres,1,generar_emb,-,131,0,0.010925000
postgres,1,insert_emb,-,131,0,0.005057800
postgres,1,generar_emb,-,132,0,0.012404900
postgres,1,insert_emb,-,132,0,0.005287000
postgres,1,generar_emb,-,133,0,0.012922800
postgres,1,insert_emb,-,133,0,0.005273400
postgres,1,generar_emb,-,134,0,0.011406300
postgres,1,insert_emb,-,134,0,0.005236500
postgres,1,generar_emb,-,135,0,0.011953900
postgres,1,insert_emb,-,135,0,0.005165200
postgres,1,generar_emb,-,136,0,0.012491500
postgres,1,insert_emb,-,136,0,0.005224400
postgres,1,generar_emb,-,137,0,0.016363500
postgres,1,insert_emb,-,137,0,0.005875700
postgres,1,generar_emb,-,138,0,0.011086500
postgres,1,insert_emb,-,138,0,0.004958100
postgres,1,generar_emb,-,139,0,0.011707000
postgres,1,insert_emb,-,139,0,0.005643700
postgres,1,generar_emb,-,140,0,0.012111200
postgres,1,insert_emb,-,140,0,0.005426400
postgres,1,generar_emb,-,141,0,0.012172400
postgres,1,insert_emb,-,141,0,0.005177200
postgres,1,generar_emb,-,142,0,0.013316200
postgres,1,insert_emb,-,142,0,0.005325000
postgres,1,generar_emb,-,143,0,0.011564800
postgres,1,insert_emb,-,143,0,0.005570000
postgres,1,generar_emb,-,144,0,0.011441300
postgres,1,insert_emb,-,144,0,0.005284900
postgres,1,generar_emb,-,145,0,0.013040700
postgres,1,insert_emb,-,145,0,0.005574100
postgres,1,generar_emb,-,146,0,0.012400200
postgres,1,insert_emb,-,146,0,0.005311800
postgres,1,generar_emb,-,147,0,0.012847300
postgres,1,insert_emb,-,147,0,0.005513800
postgres,1,generar_emb,-,148,0,0.011872800
postgres,1,insert_emb,-,148,0,0.005567300
postgres,1,generar_emb,-,149,0,0.012789300
postgres,1,insert_emb,-,149,0,0.005576800
postgres,1,generar_emb,-,150,0,0.011782000
postgres,1,insert_emb,-,150,0,0.005307900
postgres,1,generar_emb,-,151,0,0.014100500
postgres,1,insert_emb,-,151,0,0.005733800
postgres,1,generar_emb,-,152,0,0.013723200
postgres,1,insert_emb,-,152,0,0.005966500
postgres,1,generar_emb,-,153,0,0.013943800
postgres,1,insert_emb,-,153,0,0.005631400
postgres,1,generar_emb,-,154,0,0.012243800
postgres,1,insert_emb,-,154,0,0.006026000
postgres,1,generar_emb,-,155,0,0.010942900
postgres,1,insert_emb,-,155,0,0.005887000
postgres,1,generar_emb,-,156,0,0.014035600
postgres,1,insert_emb,-,156,0,0.005653200
postgres,1,generar_emb,-,157,0,0.012163200
postgres,1,insert_emb,-,157,0,0.005717800
postgres,1,generar_emb,-,158,0,0.012857500
postgres,1,insert_emb,-,158,0,0.005923900
postgres,1,generar_emb,-,159,0,0.012576300
postgres,1,insert_emb,-,159,0,0.005265600
postgres,1,generar_emb,-,160,0,0.011513700
postgres,1,insert_emb,-,160,0,0.005680200
postgres,1,generar_emb,-,161,0,0.013314600
postgres,1,insert_emb,-,161,0,0.005150300
postgres,1,generar_emb,-,162,0,0.011687700
postgres,1,insert_emb,-,162,0,0.006254300
postgres,1,generar_emb,-,163,0,0.012569400
postgres,1,insert_emb,-,163,0,0.005133700
postgres,1,generar_emb,-,164,0,0.013840500
postgres,1,insert_emb,-,164,0,0.005452900
postgres,1,generar_emb,-,165,0,0.014585200
postgres,1,insert_emb,-,165,0,0.005878300
postgres,1,generar_emb,-,166,0,0.012273600
postgres,1,insert_emb,-,166,0,0.005166600
postgres,1,generar_emb,-,167,0,0.013316500
postgres,1,insert_emb,-,167,0,0.005345600
postgres,1,generar_emb,-,168,0,0.013545400
postgres,1,insert_emb,-,168,0,0.005254100
postgres,1,generar_emb,-,169,0,0.013900700
postgres,1,insert_emb,-,169,0,0.005253000
postgres,1,generar_emb,-,170,0,0.012524700
postgres,1,insert_emb,-,170,0,0.005326100
postgres,1,generar_emb,-,171,0,0.012387400
postgres,1,insert_emb,-,171,0,0.005738700
postgres,1,generar_emb,-,172,0,0.013493000
postgres,1,insert_emb,-,172,0,0.005210700
postgres,1,generar_emb,-,173,0,0.014168000
postgres,1,insert_emb,-,173,0,0.005220500
postgres,1,generar_emb,-,174,0,0.013593700
postgres,1,insert_emb,-,174,0,0.005228900
postgres,1,generar_emb,-,175,0,0.013814400
postgres,1,insert_emb,-,175,0,0.005404300
postgres,1,generar_emb,-,176,0,0.013439300
postgres,1,insert_emb,-,176,0,0.005158400
postgres,1,generar_emb,-,177,0,0.014324400
postgres,1,insert_emb,-,177,0,0.005717300
postgres,1,generar_emb,-,178,0,0.011532100
postgres,1,insert_emb,-,178,0,0.005175900
postgres,1,generar_emb,-,179,0,0.013927000
postgres,1,insert_emb,-,179,0,0.005276500
postgres,1,generar_emb,-,180,0,0.011495300
postgres,1,insert_emb,-,180,0,0.005359900
postgres,1,generar_emb,-,181,0,0.012319900
postgres,1,insert_emb,-,181,0,0.005265000
postgres,1,generar_emb,-,182,0,0.013600000
postgres,1,insert_emb,-,182,0,0.005286300
postgres,1,generar_emb,-,183,0,0.012736700
postgres,1,insert_emb,-,183,0,0.005305900
postgres,1,generar_emb,-,184,0,0.011631800
postgres,1,insert_emb,-,184,0,0.005145100
postgres,1,generar_emb,-,185,0,0.013155100
postgres,1,insert_emb,-,185,0,0.005384800
postgres,1,generar_emb,-,186,0,0.050458300
postgres,1,insert_emb,-,186,0,0.007991500
postgres,1,generar_emb,-,187,0,0.015486200
postgres,1,insert_emb,-,187,0,0.007262500
postgres,1,generar_emb,-,188,0,0.016511300
postgres,1,insert_emb,-,188,0,0.005435600
postgres,1,generar_emb,-,189,0,0.012170900
postgres,1,insert_emb,-,189,0,0.005653100
postgres,1,generar_emb,-,190,0,0.012231600
postgres,1,insert_emb,-,190,0,0.005243300
postgres,1,generar_emb,-,191,0,0.011548800
postgres,1,insert_emb,-,191,0,0.005371400
postgres,1,generar_emb,-,192,0,0.010687300
postgres,1,insert_emb,-,192,0,0.005255900
postgres,1,generar_emb,-,193,0,0.011491600
postgres,1,insert_emb,-,193,0,0.005193400
postgres,1,generar_emb,-,194,0,0.011772700
postgres,1,insert_emb,-,194,0,0.005163500
postgres,1,generar_emb,-,195,0,0.013015400
postgres,1,insert_emb,-,195,0,0.005467800
postgres,1,generar_emb,-,196,0,0.012857600
postgres,1,insert_emb,-,196,0,0.005195800
postgres,1,generar_emb,-,197,0,0.013238900
postgres,1,insert_emb,-,197,0,0.005566600
postgres,1,generar_emb,-,198,0,0.012564500
postgres,1,insert_emb,-,198,0,0.004968900
postgres,1,generar_emb,-,199,0,0.014421500
postgres,1,insert_emb,-,199,0,0.005358900
postgres,1,generar_emb,-,200,0,0.012600000
postgres,1,insert_emb,-,200,0,0.005615900
postgres,1,generar_emb,-,201,0,0.012712400
postgres,1,insert_emb,-,201,0,0.005134400
postgres,1,generar_emb,-,202,0,0.014166300
postgres,1,insert_emb,-,202,0,0.005050500
postgres,1,generar_emb,-,203,0,0.015339800
postgres,1,insert_emb,-,203,0,0.005254200
postgres,1,generar_emb,-,204,0,0.013023000
postgres,1,insert_emb,-,204,0,0.005154300
postgres,1,generar_emb,-,205,0,0.011959800
postgres,1,insert_emb,-,205,0,0.005432600
postgres,1,generar_emb,-,206,0,0.011609500
postgres,1,insert_emb,-,206,0,0.005479100
postgres,1,generar_emb,-,207,0,0.013180700
postgres,1,insert_emb,-,207,0,0.005329900
postgres,1,generar_emb,-,208,0,0.012363300
postgres,1,insert_emb,-,208,0,0.005174900
postgres,1,generar_emb,-,209,0,0.012705600
postgres,1,insert_emb,-,209,0,0.005269500
postgres,1,generar_emb,-,210,0,0.013565300
postgres,1,insert_emb,-,210,0,0.005434200
postgres,1,generar_emb,-,211,0,0.011577600
postgres,1,insert_emb,-,211,0,0.005214200
postgres,1,generar_emb,-,212,0,0.012960700
postgres,1,insert_emb,-,212,0,0.005150400
postgres,1,generar_emb,-,213,0,0.012505700
postgres,1,insert_emb,-,213,0,0.005318600
postgres,1,generar_emb,-,214,0,0.011980900
postgres,1,insert_emb,-,214,0,0.005160400
postgres,1,generar_emb,-,215,0,0.012733900
postgres,1,insert_emb,-,215,0,0.005496800
postgres,1,generar_emb,-,216,0,0.012113000
postgres,1,insert_emb,-,216,0,0.005319300
postgres,1,generar_emb,-,217,0,0.012294600
postgres,1,insert_emb,-,217,0,0.005185100
postgres,1,generar_emb,-,218,0,0.012841100
postgres,1,insert_emb,-,218,0,0.005125000
postgres,1,generar_emb,-,219,0,0.011830100
postgres,1,insert_emb,-,219,0,0.005159200
postgres,1,generar_emb,-,220,0,0.013459800
postgres,1,insert_emb,-,220,0,0.005411500
postgres,1,generar_emb,-,221,0,0.012281300
postgres,1,insert_emb,-,221,0,0.010497800
postgres,1,generar_emb,-,222,0,0.031895700
postgres,1,insert_emb,-,222,0,0.007734600
postgres,1,generar_emb,-,223,0,0.022660400
postgres,1,insert_emb,-,223,0,0.008602400
postgres,1,generar_emb,-,224,0,0.017843500
postgres,1,insert_emb,-,224,0,0.006529500
postgres,1,generar_emb,-,225,0,0.014336700
postgres,1,insert_emb,-,225,0,0.005884400
postgres,1,generar_emb,-,226,0,0.014359500
postgres,1,insert_emb,-,226,0,0.006188800
postgres,1,generar_emb,-,227,0,0.013432300
postgres,1,insert_emb,-,227,0,0.006898300
postgres,1,generar_emb,-,228,0,0.020935300
postgres,1,insert_emb,-,228,0,0.006943900
postgres,1,generar_emb,-,229,0,0.021172600
postgres,1,insert_emb,-,229,0,0.007173800
postgres,1,generar_emb,-,230,0,0.022601600
postgres,1,insert_emb,-,230,0,0.007242400
postgres,1,generar_emb,-,231,0,0.018204800
postgres,1,insert_emb,-,231,0,0.005490000
postgres,1,generar_emb,-,232,0,0.013515100
postgres,1,insert_emb,-,232,0,0.005412300
postgres,1,generar_emb,-,233,0,0.015310800
postgres,1,insert_emb,-,233,0,0.005438000
postgres,1,generar_emb,-,234,0,0.014995500
postgres,1,insert_emb,-,234,0,0.005583100
postgres,1,generar_emb,-,235,0,0.015846500
postgres,1,insert_emb,-,235,0,0.005378600
postgres,1,generar_emb,-,236,0,0.011477500
postgres,1,insert_emb,-,236,0,0.005543200
postgres,1,generar_emb,-,237,0,0.011805300
postgres,1,insert_emb,-,237,0,0.005554200
postgres,1,generar_emb,-,238,0,0.016765500
postgres,1,insert_emb,-,238,0,0.006409600
postgres,1,generar_emb,-,239,0,0.013767700
postgres,1,insert_emb,-,239,0,0.005982900
postgres,1,generar_emb,-,240,0,0.015806700
postgres,1,insert_emb,-,240,0,0.006341400
postgres,1,generar_emb,-,241,0,0.017643900
postgres,1,insert_emb,-,241,0,0.006797000
postgres,1,generar_emb,-,242,0,0.022351300
postgres,1,insert_emb,-,242,0,0.007426200
postgres,1,generar_emb,-,243,0,0.019835800
postgres,1,insert_emb,-,243,0,0.007280600
postgres,1,generar_emb,-,244,0,0.018186100
postgres,1,insert_emb,-,244,0,0.006310200
postgres,1,generar_emb,-,245,0,0.013768900
postgres,1,insert_emb,-,245,0,0.005882100
postgres,1,generar_emb,-,246,0,0.014178300
postgres,1,insert_emb,-,246,0,0.005446500
postgres,1,generar_emb,-,247,0,0.015726000
postgres,1,insert_emb,-,247,0,0.006161700
postgres,1,generar_emb,-,248,0,0.012951200
postgres,1,insert_emb,-,248,0,0.005481700
postgres,1,generar_emb,-,249,0,0.014593800
postgres,1,insert_emb,-,249,0,0.006156800
postgres,1,generar_emb,-,250,0,0.012023700
postgres,1,insert_emb,-,250,0,0.005805500
postgres,1,generar_emb,-,251,0,0.011355700
postgres,1,insert_emb,-,251,0,0.005324100
postgres,1,generar_emb,-,252,0,0.013915700
postgres,1,insert_emb,-,252,0,0.005500800
postgres,1,generar_emb,-,253,0,0.012182500
postgres,1,insert_emb,-,253,0,0.005433700
postgres,1,generar_emb,-,254,0,0.013348100
postgres,1,insert_emb,-,254,0,0.005211400
postgres,1,generar_emb,-,255,0,0.011755800
postgres,1,insert_emb,-,255,0,0.005311200
postgres,1,generar_emb,-,256,0,0.013214300
postgres,1,insert_emb,-,256,0,0.005189400
postgres,1,generar_emb,-,257,0,0.010722000
postgres,1,insert_emb,-,257,0,0.005603900
postgres,1,generar_emb,-,258,0,0.010830300
postgres,1,insert_emb,-,258,0,0.005317800
postgres,1,generar_emb,-,259,0,0.013984500
postgres,1,insert_emb,-,259,0,0.005442200
postgres,1,generar_emb,-,260,0,0.013134700
postgres,1,insert_emb,-,260,0,0.005807100
postgres,1,generar_emb,-,261,0,0.011602700
postgres,1,insert_emb,-,261,0,0.005342600
postgres,1,generar_emb,-,262,0,0.012582700
postgres,1,insert_emb,-,262,0,0.005599400
postgres,1,generar_emb,-,263,0,0.012020400
postgres,1,insert_emb,-,263,0,0.005414400
postgres,1,generar_emb,-,264,0,0.011519500
postgres,1,insert_emb,-,264,0,0.005119400
postgres,1,generar_emb,-,265,0,0.012834600
postgres,1,insert_emb,-,265,0,0.005978100
postgres,1,generar_emb,-,266,0,0.012845600
postgres,1,insert_emb,-,266,0,0.005630400
postgres,1,generar_emb,-,267,0,0.012500400
postgres,1,insert_emb,-,267,0,0.005515600
postgres,1,generar_emb,-,268,0,0.014127700
postgres,1,insert_emb,-,268,0,0.005497900
postgres,1,generar_emb,-,269,0,0.011168300
postgres,1,insert_emb,-,269,0,0.004943200
postgres,1,generar_emb,-,270,0,0.010956500
postgres,1,insert_emb,-,270,0,0.005335500
postgres,1,generar_emb,-,271,0,0.011892400
postgres,1,insert_emb,-,271,0,0.005256900
postgres,1,generar_emb,-,272,0,0.012933800
postgres,1,insert_emb,-,272,0,0.005489200
postgres,1,generar_emb,-,273,0,0.013065700
postgres,1,insert_emb,-,273,0,0.005226600
postgres,1,generar_emb,-,274,0,0.012650600
postgres,1,insert_emb,-,274,0,0.005212100
postgres,1,generar_emb,-,275,0,0.014523300
postgres,1,insert_emb,-,275,0,0.005255200
postgres,1,generar_emb,-,276,0,0.012664100
postgres,1,insert_emb,-,276,0,0.005493300
postgres,1,generar_emb,-,277,0,0.011257800
postgres,1,insert_emb,-,277,0,0.005640500
postgres,1,generar_emb,-,278,0,0.011348600
postgres,1,insert_emb,-,278,0,0.005292300
postgres,1,generar_emb,-,279,0,0.011424900
postgres,1,insert_emb,-,279,0,0.005626800
postgres,1,generar_emb,-,280,0,0.010634400
postgres,1,insert_emb,-,280,0,0.005976100
postgres,1,generar_emb,-,281,0,0.011818000
postgres,1,insert_emb,-,281,0,0.005957500
postgres,1,generar_emb,-,282,0,0.011252500
postgres,1,insert_emb,-,282,0,0.005596400
postgres,1,generar_emb,-,283,0,0.015168000
postgres,1,insert_emb,-,283,0,0.006850200
postgres,1,generar_emb,-,284,0,0.016497900
postgres,1,insert_emb,-,284,0,0.005443600
postgres,1,generar_emb,-,285,0,0.013289600
postgres,1,insert_emb,-,285,0,0.005448500
postgres,1,generar_emb,-,286,0,0.012438100
postgres,1,insert_emb,-,286,0,0.005307700
postgres,1,generar_emb,-,287,0,0.011058200
postgres,1,insert_emb,-,287,0,0.005282200
postgres,1,generar_emb,-,288,0,0.012263300
postgres,1,insert_emb,-,288,0,0.005183300
postgres,1,generar_emb,-,289,0,0.011303300
postgres,1,insert_emb,-,289,0,0.005641500
postgres,1,generar_emb,-,290,0,0.013026500
postgres,1,insert_emb,-,290,0,0.005762400
postgres,1,generar_emb,-,291,0,0.013461100
postgres,1,insert_emb,-,291,0,0.005153500
postgres,1,generar_emb,-,292,0,0.013265500
postgres,1,insert_emb,-,292,0,0.005438200
postgres,1,generar_emb,-,293,0,0.011255800
postgres,1,insert_emb,-,293,0,0.005439700
postgres,1,generar_emb,-,294,0,0.011533300
postgres,1,insert_emb,-,294,0,0.005436100
postgres,1,generar_emb,-,295,0,0.016427600
postgres,1,insert_emb,-,295,0,0.005670400
postgres,1,generar_emb,-,296,0,0.012807600
postgres,1,insert_emb,-,296,0,0.005053500
postgres,1,generar_emb,-,297,0,0.012168800
postgres,1,insert_emb,-,297,0,0.004940200
postgres,1,generar_emb,-,298,0,0.011388700
postgres,1,insert_emb,-,298,0,0.005184200
postgres,1,generar_emb,-,299,0,0.012671000
postgres,1,insert_emb,-,299,0,0.005585600
postgres,1,generar_emb,-,300,0,0.012783200
postgres,1,insert_emb,-,300,0,0.005731100
postgres,1,generar_emb,-,301,0,0.011914900
postgres,1,insert_emb,-,301,0,0.005204800
postgres,1,generar_emb,-,302,0,0.013100400
postgres,1,insert_emb,-,302,0,0.005851300
postgres,1,generar_emb,-,303,0,0.011688800
postgres,1,insert_emb,-,303,0,0.005241600
postgres,1,generar_emb,-,304,0,0.013739300
postgres,1,insert_emb,-,304,0,0.005498400
postgres,1,generar_emb,-,305,0,0.014048900
postgres,1,insert_emb,-,305,0,0.005624700
postgres,1,generar_emb,-,306,0,0.013051800
postgres,1,insert_emb,-,306,0,0.005309800
postgres,1,generar_emb,-,307,0,0.013689200
postgres,1,insert_emb,-,307,0,0.005419300
postgres,1,generar_emb,-,308,0,0.012730400
postgres,1,insert_emb,-,308,0,0.005600500
postgres,1,generar_emb,-,309,0,0.011958600
postgres,1,insert_emb,-,309,0,0.005604400
postgres,1,generar_emb,-,310,0,0.014647400
postgres,1,insert_emb,-,310,0,0.005250600
postgres,1,generar_emb,-,311,0,0.013243000
postgres,1,insert_emb,-,311,0,0.005513300
postgres,1,generar_emb,-,312,0,0.012138800
postgres,1,insert_emb,-,312,0,0.005304300
postgres,1,generar_emb,-,313,0,0.011569700
postgres,1,insert_emb,-,313,0,0.005337700
postgres,1,generar_emb,-,314,0,0.011635100
postgres,1,insert_emb,-,314,0,0.005821700
postgres,1,generar_emb,-,315,0,0.011391300
postgres,1,insert_emb,-,315,0,0.005430500
postgres,1,generar_emb,-,316,0,0.013116600
postgres,1,insert_emb,-,316,0,0.005189600
postgres,1,generar_emb,-,317,0,0.013577900
postgres,1,insert_emb,-,317,0,0.004951500
postgres,1,generar_emb,-,318,0,0.013345900
postgres,1,insert_emb,-,318,0,0.005771500
postgres,1,generar_emb,-,319,0,0.012222500
postgres,1,insert_emb,-,319,0,0.005349600
postgres,1,generar_emb,-,320,0,0.010918700
postgres,1,insert_emb,-,320,0,0.005538400
postgres,1,generar_emb,-,321,0,0.012427400
postgres,1,insert_emb,-,321,0,0.005836400
postgres,1,generar_emb,-,322,0,0.011173900
postgres,1,insert_emb,-,322,0,0.005404700
postgres,1,generar_emb,-,323,0,0.014848700
postgres,1,insert_emb,-,323,0,0.005264000
postgres,1,generar_emb,-,324,0,0.013633800
postgres,1,insert_emb,-,324,0,0.005553500
postgres,1,generar_emb,-,325,0,0.011379100
postgres,1,insert_emb,-,325,0,0.005401300
postgres,1,generar_emb,-,326,0,0.012789200
postgres,1,insert_emb,-,326,0,0.005429800
postgres,1,generar_emb,-,327,0,0.012430600
postgres,1,insert_emb,-,327,0,0.005423900
postgres,1,generar_emb,-,328,0,0.012234300
postgres,1,insert_emb,-,328,0,0.005848800
postgres,1,generar_emb,-,329,0,0.014385100
postgres,1,insert_emb,-,329,0,0.005829700
postgres,1,generar_emb,-,330,0,0.012398000
postgres,1,insert_emb,-,330,0,0.005631300
postgres,1,generar_emb,-,331,0,0.013878400
postgres,1,insert_emb,-,331,0,0.005904700
postgres,1,generar_emb,-,332,0,0.011127100
postgres,1,insert_emb,-,332,0,0.005830300
postgres,1,generar_emb,-,333,0,0.015661000
postgres,1,insert_emb,-,333,0,0.006036900
postgres,1,generar_emb,-,334,0,0.013914900
postgres,1,insert_emb,-,334,0,0.005795400
postgres,1,generar_emb,-,335,0,0.014822600
postgres,1,insert_emb,-,335,0,0.005791100
postgres,1,generar_emb,-,336,0,0.011644300
postgres,1,insert_emb,-,336,0,0.005491600
postgres,1,generar_emb,-,337,0,0.012052000
postgres,1,insert_emb,-,337,0,0.005623000
postgres,1,generar_emb,-,338,0,0.019308800
postgres,1,insert_emb,-,338,0,0.006215800
postgres,1,generar_emb,-,339,0,0.013033900
postgres,1,insert_emb,-,339,0,0.005568800
postgres,1,generar_emb,-,340,0,0.012206400
postgres,1,insert_emb,-,340,0,0.006206200
postgres,1,generar_emb,-,341,0,0.013001600
postgres,1,insert_emb,-,341,0,0.006584300
postgres,1,generar_emb,-,342,0,0.015139200
postgres,1,insert_emb,-,342,0,0.005383600
postgres,1,generar_emb,-,343,0,0.015538700
postgres,1,insert_emb,-,343,0,0.005689000
postgres,1,generar_emb,-,344,0,0.012873900
postgres,1,insert_emb,-,344,0,0.005209900
postgres,1,generar_emb,-,345,0,0.013378300
postgres,1,insert_emb,-,345,0,0.005480600
postgres,1,generar_emb,-,346,0,0.014589200
postgres,1,insert_emb,-,346,0,0.005658400
postgres,1,generar_emb,-,347,0,0.015039400
postgres,1,insert_emb,-,347,0,0.005968400
postgres,1,generar_emb,-,348,0,0.015191800
postgres,1,insert_emb,-,348,0,0.005021100
postgres,1,generar_emb,-,349,0,0.014917100
postgres,1,insert_emb,-,349,0,0.005846900
postgres,1,generar_emb,-,350,0,0.012392100
postgres,1,insert_emb,-,350,0,0.005479100
postgres,1,generar_emb,-,351,0,0.012759500
postgres,1,insert_emb,-,351,0,0.005188400
postgres,1,generar_emb,-,352,0,0.014605000
postgres,1,insert_emb,-,352,0,0.005631700
postgres,1,generar_emb,-,353,0,0.013226500
postgres,1,insert_emb,-,353,0,0.005583000
postgres,1,generar_emb,-,354,0,0.012049400
postgres,1,insert_emb,-,354,0,0.004958000
postgres,1,generar_emb,-,355,0,0.012418400
postgres,1,insert_emb,-,355,0,0.005227300
postgres,1,generar_emb,-,356,0,0.011061900
postgres,1,insert_emb,-,356,0,0.004991400
postgres,1,generar_emb,-,357,0,0.011571000
postgres,1,insert_emb,-,357,0,0.005295100
postgres,1,generar_emb,-,358,0,0.012400200
postgres,1,insert_emb,-,358,0,0.004940400
postgres,1,generar_emb,-,359,0,0.013101500
postgres,1,insert_emb,-,359,0,0.005053200
postgres,1,generar_emb,-,360,0,0.012570200
postgres,1,insert_emb,-,360,0,0.005285600
postgres,1,generar_emb,-,361,0,0.011416000
postgres,1,insert_emb,-,361,0,0.005281000
postgres,1,generar_emb,-,362,0,0.013841400
postgres,1,insert_emb,-,362,0,0.005262000
postgres,1,generar_emb,-,363,0,0.013488500
postgres,1,insert_emb,-,363,0,0.004968400
postgres,1,generar_emb,-,364,0,0.012951100
postgres,1,insert_emb,-,364,0,0.005046900
postgres,1,generar_emb,-,365,0,0.011616800
postgres,1,insert_emb,-,365,0,0.005467600
postgres,1,generar_emb,-,366,0,0.012751000
postgres,1,insert_emb,-,366,0,0.005318700
postgres,1,generar_emb,-,367,0,0.012378200
postgres,1,insert_emb,-,367,0,0.005408300
postgres,1,generar_emb,-,368,0,0.012361200
postgres,1,insert_emb,-,368,0,0.005572400
postgres,1,generar_emb,-,369,0,0.011326600
postgres,1,insert_emb,-,369,0,0.005134400
postgres,1,generar_emb,-,370,0,0.011426300
postgres,1,insert_emb,-,370,0,0.005018700
postgres,1,generar_emb,-,371,0,0.015836800
postgres,1,insert_emb,-,371,0,0.005281500
postgres,1,generar_emb,-,372,0,0.011386000
postgres,1,insert_emb,-,372,0,0.005315100
postgres,1,generar_emb,-,373,0,0.013208600
postgres,1,insert_emb,-,373,0,0.005174800
postgres,1,generar_emb,-,374,0,0.012974900
postgres,1,insert_emb,-,374,0,0.005139600
postgres,1,generar_emb,-,375,0,0.012939000
postgres,1,insert_emb,-,375,0,0.006401200
postgres,1,generar_emb,-,376,0,0.013544000
postgres,1,insert_emb,-,376,0,0.005014800
postgres,1,generar_emb,-,377,0,0.013443400
postgres,1,insert_emb,-,377,0,0.005624300
postgres,1,generar_emb,-,378,0,0.014465900
postgres,1,insert_emb,-,378,0,0.005181700
postgres,1,generar_emb,-,379,0,0.015149900
postgres,1,insert_emb,-,379,0,0.005907300
postgres,1,generar_emb,-,380,0,0.015204300
postgres,1,insert_emb,-,380,0,0.005349200
postgres,1,generar_emb,-,381,0,0.013766100
postgres,1,insert_emb,-,381,0,0.005952500
postgres,1,generar_emb,-,382,0,0.013216900
postgres,1,insert_emb,-,382,0,0.005586200
postgres,1,generar_emb,-,383,0,0.012643900
postgres,1,insert_emb,-,383,0,0.005101600
postgres,1,generar_emb,-,384,0,0.011666400
postgres,1,insert_emb,-,384,0,0.005332000
postgres,1,generar_emb,-,385,0,0.013822700
postgres,1,insert_emb,-,385,0,0.005900400
postgres,1,generar_emb,-,386,0,0.013301100
postgres,1,insert_emb,-,386,0,0.005618700
postgres,1,generar_emb,-,387,0,0.011984000
postgres,1,insert_emb,-,387,0,0.005784400
postgres,1,generar_emb,-,388,0,0.014968100
postgres,1,insert_emb,-,388,0,0.004777300
postgres,1,generar_emb,-,389,0,0.015589600
postgres,1,insert_emb,-,389,0,0.005226500
postgres,1,generar_emb,-,390,0,0.012985900
postgres,1,insert_emb,-,390,0,0.005798800
postgres,1,generar_emb,-,391,0,0.013836800
postgres,1,insert_emb,-,391,0,0.005746800
postgres,1,generar_emb,-,392,0,0.014820000
postgres,1,insert_emb,-,392,0,0.005598700
postgres,1,generar_emb,-,393,0,0.013466000
postgres,1,insert_emb,-,393,0,0.004834100
postgres,1,generar_emb,-,394,0,0.012573600
postgres,1,insert_emb,-,394,0,0.005340800
postgres,1,generar_emb,-,395,0,0.015120200
postgres,1,insert_emb,-,395,0,0.005898800
postgres,1,generar_emb,-,396,0,0.012784600
postgres,1,insert_emb,-,396,0,0.005246600
postgres,1,generar_emb,-,397,0,0.011826700
postgres,1,insert_emb,-,397,0,0.005168000
postgres,1,generar_emb,-,398,0,0.010860600
postgres,1,insert_emb,-,398,0,0.005487700
postgres,1,generar_emb,-,399,0,0.012184300
postgres,1,insert_emb,-,399,0,0.005148700
postgres,1,generar_emb,-,400,0,0.013057800
postgres,1,insert_emb,-,400,0,0.005620100
postgres,1,generar_emb,-,401,0,0.013712800
postgres,1,insert_emb,-,401,0,0.005214200
postgres,1,generar_emb,-,402,0,0.013421300
postgres,1,insert_emb,-,402,0,0.005350400
postgres,1,generar_emb,-,403,0,0.014815700
postgres,1,insert_emb,-,403,0,0.005216000
postgres,1,generar_emb,-,404,0,0.014030600
postgres,1,insert_emb,-,404,0,0.004993400
postgres,1,generar_emb,-,405,0,0.013953600
postgres,1,insert_emb,-,405,0,0.005587200
postgres,1,generar_emb,-,406,0,0.010353000
postgres,1,insert_emb,-,406,0,0.005403600
postgres,1,generar_emb,-,407,0,0.010238600
postgres,1,insert_emb,-,407,0,0.005908100
postgres,1,generar_emb,-,408,0,0.011463300
postgres,1,insert_emb,-,408,0,0.005472900
postgres,1,generar_emb,-,409,0,0.012467900
postgres,1,insert_emb,-,409,0,0.005412200
postgres,1,generar_emb,-,410,0,0.012538400
postgres,1,insert_emb,-,410,0,0.005970300
postgres,1,generar_emb,-,411,0,0.014846900
postgres,1,insert_emb,-,411,0,0.005557200
postgres,1,generar_emb,-,412,0,0.012763700
postgres,1,insert_emb,-,412,0,0.005080300
postgres,1,generar_emb,-,413,0,0.013077300
postgres,1,insert_emb,-,413,0,0.005318400
postgres,1,generar_emb,-,414,0,0.012157800
postgres,1,insert_emb,-,414,0,0.005294100
postgres,1,generar_emb,-,415,0,0.012190900
postgres,1,insert_emb,-,415,0,0.005641400
postgres,1,generar_emb,-,416,0,0.012129300
postgres,1,insert_emb,-,416,0,0.005160100
postgres,1,generar_emb,-,417,0,0.011492200
postgres,1,insert_emb,-,417,0,0.005399700
postgres,1,generar_emb,-,418,0,0.012774800
postgres,1,insert_emb,-,418,0,0.005753600
postgres,1,generar_emb,-,419,0,0.012014200
postgres,1,insert_emb,-,419,0,0.005917900
postgres,1,generar_emb,-,420,0,0.012974000
postgres,1,insert_emb,-,420,0,0.005607700
postgres,1,generar_emb,-,421,0,0.015756300
postgres,1,insert_emb,-,421,0,0.005479300
postgres,1,generar_emb,-,422,0,0.011084900
postgres,1,insert_emb,-,422,0,0.005446300
postgres,1,generar_emb,-,423,0,0.013491600
postgres,1,insert_emb,-,423,0,0.005728300
postgres,1,generar_emb,-,424,0,0.015516800
postgres,1,insert_emb,-,424,0,0.006553100
postgres,1,generar_emb,-,425,0,0.010782500
postgres,1,insert_emb,-,425,0,0.005492800
postgres,1,generar_emb,-,426,0,0.012612900
postgres,1,insert_emb,-,426,0,0.004855000
postgres,1,generar_emb,-,427,0,0.012573500
postgres,1,insert_emb,-,427,0,0.005785600
postgres,1,generar_emb,-,428,0,0.011944500
postgres,1,insert_emb,-,428,0,0.005403900
postgres,1,generar_emb,-,429,0,0.014028400
postgres,1,insert_emb,-,429,0,0.005863700
postgres,1,generar_emb,-,430,0,0.015091500
postgres,1,insert_emb,-,430,0,0.005282000
postgres,1,generar_emb,-,431,0,0.011186000
postgres,1,insert_emb,-,431,0,0.004970700
postgres,1,generar_emb,-,432,0,0.012591200
postgres,1,insert_emb,-,432,0,0.005441300
postgres,1,generar_emb,-,433,0,0.012404700
postgres,1,insert_emb,-,433,0,0.005366800
postgres,1,generar_emb,-,434,0,0.012972100
postgres,1,insert_emb,-,434,0,0.005282800
postgres,1,generar_emb,-,435,0,0.012881000
postgres,1,insert_emb,-,435,0,0.005201900
postgres,1,generar_emb,-,436,0,0.012118800
postgres,1,insert_emb,-,436,0,0.005238400
postgres,1,generar_emb,-,437,0,0.011941000
postgres,1,insert_emb,-,437,0,0.005206500
postgres,1,generar_emb,-,438,0,0.013449600
postgres,1,insert_emb,-,438,0,0.005334500
postgres,1,generar_emb,-,439,0,0.010837300
postgres,1,insert_emb,-,439,0,0.005069000
postgres,1,generar_emb,-,440,0,0.013298000
postgres,1,insert_emb,-,440,0,0.005696800
postgres,1,generar_emb,-,441,0,0.012275900
postgres,1,insert_emb,-,441,0,0.005425400
postgres,1,generar_emb,-,442,0,0.014487200
postgres,1,insert_emb,-,442,0,0.005336800
postgres,1,generar_emb,-,443,0,0.013486100
postgres,1,insert_emb,-,443,0,0.005197200
postgres,1,generar_emb,-,444,0,0.013418900
postgres,1,insert_emb,-,444,0,0.005217700
postgres,1,generar_emb,-,445,0,0.018381600
postgres,1,insert_emb,-,445,0,0.005474200
postgres,1,generar_emb,-,446,0,0.012888800
postgres,1,insert_emb,-,446,0,0.005354600
postgres,1,generar_emb,-,447,0,0.012850900
postgres,1,insert_emb,-,447,0,0.005430100
postgres,1,generar_emb,-,448,0,0.013924400
postgres,1,insert_emb,-,448,0,0.005528200
postgres,1,generar_emb,-,449,0,0.017962700
postgres,1,insert_emb,-,449,0,0.005635700
postgres,1,generar_emb,-,450,0,0.016084200
postgres,1,insert_emb,-,450,0,0.005699400
postgres,1,generar_emb,-,451,0,0.013027700
postgres,1,insert_emb,-,451,0,0.005583900
postgres,1,generar_emb,-,452,0,0.012002600
postgres,1,insert_emb,-,452,0,0.005001300
postgres,1,generar_emb,-,453,0,0.016621400
postgres,1,insert_emb,-,453,0,0.005515300
postgres,1,generar_emb,-,454,0,0.014499000
postgres,1,insert_emb,-,454,0,0.005790400
postgres,1,generar_emb,-,455,0,0.015369900
postgres,1,insert_emb,-,455,0,0.005866500
postgres,1,generar_emb,-,456,0,0.015382100
postgres,1,insert_emb,-,456,0,0.005360100
postgres,1,generar_emb,-,457,0,0.014894100
postgres,1,insert_emb,-,457,0,0.005438000
postgres,1,generar_emb,-,458,0,0.014825200
postgres,1,insert_emb,-,458,0,0.005423400
postgres,1,generar_emb,-,459,0,0.016819600
postgres,1,insert_emb,-,459,0,0.005433200
postgres,1,generar_emb,-,460,0,0.014700000
postgres,1,insert_emb,-,460,0,0.006212200
postgres,1,generar_emb,-,461,0,0.017528300
postgres,1,insert_emb,-,461,0,0.005211300
postgres,1,generar_emb,-,462,0,0.012434100
postgres,1,insert_emb,-,462,0,0.005366100
postgres,1,generar_emb,-,463,0,0.012434500
postgres,1,insert_emb,-,463,0,0.006060500
postgres,1,generar_emb,-,464,0,0.015615900
postgres,1,insert_emb,-,464,0,0.005500600
postgres,1,generar_emb,-,465,0,0.013026800
postgres,1,insert_emb,-,465,0,0.005526300
postgres,1,generar_emb,-,466,0,0.012661200
postgres,1,insert_emb,-,466,0,0.005871200
postgres,1,generar_emb,-,467,0,0.011439600
postgres,1,insert_emb,-,467,0,0.005605300
postgres,1,generar_emb,-,468,0,0.013130000
postgres,1,insert_emb,-,468,0,0.005401700
postgres,1,generar_emb,-,469,0,0.010710100
postgres,1,insert_emb,-,469,0,0.005252900
postgres,1,generar_emb,-,470,0,0.013379600
postgres,1,insert_emb,-,470,0,0.005515900
postgres,1,generar_emb,-,471,0,0.010589000
postgres,1,insert_emb,-,471,0,0.005417000
postgres,1,generar_emb,-,472,0,0.011122300
postgres,1,insert_emb,-,472,0,0.005137200
postgres,1,generar_emb,-,473,0,0.011032300
postgres,1,insert_emb,-,473,0,0.005077600
postgres,1,generar_emb,-,474,0,0.013578500
postgres,1,insert_emb,-,474,0,0.005205500
postgres,1,generar_emb,-,475,0,0.012790400
postgres,1,insert_emb,-,475,0,0.005635400
postgres,1,generar_emb,-,476,0,0.011888900
postgres,1,insert_emb,-,476,0,0.005041800
postgres,1,generar_emb,-,477,0,0.011961300
postgres,1,insert_emb,-,477,0,0.005893200
postgres,1,generar_emb,-,478,0,0.013310400
postgres,1,insert_emb,-,478,0,0.005237500
postgres,1,generar_emb,-,479,0,0.011968800
postgres,1,insert_emb,-,479,0,0.004927300
postgres,1,generar_emb,-,480,0,0.012083200
postgres,1,insert_emb,-,480,0,0.005796700
postgres,1,generar_emb,-,481,0,0.013305700
postgres,1,insert_emb,-,481,0,0.005378000
postgres,1,generar_emb,-,482,0,0.012547700
postgres,1,insert_emb,-,482,0,0.005567400
postgres,1,generar_emb,-,483,0,0.012203800
postgres,1,insert_emb,-,483,0,0.005882300
postgres,1,generar_emb,-,484,0,0.012213600
postgres,1,insert_emb,-,484,0,0.005246800
postgres,1,generar_emb,-,485,0,0.013060200
postgres,1,insert_emb,-,485,0,0.005472100
postgres,1,generar_emb,-,486,0,0.013393300
postgres,1,insert_emb,-,486,0,0.005524100
postgres,1,generar_emb,-,487,0,0.011727300
postgres,1,insert_emb,-,487,0,0.005368300
postgres,1,generar_emb,-,488,0,0.015279400
postgres,1,insert_emb,-,488,0,0.005727300
postgres,1,generar_emb,-,489,0,0.013636300
postgres,1,insert_emb,-,489,0,0.005538200
postgres,1,generar_emb,-,490,0,0.012074000
postgres,1,insert_emb,-,490,0,0.005157600
postgres,1,generar_emb,-,491,0,0.014709600
postgres,1,insert_emb,-,491,0,0.005724300
postgres,1,generar_emb,-,492,0,0.015869300
postgres,1,insert_emb,-,492,0,0.005121800
postgres,1,generar_emb,-,493,0,0.011971700
postgres,1,insert_emb,-,493,0,0.005502400
postgres,1,generar_emb,-,494,0,0.011681200
postgres,1,insert_emb,-,494,0,0.005269800
postgres,1,generar_emb,-,495,0,0.011815000
postgres,1,insert_emb,-,495,0,0.005547000
postgres,1,generar_emb,-,496,0,0.012779600
postgres,1,insert_emb,-,496,0,0.005464200
postgres,1,generar_emb,-,497,0,0.010476400
postgres,1,insert_emb,-,497,0,0.005420400
postgres,1,generar_emb,-,498,0,0.011894900
postgres,1,insert_emb,-,498,0,0.005154400
postgres,1,generar_emb,-,499,0,0.011288400
postgres,1,insert_emb,-,499,0,0.005440000
postgres,1,generar_emb,-,500,0,0.013081200
postgres,1,insert_emb,-,500,0,0.005553400
postgres,1,generar_emb,-,501,0,0.011529000
postgres,1,insert_emb,-,501,0,0.005067800
postgres,1,generar_emb,-,502,0,0.010893100
postgres,1,insert_emb,-,502,0,0.005304800
postgres,1,generar_emb,-,503,0,0.010944900
postgres,1,insert_emb,-,503,0,0.005670100
postgres,1,generar_emb,-,504,0,0.014064700
postgres,1,insert_emb,-,504,0,0.005298500
postgres,1,generar_emb,-,505,0,0.011409800
postgres,1,insert_emb,-,505,0,0.005532500
postgres,1,generar_emb,-,506,0,0.012362000
postgres,1,insert_emb,-,506,0,0.005414700
postgres,1,generar_emb,-,507,0,0.011013800
postgres,1,insert_emb,-,507,0,0.005196900
postgres,1,generar_emb,-,508,0,0.012227700
postgres,1,insert_emb,-,508,0,0.005172500
postgres,1,generar_emb,-,509,0,0.015013000
postgres,1,insert_emb,-,509,0,0.005586100
postgres,1,generar_emb,-,510,0,0.012515700
postgres,1,insert_emb,-,510,0,0.005694400
postgres,1,generar_emb,-,511,0,0.010681900
postgres,1,insert_emb,-,511,0,0.005310300
postgres,1,generar_emb,-,512,0,0.011942100
postgres,1,insert_emb,-,512,0,0.006028800
postgres,1,generar_emb,-,513,0,0.011080100
postgres,1,insert_emb,-,513,0,0.005937900
postgres,1,generar_emb,-,514,0,0.012140200
postgres,1,insert_emb,-,514,0,0.005613000
postgres,1,generar_emb,-,515,0,0.012145900
postgres,1,insert_emb,-,515,0,0.005784900
postgres,1,generar_emb,-,516,0,0.010806400
postgres,1,insert_emb,-,516,0,0.005571200
postgres,1,generar_emb,-,517,0,0.012192100
postgres,1,insert_emb,-,517,0,0.005665500
postgres,1,generar_emb,-,518,0,0.011972000
postgres,1,insert_emb,-,518,0,0.005670100
postgres,1,generar_emb,-,519,0,0.017707200
postgres,1,insert_emb,-,519,0,0.005794100
postgres,1,generar_emb,-,520,0,0.012421700
postgres,1,insert_emb,-,520,0,0.005632300
postgres,1,generar_emb,-,521,0,0.011792000
postgres,1,insert_emb,-,521,0,0.005408600
postgres,1,generar_emb,-,522,0,0.010479000
postgres,1,insert_emb,-,522,0,0.005467900
postgres,1,generar_emb,-,523,0,0.011800300
postgres,1,insert_emb,-,523,0,0.005183200
postgres,1,generar_emb,-,524,0,0.013939200
postgres,1,insert_emb,-,524,0,0.005446500
postgres,1,generar_emb,-,525,0,0.014480800
postgres,1,insert_emb,-,525,0,0.005889700
postgres,1,generar_emb,-,526,0,0.016029400
postgres,1,insert_emb,-,526,0,0.005527700
postgres,1,generar_emb,-,527,0,0.013421600
postgres,1,insert_emb,-,527,0,0.005433300
postgres,1,generar_emb,-,528,0,0.013795200
postgres,1,insert_emb,-,528,0,0.005145500
postgres,1,generar_emb,-,529,0,0.012801000
postgres,1,insert_emb,-,529,0,0.005824200
postgres,1,generar_emb,-,530,0,0.011928100
postgres,1,insert_emb,-,530,0,0.005341200
postgres,1,generar_emb,-,531,0,0.014799700
postgres,1,insert_emb,-,531,0,0.005628900
postgres,1,generar_emb,-,532,0,0.013002900
postgres,1,insert_emb,-,532,0,0.005292300
postgres,1,generar_emb,-,533,0,0.014678300
postgres,1,insert_emb,-,533,0,0.005700000
postgres,1,generar_emb,-,534,0,0.012362200
postgres,1,insert_emb,-,534,0,0.005577500
postgres,1,generar_emb,-,535,0,0.013818800
postgres,1,insert_emb,-,535,0,0.005836400
postgres,1,generar_emb,-,536,0,0.014175700
postgres,1,insert_emb,-,536,0,0.005886600
postgres,1,generar_emb,-,537,0,0.013056300
postgres,1,insert_emb,-,537,0,0.005278000
postgres,1,generar_emb,-,538,0,0.012715100
postgres,1,insert_emb,-,538,0,0.005661100
postgres,1,generar_emb,-,539,0,0.013010200
postgres,1,insert_emb,-,539,0,0.005410200
postgres,1,generar_emb,-,540,0,0.011488600
postgres,1,insert_emb,-,540,0,0.005855500
postgres,1,generar_emb,-,541,0,0.014360100
postgres,1,insert_emb,-,541,0,0.005406700
postgres,1,generar_emb,-,542,0,0.012381700
postgres,1,insert_emb,-,542,0,0.005332400
postgres,1,generar_emb,-,543,0,0.014576300
postgres,1,insert_emb,-,543,0,0.005246100
postgres,1,generar_emb,-,544,0,0.015565800
postgres,1,insert_emb,-,544,0,0.005502600
postgres,1,generar_emb,-,545,0,0.013231900
postgres,1,insert_emb,-,545,0,0.005759000
postgres,1,generar_emb,-,546,0,0.013288200
postgres,1,insert_emb,-,546,0,0.005779900
postgres,1,generar_emb,-,547,0,0.012803300
postgres,1,insert_emb,-,547,0,0.005346500
postgres,1,generar_emb,-,548,0,0.014198600
postgres,1,insert_emb,-,548,0,0.005164800
postgres,1,generar_emb,-,549,0,0.013445000
postgres,1,insert_emb,-,549,0,0.005400000
postgres,1,generar_emb,-,550,0,0.011627200
postgres,1,insert_emb,-,550,0,0.005587900
postgres,1,generar_emb,-,551,0,0.012883700
postgres,1,insert_emb,-,551,0,0.005914400
postgres,1,generar_emb,-,552,0,0.012235200
postgres,1,insert_emb,-,552,0,0.005550200
postgres,1,generar_emb,-,553,0,0.013408400
postgres,1,insert_emb,-,553,0,0.005379300
postgres,1,generar_emb,-,554,0,0.014215900
postgres,1,insert_emb,-,554,0,0.005459400
postgres,1,generar_emb,-,555,0,0.017597000
postgres,1,insert_emb,-,555,0,0.005270900
postgres,1,generar_emb,-,556,0,0.016280100
postgres,1,insert_emb,-,556,0,0.005229900
postgres,1,generar_emb,-,557,0,0.012843600
postgres,1,insert_emb,-,557,0,0.005389800
postgres,1,generar_emb,-,558,0,0.020442900
postgres,1,insert_emb,-,558,0,0.005399800
postgres,1,generar_emb,-,559,0,0.012656100
postgres,1,insert_emb,-,559,0,0.005266400
postgres,1,generar_emb,-,560,0,0.012397000
postgres,1,insert_emb,-,560,0,0.005548500
postgres,1,generar_emb,-,561,0,0.014503000
postgres,1,insert_emb,-,561,0,0.005438800
postgres,1,generar_emb,-,562,0,0.013889500
postgres,1,insert_emb,-,562,0,0.005845600
postgres,1,generar_emb,-,563,0,0.015497400
postgres,1,insert_emb,-,563,0,0.005538000
postgres,1,generar_emb,-,564,0,0.014462600
postgres,1,insert_emb,-,564,0,0.005658300
postgres,1,generar_emb,-,565,0,0.014261300
postgres,1,insert_emb,-,565,0,0.005816400
postgres,1,generar_emb,-,566,0,0.012653400
postgres,1,insert_emb,-,566,0,0.005531100
postgres,1,generar_emb,-,567,0,0.014969600
postgres,1,insert_emb,-,567,0,0.005155000
postgres,1,generar_emb,-,568,0,0.012592900
postgres,1,insert_emb,-,568,0,0.005006800
postgres,1,generar_emb,-,569,0,0.014789100
postgres,1,insert_emb,-,569,0,0.005506100
postgres,1,generar_emb,-,570,0,0.016241900
postgres,1,insert_emb,-,570,0,0.005753100
postgres,1,generar_emb,-,571,0,0.010965100
postgres,1,insert_emb,-,571,0,0.005247300
postgres,1,generar_emb,-,572,0,0.014729200
postgres,1,insert_emb,-,572,0,0.005904500
postgres,1,generar_emb,-,573,0,0.011516700
postgres,1,insert_emb,-,573,0,0.005279800
postgres,1,generar_emb,-,574,0,0.011587800
postgres,1,insert_emb,-,574,0,0.005341800
postgres,1,generar_emb,-,575,0,0.014601700
postgres,1,insert_emb,-,575,0,0.005124300
postgres,1,generar_emb,-,576,0,0.013718700
postgres,1,insert_emb,-,576,0,0.005566900
postgres,1,generar_emb,-,577,0,0.012705400
postgres,1,insert_emb,-,577,0,0.005311100
postgres,1,generar_emb,-,578,0,0.015771200
postgres,1,insert_emb,-,578,0,0.005464500
postgres,1,generar_emb,-,579,0,0.011799500
postgres,1,insert_emb,-,579,0,0.005404300
postgres,1,generar_emb,-,580,0,0.014993400
postgres,1,insert_emb,-,580,0,0.005354500
postgres,1,generar_emb,-,581,0,0.015999800
postgres,1,insert_emb,-,581,0,0.005506900
postgres,1,generar_emb,-,582,0,0.011923600
postgres,1,insert_emb,-,582,0,0.005469300
postgres,1,generar_emb,-,583,0,0.012090200
postgres,1,insert_emb,-,583,0,0.005222100
postgres,1,generar_emb,-,584,0,0.012142800
postgres,1,insert_emb,-,584,0,0.005181800
postgres,1,generar_emb,-,585,0,0.014296100
postgres,1,insert_emb,-,585,0,0.005256600
postgres,1,generar_emb,-,586,0,0.011932300
postgres,1,insert_emb,-,586,0,0.005064200
postgres,1,generar_emb,-,587,0,0.016382800
postgres,1,insert_emb,-,587,0,0.005275400
postgres,1,generar_emb,-,588,0,0.014761000
postgres,1,insert_emb,-,588,0,0.005866200
postgres,1,generar_emb,-,589,0,0.017121500
postgres,1,insert_emb,-,589,0,0.005475100
postgres,1,generar_emb,-,590,0,0.014726000
postgres,1,insert_emb,-,590,0,0.006145500
postgres,1,generar_emb,-,591,0,0.013379000
postgres,1,insert_emb,-,591,0,0.005454300
postgres,1,generar_emb,-,592,0,0.012928700
postgres,1,insert_emb,-,592,0,0.005898600
postgres,1,generar_emb,-,593,0,0.015701500
postgres,1,insert_emb,-,593,0,0.005220900
postgres,1,generar_emb,-,594,0,0.013323600
postgres,1,insert_emb,-,594,0,0.005685100
postgres,1,generar_emb,-,595,0,0.013100300
postgres,1,insert_emb,-,595,0,0.006346900
postgres,1,generar_emb,-,596,0,0.015254300
postgres,1,insert_emb,-,596,0,0.005756300
postgres,1,generar_emb,-,597,0,0.013317200
postgres,1,insert_emb,-,597,0,0.005306200
postgres,1,generar_emb,-,598,0,0.016306900
postgres,1,insert_emb,-,598,0,0.005841900
postgres,1,generar_emb,-,599,0,0.017695100
postgres,1,insert_emb,-,599,0,0.005422700
postgres,1,generar_emb,-,600,0,0.015021700
postgres,1,insert_emb,-,600,0,0.005790700
postgres,1,generar_emb,-,601,0,0.012876400
postgres,1,insert_emb,-,601,0,0.005642600
postgres,1,generar_emb,-,602,0,0.011767400
postgres,1,insert_emb,-,602,0,0.006081800
postgres,1,generar_emb,-,603,0,0.013169500
postgres,1,insert_emb,-,603,0,0.005487400
postgres,1,generar_emb,-,604,0,0.013736400
postgres,1,insert_emb,-,604,0,0.005926500
postgres,1,generar_emb,-,605,0,0.015505400
postgres,1,insert_emb,-,605,0,0.005762800
postgres,1,generar_emb,-,606,0,0.014759900
postgres,1,insert_emb,-,606,0,0.005762100
postgres,1,generar_emb,-,607,0,0.012639800
postgres,1,insert_emb,-,607,0,0.005828700
postgres,1,generar_emb,-,608,0,0.017319800
postgres,1,insert_emb,-,608,0,0.005751900
postgres,1,generar_emb,-,609,0,0.014033100
postgres,1,insert_emb,-,609,0,0.006623800
postgres,1,generar_emb,-,610,0,0.013716200
postgres,1,insert_emb,-,610,0,0.006106600
postgres,1,generar_emb,-,611,0,0.014893500
postgres,1,insert_emb,-,611,0,0.005791300
postgres,1,generar_emb,-,612,0,0.014933800
postgres,1,insert_emb,-,612,0,0.005634900
postgres,1,generar_emb,-,613,0,0.014719100
postgres,1,insert_emb,-,613,0,0.005303800
postgres,1,generar_emb,-,614,0,0.012442600
postgres,1,insert_emb,-,614,0,0.005510200
postgres,1,generar_emb,-,615,0,0.011590800
postgres,1,insert_emb,-,615,0,0.005757200
postgres,1,generar_emb,-,616,0,0.011063300
postgres,1,insert_emb,-,616,0,0.005348900
postgres,1,generar_emb,-,617,0,0.012272400
postgres,1,insert_emb,-,617,0,0.005686800
postgres,1,generar_emb,-,618,0,0.011844900
postgres,1,insert_emb,-,618,0,0.005544000
postgres,1,generar_emb,-,619,0,0.015772300
postgres,1,insert_emb,-,619,0,0.005343600
postgres,1,generar_emb,-,620,0,0.013089600
postgres,1,insert_emb,-,620,0,0.005384800
postgres,1,generar_emb,-,621,0,0.012545100
postgres,1,insert_emb,-,621,0,0.005123400
postgres,1,generar_emb,-,622,0,0.014650200
postgres,1,insert_emb,-,622,0,0.005357500
postgres,1,generar_emb,-,623,0,0.013415900
postgres,1,insert_emb,-,623,0,0.005660400
postgres,1,generar_emb,-,624,0,0.014465300
postgres,1,insert_emb,-,624,0,0.005220700
postgres,1,generar_emb,-,625,0,0.013379300
postgres,1,insert_emb,-,625,0,0.005524500
postgres,1,generar_emb,-,626,0,0.011178600
postgres,1,insert_emb,-,626,0,0.005227900
postgres,1,generar_emb,-,627,0,0.013299300
postgres,1,insert_emb,-,627,0,0.005431400
postgres,1,generar_emb,-,628,0,0.014003200
postgres,1,insert_emb,-,628,0,0.005427000
postgres,1,generar_emb,-,629,0,0.013554100
postgres,1,insert_emb,-,629,0,0.005582800
postgres,1,generar_emb,-,630,0,0.013012500
postgres,1,insert_emb,-,630,0,0.005532700
postgres,1,generar_emb,-,631,0,0.012005500
postgres,1,insert_emb,-,631,0,0.005138100
postgres,1,generar_emb,-,632,0,0.011649000
postgres,1,insert_emb,-,632,0,0.005535600
postgres,1,generar_emb,-,633,0,0.012875500
postgres,1,insert_emb,-,633,0,0.005219300
postgres,1,generar_emb,-,634,0,0.012491200
postgres,1,insert_emb,-,634,0,0.005643800
postgres,1,generar_emb,-,635,0,0.012414300
postgres,1,insert_emb,-,635,0,0.005483500
postgres,1,generar_emb,-,636,0,0.013148500
postgres,1,insert_emb,-,636,0,0.005816100
postgres,1,generar_emb,-,637,0,0.013726200
postgres,1,insert_emb,-,637,0,0.005410900
postgres,1,generar_emb,-,638,0,0.011485200
postgres,1,insert_emb,-,638,0,0.005352000
postgres,1,generar_emb,-,639,0,0.011181500
postgres,1,insert_emb,-,639,0,0.005317800
postgres,1,generar_emb,-,640,0,0.010820600
postgres,1,insert_emb,-,640,0,0.005468700
postgres,1,generar_emb,-,641,0,0.012021800
postgres,1,insert_emb,-,641,0,0.005445200
postgres,1,generar_emb,-,642,0,0.012602300
postgres,1,insert_emb,-,642,0,0.005213100
postgres,1,generar_emb,-,643,0,0.013748400
postgres,1,insert_emb,-,643,0,0.005346400
postgres,1,generar_emb,-,644,0,0.013429900
postgres,1,insert_emb,-,644,0,0.005023000
postgres,1,generar_emb,-,645,0,0.012584200
postgres,1,insert_emb,-,645,0,0.007399700
postgres,1,generar_emb,-,646,0,0.024472400
postgres,1,insert_emb,-,646,0,0.005105100
postgres,1,generar_emb,-,647,0,0.014164900
postgres,1,insert_emb,-,647,0,0.005338600
postgres,1,generar_emb,-,648,0,0.011914600
postgres,1,insert_emb,-,648,0,0.006191800
postgres,1,generar_emb,-,649,0,0.014442700
postgres,1,insert_emb,-,649,0,0.005430800
postgres,1,generar_emb,-,650,0,0.012543000
postgres,1,insert_emb,-,650,0,0.005382000
postgres,1,generar_emb,-,651,0,0.011061900
postgres,1,insert_emb,-,651,0,0.004896200
postgres,1,generar_emb,-,652,0,0.011522000
postgres,1,insert_emb,-,652,0,0.005007500
postgres,1,generar_emb,-,653,0,0.011306900
postgres,1,insert_emb,-,653,0,0.005547500
postgres,1,generar_emb,-,654,0,0.013877800
postgres,1,insert_emb,-,654,0,0.005279300
postgres,1,generar_emb,-,655,0,0.013304500
postgres,1,insert_emb,-,655,0,0.005843200
postgres,1,generar_emb,-,656,0,0.012546400
postgres,1,insert_emb,-,656,0,0.005460600
postgres,1,generar_emb,-,657,0,0.015931200
postgres,1,insert_emb,-,657,0,0.005655500
postgres,1,generar_emb,-,658,0,0.013898400
postgres,1,insert_emb,-,658,0,0.005524700
postgres,1,generar_emb,-,659,0,0.013677200
postgres,1,insert_emb,-,659,0,0.005852200
postgres,1,generar_emb,-,660,0,0.014089900
postgres,1,insert_emb,-,660,0,0.006389600
postgres,1,generar_emb,-,661,0,0.014479500
postgres,1,insert_emb,-,661,0,0.005649400
postgres,1,generar_emb,-,662,0,0.013916400
postgres,1,insert_emb,-,662,0,0.005285400
postgres,1,generar_emb,-,663,0,0.012165800
postgres,1,insert_emb,-,663,0,0.005310400
postgres,1,generar_emb,-,664,0,0.012626500
postgres,1,insert_emb,-,664,0,0.005226800
postgres,1,generar_emb,-,665,0,0.013414700
postgres,1,insert_emb,-,665,0,0.006083600
postgres,1,generar_emb,-,666,0,0.011827400
postgres,1,insert_emb,-,666,0,0.005924800
postgres,1,generar_emb,-,667,0,0.014375900
postgres,1,insert_emb,-,667,0,0.005388400
postgres,1,generar_emb,-,668,0,0.012780800
postgres,1,insert_emb,-,668,0,0.005411000
postgres,1,generar_emb,-,669,0,0.015542600
postgres,1,insert_emb,-,669,0,0.005758100
postgres,1,generar_emb,-,670,0,0.012595900
postgres,1,insert_emb,-,670,0,0.005513400
postgres,1,generar_emb,-,671,0,0.012494600
postgres,1,insert_emb,-,671,0,0.005174100
postgres,1,generar_emb,-,672,0,0.012417900
postgres,1,insert_emb,-,672,0,0.005608200
postgres,1,generar_emb,-,673,0,0.013092400
postgres,1,insert_emb,-,673,0,0.005471400
postgres,1,generar_emb,-,674,0,0.014415000
postgres,1,insert_emb,-,674,0,0.005597500
postgres,1,generar_emb,-,675,0,0.012504600
postgres,1,insert_emb,-,675,0,0.005428100
postgres,1,generar_emb,-,676,0,0.011853600
postgres,1,insert_emb,-,676,0,0.005620400
postgres,1,generar_emb,-,677,0,0.011851100
postgres,1,insert_emb,-,677,0,0.005353200
postgres,1,generar_emb,-,678,0,0.012218900
postgres,1,insert_emb,-,678,0,0.005315500
postgres,1,generar_emb,-,679,0,0.011808500
postgres,1,insert_emb,-,679,0,0.005394900
postgres,1,generar_emb,-,680,0,0.012107900
postgres,1,insert_emb,-,680,0,0.005379900
postgres,1,generar_emb,-,681,0,0.012541900
postgres,1,insert_emb,-,681,0,0.005347200
postgres,1,generar_emb,-,682,0,0.012971700
postgres,1,insert_emb,-,682,0,0.005199100
postgres,1,generar_emb,-,683,0,0.011428200
postgres,1,insert_emb,-,683,0,0.005315200
postgres,1,generar_emb,-,684,0,0.012709600
postgres,1,insert_emb,-,684,0,0.005235700
postgres,1,generar_emb,-,685,0,0.012072100
postgres,1,insert_emb,-,685,0,0.005501500
postgres,1,generar_emb,-,686,0,0.011099900
postgres,1,insert_emb,-,686,0,0.005597400
postgres,1,generar_emb,-,687,0,0.011624700
postgres,1,insert_emb,-,687,0,0.005506900
postgres,1,generar_emb,-,688,0,0.014603300
postgres,1,insert_emb,-,688,0,0.005488500
postgres,1,generar_emb,-,689,0,0.011465900
postgres,1,insert_emb,-,689,0,0.005464700
postgres,1,generar_emb,-,690,0,0.015497500
postgres,1,insert_emb,-,690,0,0.005976000
postgres,1,generar_emb,-,691,0,0.017338200
postgres,1,insert_emb,-,691,0,0.005543100
postgres,1,generar_emb,-,692,0,0.012978700
postgres,1,insert_emb,-,692,0,0.005521200
postgres,1,generar_emb,-,693,0,0.012650600
postgres,1,insert_emb,-,693,0,0.005350200
postgres,1,generar_emb,-,694,0,0.011642000
postgres,1,insert_emb,-,694,0,0.005557000
postgres,1,generar_emb,-,695,0,0.013582100
postgres,1,insert_emb,-,695,0,0.005696200
postgres,1,generar_emb,-,696,0,0.011994700
postgres,1,insert_emb,-,696,0,0.005283200
postgres,1,generar_emb,-,697,0,0.011423100
postgres,1,insert_emb,-,697,0,0.005483500
postgres,1,generar_emb,-,698,0,0.012042300
postgres,1,insert_emb,-,698,0,0.005758300
postgres,1,generar_emb,-,699,0,0.014011200
postgres,1,insert_emb,-,699,0,0.006219600
postgres,1,generar_emb,-,700,0,0.013369100
postgres,1,insert_emb,-,700,0,0.005699000
postgres,1,generar_emb,-,701,0,0.011754500
postgres,1,insert_emb,-,701,0,0.005453300
postgres,1,generar_emb,-,702,0,0.014364300
postgres,1,insert_emb,-,702,0,0.006179400
postgres,1,generar_emb,-,703,0,0.014858000
postgres,1,insert_emb,-,703,0,0.006026300
postgres,1,generar_emb,-,704,0,0.012131500
postgres,1,insert_emb,-,704,0,0.005693900
postgres,1,generar_emb,-,705,0,0.012113300
postgres,1,insert_emb,-,705,0,0.005904100
postgres,1,generar_emb,-,706,0,0.011720100
postgres,1,insert_emb,-,706,0,0.005472500
postgres,1,generar_emb,-,707,0,0.011091800
postgres,1,insert_emb,-,707,0,0.005404500
postgres,1,generar_emb,-,708,0,0.010726700
postgres,1,insert_emb,-,708,0,0.005268100
postgres,1,generar_emb,-,709,0,0.012210000
postgres,1,insert_emb,-,709,0,0.005141600
postgres,1,generar_emb,-,710,0,0.012637800
postgres,1,insert_emb,-,710,0,0.005418400
postgres,1,generar_emb,-,711,0,0.012161400
postgres,1,insert_emb,-,711,0,0.005607700
postgres,1,generar_emb,-,712,0,0.012057400
postgres,1,insert_emb,-,712,0,0.005693400
postgres,1,generar_emb,-,713,0,0.014909000
postgres,1,insert_emb,-,713,0,0.005457700
postgres,1,generar_emb,-,714,0,0.011945000
postgres,1,insert_emb,-,714,0,0.005951400
postgres,1,generar_emb,-,715,0,0.010836100
postgres,1,insert_emb,-,715,0,0.006130900
postgres,1,generar_emb,-,716,0,0.012740400
postgres,1,insert_emb,-,716,0,0.005799300
postgres,1,generar_emb,-,717,0,0.010532400
postgres,1,insert_emb,-,717,0,0.005177800
postgres,1,generar_emb,-,718,0,0.011360500
postgres,1,insert_emb,-,718,0,0.005205600
postgres,1,generar_emb,-,719,0,0.012875200
postgres,1,insert_emb,-,719,0,0.005116000
postgres,1,generar_emb,-,720,0,0.012225300
postgres,1,insert_emb,-,720,0,0.005442700
postgres,1,generar_emb,-,721,0,0.013241700
postgres,1,insert_emb,-,721,0,0.005649400
postgres,1,generar_emb,-,722,0,0.011592800
postgres,1,insert_emb,-,722,0,0.005282300
postgres,1,generar_emb,-,723,0,0.012008100
postgres,1,insert_emb,-,723,0,0.005708400
postgres,1,generar_emb,-,724,0,0.011844000
postgres,1,insert_emb,-,724,0,0.005696100
postgres,1,generar_emb,-,725,0,0.011686100
postgres,1,insert_emb,-,725,0,0.005954800
postgres,1,generar_emb,-,726,0,0.011923500
postgres,1,insert_emb,-,726,0,0.005378700
postgres,1,generar_emb,-,727,0,0.012898000
postgres,1,insert_emb,-,727,0,0.005715600
postgres,1,generar_emb,-,728,0,0.014680600
postgres,1,insert_emb,-,728,0,0.005429000
postgres,1,generar_emb,-,729,0,0.013781200
postgres,1,insert_emb,-,729,0,0.005431100
postgres,1,generar_emb,-,730,0,0.012289500
postgres,1,insert_emb,-,730,0,0.005550400
postgres,1,generar_emb,-,731,0,0.013124500
postgres,1,insert_emb,-,731,0,0.005579900
postgres,1,generar_emb,-,732,0,0.012709800
postgres,1,insert_emb,-,732,0,0.005563800
postgres,1,generar_emb,-,733,0,0.012474000
postgres,1,insert_emb,-,733,0,0.005271800
postgres,1,generar_emb,-,734,0,0.012268300
postgres,1,insert_emb,-,734,0,0.005511900
postgres,1,generar_emb,-,735,0,0.012798600
postgres,1,insert_emb,-,735,0,0.005662100
postgres,1,generar_emb,-,736,0,0.010934700
postgres,1,insert_emb,-,736,0,0.005688600
postgres,1,generar_emb,-,737,0,0.013498800
postgres,1,insert_emb,-,737,0,0.005688900
postgres,1,generar_emb,-,738,0,0.014648800
postgres,1,insert_emb,-,738,0,0.005359200
postgres,1,generar_emb,-,739,0,0.012549200
postgres,1,insert_emb,-,739,0,0.005556200
postgres,1,generar_emb,-,740,0,0.015545700
postgres,1,insert_emb,-,740,0,0.005803800
postgres,1,generar_emb,-,741,0,0.011739200
postgres,1,insert_emb,-,741,0,0.006013900
postgres,1,generar_emb,-,742,0,0.012898200
postgres,1,insert_emb,-,742,0,0.005419700
postgres,1,generar_emb,-,743,0,0.013083200
postgres,1,insert_emb,-,743,0,0.005431000
postgres,1,generar_emb,-,744,0,0.011594800
postgres,1,insert_emb,-,744,0,0.005855200
postgres,1,generar_emb,-,745,0,0.011841600
postgres,1,insert_emb,-,745,0,0.005511700
postgres,1,generar_emb,-,746,0,0.012721800
postgres,1,insert_emb,-,746,0,0.005520800
postgres,1,generar_emb,-,747,0,0.014910100
postgres,1,insert_emb,-,747,0,0.005402300
postgres,1,generar_emb,-,748,0,0.012427400
postgres,1,insert_emb,-,748,0,0.005224900
postgres,1,generar_emb,-,749,0,0.013427500
postgres,1,insert_emb,-,749,0,0.005151000
postgres,1,generar_emb,-,750,0,0.013666500
postgres,1,insert_emb,-,750,0,0.005173800
postgres,1,generar_emb,-,751,0,0.012221200
postgres,1,insert_emb,-,751,0,0.005256000
postgres,1,generar_emb,-,752,0,0.011257300
postgres,1,insert_emb,-,752,0,0.006268900
postgres,1,generar_emb,-,753,0,0.012642200
postgres,1,insert_emb,-,753,0,0.005792400
postgres,1,generar_emb,-,754,0,0.017423400
postgres,1,insert_emb,-,754,0,0.005877800
postgres,1,generar_emb,-,755,0,0.010993000
postgres,1,insert_emb,-,755,0,0.005479700
postgres,1,generar_emb,-,756,0,0.011409400
postgres,1,insert_emb,-,756,0,0.005936500
postgres,1,generar_emb,-,757,0,0.016481400
postgres,1,insert_emb,-,757,0,0.005881100
postgres,1,generar_emb,-,758,0,0.015534700
postgres,1,insert_emb,-,758,0,0.006212700
postgres,1,generar_emb,-,759,0,0.017754100
postgres,1,insert_emb,-,759,0,0.006157600
postgres,1,generar_emb,-,760,0,0.017394100
postgres,1,insert_emb,-,760,0,0.007378200
postgres,1,generar_emb,-,761,0,0.022294200
postgres,1,insert_emb,-,761,0,0.007027100
postgres,1,generar_emb,-,762,0,0.019682400
postgres,1,insert_emb,-,762,0,0.006840400
postgres,1,generar_emb,-,763,0,0.019125000
postgres,1,insert_emb,-,763,0,0.005782700
postgres,1,generar_emb,-,764,0,0.015096400
postgres,1,insert_emb,-,764,0,0.005284900
postgres,1,generar_emb,-,765,0,0.010716500
postgres,1,insert_emb,-,765,0,0.005095500
postgres,1,generar_emb,-,766,0,0.012359300
postgres,1,insert_emb,-,766,0,0.005301700
postgres,1,generar_emb,-,767,0,0.012232900
postgres,1,insert_emb,-,767,0,0.005525400
postgres,1,generar_emb,-,768,0,0.013566500
postgres,1,insert_emb,-,768,0,0.005824500
postgres,1,generar_emb,-,769,0,0.013006300
postgres,1,insert_emb,-,769,0,0.005459300
postgres,1,generar_emb,-,770,0,0.012681700
postgres,1,insert_emb,-,770,0,0.005773200
postgres,1,generar_emb,-,771,0,0.014255500
postgres,1,insert_emb,-,771,0,0.006058300
postgres,1,generar_emb,-,772,0,0.016542300
postgres,1,insert_emb,-,772,0,0.005904600
postgres,1,generar_emb,-,773,0,0.013476000
postgres,1,insert_emb,-,773,0,0.005933900
postgres,1,generar_emb,-,774,0,0.013547400
postgres,1,insert_emb,-,774,0,0.006474800
postgres,1,generar_emb,-,775,0,0.020543300
postgres,1,insert_emb,-,775,0,0.007520100
postgres,1,generar_emb,-,776,0,0.020504100
postgres,1,insert_emb,-,776,0,0.007313900
postgres,1,generar_emb,-,777,0,0.020056500
postgres,1,insert_emb,-,777,0,0.006448200
postgres,1,generar_emb,-,778,0,0.014583600
postgres,1,insert_emb,-,778,0,0.005571100
postgres,1,generar_emb,-,779,0,0.014602900
postgres,1,insert_emb,-,779,0,0.005308100
postgres,1,generar_emb,-,780,0,0.011397500
postgres,1,insert_emb,-,780,0,0.005491400
postgres,1,generar_emb,-,781,0,0.011585500
postgres,1,insert_emb,-,781,0,0.005303600
postgres,1,generar_emb,-,782,0,0.013428300
postgres,1,insert_emb,-,782,0,0.005316700
postgres,1,generar_emb,-,783,0,0.010814900
postgres,1,insert_emb,-,783,0,0.005094700
postgres,1,generar_emb,-,784,0,0.012696500
postgres,1,insert_emb,-,784,0,0.005859900
postgres,1,generar_emb,-,785,0,0.012351300
postgres,1,insert_emb,-,785,0,0.005249700
postgres,1,generar_emb,-,786,0,0.012241300
postgres,1,insert_emb,-,786,0,0.005356000
postgres,1,generar_emb,-,787,0,0.014089700
postgres,1,insert_emb,-,787,0,0.005397700
postgres,1,generar_emb,-,788,0,0.012467000
postgres,1,insert_emb,-,788,0,0.005524700
postgres,1,generar_emb,-,789,0,0.013211500
postgres,1,insert_emb,-,789,0,0.005151500
postgres,1,generar_emb,-,790,0,0.013425800
postgres,1,insert_emb,-,790,0,0.006511200
postgres,1,generar_emb,-,791,0,0.015000800
postgres,1,insert_emb,-,791,0,0.005891100
postgres,1,generar_emb,-,792,0,0.015075200
postgres,1,insert_emb,-,792,0,0.006169800
postgres,1,generar_emb,-,793,0,0.013393600
postgres,1,insert_emb,-,793,0,0.005620000
postgres,1,generar_emb,-,794,0,0.012114500
postgres,1,insert_emb,-,794,0,0.005875300
postgres,1,generar_emb,-,795,0,0.012737800
postgres,1,insert_emb,-,795,0,0.005373100
postgres,1,generar_emb,-,796,0,0.014472100
postgres,1,insert_emb,-,796,0,0.005294600
postgres,1,generar_emb,-,797,0,0.011615000
postgres,1,insert_emb,-,797,0,0.006328100
postgres,1,generar_emb,-,798,0,0.011601500
postgres,1,insert_emb,-,798,0,0.005313600
postgres,1,generar_emb,-,799,0,0.010705600
postgres,1,insert_emb,-,799,0,0.005256200
postgres,1,generar_emb,-,800,0,0.013040400
postgres,1,insert_emb,-,800,0,0.006008600
postgres,1,generar_emb,-,801,0,0.010640300
postgres,1,insert_emb,-,801,0,0.005593000
postgres,1,generar_emb,-,802,0,0.012261600
postgres,1,insert_emb,-,802,0,0.005681700
postgres,1,generar_emb,-,803,0,0.013530600
postgres,1,insert_emb,-,803,0,0.006189500
postgres,1,generar_emb,-,804,0,0.014135700
postgres,1,insert_emb,-,804,0,0.005794100
postgres,1,generar_emb,-,805,0,0.014627300
postgres,1,insert_emb,-,805,0,0.005971900
postgres,1,generar_emb,-,806,0,0.010633100
postgres,1,insert_emb,-,806,0,0.005421900
postgres,1,generar_emb,-,807,0,0.013492500
postgres,1,insert_emb,-,807,0,0.005389600
postgres,1,generar_emb,-,808,0,0.012457300
postgres,1,insert_emb,-,808,0,0.005422300
postgres,1,generar_emb,-,809,0,0.010654900
postgres,1,insert_emb,-,809,0,0.005251000
postgres,1,generar_emb,-,810,0,0.012896400
postgres,1,insert_emb,-,810,0,0.005838000
postgres,1,generar_emb,-,811,0,0.012874300
postgres,1,insert_emb,-,811,0,0.005430100
postgres,1,generar_emb,-,812,0,0.013447100
postgres,1,insert_emb,-,812,0,0.005414800
postgres,1,generar_emb,-,813,0,0.012280300
postgres,1,insert_emb,-,813,0,0.005230000
postgres,1,generar_emb,-,814,0,0.013043100
postgres,1,insert_emb,-,814,0,0.005368100
postgres,1,generar_emb,-,815,0,0.016405600
postgres,1,insert_emb,-,815,0,0.006477400
postgres,1,generar_emb,-,816,0,0.018985000
postgres,1,insert_emb,-,816,0,0.005348300
postgres,1,generar_emb,-,817,0,0.013019300
postgres,1,insert_emb,-,817,0,0.005156300
postgres,1,generar_emb,-,818,0,0.013576900
postgres,1,insert_emb,-,818,0,0.005710500
postgres,1,generar_emb,-,819,0,0.011059300
postgres,1,insert_emb,-,819,0,0.005612600
postgres,1,generar_emb,-,820,0,0.015015700
postgres,1,insert_emb,-,820,0,0.006053600
postgres,1,generar_emb,-,821,0,0.011444200
postgres,1,insert_emb,-,821,0,0.005900600
postgres,1,generar_emb,-,822,0,0.013627100
postgres,1,insert_emb,-,822,0,0.005646700
postgres,1,generar_emb,-,823,0,0.013342800
postgres,1,insert_emb,-,823,0,0.005307400
postgres,1,generar_emb,-,824,0,0.013794600
postgres,1,insert_emb,-,824,0,0.005410900
postgres,1,generar_emb,-,825,0,0.011342400
postgres,1,insert_emb,-,825,0,0.005596200
postgres,1,generar_emb,-,826,0,0.012464800
postgres,1,insert_emb,-,826,0,0.005282400
postgres,1,generar_emb,-,827,0,0.013688600
postgres,1,insert_emb,-,827,0,0.005379100
postgres,1,generar_emb,-,828,0,0.011094400
postgres,1,insert_emb,-,828,0,0.005156000
postgres,1,generar_emb,-,829,0,0.014530700
postgres,1,insert_emb,-,829,0,0.006148700
postgres,1,generar_emb,-,830,0,0.011750900
postgres,1,insert_emb,-,830,0,0.005543700
postgres,1,generar_emb,-,831,0,0.012438100
postgres,1,insert_emb,-,831,0,0.005231200
postgres,1,generar_emb,-,832,0,0.012810800
postgres,1,insert_emb,-,832,0,0.005670200
postgres,1,generar_emb,-,833,0,0.014027200
postgres,1,insert_emb,-,833,0,0.005215400
postgres,1,generar_emb,-,834,0,0.013921700
postgres,1,insert_emb,-,834,0,0.005734900
postgres,1,generar_emb,-,835,0,0.014499800
postgres,1,insert_emb,-,835,0,0.006390300
postgres,1,generar_emb,-,836,0,0.011311900
postgres,1,insert_emb,-,836,0,0.005726400
postgres,1,generar_emb,-,837,0,0.010920900
postgres,1,insert_emb,-,837,0,0.005175000
postgres,1,generar_emb,-,838,0,0.011339400
postgres,1,insert_emb,-,838,0,0.005430500
postgres,1,generar_emb,-,839,0,0.011111300
postgres,1,insert_emb,-,839,0,0.005531500
postgres,1,generar_emb,-,840,0,0.011295300
postgres,1,insert_emb,-,840,0,0.005748200
postgres,1,generar_emb,-,841,0,0.012838300
postgres,1,insert_emb,-,841,0,0.005573800
postgres,1,generar_emb,-,842,0,0.012994900
postgres,1,insert_emb,-,842,0,0.005247800
postgres,1,generar_emb,-,843,0,0.011953300
postgres,1,insert_emb,-,843,0,0.005427400
postgres,1,generar_emb,-,844,0,0.016599700
postgres,1,insert_emb,-,844,0,0.005174800
postgres,1,generar_emb,-,845,0,0.015379100
postgres,1,insert_emb,-,845,0,0.005584900
postgres,1,generar_emb,-,846,0,0.016971300
postgres,1,insert_emb,-,846,0,0.005405600
postgres,1,generar_emb,-,847,0,0.018079600
postgres,1,insert_emb,-,847,0,0.005225800
postgres,1,generar_emb,-,848,0,0.012710400
postgres,1,insert_emb,-,848,0,0.005570800
postgres,1,generar_emb,-,849,0,0.012754200
postgres,1,insert_emb,-,849,0,0.004974200
postgres,1,generar_emb,-,850,0,0.016635200
postgres,1,insert_emb,-,850,0,0.005351700
postgres,1,generar_emb,-,851,0,0.012843300
postgres,1,insert_emb,-,851,0,0.005144400
postgres,1,generar_emb,-,852,0,0.016307700
postgres,1,insert_emb,-,852,0,0.005882600
postgres,1,generar_emb,-,853,0,0.012698400
postgres,1,insert_emb,-,853,0,0.005137600
postgres,1,generar_emb,-,854,0,0.014540000
postgres,1,insert_emb,-,854,0,0.005190600
postgres,1,generar_emb,-,855,0,0.013293500
postgres,1,insert_emb,-,855,0,0.005620100
postgres,1,generar_emb,-,856,0,0.011947300
postgres,1,insert_emb,-,856,0,0.005595500
postgres,1,generar_emb,-,857,0,0.012070800
postgres,1,insert_emb,-,857,0,0.005074100
postgres,1,generar_emb,-,858,0,0.012410600
postgres,1,insert_emb,-,858,0,0.005000100
postgres,1,generar_emb,-,859,0,0.011889200
postgres,1,insert_emb,-,859,0,0.005202600
postgres,1,generar_emb,-,860,0,0.013538800
postgres,1,insert_emb,-,860,0,0.005750700
postgres,1,generar_emb,-,861,0,0.012357400
postgres,1,insert_emb,-,861,0,0.005082600
postgres,1,generar_emb,-,862,0,0.011283100
postgres,1,insert_emb,-,862,0,0.005305500
postgres,1,generar_emb,-,863,0,0.010728500
postgres,1,insert_emb,-,863,0,0.005168300
postgres,1,generar_emb,-,864,0,0.014627500
postgres,1,insert_emb,-,864,0,0.005707100
postgres,1,generar_emb,-,865,0,0.011687800
postgres,1,insert_emb,-,865,0,0.005350200
postgres,1,generar_emb,-,866,0,0.011349200
postgres,1,insert_emb,-,866,0,0.005407900
postgres,1,generar_emb,-,867,0,0.013459700
postgres,1,insert_emb,-,867,0,0.005311800
postgres,1,generar_emb,-,868,0,0.011917200
postgres,1,insert_emb,-,868,0,0.005274100
postgres,1,generar_emb,-,869,0,0.019634200
postgres,1,insert_emb,-,869,0,0.006165800
postgres,1,generar_emb,-,870,0,0.014125400
postgres,1,insert_emb,-,870,0,0.005938900
postgres,1,generar_emb,-,871,0,0.013640600
postgres,1,insert_emb,-,871,0,0.006214700
postgres,1,generar_emb,-,872,0,0.016146900
postgres,1,insert_emb,-,872,0,0.006402600
postgres,1,generar_emb,-,873,0,0.014873700
postgres,1,insert_emb,-,873,0,0.005598700
postgres,1,generar_emb,-,874,0,0.014468700
postgres,1,insert_emb,-,874,0,0.006361700
postgres,1,generar_emb,-,875,0,0.015613900
postgres,1,insert_emb,-,875,0,0.006435300
postgres,1,generar_emb,-,876,0,0.014621200
postgres,1,insert_emb,-,876,0,0.005853000
postgres,1,generar_emb,-,877,0,0.016885200
postgres,1,insert_emb,-,877,0,0.008034900
postgres,1,generar_emb,-,878,0,0.013040300
postgres,1,insert_emb,-,878,0,0.005914800
postgres,1,generar_emb,-,879,0,0.011636300
postgres,1,insert_emb,-,879,0,0.005487400
postgres,1,generar_emb,-,880,0,0.014647900
postgres,1,insert_emb,-,880,0,0.006793100
postgres,1,generar_emb,-,881,0,0.012933700
postgres,1,insert_emb,-,881,0,0.005188000
postgres,1,generar_emb,-,882,0,0.014593000
postgres,1,insert_emb,-,882,0,0.006044500
postgres,1,generar_emb,-,883,0,0.013702500
postgres,1,insert_emb,-,883,0,0.005437500
postgres,1,generar_emb,-,884,0,0.011565900
postgres,1,insert_emb,-,884,0,0.005584200
postgres,1,generar_emb,-,885,0,0.014301200
postgres,1,insert_emb,-,885,0,0.005462000
postgres,1,generar_emb,-,886,0,0.012062700
postgres,1,insert_emb,-,886,0,0.005731000
postgres,1,generar_emb,-,887,0,0.012621800
postgres,1,insert_emb,-,887,0,0.005301300
postgres,1,generar_emb,-,888,0,0.011255400
postgres,1,insert_emb,-,888,0,0.005318800
postgres,1,generar_emb,-,889,0,0.011276800
postgres,1,insert_emb,-,889,0,0.006059300
postgres,1,generar_emb,-,890,0,0.010943000
postgres,1,insert_emb,-,890,0,0.005903900
postgres,1,generar_emb,-,891,0,0.010931100
postgres,1,insert_emb,-,891,0,0.005844200
postgres,1,generar_emb,-,892,0,0.011019300
postgres,1,insert_emb,-,892,0,0.005227000
postgres,1,generar_emb,-,893,0,0.010748100
postgres,1,insert_emb,-,893,0,0.005717100
postgres,1,generar_emb,-,894,0,0.012233800
postgres,1,insert_emb,-,894,0,0.005537800
postgres,1,generar_emb,-,895,0,0.012508300
postgres,1,insert_emb,-,895,0,0.005602200
postgres,1,generar_emb,-,896,0,0.012023300
postgres,1,insert_emb,-,896,0,0.005358300
postgres,1,generar_emb,-,897,0,0.017059100
postgres,1,insert_emb,-,897,0,0.005443100
postgres,1,generar_emb,-,898,0,0.011239400
postgres,1,insert_emb,-,898,0,0.005460700
postgres,1,generar_emb,-,899,0,0.012828000
postgres,1,insert_emb,-,899,0,0.005337100
postgres,1,generar_emb,-,900,0,0.012402900
postgres,1,insert_emb,-,900,0,0.005842600
postgres,1,generar_emb,-,901,0,0.014426700
postgres,1,insert_emb,-,901,0,0.005351200
postgres,1,generar_emb,-,902,0,0.013745300
postgres,1,insert_emb,-,902,0,0.005481100
postgres,1,generar_emb,-,903,0,0.012392300
postgres,1,insert_emb,-,903,0,0.005875500
postgres,1,generar_emb,-,904,0,0.012039300
postgres,1,insert_emb,-,904,0,0.005356300
postgres,1,generar_emb,-,905,0,0.011597400
postgres,1,insert_emb,-,905,0,0.005493400
postgres,1,generar_emb,-,906,0,0.011508100
postgres,1,insert_emb,-,906,0,0.005122400
postgres,1,generar_emb,-,907,0,0.011690400
postgres,1,insert_emb,-,907,0,0.005147100
postgres,1,generar_emb,-,908,0,0.012142400
postgres,1,insert_emb,-,908,0,0.005306100
postgres,1,generar_emb,-,909,0,0.012078200
postgres,1,insert_emb,-,909,0,0.005270400
postgres,1,generar_emb,-,910,0,0.012398000
postgres,1,insert_emb,-,910,0,0.005802100
postgres,1,generar_emb,-,911,0,0.016368800
postgres,1,insert_emb,-,911,0,0.005145200
postgres,1,generar_emb,-,912,0,0.011469600
postgres,1,insert_emb,-,912,0,0.005218800
postgres,1,generar_emb,-,913,0,0.011313400
postgres,1,insert_emb,-,913,0,0.005098600
postgres,1,generar_emb,-,914,0,0.010674200
postgres,1,insert_emb,-,914,0,0.005142800
postgres,1,generar_emb,-,915,0,0.012198200
postgres,1,insert_emb,-,915,0,0.005940400
postgres,1,generar_emb,-,916,0,0.012297800
postgres,1,insert_emb,-,916,0,0.004974700
postgres,1,generar_emb,-,917,0,0.012621300
postgres,1,insert_emb,-,917,0,0.005458500
postgres,1,generar_emb,-,918,0,0.013783200
postgres,1,insert_emb,-,918,0,0.005386700
postgres,1,generar_emb,-,919,0,0.011994500
postgres,1,insert_emb,-,919,0,0.005567000
postgres,1,generar_emb,-,920,0,0.012058000
postgres,1,insert_emb,-,920,0,0.005510100
postgres,1,generar_emb,-,921,0,0.012142300
postgres,1,insert_emb,-,921,0,0.005127400
postgres,1,generar_emb,-,922,0,0.011689900
postgres,1,insert_emb,-,922,0,0.005128800
postgres,1,generar_emb,-,923,0,0.012802100
postgres,1,insert_emb,-,923,0,0.004823000
postgres,1,generar_emb,-,924,0,0.010938000
postgres,1,insert_emb,-,924,0,0.005120700
postgres,1,generar_emb,-,925,0,0.013817800
postgres,1,insert_emb,-,925,0,0.005296200
postgres,1,generar_emb,-,926,0,0.015539100
postgres,1,insert_emb,-,926,0,0.005269900
postgres,1,generar_emb,-,927,0,0.013239300
postgres,1,insert_emb,-,927,0,0.005358200
postgres,1,generar_emb,-,928,0,0.011501400
postgres,1,insert_emb,-,928,0,0.005373300
postgres,1,generar_emb,-,929,0,0.012548400
postgres,1,insert_emb,-,929,0,0.005658600
postgres,1,generar_emb,-,930,0,0.015098900
postgres,1,insert_emb,-,930,0,0.005661400
postgres,1,generar_emb,-,931,0,0.012545400
postgres,1,insert_emb,-,931,0,0.005314000
postgres,1,generar_emb,-,932,0,0.012210300
postgres,1,insert_emb,-,932,0,0.005416300
postgres,1,generar_emb,-,933,0,0.011645200
postgres,1,insert_emb,-,933,0,0.005112300
postgres,1,generar_emb,-,934,0,0.013077400
postgres,1,insert_emb,-,934,0,0.005241000
postgres,1,generar_emb,-,935,0,0.011149700
postgres,1,insert_emb,-,935,0,0.005780700
postgres,1,generar_emb,-,936,0,0.010922200
postgres,1,insert_emb,-,936,0,0.005311000
postgres,1,generar_emb,-,937,0,0.011618000
postgres,1,insert_emb,-,937,0,0.005602500
postgres,1,generar_emb,-,938,0,0.010734000
postgres,1,insert_emb,-,938,0,0.005616600
postgres,1,generar_emb,-,939,0,0.012701100
postgres,1,insert_emb,-,939,0,0.005403200
postgres,1,generar_emb,-,940,0,0.012664800
postgres,1,insert_emb,-,940,0,0.005454400
postgres,1,generar_emb,-,941,0,0.012182600
postgres,1,insert_emb,-,941,0,0.005745200
postgres,1,generar_emb,-,942,0,0.010711900
postgres,1,insert_emb,-,942,0,0.005520600
postgres,1,generar_emb,-,943,0,0.010917500
postgres,1,insert_emb,-,943,0,0.005468400
postgres,1,generar_emb,-,944,0,0.010846700
postgres,1,insert_emb,-,944,0,0.005285700
postgres,1,generar_emb,-,945,0,0.011083400
postgres,1,insert_emb,-,945,0,0.005808800
postgres,1,generar_emb,-,946,0,0.010692700
postgres,1,insert_emb,-,946,0,0.005338600
postgres,1,generar_emb,-,947,0,0.011612000
postgres,1,insert_emb,-,947,0,0.005127000
postgres,1,generar_emb,-,948,0,0.011870000
postgres,1,insert_emb,-,948,0,0.005196800
postgres,1,generar_emb,-,949,0,0.010878800
postgres,1,insert_emb,-,949,0,0.005233300
postgres,1,generar_emb,-,950,0,0.011348600
postgres,1,insert_emb,-,950,0,0.005495500
postgres,1,generar_emb,-,951,0,0.012960600
postgres,1,insert_emb,-,951,0,0.005444200
postgres,1,generar_emb,-,952,0,0.012638300
postgres,1,insert_emb,-,952,0,0.005669100
postgres,1,generar_emb,-,953,0,0.013171000
postgres,1,insert_emb,-,953,0,0.005401300
postgres,1,generar_emb,-,954,0,0.011296400
postgres,1,insert_emb,-,954,0,0.005296300
postgres,1,generar_emb,-,955,0,0.011600500
postgres,1,insert_emb,-,955,0,0.006221500
postgres,1,generar_emb,-,956,0,0.011800000
postgres,1,insert_emb,-,956,0,0.005482800
postgres,1,generar_emb,-,957,0,0.013877900
postgres,1,insert_emb,-,957,0,0.005667300
postgres,1,generar_emb,-,958,0,0.017079800
postgres,1,insert_emb,-,958,0,0.006016500
postgres,1,generar_emb,-,959,0,0.014475400
postgres,1,insert_emb,-,959,0,0.006343600
postgres,1,generar_emb,-,960,0,0.015356400
postgres,1,insert_emb,-,960,0,0.006410300
postgres,1,generar_emb,-,961,0,0.015047400
postgres,1,insert_emb,-,961,0,0.006337000
postgres,1,generar_emb,-,962,0,0.012369100
postgres,1,insert_emb,-,962,0,0.005692600
postgres,1,generar_emb,-,963,0,0.012146200
postgres,1,insert_emb,-,963,0,0.005570900
postgres,1,generar_emb,-,964,0,0.015457400
postgres,1,insert_emb,-,964,0,0.005816600
postgres,1,generar_emb,-,965,0,0.015136600
postgres,1,insert_emb,-,965,0,0.006269900
postgres,1,generar_emb,-,966,0,0.013988900
postgres,1,insert_emb,-,966,0,0.006108500
postgres,1,generar_emb,-,967,0,0.014037900
postgres,1,insert_emb,-,967,0,0.006419700
postgres,1,generar_emb,-,968,0,0.012990900
postgres,1,insert_emb,-,968,0,0.006027900
postgres,1,generar_emb,-,969,0,0.013848100
postgres,1,insert_emb,-,969,0,0.005747300
postgres,1,generar_emb,-,970,0,0.010763000
postgres,1,insert_emb,-,970,0,0.005705900
postgres,1,generar_emb,-,971,0,0.013404500
postgres,1,insert_emb,-,971,0,0.005836400
postgres,1,generar_emb,-,972,0,0.013853900
postgres,1,insert_emb,-,972,0,0.005628700
postgres,1,generar_emb,-,973,0,0.013648800
postgres,1,insert_emb,-,973,0,0.005987800
postgres,1,generar_emb,-,974,0,0.013127700
postgres,1,insert_emb,-,974,0,0.006016500
postgres,1,generar_emb,-,975,0,0.014908000
postgres,1,insert_emb,-,975,0,0.005892900
postgres,1,generar_emb,-,976,0,0.012248200
postgres,1,insert_emb,-,976,0,0.005876200
postgres,1,generar_emb,-,977,0,0.013357400
postgres,1,insert_emb,-,977,0,0.005751200
postgres,1,generar_emb,-,978,0,0.012710000
postgres,1,insert_emb,-,978,0,0.005753000
postgres,1,generar_emb,-,979,0,0.013011400
postgres,1,insert_emb,-,979,0,0.005577900
postgres,1,generar_emb,-,980,0,0.014038800
postgres,1,insert_emb,-,980,0,0.007017000
postgres,1,generar_emb,-,981,0,0.012431400
postgres,1,insert_emb,-,981,0,0.005396900
postgres,1,generar_emb,-,982,0,0.013124500
postgres,1,insert_emb,-,982,0,0.005309400
postgres,1,generar_emb,-,983,0,0.016541800
postgres,1,insert_emb,-,983,0,0.005398000
postgres,1,generar_emb,-,984,0,0.015247100
postgres,1,insert_emb,-,984,0,0.005690400
postgres,1,generar_emb,-,985,0,0.015811900
postgres,1,insert_emb,-,985,0,0.005918200
postgres,1,generar_emb,-,986,0,0.015010900
postgres,1,insert_emb,-,986,0,0.005381000
postgres,1,generar_emb,-,987,0,0.012516300
postgres,1,insert_emb,-,987,0,0.005640400
postgres,1,generar_emb,-,988,0,0.014434900
postgres,1,insert_emb,-,988,0,0.006247800
postgres,1,generar_emb,-,989,0,0.012990100
postgres,1,insert_emb,-,989,0,0.005272300
postgres,1,generar_emb,-,990,0,0.012963400
postgres,1,insert_emb,-,990,0,0.005816400
postgres,1,generar_emb,-,991,0,0.015195800
postgres,1,insert_emb,-,991,0,0.005551900
postgres,1,generar_emb,-,992,0,0.013051500
postgres,1,insert_emb,-,992,0,0.005605800
postgres,1,generar_emb,-,993,0,0.012213900
postgres,1,insert_emb,-,993,0,0.005448700
postgres,1,generar_emb,-,994,0,0.010929500
postgres,1,insert_emb,-,994,0,0.005323500
postgres,1,generar_emb,-,995,0,0.012691700
postgres,1,insert_emb,-,995,0,0.005581700
postgres,1,generar_emb,-,996,0,0.013699200
postgres,1,insert_emb,-,996,0,0.005891000
postgres,1,generar_emb,-,997,0,0.013581500
postgres,1,insert_emb,-,997,0,0.005805200
postgres,1,generar_emb,-,998,0,0.012860300
postgres,1,insert_emb,-,998,0,0.005324700
postgres,1,generar_emb,-,999,0,0.011465300
postgres,1,insert_emb,-,999,0,0.005524600
postgres,1,generar_emb,-,1000,0,0.013121500
postgres,1,insert_emb,-,1000,0,0.005572200
postgres,1,generar_emb,-,1001,0,0.011523900
postgres,1,insert_emb,-,1001,0,0.005517200
postgres,1,generar_emb,-,1002,0,0.013258500
postgres,1,insert_emb,-,1002,0,0.005436000
postgres,1,generar_emb,-,1003,0,0.014272800
postgres,1,insert_emb,-,1003,0,0.005318700
postgres,1,generar_emb,-,1004,0,0.014389500
postgres,1,insert_emb,-,1004,0,0.005762400
postgres,1,generar_emb,-,1005,0,0.013952800
postgres,1,insert_emb,-,1005,0,0.005634700
postgres,1,generar_emb,-,1006,0,0.017047000
postgres,1,insert_emb,-,1006,0,0.005996100
postgres,1,generar_emb,-,1007,0,0.013274900
postgres,1,insert_emb,-,1007,0,0.005171000
postgres,1,generar_emb,-,1008,0,0.013817800
postgres,1,insert_emb,-,1008,0,0.005263800
postgres,1,generar_emb,-,1009,0,0.011588800
postgres,1,insert_emb,-,1009,0,0.005056500
postgres,1,generar_emb,-,1010,0,0.012223300
postgres,1,insert_emb,-,1010,0,0.005657700
postgres,1,generar_emb,-,1011,0,0.011140300
postgres,1,insert_emb,-,1011,0,0.005237500
postgres,1,generar_emb,-,1012,0,0.011641600
postgres,1,insert_emb,-,1012,0,0.005428900
postgres,1,generar_emb,-,1013,0,0.013515700
postgres,1,insert_emb,-,1013,0,0.005732100
postgres,1,generar_emb,-,1014,0,0.012403100
postgres,1,insert_emb,-,1014,0,0.005333000
postgres,1,generar_emb,-,1015,0,0.012169400
postgres,1,insert_emb,-,1015,0,0.005492500
postgres,1,generar_emb,-,1016,0,0.011669400
postgres,1,insert_emb,-,1016,0,0.005320000
postgres,1,generar_emb,-,1017,0,0.011590500
postgres,1,insert_emb,-,1017,0,0.005266500
postgres,1,generar_emb,-,1018,0,0.012056500
postgres,1,insert_emb,-,1018,0,0.005216400
postgres,1,generar_emb,-,1019,0,0.012511800
postgres,1,insert_emb,-,1019,0,0.005600600
postgres,1,generar_emb,-,1020,0,0.012102400
postgres,1,insert_emb,-,1020,0,0.005760600
postgres,1,generar_emb,-,1021,0,0.012889800
postgres,1,insert_emb,-,1021,0,0.005485500
postgres,1,generar_emb,-,1022,0,0.013083800
postgres,1,insert_emb,-,1022,0,0.005242000
postgres,1,generar_emb,-,1023,0,0.011901600
postgres,1,insert_emb,-,1023,0,0.005014300
postgres,1,generar_emb,-,1024,0,0.010925800
postgres,1,insert_emb,-,1024,0,0.005384100
postgres,1,generar_emb,-,1025,0,0.011990000
postgres,1,insert_emb,-,1025,0,0.005477000
postgres,1,generar_emb,-,1026,0,0.010464400
postgres,1,insert_emb,-,1026,0,0.005846900
postgres,1,generar_emb,-,1027,0,0.011944300
postgres,1,insert_emb,-,1027,0,0.005550500
postgres,1,generar_emb,-,1028,0,0.012616100
postgres,1,insert_emb,-,1028,0,0.005145400
postgres,1,generar_emb,-,1029,0,0.010917500
postgres,1,insert_emb,-,1029,0,0.005369700
postgres,1,generar_emb,-,1030,0,0.011820200
postgres,1,insert_emb,-,1030,0,0.005706500
postgres,1,generar_emb,-,1031,0,0.011505800
postgres,1,insert_emb,-,1031,0,0.005588400
postgres,1,generar_emb,-,1032,0,0.014093000
postgres,1,insert_emb,-,1032,0,0.005617100
postgres,1,generar_emb,-,1033,0,0.013623300
postgres,1,insert_emb,-,1033,0,0.005210600
postgres,1,generar_emb,-,1034,0,0.013511400
postgres,1,insert_emb,-,1034,0,0.005705100
postgres,1,generar_emb,-,1035,0,0.011917600
postgres,1,insert_emb,-,1035,0,0.006211000
postgres,1,generar_emb,-,1036,0,0.012472800
postgres,1,insert_emb,-,1036,0,0.005245400
postgres,1,generar_emb,-,1037,0,0.013180900
postgres,1,insert_emb,-,1037,0,0.005575100
postgres,1,generar_emb,-,1038,0,0.012275700
postgres,1,insert_emb,-,1038,0,0.005453100
postgres,1,generar_emb,-,1039,0,0.011049700
postgres,1,insert_emb,-,1039,0,0.005285700
postgres,1,generar_emb,-,1040,0,0.011525600
postgres,1,insert_emb,-,1040,0,0.005614300
postgres,1,generar_emb,-,1041,0,0.012870700
postgres,1,insert_emb,-,1041,0,0.005623700
postgres,1,generar_emb,-,1042,0,0.013187600
postgres,1,insert_emb,-,1042,0,0.005416000
postgres,1,generar_emb,-,1043,0,0.010738000
postgres,1,insert_emb,-,1043,0,0.005701800
postgres,1,generar_emb,-,1044,0,0.015745800
postgres,1,insert_emb,-,1044,0,0.005603900
postgres,1,generar_emb,-,1045,0,0.013357500
postgres,1,insert_emb,-,1045,0,0.005739900
postgres,1,generar_emb,-,1046,0,0.012812800
postgres,1,insert_emb,-,1046,0,0.005347300
postgres,1,generar_emb,-,1047,0,0.012837400
postgres,1,insert_emb,-,1047,0,0.005296200
postgres,1,generar_emb,-,1048,0,0.012226600
postgres,1,insert_emb,-,1048,0,0.005203000
postgres,1,generar_emb,-,1049,0,0.010983600
postgres,1,insert_emb,-,1049,0,0.005425700
postgres,1,generar_emb,-,1050,0,0.012105800
postgres,1,insert_emb,-,1050,0,0.005807300
postgres,1,generar_emb,-,1051,0,0.012822500
postgres,1,insert_emb,-,1051,0,0.005597500
postgres,1,generar_emb,-,1052,0,0.016494900
postgres,1,insert_emb,-,1052,0,0.005628600
postgres,1,generar_emb,-,1053,0,0.013029000
postgres,1,insert_emb,-,1053,0,0.005666100
postgres,1,generar_emb,-,1054,0,0.014654400
postgres,1,insert_emb,-,1054,0,0.005669600
postgres,1,generar_emb,-,1055,0,0.011610600
postgres,1,insert_emb,-,1055,0,0.005312900
postgres,1,generar_emb,-,1056,0,0.012706200
postgres,1,insert_emb,-,1056,0,0.005693600
postgres,1,generar_emb,-,1057,0,0.013707000
postgres,1,insert_emb,-,1057,0,0.005713100
postgres,1,generar_emb,-,1058,0,0.011564100
postgres,1,insert_emb,-,1058,0,0.005205900
postgres,1,generar_emb,-,1059,0,0.013629300
postgres,1,insert_emb,-,1059,0,0.005275600
postgres,1,generar_emb,-,1060,0,0.012427400
postgres,1,insert_emb,-,1060,0,0.005612400
postgres,1,generar_emb,-,1061,0,0.014083300
postgres,1,insert_emb,-,1061,0,0.005492300
postgres,1,generar_emb,-,1062,0,0.010380900
postgres,1,insert_emb,-,1062,0,0.005302600
postgres,1,generar_emb,-,1063,0,0.013352300
postgres,1,insert_emb,-,1063,0,0.005544900
postgres,1,generar_emb,-,1064,0,0.010495600
postgres,1,insert_emb,-,1064,0,0.005517300
postgres,1,generar_emb,-,1065,0,0.013244900
postgres,1,insert_emb,-,1065,0,0.006221200
postgres,1,generar_emb,-,1066,0,0.011949100
postgres,1,insert_emb,-,1066,0,0.005996800
postgres,1,generar_emb,-,1067,0,0.012004700
postgres,1,insert_emb,-,1067,0,0.005527400
postgres,1,generar_emb,-,1068,0,0.014101600
postgres,1,insert_emb,-,1068,0,0.005134300
postgres,1,generar_emb,-,1069,0,0.011907400
postgres,1,insert_emb,-,1069,0,0.004994000
postgres,1,generar_emb,-,1070,0,0.012811300
postgres,1,insert_emb,-,1070,0,0.005279600
postgres,1,generar_emb,-,1071,0,0.011518800
postgres,1,insert_emb,-,1071,0,0.005375600
postgres,1,generar_emb,-,1072,0,0.011040800
postgres,1,insert_emb,-,1072,0,0.005199100
postgres,1,generar_emb,-,1073,0,0.011982600
postgres,1,insert_emb,-,1073,0,0.005726700
postgres,1,generar_emb,-,1074,0,0.012293900
postgres,1,insert_emb,-,1074,0,0.006169500
postgres,1,generar_emb,-,1075,0,0.012811400
postgres,1,insert_emb,-,1075,0,0.006004500
postgres,1,generar_emb,-,1076,0,0.014579100
postgres,1,insert_emb,-,1076,0,0.005721300
postgres,1,generar_emb,-,1077,0,0.012963000
postgres,1,insert_emb,-,1077,0,0.027214900
postgres,1,generar_emb,-,1078,0,0.060134500
postgres,1,insert_emb,-,1078,0,0.005610500
postgres,1,generar_emb,-,1079,0,0.011436700
postgres,1,insert_emb,-,1079,0,0.005478900
postgres,1,generar_emb,-,1080,0,0.011199300
postgres,1,insert_emb,-,1080,0,0.006200600
postgres,1,generar_emb,-,1081,0,0.014166500
postgres,1,insert_emb,-,1081,0,0.005609000
postgres,1,generar_emb,-,1082,0,0.011584300
postgres,1,insert_emb,-,1082,0,0.005583800
postgres,1,generar_emb,-,1083,0,0.014348800
postgres,1,insert_emb,-,1083,0,0.005373800
postgres,1,generar_emb,-,1084,0,0.010944200
postgres,1,insert_emb,-,1084,0,0.005234500
postgres,1,generar_emb,-,1085,0,0.011624500
postgres,1,insert_emb,-,1085,0,0.005442000
postgres,1,generar_emb,-,1086,0,0.011156700
postgres,1,insert_emb,-,1086,0,0.005071800
postgres,1,generar_emb,-,1087,0,0.011704300
postgres,1,insert_emb,-,1087,0,0.005502700
postgres,1,generar_emb,-,1088,0,0.013365400
postgres,1,insert_emb,-,1088,0,0.006107900
postgres,1,generar_emb,-,1089,0,0.011980000
postgres,1,insert_emb,-,1089,0,0.004852300
postgres,1,generar_emb,-,1090,0,0.013341300
postgres,1,insert_emb,-,1090,0,0.005724400
postgres,1,generar_emb,-,1091,0,0.014148800
postgres,1,insert_emb,-,1091,0,0.005835400
postgres,1,generar_emb,-,1092,0,0.011514700
postgres,1,insert_emb,-,1092,0,0.005180600
postgres,1,generar_emb,-,1093,0,0.012779200
postgres,1,insert_emb,-,1093,0,0.005660500
postgres,1,generar_emb,-,1094,0,0.015963400
postgres,1,insert_emb,-,1094,0,0.005300300
postgres,1,generar_emb,-,1095,0,0.012980200
postgres,1,insert_emb,-,1095,0,0.005496200
postgres,1,generar_emb,-,1096,0,0.015453600
postgres,1,insert_emb,-,1096,0,0.005378200
postgres,1,generar_emb,-,1097,0,0.012341800
postgres,1,insert_emb,-,1097,0,0.005271800
postgres,1,generar_emb,-,1098,0,0.013568300
postgres,1,insert_emb,-,1098,0,0.005304200
postgres,1,generar_emb,-,1099,0,0.013198300
postgres,1,insert_emb,-,1099,0,0.005290600
postgres,1,generar_emb,-,1100,0,0.014078500
postgres,1,insert_emb,-,1100,0,0.005289200
postgres,1,generar_emb,-,1101,0,0.010646100
postgres,1,insert_emb,-,1101,0,0.005269000
postgres,1,generar_emb,-,1102,0,0.012654300
postgres,1,insert_emb,-,1102,0,0.005550300
postgres,1,generar_emb,-,1103,0,0.013120800
postgres,1,insert_emb,-,1103,0,0.005257300
postgres,1,generar_emb,-,1104,0,0.012314300
postgres,1,insert_emb,-,1104,0,0.005282600
postgres,1,generar_emb,-,1105,0,0.011311200
postgres,1,insert_emb,-,1105,0,0.005581600
postgres,1,generar_emb,-,1106,0,0.014654200
postgres,1,insert_emb,-,1106,0,0.005698800
postgres,1,generar_emb,-,1107,0,0.012020700
postgres,1,insert_emb,-,1107,0,0.005300600
postgres,1,generar_emb,-,1108,0,0.013470100
postgres,1,insert_emb,-,1108,0,0.005305000
postgres,1,generar_emb,-,1109,0,0.013982300
postgres,1,insert_emb,-,1109,0,0.005631800
postgres,1,generar_emb,-,1110,0,0.013121900
postgres,1,insert_emb,-,1110,0,0.005697300
postgres,1,generar_emb,-,1111,0,0.011899200
postgres,1,insert_emb,-,1111,0,0.005181500
postgres,1,generar_emb,-,1112,0,0.012744600
postgres,1,insert_emb,-,1112,0,0.005521000
postgres,1,generar_emb,-,1113,0,0.011862000
postgres,1,insert_emb,-,1113,0,0.005063500
postgres,1,generar_emb,-,1114,0,0.014963700
postgres,1,insert_emb,-,1114,0,0.005502800
postgres,1,generar_emb,-,1115,0,0.010781900
postgres,1,insert_emb,-,1115,0,0.005406400
postgres,1,generar_emb,-,1116,0,0.013215800
postgres,1,insert_emb,-,1116,0,0.005248900
postgres,1,generar_emb,-,1117,0,0.012003100
postgres,1,insert_emb,-,1117,0,0.006038600
postgres,1,generar_emb,-,1118,0,0.012461800
postgres,1,insert_emb,-,1118,0,0.005248100
postgres,1,generar_emb,-,1119,0,0.013149300
postgres,1,insert_emb,-,1119,0,0.005561200
postgres,1,generar_emb,-,1120,0,0.010485800
postgres,1,insert_emb,-,1120,0,0.005600100
postgres,1,generar_emb,-,1121,0,0.015208800
postgres,1,insert_emb,-,1121,0,0.005783100
postgres,1,generar_emb,-,1122,0,0.011130400
postgres,1,insert_emb,-,1122,0,0.005325700
postgres,1,generar_emb,-,1123,0,0.014419900
postgres,1,insert_emb,-,1123,0,0.005437600
postgres,1,generar_emb,-,1124,0,0.013485500
postgres,1,insert_emb,-,1124,0,0.005401700
postgres,1,generar_emb,-,1125,0,0.012561000
postgres,1,insert_emb,-,1125,0,0.005948200
postgres,1,generar_emb,-,1126,0,0.012924100
postgres,1,insert_emb,-,1126,0,0.005504700
postgres,1,generar_emb,-,1127,0,0.012045800
postgres,1,insert_emb,-,1127,0,0.005396400
postgres,1,generar_emb,-,1128,0,0.010996000
postgres,1,insert_emb,-,1128,0,0.005347100
postgres,1,generar_emb,-,1129,0,0.011119300
postgres,1,insert_emb,-,1129,0,0.005396100
postgres,1,generar_emb,-,1130,0,0.013296800
postgres,1,insert_emb,-,1130,0,0.005273700
postgres,1,generar_emb,-,1131,0,0.012038400
postgres,1,insert_emb,-,1131,0,0.005364000
postgres,1,generar_emb,-,1132,0,0.011475700
postgres,1,insert_emb,-,1132,0,0.005362200
postgres,1,generar_emb,-,1133,0,0.012234600
postgres,1,insert_emb,-,1133,0,0.005199700
postgres,1,generar_emb,-,1134,0,0.013636700
postgres,1,insert_emb,-,1134,0,0.005798000
postgres,1,generar_emb,-,1135,0,0.011455100
postgres,1,insert_emb,-,1135,0,0.005383500
postgres,1,generar_emb,-,1136,0,0.012076900
postgres,1,insert_emb,-,1136,0,0.005474500
postgres,1,generar_emb,-,1137,0,0.014227400
postgres,1,insert_emb,-,1137,0,0.005246500
postgres,1,generar_emb,-,1138,0,0.011349100
postgres,1,insert_emb,-,1138,0,0.005184800
postgres,1,generar_emb,-,1139,0,0.012501400
postgres,1,insert_emb,-,1139,0,0.005733500
postgres,1,generar_emb,-,1140,0,0.013842400
postgres,1,insert_emb,-,1140,0,0.005697400
postgres,1,generar_emb,-,1141,0,0.012230600
postgres,1,insert_emb,-,1141,0,0.005441000
postgres,1,generar_emb,-,1142,0,0.011648900
postgres,1,insert_emb,-,1142,0,0.005222000
postgres,1,generar_emb,-,1143,0,0.012347100
postgres,1,insert_emb,-,1143,0,0.005171400
postgres,1,generar_emb,-,1144,0,0.012597100
postgres,1,insert_emb,-,1144,0,0.005169500
postgres,1,generar_emb,-,1145,0,0.011747100
postgres,1,insert_emb,-,1145,0,0.005940300
postgres,1,generar_emb,-,1146,0,0.014680300
postgres,1,insert_emb,-,1146,0,0.005189600
postgres,1,generar_emb,-,1147,0,0.013732900
postgres,1,insert_emb,-,1147,0,0.005231300
postgres,1,generar_emb,-,1148,0,0.012203500
postgres,1,insert_emb,-,1148,0,0.004980900
postgres,1,generar_emb,-,1149,0,0.011928900
postgres,1,insert_emb,-,1149,0,0.005253700
postgres,1,generar_emb,-,1150,0,0.014842300
postgres,1,insert_emb,-,1150,0,0.005655300
postgres,1,generar_emb,-,1151,0,0.012446100
postgres,1,insert_emb,-,1151,0,0.005390700
postgres,1,generar_emb,-,1152,0,0.010880400
postgres,1,insert_emb,-,1152,0,0.005934000
postgres,1,generar_emb,-,1153,0,0.010705300
postgres,1,insert_emb,-,1153,0,0.005656000
postgres,1,generar_emb,-,1154,0,0.012623200
postgres,1,insert_emb,-,1154,0,0.005556600
postgres,1,generar_emb,-,1155,0,0.010706000
postgres,1,insert_emb,-,1155,0,0.005582800
postgres,1,generar_emb,-,1156,0,0.012072600
postgres,1,insert_emb,-,1156,0,0.005519200
postgres,1,generar_emb,-,1157,0,0.013485700
postgres,1,insert_emb,-,1157,0,0.005487400
postgres,1,generar_emb,-,1158,0,0.010457200
postgres,1,insert_emb,-,1158,0,0.005536900
postgres,1,generar_emb,-,1159,0,0.013980400
postgres,1,insert_emb,-,1159,0,0.005947100
postgres,1,generar_emb,-,1160,0,0.013389900
postgres,1,insert_emb,-,1160,0,0.005420300
postgres,1,generar_emb,-,1161,0,0.011694800
postgres,1,insert_emb,-,1161,0,0.005011900
postgres,1,generar_emb,-,1162,0,0.010955800
postgres,1,insert_emb,-,1162,0,0.005037900
postgres,1,generar_emb,-,1163,0,0.012260000
postgres,1,insert_emb,-,1163,0,0.005538900
postgres,1,generar_emb,-,1164,0,0.012685100
postgres,1,insert_emb,-,1164,0,0.005257600
postgres,1,generar_emb,-,1165,0,0.011903000
postgres,1,insert_emb,-,1165,0,0.005915100
postgres,1,generar_emb,-,1166,0,0.010737600
postgres,1,insert_emb,-,1166,0,0.005110600
postgres,1,generar_emb,-,1167,0,0.011975500
postgres,1,insert_emb,-,1167,0,0.005411700
postgres,1,generar_emb,-,1168,0,0.012954400
postgres,1,insert_emb,-,1168,0,0.005251500
postgres,1,generar_emb,-,1169,0,0.014247300
postgres,1,insert_emb,-,1169,0,0.005247000
postgres,1,generar_emb,-,1170,0,0.012858600
postgres,1,insert_emb,-,1170,0,0.005464000
postgres,1,generar_emb,-,1171,0,0.011223600
postgres,1,insert_emb,-,1171,0,0.005568400
postgres,1,generar_emb,-,1172,0,0.012931700
postgres,1,insert_emb,-,1172,0,0.005473400
postgres,1,generar_emb,-,1173,0,0.012311000
postgres,1,insert_emb,-,1173,0,0.005685000
postgres,1,generar_emb,-,1174,0,0.010964600
postgres,1,insert_emb,-,1174,0,0.005410400
postgres,1,generar_emb,-,1175,0,0.010538900
postgres,1,insert_emb,-,1175,0,0.005666900
postgres,1,generar_emb,-,1176,0,0.011022000
postgres,1,insert_emb,-,1176,0,0.005332400
postgres,1,generar_emb,-,1177,0,0.011236200
postgres,1,insert_emb,-,1177,0,0.005420500
postgres,1,generar_emb,-,1178,0,0.010501800
postgres,1,insert_emb,-,1178,0,0.005319300
postgres,1,generar_emb,-,1179,0,0.011593900
postgres,1,insert_emb,-,1179,0,0.005652500
postgres,1,generar_emb,-,1180,0,0.010748200
postgres,1,insert_emb,-,1180,0,0.005268000
postgres,1,generar_emb,-,1181,0,0.012225600
postgres,1,insert_emb,-,1181,0,0.005126800
postgres,1,generar_emb,-,1182,0,0.012304100
postgres,1,insert_emb,-,1182,0,0.005659400
postgres,1,generar_emb,-,1183,0,0.011834000
postgres,1,insert_emb,-,1183,0,0.005530900
postgres,1,generar_emb,-,1184,0,0.013407900
postgres,1,insert_emb,-,1184,0,0.005659000
postgres,1,generar_emb,-,1185,0,0.010623500
postgres,1,insert_emb,-,1185,0,0.005576600
postgres,1,generar_emb,-,1186,0,0.011425800
postgres,1,insert_emb,-,1186,0,0.005746900
postgres,1,generar_emb,-,1187,0,0.010366600
postgres,1,insert_emb,-,1187,0,0.005633200
postgres,1,generar_emb,-,1188,0,0.012632200
postgres,1,insert_emb,-,1188,0,0.005365100
postgres,1,generar_emb,-,1189,0,0.011375400
postgres,1,insert_emb,-,1189,0,0.005521200
postgres,1,generar_emb,-,1190,0,0.014491900
postgres,1,insert_emb,-,1190,0,0.005456700
postgres,1,generar_emb,-,1191,0,0.013951000
postgres,1,insert_emb,-,1191,0,0.005401600
postgres,1,generar_emb,-,1192,0,0.012590900
postgres,1,insert_emb,-,1192,0,0.005495100
postgres,1,generar_emb,-,1193,0,0.012853000
postgres,1,insert_emb,-,1193,0,0.005420700
postgres,1,generar_emb,-,1194,0,0.012782000
postgres,1,insert_emb,-,1194,0,0.005688200
postgres,1,generar_emb,-,1195,0,0.011983100
postgres,1,insert_emb,-,1195,0,0.005483400
postgres,1,generar_emb,-,1196,0,0.012846800
postgres,1,insert_emb,-,1196,0,0.005356200
postgres,1,generar_emb,-,1197,0,0.012292100
postgres,1,insert_emb,-,1197,0,0.005807800
postgres,1,generar_emb,-,1198,0,0.011030600
postgres,1,insert_emb,-,1198,0,0.005701800
postgres,1,generar_emb,-,1199,0,0.012413800
postgres,1,insert_emb,-,1199,0,0.005544200
postgres,1,generar_emb,-,1200,0,0.012076700
postgres,1,insert_emb,-,1200,0,0.005651100
postgres,1,generar_emb,-,1201,0,0.010756500
postgres,1,insert_emb,-,1201,0,0.005164800
postgres,1,generar_emb,-,1202,0,0.012516200
postgres,1,insert_emb,-,1202,0,0.005402000
postgres,1,generar_emb,-,1203,0,0.012705500
postgres,1,insert_emb,-,1203,0,0.005397000
postgres,1,generar_emb,-,1204,0,0.012600500
postgres,1,insert_emb,-,1204,0,0.005725300
postgres,1,generar_emb,-,1205,0,0.012223200
postgres,1,insert_emb,-,1205,0,0.005636800
postgres,1,generar_emb,-,1206,0,0.012203000
postgres,1,insert_emb,-,1206,0,0.005113800
postgres,1,generar_emb,-,1207,0,0.011793000
postgres,1,insert_emb,-,1207,0,0.005374600
postgres,1,generar_emb,-,1208,0,0.012340600
postgres,1,insert_emb,-,1208,0,0.005262600
postgres,1,generar_emb,-,1209,0,0.012282000
postgres,1,insert_emb,-,1209,0,0.005270300
postgres,1,generar_emb,-,1210,0,0.010891400
postgres,1,insert_emb,-,1210,0,0.005648400
postgres,1,generar_emb,-,1211,0,0.012311400
postgres,1,insert_emb,-,1211,0,0.005458400
postgres,1,generar_emb,-,1212,0,0.011427600
postgres,1,insert_emb,-,1212,0,0.005028100
postgres,1,generar_emb,-,1213,0,0.011131300
postgres,1,insert_emb,-,1213,0,0.005138100
postgres,1,generar_emb,-,1214,0,0.011842200
postgres,1,insert_emb,-,1214,0,0.005240900
postgres,1,generar_emb,-,1215,0,0.012733300
postgres,1,insert_emb,-,1215,0,0.005777800
postgres,1,generar_emb,-,1216,0,0.011891000
postgres,1,insert_emb,-,1216,0,0.005650900
postgres,1,generar_emb,-,1217,0,0.012209700
postgres,1,insert_emb,-,1217,0,0.005603500
postgres,1,generar_emb,-,1218,0,0.010830600
postgres,1,insert_emb,-,1218,0,0.005525800
postgres,1,generar_emb,-,1219,0,0.013797100
postgres,1,insert_emb,-,1219,0,0.005378700
postgres,1,generar_emb,-,1220,0,0.011884700
postgres,1,insert_emb,-,1220,0,0.005583500
postgres,1,generar_emb,-,1221,0,0.010670000
postgres,1,insert_emb,-,1221,0,0.005157300
postgres,1,generar_emb,-,1222,0,0.010649200
postgres,1,insert_emb,-,1222,0,0.005654200
postgres,1,generar_emb,-,1223,0,0.012200700
postgres,1,insert_emb,-,1223,0,0.005166900
postgres,1,generar_emb,-,1224,0,0.012784400
postgres,1,insert_emb,-,1224,0,0.005220800
postgres,1,generar_emb,-,1225,0,0.011359300
postgres,1,insert_emb,-,1225,0,0.005899800
postgres,1,generar_emb,-,1226,0,0.011760700
postgres,1,insert_emb,-,1226,0,0.005701300
postgres,1,generar_emb,-,1227,0,0.012063400
postgres,1,insert_emb,-,1227,0,0.005422200
postgres,1,generar_emb,-,1228,0,0.012160300
postgres,1,insert_emb,-,1228,0,0.005224800
postgres,1,generar_emb,-,1229,0,0.014886800
postgres,1,insert_emb,-,1229,0,0.005698600
postgres,1,generar_emb,-,1230,0,0.012560900
postgres,1,insert_emb,-,1230,0,0.005592600
postgres,1,generar_emb,-,1231,0,0.011460700
postgres,1,insert_emb,-,1231,0,0.005111300
postgres,1,generar_emb,-,1232,0,0.011536400
postgres,1,insert_emb,-,1232,0,0.005908500
postgres,1,generar_emb,-,1233,0,0.012406800
postgres,1,insert_emb,-,1233,0,0.005475900
postgres,1,generar_emb,-,1234,0,0.012813200
postgres,1,insert_emb,-,1234,0,0.005804600
postgres,1,generar_emb,-,1235,0,0.012173200
postgres,1,insert_emb,-,1235,0,0.005212600
postgres,1,generar_emb,-,1236,0,0.016147000
postgres,1,insert_emb,-,1236,0,0.005187000
postgres,1,generar_emb,-,1237,0,0.014503100
postgres,1,insert_emb,-,1237,0,0.005550700
postgres,1,generar_emb,-,1238,0,0.012552400
postgres,1,insert_emb,-,1238,0,0.005854700
postgres,1,generar_emb,-,1239,0,0.013354300
postgres,1,insert_emb,-,1239,0,0.005181100
postgres,1,generar_emb,-,1240,0,0.012811400
postgres,1,insert_emb,-,1240,0,0.005165300
postgres,1,generar_emb,-,1241,0,0.014839400
postgres,1,insert_emb,-,1241,0,0.006142900
postgres,1,generar_emb,-,1242,0,0.010671100
postgres,1,insert_emb,-,1242,0,0.005305300
postgres,1,generar_emb,-,1243,0,0.012282500
postgres,1,insert_emb,-,1243,0,0.005581900
postgres,1,generar_emb,-,1244,0,0.011330200
postgres,1,insert_emb,-,1244,0,0.005180400
postgres,1,generar_emb,-,1245,0,0.012632700
postgres,1,insert_emb,-,1245,0,0.006200000
postgres,1,generar_emb,-,1246,0,0.011770500
postgres,1,insert_emb,-,1246,0,0.005677000
postgres,1,generar_emb,-,1247,0,0.013199500
postgres,1,insert_emb,-,1247,0,0.005705600
postgres,1,generar_emb,-,1248,0,0.011502000
postgres,1,insert_emb,-,1248,0,0.005440600
postgres,1,generar_emb,-,1249,0,0.012145800
postgres,1,insert_emb,-,1249,0,0.005523500
postgres,1,generar_emb,-,1250,0,0.013159600
postgres,1,insert_emb,-,1250,0,0.006717700
postgres,1,generar_emb,-,1251,0,0.012401300
postgres,1,insert_emb,-,1251,0,0.006015600
postgres,1,generar_emb,-,1252,0,0.011955500
postgres,1,insert_emb,-,1252,0,0.006083800
postgres,1,generar_emb,-,1253,0,0.012390900
postgres,1,insert_emb,-,1253,0,0.005224400
postgres,1,generar_emb,-,1254,0,0.012121200
postgres,1,insert_emb,-,1254,0,0.005301900
postgres,1,generar_emb,-,1255,0,0.011612100
postgres,1,insert_emb,-,1255,0,0.005445100
postgres,1,generar_emb,-,1256,0,0.012905100
postgres,1,insert_emb,-,1256,0,0.005308000
postgres,1,generar_emb,-,1257,0,0.010874000
postgres,1,insert_emb,-,1257,0,0.005386400
postgres,1,generar_emb,-,1258,0,0.011291600
postgres,1,insert_emb,-,1258,0,0.005935900
postgres,1,generar_emb,-,1259,0,0.011731300
postgres,1,insert_emb,-,1259,0,0.005372000
postgres,1,generar_emb,-,1260,0,0.010713500
postgres,1,insert_emb,-,1260,0,0.005384000
postgres,1,generar_emb,-,1261,0,0.013042600
postgres,1,insert_emb,-,1261,0,0.005532300
postgres,1,generar_emb,-,1262,0,0.012454200
postgres,1,insert_emb,-,1262,0,0.005481300
postgres,1,generar_emb,-,1263,0,0.011928400
postgres,1,insert_emb,-,1263,0,0.005204000
postgres,1,generar_emb,-,1264,0,0.013465600
postgres,1,insert_emb,-,1264,0,0.005262100
postgres,1,generar_emb,-,1265,0,0.012649800
postgres,1,insert_emb,-,1265,0,0.005178400
postgres,1,generar_emb,-,1266,0,0.012102700
postgres,1,insert_emb,-,1266,0,0.005555400
postgres,1,generar_emb,-,1267,0,0.013344500
postgres,1,insert_emb,-,1267,0,0.005638300
postgres,1,generar_emb,-,1268,0,0.011393400
postgres,1,insert_emb,-,1268,0,0.005104400
postgres,1,generar_emb,-,1269,0,0.013488900
postgres,1,insert_emb,-,1269,0,0.005459800
postgres,1,generar_emb,-,1270,0,0.011306300
postgres,1,insert_emb,-,1270,0,0.005705600
postgres,1,generar_emb,-,1271,0,0.011073400
postgres,1,insert_emb,-,1271,0,0.005454900
postgres,1,generar_emb,-,1272,0,0.012632100
postgres,1,insert_emb,-,1272,0,0.005517000
postgres,1,generar_emb,-,1273,0,0.011663900
postgres,1,insert_emb,-,1273,0,0.005456600
postgres,1,generar_emb,-,1274,0,0.011073700
postgres,1,insert_emb,-,1274,0,0.005689400
postgres,1,generar_emb,-,1275,0,0.013695200
postgres,1,insert_emb,-,1275,0,0.006035800
postgres,1,generar_emb,-,1276,0,0.012462700
postgres,1,insert_emb,-,1276,0,0.006094700
postgres,1,generar_emb,-,1277,0,0.011997900
postgres,1,insert_emb,-,1277,0,0.005361300
postgres,1,generar_emb,-,1278,0,0.013751600
postgres,1,insert_emb,-,1278,0,0.005864800
postgres,1,generar_emb,-,1279,0,0.012896600
postgres,1,insert_emb,-,1279,0,0.005347000
postgres,1,generar_emb,-,1280,0,0.013992700
postgres,1,insert_emb,-,1280,0,0.005521200
postgres,1,generar_emb,-,1281,0,0.012419700
postgres,1,insert_emb,-,1281,0,0.005372100
postgres,1,generar_emb,-,1282,0,0.012824500
postgres,1,insert_emb,-,1282,0,0.005121800
postgres,1,generar_emb,-,1283,0,0.010887300
postgres,1,insert_emb,-,1283,0,0.005665000
postgres,1,generar_emb,-,1284,0,0.010770500
postgres,1,insert_emb,-,1284,0,0.005538200
postgres,1,generar_emb,-,1285,0,0.011489400
postgres,1,insert_emb,-,1285,0,0.005965000
postgres,1,generar_emb,-,1286,0,0.014443300
postgres,1,insert_emb,-,1286,0,0.005390200
postgres,1,generar_emb,-,1287,0,0.011437200
postgres,1,insert_emb,-,1287,0,0.005453700
postgres,1,generar_emb,-,1288,0,0.010992900
postgres,1,insert_emb,-,1288,0,0.005493500
postgres,1,generar_emb,-,1289,0,0.011938900
postgres,1,insert_emb,-,1289,0,0.005564200
postgres,1,generar_emb,-,1290,0,0.010389600
postgres,1,insert_emb,-,1290,0,0.005316200
postgres,1,generar_emb,-,1291,0,0.011643600
postgres,1,insert_emb,-,1291,0,0.005265800
postgres,1,generar_emb,-,1292,0,0.011230100
postgres,1,insert_emb,-,1292,0,0.005088500
postgres,1,generar_emb,-,1293,0,0.011859000
postgres,1,insert_emb,-,1293,0,0.004969000
postgres,1,generar_emb,-,1294,0,0.010270400
postgres,1,insert_emb,-,1294,0,0.005188200
postgres,1,generar_emb,-,1295,0,0.011071200
postgres,1,insert_emb,-,1295,0,0.005530800
postgres,1,generar_emb,-,1296,0,0.013572600
postgres,1,insert_emb,-,1296,0,0.006103900
postgres,1,generar_emb,-,1297,0,0.012000500
postgres,1,insert_emb,-,1297,0,0.005448200
postgres,1,generar_emb,-,1298,0,0.012240600
postgres,1,insert_emb,-,1298,0,0.006494600
postgres,1,generar_emb,-,1299,0,0.016112600
postgres,1,insert_emb,-,1299,0,0.005804600
postgres,1,generar_emb,-,1300,0,0.014141600
postgres,1,insert_emb,-,1300,0,0.006408000
postgres,1,generar_emb,-,1301,0,0.012759000
postgres,1,insert_emb,-,1301,0,0.006724100
postgres,1,generar_emb,-,1302,0,0.023271000
postgres,1,insert_emb,-,1302,0,0.007506800
postgres,1,generar_emb,-,1303,0,0.023257700
postgres,1,insert_emb,-,1303,0,0.006832800
postgres,1,generar_emb,-,1304,0,0.019278100
postgres,1,insert_emb,-,1304,0,0.007115700
postgres,1,generar_emb,-,1305,0,0.013683400
postgres,1,insert_emb,-,1305,0,0.005502200
postgres,1,generar_emb,-,1306,0,0.012619700
postgres,1,insert_emb,-,1306,0,0.006056300
postgres,1,generar_emb,-,1307,0,0.011768700
postgres,1,insert_emb,-,1307,0,0.005955700
postgres,1,generar_emb,-,1308,0,0.012367600
postgres,1,insert_emb,-,1308,0,0.005329600
postgres,1,generar_emb,-,1309,0,0.011729800
postgres,1,insert_emb,-,1309,0,0.005179300
postgres,1,generar_emb,-,1310,0,0.012183900
postgres,1,insert_emb,-,1310,0,0.005821300
postgres,1,generar_emb,-,1311,0,0.012141000
postgres,1,insert_emb,-,1311,0,0.005996900
postgres,1,generar_emb,-,1312,0,0.012806800
postgres,1,insert_emb,-,1312,0,0.006296700
postgres,1,generar_emb,-,1313,0,0.014318000
postgres,1,insert_emb,-,1313,0,0.005735800
postgres,1,generar_emb,-,1314,0,0.013414800
postgres,1,insert_emb,-,1314,0,0.006283700
postgres,1,generar_emb,-,1315,0,0.013310100
postgres,1,insert_emb,-,1315,0,0.005765200
postgres,1,generar_emb,-,1316,0,0.017985000
postgres,1,insert_emb,-,1316,0,0.007067000
postgres,1,generar_emb,-,1317,0,0.018921100
postgres,1,insert_emb,-,1317,0,0.006766900
postgres,1,generar_emb,-,1318,0,0.021079200
postgres,1,insert_emb,-,1318,0,0.007098900
postgres,1,generar_emb,-,1319,0,0.018095200
postgres,1,insert_emb,-,1319,0,0.005575500
postgres,1,generar_emb,-,1320,0,0.014148600
postgres,1,insert_emb,-,1320,0,0.005218100
postgres,1,generar_emb,-,1321,0,0.014062300
postgres,1,insert_emb,-,1321,0,0.005137200
postgres,1,generar_emb,-,1322,0,0.012683300
postgres,1,insert_emb,-,1322,0,0.005282900
postgres,1,generar_emb,-,1323,0,0.011536600
postgres,1,insert_emb,-,1323,0,0.005373100
postgres,1,generar_emb,-,1324,0,0.012691900
postgres,1,insert_emb,-,1324,0,0.005082800
postgres,1,generar_emb,-,1325,0,0.012201800
postgres,1,insert_emb,-,1325,0,0.005402000
postgres,1,generar_emb,-,1326,0,0.013645700
postgres,1,insert_emb,-,1326,0,0.005078700
postgres,1,generar_emb,-,1327,0,0.014011100
postgres,1,insert_emb,-,1327,0,0.005414200
postgres,1,generar_emb,-,1328,0,0.013655100
postgres,1,insert_emb,-,1328,0,0.005518400
postgres,1,generar_emb,-,1329,0,0.015591200
postgres,1,insert_emb,-,1329,0,0.006012700
postgres,1,generar_emb,-,1330,0,0.011944900
postgres,1,insert_emb,-,1330,0,0.005625000
postgres,1,generar_emb,-,1331,0,0.011357200
postgres,1,insert_emb,-,1331,0,0.004977000
postgres,1,generar_emb,-,1332,0,0.011105300
postgres,1,insert_emb,-,1332,0,0.005377800
postgres,1,generar_emb,-,1333,0,0.012228700
postgres,1,insert_emb,-,1333,0,0.005466200
postgres,1,generar_emb,-,1334,0,0.010553600
postgres,1,insert_emb,-,1334,0,0.005108700
postgres,1,generar_emb,-,1335,0,0.010957900
postgres,1,insert_emb,-,1335,0,0.006125200
postgres,1,generar_emb,-,1336,0,0.011722000
postgres,1,insert_emb,-,1336,0,0.005553900
postgres,1,generar_emb,-,1337,0,0.011817200
postgres,1,insert_emb,-,1337,0,0.005660400
postgres,1,generar_emb,-,1338,0,0.011784000
postgres,1,insert_emb,-,1338,0,0.004871300
postgres,1,generar_emb,-,1339,0,0.012575400
postgres,1,insert_emb,-,1339,0,0.005889000
postgres,1,generar_emb,-,1340,0,0.011152900
postgres,1,insert_emb,-,1340,0,0.006059300
postgres,1,generar_emb,-,1341,0,0.011463200
postgres,1,insert_emb,-,1341,0,0.005241700
postgres,1,generar_emb,-,1342,0,0.011404400
postgres,1,insert_emb,-,1342,0,0.005726300
postgres,1,generar_emb,-,1343,0,0.012466000
postgres,1,insert_emb,-,1343,0,0.005447200
postgres,1,generar_emb,-,1344,0,0.011072600
postgres,1,insert_emb,-,1344,0,0.005453900
postgres,1,generar_emb,-,1345,0,0.013396800
postgres,1,insert_emb,-,1345,0,0.006277800
postgres,1,generar_emb,-,1346,0,0.014618900
postgres,1,insert_emb,-,1346,0,0.005571200
postgres,1,generar_emb,-,1347,0,0.012612000
postgres,1,insert_emb,-,1347,0,0.006018400
postgres,1,generar_emb,-,1348,0,0.013489200
postgres,1,insert_emb,-,1348,0,0.005643000
postgres,1,generar_emb,-,1349,0,0.017438800
postgres,1,insert_emb,-,1349,0,0.005747100
postgres,1,generar_emb,-,1350,0,0.014433700
postgres,1,insert_emb,-,1350,0,0.005800300
postgres,1,generar_emb,-,1351,0,0.012092100
postgres,1,insert_emb,-,1351,0,0.005167400
postgres,1,generar_emb,-,1352,0,0.014383700
postgres,1,insert_emb,-,1352,0,0.006367600
postgres,1,generar_emb,-,1353,0,0.012452900
postgres,1,insert_emb,-,1353,0,0.005612000
postgres,1,generar_emb,-,1354,0,0.014334100
postgres,1,insert_emb,-,1354,0,0.005261700
postgres,1,generar_emb,-,1355,0,0.014198200
postgres,1,insert_emb,-,1355,0,0.005479200
postgres,1,generar_emb,-,1356,0,0.013432800
postgres,1,insert_emb,-,1356,0,0.005302100
postgres,1,generar_emb,-,1357,0,0.013632900
postgres,1,insert_emb,-,1357,0,0.006531200
postgres,1,generar_emb,-,1358,0,0.019879800
postgres,1,insert_emb,-,1358,0,0.005378400
postgres,1,generar_emb,-,1359,0,0.015537700
postgres,1,insert_emb,-,1359,0,0.006033900
postgres,1,generar_emb,-,1360,0,0.015623700
postgres,1,insert_emb,-,1360,0,0.005490200
postgres,1,generar_emb,-,1361,0,0.013332600
postgres,1,insert_emb,-,1361,0,0.005656400
postgres,1,generar_emb,-,1362,0,0.013215200
postgres,1,insert_emb,-,1362,0,0.005463600
postgres,1,generar_emb,-,1363,0,0.012834700
postgres,1,insert_emb,-,1363,0,0.005453900
postgres,1,generar_emb,-,1364,0,0.011669100
postgres,1,insert_emb,-,1364,0,0.006174300
postgres,1,generar_emb,-,1365,0,0.011722400
postgres,1,insert_emb,-,1365,0,0.006003800
postgres,1,generar_emb,-,1366,0,0.011321700
postgres,1,insert_emb,-,1366,0,0.005319100
postgres,1,generar_emb,-,1367,0,0.012670800
postgres,1,insert_emb,-,1367,0,0.005393100
postgres,1,generar_emb,-,1368,0,0.011785600
postgres,1,insert_emb,-,1368,0,0.005676200
postgres,1,generar_emb,-,1369,0,0.012706400
postgres,1,insert_emb,-,1369,0,0.005427700
postgres,1,generar_emb,-,1370,0,0.011941100
postgres,1,insert_emb,-,1370,0,0.005849300
postgres,1,generar_emb,-,1371,0,0.014728600
postgres,1,insert_emb,-,1371,0,0.005192600
postgres,1,generar_emb,-,1372,0,0.013914700
postgres,1,insert_emb,-,1372,0,0.005440100
postgres,1,generar_emb,-,1373,0,0.013159700
postgres,1,insert_emb,-,1373,0,0.005263600
postgres,1,generar_emb,-,1374,0,0.012949000
postgres,1,insert_emb,-,1374,0,0.005328000
postgres,1,generar_emb,-,1375,0,0.013230800
postgres,1,insert_emb,-,1375,0,0.005206000
postgres,1,generar_emb,-,1376,0,0.011977400
postgres,1,insert_emb,-,1376,0,0.005393400
postgres,1,generar_emb,-,1377,0,0.012306400
postgres,1,insert_emb,-,1377,0,0.005143900
postgres,1,generar_emb,-,1378,0,0.013460600
postgres,1,insert_emb,-,1378,0,0.005224300
postgres,1,generar_emb,-,1379,0,0.013439000
postgres,1,insert_emb,-,1379,0,0.005369700
postgres,1,generar_emb,-,1380,0,0.012209600
postgres,1,insert_emb,-,1380,0,0.005348200
postgres,1,generar_emb,-,1381,0,0.013437000
postgres,1,insert_emb,-,1381,0,0.005165200
postgres,1,generar_emb,-,1382,0,0.012526600
postgres,1,insert_emb,-,1382,0,0.004951400
postgres,1,generar_emb,-,1383,0,0.011615300
postgres,1,insert_emb,-,1383,0,0.005286800
postgres,1,generar_emb,-,1384,0,0.012064400
postgres,1,insert_emb,-,1384,0,0.005184800
postgres,1,generar_emb,-,1385,0,0.011265600
postgres,1,insert_emb,-,1385,0,0.005300200
postgres,1,generar_emb,-,1386,0,0.010979500
postgres,1,insert_emb,-,1386,0,0.005092200
postgres,1,generar_emb,-,1387,0,0.012797600
postgres,1,insert_emb,-,1387,0,0.005140400
postgres,1,generar_emb,-,1388,0,0.011445300
postgres,1,insert_emb,-,1388,0,0.005266900
postgres,1,generar_emb,-,1389,0,0.015142200
postgres,1,insert_emb,-,1389,0,0.005636900
postgres,1,generar_emb,-,1390,0,0.014298200
postgres,1,insert_emb,-,1390,0,0.006111900
postgres,1,generar_emb,-,1391,0,0.015795500
postgres,1,insert_emb,-,1391,0,0.005455000
postgres,1,generar_emb,-,1392,0,0.012287000
postgres,1,insert_emb,-,1392,0,0.005199000
postgres,1,generar_emb,-,1393,0,0.014029500
postgres,1,insert_emb,-,1393,0,0.005774300
postgres,1,generar_emb,-,1394,0,0.011208600
postgres,1,insert_emb,-,1394,0,0.005558600
postgres,1,generar_emb,-,1395,0,0.011150700
postgres,1,insert_emb,-,1395,0,0.005411000
postgres,1,generar_emb,-,1396,0,0.012711500
postgres,1,insert_emb,-,1396,0,0.005411100
postgres,1,generar_emb,-,1397,0,0.010625100
postgres,1,insert_emb,-,1397,0,0.005465600
postgres,1,generar_emb,-,1398,0,0.013599500
postgres,1,insert_emb,-,1398,0,0.005720400
postgres,1,generar_emb,-,1399,0,0.012254600
postgres,1,insert_emb,-,1399,0,0.005278700
postgres,1,generar_emb,-,1400,0,0.011847600
postgres,1,insert_emb,-,1400,0,0.005493800
postgres,1,generar_emb,-,1401,0,0.011374400
postgres,1,insert_emb,-,1401,0,0.005336100
postgres,1,generar_emb,-,1402,0,0.014435000
postgres,1,insert_emb,-,1402,0,0.005477400
postgres,1,generar_emb,-,1403,0,0.010961800
postgres,1,insert_emb,-,1403,0,0.005735800
postgres,1,generar_emb,-,1404,0,0.010617800
postgres,1,insert_emb,-,1404,0,0.005133600
postgres,1,generar_emb,-,1405,0,0.013546600
postgres,1,insert_emb,-,1405,0,0.005742900
postgres,1,generar_emb,-,1406,0,0.013848000
postgres,1,insert_emb,-,1406,0,0.005095800
postgres,1,generar_emb,-,1407,0,0.014470600
postgres,1,insert_emb,-,1407,0,0.005487500
postgres,1,generar_emb,-,1408,0,0.013745000
postgres,1,insert_emb,-,1408,0,0.005324600
postgres,1,generar_emb,-,1409,0,0.014134800
postgres,1,insert_emb,-,1409,0,0.005599200
postgres,1,generar_emb,-,1410,0,0.016601000
postgres,1,insert_emb,-,1410,0,0.005283500
postgres,1,generar_emb,-,1411,0,0.012298800
postgres,1,insert_emb,-,1411,0,0.006089400
postgres,1,generar_emb,-,1412,0,0.021043100
postgres,1,insert_emb,-,1412,0,0.006232000
postgres,1,generar_emb,-,1413,0,0.012369700
postgres,1,insert_emb,-,1413,0,0.005575800
postgres,1,generar_emb,-,1414,0,0.017397400
postgres,1,insert_emb,-,1414,0,0.006209100
postgres,1,generar_emb,-,1415,0,0.013790000
postgres,1,insert_emb,-,1415,0,0.006331800
postgres,1,generar_emb,-,1416,0,0.012164800
postgres,1,insert_emb,-,1416,0,0.005464300
postgres,1,generar_emb,-,1417,0,0.012015000
postgres,1,insert_emb,-,1417,0,0.004988700
postgres,1,generar_emb,-,1418,0,0.017204500
postgres,1,insert_emb,-,1418,0,0.005164100
postgres,1,generar_emb,-,1419,0,0.011405400
postgres,1,insert_emb,-,1419,0,0.005499200
postgres,1,generar_emb,-,1420,0,0.015383000
postgres,1,insert_emb,-,1420,0,0.005751400
postgres,1,generar_emb,-,1421,0,0.013289800
postgres,1,insert_emb,-,1421,0,0.005184900
postgres,1,generar_emb,-,1422,0,0.011808300
postgres,1,insert_emb,-,1422,0,0.005292500
postgres,1,generar_emb,-,1423,0,0.011335600
postgres,1,insert_emb,-,1423,0,0.004882700
postgres,1,generar_emb,-,1424,0,0.012025200
postgres,1,insert_emb,-,1424,0,0.004954900
postgres,1,generar_emb,-,1425,0,0.012961700
postgres,1,insert_emb,-,1425,0,0.005621500
postgres,1,generar_emb,-,1426,0,0.012581900
postgres,1,insert_emb,-,1426,0,0.005444300
postgres,1,generar_emb,-,1427,0,0.013672700
postgres,1,insert_emb,-,1427,0,0.005955400
postgres,1,generar_emb,-,1428,0,0.014948300
postgres,1,insert_emb,-,1428,0,0.005632100
postgres,1,generar_emb,-,1429,0,0.011792800
postgres,1,insert_emb,-,1429,0,0.005427100
postgres,1,generar_emb,-,1430,0,0.011971600
postgres,1,insert_emb,-,1430,0,0.005861600
postgres,1,generar_emb,-,1431,0,0.011387600
postgres,1,insert_emb,-,1431,0,0.005828200
postgres,1,generar_emb,-,1432,0,0.011858000
postgres,1,insert_emb,-,1432,0,0.005581200
postgres,1,generar_emb,-,1433,0,0.010833500
postgres,1,insert_emb,-,1433,0,0.005913300
postgres,1,generar_emb,-,1434,0,0.013305000
postgres,1,insert_emb,-,1434,0,0.005379700
postgres,1,generar_emb,-,1435,0,0.013193200
postgres,1,insert_emb,-,1435,0,0.006284200
postgres,1,generar_emb,-,1436,0,0.010479900
postgres,1,insert_emb,-,1436,0,0.005634100
postgres,1,generar_emb,-,1437,0,0.011817700
postgres,1,insert_emb,-,1437,0,0.006035200
postgres,1,generar_emb,-,1438,0,0.012751200
postgres,1,insert_emb,-,1438,0,0.006047100
postgres,1,generar_emb,-,1439,0,0.013036600
postgres,1,insert_emb,-,1439,0,0.005436100
postgres,1,generar_emb,-,1440,0,0.012530000
postgres,1,insert_emb,-,1440,0,0.005604700
postgres,1,generar_emb,-,1441,0,0.011847900
postgres,1,insert_emb,-,1441,0,0.005212700
postgres,1,generar_emb,-,1442,0,0.016302400
postgres,1,insert_emb,-,1442,0,0.005559900
postgres,1,generar_emb,-,1443,0,0.013515800
postgres,1,insert_emb,-,1443,0,0.006119800
postgres,1,generar_emb,-,1444,0,0.011722100
postgres,1,insert_emb,-,1444,0,0.005230400
postgres,1,generar_emb,-,1445,0,0.015587000
postgres,1,insert_emb,-,1445,0,0.005685800
postgres,1,generar_emb,-,1446,0,0.012386400
postgres,1,insert_emb,-,1446,0,0.005039200
postgres,1,generar_emb,-,1447,0,0.011720500
postgres,1,insert_emb,-,1447,0,0.005234900
postgres,1,generar_emb,-,1448,0,0.011676700
postgres,1,insert_emb,-,1448,0,0.005632500
postgres,1,generar_emb,-,1449,0,0.010710200
postgres,1,insert_emb,-,1449,0,0.005295400
postgres,1,generar_emb,-,1450,0,0.012940900
postgres,1,insert_emb,-,1450,0,0.006004500
postgres,1,generar_emb,-,1451,0,0.012155000
postgres,1,insert_emb,-,1451,0,0.005626300
postgres,1,generar_emb,-,1452,0,0.011020600
postgres,1,insert_emb,-,1452,0,0.005439200
postgres,1,generar_emb,-,1453,0,0.012235300
postgres,1,insert_emb,-,1453,0,0.005282600
postgres,1,generar_emb,-,1454,0,0.011120700
postgres,1,insert_emb,-,1454,0,0.005549300
postgres,1,generar_emb,-,1455,0,0.012801600
postgres,1,insert_emb,-,1455,0,0.005940800
postgres,1,generar_emb,-,1456,0,0.013922800
postgres,1,insert_emb,-,1456,0,0.005574700
postgres,1,generar_emb,-,1457,0,0.016936100
postgres,1,insert_emb,-,1457,0,0.005182500
postgres,1,generar_emb,-,1458,0,0.013159500
postgres,1,insert_emb,-,1458,0,0.005356800
postgres,1,generar_emb,-,1459,0,0.013647200
postgres,1,insert_emb,-,1459,0,0.005359700
postgres,1,generar_emb,-,1460,0,0.014198500
postgres,1,insert_emb,-,1460,0,0.005309200
postgres,1,generar_emb,-,1461,0,0.011643900
postgres,1,insert_emb,-,1461,0,0.005503200
postgres,1,generar_emb,-,1462,0,0.012956800
postgres,1,insert_emb,-,1462,0,0.005359100
postgres,1,generar_emb,-,1463,0,0.015189200
postgres,1,insert_emb,-,1463,0,0.005197300
postgres,1,generar_emb,-,1464,0,0.014977800
postgres,1,insert_emb,-,1464,0,0.005799000
postgres,1,generar_emb,-,1465,0,0.014170500
postgres,1,insert_emb,-,1465,0,0.005441300
postgres,1,generar_emb,-,1466,0,0.012262400
postgres,1,insert_emb,-,1466,0,0.005425900
postgres,1,generar_emb,-,1467,0,0.013583500
postgres,1,insert_emb,-,1467,0,0.005345300
postgres,1,generar_emb,-,1468,0,0.011800100
postgres,1,insert_emb,-,1468,0,0.005154500
postgres,1,generar_emb,-,1469,0,0.013572300
postgres,1,insert_emb,-,1469,0,0.005241400
postgres,1,generar_emb,-,1470,0,0.012545400
postgres,1,insert_emb,-,1470,0,0.005368600
postgres,1,generar_emb,-,1471,0,0.011069000
postgres,1,insert_emb,-,1471,0,0.005192600
postgres,1,generar_emb,-,1472,0,0.013630700
postgres,1,insert_emb,-,1472,0,0.005391800
postgres,1,generar_emb,-,1473,0,0.012878900
postgres,1,insert_emb,-,1473,0,0.005164800
postgres,1,generar_emb,-,1474,0,0.012543300
postgres,1,insert_emb,-,1474,0,0.005611300
postgres,1,generar_emb,-,1475,0,0.013540200
postgres,1,insert_emb,-,1475,0,0.005649900
postgres,1,generar_emb,-,1476,0,0.013702700
postgres,1,insert_emb,-,1476,0,0.005622100
postgres,1,generar_emb,-,1477,0,0.013415100
postgres,1,insert_emb,-,1477,0,0.005129900
postgres,1,generar_emb,-,1478,0,0.014094700
postgres,1,insert_emb,-,1478,0,0.005458900
postgres,1,generar_emb,-,1479,0,0.014124400
postgres,1,insert_emb,-,1479,0,0.005117000
postgres,1,generar_emb,-,1480,0,0.013287400
postgres,1,insert_emb,-,1480,0,0.006104700
postgres,1,generar_emb,-,1481,0,0.013756600
postgres,1,insert_emb,-,1481,0,0.005801600
postgres,1,generar_emb,-,1482,0,0.010816400
postgres,1,insert_emb,-,1482,0,0.005159000
postgres,1,generar_emb,-,1483,0,0.013559900
postgres,1,insert_emb,-,1483,0,0.005072500
postgres,1,generar_emb,-,1484,0,0.012953300
postgres,1,insert_emb,-,1484,0,0.005741300
postgres,1,generar_emb,-,1485,0,0.015572100
postgres,1,insert_emb,-,1485,0,0.005614000
postgres,1,generar_emb,-,1486,0,0.011692000
postgres,1,insert_emb,-,1486,0,0.005335200
postgres,1,generar_emb,-,1487,0,0.012422500
postgres,1,insert_emb,-,1487,0,0.005208300
postgres,1,generar_emb,-,1488,0,0.012543900
postgres,1,insert_emb,-,1488,0,0.005587200
postgres,1,generar_emb,-,1489,0,0.015367600
postgres,1,insert_emb,-,1489,0,0.005581000
postgres,1,generar_emb,-,1490,0,0.015423500
postgres,1,insert_emb,-,1490,0,0.005852800
postgres,1,generar_emb,-,1491,0,0.011409600
postgres,1,insert_emb,-,1491,0,0.005589400
postgres,1,generar_emb,-,1492,0,0.013602500
postgres,1,insert_emb,-,1492,0,0.005625200
postgres,1,generar_emb,-,1493,0,0.013418000
postgres,1,insert_emb,-,1493,0,0.005604800
postgres,1,generar_emb,-,1494,0,0.014201300
postgres,1,insert_emb,-,1494,0,0.005577600
postgres,1,generar_emb,-,1495,0,0.012708900
postgres,1,insert_emb,-,1495,0,0.005509100
postgres,1,generar_emb,-,1496,0,0.010852100
postgres,1,insert_emb,-,1496,0,0.005381900
postgres,1,generar_emb,-,1497,0,0.011154000
postgres,1,insert_emb,-,1497,0,0.005941300
postgres,1,generar_emb,-,1498,0,0.015454300
postgres,1,insert_emb,-,1498,0,0.005784900
postgres,1,generar_emb,-,1499,0,0.015936900
postgres,1,insert_emb,-,1499,0,0.005240100
postgres,1,generar_emb,-,1500,0,0.015662100
postgres,1,insert_emb,-,1500,0,0.005893900
postgres,1,generar_emb,-,1501,0,0.012464500
postgres,1,insert_emb,-,1501,0,0.005672400
postgres,1,generar_emb,-,1502,0,0.011902200
postgres,1,insert_emb,-,1502,0,0.005648100
postgres,1,generar_emb,-,1503,0,0.010634800
postgres,1,insert_emb,-,1503,0,0.005205200
postgres,1,generar_emb,-,1504,0,0.011313900
postgres,1,insert_emb,-,1504,0,0.005313600
postgres,1,generar_emb,-,1505,0,0.011070000
postgres,1,insert_emb,-,1505,0,0.005445600
postgres,1,generar_emb,-,1506,0,0.012742600
postgres,1,insert_emb,-,1506,0,0.005127300
postgres,1,generar_emb,-,1507,0,0.013615400
postgres,1,insert_emb,-,1507,0,0.005174200
postgres,1,generar_emb,-,1508,0,0.013141300
postgres,1,insert_emb,-,1508,0,0.005478000
postgres,1,generar_emb,-,1509,0,0.013165500
postgres,1,insert_emb,-,1509,0,0.005212500
postgres,1,generar_emb,-,1510,0,0.014511700
postgres,1,insert_emb,-,1510,0,0.006334900
postgres,1,generar_emb,-,1511,0,0.012857400
postgres,1,insert_emb,-,1511,0,0.005730700
postgres,1,generar_emb,-,1512,0,0.013022000
postgres,1,insert_emb,-,1512,0,0.005719600
postgres,1,generar_emb,-,1513,0,0.018054400
postgres,1,insert_emb,-,1513,0,0.005929900
postgres,1,generar_emb,-,1514,0,0.014545400
postgres,1,insert_emb,-,1514,0,0.005313400
postgres,1,generar_emb,-,1515,0,0.012323000
postgres,1,insert_emb,-,1515,0,0.005560200
postgres,1,generar_emb,-,1516,0,0.011580700
postgres,1,insert_emb,-,1516,0,0.005356500
postgres,1,generar_emb,-,1517,0,0.015245100
postgres,1,insert_emb,-,1517,0,0.005536900
postgres,1,generar_emb,-,1518,0,0.014969000
postgres,1,insert_emb,-,1518,0,0.005747100
postgres,1,generar_emb,-,1519,0,0.016599800
postgres,1,insert_emb,-,1519,0,0.005616200
postgres,1,generar_emb,-,1520,0,0.012556800
postgres,1,insert_emb,-,1520,0,0.006019300
postgres,1,generar_emb,-,1521,0,0.013129900
postgres,1,insert_emb,-,1521,0,0.006002700
postgres,1,generar_emb,-,1522,0,0.014818500
postgres,1,insert_emb,-,1522,0,0.005651600
postgres,1,generar_emb,-,1523,0,0.012213600
postgres,1,insert_emb,-,1523,0,0.005520300
postgres,1,generar_emb,-,1524,0,0.012929300
postgres,1,insert_emb,-,1524,0,0.005865900
postgres,1,generar_emb,-,1525,0,0.012786400
postgres,1,insert_emb,-,1525,0,0.006305100
postgres,1,generar_emb,-,1526,0,0.012422700
postgres,1,insert_emb,-,1526,0,0.005933700
postgres,1,generar_emb,-,1527,0,0.012904400
postgres,1,insert_emb,-,1527,0,0.005795300
postgres,1,generar_emb,-,1528,0,0.012907500
postgres,1,insert_emb,-,1528,0,0.006349400
postgres,1,generar_emb,-,1529,0,0.014866100
postgres,1,insert_emb,-,1529,0,0.006108300
postgres,1,generar_emb,-,1530,0,0.011700300
postgres,1,insert_emb,-,1530,0,0.005953300
postgres,1,generar_emb,-,1531,0,0.011695100
postgres,1,insert_emb,-,1531,0,0.005358600
postgres,1,generar_emb,-,1532,0,0.012718200
postgres,1,insert_emb,-,1532,0,0.005451100
postgres,1,generar_emb,-,1533,0,0.014635900
postgres,1,insert_emb,-,1533,0,0.005421800
postgres,1,generar_emb,-,1534,0,0.011678400
postgres,1,insert_emb,-,1534,0,0.005287100
postgres,1,generar_emb,-,1535,0,0.011002000
postgres,1,insert_emb,-,1535,0,0.005317400
postgres,1,generar_emb,-,1536,0,0.013188200
postgres,1,insert_emb,-,1536,0,0.005188200
postgres,1,generar_emb,-,1537,0,0.013503400
postgres,1,insert_emb,-,1537,0,0.005893800
postgres,1,generar_emb,-,1538,0,0.013192100
postgres,1,insert_emb,-,1538,0,0.005529600
postgres,1,generar_emb,-,1539,0,0.012893000
postgres,1,insert_emb,-,1539,0,0.005413800
postgres,1,generar_emb,-,1540,0,0.012868800
postgres,1,insert_emb,-,1540,0,0.005734900
postgres,1,generar_emb,-,1541,0,0.013181200
postgres,1,insert_emb,-,1541,0,0.005325800
postgres,1,generar_emb,-,1542,0,0.010855400
postgres,1,insert_emb,-,1542,0,0.005284000
postgres,1,generar_emb,-,1543,0,0.011302900
postgres,1,insert_emb,-,1543,0,0.005353900
postgres,1,generar_emb,-,1544,0,0.011218700
postgres,1,insert_emb,-,1544,0,0.005282600
postgres,1,generar_emb,-,1545,0,0.010991800
postgres,1,insert_emb,-,1545,0,0.005409300
postgres,1,generar_emb,-,1546,0,0.012600700
postgres,1,insert_emb,-,1546,0,0.005214500
postgres,1,generar_emb,-,1547,0,0.010812400
postgres,1,insert_emb,-,1547,0,0.005104700
postgres,1,generar_emb,-,1548,0,0.011902600
postgres,1,insert_emb,-,1548,0,0.004970900
postgres,1,generar_emb,-,1549,0,0.012912400
postgres,1,insert_emb,-,1549,0,0.005612200
postgres,1,generar_emb,-,1550,0,0.012249700
postgres,1,insert_emb,-,1550,0,0.005379200
postgres,1,generar_emb,-,1551,0,0.012940900
postgres,1,insert_emb,-,1551,0,0.005401400
postgres,1,generar_emb,-,1552,0,0.015080300
postgres,1,insert_emb,-,1552,0,0.005101200
postgres,1,generar_emb,-,1553,0,0.013737500
postgres,1,insert_emb,-,1553,0,0.004909900
postgres,1,generar_emb,-,1554,0,0.013845600
postgres,1,insert_emb,-,1554,0,0.005503000
postgres,1,generar_emb,-,1555,0,0.012421600
postgres,1,insert_emb,-,1555,0,0.005540400
postgres,1,generar_emb,-,1556,0,0.014839500
postgres,1,insert_emb,-,1556,0,0.005575300
postgres,1,generar_emb,-,1557,0,0.011520700
postgres,1,insert_emb,-,1557,0,0.005150600
postgres,1,generar_emb,-,1558,0,0.012890500
postgres,1,insert_emb,-,1558,0,0.005837900
postgres,1,generar_emb,-,1559,0,0.011737400
postgres,1,insert_emb,-,1559,0,0.005506900
postgres,1,generar_emb,-,1560,0,0.012241800
postgres,1,insert_emb,-,1560,0,0.005777900
postgres,1,generar_emb,-,1561,0,0.012405700
postgres,1,insert_emb,-,1561,0,0.005244600
postgres,1,generar_emb,-,1562,0,0.012704600
postgres,1,insert_emb,-,1562,0,0.005579000
postgres,1,generar_emb,-,1563,0,0.013194500
postgres,1,insert_emb,-,1563,0,0.005229000
postgres,1,generar_emb,-,1564,0,0.013206600
postgres,1,insert_emb,-,1564,0,0.005640000
postgres,1,generar_emb,-,1565,0,0.014054900
postgres,1,insert_emb,-,1565,0,0.005850000
postgres,1,generar_emb,-,1566,0,0.013695500
postgres,1,insert_emb,-,1566,0,0.006653100
postgres,1,generar_emb,-,1567,0,0.012708800
postgres,1,insert_emb,-,1567,0,0.006191300
postgres,1,generar_emb,-,1568,0,0.016749400
postgres,1,insert_emb,-,1568,0,0.005931800
postgres,1,generar_emb,-,1569,0,0.015398900
postgres,1,insert_emb,-,1569,0,0.005999100
postgres,1,generar_emb,-,1570,0,0.014121700
postgres,1,insert_emb,-,1570,0,0.006054700
postgres,1,generar_emb,-,1571,0,0.013455000
postgres,1,insert_emb,-,1571,0,0.006043400
postgres,1,generar_emb,-,1572,0,0.018148600
postgres,1,insert_emb,-,1572,0,0.006081600
postgres,1,generar_emb,-,1573,0,0.013306600
postgres,1,insert_emb,-,1573,0,0.006369000
postgres,1,generar_emb,-,1574,0,0.013357000
postgres,1,insert_emb,-,1574,0,0.006048200
postgres,1,generar_emb,-,1575,0,0.011940500
postgres,1,insert_emb,-,1575,0,0.005799200
postgres,1,generar_emb,-,1576,0,0.014181900
postgres,1,insert_emb,-,1576,0,0.005212800
postgres,1,generar_emb,-,1577,0,0.014248700
postgres,1,insert_emb,-,1577,0,0.005279300
postgres,1,generar_emb,-,1578,0,0.013887700
postgres,1,insert_emb,-,1578,0,0.005417100
postgres,1,generar_emb,-,1579,0,0.014869200
postgres,1,insert_emb,-,1579,0,0.006162600
postgres,1,generar_emb,-,1580,0,0.012842100
postgres,1,insert_emb,-,1580,0,0.006497300
postgres,1,generar_emb,-,1581,0,0.013265600
postgres,1,insert_emb,-,1581,0,0.005271600
postgres,1,generar_emb,-,1582,0,0.014727000
postgres,1,insert_emb,-,1582,0,0.005897000
postgres,1,generar_emb,-,1583,0,0.012445700
postgres,1,insert_emb,-,1583,0,0.005340500
postgres,1,generar_emb,-,1584,0,0.013250700
postgres,1,insert_emb,-,1584,0,0.005444900
postgres,1,generar_emb,-,1585,0,0.011559900
postgres,1,insert_emb,-,1585,0,0.005453400
postgres,1,generar_emb,-,1586,0,0.014738400
postgres,1,insert_emb,-,1586,0,0.006054000
postgres,1,generar_emb,-,1587,0,0.012494400
postgres,1,insert_emb,-,1587,0,0.006448100
postgres,1,generar_emb,-,1588,0,0.014085800
postgres,1,insert_emb,-,1588,0,0.006774300
postgres,1,generar_emb,-,1589,0,0.015435100
postgres,1,insert_emb,-,1589,0,0.006119400
postgres,1,generar_emb,-,1590,0,0.016576500
postgres,1,insert_emb,-,1590,0,0.006875000
postgres,1,generar_emb,-,1591,0,0.015579700
postgres,1,insert_emb,-,1591,0,0.006149000
postgres,1,generar_emb,-,1592,0,0.017064400
postgres,1,insert_emb,-,1592,0,0.006248900
postgres,1,generar_emb,-,1593,0,0.017126600
postgres,1,insert_emb,-,1593,0,0.006322800
postgres,1,generar_emb,-,1594,0,0.014884500
postgres,1,insert_emb,-,1594,0,0.005441300
postgres,1,generar_emb,-,1595,0,0.012561900
postgres,1,insert_emb,-,1595,0,0.005633900
postgres,1,generar_emb,-,1596,0,0.011586800
postgres,1,insert_emb,-,1596,0,0.005306100
postgres,1,generar_emb,-,1597,0,0.012813000
postgres,1,insert_emb,-,1597,0,0.005308400
postgres,1,generar_emb,-,1598,0,0.014143600
postgres,1,insert_emb,-,1598,0,0.005781600
postgres,1,generar_emb,-,1599,0,0.013054600
postgres,1,insert_emb,-,1599,0,0.005803000
postgres,1,generar_emb,-,1600,0,0.011245000
postgres,1,insert_emb,-,1600,0,0.006593400
postgres,1,generar_emb,-,1601,0,0.013241600
postgres,1,insert_emb,-,1601,0,0.005729300
postgres,1,generar_emb,-,1602,0,0.011992600
postgres,1,insert_emb,-,1602,0,0.005993300
postgres,1,generar_emb,-,1603,0,0.011719300
postgres,1,insert_emb,-,1603,0,0.005335800
postgres,1,generar_emb,-,1604,0,0.012042900
postgres,1,insert_emb,-,1604,0,0.005484500
postgres,1,generar_emb,-,1605,0,0.012687800
postgres,1,insert_emb,-,1605,0,0.005610800
postgres,1,generar_emb,-,1606,0,0.012451500
postgres,1,insert_emb,-,1606,0,0.004916200
postgres,1,generar_emb,-,1607,0,0.013224900
postgres,1,insert_emb,-,1607,0,0.005744800
postgres,1,generar_emb,-,1608,0,0.012703800
postgres,1,insert_emb,-,1608,0,0.005740500
postgres,1,generar_emb,-,1609,0,0.014696500
postgres,1,insert_emb,-,1609,0,0.006230800
postgres,1,generar_emb,-,1610,0,0.012321300
postgres,1,insert_emb,-,1610,0,0.006063600
postgres,1,generar_emb,-,1611,0,0.013392700
postgres,1,insert_emb,-,1611,0,0.005994100
postgres,1,generar_emb,-,1612,0,0.012771400
postgres,1,insert_emb,-,1612,0,0.005357400
postgres,1,generar_emb,-,1613,0,0.016216900
postgres,1,insert_emb,-,1613,0,0.005401700
postgres,1,generar_emb,-,1614,0,0.014502600
postgres,1,insert_emb,-,1614,0,0.005716700
postgres,1,generar_emb,-,1615,0,0.012625100
postgres,1,insert_emb,-,1615,0,0.006723700
postgres,1,generar_emb,-,1616,0,0.012451400
postgres,1,insert_emb,-,1616,0,0.006132900
postgres,1,generar_emb,-,1617,0,0.012426400
postgres,1,insert_emb,-,1617,0,0.005835300
postgres,1,generar_emb,-,1618,0,0.011211000
postgres,1,insert_emb,-,1618,0,0.006236200
postgres,1,generar_emb,-,1619,0,0.015293600
postgres,1,insert_emb,-,1619,0,0.005922000
postgres,1,generar_emb,-,1620,0,0.017275800
postgres,1,insert_emb,-,1620,0,0.006591600
postgres,1,generar_emb,-,1621,0,0.012126100
postgres,1,insert_emb,-,1621,0,0.006286300
postgres,1,generar_emb,-,1622,0,0.016674200
postgres,1,insert_emb,-,1622,0,0.006215000
postgres,1,generar_emb,-,1623,0,0.015446400
postgres,1,insert_emb,-,1623,0,0.005177000
postgres,1,generar_emb,-,1624,0,0.012250200
postgres,1,insert_emb,-,1624,0,0.005421900
postgres,1,generar_emb,-,1625,0,0.014228400
postgres,1,insert_emb,-,1625,0,0.007093200
postgres,1,generar_emb,-,1626,0,0.012092200
postgres,1,insert_emb,-,1626,0,0.006007300
postgres,1,generar_emb,-,1627,0,0.016954600
postgres,1,insert_emb,-,1627,0,0.005964200
postgres,1,generar_emb,-,1628,0,0.015115000
postgres,1,insert_emb,-,1628,0,0.006334900
postgres,1,generar_emb,-,1629,0,0.019155600
postgres,1,insert_emb,-,1629,0,0.008430400
postgres,1,generar_emb,-,1630,0,0.015121700
postgres,1,insert_emb,-,1630,0,0.006113500
postgres,1,generar_emb,-,1631,0,0.012110100
postgres,1,insert_emb,-,1631,0,0.005153100
postgres,1,generar_emb,-,1632,0,0.014293600
postgres,1,insert_emb,-,1632,0,0.005537400
postgres,1,generar_emb,-,1633,0,0.014044800
postgres,1,insert_emb,-,1633,0,0.006215500
postgres,1,generar_emb,-,1634,0,0.015641000
postgres,1,insert_emb,-,1634,0,0.005534100
postgres,1,generar_emb,-,1635,0,0.012256300
postgres,1,insert_emb,-,1635,0,0.005640900
postgres,1,generar_emb,-,1636,0,0.011830200
postgres,1,insert_emb,-,1636,0,0.005643500
postgres,1,generar_emb,-,1637,0,0.015094800
postgres,1,insert_emb,-,1637,0,0.005778700
postgres,1,generar_emb,-,1638,0,0.011565900
postgres,1,insert_emb,-,1638,0,0.005119300
postgres,1,generar_emb,-,1639,0,0.012562500
postgres,1,insert_emb,-,1639,0,0.005818200
postgres,1,generar_emb,-,1640,0,0.014133200
postgres,1,insert_emb,-,1640,0,0.006200600
postgres,1,generar_emb,-,1641,0,0.012937300
postgres,1,insert_emb,-,1641,0,0.005447400
postgres,1,generar_emb,-,1642,0,0.011200000
postgres,1,insert_emb,-,1642,0,0.005332400
postgres,1,generar_emb,-,1643,0,0.010903800
postgres,1,insert_emb,-,1643,0,0.005557800
postgres,1,generar_emb,-,1644,0,0.012979800
postgres,1,insert_emb,-,1644,0,0.005794900
postgres,1,generar_emb,-,1645,0,0.013083800
postgres,1,insert_emb,-,1645,0,0.005460600
postgres,1,generar_emb,-,1646,0,0.016397900
postgres,1,insert_emb,-,1646,0,0.005299200
postgres,1,generar_emb,-,1647,0,0.011870700
postgres,1,insert_emb,-,1647,0,0.005575400
postgres,1,generar_emb,-,1648,0,0.013626400
postgres,1,insert_emb,-,1648,0,0.005867500
postgres,1,generar_emb,-,1649,0,0.016344700
postgres,1,insert_emb,-,1649,0,0.005609000
postgres,1,generar_emb,-,1650,0,0.011952100
postgres,1,insert_emb,-,1650,0,0.005759700
postgres,1,generar_emb,-,1651,0,0.015579400
postgres,1,insert_emb,-,1651,0,0.006026000
postgres,1,generar_emb,-,1652,0,0.014018400
postgres,1,insert_emb,-,1652,0,0.005107300
postgres,1,generar_emb,-,1653,0,0.015105600
postgres,1,insert_emb,-,1653,0,0.006446800
postgres,1,generar_emb,-,1654,0,0.011481900
postgres,1,insert_emb,-,1654,0,0.005607600
postgres,1,generar_emb,-,1655,0,0.014640000
postgres,1,insert_emb,-,1655,0,0.005316500
postgres,1,generar_emb,-,1656,0,0.013071600
postgres,1,insert_emb,-,1656,0,0.005162700
postgres,1,generar_emb,-,1657,0,0.011552100
postgres,1,insert_emb,-,1657,0,0.005279500
postgres,1,generar_emb,-,1658,0,0.011056500
postgres,1,insert_emb,-,1658,0,0.004870300
postgres,1,generar_emb,-,1659,0,0.012566600
postgres,1,insert_emb,-,1659,0,0.005560800
postgres,1,generar_emb,-,1660,0,0.011532400
postgres,1,insert_emb,-,1660,0,0.005583700
postgres,1,generar_emb,-,1661,0,0.012968900
postgres,1,insert_emb,-,1661,0,0.005313500
postgres,1,generar_emb,-,1662,0,0.013050400
postgres,1,insert_emb,-,1662,0,0.005313400
postgres,1,generar_emb,-,1663,0,0.013132000
postgres,1,insert_emb,-,1663,0,0.005310200
postgres,1,generar_emb,-,1664,0,0.012823400
postgres,1,insert_emb,-,1664,0,0.005599200
postgres,1,generar_emb,-,1665,0,0.011181800
postgres,1,insert_emb,-,1665,0,0.006261200
postgres,1,generar_emb,-,1666,0,0.013187300
postgres,1,insert_emb,-,1666,0,0.005222800
postgres,1,generar_emb,-,1667,0,0.016485900
postgres,1,insert_emb,-,1667,0,0.005724100
postgres,1,generar_emb,-,1668,0,0.011250100
postgres,1,insert_emb,-,1668,0,0.005612400
postgres,1,generar_emb,-,1669,0,0.010590300
postgres,1,insert_emb,-,1669,0,0.005169000
postgres,1,generar_emb,-,1670,0,0.011137400
postgres,1,insert_emb,-,1670,0,0.005350200
postgres,1,generar_emb,-,1671,0,0.011966700
postgres,1,insert_emb,-,1671,0,0.006083500
postgres,1,generar_emb,-,1672,0,0.012666900
postgres,1,insert_emb,-,1672,0,0.005453400
postgres,1,generar_emb,-,1673,0,0.015135600
postgres,1,insert_emb,-,1673,0,0.005714900
postgres,1,generar_emb,-,1674,0,0.016658300
postgres,1,insert_emb,-,1674,0,0.005106800
postgres,1,generar_emb,-,1675,0,0.012130800
postgres,1,insert_emb,-,1675,0,0.005679400
postgres,1,generar_emb,-,1676,0,0.012468800
postgres,1,insert_emb,-,1676,0,0.005256300
postgres,1,generar_emb,-,1677,0,0.011524100
postgres,1,insert_emb,-,1677,0,0.005417500
postgres,1,generar_emb,-,1678,0,0.013566400
postgres,1,insert_emb,-,1678,0,0.005562900
postgres,1,generar_emb,-,1679,0,0.013866900
postgres,1,insert_emb,-,1679,0,0.005406700
postgres,1,generar_emb,-,1680,0,0.012337000
postgres,1,insert_emb,-,1680,0,0.005399200
postgres,1,generar_emb,-,1681,0,0.011943500
postgres,1,insert_emb,-,1681,0,0.005024000
postgres,1,generar_emb,-,1682,0,0.012151900
postgres,1,insert_emb,-,1682,0,0.005570100
postgres,1,generar_emb,-,1683,0,0.012574200
postgres,1,insert_emb,-,1683,0,0.005360000
postgres,1,generar_emb,-,1684,0,0.012466200
postgres,1,insert_emb,-,1684,0,0.005483800
postgres,1,generar_emb,-,1685,0,0.012967200
postgres,1,insert_emb,-,1685,0,0.005334500
postgres,1,generar_emb,-,1686,0,0.012977600
postgres,1,insert_emb,-,1686,0,0.005616200
postgres,1,generar_emb,-,1687,0,0.011338500
postgres,1,insert_emb,-,1687,0,0.005183600
postgres,1,generar_emb,-,1688,0,0.013983000
postgres,1,insert_emb,-,1688,0,0.005707000
postgres,1,generar_emb,-,1689,0,0.011383300
postgres,1,insert_emb,-,1689,0,0.005079100
postgres,1,generar_emb,-,1690,0,0.011867800
postgres,1,insert_emb,-,1690,0,0.006049200
postgres,1,generar_emb,-,1691,0,0.012196200
postgres,1,insert_emb,-,1691,0,0.005509500
postgres,1,generar_emb,-,1692,0,0.013032100
postgres,1,insert_emb,-,1692,0,0.005762900
postgres,1,generar_emb,-,1693,0,0.011598700
postgres,1,insert_emb,-,1693,0,0.005362300
postgres,1,generar_emb,-,1694,0,0.013645800
postgres,1,insert_emb,-,1694,0,0.006105900
postgres,1,generar_emb,-,1695,0,0.014357000
postgres,1,insert_emb,-,1695,0,0.005934500
postgres,1,generar_emb,-,1696,0,0.013067600
postgres,1,insert_emb,-,1696,0,0.005625900
postgres,1,generar_emb,-,1697,0,0.011454900
postgres,1,insert_emb,-,1697,0,0.005590000
postgres,1,generar_emb,-,1698,0,0.011988700
postgres,1,insert_emb,-,1698,0,0.005493000
postgres,1,generar_emb,-,1699,0,0.012122000
postgres,1,insert_emb,-,1699,0,0.005035500
postgres,1,generar_emb,-,1700,0,0.012162700
postgres,1,insert_emb,-,1700,0,0.005300500
postgres,1,generar_emb,-,1701,0,0.012107200
postgres,1,insert_emb,-,1701,0,0.005575200
postgres,1,generar_emb,-,1702,0,0.012303200
postgres,1,insert_emb,-,1702,0,0.005716900
postgres,1,generar_emb,-,1703,0,0.014552000
postgres,1,insert_emb,-,1703,0,0.005448000
postgres,1,generar_emb,-,1704,0,0.013142300
postgres,1,insert_emb,-,1704,0,0.005598000
postgres,1,generar_emb,-,1705,0,0.011874900
postgres,1,insert_emb,-,1705,0,0.005554800
postgres,1,generar_emb,-,1706,0,0.011233300
postgres,1,insert_emb,-,1706,0,0.005075700
postgres,1,generar_emb,-,1707,0,0.011738900
postgres,1,insert_emb,-,1707,0,0.005294000
postgres,1,generar_emb,-,1708,0,0.015487200
postgres,1,insert_emb,-,1708,0,0.005747300
postgres,1,generar_emb,-,1709,0,0.013857200
postgres,1,insert_emb,-,1709,0,0.005611800
postgres,1,generar_emb,-,1710,0,0.012458200
postgres,1,insert_emb,-,1710,0,0.005970800
postgres,1,generar_emb,-,1711,0,0.012232800
postgres,1,insert_emb,-,1711,0,0.005919300
postgres,1,generar_emb,-,1712,0,0.012543100
postgres,1,insert_emb,-,1712,0,0.005818000
postgres,1,generar_emb,-,1713,0,0.011301500
postgres,1,insert_emb,-,1713,0,0.005354600
postgres,1,generar_emb,-,1714,0,0.012285000
postgres,1,insert_emb,-,1714,0,0.005285600
postgres,1,generar_emb,-,1715,0,0.011656000
postgres,1,insert_emb,-,1715,0,0.005750400
postgres,1,generar_emb,-,1716,0,0.011848900
postgres,1,insert_emb,-,1716,0,0.005113500
postgres,1,generar_emb,-,1717,0,0.010454000
postgres,1,insert_emb,-,1717,0,0.005630800
postgres,1,generar_emb,-,1718,0,0.012374000
postgres,1,insert_emb,-,1718,0,0.005349800
postgres,1,generar_emb,-,1719,0,0.013392600
postgres,1,insert_emb,-,1719,0,0.005312700
postgres,1,generar_emb,-,1720,0,0.011965700
postgres,1,insert_emb,-,1720,0,0.006053900
postgres,1,generar_emb,-,1721,0,0.012366500
postgres,1,insert_emb,-,1721,0,0.005541700
postgres,1,generar_emb,-,1722,0,0.012882400
postgres,1,insert_emb,-,1722,0,0.005465100
postgres,1,generar_emb,-,1723,0,0.013623100
postgres,1,insert_emb,-,1723,0,0.005197800
postgres,1,generar_emb,-,1724,0,0.012471100
postgres,1,insert_emb,-,1724,0,0.005589700
postgres,1,generar_emb,-,1725,0,0.013062500
postgres,1,insert_emb,-,1725,0,0.005380700
postgres,1,generar_emb,-,1726,0,0.014222600
postgres,1,insert_emb,-,1726,0,0.005643000
postgres,1,generar_emb,-,1727,0,0.013330900
postgres,1,insert_emb,-,1727,0,0.005834700
postgres,1,generar_emb,-,1728,0,0.012565700
postgres,1,insert_emb,-,1728,0,0.005299600
postgres,1,generar_emb,-,1729,0,0.012577300
postgres,1,insert_emb,-,1729,0,0.006122900
postgres,1,generar_emb,-,1730,0,0.011554500
postgres,1,insert_emb,-,1730,0,0.005735500
postgres,1,generar_emb,-,1731,0,0.012381200
postgres,1,insert_emb,-,1731,0,0.005383000
postgres,1,generar_emb,-,1732,0,0.010748800
postgres,1,insert_emb,-,1732,0,0.005329900
postgres,1,generar_emb,-,1733,0,0.010538700
postgres,1,insert_emb,-,1733,0,0.004972900
postgres,1,generar_emb,-,1734,0,0.011278400
postgres,1,insert_emb,-,1734,0,0.005267300
postgres,1,generar_emb,-,1735,0,0.010524400
postgres,1,insert_emb,-,1735,0,0.005387700
postgres,1,generar_emb,-,1736,0,0.012458200
postgres,1,insert_emb,-,1736,0,0.005050400
postgres,1,generar_emb,-,1737,0,0.012323500
postgres,1,insert_emb,-,1737,0,0.005115900
postgres,1,generar_emb,-,1738,0,0.011769500
postgres,1,insert_emb,-,1738,0,0.005081300
postgres,1,generar_emb,-,1739,0,0.012134100
postgres,1,insert_emb,-,1739,0,0.005348900
postgres,1,generar_emb,-,1740,0,0.011252000
postgres,1,insert_emb,-,1740,0,0.005755000
postgres,1,generar_emb,-,1741,0,0.013298500
postgres,1,insert_emb,-,1741,0,0.005366600
postgres,1,generar_emb,-,1742,0,0.012091000
postgres,1,insert_emb,-,1742,0,0.005345100
postgres,1,generar_emb,-,1743,0,0.014016500
postgres,1,insert_emb,-,1743,0,0.005703700
postgres,1,generar_emb,-,1744,0,0.011611900
postgres,1,insert_emb,-,1744,0,0.005171700
postgres,1,generar_emb,-,1745,0,0.012384600
postgres,1,insert_emb,-,1745,0,0.005715700
postgres,1,generar_emb,-,1746,0,0.011934600
postgres,1,insert_emb,-,1746,0,0.005469000
postgres,1,generar_emb,-,1747,0,0.011823600
postgres,1,insert_emb,-,1747,0,0.005570400
postgres,1,generar_emb,-,1748,0,0.010767100
postgres,1,insert_emb,-,1748,0,0.005508700
postgres,1,generar_emb,-,1749,0,0.013060700
postgres,1,insert_emb,-,1749,0,0.005477200
postgres,1,generar_emb,-,1750,0,0.011899900
postgres,1,insert_emb,-,1750,0,0.005312600
postgres,1,generar_emb,-,1751,0,0.012496600
postgres,1,insert_emb,-,1751,0,0.005341400
postgres,1,generar_emb,-,1752,0,0.011009900
postgres,1,insert_emb,-,1752,0,0.005770500
postgres,1,generar_emb,-,1753,0,0.013876900
postgres,1,insert_emb,-,1753,0,0.005404200
postgres,1,generar_emb,-,1754,0,0.013537700
postgres,1,insert_emb,-,1754,0,0.005557900
postgres,1,generar_emb,-,1755,0,0.011237800
postgres,1,insert_emb,-,1755,0,0.005367500
postgres,1,generar_emb,-,1756,0,0.011256600
postgres,1,insert_emb,-,1756,0,0.005213200
postgres,1,generar_emb,-,1757,0,0.011680400
postgres,1,insert_emb,-,1757,0,0.005344500
postgres,1,generar_emb,-,1758,0,0.010546900
postgres,1,insert_emb,-,1758,0,0.005616900
postgres,1,generar_emb,-,1759,0,0.012438800
postgres,1,insert_emb,-,1759,0,0.005414600
postgres,1,generar_emb,-,1760,0,0.012393300
postgres,1,insert_emb,-,1760,0,0.005487400
postgres,1,generar_emb,-,1761,0,0.011211700
postgres,1,insert_emb,-,1761,0,0.005301600
postgres,1,generar_emb,-,1762,0,0.011846200
postgres,1,insert_emb,-,1762,0,0.005286500
postgres,1,generar_emb,-,1763,0,0.014171700
postgres,1,insert_emb,-,1763,0,0.005265300
postgres,1,generar_emb,-,1764,0,0.012859500
postgres,1,insert_emb,-,1764,0,0.005424300
postgres,1,generar_emb,-,1765,0,0.014592600
postgres,1,insert_emb,-,1765,0,0.005643400
postgres,1,generar_emb,-,1766,0,0.012657300
postgres,1,insert_emb,-,1766,0,0.005551700
postgres,1,generar_emb,-,1767,0,0.013183100
postgres,1,insert_emb,-,1767,0,0.005489900
postgres,1,generar_emb,-,1768,0,0.013176700
postgres,1,insert_emb,-,1768,0,0.005070300
postgres,1,generar_emb,-,1769,0,0.013526300
postgres,1,insert_emb,-,1769,0,0.005097100
postgres,1,generar_emb,-,1770,0,0.014982600
postgres,1,insert_emb,-,1770,0,0.005417900
postgres,1,generar_emb,-,1771,0,0.012861900
postgres,1,insert_emb,-,1771,0,0.005188400
postgres,1,generar_emb,-,1772,0,0.012811900
postgres,1,insert_emb,-,1772,0,0.005353200
postgres,1,generar_emb,-,1773,0,0.013907100
postgres,1,insert_emb,-,1773,0,0.005739000
postgres,1,generar_emb,-,1774,0,0.010786900
postgres,1,insert_emb,-,1774,0,0.005289500
postgres,1,generar_emb,-,1775,0,0.011758600
postgres,1,insert_emb,-,1775,0,0.005446300
postgres,1,generar_emb,-,1776,0,0.012448500
postgres,1,insert_emb,-,1776,0,0.005451500
postgres,1,generar_emb,-,1777,0,0.012649000
postgres,1,insert_emb,-,1777,0,0.005255000
postgres,1,generar_emb,-,1778,0,0.016848700
postgres,1,insert_emb,-,1778,0,0.005284200
postgres,1,generar_emb,-,1779,0,0.012840000
postgres,1,insert_emb,-,1779,0,0.005435900
postgres,1,generar_emb,-,1780,0,0.014086400
postgres,1,insert_emb,-,1780,0,0.005362400
postgres,1,generar_emb,-,1781,0,0.012266100
postgres,1,insert_emb,-,1781,0,0.005376500
postgres,1,generar_emb,-,1782,0,0.011630300
postgres,1,insert_emb,-,1782,0,0.005816600
postgres,1,generar_emb,-,1783,0,0.010969600
postgres,1,insert_emb,-,1783,0,0.005456600
postgres,1,generar_emb,-,1784,0,0.012009700
postgres,1,insert_emb,-,1784,0,0.005929000
postgres,1,generar_emb,-,1785,0,0.010587400
postgres,1,insert_emb,-,1785,0,0.005426200
postgres,1,generar_emb,-,1786,0,0.010997900
postgres,1,insert_emb,-,1786,0,0.005222500
postgres,1,generar_emb,-,1787,0,0.011602500
postgres,1,insert_emb,-,1787,0,0.005469700
postgres,1,generar_emb,-,1788,0,0.014008200
postgres,1,insert_emb,-,1788,0,0.005489700
postgres,1,generar_emb,-,1789,0,0.011451200
postgres,1,insert_emb,-,1789,0,0.005232500
postgres,1,generar_emb,-,1790,0,0.011171500
postgres,1,insert_emb,-,1790,0,0.005438800
postgres,1,generar_emb,-,1791,0,0.011051800
postgres,1,insert_emb,-,1791,0,0.005296300
postgres,1,generar_emb,-,1792,0,0.012171700
postgres,1,insert_emb,-,1792,0,0.005300000
postgres,1,generar_emb,-,1793,0,0.010805400
postgres,1,insert_emb,-,1793,0,0.005348800
postgres,1,generar_emb,-,1794,0,0.012395600
postgres,1,insert_emb,-,1794,0,0.005281000
postgres,1,generar_emb,-,1795,0,0.011350500
postgres,1,insert_emb,-,1795,0,0.005407700
postgres,1,generar_emb,-,1796,0,0.012362500
postgres,1,insert_emb,-,1796,0,0.005996700
postgres,1,generar_emb,-,1797,0,0.011854600
postgres,1,insert_emb,-,1797,0,0.005570500
postgres,1,generar_emb,-,1798,0,0.013434400
postgres,1,insert_emb,-,1798,0,0.005785700
postgres,1,generar_emb,-,1799,0,0.012657700
postgres,1,insert_emb,-,1799,0,0.005785100
postgres,1,generar_emb,-,1800,0,0.013181900
postgres,1,insert_emb,-,1800,0,0.005991900
postgres,1,generar_emb,-,1801,0,0.015793600
postgres,1,insert_emb,-,1801,0,0.006266600
postgres,1,generar_emb,-,1802,0,0.016622100
postgres,1,insert_emb,-,1802,0,0.005630600
postgres,1,generar_emb,-,1803,0,0.013682700
postgres,1,insert_emb,-,1803,0,0.005630100
postgres,1,generar_emb,-,1804,0,0.012680800
postgres,1,insert_emb,-,1804,0,0.005370800
postgres,1,generar_emb,-,1805,0,0.015691200
postgres,1,insert_emb,-,1805,0,0.005595000
postgres,1,generar_emb,-,1806,0,0.013858000
postgres,1,insert_emb,-,1806,0,0.005451700
postgres,1,generar_emb,-,1807,0,0.012947000
postgres,1,insert_emb,-,1807,0,0.005326200
postgres,1,generar_emb,-,1808,0,0.013877400
postgres,1,insert_emb,-,1808,0,0.005272900
postgres,1,generar_emb,-,1809,0,0.015948200
postgres,1,insert_emb,-,1809,0,0.005430100
postgres,1,generar_emb,-,1810,0,0.013471600
postgres,1,insert_emb,-,1810,0,0.005857600
postgres,1,generar_emb,-,1811,0,0.014335900
postgres,1,insert_emb,-,1811,0,0.005155500
postgres,1,generar_emb,-,1812,0,0.013341500
postgres,1,insert_emb,-,1812,0,0.005141600
postgres,1,generar_emb,-,1813,0,0.011885400
postgres,1,insert_emb,-,1813,0,0.005295400
postgres,1,generar_emb,-,1814,0,0.015167000
postgres,1,insert_emb,-,1814,0,0.005110500
postgres,1,generar_emb,-,1815,0,0.011215700
postgres,1,insert_emb,-,1815,0,0.005531800
postgres,1,generar_emb,-,1816,0,0.011336000
postgres,1,insert_emb,-,1816,0,0.005278500
postgres,1,generar_emb,-,1817,0,0.014357900
postgres,1,insert_emb,-,1817,0,0.005895200
postgres,1,generar_emb,-,1818,0,0.011687800
postgres,1,insert_emb,-,1818,0,0.005473100
postgres,1,generar_emb,-,1819,0,0.012255500
postgres,1,insert_emb,-,1819,0,0.005379200
postgres,1,generar_emb,-,1820,0,0.013384900
postgres,1,insert_emb,-,1820,0,0.005565400
postgres,1,generar_emb,-,1821,0,0.012622300
postgres,1,insert_emb,-,1821,0,0.005374100
postgres,1,generar_emb,-,1822,0,0.013455400
postgres,1,insert_emb,-,1822,0,0.005298900
postgres,1,generar_emb,-,1823,0,0.011779000
postgres,1,insert_emb,-,1823,0,0.005494100
postgres,1,generar_emb,-,1824,0,0.011014800
postgres,1,insert_emb,-,1824,0,0.005468000
postgres,1,generar_emb,-,1825,0,0.012326900
postgres,1,insert_emb,-,1825,0,0.005817600
postgres,1,generar_emb,-,1826,0,0.013490800
postgres,1,insert_emb,-,1826,0,0.005487600
postgres,1,generar_emb,-,1827,0,0.014309000
postgres,1,insert_emb,-,1827,0,0.005297600
postgres,1,generar_emb,-,1828,0,0.011919200
postgres,1,insert_emb,-,1828,0,0.005092700
postgres,1,generar_emb,-,1829,0,0.012766900
postgres,1,insert_emb,-,1829,0,0.005162200
postgres,1,generar_emb,-,1830,0,0.013224800
postgres,1,insert_emb,-,1830,0,0.005499300
postgres,1,generar_emb,-,1831,0,0.014277500
postgres,1,insert_emb,-,1831,0,0.005513700
postgres,1,generar_emb,-,1832,0,0.010678600
postgres,1,insert_emb,-,1832,0,0.005293500
postgres,1,generar_emb,-,1833,0,0.011710000
postgres,1,insert_emb,-,1833,0,0.006192700
postgres,1,generar_emb,-,1834,0,0.013572700
postgres,1,insert_emb,-,1834,0,0.005602100
postgres,1,generar_emb,-,1835,0,0.017769800
postgres,1,insert_emb,-,1835,0,0.006047600
postgres,1,generar_emb,-,1836,0,0.015219300
postgres,1,insert_emb,-,1836,0,0.006967000
postgres,1,generar_emb,-,1837,0,0.018324000
postgres,1,insert_emb,-,1837,0,0.007396900
postgres,1,generar_emb,-,1838,0,0.024336700
postgres,1,insert_emb,-,1838,0,0.007228300
postgres,1,generar_emb,-,1839,0,0.017797600
postgres,1,insert_emb,-,1839,0,0.006741300
postgres,1,generar_emb,-,1840,0,0.014580300
postgres,1,insert_emb,-,1840,0,0.005506200
postgres,1,generar_emb,-,1841,0,0.015905800
postgres,1,insert_emb,-,1841,0,0.005115200
postgres,1,generar_emb,-,1842,0,0.015047300
postgres,1,insert_emb,-,1842,0,0.005444800
postgres,1,generar_emb,-,1843,0,0.014529800
postgres,1,insert_emb,-,1843,0,0.006023000
postgres,1,generar_emb,-,1844,0,0.013501200
postgres,1,insert_emb,-,1844,0,0.005993000
postgres,1,generar_emb,-,1845,0,0.013618300
postgres,1,insert_emb,-,1845,0,0.005443600
postgres,1,generar_emb,-,1846,0,0.012777600
postgres,1,insert_emb,-,1846,0,0.005611200
postgres,1,generar_emb,-,1847,0,0.012439800
postgres,1,insert_emb,-,1847,0,0.006404100
postgres,1,generar_emb,-,1848,0,0.016550600
postgres,1,insert_emb,-,1848,0,0.005609300
postgres,1,generar_emb,-,1849,0,0.016481800
postgres,1,insert_emb,-,1849,0,0.006075200
postgres,1,generar_emb,-,1850,0,0.017153100
postgres,1,insert_emb,-,1850,0,0.007150900
postgres,1,generar_emb,-,1851,0,0.019136800
postgres,1,insert_emb,-,1851,0,0.007247100
postgres,1,generar_emb,-,1852,0,0.019678900
postgres,1,insert_emb,-,1852,0,0.007059700
postgres,1,generar_emb,-,1853,0,0.019696100
postgres,1,insert_emb,-,1853,0,0.005961000
postgres,1,generar_emb,-,1854,0,0.013775300
postgres,1,insert_emb,-,1854,0,0.005459700
postgres,1,generar_emb,-,1855,0,0.013259300
postgres,1,insert_emb,-,1855,0,0.005384100
postgres,1,generar_emb,-,1856,0,0.012543100
postgres,1,insert_emb,-,1856,0,0.005314200
postgres,1,generar_emb,-,1857,0,0.013421500
postgres,1,insert_emb,-,1857,0,0.005393400
postgres,1,generar_emb,-,1858,0,0.012773500
postgres,1,insert_emb,-,1858,0,0.005499800
postgres,1,generar_emb,-,1859,0,0.011498200
postgres,1,insert_emb,-,1859,0,0.005742100
postgres,1,generar_emb,-,1860,0,0.012337500
postgres,1,insert_emb,-,1860,0,0.005372900
postgres,1,generar_emb,-,1861,0,0.014195000
postgres,1,insert_emb,-,1861,0,0.005379100
postgres,1,generar_emb,-,1862,0,0.013663400
postgres,1,insert_emb,-,1862,0,0.005627300
postgres,1,generar_emb,-,1863,0,0.012372300
postgres,1,insert_emb,-,1863,0,0.005567300
postgres,1,generar_emb,-,1864,0,0.013500300
postgres,1,insert_emb,-,1864,0,0.005472600
postgres,1,generar_emb,-,1865,0,0.016865900
postgres,1,insert_emb,-,1865,0,0.005607200
postgres,1,generar_emb,-,1866,0,0.013396200
postgres,1,insert_emb,-,1866,0,0.005344700
postgres,1,generar_emb,-,1867,0,0.012595300
postgres,1,insert_emb,-,1867,0,0.005188800
postgres,1,generar_emb,-,1868,0,0.012971800
postgres,1,insert_emb,-,1868,0,0.005901600
postgres,1,generar_emb,-,1869,0,0.013739500
postgres,1,insert_emb,-,1869,0,0.005281300
postgres,1,generar_emb,-,1870,0,0.012325300
postgres,1,insert_emb,-,1870,0,0.005869500
postgres,1,generar_emb,-,1871,0,0.011619700
postgres,1,insert_emb,-,1871,0,0.006405000
postgres,1,generar_emb,-,1872,0,0.014487400
postgres,1,insert_emb,-,1872,0,0.005109300
postgres,1,generar_emb,-,1873,0,0.013179400
postgres,1,insert_emb,-,1873,0,0.005348000
postgres,1,generar_emb,-,1874,0,0.013385500
postgres,1,insert_emb,-,1874,0,0.005568000
postgres,1,generar_emb,-,1875,0,0.012159800
postgres,1,insert_emb,-,1875,0,0.005261800
postgres,1,generar_emb,-,1876,0,0.013018400
postgres,1,insert_emb,-,1876,0,0.005493700
postgres,1,generar_emb,-,1877,0,0.012617900
postgres,1,insert_emb,-,1877,0,0.006105200
postgres,1,generar_emb,-,1878,0,0.012002200
postgres,1,insert_emb,-,1878,0,0.005333400
postgres,1,generar_emb,-,1879,0,0.011914600
postgres,1,insert_emb,-,1879,0,0.005560100
postgres,1,generar_emb,-,1880,0,0.011473600
postgres,1,insert_emb,-,1880,0,0.005546400
postgres,1,generar_emb,-,1881,0,0.013226500
postgres,1,insert_emb,-,1881,0,0.005851900
postgres,1,generar_emb,-,1882,0,0.012556600
postgres,1,insert_emb,-,1882,0,0.005548700
postgres,1,generar_emb,-,1883,0,0.013707500
postgres,1,insert_emb,-,1883,0,0.005355400
postgres,1,generar_emb,-,1884,0,0.012102200
postgres,1,insert_emb,-,1884,0,0.005271500
postgres,1,generar_emb,-,1885,0,0.014385400
postgres,1,insert_emb,-,1885,0,0.005756800
postgres,1,generar_emb,-,1886,0,0.012249200
postgres,1,insert_emb,-,1886,0,0.005032800
postgres,1,generar_emb,-,1887,0,0.013212000
postgres,1,insert_emb,-,1887,0,0.006085800
postgres,1,generar_emb,-,1888,0,0.012008000
postgres,1,insert_emb,-,1888,0,0.006331300
postgres,1,generar_emb,-,1889,0,0.018738600
postgres,1,insert_emb,-,1889,0,0.006158900
postgres,1,generar_emb,-,1890,0,0.014173400
postgres,1,insert_emb,-,1890,0,0.006120100
postgres,1,generar_emb,-,1891,0,0.017959600
postgres,1,insert_emb,-,1891,0,0.006815500
postgres,1,generar_emb,-,1892,0,0.014602500
postgres,1,insert_emb,-,1892,0,0.005618500
postgres,1,generar_emb,-,1893,0,0.017415400
postgres,1,insert_emb,-,1893,0,0.005634300
postgres,1,generar_emb,-,1894,0,0.012334400
postgres,1,insert_emb,-,1894,0,0.005278200
postgres,1,generar_emb,-,1895,0,0.015394700
postgres,1,insert_emb,-,1895,0,0.006628100
postgres,1,generar_emb,-,1896,0,0.011822400
postgres,1,insert_emb,-,1896,0,0.006128500
postgres,1,generar_emb,-,1897,0,0.012762600
postgres,1,insert_emb,-,1897,0,0.005929500
postgres,1,generar_emb,-,1898,0,0.014522100
postgres,1,insert_emb,-,1898,0,0.005535700
postgres,1,generar_emb,-,1899,0,0.012916800
postgres,1,insert_emb,-,1899,0,0.005714200
postgres,1,generar_emb,-,1900,0,0.017815400
postgres,1,insert_emb,-,1900,0,0.006649300
postgres,1,generar_emb,-,1901,0,0.014661000
postgres,1,insert_emb,-,1901,0,0.006151100
postgres,1,generar_emb,-,1902,0,0.012702300
postgres,1,insert_emb,-,1902,0,0.005180300
postgres,1,generar_emb,-,1903,0,0.015247600
postgres,1,insert_emb,-,1903,0,0.005702100
postgres,1,generar_emb,-,1904,0,0.015671200
postgres,1,insert_emb,-,1904,0,0.006502200
postgres,1,generar_emb,-,1905,0,0.012392800
postgres,1,insert_emb,-,1905,0,0.006476700
postgres,1,generar_emb,-,1906,0,0.011103700
postgres,1,insert_emb,-,1906,0,0.005743600
postgres,1,generar_emb,-,1907,0,0.015752900
postgres,1,insert_emb,-,1907,0,0.005504400
postgres,1,generar_emb,-,1908,0,0.014844500
postgres,1,insert_emb,-,1908,0,0.005993700
postgres,1,generar_emb,-,1909,0,0.013070800
postgres,1,insert_emb,-,1909,0,0.005609100
postgres,1,generar_emb,-,1910,0,0.015059400
postgres,1,insert_emb,-,1910,0,0.007525200
postgres,1,generar_emb,-,1911,0,0.012637900
postgres,1,insert_emb,-,1911,0,0.005511500
postgres,1,generar_emb,-,1912,0,0.013333000
postgres,1,insert_emb,-,1912,0,0.006259300
postgres,1,generar_emb,-,1913,0,0.013194000
postgres,1,insert_emb,-,1913,0,0.005882900
postgres,1,generar_emb,-,1914,0,0.014676000
postgres,1,insert_emb,-,1914,0,0.005534100
postgres,1,generar_emb,-,1915,0,0.014758800
postgres,1,insert_emb,-,1915,0,0.006572500
postgres,1,generar_emb,-,1916,0,0.013129300
postgres,1,insert_emb,-,1916,0,0.006322100
postgres,1,generar_emb,-,1917,0,0.011924700
postgres,1,insert_emb,-,1917,0,0.005459400
postgres,1,generar_emb,-,1918,0,0.011719600
postgres,1,insert_emb,-,1918,0,0.005446200
postgres,1,generar_emb,-,1919,0,0.013644600
postgres,1,insert_emb,-,1919,0,0.005091300
postgres,1,generar_emb,-,1920,0,0.011831300
postgres,1,insert_emb,-,1920,0,0.005368200
postgres,1,generar_emb,-,1921,0,0.011439500
postgres,1,insert_emb,-,1921,0,0.005378800
postgres,1,generar_emb,-,1922,0,0.013107700
postgres,1,insert_emb,-,1922,0,0.005853400
postgres,1,generar_emb,-,1923,0,0.018270300
postgres,1,insert_emb,-,1923,0,0.005961500
postgres,1,generar_emb,-,1924,0,0.015354000
postgres,1,insert_emb,-,1924,0,0.005245900
postgres,1,generar_emb,-,1925,0,0.014109300
postgres,1,insert_emb,-,1925,0,0.005510900
postgres,1,generar_emb,-,1926,0,0.015142300
postgres,1,insert_emb,-,1926,0,0.005780300
postgres,1,generar_emb,-,1927,0,0.018019200
postgres,1,insert_emb,-,1927,0,0.006131000
postgres,1,generar_emb,-,1928,0,0.016840200
postgres,1,insert_emb,-,1928,0,0.005607600
postgres,1,generar_emb,-,1929,0,0.016178300
postgres,1,insert_emb,-,1929,0,0.005832000
postgres,1,generar_emb,-,1930,0,0.015922300
postgres,1,insert_emb,-,1930,0,0.006023400
postgres,1,generar_emb,-,1931,0,0.014919100
postgres,1,insert_emb,-,1931,0,0.005943800
postgres,1,generar_emb,-,1932,0,0.013020900
postgres,1,insert_emb,-,1932,0,0.005436300
postgres,1,generar_emb,-,1933,0,0.011833700
postgres,1,insert_emb,-,1933,0,0.005596500
postgres,1,generar_emb,-,1934,0,0.012127400
postgres,1,insert_emb,-,1934,0,0.005433500
postgres,1,generar_emb,-,1935,0,0.013438600
postgres,1,insert_emb,-,1935,0,0.005949200
postgres,1,generar_emb,-,1936,0,0.015192500
postgres,1,insert_emb,-,1936,0,0.006980500
postgres,1,generar_emb,-,1937,0,0.018234900
postgres,1,insert_emb,-,1937,0,0.006284300
postgres,1,generar_emb,-,1938,0,0.013689600
postgres,1,insert_emb,-,1938,0,0.006475500
postgres,1,generar_emb,-,1939,0,0.018004100
postgres,1,insert_emb,-,1939,0,0.005886600
postgres,1,generar_emb,-,1940,0,0.018030000
postgres,1,insert_emb,-,1940,0,0.006772500
postgres,1,generar_emb,-,1941,0,0.013080100
postgres,1,insert_emb,-,1941,0,0.005943300
postgres,1,generar_emb,-,1942,0,0.015640700
postgres,1,insert_emb,-,1942,0,0.006141900
postgres,1,generar_emb,-,1943,0,0.015087800
postgres,1,insert_emb,-,1943,0,0.005957000
postgres,1,generar_emb,-,1944,0,0.012065700
postgres,1,insert_emb,-,1944,0,0.006036800
postgres,1,generar_emb,-,1945,0,0.011942700
postgres,1,insert_emb,-,1945,0,0.010827800
postgres,1,generar_emb,-,1946,0,0.012434300
postgres,1,insert_emb,-,1946,0,0.005895700
postgres,1,generar_emb,-,1947,0,0.018583000
postgres,1,insert_emb,-,1947,0,0.005487100
postgres,1,generar_emb,-,1948,0,0.014693700
postgres,1,insert_emb,-,1948,0,0.006036400
postgres,1,generar_emb,-,1949,0,0.045955700
postgres,1,insert_emb,-,1949,0,0.008213400
postgres,1,generar_emb,-,1950,0,0.022240600
postgres,1,insert_emb,-,1950,0,0.007011600
postgres,1,generar_emb,-,1951,0,0.022685000
postgres,1,insert_emb,-,1951,0,0.005820200
postgres,1,generar_emb,-,1952,0,0.015295100
postgres,1,insert_emb,-,1952,0,0.005283200
postgres,1,generar_emb,-,1953,0,0.015876000
postgres,1,insert_emb,-,1953,0,0.006404600
postgres,1,generar_emb,-,1954,0,0.013254000
postgres,1,insert_emb,-,1954,0,0.006134500
postgres,1,generar_emb,-,1955,0,0.012617900
postgres,1,insert_emb,-,1955,0,0.006145100
postgres,1,generar_emb,-,1956,0,0.012110800
postgres,1,insert_emb,-,1956,0,0.005611900
postgres,1,generar_emb,-,1957,0,0.017036900
postgres,1,insert_emb,-,1957,0,0.006354500
postgres,1,generar_emb,-,1958,0,0.011848900
postgres,1,insert_emb,-,1958,0,0.005327400
postgres,1,generar_emb,-,1959,0,0.013620700
postgres,1,insert_emb,-,1959,0,0.005881000
postgres,1,generar_emb,-,1960,0,0.013106500
postgres,1,insert_emb,-,1960,0,0.005951300
postgres,1,generar_emb,-,1961,0,0.013357500
postgres,1,insert_emb,-,1961,0,0.005199200
postgres,1,generar_emb,-,1962,0,0.014261100
postgres,1,insert_emb,-,1962,0,0.005916600
postgres,1,generar_emb,-,1963,0,0.013518900
postgres,1,insert_emb,-,1963,0,0.005336600
postgres,1,generar_emb,-,1964,0,0.011466600
postgres,1,insert_emb,-,1964,0,0.005649900
postgres,1,generar_emb,-,1965,0,0.016752200
postgres,1,insert_emb,-,1965,0,0.005571700
postgres,1,generar_emb,-,1966,0,0.012859800
postgres,1,insert_emb,-,1966,0,0.005174900
postgres,1,generar_emb,-,1967,0,0.014629100
postgres,1,insert_emb,-,1967,0,0.006116600
postgres,1,generar_emb,-,1968,0,0.012609300
postgres,1,insert_emb,-,1968,0,0.004943400
postgres,1,generar_emb,-,1969,0,0.012995000
postgres,1,insert_emb,-,1969,0,0.005068100
postgres,1,generar_emb,-,1970,0,0.011979000
postgres,1,insert_emb,-,1970,0,0.005105900
postgres,1,generar_emb,-,1971,0,0.013004100
postgres,1,insert_emb,-,1971,0,0.005380900
postgres,1,generar_emb,-,1972,0,0.013952500
postgres,1,insert_emb,-,1972,0,0.005217200
postgres,1,generar_emb,-,1973,0,0.013059400
postgres,1,insert_emb,-,1973,0,0.005477600
postgres,1,generar_emb,-,1974,0,0.014260800
postgres,1,insert_emb,-,1974,0,0.006309200
postgres,1,generar_emb,-,1975,0,0.015172900
postgres,1,insert_emb,-,1975,0,0.006160500
postgres,1,generar_emb,-,1976,0,0.016082500
postgres,1,insert_emb,-,1976,0,0.005712900
postgres,1,generar_emb,-,1977,0,0.016704300
postgres,1,insert_emb,-,1977,0,0.006254600
postgres,1,generar_emb,-,1978,0,0.011399400
postgres,1,insert_emb,-,1978,0,0.005717200
postgres,1,generar_emb,-,1979,0,0.012880200
postgres,1,insert_emb,-,1979,0,0.005384400
postgres,1,generar_emb,-,1980,0,0.013777500
postgres,1,insert_emb,-,1980,0,0.006005600
postgres,1,generar_emb,-,1981,0,0.010547200
postgres,1,insert_emb,-,1981,0,0.005911500
postgres,1,generar_emb,-,1982,0,0.012495800
postgres,1,insert_emb,-,1982,0,0.005386700
postgres,1,generar_emb,-,1983,0,0.011060100
postgres,1,insert_emb,-,1983,0,0.005702700
postgres,1,generar_emb,-,1984,0,0.014689200
postgres,1,insert_emb,-,1984,0,0.006211200
postgres,1,generar_emb,-,1985,0,0.012395100
postgres,1,insert_emb,-,1985,0,0.005600200
postgres,1,generar_emb,-,1986,0,0.011456700
postgres,1,insert_emb,-,1986,0,0.005649000
postgres,1,generar_emb,-,1987,0,0.015639900
postgres,1,insert_emb,-,1987,0,0.006340300
postgres,1,generar_emb,-,1988,0,0.017865500
postgres,1,insert_emb,-,1988,0,0.005672200
postgres,1,generar_emb,-,1989,0,0.013387000
postgres,1,insert_emb,-,1989,0,0.005351400
postgres,1,generar_emb,-,1990,0,0.011009100
postgres,1,insert_emb,-,1990,0,0.005580500
postgres,1,generar_emb,-,1991,0,0.013029000
postgres,1,insert_emb,-,1991,0,0.005516900
postgres,1,generar_emb,-,1992,0,0.013100600
postgres,1,insert_emb,-,1992,0,0.005395800
postgres,1,generar_emb,-,1993,0,0.013958200
postgres,1,insert_emb,-,1993,0,0.006046600
postgres,1,generar_emb,-,1994,0,0.013082700
postgres,1,insert_emb,-,1994,0,0.005568600
postgres,1,generar_emb,-,1995,0,0.015302200
postgres,1,insert_emb,-,1995,0,0.006319800
postgres,1,generar_emb,-,1996,0,0.020780100
postgres,1,insert_emb,-,1996,0,0.007227900
postgres,1,generar_emb,-,1997,0,0.017592000
postgres,1,insert_emb,-,1997,0,0.006237200
postgres,1,generar_emb,-,1998,0,0.017089000
postgres,1,insert_emb,-,1998,0,0.006072300
postgres,1,generar_emb,-,1999,0,0.014705400
postgres,1,insert_emb,-,1999,0,0.005552000
postgres,1,generar_emb,-,2000,0,0.019279600
postgres,1,insert_emb,-,2000,0,0.007340700
postgres,1,generar_emb,-,2001,0,0.011870800
postgres,1,insert_emb,-,2001,0,0.005919500
postgres,1,generar_emb,-,2002,0,0.014863600
postgres,1,insert_emb,-,2002,0,0.006252000
postgres,1,generar_emb,-,2003,0,0.011907900
postgres,1,insert_emb,-,2003,0,0.005624800
postgres,1,generar_emb,-,2004,0,0.014050700
postgres,1,insert_emb,-,2004,0,0.005763600
postgres,1,generar_emb,-,2005,0,0.013738800
postgres,1,insert_emb,-,2005,0,0.005553200
postgres,1,generar_emb,-,2006,0,0.012688500
postgres,1,insert_emb,-,2006,0,0.005545100
postgres,1,generar_emb,-,2007,0,0.011725500
postgres,1,insert_emb,-,2007,0,0.005045900
postgres,1,generar_emb,-,2008,0,0.014205700
postgres,1,insert_emb,-,2008,0,0.005264600
postgres,1,generar_emb,-,2009,0,0.014767700
postgres,1,insert_emb,-,2009,0,0.005749100
postgres,1,generar_emb,-,2010,0,0.014484300
postgres,1,insert_emb,-,2010,0,0.005717000
postgres,1,generar_emb,-,2011,0,0.013098500
postgres,1,insert_emb,-,2011,0,0.005852600
postgres,1,generar_emb,-,2012,0,0.015161400
postgres,1,insert_emb,-,2012,0,0.006057200
postgres,1,generar_emb,-,2013,0,0.012745200
postgres,1,insert_emb,-,2013,0,0.005541800
postgres,1,generar_emb,-,2014,0,0.014595000
postgres,1,insert_emb,-,2014,0,0.005741500
postgres,1,generar_emb,-,2015,0,0.013586800
postgres,1,insert_emb,-,2015,0,0.005535200
postgres,1,generar_emb,-,2016,0,0.013367200
postgres,1,insert_emb,-,2016,0,0.005054900
postgres,1,generar_emb,-,2017,0,0.012454200
postgres,1,insert_emb,-,2017,0,0.005628800
postgres,1,generar_emb,-,2018,0,0.013972800
postgres,1,insert_emb,-,2018,0,0.006089700
postgres,1,generar_emb,-,2019,0,0.012891900
postgres,1,insert_emb,-,2019,0,0.005724000
postgres,1,generar_emb,-,2020,0,0.011809700
postgres,1,insert_emb,-,2020,0,0.005517400
postgres,1,generar_emb,-,2021,0,0.012182300
postgres,1,insert_emb,-,2021,0,0.004811500
postgres,1,generar_emb,-,2022,0,0.011552300
postgres,1,insert_emb,-,2022,0,0.004952000
postgres,1,generar_emb,-,2023,0,0.012149600
postgres,1,insert_emb,-,2023,0,0.005323000
postgres,1,generar_emb,-,2024,0,0.014467900
postgres,1,insert_emb,-,2024,0,0.005674900
postgres,1,generar_emb,-,2025,0,0.011346100
postgres,1,insert_emb,-,2025,0,0.005838600
postgres,1,generar_emb,-,2026,0,0.010853400
postgres,1,insert_emb,-,2026,0,0.005798000
postgres,1,generar_emb,-,2027,0,0.011977600
postgres,1,insert_emb,-,2027,0,0.006386400
postgres,1,generar_emb,-,2028,0,0.012240600
postgres,1,insert_emb,-,2028,0,0.005815400
postgres,1,generar_emb,-,2029,0,0.011737000
postgres,1,insert_emb,-,2029,0,0.005869100
postgres,1,generar_emb,-,2030,0,0.012874700
postgres,1,insert_emb,-,2030,0,0.005380300
postgres,1,generar_emb,-,2031,0,0.019270700
postgres,1,insert_emb,-,2031,0,0.007190100
postgres,1,generar_emb,-,2032,0,0.025625000
postgres,1,insert_emb,-,2032,0,0.007804700
postgres,1,generar_emb,-,2033,0,0.016656700
postgres,1,insert_emb,-,2033,0,0.007023600
postgres,1,generar_emb,-,2034,0,0.014135900
postgres,1,insert_emb,-,2034,0,0.006344400
postgres,1,generar_emb,-,2035,0,0.022250400
postgres,1,insert_emb,-,2035,0,0.007256700
postgres,1,generar_emb,-,2036,0,0.018529500
postgres,1,insert_emb,-,2036,0,0.007467900
postgres,1,generar_emb,-,2037,0,0.016569600
postgres,1,insert_emb,-,2037,0,0.006710300
postgres,1,generar_emb,-,2038,0,0.015476500
postgres,1,insert_emb,-,2038,0,0.006093700
postgres,1,generar_emb,-,2039,0,0.014325400
postgres,1,insert_emb,-,2039,0,0.006666200
postgres,1,generar_emb,-,2040,0,0.016014700
postgres,1,insert_emb,-,2040,0,0.007038200
postgres,1,generar_emb,-,2041,0,0.017595300
postgres,1,insert_emb,-,2041,0,0.007229200
postgres,1,generar_emb,-,2042,0,0.016068200
postgres,1,insert_emb,-,2042,0,0.006751200
postgres,1,generar_emb,-,2043,0,0.017334700
postgres,1,insert_emb,-,2043,0,0.005977600
postgres,1,generar_emb,-,2044,0,0.014739000
postgres,1,insert_emb,-,2044,0,0.006193200
postgres,1,generar_emb,-,2045,0,0.015399600
postgres,1,insert_emb,-,2045,0,0.007730400
postgres,1,generar_emb,-,2046,0,0.017499100
postgres,1,insert_emb,-,2046,0,0.007571600
postgres,1,generar_emb,-,2047,0,0.016047700
postgres,1,insert_emb,-,2047,0,0.008679200
postgres,1,generar_emb,-,2048,0,0.019136300
postgres,1,insert_emb,-,2048,0,0.008931400
postgres,1,generar_emb,-,2049,0,0.015307400
postgres,1,insert_emb,-,2049,0,0.006063100
postgres,1,generar_emb,-,2050,0,0.014137900
postgres,1,insert_emb,-,2050,0,0.005858100
postgres,1,generar_emb,-,2051,0,0.012118400
postgres,1,insert_emb,-,2051,0,0.005539100
postgres,1,generar_emb,-,2052,0,0.012424100
postgres,1,insert_emb,-,2052,0,0.005425800
postgres,1,generar_emb,-,2053,0,0.014394200
postgres,1,insert_emb,-,2053,0,0.005444500
postgres,1,generar_emb,-,2054,0,0.013181000
postgres,1,insert_emb,-,2054,0,0.005773800
postgres,1,generar_emb,-,2055,0,0.014154000
postgres,1,insert_emb,-,2055,0,0.005430000
postgres,1,generar_emb,-,2056,0,0.011495600
postgres,1,insert_emb,-,2056,0,0.005350600
postgres,1,generar_emb,-,2057,0,0.013322400
postgres,1,insert_emb,-,2057,0,0.005581100
postgres,1,generar_emb,-,2058,0,0.011860300
postgres,1,insert_emb,-,2058,0,0.005636000
postgres,1,generar_emb,-,2059,0,0.011262900
postgres,1,insert_emb,-,2059,0,0.005495700
postgres,1,generar_emb,-,2060,0,0.011750100
postgres,1,insert_emb,-,2060,0,0.006099400
postgres,1,generar_emb,-,2061,0,0.013267300
postgres,1,insert_emb,-,2061,0,0.005310100
postgres,1,generar_emb,-,2062,0,0.012900300
postgres,1,insert_emb,-,2062,0,0.006162400
postgres,1,generar_emb,-,2063,0,0.011707800
postgres,1,insert_emb,-,2063,0,0.005550900
postgres,1,generar_emb,-,2064,0,0.012220000
postgres,1,insert_emb,-,2064,0,0.005839600
postgres,1,generar_emb,-,2065,0,0.011464300
postgres,1,insert_emb,-,2065,0,0.005784600
postgres,1,generar_emb,-,2066,0,0.014739000
postgres,1,insert_emb,-,2066,0,0.007040200
postgres,1,generar_emb,-,2067,0,0.012818700
postgres,1,insert_emb,-,2067,0,0.005856700
postgres,1,generar_emb,-,2068,0,0.013253800
postgres,1,insert_emb,-,2068,0,0.005636200
postgres,1,generar_emb,-,2069,0,0.013002900
postgres,1,insert_emb,-,2069,0,0.006443500
postgres,1,generar_emb,-,2070,0,0.013155500
postgres,1,insert_emb,-,2070,0,0.006122500
postgres,1,generar_emb,-,2071,0,0.013583600
postgres,1,insert_emb,-,2071,0,0.005610600
postgres,1,generar_emb,-,2072,0,0.013901300
postgres,1,insert_emb,-,2072,0,0.005109700
postgres,1,generar_emb,-,2073,0,0.013037300
postgres,1,insert_emb,-,2073,0,0.006223400
postgres,1,generar_emb,-,2074,0,0.013170500
postgres,1,insert_emb,-,2074,0,0.005242700
postgres,1,generar_emb,-,2075,0,0.012350700
postgres,1,insert_emb,-,2075,0,0.005538400
postgres,1,generar_emb,-,2076,0,0.012732000
postgres,1,insert_emb,-,2076,0,0.005177800
postgres,1,generar_emb,-,2077,0,0.012964300
postgres,1,insert_emb,-,2077,0,0.005173800
postgres,1,generar_emb,-,2078,0,0.013044300
postgres,1,insert_emb,-,2078,0,0.005802700
postgres,1,generar_emb,-,2079,0,0.011027900
postgres,1,insert_emb,-,2079,0,0.005216800
postgres,1,generar_emb,-,2080,0,0.012438100
postgres,1,insert_emb,-,2080,0,0.005564200
postgres,1,generar_emb,-,2081,0,0.012886600
postgres,1,insert_emb,-,2081,0,0.005791800
postgres,1,generar_emb,-,2082,0,0.011363600
postgres,1,insert_emb,-,2082,0,0.006178200
postgres,1,generar_emb,-,2083,0,0.013504900
postgres,1,insert_emb,-,2083,0,0.006654100
postgres,1,generar_emb,-,2084,0,0.022953500
postgres,1,insert_emb,-,2084,0,0.006710100
postgres,1,generar_emb,-,2085,0,0.013825400
postgres,1,insert_emb,-,2085,0,0.006593200
postgres,1,generar_emb,-,2086,0,0.016438100
postgres,1,insert_emb,-,2086,0,0.006335800
postgres,1,generar_emb,-,2087,0,0.019455000
postgres,1,insert_emb,-,2087,0,0.007535700
postgres,1,generar_emb,-,2088,0,0.020645400
postgres,1,insert_emb,-,2088,0,0.006589000
postgres,1,generar_emb,-,2089,0,0.013610400
postgres,1,insert_emb,-,2089,0,0.005950500
postgres,1,generar_emb,-,2090,0,0.015926400
postgres,1,insert_emb,-,2090,0,0.006508500
postgres,1,generar_emb,-,2091,0,0.019452300
postgres,1,insert_emb,-,2091,0,0.006846400
postgres,1,generar_emb,-,2092,0,0.015089600
postgres,1,insert_emb,-,2092,0,0.006886800
postgres,1,generar_emb,-,2093,0,0.017203200
postgres,1,insert_emb,-,2093,0,0.006980400
postgres,1,generar_emb,-,2094,0,0.016980800
postgres,1,insert_emb,-,2094,0,0.006424400
postgres,1,generar_emb,-,2095,0,0.015774000
postgres,1,insert_emb,-,2095,0,0.006350500
postgres,1,generar_emb,-,2096,0,0.015053800
postgres,1,insert_emb,-,2096,0,0.006679800
postgres,1,generar_emb,-,2097,0,0.016996500
postgres,1,insert_emb,-,2097,0,0.006395000
postgres,1,generar_emb,-,2098,0,0.016874700
postgres,1,insert_emb,-,2098,0,0.006915700
postgres,1,generar_emb,-,2099,0,0.020419000
postgres,1,insert_emb,-,2099,0,0.006570900
postgres,1,generar_emb,-,2100,0,0.013475300
postgres,1,insert_emb,-,2100,0,0.006017300
postgres,1,generar_emb,-,2101,0,0.012843700
postgres,1,insert_emb,-,2101,0,0.005240500
postgres,1,generar_emb,-,2102,0,0.012980300
postgres,1,insert_emb,-,2102,0,0.006007800
postgres,1,generar_emb,-,2103,0,0.012237900
postgres,1,insert_emb,-,2103,0,0.005589500
postgres,1,generar_emb,-,2104,0,0.014551500
postgres,1,insert_emb,-,2104,0,0.005292100
postgres,1,generar_emb,-,2105,0,0.013987800
postgres,1,insert_emb,-,2105,0,0.005838900
postgres,1,generar_emb,-,2106,0,0.012180700
postgres,1,insert_emb,-,2106,0,0.005838400
postgres,1,generar_emb,-,2107,0,0.011843300
postgres,1,insert_emb,-,2107,0,0.005858500
postgres,1,generar_emb,-,2108,0,0.018048400
postgres,1,insert_emb,-,2108,0,0.005628400
postgres,1,generar_emb,-,2109,0,0.013665100
postgres,1,insert_emb,-,2109,0,0.005603000
postgres,1,generar_emb,-,2110,0,0.013062700
postgres,1,insert_emb,-,2110,0,0.005711400
postgres,1,generar_emb,-,2111,0,0.013818200
postgres,1,insert_emb,-,2111,0,0.005879800
postgres,1,generar_emb,-,2112,0,0.011437100
postgres,1,insert_emb,-,2112,0,0.006016400
postgres,1,generar_emb,-,2113,0,0.013788300
postgres,1,insert_emb,-,2113,0,0.005408300
postgres,1,generar_emb,-,2114,0,0.017259600
postgres,1,insert_emb,-,2114,0,0.005556000
postgres,1,generar_emb,-,2115,0,0.039766100
postgres,1,insert_emb,-,2115,0,0.008300400
postgres,1,generar_emb,-,2116,0,0.023463200
postgres,1,insert_emb,-,2116,0,0.006502600
postgres,1,generar_emb,-,2117,0,0.020198600
postgres,1,insert_emb,-,2117,0,0.006041200
postgres,1,generar_emb,-,2118,0,0.011983700
postgres,1,insert_emb,-,2118,0,0.005091100
postgres,1,generar_emb,-,2119,0,0.011484700
postgres,1,insert_emb,-,2119,0,0.005067800
postgres,1,generar_emb,-,2120,0,0.012842000
postgres,1,insert_emb,-,2120,0,0.005954400
postgres,1,generar_emb,-,2121,0,0.012217900
postgres,1,insert_emb,-,2121,0,0.005926000
postgres,1,generar_emb,-,2122,0,0.012093800
postgres,1,insert_emb,-,2122,0,0.005361000
postgres,1,generar_emb,-,2123,0,0.014032800
postgres,1,insert_emb,-,2123,0,0.005133500
postgres,1,generar_emb,-,2124,0,0.014912400
postgres,1,insert_emb,-,2124,0,0.005754200
postgres,1,generar_emb,-,2125,0,0.016935000
postgres,1,insert_emb,-,2125,0,0.006454300
postgres,1,generar_emb,-,2126,0,0.012559900
postgres,1,insert_emb,-,2126,0,0.005573000
postgres,1,generar_emb,-,2127,0,0.013105600
postgres,1,insert_emb,-,2127,0,0.005733600
postgres,1,generar_emb,-,2128,0,0.012584500
postgres,1,insert_emb,-,2128,0,0.005692200
postgres,1,generar_emb,-,2129,0,0.014050000
postgres,1,insert_emb,-,2129,0,0.006271700
postgres,1,generar_emb,-,2130,0,0.011677300
postgres,1,insert_emb,-,2130,0,0.005783600
postgres,1,generar_emb,-,2131,0,0.014468500
postgres,1,insert_emb,-,2131,0,0.005364400
postgres,1,generar_emb,-,2132,0,0.014141200
postgres,1,insert_emb,-,2132,0,0.005384000
postgres,1,generar_emb,-,2133,0,0.011345800
postgres,1,insert_emb,-,2133,0,0.005605900
postgres,1,generar_emb,-,2134,0,0.014148100
postgres,1,insert_emb,-,2134,0,0.005560000
postgres,1,generar_emb,-,2135,0,0.013903400
postgres,1,insert_emb,-,2135,0,0.005722600
postgres,1,generar_emb,-,2136,0,0.013003200
postgres,1,insert_emb,-,2136,0,0.005348800
postgres,1,generar_emb,-,2137,0,0.011099200
postgres,1,insert_emb,-,2137,0,0.005115900
postgres,1,generar_emb,-,2138,0,0.013443200
postgres,1,insert_emb,-,2138,0,0.005587300
postgres,1,generar_emb,-,2139,0,0.015481900
postgres,1,insert_emb,-,2139,0,0.005274900
postgres,1,generar_emb,-,2140,0,0.012541000
postgres,1,insert_emb,-,2140,0,0.005480800
postgres,1,generar_emb,-,2141,0,0.012634800
postgres,1,insert_emb,-,2141,0,0.005286600
postgres,1,generar_emb,-,2142,0,0.013346400
postgres,1,insert_emb,-,2142,0,0.005993200
postgres,1,generar_emb,-,2143,0,0.015385300
postgres,1,insert_emb,-,2143,0,0.005577800
postgres,1,generar_emb,-,2144,0,0.011738900
postgres,1,insert_emb,-,2144,0,0.005562400
postgres,1,generar_emb,-,2145,0,0.013851100
postgres,1,insert_emb,-,2145,0,0.005383900
postgres,1,generar_emb,-,2146,0,0.013526600
postgres,1,insert_emb,-,2146,0,0.005317400
postgres,1,generar_emb,-,2147,0,0.012263300
postgres,1,insert_emb,-,2147,0,0.005263900
postgres,1,generar_emb,-,2148,0,0.013535800
postgres,1,insert_emb,-,2148,0,0.005760600
postgres,1,generar_emb,-,2149,0,0.012845000
postgres,1,insert_emb,-,2149,0,0.005635300
postgres,1,generar_emb,-,2150,0,0.011691400
postgres,1,insert_emb,-,2150,0,0.005523100
postgres,1,generar_emb,-,2151,0,0.010622300
postgres,1,insert_emb,-,2151,0,0.005961400
postgres,1,generar_emb,-,2152,0,0.012960500
postgres,1,insert_emb,-,2152,0,0.005121500
postgres,1,generar_emb,-,2153,0,0.011989000
postgres,1,insert_emb,-,2153,0,0.005627200
postgres,1,generar_emb,-,2154,0,0.015598700
postgres,1,insert_emb,-,2154,0,0.005355700
postgres,1,generar_emb,-,2155,0,0.013397900
postgres,1,insert_emb,-,2155,0,0.005958900
postgres,1,generar_emb,-,2156,0,0.012446700
postgres,1,insert_emb,-,2156,0,0.006012300
postgres,1,generar_emb,-,2157,0,0.014407700
postgres,1,insert_emb,-,2157,0,0.006567200
postgres,1,generar_emb,-,2158,0,0.011910900
postgres,1,insert_emb,-,2158,0,0.005776200
postgres,1,generar_emb,-,2159,0,0.013151500
postgres,1,insert_emb,-,2159,0,0.006129600
postgres,1,generar_emb,-,2160,0,0.011681500
postgres,1,insert_emb,-,2160,0,0.005854800
postgres,1,generar_emb,-,2161,0,0.011503400
postgres,1,insert_emb,-,2161,0,0.005473400
postgres,1,generar_emb,-,2162,0,0.012635700
postgres,1,insert_emb,-,2162,0,0.005564100
postgres,1,generar_emb,-,2163,0,0.013411300
postgres,1,insert_emb,-,2163,0,0.005496800
postgres,1,generar_emb,-,2164,0,0.012912600
postgres,1,insert_emb,-,2164,0,0.005149500
postgres,1,generar_emb,-,2165,0,0.012133800
postgres,1,insert_emb,-,2165,0,0.005339700
postgres,1,generar_emb,-,2166,0,0.012479900
postgres,1,insert_emb,-,2166,0,0.005515300
postgres,1,generar_emb,-,2167,0,0.010957700
postgres,1,insert_emb,-,2167,0,0.005321200
postgres,1,generar_emb,-,2168,0,0.013645800
postgres,1,insert_emb,-,2168,0,0.005695100
postgres,1,generar_emb,-,2169,0,0.013991300
postgres,1,insert_emb,-,2169,0,0.005402900
postgres,1,generar_emb,-,2170,0,0.012914600
postgres,1,insert_emb,-,2170,0,0.005753300
postgres,1,generar_emb,-,2171,0,0.012190800
postgres,1,insert_emb,-,2171,0,0.005560200
postgres,1,generar_emb,-,2172,0,0.011048000
postgres,1,insert_emb,-,2172,0,0.005943500
postgres,1,generar_emb,-,2173,0,0.015484200
postgres,1,insert_emb,-,2173,0,0.006353800
postgres,1,generar_emb,-,2174,0,0.016179500
postgres,1,insert_emb,-,2174,0,0.005780200
postgres,1,generar_emb,-,2175,0,0.013848800
postgres,1,insert_emb,-,2175,0,0.006298400
postgres,1,generar_emb,-,2176,0,0.014336400
postgres,1,insert_emb,-,2176,0,0.006116200
postgres,1,generar_emb,-,2177,0,0.015596700
postgres,1,insert_emb,-,2177,0,0.005849700
postgres,1,generar_emb,-,2178,0,0.014385200
postgres,1,insert_emb,-,2178,0,0.006293500
postgres,1,generar_emb,-,2179,0,0.013197400
postgres,1,insert_emb,-,2179,0,0.006074500
postgres,1,generar_emb,-,2180,0,0.013963300
postgres,1,insert_emb,-,2180,0,0.005940400
postgres,1,generar_emb,-,2181,0,0.014381500
postgres,1,insert_emb,-,2181,0,0.005181700
postgres,1,generar_emb,-,2182,0,0.012250400
postgres,1,insert_emb,-,2182,0,0.005403800
postgres,1,generar_emb,-,2183,0,0.012328700
postgres,1,insert_emb,-,2183,0,0.005806600
postgres,1,generar_emb,-,2184,0,0.013150600
postgres,1,insert_emb,-,2184,0,0.005626500
postgres,1,generar_emb,-,2185,0,0.011451100
postgres,1,insert_emb,-,2185,0,0.005753900
postgres,1,generar_emb,-,2186,0,0.011689000
postgres,1,insert_emb,-,2186,0,0.005010300
postgres,1,generar_emb,-,2187,0,0.011621500
postgres,1,insert_emb,-,2187,0,0.004946100
postgres,1,generar_emb,-,2188,0,0.013315300
postgres,1,insert_emb,-,2188,0,0.005351500
postgres,1,generar_emb,-,2189,0,0.013936700
postgres,1,insert_emb,-,2189,0,0.006112400
postgres,1,generar_emb,-,2190,0,0.013461800
postgres,1,insert_emb,-,2190,0,0.006038000
postgres,1,generar_emb,-,2191,0,0.013902600
postgres,1,insert_emb,-,2191,0,0.005370900
postgres,1,generar_emb,-,2192,0,0.013864400
postgres,1,insert_emb,-,2192,0,0.005333700
postgres,1,generar_emb,-,2193,0,0.017416000
postgres,1,insert_emb,-,2193,0,0.005264100
postgres,1,generar_emb,-,2194,0,0.012175300
postgres,1,insert_emb,-,2194,0,0.005165100
postgres,1,generar_emb,-,2195,0,0.012959600
postgres,1,insert_emb,-,2195,0,0.006285300
postgres,1,generar_emb,-,2196,0,0.015489800
postgres,1,insert_emb,-,2196,0,0.005423400
postgres,1,generar_emb,-,2197,0,0.012754400
postgres,1,insert_emb,-,2197,0,0.005574000
postgres,1,generar_emb,-,2198,0,0.013973600
postgres,1,insert_emb,-,2198,0,0.005510800
postgres,1,generar_emb,-,2199,0,0.012127700
postgres,1,insert_emb,-,2199,0,0.004826700
postgres,1,generar_emb,-,2200,0,0.011940600
postgres,1,insert_emb,-,2200,0,0.005335400
postgres,1,generar_emb,-,2201,0,0.012389700
postgres,1,insert_emb,-,2201,0,0.005663700
postgres,1,generar_emb,-,2202,0,0.011697300
postgres,1,insert_emb,-,2202,0,0.005157800
postgres,1,generar_emb,-,2203,0,0.010840600
postgres,1,insert_emb,-,2203,0,0.005468900
postgres,1,generar_emb,-,2204,0,0.012330500
postgres,1,insert_emb,-,2204,0,0.005728600
postgres,1,generar_emb,-,2205,0,0.013097900
postgres,1,insert_emb,-,2205,0,0.005544200
postgres,1,generar_emb,-,2206,0,0.011944000
postgres,1,insert_emb,-,2206,0,0.005774900
postgres,1,generar_emb,-,2207,0,0.013621100
postgres,1,insert_emb,-,2207,0,0.005970600
postgres,1,generar_emb,-,2208,0,0.011839600
postgres,1,insert_emb,-,2208,0,0.005470700
postgres,1,generar_emb,-,2209,0,0.011061500
postgres,1,insert_emb,-,2209,0,0.005650100
postgres,1,generar_emb,-,2210,0,0.013212200
postgres,1,insert_emb,-,2210,0,0.005816900
postgres,1,generar_emb,-,2211,0,0.010587200
postgres,1,insert_emb,-,2211,0,0.005096700
postgres,1,generar_emb,-,2212,0,0.011080100
postgres,1,insert_emb,-,2212,0,0.005172400
postgres,1,generar_emb,-,2213,0,0.010751200
postgres,1,insert_emb,-,2213,0,0.005114900
postgres,1,generar_emb,-,2214,0,0.012688800
postgres,1,insert_emb,-,2214,0,0.005381500
postgres,1,generar_emb,-,2215,0,0.010630000
postgres,1,insert_emb,-,2215,0,0.005704500
postgres,1,generar_emb,-,2216,0,0.011608800
postgres,1,insert_emb,-,2216,0,0.005086700
postgres,1,generar_emb,-,2217,0,0.013371600
postgres,1,insert_emb,-,2217,0,0.005918000
postgres,1,generar_emb,-,2218,0,0.012725500
postgres,1,insert_emb,-,2218,0,0.005284600
postgres,1,generar_emb,-,2219,0,0.013501900
postgres,1,insert_emb,-,2219,0,0.005705600
postgres,1,generar_emb,-,2220,0,0.014199100
postgres,1,insert_emb,-,2220,0,0.006069600
postgres,1,generar_emb,-,2221,0,0.011003500
postgres,1,insert_emb,-,2221,0,0.005365400
postgres,1,generar_emb,-,2222,0,0.011088400
postgres,1,insert_emb,-,2222,0,0.005723800
postgres,1,generar_emb,-,2223,0,0.012004200
postgres,1,insert_emb,-,2223,0,0.005371700
postgres,1,generar_emb,-,2224,0,0.011671400
postgres,1,insert_emb,-,2224,0,0.005295800
postgres,1,generar_emb,-,2225,0,0.011617100
postgres,1,insert_emb,-,2225,0,0.005494600
postgres,1,generar_emb,-,2226,0,0.011699400
postgres,1,insert_emb,-,2226,0,0.005151100
postgres,1,generar_emb,-,2227,0,0.017066500
postgres,1,insert_emb,-,2227,0,0.005969800
postgres,1,generar_emb,-,2228,0,0.013552200
postgres,1,insert_emb,-,2228,0,0.005066600
postgres,1,generar_emb,-,2229,0,0.012238900
postgres,1,insert_emb,-,2229,0,0.005188700
postgres,1,generar_emb,-,2230,0,0.012856700
postgres,1,insert_emb,-,2230,0,0.005393900
postgres,1,generar_emb,-,2231,0,0.012830300
postgres,1,insert_emb,-,2231,0,0.005077500
postgres,1,generar_emb,-,2232,0,0.012847400
postgres,1,insert_emb,-,2232,0,0.005229800
postgres,1,generar_emb,-,2233,0,0.010753300
postgres,1,insert_emb,-,2233,0,0.005535800
postgres,1,generar_emb,-,2234,0,0.012531500
postgres,1,insert_emb,-,2234,0,0.005650500
postgres,1,generar_emb,-,2235,0,0.012262000
postgres,1,insert_emb,-,2235,0,0.005709800
postgres,1,generar_emb,-,2236,0,0.012200300
postgres,1,insert_emb,-,2236,0,0.005316200
postgres,1,generar_emb,-,2237,0,0.012444900
postgres,1,insert_emb,-,2237,0,0.005387500
postgres,1,generar_emb,-,2238,0,0.011937000
postgres,1,insert_emb,-,2238,0,0.005099700
postgres,1,generar_emb,-,2239,0,0.012324000
postgres,1,insert_emb,-,2239,0,0.005051000
postgres,1,generar_emb,-,2240,0,0.012182700
postgres,1,insert_emb,-,2240,0,0.005282500
postgres,1,generar_emb,-,2241,0,0.014191700
postgres,1,insert_emb,-,2241,0,0.005512200
postgres,1,generar_emb,-,2242,0,0.011812500
postgres,1,insert_emb,-,2242,0,0.005237200
postgres,1,generar_emb,-,2243,0,0.011798300
postgres,1,insert_emb,-,2243,0,0.005261300
postgres,1,generar_emb,-,2244,0,0.012391100
postgres,1,insert_emb,-,2244,0,0.005195000
postgres,1,generar_emb,-,2245,0,0.012396900
postgres,1,insert_emb,-,2245,0,0.005350100
postgres,1,generar_emb,-,2246,0,0.011541000
postgres,1,insert_emb,-,2246,0,0.005487300
postgres,1,generar_emb,-,2247,0,0.010828000
postgres,1,insert_emb,-,2247,0,0.005503800
postgres,1,generar_emb,-,2248,0,0.010761200
postgres,1,insert_emb,-,2248,0,0.005599400
postgres,1,generar_emb,-,2249,0,0.011347800
postgres,1,insert_emb,-,2249,0,0.005612400
postgres,1,generar_emb,-,2250,0,0.011820300
postgres,1,insert_emb,-,2250,0,0.005678800
postgres,1,generar_emb,-,2251,0,0.012978800
postgres,1,insert_emb,-,2251,0,0.005788100
postgres,1,generar_emb,-,2252,0,0.011188700
postgres,1,insert_emb,-,2252,0,0.005777100
postgres,1,generar_emb,-,2253,0,0.011987600
postgres,1,insert_emb,-,2253,0,0.005997500
postgres,1,generar_emb,-,2254,0,0.015008400
postgres,1,insert_emb,-,2254,0,0.005272500
postgres,1,generar_emb,-,2255,0,0.015213900
postgres,1,insert_emb,-,2255,0,0.005935700
postgres,1,generar_emb,-,2256,0,0.012263700
postgres,1,insert_emb,-,2256,0,0.005481300
postgres,1,generar_emb,-,2257,0,0.013478400
postgres,1,insert_emb,-,2257,0,0.005599900
postgres,1,generar_emb,-,2258,0,0.013096600
postgres,1,insert_emb,-,2258,0,0.005185300
postgres,1,generar_emb,-,2259,0,0.014554400
postgres,1,insert_emb,-,2259,0,0.005250300
postgres,1,generar_emb,-,2260,0,0.014075400
postgres,1,insert_emb,-,2260,0,0.005514700
postgres,1,generar_emb,-,2261,0,0.011552500
postgres,1,insert_emb,-,2261,0,0.005176400
postgres,1,generar_emb,-,2262,0,0.012674200
postgres,1,insert_emb,-,2262,0,0.005099300
postgres,1,generar_emb,-,2263,0,0.013791000
postgres,1,insert_emb,-,2263,0,0.005351100
postgres,1,generar_emb,-,2264,0,0.012629300
postgres,1,insert_emb,-,2264,0,0.005562200
postgres,1,generar_emb,-,2265,0,0.010769900
postgres,1,insert_emb,-,2265,0,0.005630400
postgres,1,generar_emb,-,2266,0,0.010755800
postgres,1,insert_emb,-,2266,0,0.005204600
postgres,1,generar_emb,-,2267,0,0.011646900
postgres,1,insert_emb,-,2267,0,0.005714400
postgres,1,generar_emb,-,2268,0,0.011676600
postgres,1,insert_emb,-,2268,0,0.005244900
postgres,1,generar_emb,-,2269,0,0.011538900
postgres,1,insert_emb,-,2269,0,0.005010300
postgres,1,generar_emb,-,2270,0,0.011236900
postgres,1,insert_emb,-,2270,0,0.005588500
postgres,1,generar_emb,-,2271,0,0.011125300
postgres,1,insert_emb,-,2271,0,0.005140700
postgres,1,generar_emb,-,2272,0,0.013538200
postgres,1,insert_emb,-,2272,0,0.005368100
postgres,1,generar_emb,-,2273,0,0.010963600
postgres,1,insert_emb,-,2273,0,0.005540800
postgres,1,generar_emb,-,2274,0,0.011082700
postgres,1,insert_emb,-,2274,0,0.005270200
postgres,1,generar_emb,-,2275,0,0.011665900
postgres,1,insert_emb,-,2275,0,0.005654900
postgres,1,generar_emb,-,2276,0,0.013486900
postgres,1,insert_emb,-,2276,0,0.004929300
postgres,1,generar_emb,-,2277,0,0.013326400
postgres,1,insert_emb,-,2277,0,0.005243200
postgres,1,generar_emb,-,2278,0,0.010909500
postgres,1,insert_emb,-,2278,0,0.005194700
postgres,1,generar_emb,-,2279,0,0.011846800
postgres,1,insert_emb,-,2279,0,0.005327800
postgres,1,generar_emb,-,2280,0,0.014576000
postgres,1,insert_emb,-,2280,0,0.005585000
postgres,1,generar_emb,-,2281,0,0.010557600
postgres,1,insert_emb,-,2281,0,0.004996200
postgres,1,generar_emb,-,2282,0,0.012522800
postgres,1,insert_emb,-,2282,0,0.005166500
postgres,1,generar_emb,-,2283,0,0.011354200
postgres,1,insert_emb,-,2283,0,0.005358900
postgres,1,generar_emb,-,2284,0,0.015267600
postgres,1,insert_emb,-,2284,0,0.005225000
postgres,1,generar_emb,-,2285,0,0.013149400
postgres,1,insert_emb,-,2285,0,0.005736000
postgres,1,generar_emb,-,2286,0,0.011929300
postgres,1,insert_emb,-,2286,0,0.005465100
postgres,1,generar_emb,-,2287,0,0.013171700
postgres,1,insert_emb,-,2287,0,0.005326600
postgres,1,generar_emb,-,2288,0,0.010779700
postgres,1,insert_emb,-,2288,0,0.005631400
postgres,1,generar_emb,-,2289,0,0.010838100
postgres,1,insert_emb,-,2289,0,0.005390600
postgres,1,generar_emb,-,2290,0,0.011844000
postgres,1,insert_emb,-,2290,0,0.005375900
postgres,1,generar_emb,-,2291,0,0.011191300
postgres,1,insert_emb,-,2291,0,0.005122200
postgres,1,generar_emb,-,2292,0,0.012435700
postgres,1,insert_emb,-,2292,0,0.005241600
postgres,1,generar_emb,-,2293,0,0.012440400
postgres,1,insert_emb,-,2293,0,0.005418300
postgres,1,generar_emb,-,2294,0,0.011903200
postgres,1,insert_emb,-,2294,0,0.005303600
postgres,1,generar_emb,-,2295,0,0.016994700
postgres,1,insert_emb,-,2295,0,0.005497500
postgres,1,generar_emb,-,2296,0,0.014369500
postgres,1,insert_emb,-,2296,0,0.005367700
postgres,1,generar_emb,-,2297,0,0.012885400
postgres,1,insert_emb,-,2297,0,0.005388700
postgres,1,generar_emb,-,2298,0,0.013544100
postgres,1,insert_emb,-,2298,0,0.005160900
postgres,1,generar_emb,-,2299,0,0.012508300
postgres,1,insert_emb,-,2299,0,0.005348300
postgres,1,generar_emb,-,2300,0,0.015665600
postgres,1,insert_emb,-,2300,0,0.005543500
postgres,1,generar_emb,-,2301,0,0.014479400
postgres,1,insert_emb,-,2301,0,0.005291700
postgres,1,generar_emb,-,2302,0,0.013049800
postgres,1,insert_emb,-,2302,0,0.005268300
postgres,1,generar_emb,-,2303,0,0.017846600
postgres,1,insert_emb,-,2303,0,0.005047300
postgres,1,generar_emb,-,2304,0,0.014175400
postgres,1,insert_emb,-,2304,0,0.005209900
postgres,1,generar_emb,-,2305,0,0.013593900
postgres,1,insert_emb,-,2305,0,0.005944100
postgres,1,generar_emb,-,2306,0,0.013123300
postgres,1,insert_emb,-,2306,0,0.005774800
postgres,1,generar_emb,-,2307,0,0.017098800
postgres,1,insert_emb,-,2307,0,0.005630100
postgres,1,generar_emb,-,2308,0,0.013188200
postgres,1,insert_emb,-,2308,0,0.005318900
postgres,1,generar_emb,-,2309,0,0.016086000
postgres,1,insert_emb,-,2309,0,0.005673700
postgres,1,generar_emb,-,2310,0,0.013105100
postgres,1,insert_emb,-,2310,0,0.005832600
postgres,1,generar_emb,-,2311,0,0.015004000
postgres,1,insert_emb,-,2311,0,0.005166900
postgres,1,generar_emb,-,2312,0,0.013726900
postgres,1,insert_emb,-,2312,0,0.005214000
postgres,1,generar_emb,-,2313,0,0.014403000
postgres,1,insert_emb,-,2313,0,0.005299400
postgres,1,generar_emb,-,2314,0,0.012317200
postgres,1,insert_emb,-,2314,0,0.005166600
postgres,1,generar_emb,-,2315,0,0.014096600
postgres,1,insert_emb,-,2315,0,0.005404000
postgres,1,generar_emb,-,2316,0,0.018299800
postgres,1,insert_emb,-,2316,0,0.005650400
postgres,1,generar_emb,-,2317,0,0.014876100
postgres,1,insert_emb,-,2317,0,0.006009900
postgres,1,generar_emb,-,2318,0,0.014820500
postgres,1,insert_emb,-,2318,0,0.005275800
postgres,1,generar_emb,-,2319,0,0.013000900
postgres,1,insert_emb,-,2319,0,0.005375600
postgres,1,generar_emb,-,2320,0,0.012728500
postgres,1,insert_emb,-,2320,0,0.005706800
postgres,1,generar_emb,-,2321,0,0.010666400
postgres,1,insert_emb,-,2321,0,0.005252000
postgres,1,generar_emb,-,2322,0,0.012221700
postgres,1,insert_emb,-,2322,0,0.005045200
postgres,1,generar_emb,-,2323,0,0.014969100
postgres,1,insert_emb,-,2323,0,0.005448300
postgres,1,generar_emb,-,2324,0,0.013026100
postgres,1,insert_emb,-,2324,0,0.005395900
postgres,1,generar_emb,-,2325,0,0.015046400
postgres,1,insert_emb,-,2325,0,0.005838000
postgres,1,generar_emb,-,2326,0,0.012439800
postgres,1,insert_emb,-,2326,0,0.005430300
postgres,1,generar_emb,-,2327,0,0.011358300
postgres,1,insert_emb,-,2327,0,0.005744600
postgres,1,generar_emb,-,2328,0,0.012784800
postgres,1,insert_emb,-,2328,0,0.005299300
postgres,1,generar_emb,-,2329,0,0.012475000
postgres,1,insert_emb,-,2329,0,0.005535700
postgres,1,generar_emb,-,2330,0,0.014350500
postgres,1,insert_emb,-,2330,0,0.005608800
postgres,1,generar_emb,-,2331,0,0.012433600
postgres,1,insert_emb,-,2331,0,0.005291100
postgres,1,generar_emb,-,2332,0,0.011392200
postgres,1,insert_emb,-,2332,0,0.005688600
postgres,1,generar_emb,-,2333,0,0.011760100
postgres,1,insert_emb,-,2333,0,0.005571200
postgres,1,generar_emb,-,2334,0,0.017361800
postgres,1,insert_emb,-,2334,0,0.005558800
postgres,1,generar_emb,-,2335,0,0.012982100
postgres,1,insert_emb,-,2335,0,0.005531500
postgres,1,generar_emb,-,2336,0,0.012566500
postgres,1,insert_emb,-,2336,0,0.005426400
postgres,1,generar_emb,-,2337,0,0.012372400
postgres,1,insert_emb,-,2337,0,0.005368300
postgres,1,generar_emb,-,2338,0,0.013496900
postgres,1,insert_emb,-,2338,0,0.005640000
postgres,1,generar_emb,-,2339,0,0.015061800
postgres,1,insert_emb,-,2339,0,0.005254800
postgres,1,generar_emb,-,2340,0,0.015045900
postgres,1,insert_emb,-,2340,0,0.005726300
postgres,1,generar_emb,-,2341,0,0.011420400
postgres,1,insert_emb,-,2341,0,0.005426900
postgres,1,generar_emb,-,2342,0,0.012762800
postgres,1,insert_emb,-,2342,0,0.006619500
postgres,1,generar_emb,-,2343,0,0.014427300
postgres,1,insert_emb,-,2343,0,0.006205000
postgres,1,generar_emb,-,2344,0,0.012869700
postgres,1,insert_emb,-,2344,0,0.006101600
postgres,1,generar_emb,-,2345,0,0.014660800
postgres,1,insert_emb,-,2345,0,0.007185500
postgres,1,generar_emb,-,2346,0,0.018270400
postgres,1,insert_emb,-,2346,0,0.007444100
postgres,1,generar_emb,-,2347,0,0.017332900
postgres,1,insert_emb,-,2347,0,0.007624200
postgres,1,generar_emb,-,2348,0,0.017831000
postgres,1,insert_emb,-,2348,0,0.006977900
postgres,1,generar_emb,-,2349,0,0.019203000
postgres,1,insert_emb,-,2349,0,0.005842100
postgres,1,generar_emb,-,2350,0,0.016301000
postgres,1,insert_emb,-,2350,0,0.006143900
postgres,1,generar_emb,-,2351,0,0.012909500
postgres,1,insert_emb,-,2351,0,0.005600500
postgres,1,generar_emb,-,2352,0,0.014277800
postgres,1,insert_emb,-,2352,0,0.005326600
postgres,1,generar_emb,-,2353,0,0.012457900
postgres,1,insert_emb,-,2353,0,0.005204600
postgres,1,generar_emb,-,2354,0,0.012607100
postgres,1,insert_emb,-,2354,0,0.005558400
postgres,1,generar_emb,-,2355,0,0.012880800
postgres,1,insert_emb,-,2355,0,0.005572200
postgres,1,generar_emb,-,2356,0,0.010753500
postgres,1,insert_emb,-,2356,0,0.005522700
postgres,1,generar_emb,-,2357,0,0.013608400
postgres,1,insert_emb,-,2357,0,0.006599700
postgres,1,generar_emb,-,2358,0,0.015335800
postgres,1,insert_emb,-,2358,0,0.006119400
postgres,1,generar_emb,-,2359,0,0.015164300
postgres,1,insert_emb,-,2359,0,0.006115600
postgres,1,generar_emb,-,2360,0,0.017930400
postgres,1,insert_emb,-,2360,0,0.007101700
postgres,1,generar_emb,-,2361,0,0.019799600
postgres,1,insert_emb,-,2361,0,0.007215100
postgres,1,generar_emb,-,2362,0,0.019696100
postgres,1,insert_emb,-,2362,0,0.007039300
postgres,1,generar_emb,-,2363,0,0.019778400
postgres,1,insert_emb,-,2363,0,0.006338200
postgres,1,generar_emb,-,2364,0,0.011636400
postgres,1,insert_emb,-,2364,0,0.005390000
postgres,1,generar_emb,-,2365,0,0.013054600
postgres,1,insert_emb,-,2365,0,0.005677400
postgres,1,generar_emb,-,2366,0,0.013323100
postgres,1,insert_emb,-,2366,0,0.005231200
postgres,1,generar_emb,-,2367,0,0.013140000
postgres,1,insert_emb,-,2367,0,0.005018400
postgres,1,generar_emb,-,2368,0,0.011593700
postgres,1,insert_emb,-,2368,0,0.005374400
postgres,1,generar_emb,-,2369,0,0.012612600
postgres,1,insert_emb,-,2369,0,0.005079500
postgres,1,generar_emb,-,2370,0,0.012703600
postgres,1,insert_emb,-,2370,0,0.005899200
postgres,1,generar_emb,-,2371,0,0.012157400
postgres,1,insert_emb,-,2371,0,0.004942200
postgres,1,generar_emb,-,2372,0,0.013670000
postgres,1,insert_emb,-,2372,0,0.005448300
postgres,1,generar_emb,-,2373,0,0.012780400
postgres,1,insert_emb,-,2373,0,0.005257700
postgres,1,generar_emb,-,2374,0,0.011087000
postgres,1,insert_emb,-,2374,0,0.005347800
postgres,1,generar_emb,-,2375,0,0.010944500
postgres,1,insert_emb,-,2375,0,0.005293200
postgres,1,generar_emb,-,2376,0,0.012647900
postgres,1,insert_emb,-,2376,0,0.005238100
postgres,1,generar_emb,-,2377,0,0.010761100
postgres,1,insert_emb,-,2377,0,0.005054300
postgres,1,generar_emb,-,2378,0,0.012230500
postgres,1,insert_emb,-,2378,0,0.005289900
postgres,1,generar_emb,-,2379,0,0.013216300
postgres,1,insert_emb,-,2379,0,0.005300100
postgres,1,generar_emb,-,2380,0,0.012837300
postgres,1,insert_emb,-,2380,0,0.005581500
postgres,1,generar_emb,-,2381,0,0.011883600
postgres,1,insert_emb,-,2381,0,0.004965700
postgres,1,generar_emb,-,2382,0,0.012372800
postgres,1,insert_emb,-,2382,0,0.005206500
postgres,1,generar_emb,-,2383,0,0.010916200
postgres,1,insert_emb,-,2383,0,0.005548000
postgres,1,generar_emb,-,2384,0,0.011850100
postgres,1,insert_emb,-,2384,0,0.005400000
postgres,1,generar_emb,-,2385,0,0.011199700
postgres,1,insert_emb,-,2385,0,0.005415300
postgres,1,generar_emb,-,2386,0,0.011613800
postgres,1,insert_emb,-,2386,0,0.005421000
postgres,1,generar_emb,-,2387,0,0.012923200
postgres,1,insert_emb,-,2387,0,0.005408300
postgres,1,generar_emb,-,2388,0,0.012058200
postgres,1,insert_emb,-,2388,0,0.005227500
postgres,1,generar_emb,-,2389,0,0.011712400
postgres,1,insert_emb,-,2389,0,0.005349200
postgres,1,generar_emb,-,2390,0,0.011045400
postgres,1,insert_emb,-,2390,0,0.005646000
postgres,1,generar_emb,-,2391,0,0.011260000
postgres,1,insert_emb,-,2391,0,0.005241500
postgres,1,generar_emb,-,2392,0,0.010976700
postgres,1,insert_emb,-,2392,0,0.005171300
postgres,1,generar_emb,-,2393,0,0.010875200
postgres,1,insert_emb,-,2393,0,0.005270100
postgres,1,generar_emb,-,2394,0,0.012339600
postgres,1,insert_emb,-,2394,0,0.005227000
postgres,1,generar_emb,-,2395,0,0.011145400
postgres,1,insert_emb,-,2395,0,0.005575100
postgres,1,generar_emb,-,2396,0,0.011341900
postgres,1,insert_emb,-,2396,0,0.005345800
postgres,1,generar_emb,-,2397,0,0.014820400
postgres,1,insert_emb,-,2397,0,0.006206200
postgres,1,generar_emb,-,2398,0,0.011334100
postgres,1,insert_emb,-,2398,0,0.005522900
postgres,1,generar_emb,-,2399,0,0.010735600
postgres,1,insert_emb,-,2399,0,0.005131000
postgres,1,generar_emb,-,2400,0,0.011178500
postgres,1,insert_emb,-,2400,0,0.005343900
postgres,1,generar_emb,-,2401,0,0.012029000
postgres,1,insert_emb,-,2401,0,0.005250700
postgres,1,generar_emb,-,2402,0,0.011125300
postgres,1,insert_emb,-,2402,0,0.005112100
postgres,1,generar_emb,-,2403,0,0.013679400
postgres,1,insert_emb,-,2403,0,0.006440800
postgres,1,generar_emb,-,2404,0,0.015458000
postgres,1,insert_emb,-,2404,0,0.005772500
postgres,1,generar_emb,-,2405,0,0.012237700
postgres,1,insert_emb,-,2405,0,0.005547600
postgres,1,generar_emb,-,2406,0,0.012505900
postgres,1,insert_emb,-,2406,0,0.005605100
postgres,1,generar_emb,-,2407,0,0.013553600
postgres,1,insert_emb,-,2407,0,0.005787300
postgres,1,generar_emb,-,2408,0,0.011029900
postgres,1,insert_emb,-,2408,0,0.005675600
postgres,1,generar_emb,-,2409,0,0.012452800
postgres,1,insert_emb,-,2409,0,0.005803000
postgres,1,generar_emb,-,2410,0,0.012561500
postgres,1,insert_emb,-,2410,0,0.005804000
postgres,1,generar_emb,-,2411,0,0.012890700
postgres,1,insert_emb,-,2411,0,0.005497900
postgres,1,generar_emb,-,2412,0,0.012493100
postgres,1,insert_emb,-,2412,0,0.005299300
postgres,1,generar_emb,-,2413,0,0.013776800
postgres,1,insert_emb,-,2413,0,0.005803800
postgres,1,generar_emb,-,2414,0,0.014839700
postgres,1,insert_emb,-,2414,0,0.005691100
postgres,1,generar_emb,-,2415,0,0.011997400
postgres,1,insert_emb,-,2415,0,0.005058700
postgres,1,generar_emb,-,2416,0,0.012497500
postgres,1,insert_emb,-,2416,0,0.005477700
postgres,1,generar_emb,-,2417,0,0.015244700
postgres,1,insert_emb,-,2417,0,0.005370600
postgres,1,generar_emb,-,2418,0,0.012068300
postgres,1,insert_emb,-,2418,0,0.005126200
postgres,1,generar_emb,-,2419,0,0.012426100
postgres,1,insert_emb,-,2419,0,0.005350000
postgres,1,generar_emb,-,2420,0,0.011271400
postgres,1,insert_emb,-,2420,0,0.005181500
postgres,1,generar_emb,-,2421,0,0.015200000
postgres,1,insert_emb,-,2421,0,0.005536300
postgres,1,generar_emb,-,2422,0,0.011504800
postgres,1,insert_emb,-,2422,0,0.004943300
postgres,1,generar_emb,-,2423,0,0.012146300
postgres,1,insert_emb,-,2423,0,0.004889400
postgres,1,generar_emb,-,2424,0,0.014326800
postgres,1,insert_emb,-,2424,0,0.005215900
postgres,1,generar_emb,-,2425,0,0.012493200
postgres,1,insert_emb,-,2425,0,0.005442300
postgres,1,generar_emb,-,2426,0,0.013270600
postgres,1,insert_emb,-,2426,0,0.005509900
postgres,1,generar_emb,-,2427,0,0.012195300
postgres,1,insert_emb,-,2427,0,0.005517800
postgres,1,generar_emb,-,2428,0,0.014556300
postgres,1,insert_emb,-,2428,0,0.005442000
postgres,1,generar_emb,-,2429,0,0.013115400
postgres,1,insert_emb,-,2429,0,0.005497000
postgres,1,generar_emb,-,2430,0,0.011263900
postgres,1,insert_emb,-,2430,0,0.005844500
postgres,1,generar_emb,-,2431,0,0.010809400
postgres,1,insert_emb,-,2431,0,0.005997400
postgres,1,generar_emb,-,2432,0,0.015757200
postgres,1,insert_emb,-,2432,0,0.005894800
postgres,1,generar_emb,-,2433,0,0.012258400
postgres,1,insert_emb,-,2433,0,0.005461800
postgres,1,generar_emb,-,2434,0,0.016030600
postgres,1,insert_emb,-,2434,0,0.005516300
postgres,1,generar_emb,-,2435,0,0.013076100
postgres,1,insert_emb,-,2435,0,0.005916500
postgres,1,generar_emb,-,2436,0,0.012689500
postgres,1,insert_emb,-,2436,0,0.005582900
postgres,1,generar_emb,-,2437,0,0.016490200
postgres,1,insert_emb,-,2437,0,0.005490500
postgres,1,generar_emb,-,2438,0,0.016514500
postgres,1,insert_emb,-,2438,0,0.005523400
postgres,1,generar_emb,-,2439,0,0.012023100
postgres,1,insert_emb,-,2439,0,0.005506200
postgres,1,generar_emb,-,2440,0,0.011956000
postgres,1,insert_emb,-,2440,0,0.005330800
postgres,1,generar_emb,-,2441,0,0.012167800
postgres,1,insert_emb,-,2441,0,0.005478100
postgres,1,generar_emb,-,2442,0,0.015659600
postgres,1,insert_emb,-,2442,0,0.005621300
postgres,1,generar_emb,-,2443,0,0.013325300
postgres,1,insert_emb,-,2443,0,0.005330200
postgres,1,generar_emb,-,2444,0,0.011138400
postgres,1,insert_emb,-,2444,0,0.005249900
postgres,1,generar_emb,-,2445,0,0.014963500
postgres,1,insert_emb,-,2445,0,0.005524500
postgres,1,generar_emb,-,2446,0,0.013771100
postgres,1,insert_emb,-,2446,0,0.005318700
postgres,1,generar_emb,-,2447,0,0.017327600
postgres,1,insert_emb,-,2447,0,0.005144400
postgres,1,generar_emb,-,2448,0,0.012082600
postgres,1,insert_emb,-,2448,0,0.005383100
postgres,1,generar_emb,-,2449,0,0.013874800
postgres,1,insert_emb,-,2449,0,0.005257000
postgres,1,generar_emb,-,2450,0,0.014660100
postgres,1,insert_emb,-,2450,0,0.005769900
postgres,1,generar_emb,-,2451,0,0.011230500
postgres,1,insert_emb,-,2451,0,0.005428700
postgres,1,generar_emb,-,2452,0,0.014216500
postgres,1,insert_emb,-,2452,0,0.005335400
postgres,1,generar_emb,-,2453,0,0.011883800
postgres,1,insert_emb,-,2453,0,0.005259000
postgres,1,generar_emb,-,2454,0,0.011660500
postgres,1,insert_emb,-,2454,0,0.005053400
postgres,1,generar_emb,-,2455,0,0.011351000
postgres,1,insert_emb,-,2455,0,0.005319300
postgres,1,generar_emb,-,2456,0,0.014190700
postgres,1,insert_emb,-,2456,0,0.005590100
postgres,1,generar_emb,-,2457,0,0.017630300
postgres,1,insert_emb,-,2457,0,0.006566100
postgres,1,generar_emb,-,2458,0,0.013142500
postgres,1,insert_emb,-,2458,0,0.005965000
postgres,1,generar_emb,-,2459,0,0.013690200
postgres,1,insert_emb,-,2459,0,0.006129500
postgres,1,generar_emb,-,2460,0,0.014136800
postgres,1,insert_emb,-,2460,0,0.006577200
postgres,1,generar_emb,-,2461,0,0.013388700
postgres,1,insert_emb,-,2461,0,0.005899200
postgres,1,generar_emb,-,2462,0,0.012786300
postgres,1,insert_emb,-,2462,0,0.007035400
postgres,1,generar_emb,-,2463,0,0.014477900
postgres,1,insert_emb,-,2463,0,0.005805000
postgres,1,generar_emb,-,2464,0,0.014480300
postgres,1,insert_emb,-,2464,0,0.005757700
postgres,1,generar_emb,-,2465,0,0.012426500
postgres,1,insert_emb,-,2465,0,0.008310700
postgres,1,generar_emb,-,2466,0,0.014801300
postgres,1,insert_emb,-,2466,0,0.005689200
postgres,1,generar_emb,-,2467,0,0.019304500
postgres,1,insert_emb,-,2467,0,0.005839000
postgres,1,generar_emb,-,2468,0,0.014482600
postgres,1,insert_emb,-,2468,0,0.005080300
postgres,1,generar_emb,-,2469,0,0.011920800
postgres,1,insert_emb,-,2469,0,0.005107800
postgres,1,generar_emb,-,2470,0,0.012589800
postgres,1,insert_emb,-,2470,0,0.005108300
postgres,1,generar_emb,-,2471,0,0.013119100
postgres,1,insert_emb,-,2471,0,0.005024000
postgres,1,generar_emb,-,2472,0,0.012810300
postgres,1,insert_emb,-,2472,0,0.005079900
postgres,1,generar_emb,-,2473,0,0.012104100
postgres,1,insert_emb,-,2473,0,0.005059200
postgres,1,generar_emb,-,2474,0,0.014207500
postgres,1,insert_emb,-,2474,0,0.005348000
postgres,1,generar_emb,-,2475,0,0.012935700
postgres,1,insert_emb,-,2475,0,0.005489700
postgres,1,generar_emb,-,2476,0,0.012870800
postgres,1,insert_emb,-,2476,0,0.005216500
postgres,1,generar_emb,-,2477,0,0.013441900
postgres,1,insert_emb,-,2477,0,0.005160000
postgres,1,generar_emb,-,2478,0,0.015029100
postgres,1,insert_emb,-,2478,0,0.005120100
postgres,1,generar_emb,-,2479,0,0.013335200
postgres,1,insert_emb,-,2479,0,0.005334900
postgres,1,generar_emb,-,2480,0,0.013071600
postgres,1,insert_emb,-,2480,0,0.005976600
postgres,1,generar_emb,-,2481,0,0.012991700
postgres,1,insert_emb,-,2481,0,0.005688500
postgres,1,generar_emb,-,2482,0,0.011464800
postgres,1,insert_emb,-,2482,0,0.005246700
postgres,1,generar_emb,-,2483,0,0.012801900
postgres,1,insert_emb,-,2483,0,0.005109400
postgres,1,generar_emb,-,2484,0,0.011975400
postgres,1,insert_emb,-,2484,0,0.005534600
postgres,1,generar_emb,-,2485,0,0.016197800
postgres,1,insert_emb,-,2485,0,0.005770700
postgres,1,generar_emb,-,2486,0,0.012774900
postgres,1,insert_emb,-,2486,0,0.005323400
postgres,1,generar_emb,-,2487,0,0.013822700
postgres,1,insert_emb,-,2487,0,0.006114900
postgres,1,generar_emb,-,2488,0,0.011571400
postgres,1,insert_emb,-,2488,0,0.005510200
postgres,1,generar_emb,-,2489,0,0.012017000
postgres,1,insert_emb,-,2489,0,0.005008000
postgres,1,generar_emb,-,2490,0,0.011526600
postgres,1,insert_emb,-,2490,0,0.005996200
postgres,1,generar_emb,-,2491,0,0.011283700
postgres,1,insert_emb,-,2491,0,0.005284300
postgres,1,generar_emb,-,2492,0,0.010695000
postgres,1,insert_emb,-,2492,0,0.005190700
postgres,1,generar_emb,-,2493,0,0.012490400
postgres,1,insert_emb,-,2493,0,0.005341500
postgres,1,generar_emb,-,2494,0,0.011158300
postgres,1,insert_emb,-,2494,0,0.005142300
postgres,1,generar_emb,-,2495,0,0.012595800
postgres,1,insert_emb,-,2495,0,0.005259800
postgres,1,generar_emb,-,2496,0,0.010989900
postgres,1,insert_emb,-,2496,0,0.005170600
postgres,1,generar_emb,-,2497,0,0.011820400
postgres,1,insert_emb,-,2497,0,0.004973500
postgres,1,generar_emb,-,2498,0,0.012354300
postgres,1,insert_emb,-,2498,0,0.004977800
postgres,1,generar_emb,-,2499,0,0.010788400
postgres,1,insert_emb,-,2499,0,0.005209600
postgres,1,generar_emb,-,2500,0,0.012554000
postgres,1,insert_emb,-,2500,0,0.005105400
postgres,1,generar_emb,-,2501,0,0.014845700
postgres,1,insert_emb,-,2501,0,0.005248700
postgres,1,generar_emb,-,2502,0,0.013051100
postgres,1,insert_emb,-,2502,0,0.005373400
postgres,1,generar_emb,-,2503,0,0.012712800
postgres,1,insert_emb,-,2503,0,0.005226700
postgres,1,generar_emb,-,2504,0,0.012909600
postgres,1,insert_emb,-,2504,0,0.004871500
postgres,1,generar_emb,-,2505,0,0.013567100
postgres,1,insert_emb,-,2505,0,0.005128600
postgres,1,generar_emb,-,2506,0,0.011914000
postgres,1,insert_emb,-,2506,0,0.005114200
postgres,1,generar_emb,-,2507,0,0.013788100
postgres,1,insert_emb,-,2507,0,0.005476500
postgres,1,generar_emb,-,2508,0,0.014119100
postgres,1,insert_emb,-,2508,0,0.005554400
postgres,1,generar_emb,-,2509,0,0.014547500
postgres,1,insert_emb,-,2509,0,0.005428900
postgres,1,generar_emb,-,2510,0,0.013394900
postgres,1,insert_emb,-,2510,0,0.006280700
postgres,1,generar_emb,-,2511,0,0.014731500
postgres,1,insert_emb,-,2511,0,0.005313800
postgres,1,generar_emb,-,2512,0,0.014638000
postgres,1,insert_emb,-,2512,0,0.005703500
postgres,1,generar_emb,-,2513,0,0.012657600
postgres,1,insert_emb,-,2513,0,0.005629000
postgres,1,generar_emb,-,2514,0,0.011043900
postgres,1,insert_emb,-,2514,0,0.005123100
postgres,1,generar_emb,-,2515,0,0.013891600
postgres,1,insert_emb,-,2515,0,0.005772000
postgres,1,generar_emb,-,2516,0,0.013933700
postgres,1,insert_emb,-,2516,0,0.005684500
postgres,1,generar_emb,-,2517,0,0.014917700
postgres,1,insert_emb,-,2517,0,0.005118000
postgres,1,generar_emb,-,2518,0,0.013338600
postgres,1,insert_emb,-,2518,0,0.005464700
postgres,1,generar_emb,-,2519,0,0.012652800
postgres,1,insert_emb,-,2519,0,0.005232200
postgres,1,generar_emb,-,2520,0,0.014030100
postgres,1,insert_emb,-,2520,0,0.005310600
postgres,1,generar_emb,-,2521,0,0.013545500
postgres,1,insert_emb,-,2521,0,0.005874700
postgres,1,generar_emb,-,2522,0,0.014020800
postgres,1,insert_emb,-,2522,0,0.005653300
postgres,1,generar_emb,-,2523,0,0.014123200
postgres,1,insert_emb,-,2523,0,0.006127200
postgres,1,generar_emb,-,2524,0,0.013516400
postgres,1,insert_emb,-,2524,0,0.005847500
postgres,1,generar_emb,-,2525,0,0.012241100
postgres,1,insert_emb,-,2525,0,0.006065900
postgres,1,generar_emb,-,2526,0,0.015105400
postgres,1,insert_emb,-,2526,0,0.006019300
postgres,1,generar_emb,-,2527,0,0.012958900
postgres,1,insert_emb,-,2527,0,0.005801800
postgres,1,generar_emb,-,2528,0,0.012276100
postgres,1,insert_emb,-,2528,0,0.005761800
postgres,1,generar_emb,-,2529,0,0.010881100
postgres,1,insert_emb,-,2529,0,0.005547200
postgres,1,generar_emb,-,2530,0,0.012410100
postgres,1,insert_emb,-,2530,0,0.005905500
postgres,1,generar_emb,-,2531,0,0.014843800
postgres,1,insert_emb,-,2531,0,0.005641700
postgres,1,generar_emb,-,2532,0,0.015303900
postgres,1,insert_emb,-,2532,0,0.005708700
postgres,1,generar_emb,-,2533,0,0.011933400
postgres,1,insert_emb,-,2533,0,0.005084300
postgres,1,generar_emb,-,2534,0,0.013064500
postgres,1,insert_emb,-,2534,0,0.005226200
postgres,1,generar_emb,-,2535,0,0.011693400
postgres,1,insert_emb,-,2535,0,0.005600300
postgres,1,generar_emb,-,2536,0,0.010803000
postgres,1,insert_emb,-,2536,0,0.005284800
postgres,1,generar_emb,-,2537,0,0.011870400
postgres,1,insert_emb,-,2537,0,0.005098600
postgres,1,generar_emb,-,2538,0,0.012029600
postgres,1,insert_emb,-,2538,0,0.005180600
postgres,1,generar_emb,-,2539,0,0.011448700
postgres,1,insert_emb,-,2539,0,0.005426500
postgres,1,generar_emb,-,2540,0,0.013836900
postgres,1,insert_emb,-,2540,0,0.005381900
postgres,1,generar_emb,-,2541,0,0.014264000
postgres,1,insert_emb,-,2541,0,0.005040800
postgres,1,generar_emb,-,2542,0,0.014465400
postgres,1,insert_emb,-,2542,0,0.005644200
postgres,1,generar_emb,-,2543,0,0.011648000
postgres,1,insert_emb,-,2543,0,0.005926900
postgres,1,generar_emb,-,2544,0,0.011137800
postgres,1,insert_emb,-,2544,0,0.005714200
postgres,1,generar_emb,-,2545,0,0.012469900
postgres,1,insert_emb,-,2545,0,0.005180500
postgres,1,generar_emb,-,2546,0,0.014559800
postgres,1,insert_emb,-,2546,0,0.005274000
postgres,1,generar_emb,-,2547,0,0.011648900
postgres,1,insert_emb,-,2547,0,0.005043000
postgres,1,generar_emb,-,2548,0,0.013088300
postgres,1,insert_emb,-,2548,0,0.005613800
postgres,1,generar_emb,-,2549,0,0.012782800
postgres,1,insert_emb,-,2549,0,0.005146700
postgres,1,generar_emb,-,2550,0,0.014015200
postgres,1,insert_emb,-,2550,0,0.005342700
postgres,1,generar_emb,-,2551,0,0.012323900
postgres,1,insert_emb,-,2551,0,0.005107200
postgres,1,generar_emb,-,2552,0,0.023060800
postgres,1,insert_emb,-,2552,0,0.007500700
postgres,1,generar_emb,-,2553,0,0.036794300
postgres,1,insert_emb,-,2553,0,0.006314300
postgres,1,generar_emb,-,2554,0,0.015451600
postgres,1,insert_emb,-,2554,0,0.006158100
postgres,1,generar_emb,-,2555,0,0.014765600
postgres,1,insert_emb,-,2555,0,0.005494200
postgres,1,generar_emb,-,2556,0,0.010902600
postgres,1,insert_emb,-,2556,0,0.005203500
postgres,1,generar_emb,-,2557,0,0.011120900
postgres,1,insert_emb,-,2557,0,0.005306500
postgres,1,generar_emb,-,2558,0,0.012883200
postgres,1,insert_emb,-,2558,0,0.005536800
postgres,1,generar_emb,-,2559,0,0.011883600
postgres,1,insert_emb,-,2559,0,0.005179800
postgres,1,generar_emb,-,2560,0,0.011968200
postgres,1,insert_emb,-,2560,0,0.005398200
postgres,1,generar_emb,-,2561,0,0.011878400
postgres,1,insert_emb,-,2561,0,0.005001000
postgres,1,generar_emb,-,2562,0,0.012275700
postgres,1,insert_emb,-,2562,0,0.005349400
postgres,1,generar_emb,-,2563,0,0.012409300
postgres,1,insert_emb,-,2563,0,0.005544700
postgres,1,generar_emb,-,2564,0,0.012112900
postgres,1,insert_emb,-,2564,0,0.005498100
postgres,1,generar_emb,-,2565,0,0.016764900
postgres,1,insert_emb,-,2565,0,0.006199200
postgres,1,generar_emb,-,2566,0,0.016557200
postgres,1,insert_emb,-,2566,0,0.005012500
postgres,1,generar_emb,-,2567,0,0.014532600
postgres,1,insert_emb,-,2567,0,0.005537100
postgres,1,generar_emb,-,2568,0,0.013834600
postgres,1,insert_emb,-,2568,0,0.005220200
postgres,1,generar_emb,-,2569,0,0.013590000
postgres,1,insert_emb,-,2569,0,0.005393900
postgres,1,generar_emb,-,2570,0,0.013550800
postgres,1,insert_emb,-,2570,0,0.005654300
postgres,1,generar_emb,-,2571,0,0.012108300
postgres,1,insert_emb,-,2571,0,0.004984500
postgres,1,generar_emb,-,2572,0,0.015328200
postgres,1,insert_emb,-,2572,0,0.005621100
postgres,1,generar_emb,-,2573,0,0.018565800
postgres,1,insert_emb,-,2573,0,0.005024400
postgres,1,generar_emb,-,2574,0,0.012056600
postgres,1,insert_emb,-,2574,0,0.005107600
postgres,1,generar_emb,-,2575,0,0.011307000
postgres,1,insert_emb,-,2575,0,0.005624500
postgres,1,generar_emb,-,2576,0,0.015516200
postgres,1,insert_emb,-,2576,0,0.005315000
postgres,1,generar_emb,-,2577,0,0.013093400
postgres,1,insert_emb,-,2577,0,0.005470600
postgres,1,generar_emb,-,2578,0,0.014602200
postgres,1,insert_emb,-,2578,0,0.005036900
postgres,1,generar_emb,-,2579,0,0.012303000
postgres,1,insert_emb,-,2579,0,0.005386400
postgres,1,generar_emb,-,2580,0,0.013412400
postgres,1,insert_emb,-,2580,0,0.005545200
postgres,1,generar_emb,-,2581,0,0.012598100
postgres,1,insert_emb,-,2581,0,0.005449300
postgres,1,generar_emb,-,2582,0,0.012577500
postgres,1,insert_emb,-,2582,0,0.005553300
postgres,1,generar_emb,-,2583,0,0.011221800
postgres,1,insert_emb,-,2583,0,0.005241500
postgres,1,generar_emb,-,2584,0,0.011822000
postgres,1,insert_emb,-,2584,0,0.005482400
postgres,1,generar_emb,-,2585,0,0.011761800
postgres,1,insert_emb,-,2585,0,0.005840400
postgres,1,generar_emb,-,2586,0,0.015320000
postgres,1,insert_emb,-,2586,0,0.005398500
postgres,1,generar_emb,-,2587,0,0.029904400
postgres,1,insert_emb,-,2587,0,0.007788000
postgres,1,generar_emb,-,2588,0,0.032259100
postgres,1,insert_emb,-,2588,0,0.006931500
postgres,1,generar_emb,-,2589,0,0.015020700
postgres,1,insert_emb,-,2589,0,0.005714800
postgres,1,generar_emb,-,2590,0,0.012414500
postgres,1,insert_emb,-,2590,0,0.005421000
postgres,1,generar_emb,-,2591,0,0.015289800
postgres,1,insert_emb,-,2591,0,0.005244400
postgres,1,generar_emb,-,2592,0,0.012529600
postgres,1,insert_emb,-,2592,0,0.005305600
postgres,1,generar_emb,-,2593,0,0.013733100
postgres,1,insert_emb,-,2593,0,0.005059900
postgres,1,generar_emb,-,2594,0,0.014810500
postgres,1,insert_emb,-,2594,0,0.005592900
postgres,1,generar_emb,-,2595,0,0.011233800
postgres,1,insert_emb,-,2595,0,0.005408700
postgres,1,generar_emb,-,2596,0,0.011090000
postgres,1,insert_emb,-,2596,0,0.005274200
postgres,1,generar_emb,-,2597,0,0.012238100
postgres,1,insert_emb,-,2597,0,0.005653600
postgres,1,generar_emb,-,2598,0,0.013159800
postgres,1,insert_emb,-,2598,0,0.005284000
postgres,1,generar_emb,-,2599,0,0.014365500
postgres,1,insert_emb,-,2599,0,0.005297200
postgres,1,generar_emb,-,2600,0,0.013945600
postgres,1,insert_emb,-,2600,0,0.005474600
postgres,1,generar_emb,-,2601,0,0.013863600
postgres,1,insert_emb,-,2601,0,0.005706400
postgres,1,generar_emb,-,2602,0,0.011520400
postgres,1,insert_emb,-,2602,0,0.005316000
postgres,1,generar_emb,-,2603,0,0.012976800
postgres,1,insert_emb,-,2603,0,0.005777600
postgres,1,generar_emb,-,2604,0,0.013524900
postgres,1,insert_emb,-,2604,0,0.005651800
postgres,1,generar_emb,-,2605,0,0.011975700
postgres,1,insert_emb,-,2605,0,0.005478800
postgres,1,generar_emb,-,2606,0,0.013065700
postgres,1,insert_emb,-,2606,0,0.005614600
postgres,1,generar_emb,-,2607,0,0.015452400
postgres,1,insert_emb,-,2607,0,0.005510600
postgres,1,generar_emb,-,2608,0,0.013960400
postgres,1,insert_emb,-,2608,0,0.005640000
postgres,1,generar_emb,-,2609,0,0.013884400
postgres,1,insert_emb,-,2609,0,0.005624800
postgres,1,generar_emb,-,2610,0,0.013280300
postgres,1,insert_emb,-,2610,0,0.005944800
postgres,1,generar_emb,-,2611,0,0.018010200
postgres,1,insert_emb,-,2611,0,0.006316000
postgres,1,generar_emb,-,2612,0,0.016087200
postgres,1,insert_emb,-,2612,0,0.006143300
postgres,1,generar_emb,-,2613,0,0.014498200
postgres,1,insert_emb,-,2613,0,0.006223800
postgres,1,generar_emb,-,2614,0,0.014339200
postgres,1,insert_emb,-,2614,0,0.006463800
postgres,1,generar_emb,-,2615,0,0.013570300
postgres,1,insert_emb,-,2615,0,0.006089200
postgres,1,generar_emb,-,2616,0,0.015565500
postgres,1,insert_emb,-,2616,0,0.005976100
postgres,1,generar_emb,-,2617,0,0.013525300
postgres,1,insert_emb,-,2617,0,0.005931700
postgres,1,generar_emb,-,2618,0,0.013970600
postgres,1,insert_emb,-,2618,0,0.006035000
postgres,1,generar_emb,-,2619,0,0.011678400
postgres,1,insert_emb,-,2619,0,0.005324600
postgres,1,generar_emb,-,2620,0,0.011905200
postgres,1,insert_emb,-,2620,0,0.005462200
postgres,1,generar_emb,-,2621,0,0.012146100
postgres,1,insert_emb,-,2621,0,0.005240400
postgres,1,generar_emb,-,2622,0,0.013945200
postgres,1,insert_emb,-,2622,0,0.005107400
postgres,1,generar_emb,-,2623,0,0.011503400
postgres,1,insert_emb,-,2623,0,0.005208100
postgres,1,generar_emb,-,2624,0,0.015274100
postgres,1,insert_emb,-,2624,0,0.005933900
postgres,1,generar_emb,-,2625,0,0.012481000
postgres,1,insert_emb,-,2625,0,0.005321900
postgres,1,generar_emb,-,2626,0,0.011291400
postgres,1,insert_emb,-,2626,0,0.005250800
postgres,1,generar_emb,-,2627,0,0.012347300
postgres,1,insert_emb,-,2627,0,0.005532700
postgres,1,generar_emb,-,2628,0,0.010869500
postgres,1,insert_emb,-,2628,0,0.005234000
postgres,1,generar_emb,-,2629,0,0.013184900
postgres,1,insert_emb,-,2629,0,0.004926900
postgres,1,generar_emb,-,2630,0,0.013855900
postgres,1,insert_emb,-,2630,0,0.005332600
postgres,1,generar_emb,-,2631,0,0.011998700
postgres,1,insert_emb,-,2631,0,0.005058700
postgres,1,generar_emb,-,2632,0,0.014550700
postgres,1,insert_emb,-,2632,0,0.005382500
postgres,1,generar_emb,-,2633,0,0.012944000
postgres,1,insert_emb,-,2633,0,0.005182900
postgres,1,generar_emb,-,2634,0,0.013422200
postgres,1,insert_emb,-,2634,0,0.005568200
postgres,1,generar_emb,-,2635,0,0.013887200
postgres,1,insert_emb,-,2635,0,0.005185600
postgres,1,generar_emb,-,2636,0,0.012700700
postgres,1,insert_emb,-,2636,0,0.006209200
postgres,1,generar_emb,-,2637,0,0.012718100
postgres,1,insert_emb,-,2637,0,0.005502300
postgres,1,generar_emb,-,2638,0,0.013356900
postgres,1,insert_emb,-,2638,0,0.005294500
postgres,1,generar_emb,-,2639,0,0.011811100
postgres,1,insert_emb,-,2639,0,0.004957000
postgres,1,generar_emb,-,2640,0,0.010617300
postgres,1,insert_emb,-,2640,0,0.005620500
postgres,1,generar_emb,-,2641,0,0.013440500
postgres,1,insert_emb,-,2641,0,0.005475700
postgres,1,generar_emb,-,2642,0,0.012039000
postgres,1,insert_emb,-,2642,0,0.005243700
postgres,1,generar_emb,-,2643,0,0.011472400
postgres,1,insert_emb,-,2643,0,0.005276200
postgres,1,generar_emb,-,2644,0,0.012937100
postgres,1,insert_emb,-,2644,0,0.005928200
postgres,1,generar_emb,-,2645,0,0.013484300
postgres,1,insert_emb,-,2645,0,0.005748500
postgres,1,generar_emb,-,2646,0,0.013640600
postgres,1,insert_emb,-,2646,0,0.005043600
postgres,1,generar_emb,-,2647,0,0.017329200
postgres,1,insert_emb,-,2647,0,0.005512100
postgres,1,generar_emb,-,2648,0,0.012713600
postgres,1,insert_emb,-,2648,0,0.005823900
postgres,1,generar_emb,-,2649,0,0.015331400
postgres,1,insert_emb,-,2649,0,0.005653600
postgres,1,generar_emb,-,2650,0,0.011585900
postgres,1,insert_emb,-,2650,0,0.005600000
postgres,1,generar_emb,-,2651,0,0.011367300
postgres,1,insert_emb,-,2651,0,0.005547600
postgres,1,generar_emb,-,2652,0,0.010704100
postgres,1,insert_emb,-,2652,0,0.005274400
postgres,1,generar_emb,-,2653,0,0.012547600
postgres,1,insert_emb,-,2653,0,0.005231100
postgres,1,generar_emb,-,2654,0,0.011351200
postgres,1,insert_emb,-,2654,0,0.005289900
postgres,1,generar_emb,-,2655,0,0.010671700
postgres,1,insert_emb,-,2655,0,0.005415200
postgres,1,generar_emb,-,2656,0,0.010401800
postgres,1,insert_emb,-,2656,0,0.005133200
postgres,1,generar_emb,-,2657,0,0.011039700
postgres,1,insert_emb,-,2657,0,0.005218100
postgres,1,generar_emb,-,2658,0,0.011214300
postgres,1,insert_emb,-,2658,0,0.005201800
postgres,1,generar_emb,-,2659,0,0.011838800
postgres,1,insert_emb,-,2659,0,0.005150900
postgres,1,generar_emb,-,2660,0,0.014005500
postgres,1,insert_emb,-,2660,0,0.005742400
postgres,1,generar_emb,-,2661,0,0.012477900
postgres,1,insert_emb,-,2661,0,0.005317700
postgres,1,generar_emb,-,2662,0,0.011371300
postgres,1,insert_emb,-,2662,0,0.005293200
postgres,1,generar_emb,-,2663,0,0.012416600
postgres,1,insert_emb,-,2663,0,0.005011700
postgres,1,generar_emb,-,2664,0,0.014697200
postgres,1,insert_emb,-,2664,0,0.005377200
postgres,1,generar_emb,-,2665,0,0.012221700
postgres,1,insert_emb,-,2665,0,0.005164000
postgres,1,generar_emb,-,2666,0,0.011670100
postgres,1,insert_emb,-,2666,0,0.005232100
postgres,1,generar_emb,-,2667,0,0.011903600
postgres,1,insert_emb,-,2667,0,0.005258000
postgres,1,generar_emb,-,2668,0,0.014373400
postgres,1,insert_emb,-,2668,0,0.005303500
postgres,1,generar_emb,-,2669,0,0.012891400
postgres,1,insert_emb,-,2669,0,0.005112700
postgres,1,generar_emb,-,2670,0,0.011507500
postgres,1,insert_emb,-,2670,0,0.004989500
postgres,1,generar_emb,-,2671,0,0.012674700
postgres,1,insert_emb,-,2671,0,0.005172000
postgres,1,generar_emb,-,2672,0,0.016377300
postgres,1,insert_emb,-,2672,0,0.005141000
postgres,1,generar_emb,-,2673,0,0.011200900
postgres,1,insert_emb,-,2673,0,0.005198100
postgres,1,generar_emb,-,2674,0,0.012413400
postgres,1,insert_emb,-,2674,0,0.005143200
postgres,1,generar_emb,-,2675,0,0.015131400
postgres,1,insert_emb,-,2675,0,0.005728300
postgres,1,generar_emb,-,2676,0,0.012630600
postgres,1,insert_emb,-,2676,0,0.005735300
postgres,1,generar_emb,-,2677,0,0.012421600
postgres,1,insert_emb,-,2677,0,0.005637200
postgres,1,generar_emb,-,2678,0,0.011662400
postgres,1,insert_emb,-,2678,0,0.005567200
postgres,1,generar_emb,-,2679,0,0.014665900
postgres,1,insert_emb,-,2679,0,0.005636900
postgres,1,generar_emb,-,2680,0,0.011627200
postgres,1,insert_emb,-,2680,0,0.005783400
postgres,1,generar_emb,-,2681,0,0.015030200
postgres,1,insert_emb,-,2681,0,0.005714300
postgres,1,generar_emb,-,2682,0,0.013545800
postgres,1,insert_emb,-,2682,0,0.005345800
postgres,1,generar_emb,-,2683,0,0.015919400
postgres,1,insert_emb,-,2683,0,0.005206100
postgres,1,generar_emb,-,2684,0,0.014563000
postgres,1,insert_emb,-,2684,0,0.005204600
postgres,1,generar_emb,-,2685,0,0.014511300
postgres,1,insert_emb,-,2685,0,0.005298100
postgres,1,generar_emb,-,2686,0,0.012330200
postgres,1,insert_emb,-,2686,0,0.005144400
postgres,1,generar_emb,-,2687,0,0.012719300
postgres,1,insert_emb,-,2687,0,0.005186700
postgres,1,generar_emb,-,2688,0,0.012544900
postgres,1,insert_emb,-,2688,0,0.005501100
postgres,1,generar_emb,-,2689,0,0.016263900
postgres,1,insert_emb,-,2689,0,0.005278100
postgres,1,generar_emb,-,2690,0,0.012829500
postgres,1,insert_emb,-,2690,0,0.005118900
postgres,1,generar_emb,-,2691,0,0.015758100
postgres,1,insert_emb,-,2691,0,0.005491100
postgres,1,generar_emb,-,2692,0,0.013114500
postgres,1,insert_emb,-,2692,0,0.005843000
postgres,1,generar_emb,-,2693,0,0.013940800
postgres,1,insert_emb,-,2693,0,0.005216400
postgres,1,generar_emb,-,2694,0,0.013287000
postgres,1,insert_emb,-,2694,0,0.005520400
postgres,1,generar_emb,-,2695,0,0.012241600
postgres,1,insert_emb,-,2695,0,0.005531800
postgres,1,generar_emb,-,2696,0,0.013858100
postgres,1,insert_emb,-,2696,0,0.005107500
postgres,1,generar_emb,-,2697,0,0.012793100
postgres,1,insert_emb,-,2697,0,0.005093700
postgres,1,generar_emb,-,2698,0,0.011480800
postgres,1,insert_emb,-,2698,0,0.005264600
postgres,1,generar_emb,-,2699,0,0.013135800
postgres,1,insert_emb,-,2699,0,0.005530100
postgres,1,generar_emb,-,2700,0,0.013200900
postgres,1,insert_emb,-,2700,0,0.005741400
postgres,1,generar_emb,-,2701,0,0.012491600
postgres,1,insert_emb,-,2701,0,0.005202500
postgres,1,generar_emb,-,2702,0,0.012570900
postgres,1,insert_emb,-,2702,0,0.005354200
postgres,1,generar_emb,-,2703,0,0.014260600
postgres,1,insert_emb,-,2703,0,0.005428700
postgres,1,generar_emb,-,2704,0,0.014594300
postgres,1,insert_emb,-,2704,0,0.005648300
postgres,1,generar_emb,-,2705,0,0.012458000
postgres,1,insert_emb,-,2705,0,0.005482700
postgres,1,generar_emb,-,2706,0,0.010780000
postgres,1,insert_emb,-,2706,0,0.005430300
postgres,1,generar_emb,-,2707,0,0.011473800
postgres,1,insert_emb,-,2707,0,0.005022700
postgres,1,generar_emb,-,2708,0,0.013594800
postgres,1,insert_emb,-,2708,0,0.005351500
postgres,1,generar_emb,-,2709,0,0.011232500
postgres,1,insert_emb,-,2709,0,0.005507400
postgres,1,generar_emb,-,2710,0,0.011280800
postgres,1,insert_emb,-,2710,0,0.005223000
postgres,1,generar_emb,-,2711,0,0.010692400
postgres,1,insert_emb,-,2711,0,0.005306800
postgres,1,generar_emb,-,2712,0,0.013582700
postgres,1,insert_emb,-,2712,0,0.005032600
postgres,1,generar_emb,-,2713,0,0.012023400
postgres,1,insert_emb,-,2713,0,0.005099500
postgres,1,generar_emb,-,2714,0,0.010603400
postgres,1,insert_emb,-,2714,0,0.005060500
postgres,1,generar_emb,-,2715,0,0.010996100
postgres,1,insert_emb,-,2715,0,0.005325800
postgres,1,generar_emb,-,2716,0,0.010868700
postgres,1,insert_emb,-,2716,0,0.005088900
postgres,1,generar_emb,-,2717,0,0.011313500
postgres,1,insert_emb,-,2717,0,0.005191200
postgres,1,generar_emb,-,2718,0,0.014822100
postgres,1,insert_emb,-,2718,0,0.005217700
postgres,1,generar_emb,-,2719,0,0.012209300
postgres,1,insert_emb,-,2719,0,0.005153800
postgres,1,generar_emb,-,2720,0,0.010905300
postgres,1,insert_emb,-,2720,0,0.005162800
postgres,1,generar_emb,-,2721,0,0.011654900
postgres,1,insert_emb,-,2721,0,0.005038000
postgres,1,generar_emb,-,2722,0,0.011326000
postgres,1,insert_emb,-,2722,0,0.005224500
postgres,1,generar_emb,-,2723,0,0.011543500
postgres,1,insert_emb,-,2723,0,0.005479800
postgres,1,generar_emb,-,2724,0,0.010707000
postgres,1,insert_emb,-,2724,0,0.005186800
postgres,1,generar_emb,-,2725,0,0.010575900
postgres,1,insert_emb,-,2725,0,0.005325500
postgres,1,generar_emb,-,2726,0,0.012320400
postgres,1,insert_emb,-,2726,0,0.005367500
postgres,1,generar_emb,-,2727,0,0.013084700
postgres,1,insert_emb,-,2727,0,0.005113600
postgres,1,generar_emb,-,2728,0,0.011690200
postgres,1,insert_emb,-,2728,0,0.005200900
postgres,1,generar_emb,-,2729,0,0.011036900
postgres,1,insert_emb,-,2729,0,0.005115400
postgres,1,generar_emb,-,2730,0,0.011706300
postgres,1,insert_emb,-,2730,0,0.005221100
postgres,1,generar_emb,-,2731,0,0.012542500
postgres,1,insert_emb,-,2731,0,0.005784300
postgres,1,generar_emb,-,2732,0,0.011328700
postgres,1,insert_emb,-,2732,0,0.005548300
postgres,1,generar_emb,-,2733,0,0.012225200
postgres,1,insert_emb,-,2733,0,0.005909400
postgres,1,generar_emb,-,2734,0,0.010476400
postgres,1,insert_emb,-,2734,0,0.005189600
postgres,1,generar_emb,-,2735,0,0.012508700
postgres,1,insert_emb,-,2735,0,0.005557600
postgres,1,generar_emb,-,2736,0,0.015135400
postgres,1,insert_emb,-,2736,0,0.005148100
postgres,1,generar_emb,-,2737,0,0.013067700
postgres,1,insert_emb,-,2737,0,0.005130200
postgres,1,generar_emb,-,2738,0,0.011532500
postgres,1,insert_emb,-,2738,0,0.005165700
postgres,1,generar_emb,-,2739,0,0.012262600
postgres,1,insert_emb,-,2739,0,0.005080900
postgres,1,generar_emb,-,2740,0,0.012145200
postgres,1,insert_emb,-,2740,0,0.005174800
postgres,1,generar_emb,-,2741,0,0.011367000
postgres,1,insert_emb,-,2741,0,0.005220600
postgres,1,generar_emb,-,2742,0,0.011578800
postgres,1,insert_emb,-,2742,0,0.005300000
postgres,1,generar_emb,-,2743,0,0.012683500
postgres,1,insert_emb,-,2743,0,0.005184800
postgres,1,generar_emb,-,2744,0,0.014372200
postgres,1,insert_emb,-,2744,0,0.005752300
postgres,1,generar_emb,-,2745,0,0.012736600
postgres,1,insert_emb,-,2745,0,0.005611800
postgres,1,generar_emb,-,2746,0,0.010724700
postgres,1,insert_emb,-,2746,0,0.005420600
postgres,1,generar_emb,-,2747,0,0.012603100
postgres,1,insert_emb,-,2747,0,0.005325200
postgres,1,generar_emb,-,2748,0,0.011830700
postgres,1,insert_emb,-,2748,0,0.005856100
postgres,1,generar_emb,-,2749,0,0.010693000
postgres,1,insert_emb,-,2749,0,0.005602100
postgres,1,generar_emb,-,2750,0,0.012067200
postgres,1,insert_emb,-,2750,0,0.005155100
postgres,1,generar_emb,-,2751,0,0.012559200
postgres,1,insert_emb,-,2751,0,0.005691800
postgres,1,generar_emb,-,2752,0,0.012740800
postgres,1,insert_emb,-,2752,0,0.005148000
postgres,1,generar_emb,-,2753,0,0.013276900
postgres,1,insert_emb,-,2753,0,0.005119500
postgres,1,generar_emb,-,2754,0,0.013624900
postgres,1,insert_emb,-,2754,0,0.005313000
postgres,1,generar_emb,-,2755,0,0.012106200
postgres,1,insert_emb,-,2755,0,0.005195800
postgres,1,generar_emb,-,2756,0,0.012566200
postgres,1,insert_emb,-,2756,0,0.005496200
postgres,1,generar_emb,-,2757,0,0.010228500
postgres,1,insert_emb,-,2757,0,0.005150000
postgres,1,generar_emb,-,2758,0,0.011962400
postgres,1,insert_emb,-,2758,0,0.004884300
postgres,1,generar_emb,-,2759,0,0.013589700
postgres,1,insert_emb,-,2759,0,0.005398800
postgres,1,generar_emb,-,2760,0,0.013609100
postgres,1,insert_emb,-,2760,0,0.005138800
postgres,1,generar_emb,-,2761,0,0.013514800
postgres,1,insert_emb,-,2761,0,0.005339300
postgres,1,generar_emb,-,2762,0,0.013306900
postgres,1,insert_emb,-,2762,0,0.005935800
postgres,1,generar_emb,-,2763,0,0.010290100
postgres,1,insert_emb,-,2763,0,0.005658600
postgres,1,generar_emb,-,2764,0,0.011504800
postgres,1,insert_emb,-,2764,0,0.005728300
postgres,1,generar_emb,-,2765,0,0.010673300
postgres,1,insert_emb,-,2765,0,0.005616500
postgres,1,generar_emb,-,2766,0,0.012934700
postgres,1,insert_emb,-,2766,0,0.005500100
postgres,1,generar_emb,-,2767,0,0.011066100
postgres,1,insert_emb,-,2767,0,0.005517100
postgres,1,generar_emb,-,2768,0,0.011803700
postgres,1,insert_emb,-,2768,0,0.005775700
postgres,1,generar_emb,-,2769,0,0.011677000
postgres,1,insert_emb,-,2769,0,0.005565100
postgres,1,generar_emb,-,2770,0,0.011487300
postgres,1,insert_emb,-,2770,0,0.005488800
postgres,1,generar_emb,-,2771,0,0.010952300
postgres,1,insert_emb,-,2771,0,0.005228900
postgres,1,generar_emb,-,2772,0,0.012370100
postgres,1,insert_emb,-,2772,0,0.005486800
postgres,1,generar_emb,-,2773,0,0.012344000
postgres,1,insert_emb,-,2773,0,0.005254600
postgres,1,generar_emb,-,2774,0,0.011728500
postgres,1,insert_emb,-,2774,0,0.005477900
postgres,1,generar_emb,-,2775,0,0.012293800
postgres,1,insert_emb,-,2775,0,0.005527700
postgres,1,generar_emb,-,2776,0,0.012360200
postgres,1,insert_emb,-,2776,0,0.005506800
postgres,1,generar_emb,-,2777,0,0.010428600
postgres,1,insert_emb,-,2777,0,0.005181900
postgres,1,generar_emb,-,2778,0,0.014367100
postgres,1,insert_emb,-,2778,0,0.005682800
postgres,1,generar_emb,-,2779,0,0.012545700
postgres,1,insert_emb,-,2779,0,0.005302100
postgres,1,generar_emb,-,2780,0,0.012482100
postgres,1,insert_emb,-,2780,0,0.005496600
postgres,1,generar_emb,-,2781,0,0.013728100
postgres,1,insert_emb,-,2781,0,0.005663900
postgres,1,generar_emb,-,2782,0,0.012517400
postgres,1,insert_emb,-,2782,0,0.005691100
postgres,1,generar_emb,-,2783,0,0.012815800
postgres,1,insert_emb,-,2783,0,0.005554500
postgres,1,generar_emb,-,2784,0,0.012257500
postgres,1,insert_emb,-,2784,0,0.005171400
postgres,1,generar_emb,-,2785,0,0.012629300
postgres,1,insert_emb,-,2785,0,0.005490400
postgres,1,generar_emb,-,2786,0,0.011862600
postgres,1,insert_emb,-,2786,0,0.005413900
postgres,1,generar_emb,-,2787,0,0.012134600
postgres,1,insert_emb,-,2787,0,0.005377800
postgres,1,generar_emb,-,2788,0,0.012283600
postgres,1,insert_emb,-,2788,0,0.005081400
postgres,1,generar_emb,-,2789,0,0.012359800
postgres,1,insert_emb,-,2789,0,0.005034800
postgres,1,generar_emb,-,2790,0,0.012659200
postgres,1,insert_emb,-,2790,0,0.005175900
postgres,1,generar_emb,-,2791,0,0.012671500
postgres,1,insert_emb,-,2791,0,0.005650500
postgres,1,generar_emb,-,2792,0,0.013005200
postgres,1,insert_emb,-,2792,0,0.005217100
postgres,1,generar_emb,-,2793,0,0.012630000
postgres,1,insert_emb,-,2793,0,0.005133000
postgres,1,generar_emb,-,2794,0,0.013242000
postgres,1,insert_emb,-,2794,0,0.006062300
postgres,1,generar_emb,-,2795,0,0.012313600
postgres,1,insert_emb,-,2795,0,0.005897800
postgres,1,generar_emb,-,2796,0,0.012975600
postgres,1,insert_emb,-,2796,0,0.005604700
postgres,1,generar_emb,-,2797,0,0.012988600
postgres,1,insert_emb,-,2797,0,0.005939400
postgres,1,generar_emb,-,2798,0,0.010682800
postgres,1,insert_emb,-,2798,0,0.005568300
postgres,1,generar_emb,-,2799,0,0.010698400
postgres,1,insert_emb,-,2799,0,0.005768200
postgres,1,generar_emb,-,2800,0,0.013320900
postgres,1,insert_emb,-,2800,0,0.005844100
postgres,1,generar_emb,-,2801,0,0.012891200
postgres,1,insert_emb,-,2801,0,0.005357900
postgres,1,generar_emb,-,2802,0,0.013491100
postgres,1,insert_emb,-,2802,0,0.005326100
postgres,1,generar_emb,-,2803,0,0.013322700
postgres,1,insert_emb,-,2803,0,0.005238200
postgres,1,generar_emb,-,2804,0,0.012992100
postgres,1,insert_emb,-,2804,0,0.005303600
postgres,1,generar_emb,-,2805,0,0.012855800
postgres,1,insert_emb,-,2805,0,0.005384800
postgres,1,generar_emb,-,2806,0,0.012890900
postgres,1,insert_emb,-,2806,0,0.005245500
postgres,1,generar_emb,-,2807,0,0.011539900
postgres,1,insert_emb,-,2807,0,0.005251100
postgres,1,generar_emb,-,2808,0,0.012844300
postgres,1,insert_emb,-,2808,0,0.005368500
postgres,1,generar_emb,-,2809,0,0.013435300
postgres,1,insert_emb,-,2809,0,0.005257700
postgres,1,generar_emb,-,2810,0,0.015610400
postgres,1,insert_emb,-,2810,0,0.005456200
postgres,1,generar_emb,-,2811,0,0.013263500
postgres,1,insert_emb,-,2811,0,0.006218400
postgres,1,generar_emb,-,2812,0,0.014105300
postgres,1,insert_emb,-,2812,0,0.005446900
postgres,1,generar_emb,-,2813,0,0.013188700
postgres,1,insert_emb,-,2813,0,0.005143700
postgres,1,generar_emb,-,2814,0,0.012666900
postgres,1,insert_emb,-,2814,0,0.006092700
postgres,1,generar_emb,-,2815,0,0.013747600
postgres,1,insert_emb,-,2815,0,0.005504200
postgres,1,generar_emb,-,2816,0,0.014613000
postgres,1,insert_emb,-,2816,0,0.005253600
postgres,1,generar_emb,-,2817,0,0.011262700
postgres,1,insert_emb,-,2817,0,0.005872000
postgres,1,generar_emb,-,2818,0,0.018607900
postgres,1,insert_emb,-,2818,0,0.005553000
postgres,1,generar_emb,-,2819,0,0.011593200
postgres,1,insert_emb,-,2819,0,0.005727500
postgres,1,generar_emb,-,2820,0,0.011163000
postgres,1,insert_emb,-,2820,0,0.005669600
postgres,1,generar_emb,-,2821,0,0.012181300
postgres,1,insert_emb,-,2821,0,0.005650500
postgres,1,generar_emb,-,2822,0,0.012659400
postgres,1,insert_emb,-,2822,0,0.006059100
postgres,1,generar_emb,-,2823,0,0.011984400
postgres,1,insert_emb,-,2823,0,0.005289500
postgres,1,generar_emb,-,2824,0,0.012534200
postgres,1,insert_emb,-,2824,0,0.005396200
postgres,1,generar_emb,-,2825,0,0.012464800
postgres,1,insert_emb,-,2825,0,0.005490500
postgres,1,generar_emb,-,2826,0,0.013309600
postgres,1,insert_emb,-,2826,0,0.005686400
postgres,1,generar_emb,-,2827,0,0.013413500
postgres,1,insert_emb,-,2827,0,0.005656700
postgres,1,generar_emb,-,2828,0,0.013871400
postgres,1,insert_emb,-,2828,0,0.005177200
postgres,1,generar_emb,-,2829,0,0.014772600
postgres,1,insert_emb,-,2829,0,0.005955000
postgres,1,generar_emb,-,2830,0,0.012435100
postgres,1,insert_emb,-,2830,0,0.005706300
postgres,1,generar_emb,-,2831,0,0.012768500
postgres,1,insert_emb,-,2831,0,0.005095700
postgres,1,generar_emb,-,2832,0,0.015669800
postgres,1,insert_emb,-,2832,0,0.005281700
postgres,1,generar_emb,-,2833,0,0.013368200
postgres,1,insert_emb,-,2833,0,0.005263100
postgres,1,generar_emb,-,2834,0,0.014477800
postgres,1,insert_emb,-,2834,0,0.005729400
postgres,1,generar_emb,-,2835,0,0.011594100
postgres,1,insert_emb,-,2835,0,0.005633100
postgres,1,generar_emb,-,2836,0,0.013220800
postgres,1,insert_emb,-,2836,0,0.005317000
postgres,1,generar_emb,-,2837,0,0.012321500
postgres,1,insert_emb,-,2837,0,0.005433300
postgres,1,generar_emb,-,2838,0,0.011171800
postgres,1,insert_emb,-,2838,0,0.005361900
postgres,1,generar_emb,-,2839,0,0.011841100
postgres,1,insert_emb,-,2839,0,0.005108700
postgres,1,generar_emb,-,2840,0,0.011636600
postgres,1,insert_emb,-,2840,0,0.005369600
postgres,1,generar_emb,-,2841,0,0.011845000
postgres,1,insert_emb,-,2841,0,0.005182900
postgres,1,generar_emb,-,2842,0,0.011577500
postgres,1,insert_emb,-,2842,0,0.005280000
postgres,1,generar_emb,-,2843,0,0.014174000
postgres,1,insert_emb,-,2843,0,0.005918200
postgres,1,generar_emb,-,2844,0,0.013949900
postgres,1,insert_emb,-,2844,0,0.005182500
postgres,1,generar_emb,-,2845,0,0.011757500
postgres,1,insert_emb,-,2845,0,0.005302000
postgres,1,generar_emb,-,2846,0,0.013858100
postgres,1,insert_emb,-,2846,0,0.005255000
postgres,1,generar_emb,-,2847,0,0.014013100
postgres,1,insert_emb,-,2847,0,0.005515000
postgres,1,generar_emb,-,2848,0,0.012479200
postgres,1,insert_emb,-,2848,0,0.005343600
postgres,1,generar_emb,-,2849,0,0.012116800
postgres,1,insert_emb,-,2849,0,0.005524700
postgres,1,generar_emb,-,2850,0,0.012663700
postgres,1,insert_emb,-,2850,0,0.005535800
postgres,1,generar_emb,-,2851,0,0.012421600
postgres,1,insert_emb,-,2851,0,0.005288300
postgres,1,generar_emb,-,2852,0,0.011031800
postgres,1,insert_emb,-,2852,0,0.005553700
postgres,1,generar_emb,-,2853,0,0.012340600
postgres,1,insert_emb,-,2853,0,0.005388400
postgres,1,generar_emb,-,2854,0,0.011334200
postgres,1,insert_emb,-,2854,0,0.005363100
postgres,1,generar_emb,-,2855,0,0.012024600
postgres,1,insert_emb,-,2855,0,0.005199200
postgres,1,generar_emb,-,2856,0,0.014581200
postgres,1,insert_emb,-,2856,0,0.005211700
postgres,1,generar_emb,-,2857,0,0.012028600
postgres,1,insert_emb,-,2857,0,0.005283600
postgres,1,generar_emb,-,2858,0,0.016256900
postgres,1,insert_emb,-,2858,0,0.005301600
postgres,1,generar_emb,-,2859,0,0.012589000
postgres,1,insert_emb,-,2859,0,0.005697500
postgres,1,generar_emb,-,2860,0,0.015670500
postgres,1,insert_emb,-,2860,0,0.005721300
postgres,1,generar_emb,-,2861,0,0.012531700
postgres,1,insert_emb,-,2861,0,0.005326600
postgres,1,generar_emb,-,2862,0,0.011914300
postgres,1,insert_emb,-,2862,0,0.005306600
postgres,1,generar_emb,-,2863,0,0.011541200
postgres,1,insert_emb,-,2863,0,0.005248200
postgres,1,generar_emb,-,2864,0,0.012943900
postgres,1,insert_emb,-,2864,0,0.005092700
postgres,1,generar_emb,-,2865,0,0.013402100
postgres,1,insert_emb,-,2865,0,0.005186700
postgres,1,generar_emb,-,2866,0,0.014781800
postgres,1,insert_emb,-,2866,0,0.006311000
postgres,1,generar_emb,-,2867,0,0.016465000
postgres,1,insert_emb,-,2867,0,0.005376200
postgres,1,generar_emb,-,2868,0,0.011984300
postgres,1,insert_emb,-,2868,0,0.005264400
postgres,1,generar_emb,-,2869,0,0.017950300
postgres,1,insert_emb,-,2869,0,0.005352000
postgres,1,generar_emb,-,2870,0,0.016308200
postgres,1,insert_emb,-,2870,0,0.005436200
postgres,1,generar_emb,-,2871,0,0.013098000
postgres,1,insert_emb,-,2871,0,0.005459900
postgres,1,generar_emb,-,2872,0,0.014753400
postgres,1,insert_emb,-,2872,0,0.005184000
postgres,1,generar_emb,-,2873,0,0.014512900
postgres,1,insert_emb,-,2873,0,0.005296400
postgres,1,generar_emb,-,2874,0,0.010607800
postgres,1,insert_emb,-,2874,0,0.005459100
postgres,1,generar_emb,-,2875,0,0.011275500
postgres,1,insert_emb,-,2875,0,0.005229100
postgres,1,generar_emb,-,2876,0,0.014129700
postgres,1,insert_emb,-,2876,0,0.005584700
postgres,1,generar_emb,-,2877,0,0.010712700
postgres,1,insert_emb,-,2877,0,0.005538500
postgres,1,generar_emb,-,2878,0,0.013650200
postgres,1,insert_emb,-,2878,0,0.005097800
postgres,1,generar_emb,-,2879,0,0.010243700
postgres,1,insert_emb,-,2879,0,0.006064400
postgres,1,generar_emb,-,2880,0,0.014987600
postgres,1,insert_emb,-,2880,0,0.005926300
postgres,1,generar_emb,-,2881,0,0.011486600
postgres,1,insert_emb,-,2881,0,0.005596900
postgres,1,generar_emb,-,2882,0,0.016210800
postgres,1,insert_emb,-,2882,0,0.005668200
postgres,1,generar_emb,-,2883,0,0.023697300
postgres,1,insert_emb,-,2883,0,0.007115200
postgres,1,generar_emb,-,2884,0,0.018356500
postgres,1,insert_emb,-,2884,0,0.006880800
postgres,1,generar_emb,-,2885,0,0.022656300
postgres,1,insert_emb,-,2885,0,0.006945700
postgres,1,generar_emb,-,2886,0,0.015159200
postgres,1,insert_emb,-,2886,0,0.005754500
postgres,1,generar_emb,-,2887,0,0.013537700
postgres,1,insert_emb,-,2887,0,0.005928500
postgres,1,generar_emb,-,2888,0,0.011994700
postgres,1,insert_emb,-,2888,0,0.006014700
postgres,1,generar_emb,-,2889,0,0.012728700
postgres,1,insert_emb,-,2889,0,0.005628300
postgres,1,generar_emb,-,2890,0,0.012715400
postgres,1,insert_emb,-,2890,0,0.006234000
postgres,1,generar_emb,-,2891,0,0.012252500
postgres,1,insert_emb,-,2891,0,0.005721800
postgres,1,generar_emb,-,2892,0,0.014727300
postgres,1,insert_emb,-,2892,0,0.005478100
postgres,1,generar_emb,-,2893,0,0.011513800
postgres,1,insert_emb,-,2893,0,0.005815000
postgres,1,generar_emb,-,2894,0,0.013280500
postgres,1,insert_emb,-,2894,0,0.005900800
postgres,1,generar_emb,-,2895,0,0.015637400
postgres,1,insert_emb,-,2895,0,0.006365700
postgres,1,generar_emb,-,2896,0,0.019019800
postgres,1,insert_emb,-,2896,0,0.006290500
postgres,1,generar_emb,-,2897,0,0.016300500
postgres,1,insert_emb,-,2897,0,0.006438300
postgres,1,generar_emb,-,2898,0,0.019371700
postgres,1,insert_emb,-,2898,0,0.006695300
postgres,1,generar_emb,-,2899,0,0.022899000
postgres,1,insert_emb,-,2899,0,0.007806700
postgres,1,generar_emb,-,2900,0,0.018555400
postgres,1,insert_emb,-,2900,0,0.007764200
postgres,1,generar_emb,-,2901,0,0.016368300
postgres,1,insert_emb,-,2901,0,0.005408100
postgres,1,generar_emb,-,2902,0,0.013501800
postgres,1,insert_emb,-,2902,0,0.005300800
postgres,1,generar_emb,-,2903,0,0.010836600
postgres,1,insert_emb,-,2903,0,0.005354900
postgres,1,generar_emb,-,2904,0,0.016655200
postgres,1,insert_emb,-,2904,0,0.005270600
postgres,1,generar_emb,-,2905,0,0.011448300
postgres,1,insert_emb,-,2905,0,0.005103700
postgres,1,generar_emb,-,2906,0,0.014842600
postgres,1,insert_emb,-,2906,0,0.005273100
postgres,1,generar_emb,-,2907,0,0.012684400
postgres,1,insert_emb,-,2907,0,0.005087100
postgres,1,generar_emb,-,2908,0,0.012012000
postgres,1,insert_emb,-,2908,0,0.005396500
postgres,1,generar_emb,-,2909,0,0.012380800
postgres,1,insert_emb,-,2909,0,0.005123500
postgres,1,generar_emb,-,2910,0,0.014347900
postgres,1,insert_emb,-,2910,0,0.005327100
postgres,1,generar_emb,-,2911,0,0.014629700
postgres,1,insert_emb,-,2911,0,0.005158500
postgres,1,generar_emb,-,2912,0,0.016003300
postgres,1,insert_emb,-,2912,0,0.005297000
postgres,1,generar_emb,-,2913,0,0.015024400
postgres,1,insert_emb,-,2913,0,0.005361200
postgres,1,generar_emb,-,2914,0,0.018985400
postgres,1,insert_emb,-,2914,0,0.005547500
postgres,1,generar_emb,-,2915,0,0.013379500
postgres,1,insert_emb,-,2915,0,0.005665400
postgres,1,generar_emb,-,2916,0,0.012692500
postgres,1,insert_emb,-,2916,0,0.005277100
postgres,1,generar_emb,-,2917,0,0.012233800
postgres,1,insert_emb,-,2917,0,0.005432100
postgres,1,generar_emb,-,2918,0,0.016960900
postgres,1,insert_emb,-,2918,0,0.005315500
postgres,1,generar_emb,-,2919,0,0.012573300
postgres,1,insert_emb,-,2919,0,0.005855500
postgres,1,generar_emb,-,2920,0,0.010565200
postgres,1,insert_emb,-,2920,0,0.005499300
postgres,1,generar_emb,-,2921,0,0.013495000
postgres,1,insert_emb,-,2921,0,0.005365300
postgres,1,generar_emb,-,2922,0,0.011091100
postgres,1,insert_emb,-,2922,0,0.005250700
postgres,1,generar_emb,-,2923,0,0.011651500
postgres,1,insert_emb,-,2923,0,0.005177200
postgres,1,generar_emb,-,2924,0,0.015267200
postgres,1,insert_emb,-,2924,0,0.005359100
postgres,1,generar_emb,-,2925,0,0.013238400
postgres,1,insert_emb,-,2925,0,0.005284500
postgres,1,generar_emb,-,2926,0,0.014803300
postgres,1,insert_emb,-,2926,0,0.005528100
postgres,1,generar_emb,-,2927,0,0.013958300
postgres,1,insert_emb,-,2927,0,0.005885200
postgres,1,generar_emb,-,2928,0,0.015806900
postgres,1,insert_emb,-,2928,0,0.005521700
postgres,1,generar_emb,-,2929,0,0.011507600
postgres,1,insert_emb,-,2929,0,0.005338600
postgres,1,generar_emb,-,2930,0,0.012789700
postgres,1,insert_emb,-,2930,0,0.005589200
postgres,1,generar_emb,-,2931,0,0.016611300
postgres,1,insert_emb,-,2931,0,0.005609600
postgres,1,generar_emb,-,2932,0,0.011377500
postgres,1,insert_emb,-,2932,0,0.005542300
postgres,1,generar_emb,-,2933,0,0.012542300
postgres,1,insert_emb,-,2933,0,0.005127900
postgres,1,generar_emb,-,2934,0,0.016489200
postgres,1,insert_emb,-,2934,0,0.005755300
postgres,1,generar_emb,-,2935,0,0.012590800
postgres,1,insert_emb,-,2935,0,0.005704900
postgres,1,generar_emb,-,2936,0,0.014015200
postgres,1,insert_emb,-,2936,0,0.006311900
postgres,1,generar_emb,-,2937,0,0.017502000
postgres,1,insert_emb,-,2937,0,0.005372300
postgres,1,generar_emb,-,2938,0,0.012351800
postgres,1,insert_emb,-,2938,0,0.005476900
postgres,1,generar_emb,-,2939,0,0.011700400
postgres,1,insert_emb,-,2939,0,0.005212100
postgres,1,generar_emb,-,2940,0,0.014738800
postgres,1,insert_emb,-,2940,0,0.005310400
postgres,1,generar_emb,-,2941,0,0.013155700
postgres,1,insert_emb,-,2941,0,0.005585900
postgres,1,generar_emb,-,2942,0,0.013417600
postgres,1,insert_emb,-,2942,0,0.005144800
postgres,1,generar_emb,-,2943,0,0.017274800
postgres,1,insert_emb,-,2943,0,0.005354700
postgres,1,generar_emb,-,2944,0,0.016050700
postgres,1,insert_emb,-,2944,0,0.005542500
postgres,1,generar_emb,-,2945,0,0.015181400
postgres,1,insert_emb,-,2945,0,0.005325800
postgres,1,generar_emb,-,2946,0,0.012083000
postgres,1,insert_emb,-,2946,0,0.005347700
postgres,1,generar_emb,-,2947,0,0.011811900
postgres,1,insert_emb,-,2947,0,0.004974000
postgres,1,generar_emb,-,2948,0,0.012884700
postgres,1,insert_emb,-,2948,0,0.004986200
postgres,1,generar_emb,-,2949,0,0.014191900
postgres,1,insert_emb,-,2949,0,0.005130500
postgres,1,generar_emb,-,2950,0,0.013934200
postgres,1,insert_emb,-,2950,0,0.005843600
postgres,1,generar_emb,-,2951,0,0.013925200
postgres,1,insert_emb,-,2951,0,0.005237200
postgres,1,generar_emb,-,2952,0,0.010976000
postgres,1,insert_emb,-,2952,0,0.005235500
postgres,1,generar_emb,-,2953,0,0.012895000
postgres,1,insert_emb,-,2953,0,0.005565300
postgres,1,generar_emb,-,2954,0,0.010372600
postgres,1,insert_emb,-,2954,0,0.005882600
postgres,1,generar_emb,-,2955,0,0.011601100
postgres,1,insert_emb,-,2955,0,0.005301100
postgres,1,generar_emb,-,2956,0,0.012213600
postgres,1,insert_emb,-,2956,0,0.005685900
postgres,1,generar_emb,-,2957,0,0.012307700
postgres,1,insert_emb,-,2957,0,0.005098900
postgres,1,generar_emb,-,2958,0,0.015038900
postgres,1,insert_emb,-,2958,0,0.005076400
postgres,1,generar_emb,-,2959,0,0.012535900
postgres,1,insert_emb,-,2959,0,0.005410500
postgres,1,generar_emb,-,2960,0,0.012891000
postgres,1,insert_emb,-,2960,0,0.005545700
postgres,1,generar_emb,-,2961,0,0.011059100
postgres,1,insert_emb,-,2961,0,0.005479400
postgres,1,generar_emb,-,2962,0,0.011519000
postgres,1,insert_emb,-,2962,0,0.005138900
postgres,1,generar_emb,-,2963,0,0.011886400
postgres,1,insert_emb,-,2963,0,0.005033300
postgres,1,generar_emb,-,2964,0,0.011375200
postgres,1,insert_emb,-,2964,0,0.005070700
postgres,1,generar_emb,-,2965,0,0.011466200
postgres,1,insert_emb,-,2965,0,0.005221800
postgres,1,generar_emb,-,2966,0,0.013671900
postgres,1,insert_emb,-,2966,0,0.005144000
postgres,1,generar_emb,-,2967,0,0.014885100
postgres,1,insert_emb,-,2967,0,0.005263300
postgres,1,generar_emb,-,2968,0,0.016558500
postgres,1,insert_emb,-,2968,0,0.005190700
postgres,1,generar_emb,-,2969,0,0.012344200
postgres,1,insert_emb,-,2969,0,0.005385600
postgres,1,generar_emb,-,2970,0,0.011324300
postgres,1,insert_emb,-,2970,0,0.005143400
postgres,1,generar_emb,-,2971,0,0.011345900
postgres,1,insert_emb,-,2971,0,0.004988200
postgres,1,generar_emb,-,2972,0,0.018142100
postgres,1,insert_emb,-,2972,0,0.005661700
postgres,1,generar_emb,-,2973,0,0.011705900
postgres,1,insert_emb,-,2973,0,0.005076400
postgres,1,generar_emb,-,2974,0,0.011134300
postgres,1,insert_emb,-,2974,0,0.005070300
postgres,1,generar_emb,-,2975,0,0.011016400
postgres,1,insert_emb,-,2975,0,0.005350300
postgres,1,generar_emb,-,2976,0,0.011759400
postgres,1,insert_emb,-,2976,0,0.005353900
postgres,1,generar_emb,-,2977,0,0.011692700
postgres,1,insert_emb,-,2977,0,0.005336800
postgres,1,generar_emb,-,2978,0,0.012078400
postgres,1,insert_emb,-,2978,0,0.005491200
postgres,1,generar_emb,-,2979,0,0.011933400
postgres,1,insert_emb,-,2979,0,0.005385700
postgres,1,generar_emb,-,2980,0,0.012473000
postgres,1,insert_emb,-,2980,0,0.005747900
postgres,1,generar_emb,-,2981,0,0.010927500
postgres,1,insert_emb,-,2981,0,0.005494500
postgres,1,generar_emb,-,2982,0,0.011706000
postgres,1,insert_emb,-,2982,0,0.005716700
postgres,1,generar_emb,-,2983,0,0.012418700
postgres,1,insert_emb,-,2983,0,0.005489300
postgres,1,generar_emb,-,2984,0,0.011988200
postgres,1,insert_emb,-,2984,0,0.005544100
postgres,1,generar_emb,-,2985,0,0.013930500
postgres,1,insert_emb,-,2985,0,0.005376000
postgres,1,generar_emb,-,2986,0,0.013391900
postgres,1,insert_emb,-,2986,0,0.005208500
postgres,1,generar_emb,-,2987,0,0.012496100
postgres,1,insert_emb,-,2987,0,0.005323900
postgres,1,generar_emb,-,2988,0,0.010822600
postgres,1,insert_emb,-,2988,0,0.005300200
postgres,1,generar_emb,-,2989,0,0.012416700
postgres,1,insert_emb,-,2989,0,0.005358200
postgres,1,generar_emb,-,2990,0,0.016102200
postgres,1,insert_emb,-,2990,0,0.005582800
postgres,1,generar_emb,-,2991,0,0.014863700
postgres,1,insert_emb,-,2991,0,0.006414600
postgres,1,generar_emb,-,2992,0,0.015553600
postgres,1,insert_emb,-,2992,0,0.005181300
postgres,1,generar_emb,-,2993,0,0.012103600
postgres,1,insert_emb,-,2993,0,0.005792500
postgres,1,generar_emb,-,2994,0,0.013882300
postgres,1,insert_emb,-,2994,0,0.005832900
postgres,1,generar_emb,-,2995,0,0.015214900
postgres,1,insert_emb,-,2995,0,0.005915800
postgres,1,generar_emb,-,2996,0,0.013391300
postgres,1,insert_emb,-,2996,0,0.005373100
postgres,1,generar_emb,-,2997,0,0.013082400
postgres,1,insert_emb,-,2997,0,0.005318200
postgres,1,generar_emb,-,2998,0,0.012233900
postgres,1,insert_emb,-,2998,0,0.005447100
postgres,1,generar_emb,-,2999,0,0.012955800
postgres,1,insert_emb,-,2999,0,0.005449000
postgres,1,generar_emb,-,3000,0,0.013332700
postgres,1,insert_emb,-,3000,0,0.005620800
postgres,1,generar_emb,-,3001,0,0.012614600
postgres,1,insert_emb,-,3001,0,0.005494800
postgres,1,generar_emb,-,3002,0,0.012298900
postgres,1,insert_emb,-,3002,0,0.005122700
postgres,1,generar_emb,-,3003,0,0.012351500
postgres,1,insert_emb,-,3003,0,0.004926700
postgres,1,generar_emb,-,3004,0,0.012020600
postgres,1,insert_emb,-,3004,0,0.005106300
postgres,1,generar_emb,-,3005,0,0.016236200
postgres,1,insert_emb,-,3005,0,0.005328500
postgres,1,generar_emb,-,3006,0,0.012289900
postgres,1,insert_emb,-,3006,0,0.005346300
postgres,1,generar_emb,-,3007,0,0.013118100
postgres,1,insert_emb,-,3007,0,0.005268700
postgres,1,generar_emb,-,3008,0,0.014048200
postgres,1,insert_emb,-,3008,0,0.005616900
postgres,1,generar_emb,-,3009,0,0.013873200
postgres,1,insert_emb,-,3009,0,0.005845600
postgres,1,generar_emb,-,3010,0,0.017527800
postgres,1,insert_emb,-,3010,0,0.005870400
postgres,1,generar_emb,-,3011,0,0.012121200
postgres,1,insert_emb,-,3011,0,0.005615500
postgres,1,generar_emb,-,3012,0,0.012670800
postgres,1,insert_emb,-,3012,0,0.005201100
postgres,1,generar_emb,-,3013,0,0.012599000
postgres,1,insert_emb,-,3013,0,0.005453500
postgres,1,generar_emb,-,3014,0,0.012048000
postgres,1,insert_emb,-,3014,0,0.005734000
postgres,1,generar_emb,-,3015,0,0.011413300
postgres,1,insert_emb,-,3015,0,0.005726800
postgres,1,generar_emb,-,3016,0,0.012842100
postgres,1,insert_emb,-,3016,0,0.005542800
postgres,1,generar_emb,-,3017,0,0.011440700
postgres,1,insert_emb,-,3017,0,0.005467900
postgres,1,generar_emb,-,3018,0,0.012034100
postgres,1,insert_emb,-,3018,0,0.005691600
postgres,1,generar_emb,-,3019,0,0.012102700
postgres,1,insert_emb,-,3019,0,0.005330600
postgres,1,generar_emb,-,3020,0,0.011502100
postgres,1,insert_emb,-,3020,0,0.005558800
postgres,1,generar_emb,-,3021,0,0.013938600
postgres,1,insert_emb,-,3021,0,0.005364500
postgres,1,generar_emb,-,3022,0,0.013369800
postgres,1,insert_emb,-,3022,0,0.005281900
postgres,1,generar_emb,-,3023,0,0.011415900
postgres,1,insert_emb,-,3023,0,0.005439100
postgres,1,generar_emb,-,3024,0,0.011727800
postgres,1,insert_emb,-,3024,0,0.005203800
postgres,1,generar_emb,-,3025,0,0.012948000
postgres,1,insert_emb,-,3025,0,0.005661300
postgres,1,generar_emb,-,3026,0,0.011816900
postgres,1,insert_emb,-,3026,0,0.005243000
postgres,1,generar_emb,-,3027,0,0.012231400
postgres,1,insert_emb,-,3027,0,0.005018700
postgres,1,generar_emb,-,3028,0,0.012546700
postgres,1,insert_emb,-,3028,0,0.005709900
postgres,1,generar_emb,-,3029,0,0.011486500
postgres,1,insert_emb,-,3029,0,0.005037700
postgres,1,generar_emb,-,3030,0,0.012362900
postgres,1,insert_emb,-,3030,0,0.005797700
postgres,1,generar_emb,-,3031,0,0.011921200
postgres,1,insert_emb,-,3031,0,0.005312100
postgres,1,generar_emb,-,3032,0,0.012518500
postgres,1,insert_emb,-,3032,0,0.005497100
postgres,1,generar_emb,-,3033,0,0.010820600
postgres,1,insert_emb,-,3033,0,0.005144000
postgres,1,generar_emb,-,3034,0,0.011862200
postgres,1,insert_emb,-,3034,0,0.005406100
postgres,1,generar_emb,-,3035,0,0.013595800
postgres,1,insert_emb,-,3035,0,0.005818700
postgres,1,generar_emb,-,3036,0,0.011052300
postgres,1,insert_emb,-,3036,0,0.005304700
postgres,1,generar_emb,-,3037,0,0.012554100
postgres,1,insert_emb,-,3037,0,0.005537800
postgres,1,generar_emb,-,3038,0,0.015638900
postgres,1,insert_emb,-,3038,0,0.005943200
postgres,1,generar_emb,-,3039,0,0.014523200
postgres,1,insert_emb,-,3039,0,0.005607700
postgres,1,generar_emb,-,3040,0,0.015063800
postgres,1,insert_emb,-,3040,0,0.005694900
postgres,1,generar_emb,-,3041,0,0.012617900
postgres,1,insert_emb,-,3041,0,0.005691400
postgres,1,generar_emb,-,3042,0,0.014106500
postgres,1,insert_emb,-,3042,0,0.005821300
postgres,1,generar_emb,-,3043,0,0.016120200
postgres,1,insert_emb,-,3043,0,0.005897800
postgres,1,generar_emb,-,3044,0,0.016257000
postgres,1,insert_emb,-,3044,0,0.005810000
postgres,1,generar_emb,-,3045,0,0.012558900
postgres,1,insert_emb,-,3045,0,0.005439400
postgres,1,generar_emb,-,3046,0,0.013190100
postgres,1,insert_emb,-,3046,0,0.005401800
postgres,1,generar_emb,-,3047,0,0.013997700
postgres,1,insert_emb,-,3047,0,0.005479700
postgres,1,generar_emb,-,3048,0,0.011881100
postgres,1,insert_emb,-,3048,0,0.005881300
postgres,1,generar_emb,-,3049,0,0.014075800
postgres,1,insert_emb,-,3049,0,0.005877100
postgres,1,generar_emb,-,3050,0,0.015106300
postgres,1,insert_emb,-,3050,0,0.006018300
postgres,1,generar_emb,-,3051,0,0.013231500
postgres,1,insert_emb,-,3051,0,0.005429700
postgres,1,generar_emb,-,3052,0,0.015477700
postgres,1,insert_emb,-,3052,0,0.005178100
postgres,1,generar_emb,-,3053,0,0.012855700
postgres,1,insert_emb,-,3053,0,0.005197300
postgres,1,generar_emb,-,3054,0,0.013888400
postgres,1,insert_emb,-,3054,0,0.005367900
postgres,1,generar_emb,-,3055,0,0.013326800
postgres,1,insert_emb,-,3055,0,0.005221900
postgres,1,generar_emb,-,3056,0,0.015990700
postgres,1,insert_emb,-,3056,0,0.005529600
postgres,1,generar_emb,-,3057,0,0.014172700
postgres,1,insert_emb,-,3057,0,0.005721300
postgres,1,generar_emb,-,3058,0,0.014302700
postgres,1,insert_emb,-,3058,0,0.005966600
postgres,1,generar_emb,-,3059,0,0.013759700
postgres,1,insert_emb,-,3059,0,0.005716000
postgres,1,generar_emb,-,3060,0,0.013399500
postgres,1,insert_emb,-,3060,0,0.005812200
postgres,1,generar_emb,-,3061,0,0.015261000
postgres,1,insert_emb,-,3061,0,0.005725600
postgres,1,generar_emb,-,3062,0,0.014350200
postgres,1,insert_emb,-,3062,0,0.005620800
postgres,1,generar_emb,-,3063,0,0.017823400
postgres,1,insert_emb,-,3063,0,0.005449600
postgres,1,generar_emb,-,3064,0,0.015150700
postgres,1,insert_emb,-,3064,0,0.005427500
postgres,1,generar_emb,-,3065,0,0.011108100
postgres,1,insert_emb,-,3065,0,0.005600300
postgres,1,generar_emb,-,3066,0,0.012735900
postgres,1,insert_emb,-,3066,0,0.005920900
postgres,1,generar_emb,-,3067,0,0.012030700
postgres,1,insert_emb,-,3067,0,0.005684200
postgres,1,generar_emb,-,3068,0,0.013752500
postgres,1,insert_emb,-,3068,0,0.005371200
postgres,1,generar_emb,-,3069,0,0.012534300
postgres,1,insert_emb,-,3069,0,0.005318100
postgres,1,generar_emb,-,3070,0,0.013155400
postgres,1,insert_emb,-,3070,0,0.005781600
postgres,1,generar_emb,-,3071,0,0.012652200
postgres,1,insert_emb,-,3071,0,0.005707900
postgres,1,generar_emb,-,3072,0,0.013455600
postgres,1,insert_emb,-,3072,0,0.005311700
postgres,1,generar_emb,-,3073,0,0.015013000
postgres,1,insert_emb,-,3073,0,0.005133500
postgres,1,generar_emb,-,3074,0,0.013011200
postgres,1,insert_emb,-,3074,0,0.005354500
postgres,1,generar_emb,-,3075,0,0.014114200
postgres,1,insert_emb,-,3075,0,0.005823100
postgres,1,generar_emb,-,3076,0,0.013167200
postgres,1,insert_emb,-,3076,0,0.005540600
postgres,1,generar_emb,-,3077,0,0.010760500
postgres,1,insert_emb,-,3077,0,0.005477900
postgres,1,generar_emb,-,3078,0,0.014533900
postgres,1,insert_emb,-,3078,0,0.005513400
postgres,1,generar_emb,-,3079,0,0.012490700
postgres,1,insert_emb,-,3079,0,0.005549500
postgres,1,generar_emb,-,3080,0,0.015159200
postgres,1,insert_emb,-,3080,0,0.005930100
postgres,1,generar_emb,-,3081,0,0.012529600
postgres,1,insert_emb,-,3081,0,0.005334600
postgres,1,generar_emb,-,3082,0,0.011499300
postgres,1,insert_emb,-,3082,0,0.005286700
postgres,1,generar_emb,-,3083,0,0.013259800
postgres,1,insert_emb,-,3083,0,0.005346900
postgres,1,generar_emb,-,3084,0,0.011768600
postgres,1,insert_emb,-,3084,0,0.005068300
postgres,1,generar_emb,-,3085,0,0.012265500
postgres,1,insert_emb,-,3085,0,0.005428100
postgres,1,generar_emb,-,3086,0,0.010880400
postgres,1,insert_emb,-,3086,0,0.005163300
postgres,1,generar_emb,-,3087,0,0.012062500
postgres,1,insert_emb,-,3087,0,0.005105300
postgres,1,generar_emb,-,3088,0,0.011647000
postgres,1,insert_emb,-,3088,0,0.005137000
postgres,1,generar_emb,-,3089,0,0.013065400
postgres,1,insert_emb,-,3089,0,0.005305400
postgres,1,generar_emb,-,3090,0,0.011654400
postgres,1,insert_emb,-,3090,0,0.005700200
postgres,1,generar_emb,-,3091,0,0.014754000
postgres,1,insert_emb,-,3091,0,0.005276300
postgres,1,generar_emb,-,3092,0,0.011943100
postgres,1,insert_emb,-,3092,0,0.006002000
postgres,1,generar_emb,-,3093,0,0.013374800
postgres,1,insert_emb,-,3093,0,0.006103500
postgres,1,generar_emb,-,3094,0,0.012161000
postgres,1,insert_emb,-,3094,0,0.006280000
postgres,1,generar_emb,-,3095,0,0.013654000
postgres,1,insert_emb,-,3095,0,0.005818600
postgres,1,generar_emb,-,3096,0,0.014453400
postgres,1,insert_emb,-,3096,0,0.005157200
postgres,1,generar_emb,-,3097,0,0.012121800
postgres,1,insert_emb,-,3097,0,0.005217200
postgres,1,generar_emb,-,3098,0,0.014361100
postgres,1,insert_emb,-,3098,0,0.005378100
postgres,1,generar_emb,-,3099,0,0.015830900
postgres,1,insert_emb,-,3099,0,0.005486500
postgres,1,generar_emb,-,3100,0,0.014513200
postgres,1,insert_emb,-,3100,0,0.005837400
postgres,1,generar_emb,-,3101,0,0.013544500
postgres,1,insert_emb,-,3101,0,0.005726200
postgres,1,generar_emb,-,3102,0,0.015559800
postgres,1,insert_emb,-,3102,0,0.005841400
postgres,1,generar_emb,-,3103,0,0.012642800
postgres,1,insert_emb,-,3103,0,0.005772400
postgres,1,generar_emb,-,3104,0,0.014009500
postgres,1,insert_emb,-,3104,0,0.005930000
postgres,1,generar_emb,-,3105,0,0.013906200
postgres,1,insert_emb,-,3105,0,0.005748000
postgres,1,generar_emb,-,3106,0,0.011859700
postgres,1,insert_emb,-,3106,0,0.005119300
postgres,1,generar_emb,-,3107,0,0.012944400
postgres,1,insert_emb,-,3107,0,0.005497900
postgres,1,generar_emb,-,3108,0,0.015269100
postgres,1,insert_emb,-,3108,0,0.005584900
postgres,1,generar_emb,-,3109,0,0.011561400
postgres,1,insert_emb,-,3109,0,0.005308900
postgres,1,generar_emb,-,3110,0,0.013024200
postgres,1,insert_emb,-,3110,0,0.005732000
postgres,1,generar_emb,-,3111,0,0.013818600
postgres,1,insert_emb,-,3111,0,0.005266000
postgres,1,generar_emb,-,3112,0,0.012296600
postgres,1,insert_emb,-,3112,0,0.005100700
postgres,1,generar_emb,-,3113,0,0.011679600
postgres,1,insert_emb,-,3113,0,0.005272400
postgres,1,generar_emb,-,3114,0,0.013002100
postgres,1,insert_emb,-,3114,0,0.005255700
postgres,1,generar_emb,-,3115,0,0.012242100
postgres,1,insert_emb,-,3115,0,0.005484300
postgres,1,generar_emb,-,3116,0,0.010713000
postgres,1,insert_emb,-,3116,0,0.005161300
postgres,1,generar_emb,-,3117,0,0.010993800
postgres,1,insert_emb,-,3117,0,0.005125400
postgres,1,generar_emb,-,3118,0,0.010699300
postgres,1,insert_emb,-,3118,0,0.005109100
postgres,1,generar_emb,-,3119,0,0.011901900
postgres,1,insert_emb,-,3119,0,0.005101000
postgres,1,generar_emb,-,3120,0,0.013119800
postgres,1,insert_emb,-,3120,0,0.005215700
postgres,1,generar_emb,-,3121,0,0.012548300
postgres,1,insert_emb,-,3121,0,0.005182600
postgres,1,generar_emb,-,3122,0,0.012905000
postgres,1,insert_emb,-,3122,0,0.005529400
postgres,1,generar_emb,-,3123,0,0.011471100
postgres,1,insert_emb,-,3123,0,0.005394100
postgres,1,generar_emb,-,3124,0,0.014398100
postgres,1,insert_emb,-,3124,0,0.005211600
postgres,1,generar_emb,-,3125,0,0.013394200
postgres,1,insert_emb,-,3125,0,0.005137200
postgres,1,generar_emb,-,3126,0,0.012440100
postgres,1,insert_emb,-,3126,0,0.005282700
postgres,1,generar_emb,-,3127,0,0.012041700
postgres,1,insert_emb,-,3127,0,0.004915900
postgres,1,generar_emb,-,3128,0,0.011640100
postgres,1,insert_emb,-,3128,0,0.004936600
postgres,1,generar_emb,-,3129,0,0.012035300
postgres,1,insert_emb,-,3129,0,0.005105700
postgres,1,generar_emb,-,3130,0,0.012612800
postgres,1,insert_emb,-,3130,0,0.005214600
postgres,1,generar_emb,-,3131,0,0.013051900
postgres,1,insert_emb,-,3131,0,0.005159000
postgres,1,generar_emb,-,3132,0,0.013001700
postgres,1,insert_emb,-,3132,0,0.005271000
postgres,1,generar_emb,-,3133,0,0.015807200
postgres,1,insert_emb,-,3133,0,0.005408400
postgres,1,generar_emb,-,3134,0,0.012717500
postgres,1,insert_emb,-,3134,0,0.005425100
postgres,1,generar_emb,-,3135,0,0.012518300
postgres,1,insert_emb,-,3135,0,0.005920200
postgres,1,generar_emb,-,3136,0,0.011279400
postgres,1,insert_emb,-,3136,0,0.005617400
postgres,1,generar_emb,-,3137,0,0.014054600
postgres,1,insert_emb,-,3137,0,0.005192000
postgres,1,generar_emb,-,3138,0,0.013181900
postgres,1,insert_emb,-,3138,0,0.005157700
postgres,1,generar_emb,-,3139,0,0.012568100
postgres,1,insert_emb,-,3139,0,0.005330100
postgres,1,generar_emb,-,3140,0,0.011554900
postgres,1,insert_emb,-,3140,0,0.005249500
postgres,1,generar_emb,-,3141,0,0.013904700
postgres,1,insert_emb,-,3141,0,0.005188600
postgres,1,generar_emb,-,3142,0,0.012655900
postgres,1,insert_emb,-,3142,0,0.005089100
postgres,1,generar_emb,-,3143,0,0.012319300
postgres,1,insert_emb,-,3143,0,0.005097200
postgres,1,generar_emb,-,3144,0,0.012341100
postgres,1,insert_emb,-,3144,0,0.005144900
postgres,1,generar_emb,-,3145,0,0.013391200
postgres,1,insert_emb,-,3145,0,0.005307900
postgres,1,generar_emb,-,3146,0,0.011720800
postgres,1,insert_emb,-,3146,0,0.005425400
postgres,1,generar_emb,-,3147,0,0.012174600
postgres,1,insert_emb,-,3147,0,0.005948000
postgres,1,generar_emb,-,3148,0,0.011897100
postgres,1,insert_emb,-,3148,0,0.005336800
postgres,1,generar_emb,-,3149,0,0.012920700
postgres,1,insert_emb,-,3149,0,0.005001400
postgres,1,generar_emb,-,3150,0,0.013370400
postgres,1,insert_emb,-,3150,0,0.005562600
postgres,1,generar_emb,-,3151,0,0.014266100
postgres,1,insert_emb,-,3151,0,0.005067000
postgres,1,generar_emb,-,3152,0,0.010653100
postgres,1,insert_emb,-,3152,0,0.005032000
postgres,1,generar_emb,-,3153,0,0.011104500
postgres,1,insert_emb,-,3153,0,0.005124000
postgres,1,generar_emb,-,3154,0,0.012153900
postgres,1,insert_emb,-,3154,0,0.005180200
postgres,1,generar_emb,-,3155,0,0.012772700
postgres,1,insert_emb,-,3155,0,0.005269700
postgres,1,generar_emb,-,3156,0,0.011911600
postgres,1,insert_emb,-,3156,0,0.005193300
postgres,1,generar_emb,-,3157,0,0.011621000
postgres,1,insert_emb,-,3157,0,0.005809000
postgres,1,generar_emb,-,3158,0,0.011712700
postgres,1,insert_emb,-,3158,0,0.006085900
postgres,1,generar_emb,-,3159,0,0.011047500
postgres,1,insert_emb,-,3159,0,0.005423600
postgres,1,generar_emb,-,3160,0,0.011069700
postgres,1,insert_emb,-,3160,0,0.005731800
postgres,1,generar_emb,-,3161,0,0.013557000
postgres,1,insert_emb,-,3161,0,0.005677600
postgres,1,generar_emb,-,3162,0,0.011622800
postgres,1,insert_emb,-,3162,0,0.005718000
postgres,1,generar_emb,-,3163,0,0.014052200
postgres,1,insert_emb,-,3163,0,0.005179700
postgres,1,generar_emb,-,3164,0,0.016321600
postgres,1,insert_emb,-,3164,0,0.005520900
postgres,1,generar_emb,-,3165,0,0.013393600
postgres,1,insert_emb,-,3165,0,0.005602300
postgres,1,generar_emb,-,3166,0,0.012802700
postgres,1,insert_emb,-,3166,0,0.005183600
postgres,1,generar_emb,-,3167,0,0.013300800
postgres,1,insert_emb,-,3167,0,0.005201500
postgres,1,generar_emb,-,3168,0,0.011334800
postgres,1,insert_emb,-,3168,0,0.005252200
postgres,1,generar_emb,-,3169,0,0.010886200
postgres,1,insert_emb,-,3169,0,0.005394700
postgres,1,generar_emb,-,3170,0,0.013987500
postgres,1,insert_emb,-,3170,0,0.005530000
postgres,1,generar_emb,-,3171,0,0.011153700
postgres,1,insert_emb,-,3171,0,0.005341600
postgres,1,generar_emb,-,3172,0,0.012436300
postgres,1,insert_emb,-,3172,0,0.005207000
postgres,1,generar_emb,-,3173,0,0.013433700
postgres,1,insert_emb,-,3173,0,0.005853800
postgres,1,generar_emb,-,3174,0,0.011908800
postgres,1,insert_emb,-,3174,0,0.005792700
postgres,1,generar_emb,-,3175,0,0.015865700
postgres,1,insert_emb,-,3175,0,0.005214000
postgres,1,generar_emb,-,3176,0,0.011851000
postgres,1,insert_emb,-,3176,0,0.005591700
postgres,1,generar_emb,-,3177,0,0.012196900
postgres,1,insert_emb,-,3177,0,0.005547400
postgres,1,generar_emb,-,3178,0,0.012801200
postgres,1,insert_emb,-,3178,0,0.005412300
postgres,1,generar_emb,-,3179,0,0.012570400
postgres,1,insert_emb,-,3179,0,0.005417100
postgres,1,generar_emb,-,3180,0,0.011815300
postgres,1,insert_emb,-,3180,0,0.005564100
postgres,1,generar_emb,-,3181,0,0.013396500
postgres,1,insert_emb,-,3181,0,0.005406400
postgres,1,generar_emb,-,3182,0,0.011289600
postgres,1,insert_emb,-,3182,0,0.005698600
postgres,1,generar_emb,-,3183,0,0.010955500
postgres,1,insert_emb,-,3183,0,0.005674400
postgres,1,generar_emb,-,3184,0,0.011768900
postgres,1,insert_emb,-,3184,0,0.005240200
postgres,1,generar_emb,-,3185,0,0.011604100
postgres,1,insert_emb,-,3185,0,0.005391600
postgres,1,generar_emb,-,3186,0,0.011436300
postgres,1,insert_emb,-,3186,0,0.005315400
postgres,1,generar_emb,-,3187,0,0.014454500
postgres,1,insert_emb,-,3187,0,0.005098100
postgres,1,generar_emb,-,3188,0,0.012341000
postgres,1,insert_emb,-,3188,0,0.005063200
postgres,1,generar_emb,-,3189,0,0.012269700
postgres,1,insert_emb,-,3189,0,0.005028000
postgres,1,generar_emb,-,3190,0,0.013583100
postgres,1,insert_emb,-,3190,0,0.005317600
postgres,1,generar_emb,-,3191,0,0.012166500
postgres,1,insert_emb,-,3191,0,0.005031300
postgres,1,generar_emb,-,3192,0,0.015067200
postgres,1,insert_emb,-,3192,0,0.005315600
postgres,1,generar_emb,-,3193,0,0.013980800
postgres,1,insert_emb,-,3193,0,0.005556200
postgres,1,generar_emb,-,3194,0,0.013601000
postgres,1,insert_emb,-,3194,0,0.005314000
postgres,1,generar_emb,-,3195,0,0.010978900
postgres,1,insert_emb,-,3195,0,0.005431300
postgres,1,generar_emb,-,3196,0,0.015771300
postgres,1,insert_emb,-,3196,0,0.005404400
postgres,1,generar_emb,-,3197,0,0.012931600
postgres,1,insert_emb,-,3197,0,0.005297500
postgres,1,generar_emb,-,3198,0,0.010766200
postgres,1,insert_emb,-,3198,0,0.005149700
postgres,1,generar_emb,-,3199,0,0.011484300
postgres,1,insert_emb,-,3199,0,0.005126600
postgres,1,generar_emb,-,3200,0,0.013409000
postgres,1,insert_emb,-,3200,0,0.005450300
postgres,1,generar_emb,-,3201,0,0.012050400
postgres,1,insert_emb,-,3201,0,0.005305300
postgres,1,generar_emb,-,3202,0,0.010800300
postgres,1,insert_emb,-,3202,0,0.005204200
postgres,1,generar_emb,-,3203,0,0.013830000
postgres,1,insert_emb,-,3203,0,0.005667600
postgres,1,generar_emb,-,3204,0,0.012215400
postgres,1,insert_emb,-,3204,0,0.005529700
postgres,1,generar_emb,-,3205,0,0.013705200
postgres,1,insert_emb,-,3205,0,0.005490400
postgres,1,generar_emb,-,3206,0,0.013297000
postgres,1,insert_emb,-,3206,0,0.005011100
postgres,1,generar_emb,-,3207,0,0.013802400
postgres,1,insert_emb,-,3207,0,0.005728300
postgres,1,generar_emb,-,3208,0,0.012521900
postgres,1,insert_emb,-,3208,0,0.005083400
postgres,1,generar_emb,-,3209,0,0.013206600
postgres,1,insert_emb,-,3209,0,0.005370700
postgres,1,generar_emb,-,3210,0,0.013067300
postgres,1,insert_emb,-,3210,0,0.005335000
postgres,1,generar_emb,-,3211,0,0.013490800
postgres,1,insert_emb,-,3211,0,0.005208500
postgres,1,generar_emb,-,3212,0,0.012192600
postgres,1,insert_emb,-,3212,0,0.005114100
postgres,1,generar_emb,-,3213,0,0.013690000
postgres,1,insert_emb,-,3213,0,0.005527100
postgres,1,generar_emb,-,3214,0,0.012494000
postgres,1,insert_emb,-,3214,0,0.005146600
postgres,1,generar_emb,-,3215,0,0.012982000
postgres,1,insert_emb,-,3215,0,0.005301100
postgres,1,generar_emb,-,3216,0,0.012866100
postgres,1,insert_emb,-,3216,0,0.005348400
postgres,1,generar_emb,-,3217,0,0.011573200
postgres,1,insert_emb,-,3217,0,0.005163800
postgres,1,generar_emb,-,3218,0,0.011193900
postgres,1,insert_emb,-,3218,0,0.005512000
postgres,1,generar_emb,-,3219,0,0.011119200
postgres,1,insert_emb,-,3219,0,0.005714600
postgres,1,generar_emb,-,3220,0,0.011511700
postgres,1,insert_emb,-,3220,0,0.005383500
postgres,1,generar_emb,-,3221,0,0.011422000
postgres,1,insert_emb,-,3221,0,0.005171800
postgres,1,generar_emb,-,3222,0,0.010936600
postgres,1,insert_emb,-,3222,0,0.005138400
postgres,1,generar_emb,-,3223,0,0.011844000
postgres,1,insert_emb,-,3223,0,0.005110300
postgres,1,generar_emb,-,3224,0,0.012417300
postgres,1,insert_emb,-,3224,0,0.005097800
postgres,1,generar_emb,-,3225,0,0.013770900
postgres,1,insert_emb,-,3225,0,0.005483900
postgres,1,generar_emb,-,3226,0,0.013658500
postgres,1,insert_emb,-,3226,0,0.005699700
postgres,1,generar_emb,-,3227,0,0.014397800
postgres,1,insert_emb,-,3227,0,0.005213800
postgres,1,generar_emb,-,3228,0,0.013501200
postgres,1,insert_emb,-,3228,0,0.005323900
postgres,1,generar_emb,-,3229,0,0.012671700
postgres,1,insert_emb,-,3229,0,0.005763400
postgres,1,generar_emb,-,3230,0,0.013581600
postgres,1,insert_emb,-,3230,0,0.005439100
postgres,1,generar_emb,-,3231,0,0.012656300
postgres,1,insert_emb,-,3231,0,0.004828500
postgres,1,generar_emb,-,3232,0,0.013102400
postgres,1,insert_emb,-,3232,0,0.005086600
postgres,1,generar_emb,-,3233,0,0.012735900
postgres,1,insert_emb,-,3233,0,0.005500500
postgres,1,generar_emb,-,3234,0,0.013278800
postgres,1,insert_emb,-,3234,0,0.005750200
postgres,1,generar_emb,-,3235,0,0.012930900
postgres,1,insert_emb,-,3235,0,0.006389000
postgres,1,generar_emb,-,3236,0,0.012883200
postgres,1,insert_emb,-,3236,0,0.005217700
postgres,1,generar_emb,-,3237,0,0.013163400
postgres,1,insert_emb,-,3237,0,0.005255100
postgres,1,generar_emb,-,3238,0,0.013478300
postgres,1,insert_emb,-,3238,0,0.005481800
postgres,1,generar_emb,-,3239,0,0.012951200
postgres,1,insert_emb,-,3239,0,0.005938700
postgres,1,generar_emb,-,3240,0,0.013399400
postgres,1,insert_emb,-,3240,0,0.005670800
postgres,1,generar_emb,-,3241,0,0.012574900
postgres,1,insert_emb,-,3241,0,0.005209400
postgres,1,generar_emb,-,3242,0,0.011345600
postgres,1,insert_emb,-,3242,0,0.005684300
postgres,1,generar_emb,-,3243,0,0.012283100
postgres,1,insert_emb,-,3243,0,0.005505400
postgres,1,generar_emb,-,3244,0,0.014877200
postgres,1,insert_emb,-,3244,0,0.005398700
postgres,1,generar_emb,-,3245,0,0.012907400
postgres,1,insert_emb,-,3245,0,0.005348000
postgres,1,generar_emb,-,3246,0,0.013480100
postgres,1,insert_emb,-,3246,0,0.005188500
postgres,1,generar_emb,-,3247,0,0.011956300
postgres,1,insert_emb,-,3247,0,0.005094800
postgres,1,generar_emb,-,3248,0,0.013875400
postgres,1,insert_emb,-,3248,0,0.005281700
postgres,1,generar_emb,-,3249,0,0.011484500
postgres,1,insert_emb,-,3249,0,0.005069600
postgres,1,generar_emb,-,3250,0,0.011765800
postgres,1,insert_emb,-,3250,0,0.005586200
postgres,1,generar_emb,-,3251,0,0.012142200
postgres,1,insert_emb,-,3251,0,0.005861600
postgres,1,generar_emb,-,3252,0,0.012403000
postgres,1,insert_emb,-,3252,0,0.006261500
postgres,1,generar_emb,-,3253,0,0.012490500
postgres,1,insert_emb,-,3253,0,0.005558900
postgres,1,generar_emb,-,3254,0,0.012239800
postgres,1,insert_emb,-,3254,0,0.005795000
postgres,1,generar_emb,-,3255,0,0.012008500
postgres,1,insert_emb,-,3255,0,0.005960700
postgres,1,generar_emb,-,3256,0,0.013374300
postgres,1,insert_emb,-,3256,0,0.005926900
postgres,1,generar_emb,-,3257,0,0.011523100
postgres,1,insert_emb,-,3257,0,0.005577900
postgres,1,generar_emb,-,3258,0,0.012212100
postgres,1,insert_emb,-,3258,0,0.005555400
postgres,1,generar_emb,-,3259,0,0.017610400
postgres,1,insert_emb,-,3259,0,0.006478900
postgres,1,generar_emb,-,3260,0,0.013101900
postgres,1,insert_emb,-,3260,0,0.005180500
postgres,1,generar_emb,-,3261,0,0.013969000
postgres,1,insert_emb,-,3261,0,0.005370900
postgres,1,generar_emb,-,3262,0,0.015183800
postgres,1,insert_emb,-,3262,0,0.005496300
postgres,1,generar_emb,-,3263,0,0.012346800
postgres,1,insert_emb,-,3263,0,0.005216500
postgres,1,generar_emb,-,3264,0,0.012479400
postgres,1,insert_emb,-,3264,0,0.004993600
postgres,1,generar_emb,-,3265,0,0.011495700
postgres,1,insert_emb,-,3265,0,0.004891300
postgres,1,generar_emb,-,3266,0,0.011266700
postgres,1,insert_emb,-,3266,0,0.005230400
postgres,1,generar_emb,-,3267,0,0.011332800
postgres,1,insert_emb,-,3267,0,0.005194500
postgres,1,generar_emb,-,3268,0,0.011803500
postgres,1,insert_emb,-,3268,0,0.005165600
postgres,1,generar_emb,-,3269,0,0.011630100
postgres,1,insert_emb,-,3269,0,0.005189500
postgres,1,generar_emb,-,3270,0,0.011284600
postgres,1,insert_emb,-,3270,0,0.005401300
postgres,1,generar_emb,-,3271,0,0.012223900
postgres,1,insert_emb,-,3271,0,0.005173100
postgres,1,generar_emb,-,3272,0,0.012167300
postgres,1,insert_emb,-,3272,0,0.005068100
postgres,1,generar_emb,-,3273,0,0.012224800
postgres,1,insert_emb,-,3273,0,0.005118000
postgres,1,generar_emb,-,3274,0,0.011234300
postgres,1,insert_emb,-,3274,0,0.005063600
postgres,1,generar_emb,-,3275,0,0.014180600
postgres,1,insert_emb,-,3275,0,0.005210600
postgres,1,generar_emb,-,3276,0,0.012561500
postgres,1,insert_emb,-,3276,0,0.005219800
postgres,1,generar_emb,-,3277,0,0.012758300
postgres,1,insert_emb,-,3277,0,0.005067600
postgres,1,generar_emb,-,3278,0,0.013696800
postgres,1,insert_emb,-,3278,0,0.005252700
postgres,1,generar_emb,-,3279,0,0.011677300
postgres,1,insert_emb,-,3279,0,0.005171200
postgres,1,generar_emb,-,3280,0,0.012212700
postgres,1,insert_emb,-,3280,0,0.005219200
postgres,1,generar_emb,-,3281,0,0.012045000
postgres,1,insert_emb,-,3281,0,0.005341000
postgres,1,generar_emb,-,3282,0,0.011163800
postgres,1,insert_emb,-,3282,0,0.005138100
postgres,1,generar_emb,-,3283,0,0.011299300
postgres,1,insert_emb,-,3283,0,0.004975700
postgres,1,generar_emb,-,3284,0,0.013079400
postgres,1,insert_emb,-,3284,0,0.004803200
postgres,1,generar_emb,-,3285,0,0.013544300
postgres,1,insert_emb,-,3285,0,0.005498200
postgres,1,generar_emb,-,3286,0,0.012686800
postgres,1,insert_emb,-,3286,0,0.005473500
postgres,1,generar_emb,-,3287,0,0.013382600
postgres,1,insert_emb,-,3287,0,0.005091700
postgres,1,generar_emb,-,3288,0,0.015830700
postgres,1,insert_emb,-,3288,0,0.005275100
postgres,1,generar_emb,-,3289,0,0.011453200
postgres,1,insert_emb,-,3289,0,0.006139400
postgres,1,generar_emb,-,3290,0,0.012060900
postgres,1,insert_emb,-,3290,0,0.005047700
postgres,1,generar_emb,-,3291,0,0.013793600
postgres,1,insert_emb,-,3291,0,0.005186200
postgres,1,generar_emb,-,3292,0,0.014024600
postgres,1,insert_emb,-,3292,0,0.005137600
postgres,1,generar_emb,-,3293,0,0.010755900
postgres,1,insert_emb,-,3293,0,0.005055000
postgres,1,generar_emb,-,3294,0,0.011631900
postgres,1,insert_emb,-,3294,0,0.004947500
postgres,1,generar_emb,-,3295,0,0.010885900
postgres,1,insert_emb,-,3295,0,0.005311900
postgres,1,generar_emb,-,3296,0,0.014387700
postgres,1,insert_emb,-,3296,0,0.005345300
postgres,1,generar_emb,-,3297,0,0.012369400
postgres,1,insert_emb,-,3297,0,0.005528600
postgres,1,generar_emb,-,3298,0,0.012154200
postgres,1,insert_emb,-,3298,0,0.005392000
postgres,1,generar_emb,-,3299,0,0.011437100
postgres,1,insert_emb,-,3299,0,0.005457900
postgres,1,generar_emb,-,3300,0,0.011614400
postgres,1,insert_emb,-,3300,0,0.005317900
postgres,1,generar_emb,-,3301,0,0.013782700
postgres,1,insert_emb,-,3301,0,0.005285700
postgres,1,generar_emb,-,3302,0,0.013205200
postgres,1,insert_emb,-,3302,0,0.005358300
postgres,1,generar_emb,-,3303,0,0.013942700
postgres,1,insert_emb,-,3303,0,0.005365500
postgres,1,generar_emb,-,3304,0,0.012596300
postgres,1,insert_emb,-,3304,0,0.005160000
postgres,1,generar_emb,-,3305,0,0.014797700
postgres,1,insert_emb,-,3305,0,0.005356900
postgres,1,generar_emb,-,3306,0,0.012705900
postgres,1,insert_emb,-,3306,0,0.005283400
postgres,1,generar_emb,-,3307,0,0.011531400
postgres,1,insert_emb,-,3307,0,0.005369900
postgres,1,generar_emb,-,3308,0,0.012166300
postgres,1,insert_emb,-,3308,0,0.004910600
postgres,1,generar_emb,-,3309,0,0.015338500
postgres,1,insert_emb,-,3309,0,0.004967500
postgres,1,generar_emb,-,3310,0,0.014216700
postgres,1,insert_emb,-,3310,0,0.005893800
postgres,1,generar_emb,-,3311,0,0.012199500
postgres,1,insert_emb,-,3311,0,0.005141700
postgres,1,generar_emb,-,3312,0,0.013227200
postgres,1,insert_emb,-,3312,0,0.005396200
postgres,1,generar_emb,-,3313,0,0.011833300
postgres,1,insert_emb,-,3313,0,0.005674600
postgres,1,generar_emb,-,3314,0,0.012353500
postgres,1,insert_emb,-,3314,0,0.005479900
postgres,1,generar_emb,-,3315,0,0.012713100
postgres,1,insert_emb,-,3315,0,0.005273300
postgres,1,generar_emb,-,3316,0,0.012276000
postgres,1,insert_emb,-,3316,0,0.005211400
postgres,1,generar_emb,-,3317,0,0.015313300
postgres,1,insert_emb,-,3317,0,0.005748400
postgres,1,generar_emb,-,3318,0,0.011294100
postgres,1,insert_emb,-,3318,0,0.005621300
postgres,1,generar_emb,-,3319,0,0.012724600
postgres,1,insert_emb,-,3319,0,0.005546500
postgres,1,generar_emb,-,3320,0,0.012540200
postgres,1,insert_emb,-,3320,0,0.005390100
postgres,1,generar_emb,-,3321,0,0.012007700
postgres,1,insert_emb,-,3321,0,0.005257200
postgres,1,generar_emb,-,3322,0,0.011741200
postgres,1,insert_emb,-,3322,0,0.004929900
postgres,1,generar_emb,-,3323,0,0.011585100
postgres,1,insert_emb,-,3323,0,0.004956900
postgres,1,generar_emb,-,3324,0,0.013194300
postgres,1,insert_emb,-,3324,0,0.005048700
postgres,1,generar_emb,-,3325,0,0.016028300
postgres,1,insert_emb,-,3325,0,0.005702400
postgres,1,generar_emb,-,3326,0,0.013102300
postgres,1,insert_emb,-,3326,0,0.005284100
postgres,1,generar_emb,-,3327,0,0.013047200
postgres,1,insert_emb,-,3327,0,0.005181700
postgres,1,generar_emb,-,3328,0,0.013180600
postgres,1,insert_emb,-,3328,0,0.004899900
postgres,1,generar_emb,-,3329,0,0.012798100
postgres,1,insert_emb,-,3329,0,0.005050000
postgres,1,generar_emb,-,3330,0,0.012261100
postgres,1,insert_emb,-,3330,0,0.005468500
postgres,1,generar_emb,-,3331,0,0.015488400
postgres,1,insert_emb,-,3331,0,0.005196900
postgres,1,generar_emb,-,3332,0,0.014231400
postgres,1,insert_emb,-,3332,0,0.005281700
postgres,1,generar_emb,-,3333,0,0.014639900
postgres,1,insert_emb,-,3333,0,0.005330900
postgres,1,generar_emb,-,3334,0,0.013198700
postgres,1,insert_emb,-,3334,0,0.005163100
postgres,1,generar_emb,-,3335,0,0.012600400
postgres,1,insert_emb,-,3335,0,0.005879100
postgres,1,generar_emb,-,3336,0,0.011885400
postgres,1,insert_emb,-,3336,0,0.005323500
postgres,1,generar_emb,-,3337,0,0.012786900
postgres,1,insert_emb,-,3337,0,0.005138000
postgres,1,generar_emb,-,3338,0,0.014528600
postgres,1,insert_emb,-,3338,0,0.005470900
postgres,1,generar_emb,-,3339,0,0.014204500
postgres,1,insert_emb,-,3339,0,0.005659800
postgres,1,generar_emb,-,3340,0,0.013176400
postgres,1,insert_emb,-,3340,0,0.005910600
postgres,1,generar_emb,-,3341,0,0.013308200
postgres,1,insert_emb,-,3341,0,0.006004200
postgres,1,generar_emb,-,3342,0,0.013301400
postgres,1,insert_emb,-,3342,0,0.005850800
postgres,1,generar_emb,-,3343,0,0.012326800
postgres,1,insert_emb,-,3343,0,0.005720500
postgres,1,generar_emb,-,3344,0,0.013650200
postgres,1,insert_emb,-,3344,0,0.005405100
postgres,1,generar_emb,-,3345,0,0.012659200
postgres,1,insert_emb,-,3345,0,0.005528300
postgres,1,generar_emb,-,3346,0,0.012091500
postgres,1,insert_emb,-,3346,0,0.005277800
postgres,1,generar_emb,-,3347,0,0.013158100
postgres,1,insert_emb,-,3347,0,0.005407400
postgres,1,generar_emb,-,3348,0,0.011370300
postgres,1,insert_emb,-,3348,0,0.005004900
postgres,1,generar_emb,-,3349,0,0.013712000
postgres,1,insert_emb,-,3349,0,0.005701600
postgres,1,generar_emb,-,3350,0,0.014564500
postgres,1,insert_emb,-,3350,0,0.005926100
postgres,1,generar_emb,-,3351,0,0.012224300
postgres,1,insert_emb,-,3351,0,0.005409600
postgres,1,generar_emb,-,3352,0,0.010948600
postgres,1,insert_emb,-,3352,0,0.005143900
postgres,1,generar_emb,-,3353,0,0.011399500
postgres,1,insert_emb,-,3353,0,0.005079700
postgres,1,generar_emb,-,3354,0,0.011371400
postgres,1,insert_emb,-,3354,0,0.005195900
postgres,1,generar_emb,-,3355,0,0.011808600
postgres,1,insert_emb,-,3355,0,0.005337700
postgres,1,generar_emb,-,3356,0,0.010600000
postgres,1,insert_emb,-,3356,0,0.005311400
postgres,1,generar_emb,-,3357,0,0.011305400
postgres,1,insert_emb,-,3357,0,0.005434200
postgres,1,generar_emb,-,3358,0,0.012358900
postgres,1,insert_emb,-,3358,0,0.005322600
postgres,1,generar_emb,-,3359,0,0.011988500
postgres,1,insert_emb,-,3359,0,0.005100900
postgres,1,generar_emb,-,3360,0,0.010847200
postgres,1,insert_emb,-,3360,0,0.005395100
postgres,1,generar_emb,-,3361,0,0.011234200
postgres,1,insert_emb,-,3361,0,0.005486400
postgres,1,generar_emb,-,3362,0,0.012421800
postgres,1,insert_emb,-,3362,0,0.005154700
postgres,1,generar_emb,-,3363,0,0.011284800
postgres,1,insert_emb,-,3363,0,0.005302200
postgres,1,generar_emb,-,3364,0,0.012520800
postgres,1,insert_emb,-,3364,0,0.005142400
postgres,1,generar_emb,-,3365,0,0.010962200
postgres,1,insert_emb,-,3365,0,0.005178200
postgres,1,generar_emb,-,3366,0,0.012686500
postgres,1,insert_emb,-,3366,0,0.005576800
postgres,1,generar_emb,-,3367,0,0.011034700
postgres,1,insert_emb,-,3367,0,0.005373700
postgres,1,generar_emb,-,3368,0,0.011588000
postgres,1,insert_emb,-,3368,0,0.005429300
postgres,1,generar_emb,-,3369,0,0.012441200
postgres,1,insert_emb,-,3369,0,0.005483100
postgres,1,generar_emb,-,3370,0,0.012130400
postgres,1,insert_emb,-,3370,0,0.005965900
postgres,1,generar_emb,-,3371,0,0.012020000
postgres,1,insert_emb,-,3371,0,0.005496200
postgres,1,generar_emb,-,3372,0,0.012486700
postgres,1,insert_emb,-,3372,0,0.005686800
postgres,1,generar_emb,-,3373,0,0.011122200
postgres,1,insert_emb,-,3373,0,0.005613700
postgres,1,generar_emb,-,3374,0,0.012227200
postgres,1,insert_emb,-,3374,0,0.005522300
postgres,1,generar_emb,-,3375,0,0.012259600
postgres,1,insert_emb,-,3375,0,0.005532700
postgres,1,generar_emb,-,3376,0,0.011143000
postgres,1,insert_emb,-,3376,0,0.005681900
postgres,1,generar_emb,-,3377,0,0.011886000
postgres,1,insert_emb,-,3377,0,0.005419800
postgres,1,generar_emb,-,3378,0,0.013344300
postgres,1,insert_emb,-,3378,0,0.005627300
postgres,1,generar_emb,-,3379,0,0.011599500
postgres,1,insert_emb,-,3379,0,0.005467900
postgres,1,generar_emb,-,3380,0,0.012775600
postgres,1,insert_emb,-,3380,0,0.005720900
postgres,1,generar_emb,-,3381,0,0.012225300
postgres,1,insert_emb,-,3381,0,0.005560600
postgres,1,generar_emb,-,3382,0,0.012312900
postgres,1,insert_emb,-,3382,0,0.005195600
postgres,1,generar_emb,-,3383,0,0.013750500
postgres,1,insert_emb,-,3383,0,0.005850000
postgres,1,generar_emb,-,3384,0,0.014683600
postgres,1,insert_emb,-,3384,0,0.005755600
postgres,1,generar_emb,-,3385,0,0.014721200
postgres,1,insert_emb,-,3385,0,0.005761300
postgres,1,generar_emb,-,3386,0,0.013017900
postgres,1,insert_emb,-,3386,0,0.005419300
postgres,1,generar_emb,-,3387,0,0.011274400
postgres,1,insert_emb,-,3387,0,0.005844100
postgres,1,generar_emb,-,3388,0,0.011678000
postgres,1,insert_emb,-,3388,0,0.005429700
postgres,1,generar_emb,-,3389,0,0.013115100
postgres,1,insert_emb,-,3389,0,0.005999700
postgres,1,generar_emb,-,3390,0,0.012828100
postgres,1,insert_emb,-,3390,0,0.005273800
postgres,1,generar_emb,-,3391,0,0.013804500
postgres,1,insert_emb,-,3391,0,0.005280400
postgres,1,generar_emb,-,3392,0,0.011658200
postgres,1,insert_emb,-,3392,0,0.005322600
postgres,1,generar_emb,-,3393,0,0.011189600
postgres,1,insert_emb,-,3393,0,0.005113800
postgres,1,generar_emb,-,3394,0,0.012627200
postgres,1,insert_emb,-,3394,0,0.005288500
postgres,1,generar_emb,-,3395,0,0.013650300
postgres,1,insert_emb,-,3395,0,0.005757400
postgres,1,generar_emb,-,3396,0,0.010791300
postgres,1,insert_emb,-,3396,0,0.005517700
postgres,1,generar_emb,-,3397,0,0.011907700
postgres,1,insert_emb,-,3397,0,0.005911200
postgres,1,generar_emb,-,3398,0,0.012182600
postgres,1,insert_emb,-,3398,0,0.005579400
postgres,1,generar_emb,-,3399,0,0.013709900
postgres,1,insert_emb,-,3399,0,0.005332800
postgres,1,generar_emb,-,3400,0,0.012662500
postgres,1,insert_emb,-,3400,0,0.005727100
postgres,1,generar_emb,-,3401,0,0.010444300
postgres,1,insert_emb,-,3401,0,0.005269200
postgres,1,generar_emb,-,3402,0,0.010722300
postgres,1,insert_emb,-,3402,0,0.005238500
postgres,1,generar_emb,-,3403,0,0.010961800
postgres,1,insert_emb,-,3403,0,0.005583600
postgres,1,generar_emb,-,3404,0,0.012627900
postgres,1,insert_emb,-,3404,0,0.005270400
postgres,1,generar_emb,-,3405,0,0.012529800
postgres,1,insert_emb,-,3405,0,0.005494400
postgres,1,generar_emb,-,3406,0,0.012201500
postgres,1,insert_emb,-,3406,0,0.005253700
postgres,1,generar_emb,-,3407,0,0.012455900
postgres,1,insert_emb,-,3407,0,0.005288800
postgres,1,generar_emb,-,3408,0,0.012770400
postgres,1,insert_emb,-,3408,0,0.005177400
postgres,1,generar_emb,-,3409,0,0.013123300
postgres,1,insert_emb,-,3409,0,0.005230500
postgres,1,generar_emb,-,3410,0,0.012176000
postgres,1,insert_emb,-,3410,0,0.005241900
postgres,1,generar_emb,-,3411,0,0.013686600
postgres,1,insert_emb,-,3411,0,0.005022900
postgres,1,generar_emb,-,3412,0,0.014452500
postgres,1,insert_emb,-,3412,0,0.005331700
postgres,1,generar_emb,-,3413,0,0.014300400
postgres,1,insert_emb,-,3413,0,0.004972500
postgres,1,generar_emb,-,3414,0,0.013141700
postgres,1,insert_emb,-,3414,0,0.005088400
postgres,1,generar_emb,-,3415,0,0.011535500
postgres,1,insert_emb,-,3415,0,0.005329900
postgres,1,generar_emb,-,3416,0,0.013274200
postgres,1,insert_emb,-,3416,0,0.005268500
postgres,1,generar_emb,-,3417,0,0.015705200
postgres,1,insert_emb,-,3417,0,0.005655400
postgres,1,generar_emb,-,3418,0,0.012176300
postgres,1,insert_emb,-,3418,0,0.005289100
postgres,1,generar_emb,-,3419,0,0.011350600
postgres,1,insert_emb,-,3419,0,0.005348100
postgres,1,generar_emb,-,3420,0,0.011248800
postgres,1,insert_emb,-,3420,0,0.005556200
postgres,1,generar_emb,-,3421,0,0.011776600
postgres,1,insert_emb,-,3421,0,0.005226100
postgres,1,generar_emb,-,3422,0,0.012816400
postgres,1,insert_emb,-,3422,0,0.006385700
postgres,1,generar_emb,-,3423,0,0.015846700
postgres,1,insert_emb,-,3423,0,0.006034700
postgres,1,generar_emb,-,3424,0,0.018435800
postgres,1,insert_emb,-,3424,0,0.005533800
postgres,1,generar_emb,-,3425,0,0.017421700
postgres,1,insert_emb,-,3425,0,0.007495100
postgres,1,generar_emb,-,3426,0,0.020764300
postgres,1,insert_emb,-,3426,0,0.006974500
postgres,1,generar_emb,-,3427,0,0.021079400
postgres,1,insert_emb,-,3427,0,0.006926900
postgres,1,generar_emb,-,3428,0,0.020456200
postgres,1,insert_emb,-,3428,0,0.005639600
postgres,1,generar_emb,-,3429,0,0.017690300
postgres,1,insert_emb,-,3429,0,0.005183200
postgres,1,generar_emb,-,3430,0,0.012313100
postgres,1,insert_emb,-,3430,0,0.005525200
postgres,1,generar_emb,-,3431,0,0.011931900
postgres,1,insert_emb,-,3431,0,0.005407300
postgres,1,generar_emb,-,3432,0,0.011077100
postgres,1,insert_emb,-,3432,0,0.005441800
postgres,1,generar_emb,-,3433,0,0.014050200
postgres,1,insert_emb,-,3433,0,0.005904800
postgres,1,generar_emb,-,3434,0,0.013118300
postgres,1,insert_emb,-,3434,0,0.006010400
postgres,1,generar_emb,-,3435,0,0.013680400
postgres,1,insert_emb,-,3435,0,0.005447000
postgres,1,generar_emb,-,3436,0,0.012025200
postgres,1,insert_emb,-,3436,0,0.006085400
postgres,1,generar_emb,-,3437,0,0.016388600
postgres,1,insert_emb,-,3437,0,0.006168300
postgres,1,generar_emb,-,3438,0,0.015177000
postgres,1,insert_emb,-,3438,0,0.005841400
postgres,1,generar_emb,-,3439,0,0.015441500
postgres,1,insert_emb,-,3439,0,0.006856100
postgres,1,generar_emb,-,3440,0,0.020242900
postgres,1,insert_emb,-,3440,0,0.007608400
postgres,1,generar_emb,-,3441,0,0.020702300
postgres,1,insert_emb,-,3441,0,0.007154700
postgres,1,generar_emb,-,3442,0,0.018856100
postgres,1,insert_emb,-,3442,0,0.007479100
postgres,1,generar_emb,-,3443,0,0.013614500
postgres,1,insert_emb,-,3443,0,0.005250600
postgres,1,generar_emb,-,3444,0,0.014065000
postgres,1,insert_emb,-,3444,0,0.004855300
postgres,1,generar_emb,-,3445,0,0.013697200
postgres,1,insert_emb,-,3445,0,0.005341000
postgres,1,generar_emb,-,3446,0,0.012286100
postgres,1,insert_emb,-,3446,0,0.004817200
postgres,1,generar_emb,-,3447,0,0.013071100
postgres,1,insert_emb,-,3447,0,0.005176900
postgres,1,generar_emb,-,3448,0,0.011143400
postgres,1,insert_emb,-,3448,0,0.005241500
postgres,1,generar_emb,-,3449,0,0.014346700
postgres,1,insert_emb,-,3449,0,0.005196800
postgres,1,generar_emb,-,3450,0,0.010199500
postgres,1,insert_emb,-,3450,0,0.005737000
postgres,1,generar_emb,-,3451,0,0.012407100
postgres,1,insert_emb,-,3451,0,0.005162600
postgres,1,generar_emb,-,3452,0,0.012938900
postgres,1,insert_emb,-,3452,0,0.005288600
postgres,1,generar_emb,-,3453,0,0.013198700
postgres,1,insert_emb,-,3453,0,0.005054600
postgres,1,generar_emb,-,3454,0,0.012801000
postgres,1,insert_emb,-,3454,0,0.004981300
postgres,1,generar_emb,-,3455,0,0.012129600
postgres,1,insert_emb,-,3455,0,0.005301400
postgres,1,generar_emb,-,3456,0,0.011672600
postgres,1,insert_emb,-,3456,0,0.005103800
postgres,1,generar_emb,-,3457,0,0.012996800
postgres,1,insert_emb,-,3457,0,0.004992300
postgres,1,generar_emb,-,3458,0,0.014892600
postgres,1,insert_emb,-,3458,0,0.005680000
postgres,1,generar_emb,-,3459,0,0.011299600
postgres,1,insert_emb,-,3459,0,0.005006500
postgres,1,generar_emb,-,3460,0,0.011696600
postgres,1,insert_emb,-,3460,0,0.005264100
postgres,1,generar_emb,-,3461,0,0.012870900
postgres,1,insert_emb,-,3461,0,0.004987700
postgres,1,generar_emb,-,3462,0,0.012401800
postgres,1,insert_emb,-,3462,0,0.004887500
postgres,1,generar_emb,-,3463,0,0.011328100
postgres,1,insert_emb,-,3463,0,0.004916300
postgres,1,generar_emb,-,3464,0,0.013984200
postgres,1,insert_emb,-,3464,0,0.005006700
postgres,1,generar_emb,-,3465,0,0.011920500
postgres,1,insert_emb,-,3465,0,0.005512300
postgres,1,generar_emb,-,3466,0,0.011960900
postgres,1,insert_emb,-,3466,0,0.004854200
postgres,1,generar_emb,-,3467,0,0.011307500
postgres,1,insert_emb,-,3467,0,0.004881000
postgres,1,generar_emb,-,3468,0,0.012002600
postgres,1,insert_emb,-,3468,0,0.004731100
postgres,1,generar_emb,-,3469,0,0.011363400
postgres,1,insert_emb,-,3469,0,0.004798600
postgres,1,generar_emb,-,3470,0,0.012203100
postgres,1,insert_emb,-,3470,0,0.005219000
postgres,1,generar_emb,-,3471,0,0.012427100
postgres,1,insert_emb,-,3471,0,0.005129400
postgres,1,generar_emb,-,3472,0,0.011725000
postgres,1,insert_emb,-,3472,0,0.004917500
postgres,1,generar_emb,-,3473,0,0.012316900
postgres,1,insert_emb,-,3473,0,0.005044800
postgres,1,generar_emb,-,3474,0,0.015164600
postgres,1,insert_emb,-,3474,0,0.005176800
postgres,1,generar_emb,-,3475,0,0.011291200
postgres,1,insert_emb,-,3475,0,0.005150900
postgres,1,generar_emb,-,3476,0,0.011752000
postgres,1,insert_emb,-,3476,0,0.005363600
postgres,1,generar_emb,-,3477,0,0.013131100
postgres,1,insert_emb,-,3477,0,0.005262600
postgres,1,generar_emb,-,3478,0,0.012780800
postgres,1,insert_emb,-,3478,0,0.005339000
postgres,1,generar_emb,-,3479,0,0.011326100
postgres,1,insert_emb,-,3479,0,0.005259100
postgres,1,generar_emb,-,3480,0,0.013176700
postgres,1,insert_emb,-,3480,0,0.005079700
postgres,1,generar_emb,-,3481,0,0.010852800
postgres,1,insert_emb,-,3481,0,0.005149800
postgres,1,generar_emb,-,3482,0,0.012235100
postgres,1,insert_emb,-,3482,0,0.006082200
postgres,1,generar_emb,-,3483,0,0.017077800
postgres,1,insert_emb,-,3483,0,0.005226700
postgres,1,generar_emb,-,3484,0,0.015022000
postgres,1,insert_emb,-,3484,0,0.005243600
postgres,1,generar_emb,-,3485,0,0.015204000
postgres,1,insert_emb,-,3485,0,0.005364900
postgres,1,generar_emb,-,3486,0,0.012547400
postgres,1,insert_emb,-,3486,0,0.004939200
postgres,1,generar_emb,-,3487,0,0.012593400
postgres,1,insert_emb,-,3487,0,0.004954000
postgres,1,generar_emb,-,3488,0,0.012149100
postgres,1,insert_emb,-,3488,0,0.004893800
postgres,1,generar_emb,-,3489,0,0.013454600
postgres,1,insert_emb,-,3489,0,0.005175300
postgres,1,generar_emb,-,3490,0,0.012467000
postgres,1,insert_emb,-,3490,0,0.005220100
postgres,1,generar_emb,-,3491,0,0.011892500
postgres,1,insert_emb,-,3491,0,0.006122600
postgres,1,generar_emb,-,3492,0,0.013685100
postgres,1,insert_emb,-,3492,0,0.005265400
postgres,1,generar_emb,-,3493,0,0.013684100
postgres,1,insert_emb,-,3493,0,0.005110700
postgres,1,generar_emb,-,3494,0,0.011634100
postgres,1,insert_emb,-,3494,0,0.005169600
postgres,1,generar_emb,-,3495,0,0.010823800
postgres,1,insert_emb,-,3495,0,0.005294400
postgres,1,generar_emb,-,3496,0,0.012051200
postgres,1,insert_emb,-,3496,0,0.005226400
postgres,1,generar_emb,-,3497,0,0.013251200
postgres,1,insert_emb,-,3497,0,0.005772600
postgres,1,generar_emb,-,3498,0,0.015073000
postgres,1,insert_emb,-,3498,0,0.005493100
postgres,1,generar_emb,-,3499,0,0.012052300
postgres,1,insert_emb,-,3499,0,0.005298800
postgres,1,generar_emb,-,3500,0,0.011501100
postgres,1,insert_emb,-,3500,0,0.005151400
postgres,1,generar_emb,-,3501,0,0.012124900
postgres,1,insert_emb,-,3501,0,0.005264400
postgres,1,generar_emb,-,3502,0,0.011985700
postgres,1,insert_emb,-,3502,0,0.005197500
postgres,1,generar_emb,-,3503,0,0.011963300
postgres,1,insert_emb,-,3503,0,0.005561700
postgres,1,generar_emb,-,3504,0,0.012942600
postgres,1,insert_emb,-,3504,0,0.005484400
postgres,1,generar_emb,-,3505,0,0.011615000
postgres,1,insert_emb,-,3505,0,0.005240500
postgres,1,generar_emb,-,3506,0,0.011715000
postgres,1,insert_emb,-,3506,0,0.005063100
postgres,1,generar_emb,-,3507,0,0.011239100
postgres,1,insert_emb,-,3507,0,0.005164700
postgres,1,generar_emb,-,3508,0,0.011422900
postgres,1,insert_emb,-,3508,0,0.005085500
postgres,1,generar_emb,-,3509,0,0.012235700
postgres,1,insert_emb,-,3509,0,0.005098600
postgres,1,generar_emb,-,3510,0,0.011620400
postgres,1,insert_emb,-,3510,0,0.005263600
postgres,1,generar_emb,-,3511,0,0.014972600
postgres,1,insert_emb,-,3511,0,0.005336400
postgres,1,generar_emb,-,3512,0,0.011193700
postgres,1,insert_emb,-,3512,0,0.005593500
postgres,1,generar_emb,-,3513,0,0.011117600
postgres,1,insert_emb,-,3513,0,0.005182500
postgres,1,generar_emb,-,3514,0,0.012026600
postgres,1,insert_emb,-,3514,0,0.005038100
postgres,1,generar_emb,-,3515,0,0.011501200
postgres,1,insert_emb,-,3515,0,0.005271100
postgres,1,generar_emb,-,3516,0,0.011833800
postgres,1,insert_emb,-,3516,0,0.005119900
postgres,1,generar_emb,-,3517,0,0.011885500
postgres,1,insert_emb,-,3517,0,0.005208400
postgres,1,generar_emb,-,3518,0,0.011755000
postgres,1,insert_emb,-,3518,0,0.005229900
postgres,1,generar_emb,-,3519,0,0.011818300
postgres,1,insert_emb,-,3519,0,0.005444300
postgres,1,generar_emb,-,3520,0,0.011747700
postgres,1,insert_emb,-,3520,0,0.005004700
postgres,1,generar_emb,-,3521,0,0.010750200
postgres,1,insert_emb,-,3521,0,0.005182600
postgres,1,generar_emb,-,3522,0,0.011196700
postgres,1,insert_emb,-,3522,0,0.005174000
postgres,1,generar_emb,-,3523,0,0.012074700
postgres,1,insert_emb,-,3523,0,0.005336400
postgres,1,generar_emb,-,3524,0,0.013518000
postgres,1,insert_emb,-,3524,0,0.005607700
postgres,1,generar_emb,-,3525,0,0.012450600
postgres,1,insert_emb,-,3525,0,0.005799500
postgres,1,generar_emb,-,3526,0,0.011635500
postgres,1,insert_emb,-,3526,0,0.005453600
postgres,1,generar_emb,-,3527,0,0.014866100
postgres,1,insert_emb,-,3527,0,0.005568700
postgres,1,generar_emb,-,3528,0,0.011579200
postgres,1,insert_emb,-,3528,0,0.005419000
postgres,1,generar_emb,-,3529,0,0.012181700
postgres,1,insert_emb,-,3529,0,0.005820900
postgres,1,generar_emb,-,3530,0,0.012936400
postgres,1,insert_emb,-,3530,0,0.005753900
postgres,1,generar_emb,-,3531,0,0.013950300
postgres,1,insert_emb,-,3531,0,0.005604400
postgres,1,generar_emb,-,3532,0,0.011652200
postgres,1,insert_emb,-,3532,0,0.005350900
postgres,1,generar_emb,-,3533,0,0.010697700
postgres,1,insert_emb,-,3533,0,0.005341700
postgres,1,generar_emb,-,3534,0,0.013533800
postgres,1,insert_emb,-,3534,0,0.005211300
postgres,1,generar_emb,-,3535,0,0.011069100
postgres,1,insert_emb,-,3535,0,0.005817800
postgres,1,generar_emb,-,3536,0,0.011471500
postgres,1,insert_emb,-,3536,0,0.005028100
postgres,1,generar_emb,-,3537,0,0.012337200
postgres,1,insert_emb,-,3537,0,0.005301800
postgres,1,generar_emb,-,3538,0,0.011496500
postgres,1,insert_emb,-,3538,0,0.005458400
postgres,1,generar_emb,-,3539,0,0.018300600
postgres,1,insert_emb,-,3539,0,0.005938100
postgres,1,generar_emb,-,3540,0,0.014763100
postgres,1,insert_emb,-,3540,0,0.005973800
postgres,1,generar_emb,-,3541,0,0.012859000
postgres,1,insert_emb,-,3541,0,0.005289400
postgres,1,generar_emb,-,3542,0,0.014833800
postgres,1,insert_emb,-,3542,0,0.005800100
postgres,1,generar_emb,-,3543,0,0.012733100
postgres,1,insert_emb,-,3543,0,0.005870200
postgres,1,generar_emb,-,3544,0,0.012697700
postgres,1,insert_emb,-,3544,0,0.005599000
postgres,1,generar_emb,-,3545,0,0.014709300
postgres,1,insert_emb,-,3545,0,0.005929600
postgres,1,generar_emb,-,3546,0,0.010817600
postgres,1,insert_emb,-,3546,0,0.004721700
postgres,1,generar_emb,-,3547,0,0.013547000
postgres,1,insert_emb,-,3547,0,0.005438300
postgres,1,generar_emb,-,3548,0,0.014020200
postgres,1,insert_emb,-,3548,0,0.005453900
postgres,1,generar_emb,-,3549,0,0.012290500
postgres,1,insert_emb,-,3549,0,0.005036400
postgres,1,generar_emb,-,3550,0,0.012295000
postgres,1,insert_emb,-,3550,0,0.005227500
postgres,1,generar_emb,-,3551,0,0.013012100
postgres,1,insert_emb,-,3551,0,0.005105200
postgres,1,generar_emb,-,3552,0,0.012722400
postgres,1,insert_emb,-,3552,0,0.005244500
postgres,1,generar_emb,-,3553,0,0.013182600
postgres,1,insert_emb,-,3553,0,0.005819300
postgres,1,generar_emb,-,3554,0,0.011012000
postgres,1,insert_emb,-,3554,0,0.004801500
postgres,1,generar_emb,-,3555,0,0.011435100
postgres,1,insert_emb,-,3555,0,0.005474600
postgres,1,generar_emb,-,3556,0,0.012331100
postgres,1,insert_emb,-,3556,0,0.004892100
postgres,1,generar_emb,-,3557,0,0.011687300
postgres,1,insert_emb,-,3557,0,0.004983300
postgres,1,generar_emb,-,3558,0,0.015496700
postgres,1,insert_emb,-,3558,0,0.005514200
postgres,1,generar_emb,-,3559,0,0.012751500
postgres,1,insert_emb,-,3559,0,0.005391500
postgres,1,generar_emb,-,3560,0,0.012976600
postgres,1,insert_emb,-,3560,0,0.005171300
postgres,1,generar_emb,-,3561,0,0.012749400
postgres,1,insert_emb,-,3561,0,0.005047100
postgres,1,generar_emb,-,3562,0,0.014581000
postgres,1,insert_emb,-,3562,0,0.005208500
postgres,1,generar_emb,-,3563,0,0.013305200
postgres,1,insert_emb,-,3563,0,0.005160500
postgres,1,generar_emb,-,3564,0,0.012747800
postgres,1,insert_emb,-,3564,0,0.005133800
postgres,1,generar_emb,-,3565,0,0.012844600
postgres,1,insert_emb,-,3565,0,0.005229100
postgres,1,generar_emb,-,3566,0,0.013041500
postgres,1,insert_emb,-,3566,0,0.005074900
postgres,1,generar_emb,-,3567,0,0.013645000
postgres,1,insert_emb,-,3567,0,0.005328400
postgres,1,generar_emb,-,3568,0,0.011707600
postgres,1,insert_emb,-,3568,0,0.005075900
postgres,1,generar_emb,-,3569,0,0.013830600
postgres,1,insert_emb,-,3569,0,0.005176100
postgres,1,generar_emb,-,3570,0,0.012427400
postgres,1,insert_emb,-,3570,0,0.005214800
postgres,1,generar_emb,-,3571,0,0.013425100
postgres,1,insert_emb,-,3571,0,0.005457600
postgres,1,generar_emb,-,3572,0,0.012501400
postgres,1,insert_emb,-,3572,0,0.005540700
postgres,1,generar_emb,-,3573,0,0.012215000
postgres,1,insert_emb,-,3573,0,0.005627900
postgres,1,generar_emb,-,3574,0,0.011201400
postgres,1,insert_emb,-,3574,0,0.005753400
postgres,1,generar_emb,-,3575,0,0.014269100
postgres,1,insert_emb,-,3575,0,0.005537100
postgres,1,generar_emb,-,3576,0,0.011173800
postgres,1,insert_emb,-,3576,0,0.005318300
postgres,1,generar_emb,-,3577,0,0.015729500
postgres,1,insert_emb,-,3577,0,0.005860500
postgres,1,generar_emb,-,3578,0,0.012131800
postgres,1,insert_emb,-,3578,0,0.005547800
postgres,1,generar_emb,-,3579,0,0.011352000
postgres,1,insert_emb,-,3579,0,0.005391100
postgres,1,generar_emb,-,3580,0,0.012461200
postgres,1,insert_emb,-,3580,0,0.005449100
postgres,1,generar_emb,-,3581,0,0.013161100
postgres,1,insert_emb,-,3581,0,0.005500800
postgres,1,generar_emb,-,3582,0,0.012112200
postgres,1,insert_emb,-,3582,0,0.005501200
postgres,1,generar_emb,-,3583,0,0.011419300
postgres,1,insert_emb,-,3583,0,0.005360500
postgres,1,generar_emb,-,3584,0,0.011709600
postgres,1,insert_emb,-,3584,0,0.005154900
postgres,1,generar_emb,-,3585,0,0.013552100
postgres,1,insert_emb,-,3585,0,0.005772400
postgres,1,generar_emb,-,3586,0,0.011830800
postgres,1,insert_emb,-,3586,0,0.005119500
postgres,1,generar_emb,-,3587,0,0.012747400
postgres,1,insert_emb,-,3587,0,0.005654600
postgres,1,generar_emb,-,3588,0,0.013991300
postgres,1,insert_emb,-,3588,0,0.006045000
postgres,1,generar_emb,-,3589,0,0.012256400
postgres,1,insert_emb,-,3589,0,0.005744900
postgres,1,generar_emb,-,3590,0,0.012501300
postgres,1,insert_emb,-,3590,0,0.005129700
postgres,1,generar_emb,-,3591,0,0.012743700
postgres,1,insert_emb,-,3591,0,0.005022000
postgres,1,generar_emb,-,3592,0,0.012743000
postgres,1,insert_emb,-,3592,0,0.005180000
postgres,1,generar_emb,-,3593,0,0.013943300
postgres,1,insert_emb,-,3593,0,0.005265200
postgres,1,generar_emb,-,3594,0,0.013100800
postgres,1,insert_emb,-,3594,0,0.005193300
postgres,1,generar_emb,-,3595,0,0.014234000
postgres,1,insert_emb,-,3595,0,0.005620900
postgres,1,generar_emb,-,3596,0,0.012432700
postgres,1,insert_emb,-,3596,0,0.005278700
postgres,1,generar_emb,-,3597,0,0.011413800
postgres,1,insert_emb,-,3597,0,0.005501600
postgres,1,generar_emb,-,3598,0,0.011507500
postgres,1,insert_emb,-,3598,0,0.005271500
postgres,1,generar_emb,-,3599,0,0.012802300
postgres,1,insert_emb,-,3599,0,0.005481000
postgres,1,generar_emb,-,3600,0,0.013756200
postgres,1,insert_emb,-,3600,0,0.005592800
postgres,1,generar_emb,-,3601,0,0.012245500
postgres,1,insert_emb,-,3601,0,0.005218000
postgres,1,generar_emb,-,3602,0,0.012230900
postgres,1,insert_emb,-,3602,0,0.005104600
postgres,1,generar_emb,-,3603,0,0.012969100
postgres,1,insert_emb,-,3603,0,0.005196000
postgres,1,generar_emb,-,3604,0,0.013048400
postgres,1,insert_emb,-,3604,0,0.005652200
postgres,1,generar_emb,-,3605,0,0.012862000
postgres,1,insert_emb,-,3605,0,0.005641100
postgres,1,generar_emb,-,3606,0,0.013534200
postgres,1,insert_emb,-,3606,0,0.005589800
postgres,1,generar_emb,-,3607,0,0.013053200
postgres,1,insert_emb,-,3607,0,0.005285400
postgres,1,generar_emb,-,3608,0,0.011388900
postgres,1,insert_emb,-,3608,0,0.005691200
postgres,1,generar_emb,-,3609,0,0.011873100
postgres,1,insert_emb,-,3609,0,0.005524100
postgres,1,generar_emb,-,3610,0,0.011082800
postgres,1,insert_emb,-,3610,0,0.005709200
postgres,1,generar_emb,-,3611,0,0.011169000
postgres,1,insert_emb,-,3611,0,0.005333100
postgres,1,generar_emb,-,3612,0,0.012897700
postgres,1,insert_emb,-,3612,0,0.005423700
postgres,1,generar_emb,-,3613,0,0.012749600
postgres,1,insert_emb,-,3613,0,0.006043000
postgres,1,generar_emb,-,3614,0,0.013974400
postgres,1,insert_emb,-,3614,0,0.006166900
postgres,1,generar_emb,-,3615,0,0.013988800
postgres,1,insert_emb,-,3615,0,0.006059000
postgres,1,generar_emb,-,3616,0,0.011516400
postgres,1,insert_emb,-,3616,0,0.005851700
postgres,1,generar_emb,-,3617,0,0.012264700
postgres,1,insert_emb,-,3617,0,0.006052400
postgres,1,generar_emb,-,3618,0,0.011094800
postgres,1,insert_emb,-,3618,0,0.006047000
postgres,1,generar_emb,-,3619,0,0.012360100
postgres,1,insert_emb,-,3619,0,0.005587300
postgres,1,generar_emb,-,3620,0,0.012220600
postgres,1,insert_emb,-,3620,0,0.005571400
postgres,1,generar_emb,-,3621,0,0.016781400
postgres,1,insert_emb,-,3621,0,0.005428400
postgres,1,generar_emb,-,3622,0,0.013235900
postgres,1,insert_emb,-,3622,0,0.005724700
postgres,1,generar_emb,-,3623,0,0.012624100
postgres,1,insert_emb,-,3623,0,0.005350300
postgres,1,generar_emb,-,3624,0,0.017764800
postgres,1,insert_emb,-,3624,0,0.005587300
postgres,1,generar_emb,-,3625,0,0.011943300
postgres,1,insert_emb,-,3625,0,0.005485800
postgres,1,generar_emb,-,3626,0,0.013320600
postgres,1,insert_emb,-,3626,0,0.005830000
postgres,1,generar_emb,-,3627,0,0.013147800
postgres,1,insert_emb,-,3627,0,0.005649200
postgres,1,generar_emb,-,3628,0,0.011143800
postgres,1,insert_emb,-,3628,0,0.005368900
postgres,1,generar_emb,-,3629,0,0.011076100
postgres,1,insert_emb,-,3629,0,0.005683400
postgres,1,generar_emb,-,3630,0,0.011682900
postgres,1,insert_emb,-,3630,0,0.005267300
postgres,1,generar_emb,-,3631,0,0.012505600
postgres,1,insert_emb,-,3631,0,0.005351000
postgres,1,generar_emb,-,3632,0,0.012478400
postgres,1,insert_emb,-,3632,0,0.005173500
postgres,1,generar_emb,-,3633,0,0.011651800
postgres,1,insert_emb,-,3633,0,0.005255600
postgres,1,generar_emb,-,3634,0,0.012270400
postgres,1,insert_emb,-,3634,0,0.005644100
postgres,1,generar_emb,-,3635,0,0.013239100
postgres,1,insert_emb,-,3635,0,0.005585200
postgres,1,generar_emb,-,3636,0,0.012832200
postgres,1,insert_emb,-,3636,0,0.005285800
postgres,1,generar_emb,-,3637,0,0.012574900
postgres,1,insert_emb,-,3637,0,0.005273800
postgres,1,generar_emb,-,3638,0,0.013984600
postgres,1,insert_emb,-,3638,0,0.005939700
postgres,1,generar_emb,-,3639,0,0.011767100
postgres,1,insert_emb,-,3639,0,0.005524700
postgres,1,generar_emb,-,3640,0,0.010921500
postgres,1,insert_emb,-,3640,0,0.005747200
postgres,1,generar_emb,-,3641,0,0.011016300
postgres,1,insert_emb,-,3641,0,0.005263200
postgres,1,generar_emb,-,3642,0,0.013077000
postgres,1,insert_emb,-,3642,0,0.005335600
postgres,1,generar_emb,-,3643,0,0.010745600
postgres,1,insert_emb,-,3643,0,0.005451800
postgres,1,generar_emb,-,3644,0,0.014460800
postgres,1,insert_emb,-,3644,0,0.005905100
postgres,1,generar_emb,-,3645,0,0.012370300
postgres,1,insert_emb,-,3645,0,0.005594100
postgres,1,generar_emb,-,3646,0,0.012753000
postgres,1,insert_emb,-,3646,0,0.005078000
postgres,1,generar_emb,-,3647,0,0.011685900
postgres,1,insert_emb,-,3647,0,0.005084500
postgres,1,generar_emb,-,3648,0,0.011605800
postgres,1,insert_emb,-,3648,0,0.005319100
postgres,1,generar_emb,-,3649,0,0.011995100
postgres,1,insert_emb,-,3649,0,0.004993600
postgres,1,generar_emb,-,3650,0,0.013607100
postgres,1,insert_emb,-,3650,0,0.005051300
postgres,1,generar_emb,-,3651,0,0.012373700
postgres,1,insert_emb,-,3651,0,0.005079900
postgres,1,generar_emb,-,3652,0,0.015245900
postgres,1,insert_emb,-,3652,0,0.005085200
postgres,1,generar_emb,-,3653,0,0.012588900
postgres,1,insert_emb,-,3653,0,0.005208800
postgres,1,generar_emb,-,3654,0,0.013343300
postgres,1,insert_emb,-,3654,0,0.005607600
postgres,1,generar_emb,-,3655,0,0.012087800
postgres,1,insert_emb,-,3655,0,0.005476400
postgres,1,generar_emb,-,3656,0,0.011048900
postgres,1,insert_emb,-,3656,0,0.005485300
postgres,1,generar_emb,-,3657,0,0.012351000
postgres,1,insert_emb,-,3657,0,0.005360400
postgres,1,generar_emb,-,3658,0,0.011005200
postgres,1,insert_emb,-,3658,0,0.005211900
postgres,1,generar_emb,-,3659,0,0.011351600
postgres,1,insert_emb,-,3659,0,0.005391900
postgres,1,generar_emb,-,3660,0,0.012784000
postgres,1,insert_emb,-,3660,0,0.005670400
postgres,1,generar_emb,-,3661,0,0.011158600
postgres,1,insert_emb,-,3661,0,0.005270700
postgres,1,generar_emb,-,3662,0,0.014553900
postgres,1,insert_emb,-,3662,0,0.005377700
postgres,1,generar_emb,-,3663,0,0.013385100
postgres,1,insert_emb,-,3663,0,0.005769900
postgres,1,generar_emb,-,3664,0,0.012162200
postgres,1,insert_emb,-,3664,0,0.005631600
postgres,1,generar_emb,-,3665,0,0.012744300
postgres,1,insert_emb,-,3665,0,0.005849900
postgres,1,generar_emb,-,3666,0,0.013105700
postgres,1,insert_emb,-,3666,0,0.005259800
postgres,1,generar_emb,-,3667,0,0.012627000
postgres,1,insert_emb,-,3667,0,0.005414800
postgres,1,generar_emb,-,3668,0,0.013283800
postgres,1,insert_emb,-,3668,0,0.005538000
postgres,1,generar_emb,-,3669,0,0.012950300
postgres,1,insert_emb,-,3669,0,0.005287600
postgres,1,generar_emb,-,3670,0,0.016093600
postgres,1,insert_emb,-,3670,0,0.005868900
postgres,1,generar_emb,-,3671,0,0.012692200
postgres,1,insert_emb,-,3671,0,0.005383000
postgres,1,generar_emb,-,3672,0,0.012259200
postgres,1,insert_emb,-,3672,0,0.005186000
postgres,1,generar_emb,-,3673,0,0.011369600
postgres,1,insert_emb,-,3673,0,0.005421900
postgres,1,generar_emb,-,3674,0,0.011436100
postgres,1,insert_emb,-,3674,0,0.005298400
postgres,1,generar_emb,-,3675,0,0.013178900
postgres,1,insert_emb,-,3675,0,0.005536000
postgres,1,generar_emb,-,3676,0,0.013844000
postgres,1,insert_emb,-,3676,0,0.005763400
postgres,1,generar_emb,-,3677,0,0.013413400
postgres,1,insert_emb,-,3677,0,0.005639500
postgres,1,generar_emb,-,3678,0,0.013652200
postgres,1,insert_emb,-,3678,0,0.005167400
postgres,1,generar_emb,-,3679,0,0.012505300
postgres,1,insert_emb,-,3679,0,0.004916800
postgres,1,generar_emb,-,3680,0,0.013224700
postgres,1,insert_emb,-,3680,0,0.005398200
postgres,1,generar_emb,-,3681,0,0.012677900
postgres,1,insert_emb,-,3681,0,0.005317700
postgres,1,generar_emb,-,3682,0,0.013123900
postgres,1,insert_emb,-,3682,0,0.005402100
postgres,1,generar_emb,-,3683,0,0.012816000
postgres,1,insert_emb,-,3683,0,0.005208100
postgres,1,generar_emb,-,3684,0,0.013381700
postgres,1,insert_emb,-,3684,0,0.005179900
postgres,1,generar_emb,-,3685,0,0.011915900
postgres,1,insert_emb,-,3685,0,0.005214500
postgres,1,generar_emb,-,3686,0,0.011702400
postgres,1,insert_emb,-,3686,0,0.005000500
postgres,1,generar_emb,-,3687,0,0.016704800
postgres,1,insert_emb,-,3687,0,0.005153800
postgres,1,generar_emb,-,3688,0,0.012200100
postgres,1,insert_emb,-,3688,0,0.005215000
postgres,1,generar_emb,-,3689,0,0.013797600
postgres,1,insert_emb,-,3689,0,0.005376600
postgres,1,generar_emb,-,3690,0,0.014623900
postgres,1,insert_emb,-,3690,0,0.005640700
postgres,1,generar_emb,-,3691,0,0.011567500
postgres,1,insert_emb,-,3691,0,0.005707800
postgres,1,generar_emb,-,3692,0,0.011264200
postgres,1,insert_emb,-,3692,0,0.005116700
postgres,1,generar_emb,-,3693,0,0.012898600
postgres,1,insert_emb,-,3693,0,0.005246100
postgres,1,generar_emb,-,3694,0,0.010861100
postgres,1,insert_emb,-,3694,0,0.005346000
postgres,1,generar_emb,-,3695,0,0.012997800
postgres,1,insert_emb,-,3695,0,0.005465100
postgres,1,generar_emb,-,3696,0,0.011253000
postgres,1,insert_emb,-,3696,0,0.005227700
postgres,1,generar_emb,-,3697,0,0.010865900
postgres,1,insert_emb,-,3697,0,0.005128300
postgres,1,generar_emb,-,3698,0,0.012266400
postgres,1,insert_emb,-,3698,0,0.005223700
postgres,1,generar_emb,-,3699,0,0.012624700
postgres,1,insert_emb,-,3699,0,0.005175000
postgres,1,generar_emb,-,3700,0,0.016549800
postgres,1,insert_emb,-,3700,0,0.005921900
postgres,1,generar_emb,-,3701,0,0.015211900
postgres,1,insert_emb,-,3701,0,0.005873200
postgres,1,generar_emb,-,3702,0,0.015019300
postgres,1,insert_emb,-,3702,0,0.005298400
postgres,1,generar_emb,-,3703,0,0.011516600
postgres,1,insert_emb,-,3703,0,0.005368300
postgres,1,generar_emb,-,3704,0,0.015605700
postgres,1,insert_emb,-,3704,0,0.005912700
postgres,1,generar_emb,-,3705,0,0.011393900
postgres,1,insert_emb,-,3705,0,0.006193700
postgres,1,generar_emb,-,3706,0,0.012112500
postgres,1,insert_emb,-,3706,0,0.006046900
postgres,1,generar_emb,-,3707,0,0.011294800
postgres,1,insert_emb,-,3707,0,0.005762500
postgres,1,generar_emb,-,3708,0,0.012218800
postgres,1,insert_emb,-,3708,0,0.005589200
postgres,1,generar_emb,-,3709,0,0.013208400
postgres,1,insert_emb,-,3709,0,0.005725800
postgres,1,generar_emb,-,3710,0,0.011080300
postgres,1,insert_emb,-,3710,0,0.005720600
postgres,1,generar_emb,-,3711,0,0.011988400
postgres,1,insert_emb,-,3711,0,0.005126800
postgres,1,generar_emb,-,3712,0,0.011996900
postgres,1,insert_emb,-,3712,0,0.005208400
postgres,1,generar_emb,-,3713,0,0.017197100
postgres,1,insert_emb,-,3713,0,0.005692600
postgres,1,generar_emb,-,3714,0,0.012516400
postgres,1,insert_emb,-,3714,0,0.005372400
postgres,1,generar_emb,-,3715,0,0.013420100
postgres,1,insert_emb,-,3715,0,0.005644400
postgres,1,generar_emb,-,3716,0,0.012433500
postgres,1,insert_emb,-,3716,0,0.005239700
postgres,1,generar_emb,-,3717,0,0.016339400
postgres,1,insert_emb,-,3717,0,0.005662600
postgres,1,generar_emb,-,3718,0,0.012108300
postgres,1,insert_emb,-,3718,0,0.005695000
postgres,1,generar_emb,-,3719,0,0.011527200
postgres,1,insert_emb,-,3719,0,0.005502400
postgres,1,generar_emb,-,3720,0,0.011335600
postgres,1,insert_emb,-,3720,0,0.005644900
postgres,1,generar_emb,-,3721,0,0.012420200
postgres,1,insert_emb,-,3721,0,0.005149700
postgres,1,generar_emb,-,3722,0,0.015868900
postgres,1,insert_emb,-,3722,0,0.005451700
postgres,1,generar_emb,-,3723,0,0.012999000
postgres,1,insert_emb,-,3723,0,0.005649400
postgres,1,generar_emb,-,3724,0,0.015926500
postgres,1,insert_emb,-,3724,0,0.005865800
postgres,1,generar_emb,-,3725,0,0.013065100
postgres,1,insert_emb,-,3725,0,0.005891400
postgres,1,generar_emb,-,3726,0,0.011949500
postgres,1,insert_emb,-,3726,0,0.005147800
postgres,1,generar_emb,-,3727,0,0.012393700
postgres,1,insert_emb,-,3727,0,0.005553800
postgres,1,generar_emb,-,3728,0,0.011464500
postgres,1,insert_emb,-,3728,0,0.005904900
postgres,1,generar_emb,-,3729,0,0.011596300
postgres,1,insert_emb,-,3729,0,0.005234900
postgres,1,generar_emb,-,3730,0,0.014330500
postgres,1,insert_emb,-,3730,0,0.005729600
postgres,1,generar_emb,-,3731,0,0.013152700
postgres,1,insert_emb,-,3731,0,0.005326500
postgres,1,generar_emb,-,3732,0,0.013378800
postgres,1,insert_emb,-,3732,0,0.005728100
postgres,1,generar_emb,-,3733,0,0.013404000
postgres,1,insert_emb,-,3733,0,0.005509400
postgres,1,generar_emb,-,3734,0,0.012121500
postgres,1,insert_emb,-,3734,0,0.005567200
postgres,1,generar_emb,-,3735,0,0.013710400
postgres,1,insert_emb,-,3735,0,0.005707800
postgres,1,generar_emb,-,3736,0,0.012738300
postgres,1,insert_emb,-,3736,0,0.005231600
postgres,1,generar_emb,-,3737,0,0.012964200
postgres,1,insert_emb,-,3737,0,0.005491800
postgres,1,generar_emb,-,3738,0,0.012694800
postgres,1,insert_emb,-,3738,0,0.005153100
postgres,1,generar_emb,-,3739,0,0.013144700
postgres,1,insert_emb,-,3739,0,0.005421800
postgres,1,generar_emb,-,3740,0,0.012682400
postgres,1,insert_emb,-,3740,0,0.005761200
postgres,1,generar_emb,-,3741,0,0.014433900
postgres,1,insert_emb,-,3741,0,0.005629000
postgres,1,generar_emb,-,3742,0,0.010962700
postgres,1,insert_emb,-,3742,0,0.005467400
postgres,1,generar_emb,-,3743,0,0.010618100
postgres,1,insert_emb,-,3743,0,0.005492300
postgres,1,generar_emb,-,3744,0,0.012016800
postgres,1,insert_emb,-,3744,0,0.005397500
postgres,1,generar_emb,-,3745,0,0.011484200
postgres,1,insert_emb,-,3745,0,0.005784800
postgres,1,generar_emb,-,3746,0,0.013721400
postgres,1,insert_emb,-,3746,0,0.005267800
postgres,1,generar_emb,-,3747,0,0.012210200
postgres,1,insert_emb,-,3747,0,0.005274100
postgres,1,generar_emb,-,3748,0,0.012108000
postgres,1,insert_emb,-,3748,0,0.005312700
postgres,1,generar_emb,-,3749,0,0.011330500
postgres,1,insert_emb,-,3749,0,0.005467900
postgres,1,generar_emb,-,3750,0,0.012160000
postgres,1,insert_emb,-,3750,0,0.005649300
postgres,1,generar_emb,-,3751,0,0.010963100
postgres,1,insert_emb,-,3751,0,0.005392700
postgres,1,generar_emb,-,3752,0,0.014632300
postgres,1,insert_emb,-,3752,0,0.005251800
postgres,1,generar_emb,-,3753,0,0.013293800
postgres,1,insert_emb,-,3753,0,0.005356500
postgres,1,generar_emb,-,3754,0,0.012880000
postgres,1,insert_emb,-,3754,0,0.004954800
postgres,1,generar_emb,-,3755,0,0.013959800
postgres,1,insert_emb,-,3755,0,0.005543800
postgres,1,generar_emb,-,3756,0,0.011248500
postgres,1,insert_emb,-,3756,0,0.005489000
postgres,1,generar_emb,-,3757,0,0.012413300
postgres,1,insert_emb,-,3757,0,0.005068400
postgres,1,generar_emb,-,3758,0,0.012406200
postgres,1,insert_emb,-,3758,0,0.005132000
postgres,1,generar_emb,-,3759,0,0.011676800
postgres,1,insert_emb,-,3759,0,0.005108300
postgres,1,generar_emb,-,3760,0,0.011827600
postgres,1,insert_emb,-,3760,0,0.005585300
postgres,1,generar_emb,-,3761,0,0.013349600
postgres,1,insert_emb,-,3761,0,0.005487400
postgres,1,generar_emb,-,3762,0,0.011818600
postgres,1,insert_emb,-,3762,0,0.005922800
postgres,1,generar_emb,-,3763,0,0.012575700
postgres,1,insert_emb,-,3763,0,0.005052500
postgres,1,generar_emb,-,3764,0,0.012606100
postgres,1,insert_emb,-,3764,0,0.005588600
postgres,1,generar_emb,-,3765,0,0.013590400
postgres,1,insert_emb,-,3765,0,0.005529800
postgres,1,generar_emb,-,3766,0,0.015440300
postgres,1,insert_emb,-,3766,0,0.005164300
postgres,1,generar_emb,-,3767,0,0.013278400
postgres,1,insert_emb,-,3767,0,0.005501500
postgres,1,generar_emb,-,3768,0,0.013052200
postgres,1,insert_emb,-,3768,0,0.005664500
postgres,1,generar_emb,-,3769,0,0.012863400
postgres,1,insert_emb,-,3769,0,0.005495600
postgres,1,generar_emb,-,3770,0,0.013754200
postgres,1,insert_emb,-,3770,0,0.005778200
postgres,1,generar_emb,-,3771,0,0.013669500
postgres,1,insert_emb,-,3771,0,0.005142900
postgres,1,generar_emb,-,3772,0,0.011842700
postgres,1,insert_emb,-,3772,0,0.005325500
postgres,1,generar_emb,-,3773,0,0.013550900
postgres,1,insert_emb,-,3773,0,0.005918000
postgres,1,generar_emb,-,3774,0,0.011166300
postgres,1,insert_emb,-,3774,0,0.005273800
postgres,1,generar_emb,-,3775,0,0.012611400
postgres,1,insert_emb,-,3775,0,0.005901200
postgres,1,generar_emb,-,3776,0,0.012267500
postgres,1,insert_emb,-,3776,0,0.005000700
postgres,1,generar_emb,-,3777,0,0.011852900
postgres,1,insert_emb,-,3777,0,0.005679300
postgres,1,generar_emb,-,3778,0,0.015743700
postgres,1,insert_emb,-,3778,0,0.005151500
postgres,1,generar_emb,-,3779,0,0.012599200
postgres,1,insert_emb,-,3779,0,0.005507600
postgres,1,generar_emb,-,3780,0,0.012157500
postgres,1,insert_emb,-,3780,0,0.005653400
postgres,1,generar_emb,-,3781,0,0.012573500
postgres,1,insert_emb,-,3781,0,0.005305100
postgres,1,generar_emb,-,3782,0,0.012938400
postgres,1,insert_emb,-,3782,0,0.005199500
postgres,1,generar_emb,-,3783,0,0.011641100
postgres,1,insert_emb,-,3783,0,0.005308800
postgres,1,generar_emb,-,3784,0,0.013278400
postgres,1,insert_emb,-,3784,0,0.005698400
postgres,1,generar_emb,-,3785,0,0.011564200
postgres,1,insert_emb,-,3785,0,0.005424000
postgres,1,generar_emb,-,3786,0,0.011645600
postgres,1,insert_emb,-,3786,0,0.005272500
postgres,1,generar_emb,-,3787,0,0.011722600
postgres,1,insert_emb,-,3787,0,0.005795400
postgres,1,generar_emb,-,3788,0,0.013742900
postgres,1,insert_emb,-,3788,0,0.005104800
postgres,1,generar_emb,-,3789,0,0.012914300
postgres,1,insert_emb,-,3789,0,0.005456400
postgres,1,generar_emb,-,3790,0,0.012187000
postgres,1,insert_emb,-,3790,0,0.005335600
postgres,1,generar_emb,-,3791,0,0.012437800
postgres,1,insert_emb,-,3791,0,0.005730700
postgres,1,generar_emb,-,3792,0,0.014582800
postgres,1,insert_emb,-,3792,0,0.005682100
postgres,1,generar_emb,-,3793,0,0.015043200
postgres,1,insert_emb,-,3793,0,0.005679000
postgres,1,generar_emb,-,3794,0,0.011591100
postgres,1,insert_emb,-,3794,0,0.005296100
postgres,1,generar_emb,-,3795,0,0.014660100
postgres,1,insert_emb,-,3795,0,0.006206800
postgres,1,generar_emb,-,3796,0,0.013170100
postgres,1,insert_emb,-,3796,0,0.006032700
postgres,1,generar_emb,-,3797,0,0.011509800
postgres,1,insert_emb,-,3797,0,0.005795300
postgres,1,generar_emb,-,3798,0,0.011868800
postgres,1,insert_emb,-,3798,0,0.005398600
postgres,1,generar_emb,-,3799,0,0.011976700
postgres,1,insert_emb,-,3799,0,0.006081800
postgres,1,generar_emb,-,3800,0,0.011064600
postgres,1,insert_emb,-,3800,0,0.006393000
postgres,1,generar_emb,-,3801,0,0.012087000
postgres,1,insert_emb,-,3801,0,0.005675300
postgres,1,generar_emb,-,3802,0,0.012714100
postgres,1,insert_emb,-,3802,0,0.005510400
postgres,1,generar_emb,-,3803,0,0.011782400
postgres,1,insert_emb,-,3803,0,0.004938000
postgres,1,generar_emb,-,3804,0,0.011681100
postgres,1,insert_emb,-,3804,0,0.005627700
postgres,1,generar_emb,-,3805,0,0.011552900
postgres,1,insert_emb,-,3805,0,0.005343200
postgres,1,generar_emb,-,3806,0,0.012267100
postgres,1,insert_emb,-,3806,0,0.005349200
postgres,1,generar_emb,-,3807,0,0.012058700
postgres,1,insert_emb,-,3807,0,0.005235000
postgres,1,generar_emb,-,3808,0,0.011483000
postgres,1,insert_emb,-,3808,0,0.005492000
postgres,1,generar_emb,-,3809,0,0.012765800
postgres,1,insert_emb,-,3809,0,0.005281300
postgres,1,generar_emb,-,3810,0,0.012238800
postgres,1,insert_emb,-,3810,0,0.005580000
postgres,1,generar_emb,-,3811,0,0.013665600
postgres,1,insert_emb,-,3811,0,0.005516000
postgres,1,generar_emb,-,3812,0,0.013111800
postgres,1,insert_emb,-,3812,0,0.005560000
postgres,1,generar_emb,-,3813,0,0.013138900
postgres,1,insert_emb,-,3813,0,0.005237100
postgres,1,generar_emb,-,3814,0,0.014792100
postgres,1,insert_emb,-,3814,0,0.005055500
postgres,1,generar_emb,-,3815,0,0.013711800
postgres,1,insert_emb,-,3815,0,0.005495600
postgres,1,generar_emb,-,3816,0,0.011412200
postgres,1,insert_emb,-,3816,0,0.005269100
postgres,1,generar_emb,-,3817,0,0.015292200
postgres,1,insert_emb,-,3817,0,0.005344000
postgres,1,generar_emb,-,3818,0,0.016874800
postgres,1,insert_emb,-,3818,0,0.006054100
postgres,1,generar_emb,-,3819,0,0.010722000
postgres,1,insert_emb,-,3819,0,0.005632700
postgres,1,generar_emb,-,3820,0,0.012031500
postgres,1,insert_emb,-,3820,0,0.005571100
postgres,1,generar_emb,-,3821,0,0.011943800
postgres,1,insert_emb,-,3821,0,0.005605200
postgres,1,generar_emb,-,3822,0,0.010919500
postgres,1,insert_emb,-,3822,0,0.005460000
postgres,1,generar_emb,-,3823,0,0.011498000
postgres,1,insert_emb,-,3823,0,0.005450500
postgres,1,generar_emb,-,3824,0,0.014421400
postgres,1,insert_emb,-,3824,0,0.005211900
postgres,1,generar_emb,-,3825,0,0.012769100
postgres,1,insert_emb,-,3825,0,0.005401700
postgres,1,generar_emb,-,3826,0,0.014109100
postgres,1,insert_emb,-,3826,0,0.005863400
postgres,1,generar_emb,-,3827,0,0.013258500
postgres,1,insert_emb,-,3827,0,0.005502200
postgres,1,generar_emb,-,3828,0,0.012511500
postgres,1,insert_emb,-,3828,0,0.005257700
postgres,1,generar_emb,-,3829,0,0.013699100
postgres,1,insert_emb,-,3829,0,0.005555100
postgres,1,generar_emb,-,3830,0,0.012784000
postgres,1,insert_emb,-,3830,0,0.005398400
postgres,1,generar_emb,-,3831,0,0.016780700
postgres,1,insert_emb,-,3831,0,0.005292700
postgres,1,generar_emb,-,3832,0,0.011938100
postgres,1,insert_emb,-,3832,0,0.005355600
postgres,1,generar_emb,-,3833,0,0.013759200
postgres,1,insert_emb,-,3833,0,0.005391200
postgres,1,generar_emb,-,3834,0,0.011031100
postgres,1,insert_emb,-,3834,0,0.005403800
postgres,1,generar_emb,-,3835,0,0.012473400
postgres,1,insert_emb,-,3835,0,0.005591800
postgres,1,generar_emb,-,3836,0,0.012741300
postgres,1,insert_emb,-,3836,0,0.005378200
postgres,1,generar_emb,-,3837,0,0.012710900
postgres,1,insert_emb,-,3837,0,0.005290400
postgres,1,generar_emb,-,3838,0,0.011951300
postgres,1,insert_emb,-,3838,0,0.006002700
postgres,1,generar_emb,-,3839,0,0.013168900
postgres,1,insert_emb,-,3839,0,0.005788800
postgres,1,generar_emb,-,3840,0,0.013601900
postgres,1,insert_emb,-,3840,0,0.005985600
postgres,1,generar_emb,-,3841,0,0.011897200
postgres,1,insert_emb,-,3841,0,0.005519800
postgres,1,generar_emb,-,3842,0,0.010920600
postgres,1,insert_emb,-,3842,0,0.005096800
postgres,1,generar_emb,-,3843,0,0.013266900
postgres,1,insert_emb,-,3843,0,0.006121500
postgres,1,generar_emb,-,3844,0,0.012718300
postgres,1,insert_emb,-,3844,0,0.005436300
postgres,1,generar_emb,-,3845,0,0.015645700
postgres,1,insert_emb,-,3845,0,0.005755300
postgres,1,generar_emb,-,3846,0,0.015664300
postgres,1,insert_emb,-,3846,0,0.005355700
postgres,1,generar_emb,-,3847,0,0.012535100
postgres,1,insert_emb,-,3847,0,0.005668200
postgres,1,generar_emb,-,3848,0,0.012619700
postgres,1,insert_emb,-,3848,0,0.005218300
postgres,1,generar_emb,-,3849,0,0.011325900
postgres,1,insert_emb,-,3849,0,0.005548500
postgres,1,generar_emb,-,3850,0,0.011925300
postgres,1,insert_emb,-,3850,0,0.005196100
postgres,1,generar_emb,-,3851,0,0.013079800
postgres,1,insert_emb,-,3851,0,0.005865900
postgres,1,generar_emb,-,3852,0,0.013127300
postgres,1,insert_emb,-,3852,0,0.005251700
postgres,1,generar_emb,-,3853,0,0.013603200
postgres,1,insert_emb,-,3853,0,0.005200200
postgres,1,generar_emb,-,3854,0,0.012531600
postgres,1,insert_emb,-,3854,0,0.005290600
postgres,1,generar_emb,-,3855,0,0.013100200
postgres,1,insert_emb,-,3855,0,0.005531600
postgres,1,generar_emb,-,3856,0,0.012383100
postgres,1,insert_emb,-,3856,0,0.004969300
postgres,1,generar_emb,-,3857,0,0.014000700
postgres,1,insert_emb,-,3857,0,0.005567100
postgres,1,generar_emb,-,3858,0,0.013251200
postgres,1,insert_emb,-,3858,0,0.005174900
postgres,1,generar_emb,-,3859,0,0.014471200
postgres,1,insert_emb,-,3859,0,0.005236400
postgres,1,generar_emb,-,3860,0,0.013638200
postgres,1,insert_emb,-,3860,0,0.005512700
postgres,1,generar_emb,-,3861,0,0.012435500
postgres,1,insert_emb,-,3861,0,0.005269400
postgres,1,generar_emb,-,3862,0,0.014161800
postgres,1,insert_emb,-,3862,0,0.004737300
postgres,1,generar_emb,-,3863,0,0.011601400
postgres,1,insert_emb,-,3863,0,0.005155700
postgres,1,generar_emb,-,3864,0,0.012336100
postgres,1,insert_emb,-,3864,0,0.005677900
postgres,1,generar_emb,-,3865,0,0.010322900
postgres,1,insert_emb,-,3865,0,0.005342000
postgres,1,generar_emb,-,3866,0,0.010366600
postgres,1,insert_emb,-,3866,0,0.005018500
postgres,1,generar_emb,-,3867,0,0.010134400
postgres,1,insert_emb,-,3867,0,0.005310400
postgres,1,generar_emb,-,3868,0,0.013228000
postgres,1,insert_emb,-,3868,0,0.005405000
postgres,1,generar_emb,-,3869,0,0.010576900
postgres,1,insert_emb,-,3869,0,0.005305300
postgres,1,generar_emb,-,3870,0,0.011457900
postgres,1,insert_emb,-,3870,0,0.005282800
postgres,1,generar_emb,-,3871,0,0.013612700
postgres,1,insert_emb,-,3871,0,0.005868100
postgres,1,generar_emb,-,3872,0,0.015914100
postgres,1,insert_emb,-,3872,0,0.005472800
postgres,1,generar_emb,-,3873,0,0.011234000
postgres,1,insert_emb,-,3873,0,0.004979200
postgres,1,generar_emb,-,3874,0,0.012790300
postgres,1,insert_emb,-,3874,0,0.005416300
postgres,1,generar_emb,-,3875,0,0.012173400
postgres,1,insert_emb,-,3875,0,0.005697700
postgres,1,generar_emb,-,3876,0,0.011158800
postgres,1,insert_emb,-,3876,0,0.005270400
postgres,1,generar_emb,-,3877,0,0.012418600
postgres,1,insert_emb,-,3877,0,0.005518400
postgres,1,generar_emb,-,3878,0,0.013141000
postgres,1,insert_emb,-,3878,0,0.005638600
postgres,1,generar_emb,-,3879,0,0.011079100
postgres,1,insert_emb,-,3879,0,0.005136400
postgres,1,generar_emb,-,3880,0,0.011741500
postgres,1,insert_emb,-,3880,0,0.005387200
postgres,1,generar_emb,-,3881,0,0.010866200
postgres,1,insert_emb,-,3881,0,0.005571400
postgres,1,generar_emb,-,3882,0,0.011655300
postgres,1,insert_emb,-,3882,0,0.005240200
postgres,1,generar_emb,-,3883,0,0.013139800
postgres,1,insert_emb,-,3883,0,0.005551600
postgres,1,generar_emb,-,3884,0,0.012058700
postgres,1,insert_emb,-,3884,0,0.005383500
postgres,1,generar_emb,-,3885,0,0.013284000
postgres,1,insert_emb,-,3885,0,0.005267300
postgres,1,generar_emb,-,3886,0,0.012030500
postgres,1,insert_emb,-,3886,0,0.005557400
postgres,1,generar_emb,-,3887,0,0.011271800
postgres,1,insert_emb,-,3887,0,0.005304200
postgres,1,generar_emb,-,3888,0,0.012690400
postgres,1,insert_emb,-,3888,0,0.005746100
postgres,1,generar_emb,-,3889,0,0.016782000
postgres,1,insert_emb,-,3889,0,0.005231700
postgres,1,generar_emb,-,3890,0,0.014425500
postgres,1,insert_emb,-,3890,0,0.005969500
postgres,1,generar_emb,-,3891,0,0.013868500
postgres,1,insert_emb,-,3891,0,0.005384900
postgres,1,generar_emb,-,3892,0,0.012062800
postgres,1,insert_emb,-,3892,0,0.005549400
postgres,1,generar_emb,-,3893,0,0.012045800
postgres,1,insert_emb,-,3893,0,0.005532600
postgres,1,generar_emb,-,3894,0,0.011390400
postgres,1,insert_emb,-,3894,0,0.005691000
postgres,1,generar_emb,-,3895,0,0.011584200
postgres,1,insert_emb,-,3895,0,0.005865100
postgres,1,generar_emb,-,3896,0,0.012387300
postgres,1,insert_emb,-,3896,0,0.005398000
postgres,1,generar_emb,-,3897,0,0.016899600
postgres,1,insert_emb,-,3897,0,0.005346200
postgres,1,generar_emb,-,3898,0,0.015483200
postgres,1,insert_emb,-,3898,0,0.005657800
postgres,1,generar_emb,-,3899,0,0.016150100
postgres,1,insert_emb,-,3899,0,0.005401100
postgres,1,generar_emb,-,3900,0,0.015823100
postgres,1,insert_emb,-,3900,0,0.005375900
postgres,1,generar_emb,-,3901,0,0.012813900
postgres,1,insert_emb,-,3901,0,0.005394600
postgres,1,generar_emb,-,3902,0,0.012273200
postgres,1,insert_emb,-,3902,0,0.005188700
postgres,1,generar_emb,-,3903,0,0.013361900
postgres,1,insert_emb,-,3903,0,0.005164700
postgres,1,generar_emb,-,3904,0,0.012220300
postgres,1,insert_emb,-,3904,0,0.005227000
postgres,1,generar_emb,-,3905,0,0.012319200
postgres,1,insert_emb,-,3905,0,0.005471200
postgres,1,generar_emb,-,3906,0,0.013305700
postgres,1,insert_emb,-,3906,0,0.005170300
postgres,1,generar_emb,-,3907,0,0.012267900
postgres,1,insert_emb,-,3907,0,0.005326800
postgres,1,generar_emb,-,3908,0,0.015149600
postgres,1,insert_emb,-,3908,0,0.005216100
postgres,1,generar_emb,-,3909,0,0.015707500
postgres,1,insert_emb,-,3909,0,0.005416500
postgres,1,generar_emb,-,3910,0,0.013348400
postgres,1,insert_emb,-,3910,0,0.004932800
postgres,1,generar_emb,-,3911,0,0.011415200
postgres,1,insert_emb,-,3911,0,0.005143200
postgres,1,generar_emb,-,3912,0,0.014358800
postgres,1,insert_emb,-,3912,0,0.005161100
postgres,1,generar_emb,-,3913,0,0.011178600
postgres,1,insert_emb,-,3913,0,0.005195100
postgres,1,generar_emb,-,3914,0,0.014741400
postgres,1,insert_emb,-,3914,0,0.004968400
postgres,1,generar_emb,-,3915,0,0.014470700
postgres,1,insert_emb,-,3915,0,0.005381800
postgres,1,generar_emb,-,3916,0,0.013570100
postgres,1,insert_emb,-,3916,0,0.004970400
postgres,1,generar_emb,-,3917,0,0.011333400
postgres,1,insert_emb,-,3917,0,0.004924300
postgres,1,generar_emb,-,3918,0,0.014652400
postgres,1,insert_emb,-,3918,0,0.004914400
postgres,1,generar_emb,-,3919,0,0.014622300
postgres,1,insert_emb,-,3919,0,0.005066700
postgres,1,generar_emb,-,3920,0,0.018147400
postgres,1,insert_emb,-,3920,0,0.005200200
postgres,1,generar_emb,-,3921,0,0.015472300
postgres,1,insert_emb,-,3921,0,0.005759200
postgres,1,generar_emb,-,3922,0,0.011950200
postgres,1,insert_emb,-,3922,0,0.005706700
postgres,1,generar_emb,-,3923,0,0.014620800
postgres,1,insert_emb,-,3923,0,0.005233700
postgres,1,generar_emb,-,3924,0,0.014771600
postgres,1,insert_emb,-,3924,0,0.005269400
postgres,1,generar_emb,-,3925,0,0.014262300
postgres,1,insert_emb,-,3925,0,0.005352200
postgres,1,generar_emb,-,3926,0,0.012082100
postgres,1,insert_emb,-,3926,0,0.005150800
postgres,1,generar_emb,-,3927,0,0.011994000
postgres,1,insert_emb,-,3927,0,0.005167700
postgres,1,generar_emb,-,3928,0,0.011388300
postgres,1,insert_emb,-,3928,0,0.005067800
postgres,1,generar_emb,-,3929,0,0.014981800
postgres,1,insert_emb,-,3929,0,0.004940900
postgres,1,generar_emb,-,3930,0,0.012479600
postgres,1,insert_emb,-,3930,0,0.005181200
postgres,1,generar_emb,-,3931,0,0.013500100
postgres,1,insert_emb,-,3931,0,0.005123600
postgres,1,generar_emb,-,3932,0,0.013543100
postgres,1,insert_emb,-,3932,0,0.005302600
postgres,1,generar_emb,-,3933,0,0.012077500
postgres,1,insert_emb,-,3933,0,0.005402300
postgres,1,generar_emb,-,3934,0,0.014017900
postgres,1,insert_emb,-,3934,0,0.005197700
postgres,1,generar_emb,-,3935,0,0.011438500
postgres,1,insert_emb,-,3935,0,0.005360100
postgres,1,generar_emb,-,3936,0,0.016243900
postgres,1,insert_emb,-,3936,0,0.005195900
postgres,1,generar_emb,-,3937,0,0.012394200
postgres,1,insert_emb,-,3937,0,0.005644600
postgres,1,generar_emb,-,3938,0,0.011470400
postgres,1,insert_emb,-,3938,0,0.005408300
postgres,1,generar_emb,-,3939,0,0.011043700
postgres,1,insert_emb,-,3939,0,0.005345000
postgres,1,generar_emb,-,3940,0,0.012826900
postgres,1,insert_emb,-,3940,0,0.005843700
postgres,1,generar_emb,-,3941,0,0.012440500
postgres,1,insert_emb,-,3941,0,0.005295900
postgres,1,generar_emb,-,3942,0,0.010381400
postgres,1,insert_emb,-,3942,0,0.005032500
postgres,1,generar_emb,-,3943,0,0.012616000
postgres,1,insert_emb,-,3943,0,0.005060700
postgres,1,generar_emb,-,3944,0,0.015826600
postgres,1,insert_emb,-,3944,0,0.005214600
postgres,1,generar_emb,-,3945,0,0.012388300
postgres,1,insert_emb,-,3945,0,0.005387100
postgres,1,generar_emb,-,3946,0,0.011201400
postgres,1,insert_emb,-,3946,0,0.005288100
postgres,1,generar_emb,-,3947,0,0.011169700
postgres,1,insert_emb,-,3947,0,0.004910700
postgres,1,generar_emb,-,3948,0,0.011055100
postgres,1,insert_emb,-,3948,0,0.005208800
postgres,1,generar_emb,-,3949,0,0.012359500
postgres,1,insert_emb,-,3949,0,0.005321500
postgres,1,generar_emb,-,3950,0,0.012456100
postgres,1,insert_emb,-,3950,0,0.005259500
postgres,1,generar_emb,-,3951,0,0.012587100
postgres,1,insert_emb,-,3951,0,0.005489500
postgres,1,generar_emb,-,3952,0,0.011556100
postgres,1,insert_emb,-,3952,0,0.005783800
postgres,1,generar_emb,-,3953,0,0.016328400
postgres,1,insert_emb,-,3953,0,0.005840900
postgres,1,generar_emb,-,3954,0,0.017724300
postgres,1,insert_emb,-,3954,0,0.005428500
postgres,1,generar_emb,-,3955,0,0.013218700
postgres,1,insert_emb,-,3955,0,0.005692600
postgres,1,generar_emb,-,3956,0,0.011920700
postgres,1,insert_emb,-,3956,0,0.005077900
postgres,1,generar_emb,-,3957,0,0.011794100
postgres,1,insert_emb,-,3957,0,0.005094100
postgres,1,generar_emb,-,3958,0,0.012177300
postgres,1,insert_emb,-,3958,0,0.005676400
postgres,1,generar_emb,-,3959,0,0.010730800
postgres,1,insert_emb,-,3959,0,0.005439300
postgres,1,generar_emb,-,3960,0,0.011373300
postgres,1,insert_emb,-,3960,0,0.005628100
postgres,1,generar_emb,-,3961,0,0.010767600
postgres,1,insert_emb,-,3961,0,0.005218700
postgres,1,generar_emb,-,3962,0,0.013034300
postgres,1,insert_emb,-,3962,0,0.005036700
postgres,1,generar_emb,-,3963,0,0.011471900
postgres,1,insert_emb,-,3963,0,0.005410400
postgres,1,generar_emb,-,3964,0,0.012961700
postgres,1,insert_emb,-,3964,0,0.005117200
postgres,1,generar_emb,-,3965,0,0.011367200
postgres,1,insert_emb,-,3965,0,0.005276000
postgres,1,generar_emb,-,3966,0,0.011548800
postgres,1,insert_emb,-,3966,0,0.005175900
postgres,1,generar_emb,-,3967,0,0.011962500
postgres,1,insert_emb,-,3967,0,0.005229100
postgres,1,generar_emb,-,3968,0,0.013282000
postgres,1,insert_emb,-,3968,0,0.005529500
postgres,1,generar_emb,-,3969,0,0.014266400
postgres,1,insert_emb,-,3969,0,0.005941000
postgres,1,generar_emb,-,3970,0,0.015703100
postgres,1,insert_emb,-,3970,0,0.006381200
postgres,1,generar_emb,-,3971,0,0.013207200
postgres,1,insert_emb,-,3971,0,0.006428300
postgres,1,generar_emb,-,3972,0,0.019424400
postgres,1,insert_emb,-,3972,0,0.006869500
postgres,1,generar_emb,-,3973,0,0.018346400
postgres,1,insert_emb,-,3973,0,0.007062600
postgres,1,generar_emb,-,3974,0,0.017397400
postgres,1,insert_emb,-,3974,0,0.007076500
postgres,1,generar_emb,-,3975,0,0.019345700
postgres,1,insert_emb,-,3975,0,0.006426100
postgres,1,generar_emb,-,3976,0,0.012251400
postgres,1,insert_emb,-,3976,0,0.005251500
postgres,1,generar_emb,-,3977,0,0.012872900
postgres,1,insert_emb,-,3977,0,0.005163200
postgres,1,generar_emb,-,3978,0,0.012970900
postgres,1,insert_emb,-,3978,0,0.005390600
postgres,1,generar_emb,-,3979,0,0.012526800
postgres,1,insert_emb,-,3979,0,0.005027200
postgres,1,generar_emb,-,3980,0,0.012056900
postgres,1,insert_emb,-,3980,0,0.005611400
postgres,1,generar_emb,-,3981,0,0.013651600
postgres,1,insert_emb,-,3981,0,0.005431900
postgres,1,generar_emb,-,3982,0,0.012044700
postgres,1,insert_emb,-,3982,0,0.005469300
postgres,1,generar_emb,-,3983,0,0.012742100
postgres,1,insert_emb,-,3983,0,0.005687100
postgres,1,generar_emb,-,3984,0,0.016263700
postgres,1,insert_emb,-,3984,0,0.006575100
postgres,1,generar_emb,-,3985,0,0.017707800
postgres,1,insert_emb,-,3985,0,0.006295000
postgres,1,generar_emb,-,3986,0,0.015568400
postgres,1,insert_emb,-,3986,0,0.007152200
postgres,1,generar_emb,-,3987,0,0.021225700
postgres,1,insert_emb,-,3987,0,0.007479300
postgres,1,generar_emb,-,3988,0,0.019477100
postgres,1,insert_emb,-,3988,0,0.007070300
postgres,1,generar_emb,-,3989,0,0.023107100
postgres,1,insert_emb,-,3989,0,0.006051900
postgres,1,generar_emb,-,3990,0,0.015282400
postgres,1,insert_emb,-,3990,0,0.005940100
postgres,1,generar_emb,-,3991,0,0.012965600
postgres,1,insert_emb,-,3991,0,0.006073400
postgres,1,generar_emb,-,3992,0,0.014309200
postgres,1,insert_emb,-,3992,0,0.005833300
postgres,1,generar_emb,-,3993,0,0.013137600
postgres,1,insert_emb,-,3993,0,0.005053800
postgres,1,generar_emb,-,3994,0,0.012999100
postgres,1,insert_emb,-,3994,0,0.005163500
postgres,1,generar_emb,-,3995,0,0.015740600
postgres,1,insert_emb,-,3995,0,0.005317300
postgres,1,generar_emb,-,3996,0,0.012165000
postgres,1,insert_emb,-,3996,0,0.005535300
postgres,1,generar_emb,-,3997,0,0.011763900
postgres,1,insert_emb,-,3997,0,0.005112500
postgres,1,generar_emb,-,3998,0,0.012643100
postgres,1,insert_emb,-,3998,0,0.005296600
postgres,1,generar_emb,-,3999,0,0.012849300
postgres,1,insert_emb,-,3999,0,0.005274200
postgres,1,generar_emb,-,4000,0,0.013072500
postgres,1,insert_emb,-,4000,0,0.005900200
postgres,1,generar_emb,-,4001,0,0.012397000
postgres,1,insert_emb,-,4001,0,0.005148000
postgres,1,generar_emb,-,4002,0,0.012287900
postgres,1,insert_emb,-,4002,0,0.005262000
postgres,1,generar_emb,-,4003,0,0.013935500
postgres,1,insert_emb,-,4003,0,0.005187300
postgres,1,generar_emb,-,4004,0,0.019601400
postgres,1,insert_emb,-,4004,0,0.005991500
postgres,1,generar_emb,-,4005,0,0.013123700
postgres,1,insert_emb,-,4005,0,0.005596400
postgres,1,generar_emb,-,4006,0,0.012235900
postgres,1,insert_emb,-,4006,0,0.005437900
postgres,1,generar_emb,-,4007,0,0.012085500
postgres,1,insert_emb,-,4007,0,0.005210200
postgres,1,generar_emb,-,4008,0,0.013131300
postgres,1,insert_emb,-,4008,0,0.005247700
postgres,1,generar_emb,-,4009,0,0.012952900
postgres,1,insert_emb,-,4009,0,0.005316800
postgres,1,generar_emb,-,4010,0,0.012000800
postgres,1,insert_emb,-,4010,0,0.006013300
postgres,1,generar_emb,-,4011,0,0.013228500
postgres,1,insert_emb,-,4011,0,0.005797000
postgres,1,generar_emb,-,4012,0,0.010197700
postgres,1,insert_emb,-,4012,0,0.005043800
postgres,1,generar_emb,-,4013,0,0.011890500
postgres,1,insert_emb,-,4013,0,0.004975800
postgres,1,generar_emb,-,4014,0,0.013005200
postgres,1,insert_emb,-,4014,0,0.005156100
postgres,1,generar_emb,-,4015,0,0.011461100
postgres,1,insert_emb,-,4015,0,0.005362800
postgres,1,generar_emb,-,4016,0,0.012461100
postgres,1,insert_emb,-,4016,0,0.005491800
postgres,1,generar_emb,-,4017,0,0.011412500
postgres,1,insert_emb,-,4017,0,0.005440100
postgres,1,generar_emb,-,4018,0,0.010681000
postgres,1,insert_emb,-,4018,0,0.004749500
postgres,1,generar_emb,-,4019,0,0.013237700
postgres,1,insert_emb,-,4019,0,0.005375200
postgres,1,generar_emb,-,4020,0,0.012684300
postgres,1,insert_emb,-,4020,0,0.005069000
postgres,1,generar_emb,-,4021,0,0.013887000
postgres,1,insert_emb,-,4021,0,0.005349400
postgres,1,generar_emb,-,4022,0,0.012206100
postgres,1,insert_emb,-,4022,0,0.005363900
postgres,1,generar_emb,-,4023,0,0.012121300
postgres,1,insert_emb,-,4023,0,0.005345600
postgres,1,generar_emb,-,4024,0,0.012196800
postgres,1,insert_emb,-,4024,0,0.005170800
postgres,1,generar_emb,-,4025,0,0.011821800
postgres,1,insert_emb,-,4025,0,0.005426900
postgres,1,generar_emb,-,4026,0,0.014000300
postgres,1,insert_emb,-,4026,0,0.005131600
postgres,1,generar_emb,-,4027,0,0.014299000
postgres,1,insert_emb,-,4027,0,0.006318000
postgres,1,generar_emb,-,4028,0,0.014906200
postgres,1,insert_emb,-,4028,0,0.005097100
postgres,1,generar_emb,-,4029,0,0.011113200
postgres,1,insert_emb,-,4029,0,0.005241000
postgres,1,generar_emb,-,4030,0,0.011895500
postgres,1,insert_emb,-,4030,0,0.005628200
postgres,1,generar_emb,-,4031,0,0.012370900
postgres,1,insert_emb,-,4031,0,0.005447800
postgres,1,generar_emb,-,4032,0,0.012625600
postgres,1,insert_emb,-,4032,0,0.005332100
postgres,1,generar_emb,-,4033,0,0.012610700
postgres,1,insert_emb,-,4033,0,0.005317500
postgres,1,generar_emb,-,4034,0,0.012074000
postgres,1,insert_emb,-,4034,0,0.005154100
postgres,1,generar_emb,-,4035,0,0.010879000
postgres,1,insert_emb,-,4035,0,0.005230900
postgres,1,generar_emb,-,4036,0,0.012758500
postgres,1,insert_emb,-,4036,0,0.005131200
postgres,1,generar_emb,-,4037,0,0.012324600
postgres,1,insert_emb,-,4037,0,0.005524100
postgres,1,generar_emb,-,4038,0,0.012637300
postgres,1,insert_emb,-,4038,0,0.005026200
postgres,1,generar_emb,-,4039,0,0.012010400
postgres,1,insert_emb,-,4039,0,0.004914200
postgres,1,generar_emb,-,4040,0,0.012139300
postgres,1,insert_emb,-,4040,0,0.005256600
postgres,1,generar_emb,-,4041,0,0.011984100
postgres,1,insert_emb,-,4041,0,0.005086600
postgres,1,generar_emb,-,4042,0,0.012496800
postgres,1,insert_emb,-,4042,0,0.005333500
postgres,1,generar_emb,-,4043,0,0.018432100
postgres,1,insert_emb,-,4043,0,0.005562300
postgres,1,generar_emb,-,4044,0,0.016778000
postgres,1,insert_emb,-,4044,0,0.005624700
postgres,1,generar_emb,-,4045,0,0.013533000
postgres,1,insert_emb,-,4045,0,0.005508600
postgres,1,generar_emb,-,4046,0,0.014003500
postgres,1,insert_emb,-,4046,0,0.005321900
postgres,1,generar_emb,-,4047,0,0.011898300
postgres,1,insert_emb,-,4047,0,0.005219100
postgres,1,generar_emb,-,4048,0,0.015669300
postgres,1,insert_emb,-,4048,0,0.005237800
postgres,1,generar_emb,-,4049,0,0.011350700
postgres,1,insert_emb,-,4049,0,0.005307200
postgres,1,generar_emb,-,4050,0,0.012084500
postgres,1,insert_emb,-,4050,0,0.005522600
postgres,1,generar_emb,-,4051,0,0.011576600
postgres,1,insert_emb,-,4051,0,0.005356800
postgres,1,generar_emb,-,4052,0,0.011933500
postgres,1,insert_emb,-,4052,0,0.005322600
postgres,1,generar_emb,-,4053,0,0.012573300
postgres,1,insert_emb,-,4053,0,0.005411200
postgres,1,generar_emb,-,4054,0,0.014562800
postgres,1,insert_emb,-,4054,0,0.005541900
postgres,1,generar_emb,-,4055,0,0.013252800
postgres,1,insert_emb,-,4055,0,0.004874900
postgres,1,generar_emb,-,4056,0,0.013477800
postgres,1,insert_emb,-,4056,0,0.005199900
postgres,1,generar_emb,-,4057,0,0.012756700
postgres,1,insert_emb,-,4057,0,0.005365300
postgres,1,generar_emb,-,4058,0,0.012252900
postgres,1,insert_emb,-,4058,0,0.005003500
postgres,1,generar_emb,-,4059,0,0.019701900
postgres,1,insert_emb,-,4059,0,0.005383200
postgres,1,generar_emb,-,4060,0,0.012757100
postgres,1,insert_emb,-,4060,0,0.005717300
postgres,1,generar_emb,-,4061,0,0.013406400
postgres,1,insert_emb,-,4061,0,0.005129100
postgres,1,generar_emb,-,4062,0,0.012232100
postgres,1,insert_emb,-,4062,0,0.004961400
postgres,1,generar_emb,-,4063,0,0.012846200
postgres,1,insert_emb,-,4063,0,0.005635000
postgres,1,generar_emb,-,4064,0,0.015265300
postgres,1,insert_emb,-,4064,0,0.005431400
postgres,1,generar_emb,-,4065,0,0.013553500
postgres,1,insert_emb,-,4065,0,0.005194000
postgres,1,generar_emb,-,4066,0,0.011719800
postgres,1,insert_emb,-,4066,0,0.005221800
postgres,1,generar_emb,-,4067,0,0.010598200
postgres,1,insert_emb,-,4067,0,0.004924300
postgres,1,generar_emb,-,4068,0,0.012545400
postgres,1,insert_emb,-,4068,0,0.005060600
postgres,1,generar_emb,-,4069,0,0.011883900
postgres,1,insert_emb,-,4069,0,0.005102400
postgres,1,generar_emb,-,4070,0,0.013817600
postgres,1,insert_emb,-,4070,0,0.004832000
postgres,1,generar_emb,-,4071,0,0.012970600
postgres,1,insert_emb,-,4071,0,0.005005500
postgres,1,generar_emb,-,4072,0,0.014677000
postgres,1,insert_emb,-,4072,0,0.004863700
postgres,1,generar_emb,-,4073,0,0.012225700
postgres,1,insert_emb,-,4073,0,0.004842400
postgres,1,generar_emb,-,4074,0,0.011909800
postgres,1,insert_emb,-,4074,0,0.004858400
postgres,1,generar_emb,-,4075,0,0.013557300
postgres,1,insert_emb,-,4075,0,0.005323500
postgres,1,generar_emb,-,4076,0,0.010880500
postgres,1,insert_emb,-,4076,0,0.005375100
postgres,1,generar_emb,-,4077,0,0.014153200
postgres,1,insert_emb,-,4077,0,0.005384000
postgres,1,generar_emb,-,4078,0,0.011900800
postgres,1,insert_emb,-,4078,0,0.005273100
postgres,1,generar_emb,-,4079,0,0.013115600
postgres,1,insert_emb,-,4079,0,0.005560100
postgres,1,generar_emb,-,4080,0,0.012211000
postgres,1,insert_emb,-,4080,0,0.005815400
postgres,1,generar_emb,-,4081,0,0.017709000
postgres,1,insert_emb,-,4081,0,0.006161500
postgres,1,generar_emb,-,4082,0,0.018437000
postgres,1,insert_emb,-,4082,0,0.006491500
postgres,1,generar_emb,-,4083,0,0.012766700
postgres,1,insert_emb,-,4083,0,0.005980700
postgres,1,generar_emb,-,4084,0,0.015516700
postgres,1,insert_emb,-,4084,0,0.005568800
postgres,1,generar_emb,-,4085,0,0.017023400
postgres,1,insert_emb,-,4085,0,0.005937700
postgres,1,generar_emb,-,4086,0,0.011443400
postgres,1,insert_emb,-,4086,0,0.005352200
postgres,1,generar_emb,-,4087,0,0.019806000
postgres,1,insert_emb,-,4087,0,0.005436000
postgres,1,generar_emb,-,4088,0,0.013367900
postgres,1,insert_emb,-,4088,0,0.005852500
postgres,1,generar_emb,-,4089,0,0.017261500
postgres,1,insert_emb,-,4089,0,0.005851300
postgres,1,generar_emb,-,4090,0,0.023852800
postgres,1,insert_emb,-,4090,0,0.006249900
postgres,1,generar_emb,-,4091,0,0.014177200
postgres,1,insert_emb,-,4091,0,0.005114700
postgres,1,generar_emb,-,4092,0,0.015492700
postgres,1,insert_emb,-,4092,0,0.005035100
postgres,1,generar_emb,-,4093,0,0.015953100
postgres,1,insert_emb,-,4093,0,0.005017200
postgres,1,generar_emb,-,4094,0,0.012552700
postgres,1,insert_emb,-,4094,0,0.004907400
postgres,1,generar_emb,-,4095,0,0.012184600
postgres,1,insert_emb,-,4095,0,0.005214100
postgres,1,generar_emb,-,4096,0,0.016174300
postgres,1,insert_emb,-,4096,0,0.005173700
postgres,1,generar_emb,-,4097,0,0.011840000
postgres,1,insert_emb,-,4097,0,0.004915900
postgres,1,generar_emb,-,4098,0,0.013267800
postgres,1,insert_emb,-,4098,0,0.005125500
postgres,1,generar_emb,-,4099,0,0.013024700
postgres,1,insert_emb,-,4099,0,0.006252900
postgres,1,generar_emb,-,4100,0,0.012125200
postgres,1,insert_emb,-,4100,0,0.005224900
postgres,1,generar_emb,-,4101,0,0.013207600
postgres,1,insert_emb,-,4101,0,0.004991300
postgres,1,generar_emb,-,4102,0,0.010694300
postgres,1,insert_emb,-,4102,0,0.005008900
postgres,1,generar_emb,-,4103,0,0.014144400
postgres,1,insert_emb,-,4103,0,0.004895600
postgres,1,generar_emb,-,4104,0,0.015563300
postgres,1,insert_emb,-,4104,0,0.005589500
postgres,1,generar_emb,-,4105,0,0.014006700
postgres,1,insert_emb,-,4105,0,0.005854200
postgres,1,generar_emb,-,4106,0,0.013601600
postgres,1,insert_emb,-,4106,0,0.005629800
postgres,1,generar_emb,-,4107,0,0.012163000
postgres,1,insert_emb,-,4107,0,0.005586600
postgres,1,generar_emb,-,4108,0,0.013673600
postgres,1,insert_emb,-,4108,0,0.004937000
postgres,1,generar_emb,-,4109,0,0.016045200
postgres,1,insert_emb,-,4109,0,0.006213600
postgres,1,generar_emb,-,4110,0,0.015608000
postgres,1,insert_emb,-,4110,0,0.005953600
postgres,1,generar_emb,-,4111,0,0.011397900
postgres,1,insert_emb,-,4111,0,0.005841000
postgres,1,generar_emb,-,4112,0,0.012786100
postgres,1,insert_emb,-,4112,0,0.005441600
postgres,1,generar_emb,-,4113,0,0.013243100
postgres,1,insert_emb,-,4113,0,0.005242600
postgres,1,generar_emb,-,4114,0,0.012283300
postgres,1,insert_emb,-,4114,0,0.005509700
postgres,1,generar_emb,-,4115,0,0.012036600
postgres,1,insert_emb,-,4115,0,0.005494300
postgres,1,generar_emb,-,4116,0,0.014172300
postgres,1,insert_emb,-,4116,0,0.005155800
postgres,1,generar_emb,-,4117,0,0.015573200
postgres,1,insert_emb,-,4117,0,0.005602000
postgres,1,generar_emb,-,4118,0,0.011762600
postgres,1,insert_emb,-,4118,0,0.005536600
postgres,1,generar_emb,-,4119,0,0.012369500
postgres,1,insert_emb,-,4119,0,0.005155300
postgres,1,generar_emb,-,4120,0,0.014786500
postgres,1,insert_emb,-,4120,0,0.005585300
postgres,1,generar_emb,-,4121,0,0.012258800
postgres,1,insert_emb,-,4121,0,0.005354400
postgres,1,generar_emb,-,4122,0,0.013920600
postgres,1,insert_emb,-,4122,0,0.005278400
postgres,1,generar_emb,-,4123,0,0.013520400
postgres,1,insert_emb,-,4123,0,0.005491500
postgres,1,generar_emb,-,4124,0,0.015327800
postgres,1,insert_emb,-,4124,0,0.005316100
postgres,1,generar_emb,-,4125,0,0.014241100
postgres,1,insert_emb,-,4125,0,0.005214600
postgres,1,generar_emb,-,4126,0,0.011631500
postgres,1,insert_emb,-,4126,0,0.004812700
postgres,1,generar_emb,-,4127,0,0.012460900
postgres,1,insert_emb,-,4127,0,0.005121500
postgres,1,generar_emb,-,4128,0,0.011182600
postgres,1,insert_emb,-,4128,0,0.005341700
postgres,1,generar_emb,-,4129,0,0.012857900
postgres,1,insert_emb,-,4129,0,0.005203200
postgres,1,generar_emb,-,4130,0,0.016564100
postgres,1,insert_emb,-,4130,0,0.005834200
postgres,1,generar_emb,-,4131,0,0.011196600
postgres,1,insert_emb,-,4131,0,0.004927000
postgres,1,generar_emb,-,4132,0,0.013986300
postgres,1,insert_emb,-,4132,0,0.005294000
postgres,1,generar_emb,-,4133,0,0.012220300
postgres,1,insert_emb,-,4133,0,0.005805900
postgres,1,generar_emb,-,4134,0,0.012144300
postgres,1,insert_emb,-,4134,0,0.005322400
postgres,1,generar_emb,-,4135,0,0.012217200
postgres,1,insert_emb,-,4135,0,0.005541000
postgres,1,generar_emb,-,4136,0,0.012033700
postgres,1,insert_emb,-,4136,0,0.005016300
postgres,1,generar_emb,-,4137,0,0.012675700
postgres,1,insert_emb,-,4137,0,0.005278500
postgres,1,generar_emb,-,4138,0,0.011696400
postgres,1,insert_emb,-,4138,0,0.005248000
postgres,1,generar_emb,-,4139,0,0.011382400
postgres,1,insert_emb,-,4139,0,0.005242800
postgres,1,generar_emb,-,4140,0,0.013376100
postgres,1,insert_emb,-,4140,0,0.005090700
postgres,1,generar_emb,-,4141,0,0.013442900
postgres,1,insert_emb,-,4141,0,0.005710000
postgres,1,generar_emb,-,4142,0,0.011222700
postgres,1,insert_emb,-,4142,0,0.005259000
postgres,1,generar_emb,-,4143,0,0.011743600
postgres,1,insert_emb,-,4143,0,0.004969500
postgres,1,generar_emb,-,4144,0,0.011587700
postgres,1,insert_emb,-,4144,0,0.005256300
postgres,1,generar_emb,-,4145,0,0.010813600
postgres,1,insert_emb,-,4145,0,0.005365700
postgres,1,generar_emb,-,4146,0,0.010509400
postgres,1,insert_emb,-,4146,0,0.005154100
postgres,1,generar_emb,-,4147,0,0.013631500
postgres,1,insert_emb,-,4147,0,0.005457100
postgres,1,generar_emb,-,4148,0,0.013780600
postgres,1,insert_emb,-,4148,0,0.005327500
postgres,1,generar_emb,-,4149,0,0.011988000
postgres,1,insert_emb,-,4149,0,0.005037900
postgres,1,generar_emb,-,4150,0,0.013110000
postgres,1,insert_emb,-,4150,0,0.005535200
postgres,1,generar_emb,-,4151,0,0.011504300
postgres,1,insert_emb,-,4151,0,0.005159400
postgres,1,generar_emb,-,4152,0,0.011438900
postgres,1,insert_emb,-,4152,0,0.005174800
postgres,1,generar_emb,-,4153,0,0.012104700
postgres,1,insert_emb,-,4153,0,0.005011600
postgres,1,generar_emb,-,4154,0,0.012353000
postgres,1,insert_emb,-,4154,0,0.005035400
postgres,1,generar_emb,-,4155,0,0.013159600
postgres,1,insert_emb,-,4155,0,0.004995000
postgres,1,generar_emb,-,4156,0,0.014954800
postgres,1,insert_emb,-,4156,0,0.004818100
postgres,1,generar_emb,-,4157,0,0.014506000
postgres,1,insert_emb,-,4157,0,0.005392200
postgres,1,generar_emb,-,4158,0,0.012271700
postgres,1,insert_emb,-,4158,0,0.005238400
postgres,1,generar_emb,-,4159,0,0.012559200
postgres,1,insert_emb,-,4159,0,0.005367900
postgres,1,generar_emb,-,4160,0,0.015464300
postgres,1,insert_emb,-,4160,0,0.007046800
postgres,1,generar_emb,-,4161,0,0.014214700
postgres,1,insert_emb,-,4161,0,0.005651900
postgres,1,generar_emb,-,4162,0,0.014686500
postgres,1,insert_emb,-,4162,0,0.004943900
postgres,1,generar_emb,-,4163,0,0.013917900
postgres,1,insert_emb,-,4163,0,0.006108600
postgres,1,generar_emb,-,4164,0,0.014956900
postgres,1,insert_emb,-,4164,0,0.005368800
postgres,1,generar_emb,-,4165,0,0.013658300
postgres,1,insert_emb,-,4165,0,0.005472500
postgres,1,generar_emb,-,4166,0,0.015908300
postgres,1,insert_emb,-,4166,0,0.005914800
postgres,1,generar_emb,-,4167,0,0.015773000
postgres,1,insert_emb,-,4167,0,0.005968900
postgres,1,generar_emb,-,4168,0,0.015063800
postgres,1,insert_emb,-,4168,0,0.005527200
postgres,1,generar_emb,-,4169,0,0.015011000
postgres,1,insert_emb,-,4169,0,0.005454200
postgres,1,generar_emb,-,4170,0,0.014081900
postgres,1,insert_emb,-,4170,0,0.005614400
postgres,1,generar_emb,-,4171,0,0.013001700
postgres,1,insert_emb,-,4171,0,0.005156400
postgres,1,generar_emb,-,4172,0,0.013684600
postgres,1,insert_emb,-,4172,0,0.006271000
postgres,1,generar_emb,-,4173,0,0.012631300
postgres,1,insert_emb,-,4173,0,0.005591000
postgres,1,generar_emb,-,4174,0,0.015046500
postgres,1,insert_emb,-,4174,0,0.005891800
postgres,1,generar_emb,-,4175,0,0.014144700
postgres,1,insert_emb,-,4175,0,0.006000500
postgres,1,generar_emb,-,4176,0,0.014143400
postgres,1,insert_emb,-,4176,0,0.005130700
postgres,1,generar_emb,-,4177,0,0.013740200
postgres,1,insert_emb,-,4177,0,0.005517200
postgres,1,generar_emb,-,4178,0,0.011921800
postgres,1,insert_emb,-,4178,0,0.005744200
postgres,1,generar_emb,-,4179,0,0.013680600
postgres,1,insert_emb,-,4179,0,0.005815200
postgres,1,generar_emb,-,4180,0,0.014477300
postgres,1,insert_emb,-,4180,0,0.005170900
postgres,1,generar_emb,-,4181,0,0.012675900
postgres,1,insert_emb,-,4181,0,0.005297000
postgres,1,generar_emb,-,4182,0,0.011734200
postgres,1,insert_emb,-,4182,0,0.005541200
postgres,1,generar_emb,-,4183,0,0.013881000
postgres,1,insert_emb,-,4183,0,0.005491200
postgres,1,generar_emb,-,4184,0,0.013711400
postgres,1,insert_emb,-,4184,0,0.005509700
postgres,1,generar_emb,-,4185,0,0.013434900
postgres,1,insert_emb,-,4185,0,0.005549900
postgres,1,generar_emb,-,4186,0,0.014514900
postgres,1,insert_emb,-,4186,0,0.006085700
postgres,1,generar_emb,-,4187,0,0.012671600
postgres,1,insert_emb,-,4187,0,0.005558800
postgres,1,generar_emb,-,4188,0,0.012690800
postgres,1,insert_emb,-,4188,0,0.005144600
postgres,1,generar_emb,-,4189,0,0.013969700
postgres,1,insert_emb,-,4189,0,0.005017900
postgres,1,generar_emb,-,4190,0,0.014643400
postgres,1,insert_emb,-,4190,0,0.005400300
postgres,1,generar_emb,-,4191,0,0.011942500
postgres,1,insert_emb,-,4191,0,0.005383300
postgres,1,generar_emb,-,4192,0,0.012687000
postgres,1,insert_emb,-,4192,0,0.005430700
postgres,1,generar_emb,-,4193,0,0.013918800
postgres,1,insert_emb,-,4193,0,0.005825300
postgres,1,generar_emb,-,4194,0,0.011982200
postgres,1,insert_emb,-,4194,0,0.005695700
postgres,1,generar_emb,-,4195,0,0.011870300
postgres,1,insert_emb,-,4195,0,0.005762700
postgres,1,generar_emb,-,4196,0,0.011083200
postgres,1,insert_emb,-,4196,0,0.005621200
postgres,1,generar_emb,-,4197,0,0.013554300
postgres,1,insert_emb,-,4197,0,0.005569500
postgres,1,generar_emb,-,4198,0,0.011506700
postgres,1,insert_emb,-,4198,0,0.005421100
postgres,1,generar_emb,-,4199,0,0.014097600
postgres,1,insert_emb,-,4199,0,0.005174200
postgres,1,generar_emb,-,4200,0,0.017901300
postgres,1,insert_emb,-,4200,0,0.005249400
postgres,1,generar_emb,-,4201,0,0.013151500
postgres,1,insert_emb,-,4201,0,0.005961800
postgres,1,generar_emb,-,4202,0,0.012533300
postgres,1,insert_emb,-,4202,0,0.006433500
postgres,1,generar_emb,-,4203,0,0.015160300
postgres,1,insert_emb,-,4203,0,0.004700700
postgres,1,generar_emb,-,4204,0,0.015737200
postgres,1,insert_emb,-,4204,0,0.005621000
postgres,1,generar_emb,-,4205,0,0.016117800
postgres,1,insert_emb,-,4205,0,0.005701900
postgres,1,generar_emb,-,4206,0,0.018225400
postgres,1,insert_emb,-,4206,0,0.005238400
postgres,1,generar_emb,-,4207,0,0.014128500
postgres,1,insert_emb,-,4207,0,0.005822000
postgres,1,generar_emb,-,4208,0,0.014967700
postgres,1,insert_emb,-,4208,0,0.005136500
postgres,1,generar_emb,-,4209,0,0.013220200
postgres,1,insert_emb,-,4209,0,0.005356200
postgres,1,generar_emb,-,4210,0,0.013765500
postgres,1,insert_emb,-,4210,0,0.006391500
postgres,1,generar_emb,-,4211,0,0.012168100
postgres,1,insert_emb,-,4211,0,0.005532900
postgres,1,generar_emb,-,4212,0,0.012549300
postgres,1,insert_emb,-,4212,0,0.005789000
postgres,1,generar_emb,-,4213,0,0.013628900
postgres,1,insert_emb,-,4213,0,0.005462800
postgres,1,generar_emb,-,4214,0,0.012871700
postgres,1,insert_emb,-,4214,0,0.005325300
postgres,1,generar_emb,-,4215,0,0.014122600
postgres,1,insert_emb,-,4215,0,0.005686100
postgres,1,generar_emb,-,4216,0,0.016783700
postgres,1,insert_emb,-,4216,0,0.005533900
postgres,1,generar_emb,-,4217,0,0.014756000
postgres,1,insert_emb,-,4217,0,0.005423800
postgres,1,generar_emb,-,4218,0,0.015848100
postgres,1,insert_emb,-,4218,0,0.005243600
postgres,1,generar_emb,-,4219,0,0.012528000
postgres,1,insert_emb,-,4219,0,0.004962200
postgres,1,generar_emb,-,4220,0,0.015651500
postgres,1,insert_emb,-,4220,0,0.005744700
postgres,1,generar_emb,-,4221,0,0.014668700
postgres,1,insert_emb,-,4221,0,0.005466300
postgres,1,generar_emb,-,4222,0,0.012822000
postgres,1,insert_emb,-,4222,0,0.005728500
postgres,1,generar_emb,-,4223,0,0.014308300
postgres,1,insert_emb,-,4223,0,0.005543000
postgres,1,generar_emb,-,4224,0,0.014250200
postgres,1,insert_emb,-,4224,0,0.005143800
postgres,1,generar_emb,-,4225,0,0.015202700
postgres,1,insert_emb,-,4225,0,0.005475700
postgres,1,generar_emb,-,4226,0,0.013945200
postgres,1,insert_emb,-,4226,0,0.005877000
postgres,1,generar_emb,-,4227,0,0.012580800
postgres,1,insert_emb,-,4227,0,0.005641400
postgres,1,generar_emb,-,4228,0,0.011913100
postgres,1,insert_emb,-,4228,0,0.005581400
postgres,1,generar_emb,-,4229,0,0.016337100
postgres,1,insert_emb,-,4229,0,0.005454800
postgres,1,generar_emb,-,4230,0,0.016935200
postgres,1,insert_emb,-,4230,0,0.005968800
postgres,1,generar_emb,-,4231,0,0.012654800
postgres,1,insert_emb,-,4231,0,0.005471700
postgres,1,generar_emb,-,4232,0,0.012009600
postgres,1,insert_emb,-,4232,0,0.005351800
postgres,1,generar_emb,-,4233,0,0.012734200
postgres,1,insert_emb,-,4233,0,0.005945700
postgres,1,generar_emb,-,4234,0,0.013680400
postgres,1,insert_emb,-,4234,0,0.005320900
postgres,1,generar_emb,-,4235,0,0.013446900
postgres,1,insert_emb,-,4235,0,0.005172300
postgres,1,generar_emb,-,4236,0,0.011674400
postgres,1,insert_emb,-,4236,0,0.004929500
postgres,1,generar_emb,-,4237,0,0.014430300
postgres,1,insert_emb,-,4237,0,0.004916500
postgres,1,generar_emb,-,4238,0,0.011188400
postgres,1,insert_emb,-,4238,0,0.004533000
postgres,1,generar_emb,-,4239,0,0.011390300
postgres,1,insert_emb,-,4239,0,0.005172900
postgres,1,generar_emb,-,4240,0,0.010952500
postgres,1,insert_emb,-,4240,0,0.005633000
postgres,1,generar_emb,-,4241,0,0.010669600
postgres,1,insert_emb,-,4241,0,0.005420200
postgres,1,generar_emb,-,4242,0,0.013346600
postgres,1,insert_emb,-,4242,0,0.005396300
postgres,1,generar_emb,-,4243,0,0.013662400
postgres,1,insert_emb,-,4243,0,0.005544800
postgres,1,generar_emb,-,4244,0,0.011306800
postgres,1,insert_emb,-,4244,0,0.005405300
postgres,1,generar_emb,-,4245,0,0.012792000
postgres,1,insert_emb,-,4245,0,0.005599600
postgres,1,generar_emb,-,4246,0,0.011848400
postgres,1,insert_emb,-,4246,0,0.005166600
postgres,1,generar_emb,-,4247,0,0.013170600
postgres,1,insert_emb,-,4247,0,0.005504300
postgres,1,generar_emb,-,4248,0,0.013309300
postgres,1,insert_emb,-,4248,0,0.005283700
postgres,1,generar_emb,-,4249,0,0.014672900
postgres,1,insert_emb,-,4249,0,0.004959200
postgres,1,generar_emb,-,4250,0,0.012467200
postgres,1,insert_emb,-,4250,0,0.005054300
postgres,1,generar_emb,-,4251,0,0.013322500
postgres,1,insert_emb,-,4251,0,0.004952700
postgres,1,generar_emb,-,4252,0,0.012546900
postgres,1,insert_emb,-,4252,0,0.005231600
postgres,1,generar_emb,-,4253,0,0.012443800
postgres,1,insert_emb,-,4253,0,0.005030600
postgres,1,generar_emb,-,4254,0,0.011847400
postgres,1,insert_emb,-,4254,0,0.005065000
postgres,1,generar_emb,-,4255,0,0.012436300
postgres,1,insert_emb,-,4255,0,0.005050100
postgres,1,generar_emb,-,4256,0,0.014207700
postgres,1,insert_emb,-,4256,0,0.004730400
postgres,1,generar_emb,-,4257,0,0.013976500
postgres,1,insert_emb,-,4257,0,0.005232700
postgres,1,generar_emb,-,4258,0,0.014303500
postgres,1,insert_emb,-,4258,0,0.005175600
postgres,1,generar_emb,-,4259,0,0.012879500
postgres,1,insert_emb,-,4259,0,0.005143100
postgres,1,generar_emb,-,4260,0,0.012242000
postgres,1,insert_emb,-,4260,0,0.005251600
postgres,1,generar_emb,-,4261,0,0.016657100
postgres,1,insert_emb,-,4261,0,0.005351100
postgres,1,generar_emb,-,4262,0,0.013643300
postgres,1,insert_emb,-,4262,0,0.005282200
postgres,1,generar_emb,-,4263,0,0.012450100
postgres,1,insert_emb,-,4263,0,0.005600300
postgres,1,generar_emb,-,4264,0,0.011906700
postgres,1,insert_emb,-,4264,0,0.005119000
postgres,1,generar_emb,-,4265,0,0.013103700
postgres,1,insert_emb,-,4265,0,0.005235000
postgres,1,generar_emb,-,4266,0,0.012378200
postgres,1,insert_emb,-,4266,0,0.005329900
postgres,1,generar_emb,-,4267,0,0.011038500
postgres,1,insert_emb,-,4267,0,0.005584100
postgres,1,generar_emb,-,4268,0,0.013966200
postgres,1,insert_emb,-,4268,0,0.005294700
postgres,1,generar_emb,-,4269,0,0.012430100
postgres,1,insert_emb,-,4269,0,0.004841800
postgres,1,generar_emb,-,4270,0,0.013886600
postgres,1,insert_emb,-,4270,0,0.005789700
postgres,1,generar_emb,-,4271,0,0.012896300
postgres,1,insert_emb,-,4271,0,0.005866300
postgres,1,generar_emb,-,4272,0,0.013408500
postgres,1,insert_emb,-,4272,0,0.005084500
postgres,1,generar_emb,-,4273,0,0.011678200
postgres,1,insert_emb,-,4273,0,0.004918300
postgres,1,generar_emb,-,4274,0,0.010853400
postgres,1,insert_emb,-,4274,0,0.004861100
postgres,1,generar_emb,-,4275,0,0.011651600
postgres,1,insert_emb,-,4275,0,0.005269300
postgres,1,generar_emb,-,4276,0,0.011169500
postgres,1,insert_emb,-,4276,0,0.005119500
postgres,1,generar_emb,-,4277,0,0.013210700
postgres,1,insert_emb,-,4277,0,0.005028800
postgres,1,generar_emb,-,4278,0,0.013142800
postgres,1,insert_emb,-,4278,0,0.005218300
postgres,1,generar_emb,-,4279,0,0.012401300
postgres,1,insert_emb,-,4279,0,0.005018000
postgres,1,generar_emb,-,4280,0,0.012587700
postgres,1,insert_emb,-,4280,0,0.005212600
postgres,1,generar_emb,-,4281,0,0.011026700
postgres,1,insert_emb,-,4281,0,0.004894100
postgres,1,generar_emb,-,4282,0,0.012901600
postgres,1,insert_emb,-,4282,0,0.005468500
postgres,1,generar_emb,-,4283,0,0.011614000
postgres,1,insert_emb,-,4283,0,0.005265300
postgres,1,generar_emb,-,4284,0,0.012979400
postgres,1,insert_emb,-,4284,0,0.005324100
postgres,1,generar_emb,-,4285,0,0.012163700
postgres,1,insert_emb,-,4285,0,0.005263100
postgres,1,generar_emb,-,4286,0,0.011829000
postgres,1,insert_emb,-,4286,0,0.005054600
postgres,1,generar_emb,-,4287,0,0.010068200
postgres,1,insert_emb,-,4287,0,0.005152200
postgres,1,generar_emb,-,4288,0,0.010892200
postgres,1,insert_emb,-,4288,0,0.005361200
postgres,1,generar_emb,-,4289,0,0.012160600
postgres,1,insert_emb,-,4289,0,0.005515800
postgres,1,generar_emb,-,4290,0,0.012265400
postgres,1,insert_emb,-,4290,0,0.005313300
postgres,1,generar_emb,-,4291,0,0.012560000
postgres,1,insert_emb,-,4291,0,0.005198200
postgres,1,generar_emb,-,4292,0,0.012588200
postgres,1,insert_emb,-,4292,0,0.005195500
postgres,1,generar_emb,-,4293,0,0.011676900
postgres,1,insert_emb,-,4293,0,0.005273800
postgres,1,generar_emb,-,4294,0,0.012510600
postgres,1,insert_emb,-,4294,0,0.005075400
postgres,1,generar_emb,-,4295,0,0.011436500
postgres,1,insert_emb,-,4295,0,0.005722500
postgres,1,generar_emb,-,4296,0,0.012595800
postgres,1,insert_emb,-,4296,0,0.005384200
postgres,1,generar_emb,-,4297,0,0.011349900
postgres,1,insert_emb,-,4297,0,0.005247700
postgres,1,generar_emb,-,4298,0,0.012416100
postgres,1,insert_emb,-,4298,0,0.005012900
postgres,1,generar_emb,-,4299,0,0.012394800
postgres,1,insert_emb,-,4299,0,0.005638600
postgres,1,generar_emb,-,4300,0,0.010396000
postgres,1,insert_emb,-,4300,0,0.005197700
postgres,1,generar_emb,-,4301,0,0.012128400
postgres,1,insert_emb,-,4301,0,0.005129700
postgres,1,generar_emb,-,4302,0,0.014176100
postgres,1,insert_emb,-,4302,0,0.005429500
postgres,1,generar_emb,-,4303,0,0.012926400
postgres,1,insert_emb,-,4303,0,0.005529100
postgres,1,generar_emb,-,4304,0,0.011485800
postgres,1,insert_emb,-,4304,0,0.005346900
postgres,1,generar_emb,-,4305,0,0.012333900
postgres,1,insert_emb,-,4305,0,0.005110800
postgres,1,generar_emb,-,4306,0,0.011146800
postgres,1,insert_emb,-,4306,0,0.005042100
postgres,1,generar_emb,-,4307,0,0.011954900
postgres,1,insert_emb,-,4307,0,0.005263800
postgres,1,generar_emb,-,4308,0,0.011487400
postgres,1,insert_emb,-,4308,0,0.005256600
postgres,1,generar_emb,-,4309,0,0.012922200
postgres,1,insert_emb,-,4309,0,0.004913700
postgres,1,generar_emb,-,4310,0,0.013166700
postgres,1,insert_emb,-,4310,0,0.004995200
postgres,1,generar_emb,-,4311,0,0.011717500
postgres,1,insert_emb,-,4311,0,0.005012200
postgres,1,generar_emb,-,4312,0,0.015676400
postgres,1,insert_emb,-,4312,0,0.005630800
postgres,1,generar_emb,-,4313,0,0.013719100
postgres,1,insert_emb,-,4313,0,0.005379000
postgres,1,generar_emb,-,4314,0,0.012764000
postgres,1,insert_emb,-,4314,0,0.005342200
postgres,1,generar_emb,-,4315,0,0.011850300
postgres,1,insert_emb,-,4315,0,0.005417600
postgres,1,generar_emb,-,4316,0,0.012566000
postgres,1,insert_emb,-,4316,0,0.005205000
postgres,1,generar_emb,-,4317,0,0.015185500
postgres,1,insert_emb,-,4317,0,0.004779600
postgres,1,generar_emb,-,4318,0,0.012774000
postgres,1,insert_emb,-,4318,0,0.005140800
postgres,1,generar_emb,-,4319,0,0.012561900
postgres,1,insert_emb,-,4319,0,0.005411200
postgres,1,generar_emb,-,4320,0,0.013533300
postgres,1,insert_emb,-,4320,0,0.005228700
postgres,1,generar_emb,-,4321,0,0.013481900
postgres,1,insert_emb,-,4321,0,0.005296800
postgres,1,generar_emb,-,4322,0,0.012280600
postgres,1,insert_emb,-,4322,0,0.004997600
postgres,1,generar_emb,-,4323,0,0.013663600
postgres,1,insert_emb,-,4323,0,0.005057800
postgres,1,generar_emb,-,4324,0,0.013895400
postgres,1,insert_emb,-,4324,0,0.005078000
postgres,1,generar_emb,-,4325,0,0.012039700
postgres,1,insert_emb,-,4325,0,0.005402200
postgres,1,generar_emb,-,4326,0,0.012693400
postgres,1,insert_emb,-,4326,0,0.005026000
postgres,1,generar_emb,-,4327,0,0.011874100
postgres,1,insert_emb,-,4327,0,0.004845200
postgres,1,generar_emb,-,4328,0,0.014234300
postgres,1,insert_emb,-,4328,0,0.005171400
postgres,1,generar_emb,-,4329,0,0.011199500
postgres,1,insert_emb,-,4329,0,0.005053800
postgres,1,generar_emb,-,4330,0,0.012133500
postgres,1,insert_emb,-,4330,0,0.005274000
postgres,1,generar_emb,-,4331,0,0.010999800
postgres,1,insert_emb,-,4331,0,0.005824300
postgres,1,generar_emb,-,4332,0,0.013447800
postgres,1,insert_emb,-,4332,0,0.006016700
postgres,1,generar_emb,-,4333,0,0.013971500
postgres,1,insert_emb,-,4333,0,0.005615200
postgres,1,generar_emb,-,4334,0,0.013875800
postgres,1,insert_emb,-,4334,0,0.006115200
postgres,1,generar_emb,-,4335,0,0.013436600
postgres,1,insert_emb,-,4335,0,0.006029300
postgres,1,generar_emb,-,4336,0,0.012465800
postgres,1,insert_emb,-,4336,0,0.005481000
postgres,1,generar_emb,-,4337,0,0.015582000
postgres,1,insert_emb,-,4337,0,0.005720400
postgres,1,generar_emb,-,4338,0,0.011562600
postgres,1,insert_emb,-,4338,0,0.005495100
postgres,1,generar_emb,-,4339,0,0.013394600
postgres,1,insert_emb,-,4339,0,0.004937400
postgres,1,generar_emb,-,4340,0,0.014802600
postgres,1,insert_emb,-,4340,0,0.005110600
postgres,1,generar_emb,-,4341,0,0.013660300
postgres,1,insert_emb,-,4341,0,0.005561200
postgres,1,generar_emb,-,4342,0,0.014115900
postgres,1,insert_emb,-,4342,0,0.005539200
postgres,1,generar_emb,-,4343,0,0.013388400
postgres,1,insert_emb,-,4343,0,0.005022100
postgres,1,generar_emb,-,4344,0,0.011530300
postgres,1,insert_emb,-,4344,0,0.004891300
postgres,1,generar_emb,-,4345,0,0.011422300
postgres,1,insert_emb,-,4345,0,0.004868000
postgres,1,generar_emb,-,4346,0,0.012379400
postgres,1,insert_emb,-,4346,0,0.004902800
postgres,1,generar_emb,-,4347,0,0.013111500
postgres,1,insert_emb,-,4347,0,0.005230700
postgres,1,generar_emb,-,4348,0,0.011687000
postgres,1,insert_emb,-,4348,0,0.004950100
postgres,1,generar_emb,-,4349,0,0.012632500
postgres,1,insert_emb,-,4349,0,0.005077800
postgres,1,generar_emb,-,4350,0,0.013434100
postgres,1,insert_emb,-,4350,0,0.005031300
postgres,1,generar_emb,-,4351,0,0.013660800
postgres,1,insert_emb,-,4351,0,0.005013200
postgres,1,generar_emb,-,4352,0,0.012990900
postgres,1,insert_emb,-,4352,0,0.005078200
postgres,1,generar_emb,-,4353,0,0.012702800
postgres,1,insert_emb,-,4353,0,0.004909400
postgres,1,generar_emb,-,4354,0,0.013147200
postgres,1,insert_emb,-,4354,0,0.004740900
postgres,1,generar_emb,-,4355,0,0.010790100
postgres,1,insert_emb,-,4355,0,0.005139600
postgres,1,generar_emb,-,4356,0,0.011597600
postgres,1,insert_emb,-,4356,0,0.004979000
postgres,1,generar_emb,-,4357,0,0.011689500
postgres,1,insert_emb,-,4357,0,0.004969600
postgres,1,generar_emb,-,4358,0,0.010956600
postgres,1,insert_emb,-,4358,0,0.004993900
postgres,1,generar_emb,-,4359,0,0.012623200
postgres,1,insert_emb,-,4359,0,0.005092300
postgres,1,generar_emb,-,4360,0,0.012135000
postgres,1,insert_emb,-,4360,0,0.005956500
postgres,1,generar_emb,-,4361,0,0.011838700
postgres,1,insert_emb,-,4361,0,0.005717000
postgres,1,generar_emb,-,4362,0,0.012623000
postgres,1,insert_emb,-,4362,0,0.005259400
postgres,1,generar_emb,-,4363,0,0.012331200
postgres,1,insert_emb,-,4363,0,0.005657300
postgres,1,generar_emb,-,4364,0,0.010846100
postgres,1,insert_emb,-,4364,0,0.005544100
postgres,1,generar_emb,-,4365,0,0.011691600
postgres,1,insert_emb,-,4365,0,0.005097000
postgres,1,generar_emb,-,4366,0,0.014737500
postgres,1,insert_emb,-,4366,0,0.005645500
postgres,1,generar_emb,-,4367,0,0.011649800
postgres,1,insert_emb,-,4367,0,0.004791400
postgres,1,generar_emb,-,4368,0,0.015976400
postgres,1,insert_emb,-,4368,0,0.005075900
postgres,1,generar_emb,-,4369,0,0.011912200
postgres,1,insert_emb,-,4369,0,0.004631900
postgres,1,generar_emb,-,4370,0,0.016911200
postgres,1,insert_emb,-,4370,0,0.005536300
postgres,1,generar_emb,-,4371,0,0.014451600
postgres,1,insert_emb,-,4371,0,0.005221200
postgres,1,generar_emb,-,4372,0,0.014269500
postgres,1,insert_emb,-,4372,0,0.005287300
postgres,1,generar_emb,-,4373,0,0.014663600
postgres,1,insert_emb,-,4373,0,0.004965700
postgres,1,generar_emb,-,4374,0,0.013376200
postgres,1,insert_emb,-,4374,0,0.005611800
postgres,1,generar_emb,-,4375,0,0.011772900
postgres,1,insert_emb,-,4375,0,0.005725100
postgres,1,generar_emb,-,4376,0,0.013395100
postgres,1,insert_emb,-,4376,0,0.005238700
postgres,1,generar_emb,-,4377,0,0.014010000
postgres,1,insert_emb,-,4377,0,0.005364500
postgres,1,generar_emb,-,4378,0,0.012156500
postgres,1,insert_emb,-,4378,0,0.005405200
postgres,1,generar_emb,-,4379,0,0.012697200
postgres,1,insert_emb,-,4379,0,0.005222000
postgres,1,generar_emb,-,4380,0,0.014182700
postgres,1,insert_emb,-,4380,0,0.005412300
postgres,1,generar_emb,-,4381,0,0.013277700
postgres,1,insert_emb,-,4381,0,0.004905700
postgres,1,generar_emb,-,4382,0,0.011846200
postgres,1,insert_emb,-,4382,0,0.005074700
postgres,1,generar_emb,-,4383,0,0.011410100
postgres,1,insert_emb,-,4383,0,0.004645200
postgres,1,generar_emb,-,4384,0,0.013099400
postgres,1,insert_emb,-,4384,0,0.004805300
postgres,1,generar_emb,-,4385,0,0.011623600
postgres,1,insert_emb,-,4385,0,0.005308700
postgres,1,generar_emb,-,4386,0,0.011015600
postgres,1,insert_emb,-,4386,0,0.005176300
postgres,1,generar_emb,-,4387,0,0.012012100
postgres,1,insert_emb,-,4387,0,0.005279200
postgres,1,generar_emb,-,4388,0,0.012770300
postgres,1,insert_emb,-,4388,0,0.005420000
postgres,1,generar_emb,-,4389,0,0.011770500
postgres,1,insert_emb,-,4389,0,0.005360200
postgres,1,generar_emb,-,4390,0,0.013098100
postgres,1,insert_emb,-,4390,0,0.005163600
postgres,1,generar_emb,-,4391,0,0.011235800
postgres,1,insert_emb,-,4391,0,0.005673800
postgres,1,generar_emb,-,4392,0,0.010762600
postgres,1,insert_emb,-,4392,0,0.006094600
postgres,1,generar_emb,-,4393,0,0.013446700
postgres,1,insert_emb,-,4393,0,0.005281800
postgres,1,generar_emb,-,4394,0,0.010960900
postgres,1,insert_emb,-,4394,0,0.005381900
postgres,1,generar_emb,-,4395,0,0.013986800
postgres,1,insert_emb,-,4395,0,0.005008200
postgres,1,generar_emb,-,4396,0,0.013613900
postgres,1,insert_emb,-,4396,0,0.005860700
postgres,1,generar_emb,-,4397,0,0.011735600
postgres,1,insert_emb,-,4397,0,0.005395900
postgres,1,generar_emb,-,4398,0,0.012915400
postgres,1,insert_emb,-,4398,0,0.006043400
postgres,1,generar_emb,-,4399,0,0.015168100
postgres,1,insert_emb,-,4399,0,0.005005200
postgres,1,generar_emb,-,4400,0,0.013073000
postgres,1,insert_emb,-,4400,0,0.005292700
postgres,1,generar_emb,-,4401,0,0.012407500
postgres,1,insert_emb,-,4401,0,0.005022200
postgres,1,generar_emb,-,4402,0,0.012726400
postgres,1,insert_emb,-,4402,0,0.004872800
postgres,1,generar_emb,-,4403,0,0.012637100
postgres,1,insert_emb,-,4403,0,0.004699900
postgres,1,generar_emb,-,4404,0,0.013094400
postgres,1,insert_emb,-,4404,0,0.004813900
postgres,1,generar_emb,-,4405,0,0.013878300
postgres,1,insert_emb,-,4405,0,0.005260200
postgres,1,generar_emb,-,4406,0,0.012551500
postgres,1,insert_emb,-,4406,0,0.005512600
postgres,1,generar_emb,-,4407,0,0.011986600
postgres,1,insert_emb,-,4407,0,0.005182700
postgres,1,generar_emb,-,4408,0,0.011764900
postgres,1,insert_emb,-,4408,0,0.005148200
postgres,1,generar_emb,-,4409,0,0.012065800
postgres,1,insert_emb,-,4409,0,0.005053600
postgres,1,generar_emb,-,4410,0,0.012468800
postgres,1,insert_emb,-,4410,0,0.005237800
postgres,1,generar_emb,-,4411,0,0.012275200
postgres,1,insert_emb,-,4411,0,0.005075600
postgres,1,generar_emb,-,4412,0,0.014770800
postgres,1,insert_emb,-,4412,0,0.005151500
postgres,1,generar_emb,-,4413,0,0.012797100
postgres,1,insert_emb,-,4413,0,0.005024800
postgres,1,generar_emb,-,4414,0,0.012547200
postgres,1,insert_emb,-,4414,0,0.005204200
postgres,1,generar_emb,-,4415,0,0.011669800
postgres,1,insert_emb,-,4415,0,0.005190800
postgres,1,generar_emb,-,4416,0,0.012569900
postgres,1,insert_emb,-,4416,0,0.005154400
postgres,1,generar_emb,-,4417,0,0.010713800
postgres,1,insert_emb,-,4417,0,0.005149900
postgres,1,generar_emb,-,4418,0,0.011678300
postgres,1,insert_emb,-,4418,0,0.004888000
postgres,1,generar_emb,-,4419,0,0.011938700
postgres,1,insert_emb,-,4419,0,0.005156500
postgres,1,generar_emb,-,4420,0,0.018093800
postgres,1,insert_emb,-,4420,0,0.005823500
postgres,1,generar_emb,-,4421,0,0.015803500
postgres,1,insert_emb,-,4421,0,0.005169600
postgres,1,generar_emb,-,4422,0,0.010584800
postgres,1,insert_emb,-,4422,0,0.005288900
postgres,1,generar_emb,-,4423,0,0.011882300
postgres,1,insert_emb,-,4423,0,0.004999400
postgres,1,generar_emb,-,4424,0,0.011947500
postgres,1,insert_emb,-,4424,0,0.005379800
postgres,1,generar_emb,-,4425,0,0.012619600
postgres,1,insert_emb,-,4425,0,0.005725100
postgres,1,generar_emb,-,4426,0,0.011746400
postgres,1,insert_emb,-,4426,0,0.005177400
postgres,1,generar_emb,-,4427,0,0.013330400
postgres,1,insert_emb,-,4427,0,0.005691700
postgres,1,generar_emb,-,4428,0,0.012992100
postgres,1,insert_emb,-,4428,0,0.005473100
postgres,1,generar_emb,-,4429,0,0.014054700
postgres,1,insert_emb,-,4429,0,0.006186000
postgres,1,generar_emb,-,4430,0,0.014188600
postgres,1,insert_emb,-,4430,0,0.005670400
postgres,1,generar_emb,-,4431,0,0.012792800
postgres,1,insert_emb,-,4431,0,0.005309200
postgres,1,generar_emb,-,4432,0,0.012994400
postgres,1,insert_emb,-,4432,0,0.005353000
postgres,1,generar_emb,-,4433,0,0.012631900
postgres,1,insert_emb,-,4433,0,0.005901500
postgres,1,generar_emb,-,4434,0,0.013249400
postgres,1,insert_emb,-,4434,0,0.005113900
postgres,1,generar_emb,-,4435,0,0.013809500
postgres,1,insert_emb,-,4435,0,0.004894500
postgres,1,generar_emb,-,4436,0,0.015829500
postgres,1,insert_emb,-,4436,0,0.005042400
postgres,1,generar_emb,-,4437,0,0.012999000
postgres,1,insert_emb,-,4437,0,0.005209500
postgres,1,generar_emb,-,4438,0,0.010785200
postgres,1,insert_emb,-,4438,0,0.004944500
postgres,1,generar_emb,-,4439,0,0.011924100
postgres,1,insert_emb,-,4439,0,0.005055800
postgres,1,generar_emb,-,4440,0,0.013364300
postgres,1,insert_emb,-,4440,0,0.005425300
postgres,1,generar_emb,-,4441,0,0.013348800
postgres,1,insert_emb,-,4441,0,0.005091400
postgres,1,generar_emb,-,4442,0,0.011281000
postgres,1,insert_emb,-,4442,0,0.005062100
postgres,1,generar_emb,-,4443,0,0.011402300
postgres,1,insert_emb,-,4443,0,0.005097500
postgres,1,generar_emb,-,4444,0,0.012733600
postgres,1,insert_emb,-,4444,0,0.005383100
postgres,1,generar_emb,-,4445,0,0.013480600
postgres,1,insert_emb,-,4445,0,0.005392100
postgres,1,generar_emb,-,4446,0,0.011745000
postgres,1,insert_emb,-,4446,0,0.005154500
postgres,1,generar_emb,-,4447,0,0.010750300
postgres,1,insert_emb,-,4447,0,0.005155100
postgres,1,generar_emb,-,4448,0,0.010514700
postgres,1,insert_emb,-,4448,0,0.005043600
postgres,1,generar_emb,-,4449,0,0.011513100
postgres,1,insert_emb,-,4449,0,0.005177800
postgres,1,generar_emb,-,4450,0,0.012600200
postgres,1,insert_emb,-,4450,0,0.005747800
postgres,1,generar_emb,-,4451,0,0.013483700
postgres,1,insert_emb,-,4451,0,0.005226900
postgres,1,generar_emb,-,4452,0,0.013347500
postgres,1,insert_emb,-,4452,0,0.005188400
postgres,1,generar_emb,-,4453,0,0.011018600
postgres,1,insert_emb,-,4453,0,0.005115600
postgres,1,generar_emb,-,4454,0,0.014270000
postgres,1,insert_emb,-,4454,0,0.005100300
postgres,1,generar_emb,-,4455,0,0.012863300
postgres,1,insert_emb,-,4455,0,0.005098800
postgres,1,generar_emb,-,4456,0,0.012913500
postgres,1,insert_emb,-,4456,0,0.004970300
postgres,1,generar_emb,-,4457,0,0.014566000
postgres,1,insert_emb,-,4457,0,0.005029100
postgres,1,generar_emb,-,4458,0,0.013071600
postgres,1,insert_emb,-,4458,0,0.005163200
postgres,1,generar_emb,-,4459,0,0.014625800
postgres,1,insert_emb,-,4459,0,0.005045200
postgres,1,generar_emb,-,4460,0,0.011736700
postgres,1,insert_emb,-,4460,0,0.005094300
postgres,1,generar_emb,-,4461,0,0.013410000
postgres,1,insert_emb,-,4461,0,0.004935500
postgres,1,generar_emb,-,4462,0,0.012341500
postgres,1,insert_emb,-,4462,0,0.004990300
postgres,1,generar_emb,-,4463,0,0.012016400
postgres,1,insert_emb,-,4463,0,0.005125400
postgres,1,generar_emb,-,4464,0,0.011844500
postgres,1,insert_emb,-,4464,0,0.005109000
postgres,1,generar_emb,-,4465,0,0.012957300
postgres,1,insert_emb,-,4465,0,0.005188900
postgres,1,generar_emb,-,4466,0,0.012044100
postgres,1,insert_emb,-,4466,0,0.005153400
postgres,1,generar_emb,-,4467,0,0.010860600
postgres,1,insert_emb,-,4467,0,0.004966800
postgres,1,generar_emb,-,4468,0,0.011816700
postgres,1,insert_emb,-,4468,0,0.005223600
postgres,1,generar_emb,-,4469,0,0.013071900
postgres,1,insert_emb,-,4469,0,0.005582800
postgres,1,generar_emb,-,4470,0,0.014395000
postgres,1,insert_emb,-,4470,0,0.005748000
postgres,1,generar_emb,-,4471,0,0.012584800
postgres,1,insert_emb,-,4471,0,0.005787700
postgres,1,generar_emb,-,4472,0,0.012149200
postgres,1,insert_emb,-,4472,0,0.004945700
postgres,1,generar_emb,-,4473,0,0.012096600
postgres,1,insert_emb,-,4473,0,0.005597900
postgres,1,generar_emb,-,4474,0,0.012859000
postgres,1,insert_emb,-,4474,0,0.005456800
postgres,1,generar_emb,-,4475,0,0.014607900
postgres,1,insert_emb,-,4475,0,0.005308000
postgres,1,generar_emb,-,4476,0,0.014247600
postgres,1,insert_emb,-,4476,0,0.005064400
postgres,1,generar_emb,-,4477,0,0.011572700
postgres,1,insert_emb,-,4477,0,0.005244600
postgres,1,generar_emb,-,4478,0,0.012857900
postgres,1,insert_emb,-,4478,0,0.005664600
postgres,1,generar_emb,-,4479,0,0.012772900
postgres,1,insert_emb,-,4479,0,0.005038700
postgres,1,generar_emb,-,4480,0,0.012286900
postgres,1,insert_emb,-,4480,0,0.005686400
postgres,1,generar_emb,-,4481,0,0.013143600
postgres,1,insert_emb,-,4481,0,0.005535400
postgres,1,generar_emb,-,4482,0,0.011797700
postgres,1,insert_emb,-,4482,0,0.005188400
postgres,1,generar_emb,-,4483,0,0.012329700
postgres,1,insert_emb,-,4483,0,0.005265900
postgres,1,generar_emb,-,4484,0,0.013159000
postgres,1,insert_emb,-,4484,0,0.005910000
postgres,1,generar_emb,-,4485,0,0.012935800
postgres,1,insert_emb,-,4485,0,0.005768300
postgres,1,generar_emb,-,4486,0,0.012175500
postgres,1,insert_emb,-,4486,0,0.005443200
postgres,1,generar_emb,-,4487,0,0.011528300
postgres,1,insert_emb,-,4487,0,0.005917700
postgres,1,generar_emb,-,4488,0,0.015743300
postgres,1,insert_emb,-,4488,0,0.006210700
postgres,1,generar_emb,-,4489,0,0.013662800
postgres,1,insert_emb,-,4489,0,0.005727700
postgres,1,generar_emb,-,4490,0,0.015498400
postgres,1,insert_emb,-,4490,0,0.005513500
postgres,1,generar_emb,-,4491,0,0.012604700
postgres,1,insert_emb,-,4491,0,0.005352200
postgres,1,generar_emb,-,4492,0,0.011822600
postgres,1,insert_emb,-,4492,0,0.005091900
postgres,1,generar_emb,-,4493,0,0.011073900
postgres,1,insert_emb,-,4493,0,0.005686900
postgres,1,generar_emb,-,4494,0,0.014197800
postgres,1,insert_emb,-,4494,0,0.005531100
postgres,1,generar_emb,-,4495,0,0.011283900
postgres,1,insert_emb,-,4495,0,0.005445000
postgres,1,generar_emb,-,4496,0,0.012454800
postgres,1,insert_emb,-,4496,0,0.005369900
postgres,1,generar_emb,-,4497,0,0.012819000
postgres,1,insert_emb,-,4497,0,0.005410500
postgres,1,generar_emb,-,4498,0,0.013337800
postgres,1,insert_emb,-,4498,0,0.005541800
postgres,1,generar_emb,-,4499,0,0.011194600
postgres,1,insert_emb,-,4499,0,0.005492800
postgres,1,generar_emb,-,4500,0,0.012623400
postgres,1,insert_emb,-,4500,0,0.005658900
postgres,1,generar_emb,-,4501,0,0.012407000
postgres,1,insert_emb,-,4501,0,0.005349700
postgres,1,generar_emb,-,4502,0,0.013232100
postgres,1,insert_emb,-,4502,0,0.005947900
postgres,1,generar_emb,-,4503,0,0.013033100
postgres,1,insert_emb,-,4503,0,0.005257600
postgres,1,generar_emb,-,4504,0,0.014091100
postgres,1,insert_emb,-,4504,0,0.005815400
postgres,1,generar_emb,-,4505,0,0.010659700
postgres,1,insert_emb,-,4505,0,0.005267500
postgres,1,generar_emb,-,4506,0,0.011284500
postgres,1,insert_emb,-,4506,0,0.005111700
postgres,1,generar_emb,-,4507,0,0.014091700
postgres,1,insert_emb,-,4507,0,0.005417600
postgres,1,generar_emb,-,4508,0,0.015509400
postgres,1,insert_emb,-,4508,0,0.006535800
postgres,1,generar_emb,-,4509,0,0.014804600
postgres,1,insert_emb,-,4509,0,0.005847700
postgres,1,generar_emb,-,4510,0,0.017430100
postgres,1,insert_emb,-,4510,0,0.005905200
postgres,1,generar_emb,-,4511,0,0.022566500
postgres,1,insert_emb,-,4511,0,0.007805300
postgres,1,generar_emb,-,4512,0,0.019961500
postgres,1,insert_emb,-,4512,0,0.007683400
postgres,1,generar_emb,-,4513,0,0.024436500
postgres,1,insert_emb,-,4513,0,0.007472500
postgres,1,generar_emb,-,4514,0,0.020975100
postgres,1,insert_emb,-,4514,0,0.005858200
postgres,1,generar_emb,-,4515,0,0.012956800
postgres,1,insert_emb,-,4515,0,0.006606800
postgres,1,generar_emb,-,4516,0,0.012474400
postgres,1,insert_emb,-,4516,0,0.005909200
postgres,1,generar_emb,-,4517,0,0.011158000
postgres,1,insert_emb,-,4517,0,0.005715800
postgres,1,generar_emb,-,4518,0,0.013854200
postgres,1,insert_emb,-,4518,0,0.005570500
postgres,1,generar_emb,-,4519,0,0.012956100
postgres,1,insert_emb,-,4519,0,0.005563100
postgres,1,generar_emb,-,4520,0,0.013801400
postgres,1,insert_emb,-,4520,0,0.005507400
postgres,1,generar_emb,-,4521,0,0.011180800
postgres,1,insert_emb,-,4521,0,0.005571100
postgres,1,generar_emb,-,4522,0,0.017551500
postgres,1,insert_emb,-,4522,0,0.006309800
postgres,1,generar_emb,-,4523,0,0.015247800
postgres,1,insert_emb,-,4523,0,0.006116200
postgres,1,generar_emb,-,4524,0,0.014630200
postgres,1,insert_emb,-,4524,0,0.005596500
postgres,1,generar_emb,-,4525,0,0.019978100
postgres,1,insert_emb,-,4525,0,0.007268100
postgres,1,generar_emb,-,4526,0,0.019803700
postgres,1,insert_emb,-,4526,0,0.007308400
postgres,1,generar_emb,-,4527,0,0.020746400
postgres,1,insert_emb,-,4527,0,0.007369100
postgres,1,generar_emb,-,4528,0,0.019046800
postgres,1,insert_emb,-,4528,0,0.005349700
postgres,1,generar_emb,-,4529,0,0.012748700
postgres,1,insert_emb,-,4529,0,0.005268200
postgres,1,generar_emb,-,4530,0,0.013889500
postgres,1,insert_emb,-,4530,0,0.005397000
postgres,1,generar_emb,-,4531,0,0.012982900
postgres,1,insert_emb,-,4531,0,0.005192800
postgres,1,generar_emb,-,4532,0,0.013079200
postgres,1,insert_emb,-,4532,0,0.005482900
postgres,1,generar_emb,-,4533,0,0.011723100
postgres,1,insert_emb,-,4533,0,0.005254900
postgres,1,generar_emb,-,4534,0,0.015720900
postgres,1,insert_emb,-,4534,0,0.005495300
postgres,1,generar_emb,-,4535,0,0.012677200
postgres,1,insert_emb,-,4535,0,0.005459400
postgres,1,generar_emb,-,4536,0,0.013307900
postgres,1,insert_emb,-,4536,0,0.005309100
postgres,1,generar_emb,-,4537,0,0.013187000
postgres,1,insert_emb,-,4537,0,0.005262200
postgres,1,generar_emb,-,4538,0,0.013052800
postgres,1,insert_emb,-,4538,0,0.005422700
postgres,1,generar_emb,-,4539,0,0.013639100
postgres,1,insert_emb,-,4539,0,0.005478800
postgres,1,generar_emb,-,4540,0,0.012800500
postgres,1,insert_emb,-,4540,0,0.005507900
postgres,1,generar_emb,-,4541,0,0.013439900
postgres,1,insert_emb,-,4541,0,0.005858900
postgres,1,generar_emb,-,4542,0,0.011800300
postgres,1,insert_emb,-,4542,0,0.004991300
postgres,1,generar_emb,-,4543,0,0.012500800
postgres,1,insert_emb,-,4543,0,0.005731100
postgres,1,generar_emb,-,4544,0,0.014351900
postgres,1,insert_emb,-,4544,0,0.006012600
postgres,1,generar_emb,-,4545,0,0.013915200
postgres,1,insert_emb,-,4545,0,0.005667500
postgres,1,generar_emb,-,4546,0,0.013823600
postgres,1,insert_emb,-,4546,0,0.005455100
postgres,1,generar_emb,-,4547,0,0.012625300
postgres,1,insert_emb,-,4547,0,0.005530100
postgres,1,generar_emb,-,4548,0,0.011404100
postgres,1,insert_emb,-,4548,0,0.005377100
postgres,1,generar_emb,-,4549,0,0.010956200
postgres,1,insert_emb,-,4549,0,0.005276800
postgres,1,generar_emb,-,4550,0,0.015223100
postgres,1,insert_emb,-,4550,0,0.005468500
postgres,1,generar_emb,-,4551,0,0.013071600
postgres,1,insert_emb,-,4551,0,0.005509500
postgres,1,generar_emb,-,4552,0,0.011987800
postgres,1,insert_emb,-,4552,0,0.005160900
postgres,1,generar_emb,-,4553,0,0.013771700
postgres,1,insert_emb,-,4553,0,0.005735900
postgres,1,generar_emb,-,4554,0,0.013605600
postgres,1,insert_emb,-,4554,0,0.005159700
postgres,1,generar_emb,-,4555,0,0.013091300
postgres,1,insert_emb,-,4555,0,0.005830900
postgres,1,generar_emb,-,4556,0,0.015384100
postgres,1,insert_emb,-,4556,0,0.005442800
postgres,1,generar_emb,-,4557,0,0.014557000
postgres,1,insert_emb,-,4557,0,0.005486200
postgres,1,generar_emb,-,4558,0,0.015800200
postgres,1,insert_emb,-,4558,0,0.006253000
postgres,1,generar_emb,-,4559,0,0.013213900
postgres,1,insert_emb,-,4559,0,0.005646500
postgres,1,generar_emb,-,4560,0,0.015753200
postgres,1,insert_emb,-,4560,0,0.005842700
postgres,1,generar_emb,-,4561,0,0.011886500
postgres,1,insert_emb,-,4561,0,0.005321600
postgres,1,generar_emb,-,4562,0,0.011033900
postgres,1,insert_emb,-,4562,0,0.005337500
postgres,1,generar_emb,-,4563,0,0.012302700
postgres,1,insert_emb,-,4563,0,0.005501400
postgres,1,generar_emb,-,4564,0,0.012294800
postgres,1,insert_emb,-,4564,0,0.005366800
postgres,1,generar_emb,-,4565,0,0.012394300
postgres,1,insert_emb,-,4565,0,0.006626200
postgres,1,generar_emb,-,4566,0,0.015128800
postgres,1,insert_emb,-,4566,0,0.005231600
postgres,1,generar_emb,-,4567,0,0.013266100
postgres,1,insert_emb,-,4567,0,0.005571500
postgres,1,generar_emb,-,4568,0,0.012944500
postgres,1,insert_emb,-,4568,0,0.005141300
postgres,1,generar_emb,-,4569,0,0.011564900
postgres,1,insert_emb,-,4569,0,0.005160000
postgres,1,generar_emb,-,4570,0,0.012624200
postgres,1,insert_emb,-,4570,0,0.005504500
postgres,1,generar_emb,-,4571,0,0.011272100
postgres,1,insert_emb,-,4571,0,0.005298000
postgres,1,generar_emb,-,4572,0,0.012046500
postgres,1,insert_emb,-,4572,0,0.005297300
postgres,1,generar_emb,-,4573,0,0.013878900
postgres,1,insert_emb,-,4573,0,0.005031900
postgres,1,generar_emb,-,4574,0,0.011050100
postgres,1,insert_emb,-,4574,0,0.005095300
postgres,1,generar_emb,-,4575,0,0.010931700
postgres,1,insert_emb,-,4575,0,0.005741400
postgres,1,generar_emb,-,4576,0,0.012056300
postgres,1,insert_emb,-,4576,0,0.005760400
postgres,1,generar_emb,-,4577,0,0.011166100
postgres,1,insert_emb,-,4577,0,0.005267900
postgres,1,generar_emb,-,4578,0,0.012179200
postgres,1,insert_emb,-,4578,0,0.005255400
postgres,1,generar_emb,-,4579,0,0.012245400
postgres,1,insert_emb,-,4579,0,0.005616200
postgres,1,generar_emb,-,4580,0,0.011898600
postgres,1,insert_emb,-,4580,0,0.005239900
postgres,1,generar_emb,-,4581,0,0.010037500
postgres,1,insert_emb,-,4581,0,0.005722300
postgres,1,generar_emb,-,4582,0,0.010890800
postgres,1,insert_emb,-,4582,0,0.005391500
postgres,1,generar_emb,-,4583,0,0.011471500
postgres,1,insert_emb,-,4583,0,0.005380400
postgres,1,generar_emb,-,4584,0,0.011204200
postgres,1,insert_emb,-,4584,0,0.005654500
postgres,1,generar_emb,-,4585,0,0.011375600
postgres,1,insert_emb,-,4585,0,0.005673800
postgres,1,generar_emb,-,4586,0,0.013293000
postgres,1,insert_emb,-,4586,0,0.005255900
postgres,1,generar_emb,-,4587,0,0.011846600
postgres,1,insert_emb,-,4587,0,0.005442300
postgres,1,generar_emb,-,4588,0,0.012278200
postgres,1,insert_emb,-,4588,0,0.005175200
postgres,1,generar_emb,-,4589,0,0.012432900
postgres,1,insert_emb,-,4589,0,0.005447500
postgres,1,generar_emb,-,4590,0,0.011686600
postgres,1,insert_emb,-,4590,0,0.005272800
postgres,1,generar_emb,-,4591,0,0.012686900
postgres,1,insert_emb,-,4591,0,0.005215500
postgres,1,generar_emb,-,4592,0,0.014176900
postgres,1,insert_emb,-,4592,0,0.005070200
postgres,1,generar_emb,-,4593,0,0.013880300
postgres,1,insert_emb,-,4593,0,0.005912200
postgres,1,generar_emb,-,4594,0,0.011345000
postgres,1,insert_emb,-,4594,0,0.005407200
postgres,1,generar_emb,-,4595,0,0.012295000
postgres,1,insert_emb,-,4595,0,0.005588800
postgres,1,generar_emb,-,4596,0,0.010588500
postgres,1,insert_emb,-,4596,0,0.005246900
postgres,1,generar_emb,-,4597,0,0.013258100
postgres,1,insert_emb,-,4597,0,0.006064900
postgres,1,generar_emb,-,4598,0,0.013373100
postgres,1,insert_emb,-,4598,0,0.005080700
postgres,1,generar_emb,-,4599,0,0.013721400
postgres,1,insert_emb,-,4599,0,0.005316000
postgres,1,generar_emb,-,4600,0,0.010493300
postgres,1,insert_emb,-,4600,0,0.005572700
postgres,1,generar_emb,-,4601,0,0.011441100
postgres,1,insert_emb,-,4601,0,0.005472700
postgres,1,generar_emb,-,4602,0,0.011322000
postgres,1,insert_emb,-,4602,0,0.005338500
postgres,1,generar_emb,-,4603,0,0.012544200
postgres,1,insert_emb,-,4603,0,0.005400900
postgres,1,generar_emb,-,4604,0,0.012118800
postgres,1,insert_emb,-,4604,0,0.005814400
postgres,1,generar_emb,-,4605,0,0.012871000
postgres,1,insert_emb,-,4605,0,0.005872500
postgres,1,generar_emb,-,4606,0,0.012017600
postgres,1,insert_emb,-,4606,0,0.005569300
postgres,1,generar_emb,-,4607,0,0.012611800
postgres,1,insert_emb,-,4607,0,0.005624000
postgres,1,generar_emb,-,4608,0,0.012606600
postgres,1,insert_emb,-,4608,0,0.005586100
postgres,1,generar_emb,-,4609,0,0.012265500
postgres,1,insert_emb,-,4609,0,0.005514000
postgres,1,generar_emb,-,4610,0,0.010930900
postgres,1,insert_emb,-,4610,0,0.005997000
postgres,1,generar_emb,-,4611,0,0.014487600
postgres,1,insert_emb,-,4611,0,0.005829400
postgres,1,generar_emb,-,4612,0,0.016016500
postgres,1,insert_emb,-,4612,0,0.005749300
postgres,1,generar_emb,-,4613,0,0.015866100
postgres,1,insert_emb,-,4613,0,0.005946400
postgres,1,generar_emb,-,4614,0,0.012513000
postgres,1,insert_emb,-,4614,0,0.005405500
postgres,1,generar_emb,-,4615,0,0.011996600
postgres,1,insert_emb,-,4615,0,0.005167400
postgres,1,generar_emb,-,4616,0,0.011803300
postgres,1,insert_emb,-,4616,0,0.004882500
postgres,1,generar_emb,-,4617,0,0.012990400
postgres,1,insert_emb,-,4617,0,0.005134100
postgres,1,generar_emb,-,4618,0,0.011638500
postgres,1,insert_emb,-,4618,0,0.005341000
postgres,1,generar_emb,-,4619,0,0.011372700
postgres,1,insert_emb,-,4619,0,0.005395300
postgres,1,generar_emb,-,4620,0,0.010940300
postgres,1,insert_emb,-,4620,0,0.005644300
postgres,1,generar_emb,-,4621,0,0.014379900
postgres,1,insert_emb,-,4621,0,0.005389500
postgres,1,generar_emb,-,4622,0,0.016045000
postgres,1,insert_emb,-,4622,0,0.006846700
postgres,1,generar_emb,-,4623,0,0.012978000
postgres,1,insert_emb,-,4623,0,0.006004300
postgres,1,generar_emb,-,4624,0,0.012876700
postgres,1,insert_emb,-,4624,0,0.005965300
postgres,1,generar_emb,-,4625,0,0.012830800
postgres,1,insert_emb,-,4625,0,0.005728800
postgres,1,generar_emb,-,4626,0,0.013724500
postgres,1,insert_emb,-,4626,0,0.005519100
postgres,1,generar_emb,-,4627,0,0.014666500
postgres,1,insert_emb,-,4627,0,0.005290000
postgres,1,generar_emb,-,4628,0,0.012346900
postgres,1,insert_emb,-,4628,0,0.005379900
postgres,1,generar_emb,-,4629,0,0.012216300
postgres,1,insert_emb,-,4629,0,0.005894300
postgres,1,generar_emb,-,4630,0,0.014797100
postgres,1,insert_emb,-,4630,0,0.005671500
postgres,1,generar_emb,-,4631,0,0.012247200
postgres,1,insert_emb,-,4631,0,0.005361800
postgres,1,generar_emb,-,4632,0,0.012595900
postgres,1,insert_emb,-,4632,0,0.005381100
postgres,1,generar_emb,-,4633,0,0.015819900
postgres,1,insert_emb,-,4633,0,0.005427900
postgres,1,generar_emb,-,4634,0,0.012526600
postgres,1,insert_emb,-,4634,0,0.005719200
postgres,1,generar_emb,-,4635,0,0.011329200
postgres,1,insert_emb,-,4635,0,0.005810000
postgres,1,generar_emb,-,4636,0,0.011100800
postgres,1,insert_emb,-,4636,0,0.005522800
postgres,1,generar_emb,-,4637,0,0.010692000
postgres,1,insert_emb,-,4637,0,0.005135600
postgres,1,generar_emb,-,4638,0,0.013882000
postgres,1,insert_emb,-,4638,0,0.005394400
postgres,1,generar_emb,-,4639,0,0.013170900
postgres,1,insert_emb,-,4639,0,0.005208100
postgres,1,generar_emb,-,4640,0,0.010847100
postgres,1,insert_emb,-,4640,0,0.005289500
postgres,1,generar_emb,-,4641,0,0.013769400
postgres,1,insert_emb,-,4641,0,0.005156800
postgres,1,generar_emb,-,4642,0,0.012126800
postgres,1,insert_emb,-,4642,0,0.005324000
postgres,1,generar_emb,-,4643,0,0.011988100
postgres,1,insert_emb,-,4643,0,0.005229200
postgres,1,generar_emb,-,4644,0,0.012834300
postgres,1,insert_emb,-,4644,0,0.005552900
postgres,1,generar_emb,-,4645,0,0.010817200
postgres,1,insert_emb,-,4645,0,0.005765400
postgres,1,generar_emb,-,4646,0,0.014150600
postgres,1,insert_emb,-,4646,0,0.005135200
postgres,1,generar_emb,-,4647,0,0.017945300
postgres,1,insert_emb,-,4647,0,0.005198000
postgres,1,generar_emb,-,4648,0,0.013214600
postgres,1,insert_emb,-,4648,0,0.005288400
postgres,1,generar_emb,-,4649,0,0.011704900
postgres,1,insert_emb,-,4649,0,0.005296000
postgres,1,generar_emb,-,4650,0,0.013998600
postgres,1,insert_emb,-,4650,0,0.005482500
postgres,1,generar_emb,-,4651,0,0.013293000
postgres,1,insert_emb,-,4651,0,0.005468100
postgres,1,generar_emb,-,4652,0,0.014888500
postgres,1,insert_emb,-,4652,0,0.005349300
postgres,1,generar_emb,-,4653,0,0.015944300
postgres,1,insert_emb,-,4653,0,0.005451100
postgres,1,generar_emb,-,4654,0,0.012881000
postgres,1,insert_emb,-,4654,0,0.005476200
postgres,1,generar_emb,-,4655,0,0.013138300
postgres,1,insert_emb,-,4655,0,0.005509000
postgres,1,generar_emb,-,4656,0,0.012038500
postgres,1,insert_emb,-,4656,0,0.005174400
postgres,1,generar_emb,-,4657,0,0.011048000
postgres,1,insert_emb,-,4657,0,0.005192700
postgres,1,generar_emb,-,4658,0,0.011980900
postgres,1,insert_emb,-,4658,0,0.005211900
postgres,1,generar_emb,-,4659,0,0.014611000
postgres,1,insert_emb,-,4659,0,0.005310900
postgres,1,generar_emb,-,4660,0,0.011612900
postgres,1,insert_emb,-,4660,0,0.005541900
postgres,1,generar_emb,-,4661,0,0.012856100
postgres,1,insert_emb,-,4661,0,0.005694100
postgres,1,generar_emb,-,4662,0,0.013286300
postgres,1,insert_emb,-,4662,0,0.005105300
postgres,1,generar_emb,-,4663,0,0.014296500
postgres,1,insert_emb,-,4663,0,0.005557100
postgres,1,generar_emb,-,4664,0,0.013243000
postgres,1,insert_emb,-,4664,0,0.005501300
postgres,1,generar_emb,-,4665,0,0.013699600
postgres,1,insert_emb,-,4665,0,0.005290300
postgres,1,generar_emb,-,4666,0,0.014903400
postgres,1,insert_emb,-,4666,0,0.005165900
postgres,1,generar_emb,-,4667,0,0.013180400
postgres,1,insert_emb,-,4667,0,0.005206500
postgres,1,generar_emb,-,4668,0,0.013985200
postgres,1,insert_emb,-,4668,0,0.005383100
postgres,1,generar_emb,-,4669,0,0.012271500
postgres,1,insert_emb,-,4669,0,0.005795500
postgres,1,generar_emb,-,4670,0,0.010570300
postgres,1,insert_emb,-,4670,0,0.005522900
postgres,1,generar_emb,-,4671,0,0.011647700
postgres,1,insert_emb,-,4671,0,0.005535800
postgres,1,generar_emb,-,4672,0,0.011529800
postgres,1,insert_emb,-,4672,0,0.005076700
postgres,1,generar_emb,-,4673,0,0.011599700
postgres,1,insert_emb,-,4673,0,0.005270000
postgres,1,generar_emb,-,4674,0,0.011995200
postgres,1,insert_emb,-,4674,0,0.005824400
postgres,1,generar_emb,-,4675,0,0.012473900
postgres,1,insert_emb,-,4675,0,0.006149200
postgres,1,generar_emb,-,4676,0,0.015070200
postgres,1,insert_emb,-,4676,0,0.005813200
postgres,1,generar_emb,-,4677,0,0.012199600
postgres,1,insert_emb,-,4677,0,0.005645700
postgres,1,generar_emb,-,4678,0,0.013241800
postgres,1,insert_emb,-,4678,0,0.005543500
postgres,1,generar_emb,-,4679,0,0.014198000
postgres,1,insert_emb,-,4679,0,0.005773200
postgres,1,generar_emb,-,4680,0,0.013171500
postgres,1,insert_emb,-,4680,0,0.005831000
postgres,1,generar_emb,-,4681,0,0.013361500
postgres,1,insert_emb,-,4681,0,0.005561700
postgres,1,generar_emb,-,4682,0,0.016653500
postgres,1,insert_emb,-,4682,0,0.005763200
postgres,1,generar_emb,-,4683,0,0.012968200
postgres,1,insert_emb,-,4683,0,0.005185600
postgres,1,generar_emb,-,4684,0,0.014577300
postgres,1,insert_emb,-,4684,0,0.005989600
postgres,1,generar_emb,-,4685,0,0.011941500
postgres,1,insert_emb,-,4685,0,0.006241600
postgres,1,generar_emb,-,4686,0,0.015912900
postgres,1,insert_emb,-,4686,0,0.005438100
postgres,1,generar_emb,-,4687,0,0.013090500
postgres,1,insert_emb,-,4687,0,0.005488800
postgres,1,generar_emb,-,4688,0,0.011466800
postgres,1,insert_emb,-,4688,0,0.006107300
postgres,1,generar_emb,-,4689,0,0.012900200
postgres,1,insert_emb,-,4689,0,0.005339900
postgres,1,generar_emb,-,4690,0,0.012358600
postgres,1,insert_emb,-,4690,0,0.005540500
postgres,1,generar_emb,-,4691,0,0.011307000
postgres,1,insert_emb,-,4691,0,0.005364700
postgres,1,generar_emb,-,4692,0,0.011153200
postgres,1,insert_emb,-,4692,0,0.005205800
postgres,1,generar_emb,-,4693,0,0.012705200
postgres,1,insert_emb,-,4693,0,0.005316900
postgres,1,generar_emb,-,4694,0,0.010618300
postgres,1,insert_emb,-,4694,0,0.005331400
postgres,1,generar_emb,-,4695,0,0.012228700
postgres,1,insert_emb,-,4695,0,0.006959200
postgres,1,generar_emb,-,4696,0,0.011842100
postgres,1,insert_emb,-,4696,0,0.005096300
postgres,1,generar_emb,-,4697,0,0.014117500
postgres,1,insert_emb,-,4697,0,0.005652200
postgres,1,generar_emb,-,4698,0,0.016388900
postgres,1,insert_emb,-,4698,0,0.006014500
postgres,1,generar_emb,-,4699,0,0.011320900
postgres,1,insert_emb,-,4699,0,0.005382400
postgres,1,generar_emb,-,4700,0,0.012374100
postgres,1,insert_emb,-,4700,0,0.005667700
postgres,1,generar_emb,-,4701,0,0.011612800
postgres,1,insert_emb,-,4701,0,0.005370800
postgres,1,generar_emb,-,4702,0,0.013489900
postgres,1,insert_emb,-,4702,0,0.005282200
postgres,1,generar_emb,-,4703,0,0.012573500
postgres,1,insert_emb,-,4703,0,0.005425700
postgres,1,generar_emb,-,4704,0,0.015487100
postgres,1,insert_emb,-,4704,0,0.005454500
postgres,1,generar_emb,-,4705,0,0.014769900
postgres,1,insert_emb,-,4705,0,0.005892400
postgres,1,generar_emb,-,4706,0,0.011366800
postgres,1,insert_emb,-,4706,0,0.005381100
postgres,1,generar_emb,-,4707,0,0.011528800
postgres,1,insert_emb,-,4707,0,0.005396900
postgres,1,generar_emb,-,4708,0,0.012226300
postgres,1,insert_emb,-,4708,0,0.005167500
postgres,1,generar_emb,-,4709,0,0.013056600
postgres,1,insert_emb,-,4709,0,0.005463500
postgres,1,generar_emb,-,4710,0,0.011222000
postgres,1,insert_emb,-,4710,0,0.005515800
postgres,1,generar_emb,-,4711,0,0.011986500
postgres,1,insert_emb,-,4711,0,0.005447000
postgres,1,generar_emb,-,4712,0,0.011845600
postgres,1,insert_emb,-,4712,0,0.005389100
postgres,1,generar_emb,-,4713,0,0.013784400
postgres,1,insert_emb,-,4713,0,0.005290800
postgres,1,generar_emb,-,4714,0,0.011502800
postgres,1,insert_emb,-,4714,0,0.005552100
postgres,1,generar_emb,-,4715,0,0.015965900
postgres,1,insert_emb,-,4715,0,0.005388300
postgres,1,generar_emb,-,4716,0,0.010953300
postgres,1,insert_emb,-,4716,0,0.005782400
postgres,1,generar_emb,-,4717,0,0.011401700
postgres,1,insert_emb,-,4717,0,0.006187700
postgres,1,generar_emb,-,4718,0,0.011348600
postgres,1,insert_emb,-,4718,0,0.005402300
postgres,1,generar_emb,-,4719,0,0.013607600
postgres,1,insert_emb,-,4719,0,0.006089700
postgres,1,generar_emb,-,4720,0,0.013288800
postgres,1,insert_emb,-,4720,0,0.005492700
postgres,1,generar_emb,-,4721,0,0.017006700
postgres,1,insert_emb,-,4721,0,0.005429200
postgres,1,generar_emb,-,4722,0,0.014099500
postgres,1,insert_emb,-,4722,0,0.005626200
postgres,1,generar_emb,-,4723,0,0.013713200
postgres,1,insert_emb,-,4723,0,0.005628200
postgres,1,generar_emb,-,4724,0,0.012640600
postgres,1,insert_emb,-,4724,0,0.005362800
postgres,1,generar_emb,-,4725,0,0.014115500
postgres,1,insert_emb,-,4725,0,0.005902200
postgres,1,generar_emb,-,4726,0,0.013467500
postgres,1,insert_emb,-,4726,0,0.005409300
postgres,1,generar_emb,-,4727,0,0.011812800
postgres,1,insert_emb,-,4727,0,0.005548000
postgres,1,generar_emb,-,4728,0,0.014408000
postgres,1,insert_emb,-,4728,0,0.005488500
postgres,1,generar_emb,-,4729,0,0.011067000
postgres,1,insert_emb,-,4729,0,0.005644200
postgres,1,generar_emb,-,4730,0,0.012762100
postgres,1,insert_emb,-,4730,0,0.005620500
postgres,1,generar_emb,-,4731,0,0.012424700
postgres,1,insert_emb,-,4731,0,0.005944700
postgres,1,generar_emb,-,4732,0,0.013038600
postgres,1,insert_emb,-,4732,0,0.005436200
postgres,1,generar_emb,-,4733,0,0.013372300
postgres,1,insert_emb,-,4733,0,0.005371100
postgres,1,generar_emb,-,4734,0,0.011827400
postgres,1,insert_emb,-,4734,0,0.005219700
postgres,1,generar_emb,-,4735,0,0.012334500
postgres,1,insert_emb,-,4735,0,0.005798700
postgres,1,generar_emb,-,4736,0,0.014732100
postgres,1,insert_emb,-,4736,0,0.005369400
postgres,1,generar_emb,-,4737,0,0.012307200
postgres,1,insert_emb,-,4737,0,0.005551500
postgres,1,generar_emb,-,4738,0,0.012909500
postgres,1,insert_emb,-,4738,0,0.004941900
postgres,1,generar_emb,-,4739,0,0.014083500
postgres,1,insert_emb,-,4739,0,0.005540700
postgres,1,generar_emb,-,4740,0,0.011352300
postgres,1,insert_emb,-,4740,0,0.005291300
postgres,1,generar_emb,-,4741,0,0.013237400
postgres,1,insert_emb,-,4741,0,0.005427100
postgres,1,generar_emb,-,4742,0,0.013951300
postgres,1,insert_emb,-,4742,0,0.005345100
postgres,1,generar_emb,-,4743,0,0.013257000
postgres,1,insert_emb,-,4743,0,0.005590200
postgres,1,generar_emb,-,4744,0,0.013978200
postgres,1,insert_emb,-,4744,0,0.005231100
postgres,1,generar_emb,-,4745,0,0.012592900
postgres,1,insert_emb,-,4745,0,0.005431500
postgres,1,generar_emb,-,4746,0,0.011963200
postgres,1,insert_emb,-,4746,0,0.005205300
postgres,1,generar_emb,-,4747,0,0.014114500
postgres,1,insert_emb,-,4747,0,0.005422600
postgres,1,generar_emb,-,4748,0,0.014979800
postgres,1,insert_emb,-,4748,0,0.005203100
postgres,1,generar_emb,-,4749,0,0.012412200
postgres,1,insert_emb,-,4749,0,0.005567900
postgres,1,generar_emb,-,4750,0,0.014141300
postgres,1,insert_emb,-,4750,0,0.005839800
postgres,1,generar_emb,-,4751,0,0.013379800
postgres,1,insert_emb,-,4751,0,0.005893200
postgres,1,generar_emb,-,4752,0,0.013991000
postgres,1,insert_emb,-,4752,0,0.005446400
postgres,1,generar_emb,-,4753,0,0.010985600
postgres,1,insert_emb,-,4753,0,0.005432700
postgres,1,generar_emb,-,4754,0,0.013837000
postgres,1,insert_emb,-,4754,0,0.005275800
postgres,1,generar_emb,-,4755,0,0.010438000
postgres,1,insert_emb,-,4755,0,0.005343000
postgres,1,generar_emb,-,4756,0,0.012158700
postgres,1,insert_emb,-,4756,0,0.004987300
postgres,1,generar_emb,-,4757,0,0.012017300
postgres,1,insert_emb,-,4757,0,0.005112800
postgres,1,generar_emb,-,4758,0,0.012451500
postgres,1,insert_emb,-,4758,0,0.005249800
postgres,1,generar_emb,-,4759,0,0.012894000
postgres,1,insert_emb,-,4759,0,0.005678800
postgres,1,generar_emb,-,4760,0,0.011773800
postgres,1,insert_emb,-,4760,0,0.005718400
postgres,1,generar_emb,-,4761,0,0.011205400
postgres,1,insert_emb,-,4761,0,0.005297500
postgres,1,generar_emb,-,4762,0,0.013835800
postgres,1,insert_emb,-,4762,0,0.005779300
postgres,1,generar_emb,-,4763,0,0.013072900
postgres,1,insert_emb,-,4763,0,0.005477800
postgres,1,generar_emb,-,4764,0,0.011365000
postgres,1,insert_emb,-,4764,0,0.005779300
postgres,1,generar_emb,-,4765,0,0.010559900
postgres,1,insert_emb,-,4765,0,0.005685000
postgres,1,generar_emb,-,4766,0,0.011007100
postgres,1,insert_emb,-,4766,0,0.005091800
postgres,1,generar_emb,-,4767,0,0.011496300
postgres,1,insert_emb,-,4767,0,0.005211800
postgres,1,generar_emb,-,4768,0,0.011424300
postgres,1,insert_emb,-,4768,0,0.005577800
postgres,1,generar_emb,-,4769,0,0.013130900
postgres,1,insert_emb,-,4769,0,0.005424100
postgres,1,generar_emb,-,4770,0,0.012000000
postgres,1,insert_emb,-,4770,0,0.005524700
postgres,1,generar_emb,-,4771,0,0.012655500
postgres,1,insert_emb,-,4771,0,0.005338800
postgres,1,generar_emb,-,4772,0,0.011152800
postgres,1,insert_emb,-,4772,0,0.005651400
postgres,1,generar_emb,-,4773,0,0.010677300
postgres,1,insert_emb,-,4773,0,0.005523300
postgres,1,generar_emb,-,4774,0,0.012753000
postgres,1,insert_emb,-,4774,0,0.005737200
postgres,1,generar_emb,-,4775,0,0.013822700
postgres,1,insert_emb,-,4775,0,0.006181700
postgres,1,generar_emb,-,4776,0,0.014562700
postgres,1,insert_emb,-,4776,0,0.005488500
postgres,1,generar_emb,-,4777,0,0.012193200
postgres,1,insert_emb,-,4777,0,0.005361600
postgres,1,generar_emb,-,4778,0,0.012143300
postgres,1,insert_emb,-,4778,0,0.005533700
postgres,1,generar_emb,-,4779,0,0.011728500
postgres,1,insert_emb,-,4779,0,0.005334700
postgres,1,generar_emb,-,4780,0,0.013019200
postgres,1,insert_emb,-,4780,0,0.005202900
postgres,1,generar_emb,-,4781,0,0.012797600
postgres,1,insert_emb,-,4781,0,0.005440800
postgres,1,generar_emb,-,4782,0,0.012523500
postgres,1,insert_emb,-,4782,0,0.005620700
postgres,1,generar_emb,-,4783,0,0.010470900
postgres,1,insert_emb,-,4783,0,0.005371200
postgres,1,generar_emb,-,4784,0,0.011938500
postgres,1,insert_emb,-,4784,0,0.005044600
postgres,1,generar_emb,-,4785,0,0.012460200
postgres,1,insert_emb,-,4785,0,0.005456500
postgres,1,generar_emb,-,4786,0,0.011972700
postgres,1,insert_emb,-,4786,0,0.005376500
postgres,1,generar_emb,-,4787,0,0.011690400
postgres,1,insert_emb,-,4787,0,0.005628400
postgres,1,generar_emb,-,4788,0,0.012258300
postgres,1,insert_emb,-,4788,0,0.005487100
postgres,1,generar_emb,-,4789,0,0.010321300
postgres,1,insert_emb,-,4789,0,0.005311400
postgres,1,generar_emb,-,4790,0,0.012300800
postgres,1,insert_emb,-,4790,0,0.005475100
postgres,1,generar_emb,-,4791,0,0.011975100
postgres,1,insert_emb,-,4791,0,0.005427200
postgres,1,generar_emb,-,4792,0,0.013387600
postgres,1,insert_emb,-,4792,0,0.005533600
postgres,1,generar_emb,-,4793,0,0.012103500
postgres,1,insert_emb,-,4793,0,0.005618500
postgres,1,generar_emb,-,4794,0,0.014951700
postgres,1,insert_emb,-,4794,0,0.005447600
postgres,1,generar_emb,-,4795,0,0.011833800
postgres,1,insert_emb,-,4795,0,0.005569800
postgres,1,generar_emb,-,4796,0,0.012563100
postgres,1,insert_emb,-,4796,0,0.005343500
postgres,1,generar_emb,-,4797,0,0.013092500
postgres,1,insert_emb,-,4797,0,0.005330000
postgres,1,generar_emb,-,4798,0,0.012059100
postgres,1,insert_emb,-,4798,0,0.005176900
postgres,1,generar_emb,-,4799,0,0.011594400
postgres,1,insert_emb,-,4799,0,0.005433300
postgres,1,generar_emb,-,4800,0,0.011771000
postgres,1,insert_emb,-,4800,0,0.005754900
postgres,1,generar_emb,-,4801,0,0.011491100
postgres,1,insert_emb,-,4801,0,0.005200300
postgres,1,generar_emb,-,4802,0,0.010519900
postgres,1,insert_emb,-,4802,0,0.005202800
postgres,1,generar_emb,-,4803,0,0.014340600
postgres,1,insert_emb,-,4803,0,0.005289900
postgres,1,generar_emb,-,4804,0,0.012471100
postgres,1,insert_emb,-,4804,0,0.005192100
postgres,1,generar_emb,-,4805,0,0.013701700
postgres,1,insert_emb,-,4805,0,0.005714100
postgres,1,generar_emb,-,4806,0,0.013208500
postgres,1,insert_emb,-,4806,0,0.005059300
postgres,1,generar_emb,-,4807,0,0.013966000
postgres,1,insert_emb,-,4807,0,0.005339300
postgres,1,generar_emb,-,4808,0,0.012816100
postgres,1,insert_emb,-,4808,0,0.005007500
postgres,1,generar_emb,-,4809,0,0.013956500
postgres,1,insert_emb,-,4809,0,0.005281200
postgres,1,generar_emb,-,4810,0,0.011730800
postgres,1,insert_emb,-,4810,0,0.005520900
postgres,1,generar_emb,-,4811,0,0.013113900
postgres,1,insert_emb,-,4811,0,0.005306300
postgres,1,generar_emb,-,4812,0,0.012077900
postgres,1,insert_emb,-,4812,0,0.005562100
postgres,1,generar_emb,-,4813,0,0.011213100
postgres,1,insert_emb,-,4813,0,0.005442000
postgres,1,generar_emb,-,4814,0,0.012371200
postgres,1,insert_emb,-,4814,0,0.005828600
postgres,1,generar_emb,-,4815,0,0.012141400
postgres,1,insert_emb,-,4815,0,0.005567500
postgres,1,generar_emb,-,4816,0,0.010977700
postgres,1,insert_emb,-,4816,0,0.005600500
postgres,1,generar_emb,-,4817,0,0.011555700
postgres,1,insert_emb,-,4817,0,0.005286300
postgres,1,generar_emb,-,4818,0,0.011281200
postgres,1,insert_emb,-,4818,0,0.005049900
postgres,1,generar_emb,-,4819,0,0.011029000
postgres,1,insert_emb,-,4819,0,0.005262800
postgres,1,generar_emb,-,4820,0,0.011878600
postgres,1,insert_emb,-,4820,0,0.005479800
postgres,1,generar_emb,-,4821,0,0.012008100
postgres,1,insert_emb,-,4821,0,0.005323400
postgres,1,generar_emb,-,4822,0,0.011251100
postgres,1,insert_emb,-,4822,0,0.005189400
postgres,1,generar_emb,-,4823,0,0.011424900
postgres,1,insert_emb,-,4823,0,0.005445700
postgres,1,generar_emb,-,4824,0,0.010848900
postgres,1,insert_emb,-,4824,0,0.005454100
postgres,1,generar_emb,-,4825,0,0.011292100
postgres,1,insert_emb,-,4825,0,0.005436300
postgres,1,generar_emb,-,4826,0,0.010909900
postgres,1,insert_emb,-,4826,0,0.005411600
postgres,1,generar_emb,-,4827,0,0.011157700
postgres,1,insert_emb,-,4827,0,0.005414700
postgres,1,generar_emb,-,4828,0,0.012706200
postgres,1,insert_emb,-,4828,0,0.005068200
postgres,1,generar_emb,-,4829,0,0.012127200
postgres,1,insert_emb,-,4829,0,0.005251300
postgres,1,generar_emb,-,4830,0,0.011092900
postgres,1,insert_emb,-,4830,0,0.005419700
postgres,1,generar_emb,-,4831,0,0.011163100
postgres,1,insert_emb,-,4831,0,0.005259500
postgres,1,generar_emb,-,4832,0,0.011669000
postgres,1,insert_emb,-,4832,0,0.005368300
postgres,1,generar_emb,-,4833,0,0.010793500
postgres,1,insert_emb,-,4833,0,0.005705700
postgres,1,generar_emb,-,4834,0,0.011184200
postgres,1,insert_emb,-,4834,0,0.005144200
postgres,1,generar_emb,-,4835,0,0.010636300
postgres,1,insert_emb,-,4835,0,0.005325700
postgres,1,generar_emb,-,4836,0,0.012445600
postgres,1,insert_emb,-,4836,0,0.005283100
postgres,1,generar_emb,-,4837,0,0.011879600
postgres,1,insert_emb,-,4837,0,0.005177100
postgres,1,generar_emb,-,4838,0,0.012244000
postgres,1,insert_emb,-,4838,0,0.005305300
postgres,1,generar_emb,-,4839,0,0.012980600
postgres,1,insert_emb,-,4839,0,0.005890700
postgres,1,generar_emb,-,4840,0,0.011708400
postgres,1,insert_emb,-,4840,0,0.005663600
postgres,1,generar_emb,-,4841,0,0.011973500
postgres,1,insert_emb,-,4841,0,0.005709100
postgres,1,generar_emb,-,4842,0,0.011376000
postgres,1,insert_emb,-,4842,0,0.005522800
postgres,1,generar_emb,-,4843,0,0.010864000
postgres,1,insert_emb,-,4843,0,0.005535600
postgres,1,generar_emb,-,4844,0,0.010902200
postgres,1,insert_emb,-,4844,0,0.005096500
postgres,1,generar_emb,-,4845,0,0.011918200
postgres,1,insert_emb,-,4845,0,0.005595600
postgres,1,generar_emb,-,4846,0,0.010826500
postgres,1,insert_emb,-,4846,0,0.005209400
postgres,1,generar_emb,-,4847,0,0.011840500
postgres,1,insert_emb,-,4847,0,0.005280300
postgres,1,generar_emb,-,4848,0,0.011418700
postgres,1,insert_emb,-,4848,0,0.005353400
postgres,1,generar_emb,-,4849,0,0.011620600
postgres,1,insert_emb,-,4849,0,0.004999800
postgres,1,generar_emb,-,4850,0,0.011931300
postgres,1,insert_emb,-,4850,0,0.005582600
postgres,1,generar_emb,-,4851,0,0.010829100
postgres,1,insert_emb,-,4851,0,0.005380200
postgres,1,generar_emb,-,4852,0,0.012509900
postgres,1,insert_emb,-,4852,0,0.005438400
postgres,1,generar_emb,-,4853,0,0.012721700
postgres,1,insert_emb,-,4853,0,0.005234600
postgres,1,generar_emb,-,4854,0,0.010786600
postgres,1,insert_emb,-,4854,0,0.006263300
postgres,1,generar_emb,-,4855,0,0.010846500
postgres,1,insert_emb,-,4855,0,0.006064700
postgres,1,generar_emb,-,4856,0,0.011701900
postgres,1,insert_emb,-,4856,0,0.005993200
postgres,1,generar_emb,-,4857,0,0.011710600
postgres,1,insert_emb,-,4857,0,0.005632200
postgres,1,generar_emb,-,4858,0,0.011157600
postgres,1,insert_emb,-,4858,0,0.006032800
postgres,1,generar_emb,-,4859,0,0.011598600
postgres,1,insert_emb,-,4859,0,0.006077300
postgres,1,generar_emb,-,4860,0,0.010457700
postgres,1,insert_emb,-,4860,0,0.005768500
postgres,1,generar_emb,-,4861,0,0.011282100
postgres,1,insert_emb,-,4861,0,0.005240400
postgres,1,generar_emb,-,4862,0,0.012702200
postgres,1,insert_emb,-,4862,0,0.005120300
postgres,1,generar_emb,-,4863,0,0.013525400
postgres,1,insert_emb,-,4863,0,0.005292100
postgres,1,generar_emb,-,4864,0,0.012549600
postgres,1,insert_emb,-,4864,0,0.005543000
postgres,1,generar_emb,-,4865,0,0.013492300
postgres,1,insert_emb,-,4865,0,0.005708500
postgres,1,generar_emb,-,4866,0,0.012570400
postgres,1,insert_emb,-,4866,0,0.005105300
postgres,1,generar_emb,-,4867,0,0.012377000
postgres,1,insert_emb,-,4867,0,0.005388100
postgres,1,generar_emb,-,4868,0,0.013713300
postgres,1,insert_emb,-,4868,0,0.005365100
postgres,1,generar_emb,-,4869,0,0.014634300
postgres,1,insert_emb,-,4869,0,0.005479000
postgres,1,generar_emb,-,4870,0,0.014402300
postgres,1,insert_emb,-,4870,0,0.005466400
postgres,1,generar_emb,-,4871,0,0.013301400
postgres,1,insert_emb,-,4871,0,0.005620000
postgres,1,generar_emb,-,4872,0,0.013399800
postgres,1,insert_emb,-,4872,0,0.005309300
postgres,1,generar_emb,-,4873,0,0.011314800
postgres,1,insert_emb,-,4873,0,0.005376000
postgres,1,generar_emb,-,4874,0,0.012553900
postgres,1,insert_emb,-,4874,0,0.005565300
postgres,1,generar_emb,-,4875,0,0.013466900
postgres,1,insert_emb,-,4875,0,0.005944200
postgres,1,generar_emb,-,4876,0,0.011214400
postgres,1,insert_emb,-,4876,0,0.005120500
postgres,1,generar_emb,-,4877,0,0.012369300
postgres,1,insert_emb,-,4877,0,0.005410100
postgres,1,generar_emb,-,4878,0,0.011254000
postgres,1,insert_emb,-,4878,0,0.005462900
postgres,1,generar_emb,-,4879,0,0.012009300
postgres,1,insert_emb,-,4879,0,0.005049400
postgres,1,generar_emb,-,4880,0,0.012699600
postgres,1,insert_emb,-,4880,0,0.005338300
postgres,1,generar_emb,-,4881,0,0.011286700
postgres,1,insert_emb,-,4881,0,0.005389400
postgres,1,generar_emb,-,4882,0,0.014407800
postgres,1,insert_emb,-,4882,0,0.005360400
postgres,1,generar_emb,-,4883,0,0.011676000
postgres,1,insert_emb,-,4883,0,0.005393600
postgres,1,generar_emb,-,4884,0,0.012158300
postgres,1,insert_emb,-,4884,0,0.005494200
postgres,1,generar_emb,-,4885,0,0.011303300
postgres,1,insert_emb,-,4885,0,0.005743500
postgres,1,generar_emb,-,4886,0,0.012727700
postgres,1,insert_emb,-,4886,0,0.005553400
postgres,1,generar_emb,-,4887,0,0.011383600
postgres,1,insert_emb,-,4887,0,0.005568200
postgres,1,generar_emb,-,4888,0,0.012801800
postgres,1,insert_emb,-,4888,0,0.005144800
postgres,1,generar_emb,-,4889,0,0.012286500
postgres,1,insert_emb,-,4889,0,0.005042900
postgres,1,generar_emb,-,4890,0,0.012357300
postgres,1,insert_emb,-,4890,0,0.005175200
postgres,1,generar_emb,-,4891,0,0.013605000
postgres,1,insert_emb,-,4891,0,0.005582200
postgres,1,generar_emb,-,4892,0,0.011624100
postgres,1,insert_emb,-,4892,0,0.005457300
postgres,1,generar_emb,-,4893,0,0.012884300
postgres,1,insert_emb,-,4893,0,0.005695700
postgres,1,generar_emb,-,4894,0,0.012037500
postgres,1,insert_emb,-,4894,0,0.005392500
postgres,1,generar_emb,-,4895,0,0.012128900
postgres,1,insert_emb,-,4895,0,0.005385100
postgres,1,generar_emb,-,4896,0,0.011568200
postgres,1,insert_emb,-,4896,0,0.005680600
postgres,1,generar_emb,-,4897,0,0.012082900
postgres,1,insert_emb,-,4897,0,0.005450300
postgres,1,generar_emb,-,4898,0,0.012361000
postgres,1,insert_emb,-,4898,0,0.006119700
postgres,1,generar_emb,-,4899,0,0.011648400
postgres,1,insert_emb,-,4899,0,0.005706400
postgres,1,generar_emb,-,4900,0,0.012136600
postgres,1,insert_emb,-,4900,0,0.005540400
postgres,1,generar_emb,-,4901,0,0.012511900
postgres,1,insert_emb,-,4901,0,0.005823700
postgres,1,generar_emb,-,4902,0,0.011526300
postgres,1,insert_emb,-,4902,0,0.005408600
postgres,1,generar_emb,-,4903,0,0.013241900
postgres,1,insert_emb,-,4903,0,0.005726300
postgres,1,generar_emb,-,4904,0,0.012350800
postgres,1,insert_emb,-,4904,0,0.005660900
postgres,1,generar_emb,-,4905,0,0.011480200
postgres,1,insert_emb,-,4905,0,0.005389900
postgres,1,generar_emb,-,4906,0,0.011902300
postgres,1,insert_emb,-,4906,0,0.005237000
postgres,1,generar_emb,-,4907,0,0.011746600
postgres,1,insert_emb,-,4907,0,0.005311000
postgres,1,generar_emb,-,4908,0,0.010699700
postgres,1,insert_emb,-,4908,0,0.005772200
postgres,1,generar_emb,-,4909,0,0.011750500
postgres,1,insert_emb,-,4909,0,0.005737500
postgres,1,generar_emb,-,4910,0,0.012654200
postgres,1,insert_emb,-,4910,0,0.005549500
postgres,1,generar_emb,-,4911,0,0.012148200
postgres,1,insert_emb,-,4911,0,0.005151100
postgres,1,generar_emb,-,4912,0,0.013120000
postgres,1,insert_emb,-,4912,0,0.005090000
postgres,1,generar_emb,-,4913,0,0.012777900
postgres,1,insert_emb,-,4913,0,0.005248200
postgres,1,generar_emb,-,4914,0,0.012355100
postgres,1,insert_emb,-,4914,0,0.005154700
postgres,1,generar_emb,-,4915,0,0.011095500
postgres,1,insert_emb,-,4915,0,0.005560900
postgres,1,generar_emb,-,4916,0,0.011077500
postgres,1,insert_emb,-,4916,0,0.005653500
postgres,1,generar_emb,-,4917,0,0.011895800
postgres,1,insert_emb,-,4917,0,0.005142500
postgres,1,generar_emb,-,4918,0,0.011623900
postgres,1,insert_emb,-,4918,0,0.005293900
postgres,1,generar_emb,-,4919,0,0.011765500
postgres,1,insert_emb,-,4919,0,0.005608600
postgres,1,generar_emb,-,4920,0,0.011712100
postgres,1,insert_emb,-,4920,0,0.005740000
postgres,1,generar_emb,-,4921,0,0.014225900
postgres,1,insert_emb,-,4921,0,0.005418300
postgres,1,generar_emb,-,4922,0,0.013147500
postgres,1,insert_emb,-,4922,0,0.005239900
postgres,1,generar_emb,-,4923,0,0.012760300
postgres,1,insert_emb,-,4923,0,0.005282100
postgres,1,generar_emb,-,4924,0,0.012735200
postgres,1,insert_emb,-,4924,0,0.005427900
postgres,1,generar_emb,-,4925,0,0.013172400
postgres,1,insert_emb,-,4925,0,0.005933600
postgres,1,generar_emb,-,4926,0,0.012628200
postgres,1,insert_emb,-,4926,0,0.005607000
postgres,1,generar_emb,-,4927,0,0.014211700
postgres,1,insert_emb,-,4927,0,0.005112100
postgres,1,generar_emb,-,4928,0,0.013967500
postgres,1,insert_emb,-,4928,0,0.005704200
postgres,1,generar_emb,-,4929,0,0.012696400
postgres,1,insert_emb,-,4929,0,0.005564500
postgres,1,generar_emb,-,4930,0,0.013071200
postgres,1,insert_emb,-,4930,0,0.005447100
postgres,1,generar_emb,-,4931,0,0.013603500
postgres,1,insert_emb,-,4931,0,0.005579400
postgres,1,generar_emb,-,4932,0,0.011715300
postgres,1,insert_emb,-,4932,0,0.005218900
postgres,1,generar_emb,-,4933,0,0.011717400
postgres,1,insert_emb,-,4933,0,0.005378400
postgres,1,generar_emb,-,4934,0,0.011434200
postgres,1,insert_emb,-,4934,0,0.005268800
postgres,1,generar_emb,-,4935,0,0.011910400
postgres,1,insert_emb,-,4935,0,0.005374000
postgres,1,generar_emb,-,4936,0,0.010875900
postgres,1,insert_emb,-,4936,0,0.005387500
postgres,1,generar_emb,-,4937,0,0.012911200
postgres,1,insert_emb,-,4937,0,0.005829200
postgres,1,generar_emb,-,4938,0,0.012718100
postgres,1,insert_emb,-,4938,0,0.005141000
postgres,1,generar_emb,-,4939,0,0.011587500
postgres,1,insert_emb,-,4939,0,0.005181200
postgres,1,generar_emb,-,4940,0,0.012582900
postgres,1,insert_emb,-,4940,0,0.005493600
postgres,1,generar_emb,-,4941,0,0.012213900
postgres,1,insert_emb,-,4941,0,0.005265600
postgres,1,generar_emb,-,4942,0,0.012553600
postgres,1,insert_emb,-,4942,0,0.005178500
postgres,1,generar_emb,-,4943,0,0.012378600
postgres,1,insert_emb,-,4943,0,0.005339700
postgres,1,generar_emb,-,4944,0,0.011721500
postgres,1,insert_emb,-,4944,0,0.005159600
postgres,1,generar_emb,-,4945,0,0.011202200
postgres,1,insert_emb,-,4945,0,0.005311900
postgres,1,generar_emb,-,4946,0,0.011240500
postgres,1,insert_emb,-,4946,0,0.005317500
postgres,1,generar_emb,-,4947,0,0.010564500
postgres,1,insert_emb,-,4947,0,0.005312100
postgres,1,generar_emb,-,4948,0,0.011489400
postgres,1,insert_emb,-,4948,0,0.005649800
postgres,1,generar_emb,-,4949,0,0.010407100
postgres,1,insert_emb,-,4949,0,0.005770200
postgres,1,generar_emb,-,4950,0,0.012286900
postgres,1,insert_emb,-,4950,0,0.005527700
postgres,1,generar_emb,-,4951,0,0.012324400
postgres,1,insert_emb,-,4951,0,0.005845700
postgres,1,generar_emb,-,4952,0,0.014333800
postgres,1,insert_emb,-,4952,0,0.006005800
postgres,1,generar_emb,-,4953,0,0.011850800
postgres,1,insert_emb,-,4953,0,0.005752500
postgres,1,generar_emb,-,4954,0,0.011193700
postgres,1,insert_emb,-,4954,0,0.005779700
postgres,1,generar_emb,-,4955,0,0.010894300
postgres,1,insert_emb,-,4955,0,0.005494400
postgres,1,generar_emb,-,4956,0,0.013481100
postgres,1,insert_emb,-,4956,0,0.005581100
postgres,1,generar_emb,-,4957,0,0.012416500
postgres,1,insert_emb,-,4957,0,0.005125800
postgres,1,generar_emb,-,4958,0,0.011922800
postgres,1,insert_emb,-,4958,0,0.005170900
postgres,1,generar_emb,-,4959,0,0.012620200
postgres,1,insert_emb,-,4959,0,0.005457200
postgres,1,generar_emb,-,4960,0,0.011857800
postgres,1,insert_emb,-,4960,0,0.005472300
postgres,1,generar_emb,-,4961,0,0.011912100
postgres,1,insert_emb,-,4961,0,0.005378100
postgres,1,generar_emb,-,4962,0,0.010830700
postgres,1,insert_emb,-,4962,0,0.005149000
postgres,1,generar_emb,-,4963,0,0.011678800
postgres,1,insert_emb,-,4963,0,0.005365000
postgres,1,generar_emb,-,4964,0,0.012975000
postgres,1,insert_emb,-,4964,0,0.005479500
postgres,1,generar_emb,-,4965,0,0.012576800
postgres,1,insert_emb,-,4965,0,0.005436800
postgres,1,generar_emb,-,4966,0,0.011719700
postgres,1,insert_emb,-,4966,0,0.005730800
postgres,1,generar_emb,-,4967,0,0.012998000
postgres,1,insert_emb,-,4967,0,0.005366500
postgres,1,generar_emb,-,4968,0,0.013469400
postgres,1,insert_emb,-,4968,0,0.004953200
postgres,1,generar_emb,-,4969,0,0.012771300
postgres,1,insert_emb,-,4969,0,0.005116200
postgres,1,generar_emb,-,4970,0,0.012586500
postgres,1,insert_emb,-,4970,0,0.005584200
postgres,1,generar_emb,-,4971,0,0.012295400
postgres,1,insert_emb,-,4971,0,0.005090700
postgres,1,generar_emb,-,4972,0,0.013014800
postgres,1,insert_emb,-,4972,0,0.005188300
postgres,1,generar_emb,-,4973,0,0.012525700
postgres,1,insert_emb,-,4973,0,0.005381800
postgres,1,generar_emb,-,4974,0,0.013463100
postgres,1,insert_emb,-,4974,0,0.005410200
postgres,1,generar_emb,-,4975,0,0.013138100
postgres,1,insert_emb,-,4975,0,0.005759700
postgres,1,generar_emb,-,4976,0,0.012185700
postgres,1,insert_emb,-,4976,0,0.005248500
postgres,1,generar_emb,-,4977,0,0.011547400
postgres,1,insert_emb,-,4977,0,0.005341300
postgres,1,generar_emb,-,4978,0,0.011848200
postgres,1,insert_emb,-,4978,0,0.005272300
postgres,1,generar_emb,-,4979,0,0.011600200
postgres,1,insert_emb,-,4979,0,0.005426600
postgres,1,generar_emb,-,4980,0,0.015331100
postgres,1,insert_emb,-,4980,0,0.005404900
postgres,1,generar_emb,-,4981,0,0.013216700
postgres,1,insert_emb,-,4981,0,0.005026400
postgres,1,generar_emb,-,4982,0,0.011595300
postgres,1,insert_emb,-,4982,0,0.005017000
postgres,1,generar_emb,-,4983,0,0.015020900
postgres,1,insert_emb,-,4983,0,0.005460200
postgres,1,generar_emb,-,4984,0,0.012867600
postgres,1,insert_emb,-,4984,0,0.005601200
postgres,1,generar_emb,-,4985,0,0.015185500
postgres,1,insert_emb,-,4985,0,0.005506000
postgres,1,generar_emb,-,4986,0,0.016033600
postgres,1,insert_emb,-,4986,0,0.005945900
postgres,1,generar_emb,-,4987,0,0.012841000
postgres,1,insert_emb,-,4987,0,0.005053000
postgres,1,generar_emb,-,4988,0,0.013041600
postgres,1,insert_emb,-,4988,0,0.005447500
postgres,1,generar_emb,-,4989,0,0.013081500
postgres,1,insert_emb,-,4989,0,0.005383100
postgres,1,generar_emb,-,4990,0,0.012472600
postgres,1,insert_emb,-,4990,0,0.005446200
postgres,1,generar_emb,-,4991,0,0.016200700
postgres,1,insert_emb,-,4991,0,0.005416800
postgres,1,generar_emb,-,4992,0,0.013887400
postgres,1,insert_emb,-,4992,0,0.005191700
postgres,1,generar_emb,-,4993,0,0.012122100
postgres,1,insert_emb,-,4993,0,0.005433000
postgres,1,generar_emb,-,4994,0,0.013208900
postgres,1,insert_emb,-,4994,0,0.005175500
postgres,1,generar_emb,-,4995,0,0.012363300
postgres,1,insert_emb,-,4995,0,0.005546000
postgres,1,generar_emb,-,4996,0,0.011140500
postgres,1,insert_emb,-,4996,0,0.005149400
postgres,1,generar_emb,-,4997,0,0.011808400
postgres,1,insert_emb,-,4997,0,0.005422900
postgres,1,generar_emb,-,4998,0,0.014808700
postgres,1,insert_emb,-,4998,0,0.005035500
postgres,1,generar_emb,-,4999,0,0.014723100
postgres,1,insert_emb,-,4999,0,0.005065300
postgres,1,generar_emb,-,5000,0,0.012768500
postgres,1,insert_emb,-,5000,0,0.006009300
postgres,1,generar_emb,-,5001,0,0.011339100
postgres,1,insert_emb,-,5001,0,0.005332200
postgres,1,generar_emb,-,5002,0,0.011463200
postgres,1,insert_emb,-,5002,0,0.005347900
postgres,1,generar_emb,-,5003,0,0.010744700
postgres,1,insert_emb,-,5003,0,0.004900700
postgres,1,generar_emb,-,5004,0,0.012914900
postgres,1,insert_emb,-,5004,0,0.005197500
postgres,1,generar_emb,-,5005,0,0.011973500
postgres,1,insert_emb,-,5005,0,0.005649000
postgres,1,generar_emb,-,5006,0,0.011805800
postgres,1,insert_emb,-,5006,0,0.005469400
postgres,1,generar_emb,-,5007,0,0.013221100
postgres,1,insert_emb,-,5007,0,0.005484300
postgres,1,generar_emb,-,5008,0,0.011829100
postgres,1,insert_emb,-,5008,0,0.005209600
postgres,1,generar_emb,-,5009,0,0.012937200
postgres,1,insert_emb,-,5009,0,0.005580500
postgres,1,generar_emb,-,5010,0,0.010945500
postgres,1,insert_emb,-,5010,0,0.005570900
postgres,1,generar_emb,-,5011,0,0.012138000
postgres,1,insert_emb,-,5011,0,0.005393800
postgres,1,generar_emb,-,5012,0,0.012944500
postgres,1,insert_emb,-,5012,0,0.005114600
postgres,1,generar_emb,-,5013,0,0.012238000
postgres,1,insert_emb,-,5013,0,0.005212600
postgres,1,generar_emb,-,5014,0,0.012278800
postgres,1,insert_emb,-,5014,0,0.005389500
postgres,1,generar_emb,-,5015,0,0.013035200
postgres,1,insert_emb,-,5015,0,0.005353300
postgres,1,generar_emb,-,5016,0,0.012924900
postgres,1,insert_emb,-,5016,0,0.005043800
postgres,1,generar_emb,-,5017,0,0.012190200
postgres,1,insert_emb,-,5017,0,0.005066700
postgres,1,generar_emb,-,5018,0,0.011758400
postgres,1,insert_emb,-,5018,0,0.004947600
postgres,1,generar_emb,-,5019,0,0.013117100
postgres,1,insert_emb,-,5019,0,0.005182600
postgres,1,generar_emb,-,5020,0,0.010558300
postgres,1,insert_emb,-,5020,0,0.005336300
postgres,1,generar_emb,-,5021,0,0.011365900
postgres,1,insert_emb,-,5021,0,0.005323200
postgres,1,generar_emb,-,5022,0,0.012293300
postgres,1,insert_emb,-,5022,0,0.005442600
postgres,1,generar_emb,-,5023,0,0.011902100
postgres,1,insert_emb,-,5023,0,0.005684800
postgres,1,generar_emb,-,5024,0,0.011097200
postgres,1,insert_emb,-,5024,0,0.005225800
postgres,1,generar_emb,-,5025,0,0.011173200
postgres,1,insert_emb,-,5025,0,0.005447400
postgres,1,generar_emb,-,5026,0,0.011762500
postgres,1,insert_emb,-,5026,0,0.005310000
postgres,1,generar_emb,-,5027,0,0.012144400
postgres,1,insert_emb,-,5027,0,0.005392600
postgres,1,generar_emb,-,5028,0,0.011874600
postgres,1,insert_emb,-,5028,0,0.005578100
postgres,1,generar_emb,-,5029,0,0.011222700
postgres,1,insert_emb,-,5029,0,0.005839400
postgres,1,generar_emb,-,5030,0,0.011649300
postgres,1,insert_emb,-,5030,0,0.005932800
postgres,1,generar_emb,-,5031,0,0.010976000
postgres,1,insert_emb,-,5031,0,0.006066300
postgres,1,generar_emb,-,5032,0,0.012541200
postgres,1,insert_emb,-,5032,0,0.005610300
postgres,1,generar_emb,-,5033,0,0.013029200
postgres,1,insert_emb,-,5033,0,0.005206600
postgres,1,generar_emb,-,5034,0,0.012684800
postgres,1,insert_emb,-,5034,0,0.005422400
postgres,1,generar_emb,-,5035,0,0.014150200
postgres,1,insert_emb,-,5035,0,0.006258900
postgres,1,generar_emb,-,5036,0,0.012579000
postgres,1,insert_emb,-,5036,0,0.005315800
postgres,1,generar_emb,-,5037,0,0.014429500
postgres,1,insert_emb,-,5037,0,0.005360200
postgres,1,generar_emb,-,5038,0,0.012796300
postgres,1,insert_emb,-,5038,0,0.005574400
postgres,1,generar_emb,-,5039,0,0.012351100
postgres,1,insert_emb,-,5039,0,0.006069300
postgres,1,generar_emb,-,5040,0,0.013542900
postgres,1,insert_emb,-,5040,0,0.005242800
postgres,1,generar_emb,-,5041,0,0.014045600
postgres,1,insert_emb,-,5041,0,0.005111400
postgres,1,generar_emb,-,5042,0,0.012770900
postgres,1,insert_emb,-,5042,0,0.005049700
postgres,1,generar_emb,-,5043,0,0.013289000
postgres,1,insert_emb,-,5043,0,0.005137200
postgres,1,generar_emb,-,5044,0,0.014000600
postgres,1,insert_emb,-,5044,0,0.005409400
postgres,1,generar_emb,-,5045,0,0.012605200
postgres,1,insert_emb,-,5045,0,0.005937300
postgres,1,generar_emb,-,5046,0,0.013037000
postgres,1,insert_emb,-,5046,0,0.005374200
postgres,1,generar_emb,-,5047,0,0.012057100
postgres,1,insert_emb,-,5047,0,0.005279400
postgres,1,generar_emb,-,5048,0,0.013474400
postgres,1,insert_emb,-,5048,0,0.006454500
postgres,1,generar_emb,-,5049,0,0.012849500
postgres,1,insert_emb,-,5049,0,0.005746000
postgres,1,generar_emb,-,5050,0,0.014992400
postgres,1,insert_emb,-,5050,0,0.005739800
postgres,1,generar_emb,-,5051,0,0.014544000
postgres,1,insert_emb,-,5051,0,0.005404400
postgres,1,generar_emb,-,5052,0,0.014371900
postgres,1,insert_emb,-,5052,0,0.005746000
postgres,1,generar_emb,-,5053,0,0.014949700
postgres,1,insert_emb,-,5053,0,0.006319800
postgres,1,generar_emb,-,5054,0,0.011337900
postgres,1,insert_emb,-,5054,0,0.005959200
postgres,1,generar_emb,-,5055,0,0.012605900
postgres,1,insert_emb,-,5055,0,0.006142800
postgres,1,generar_emb,-,5056,0,0.013966800
postgres,1,insert_emb,-,5056,0,0.006001500
postgres,1,generar_emb,-,5057,0,0.016101100
postgres,1,insert_emb,-,5057,0,0.005786400
postgres,1,generar_emb,-,5058,0,0.013633300
postgres,1,insert_emb,-,5058,0,0.006562900
postgres,1,generar_emb,-,5059,0,0.020280100
postgres,1,insert_emb,-,5059,0,0.006833500
postgres,1,generar_emb,-,5060,0,0.020882600
postgres,1,insert_emb,-,5060,0,0.007721700
postgres,1,generar_emb,-,5061,0,0.019285400
postgres,1,insert_emb,-,5061,0,0.006948600
postgres,1,generar_emb,-,5062,0,0.021695200
postgres,1,insert_emb,-,5062,0,0.006980900
postgres,1,generar_emb,-,5063,0,0.014949400
postgres,1,insert_emb,-,5063,0,0.005688800
postgres,1,generar_emb,-,5064,0,0.014338300
postgres,1,insert_emb,-,5064,0,0.006418000
postgres,1,generar_emb,-,5065,0,0.015023000
postgres,1,insert_emb,-,5065,0,0.005702600
postgres,1,generar_emb,-,5066,0,0.013728200
postgres,1,insert_emb,-,5066,0,0.005278800
postgres,1,generar_emb,-,5067,0,0.012579100
postgres,1,insert_emb,-,5067,0,0.005218200
postgres,1,generar_emb,-,5068,0,0.013892400
postgres,1,insert_emb,-,5068,0,0.005874100
postgres,1,generar_emb,-,5069,0,0.012383300
postgres,1,insert_emb,-,5069,0,0.005714900
postgres,1,generar_emb,-,5070,0,0.014777400
postgres,1,insert_emb,-,5070,0,0.007001700
postgres,1,generar_emb,-,5071,0,0.015118300
postgres,1,insert_emb,-,5071,0,0.006095000
postgres,1,generar_emb,-,5072,0,0.014543700
postgres,1,insert_emb,-,5072,0,0.006191700
postgres,1,generar_emb,-,5073,0,0.016861700
postgres,1,insert_emb,-,5073,0,0.006545700
postgres,1,generar_emb,-,5074,0,0.020046500
postgres,1,insert_emb,-,5074,0,0.007116700
postgres,1,generar_emb,-,5075,0,0.025824000
postgres,1,insert_emb,-,5075,0,0.007311300
postgres,1,generar_emb,-,5076,0,0.019072700
postgres,1,insert_emb,-,5076,0,0.007018600
postgres,1,generar_emb,-,5077,0,0.017209400
postgres,1,insert_emb,-,5077,0,0.005457000
postgres,1,generar_emb,-,5078,0,0.012190400
postgres,1,insert_emb,-,5078,0,0.005393600
postgres,1,generar_emb,-,5079,0,0.013003100
postgres,1,insert_emb,-,5079,0,0.005508200
postgres,1,generar_emb,-,5080,0,0.012393500
postgres,1,insert_emb,-,5080,0,0.006330900
postgres,1,generar_emb,-,5081,0,0.011133400
postgres,1,insert_emb,-,5081,0,0.006135000
postgres,1,generar_emb,-,5082,0,0.012552300
postgres,1,insert_emb,-,5082,0,0.005981500
postgres,1,generar_emb,-,5083,0,0.014282300
postgres,1,insert_emb,-,5083,0,0.005535000
postgres,1,generar_emb,-,5084,0,0.012516700
postgres,1,insert_emb,-,5084,0,0.005706800
postgres,1,generar_emb,-,5085,0,0.014558900
postgres,1,insert_emb,-,5085,0,0.005328900
postgres,1,generar_emb,-,5086,0,0.013814800
postgres,1,insert_emb,-,5086,0,0.004923000
postgres,1,generar_emb,-,5087,0,0.012963500
postgres,1,insert_emb,-,5087,0,0.005602500
postgres,1,generar_emb,-,5088,0,0.013406800
postgres,1,insert_emb,-,5088,0,0.005490100
postgres,1,generar_emb,-,5089,0,0.011537000
postgres,1,insert_emb,-,5089,0,0.005145900
postgres,1,generar_emb,-,5090,0,0.013625800
postgres,1,insert_emb,-,5090,0,0.005477800
postgres,1,generar_emb,-,5091,0,0.012396600
postgres,1,insert_emb,-,5091,0,0.005297900
postgres,1,generar_emb,-,5092,0,0.013425400
postgres,1,insert_emb,-,5092,0,0.005455900
postgres,1,generar_emb,-,5093,0,0.011469400
postgres,1,insert_emb,-,5093,0,0.005686600
postgres,1,generar_emb,-,5094,0,0.010893400
postgres,1,insert_emb,-,5094,0,0.005251800
postgres,1,generar_emb,-,5095,0,0.011841100
postgres,1,insert_emb,-,5095,0,0.005739200
postgres,1,generar_emb,-,5096,0,0.011088100
postgres,1,insert_emb,-,5096,0,0.005282400
postgres,1,generar_emb,-,5097,0,0.012891000
postgres,1,insert_emb,-,5097,0,0.005347000
postgres,1,generar_emb,-,5098,0,0.011694100
postgres,1,insert_emb,-,5098,0,0.005259600
postgres,1,generar_emb,-,5099,0,0.013431700
postgres,1,insert_emb,-,5099,0,0.005216000
postgres,1,generar_emb,-,5100,0,0.012026000
postgres,1,insert_emb,-,5100,0,0.005230000
postgres,1,generar_emb,-,5101,0,0.011180100
postgres,1,insert_emb,-,5101,0,0.005268700
postgres,1,generar_emb,-,5102,0,0.016951500
postgres,1,insert_emb,-,5102,0,0.005644400
postgres,1,generar_emb,-,5103,0,0.013504500
postgres,1,insert_emb,-,5103,0,0.005747100
postgres,1,generar_emb,-,5104,0,0.013515900
postgres,1,insert_emb,-,5104,0,0.005760100
postgres,1,generar_emb,-,5105,0,0.013212100
postgres,1,insert_emb,-,5105,0,0.005865400
postgres,1,generar_emb,-,5106,0,0.013913700
postgres,1,insert_emb,-,5106,0,0.005368600
postgres,1,generar_emb,-,5107,0,0.013101500
postgres,1,insert_emb,-,5107,0,0.005575700
postgres,1,generar_emb,-,5108,0,0.012927800
postgres,1,insert_emb,-,5108,0,0.005478400
postgres,1,generar_emb,-,5109,0,0.014646700
postgres,1,insert_emb,-,5109,0,0.005638400
postgres,1,generar_emb,-,5110,0,0.014690200
postgres,1,insert_emb,-,5110,0,0.005730600
postgres,1,generar_emb,-,5111,0,0.012746600
postgres,1,insert_emb,-,5111,0,0.005404800
postgres,1,generar_emb,-,5112,0,0.012628600
postgres,1,insert_emb,-,5112,0,0.005346800
postgres,1,generar_emb,-,5113,0,0.013117600
postgres,1,insert_emb,-,5113,0,0.005610600
postgres,1,generar_emb,-,5114,0,0.013179000
postgres,1,insert_emb,-,5114,0,0.006636200
postgres,1,generar_emb,-,5115,0,0.017630600
postgres,1,insert_emb,-,5115,0,0.005693400
postgres,1,generar_emb,-,5116,0,0.013799500
postgres,1,insert_emb,-,5116,0,0.005661500
postgres,1,generar_emb,-,5117,0,0.014258300
postgres,1,insert_emb,-,5117,0,0.005645500
postgres,1,generar_emb,-,5118,0,0.012993600
postgres,1,insert_emb,-,5118,0,0.006212900
postgres,1,generar_emb,-,5119,0,0.011929500
postgres,1,insert_emb,-,5119,0,0.005837000
postgres,1,generar_emb,-,5120,0,0.015254900
postgres,1,insert_emb,-,5120,0,0.005804800
postgres,1,generar_emb,-,5121,0,0.012225300
postgres,1,insert_emb,-,5121,0,0.006335100
postgres,1,generar_emb,-,5122,0,0.012857800
postgres,1,insert_emb,-,5122,0,0.005770000
postgres,1,generar_emb,-,5123,0,0.012978300
postgres,1,insert_emb,-,5123,0,0.005843100
postgres,1,generar_emb,-,5124,0,0.013641500
postgres,1,insert_emb,-,5124,0,0.005587900
postgres,1,generar_emb,-,5125,0,0.012316100
postgres,1,insert_emb,-,5125,0,0.005399500
postgres,1,generar_emb,-,5126,0,0.014146500
postgres,1,insert_emb,-,5126,0,0.005593800
postgres,1,generar_emb,-,5127,0,0.013745400
postgres,1,insert_emb,-,5127,0,0.005552600
postgres,1,generar_emb,-,5128,0,0.012631700
postgres,1,insert_emb,-,5128,0,0.005279100
postgres,1,generar_emb,-,5129,0,0.012318700
postgres,1,insert_emb,-,5129,0,0.005865800
postgres,1,generar_emb,-,5130,0,0.013724800
postgres,1,insert_emb,-,5130,0,0.005477000
postgres,1,generar_emb,-,5131,0,0.013908900
postgres,1,insert_emb,-,5131,0,0.005214300
postgres,1,generar_emb,-,5132,0,0.013023200
postgres,1,insert_emb,-,5132,0,0.005369600
postgres,1,generar_emb,-,5133,0,0.016105400
postgres,1,insert_emb,-,5133,0,0.005254300
postgres,1,generar_emb,-,5134,0,0.010470900
postgres,1,insert_emb,-,5134,0,0.005223400
postgres,1,generar_emb,-,5135,0,0.012295000
postgres,1,insert_emb,-,5135,0,0.005513500
postgres,1,generar_emb,-,5136,0,0.010947500
postgres,1,insert_emb,-,5136,0,0.005324300
postgres,1,generar_emb,-,5137,0,0.016411100
postgres,1,insert_emb,-,5137,0,0.005349600
postgres,1,generar_emb,-,5138,0,0.011937400
postgres,1,insert_emb,-,5138,0,0.005441200
postgres,1,generar_emb,-,5139,0,0.013334400
postgres,1,insert_emb,-,5139,0,0.005261500
postgres,1,generar_emb,-,5140,0,0.017526000
postgres,1,insert_emb,-,5140,0,0.006006900
postgres,1,generar_emb,-,5141,0,0.013601300
postgres,1,insert_emb,-,5141,0,0.005993500
postgres,1,generar_emb,-,5142,0,0.012836300
postgres,1,insert_emb,-,5142,0,0.005044900
postgres,1,generar_emb,-,5143,0,0.011577700
postgres,1,insert_emb,-,5143,0,0.005354000
postgres,1,generar_emb,-,5144,0,0.014898500
postgres,1,insert_emb,-,5144,0,0.005508300
postgres,1,generar_emb,-,5145,0,0.015033500
postgres,1,insert_emb,-,5145,0,0.005658300
postgres,1,generar_emb,-,5146,0,0.013658700
postgres,1,insert_emb,-,5146,0,0.005631800
postgres,1,generar_emb,-,5147,0,0.012282800
postgres,1,insert_emb,-,5147,0,0.005609100
postgres,1,generar_emb,-,5148,0,0.012835800
postgres,1,insert_emb,-,5148,0,0.006463500
postgres,1,generar_emb,-,5149,0,0.015209200
postgres,1,insert_emb,-,5149,0,0.005764800
postgres,1,generar_emb,-,5150,0,0.012875600
postgres,1,insert_emb,-,5150,0,0.005467200
postgres,1,generar_emb,-,5151,0,0.014163100
postgres,1,insert_emb,-,5151,0,0.006105000
postgres,1,generar_emb,-,5152,0,0.014989200
postgres,1,insert_emb,-,5152,0,0.005229400
postgres,1,generar_emb,-,5153,0,0.016202100
postgres,1,insert_emb,-,5153,0,0.006057900
postgres,1,generar_emb,-,5154,0,0.011271500
postgres,1,insert_emb,-,5154,0,0.005252700
postgres,1,generar_emb,-,5155,0,0.014901600
postgres,1,insert_emb,-,5155,0,0.005943000
postgres,1,generar_emb,-,5156,0,0.012215300
postgres,1,insert_emb,-,5156,0,0.005310400
postgres,1,generar_emb,-,5157,0,0.012560700
postgres,1,insert_emb,-,5157,0,0.005198100
postgres,1,generar_emb,-,5158,0,0.016964600
postgres,1,insert_emb,-,5158,0,0.005961400
postgres,1,generar_emb,-,5159,0,0.014560800
postgres,1,insert_emb,-,5159,0,0.005698200
postgres,1,generar_emb,-,5160,0,0.012930300
postgres,1,insert_emb,-,5160,0,0.005454300
postgres,1,generar_emb,-,5161,0,0.012150700
postgres,1,insert_emb,-,5161,0,0.005808800
postgres,1,generar_emb,-,5162,0,0.012362300
postgres,1,insert_emb,-,5162,0,0.005346900
postgres,1,generar_emb,-,5163,0,0.015074900
postgres,1,insert_emb,-,5163,0,0.005795000
postgres,1,generar_emb,-,5164,0,0.017289600
postgres,1,insert_emb,-,5164,0,0.006085100
postgres,1,generar_emb,-,5165,0,0.013353100
postgres,1,insert_emb,-,5165,0,0.006073200
postgres,1,generar_emb,-,5166,0,0.016553900
postgres,1,insert_emb,-,5166,0,0.006753400
postgres,1,generar_emb,-,5167,0,0.014783100
postgres,1,insert_emb,-,5167,0,0.005840400
postgres,1,generar_emb,-,5168,0,0.014161800
postgres,1,insert_emb,-,5168,0,0.005589400
postgres,1,generar_emb,-,5169,0,0.018055600
postgres,1,insert_emb,-,5169,0,0.005695900
postgres,1,generar_emb,-,5170,0,0.013483500
postgres,1,insert_emb,-,5170,0,0.005482500
postgres,1,generar_emb,-,5171,0,0.014988300
postgres,1,insert_emb,-,5171,0,0.006641200
postgres,1,generar_emb,-,5172,0,0.016820700
postgres,1,insert_emb,-,5172,0,0.005659400
postgres,1,generar_emb,-,5173,0,0.012239300
postgres,1,insert_emb,-,5173,0,0.005353600
postgres,1,generar_emb,-,5174,0,0.012254700
postgres,1,insert_emb,-,5174,0,0.005669000
postgres,1,generar_emb,-,5175,0,0.014464700
postgres,1,insert_emb,-,5175,0,0.005620300
postgres,1,generar_emb,-,5176,0,0.011319900
postgres,1,insert_emb,-,5176,0,0.005188900
postgres,1,generar_emb,-,5177,0,0.013076500
postgres,1,insert_emb,-,5177,0,0.005198800
postgres,1,generar_emb,-,5178,0,0.011157100
postgres,1,insert_emb,-,5178,0,0.005399500
postgres,1,generar_emb,-,5179,0,0.013769900
postgres,1,insert_emb,-,5179,0,0.005478200
postgres,1,generar_emb,-,5180,0,0.014169200
postgres,1,insert_emb,-,5180,0,0.005393500
postgres,1,generar_emb,-,5181,0,0.011743300
postgres,1,insert_emb,-,5181,0,0.005224500
postgres,1,generar_emb,-,5182,0,0.012783200
postgres,1,insert_emb,-,5182,0,0.004885200
postgres,1,generar_emb,-,5183,0,0.012322100
postgres,1,insert_emb,-,5183,0,0.004985400
postgres,1,generar_emb,-,5184,0,0.012182500
postgres,1,insert_emb,-,5184,0,0.005033000
postgres,1,generar_emb,-,5185,0,0.013199300
postgres,1,insert_emb,-,5185,0,0.005457400
postgres,1,generar_emb,-,5186,0,0.013362300
postgres,1,insert_emb,-,5186,0,0.005668500
postgres,1,generar_emb,-,5187,0,0.015673200
postgres,1,insert_emb,-,5187,0,0.005710300
postgres,1,generar_emb,-,5188,0,0.016132400
postgres,1,insert_emb,-,5188,0,0.005007100
postgres,1,generar_emb,-,5189,0,0.011267800
postgres,1,insert_emb,-,5189,0,0.005147200
postgres,1,generar_emb,-,5190,0,0.013068400
postgres,1,insert_emb,-,5190,0,0.005251000
postgres,1,generar_emb,-,5191,0,0.015727400
postgres,1,insert_emb,-,5191,0,0.005282200
postgres,1,generar_emb,-,5192,0,0.012563800
postgres,1,insert_emb,-,5192,0,0.005740600
postgres,1,generar_emb,-,5193,0,0.014550800
postgres,1,insert_emb,-,5193,0,0.005438900
postgres,1,generar_emb,-,5194,0,0.013758900
postgres,1,insert_emb,-,5194,0,0.005503200
postgres,1,generar_emb,-,5195,0,0.013022900
postgres,1,insert_emb,-,5195,0,0.005378600
postgres,1,generar_emb,-,5196,0,0.013610400
postgres,1,insert_emb,-,5196,0,0.005231800
postgres,1,generar_emb,-,5197,0,0.012800900
postgres,1,insert_emb,-,5197,0,0.005424900
postgres,1,generar_emb,-,5198,0,0.011847200
postgres,1,insert_emb,-,5198,0,0.005300900
postgres,1,generar_emb,-,5199,0,0.010546500
postgres,1,insert_emb,-,5199,0,0.005209000
postgres,1,generar_emb,-,5200,0,0.012977800
postgres,1,insert_emb,-,5200,0,0.005868100
postgres,1,generar_emb,-,5201,0,0.014300600
postgres,1,insert_emb,-,5201,0,0.005576900
postgres,1,generar_emb,-,5202,0,0.012437400
postgres,1,insert_emb,-,5202,0,0.005547900
postgres,1,generar_emb,-,5203,0,0.012170200
postgres,1,insert_emb,-,5203,0,0.005483300
postgres,1,generar_emb,-,5204,0,0.012805000
postgres,1,insert_emb,-,5204,0,0.005627800
postgres,1,generar_emb,-,5205,0,0.012143400
postgres,1,insert_emb,-,5205,0,0.005704900
postgres,1,generar_emb,-,5206,0,0.011493300
postgres,1,insert_emb,-,5206,0,0.005053700
postgres,1,generar_emb,-,5207,0,0.011367600
postgres,1,insert_emb,-,5207,0,0.005296600
postgres,1,generar_emb,-,5208,0,0.012098900
postgres,1,insert_emb,-,5208,0,0.005207500
postgres,1,generar_emb,-,5209,0,0.010802200
postgres,1,insert_emb,-,5209,0,0.005368300
postgres,1,generar_emb,-,5210,0,0.012239200
postgres,1,insert_emb,-,5210,0,0.005680500
postgres,1,generar_emb,-,5211,0,0.013652400
postgres,1,insert_emb,-,5211,0,0.005512100
postgres,1,generar_emb,-,5212,0,0.011685500
postgres,1,insert_emb,-,5212,0,0.005241700
postgres,1,generar_emb,-,5213,0,0.010777400
postgres,1,insert_emb,-,5213,0,0.005022400
postgres,1,generar_emb,-,5214,0,0.010834500
postgres,1,insert_emb,-,5214,0,0.005267400
postgres,1,generar_emb,-,5215,0,0.011007400
postgres,1,insert_emb,-,5215,0,0.005137600
postgres,1,generar_emb,-,5216,0,0.012330500
postgres,1,insert_emb,-,5216,0,0.004933100
postgres,1,generar_emb,-,5217,0,0.011203400
postgres,1,insert_emb,-,5217,0,0.005086500
postgres,1,generar_emb,-,5218,0,0.011570600
postgres,1,insert_emb,-,5218,0,0.005229200
postgres,1,generar_emb,-,5219,0,0.010858500
postgres,1,insert_emb,-,5219,0,0.005211000
postgres,1,generar_emb,-,5220,0,0.011340500
postgres,1,insert_emb,-,5220,0,0.005471500
postgres,1,generar_emb,-,5221,0,0.013712800
postgres,1,insert_emb,-,5221,0,0.005268800
postgres,1,generar_emb,-,5222,0,0.011407100
postgres,1,insert_emb,-,5222,0,0.005195500
postgres,1,generar_emb,-,5223,0,0.012041400
postgres,1,insert_emb,-,5223,0,0.005129300
postgres,1,generar_emb,-,5224,0,0.012611100
postgres,1,insert_emb,-,5224,0,0.005903700
postgres,1,generar_emb,-,5225,0,0.013558200
postgres,1,insert_emb,-,5225,0,0.006303200
postgres,1,generar_emb,-,5226,0,0.013624200
postgres,1,insert_emb,-,5226,0,0.005360400
postgres,1,generar_emb,-,5227,0,0.011914900
postgres,1,insert_emb,-,5227,0,0.005013300
postgres,1,generar_emb,-,5228,0,0.011969200
postgres,1,insert_emb,-,5228,0,0.005068600
postgres,1,generar_emb,-,5229,0,0.011428200
postgres,1,insert_emb,-,5229,0,0.005173600
postgres,1,generar_emb,-,5230,0,0.012311900
postgres,1,insert_emb,-,5230,0,0.005425300
postgres,1,generar_emb,-,5231,0,0.011081300
postgres,1,insert_emb,-,5231,0,0.005215300
postgres,1,generar_emb,-,5232,0,0.011807000
postgres,1,insert_emb,-,5232,0,0.005104000
postgres,1,generar_emb,-,5233,0,0.011287300
postgres,1,insert_emb,-,5233,0,0.005147500
postgres,1,generar_emb,-,5234,0,0.014037800
postgres,1,insert_emb,-,5234,0,0.005812300
postgres,1,generar_emb,-,5235,0,0.011644000
postgres,1,insert_emb,-,5235,0,0.005524400
postgres,1,generar_emb,-,5236,0,0.011170700
postgres,1,insert_emb,-,5236,0,0.005247900
postgres,1,generar_emb,-,5237,0,0.013494700
postgres,1,insert_emb,-,5237,0,0.005086600
postgres,1,generar_emb,-,5238,0,0.013297200
postgres,1,insert_emb,-,5238,0,0.005366400
postgres,1,generar_emb,-,5239,0,0.012444200
postgres,1,insert_emb,-,5239,0,0.005574300
postgres,1,generar_emb,-,5240,0,0.011780600
postgres,1,insert_emb,-,5240,0,0.005599100
postgres,1,generar_emb,-,5241,0,0.012013300
postgres,1,insert_emb,-,5241,0,0.005149200
postgres,1,generar_emb,-,5242,0,0.014276800
postgres,1,insert_emb,-,5242,0,0.005389100
postgres,1,generar_emb,-,5243,0,0.011815100
postgres,1,insert_emb,-,5243,0,0.005359300
postgres,1,generar_emb,-,5244,0,0.011843500
postgres,1,insert_emb,-,5244,0,0.005217100
postgres,1,generar_emb,-,5245,0,0.014145100
postgres,1,insert_emb,-,5245,0,0.005531100
postgres,1,generar_emb,-,5246,0,0.013387900
postgres,1,insert_emb,-,5246,0,0.005459300
postgres,1,generar_emb,-,5247,0,0.013174500
postgres,1,insert_emb,-,5247,0,0.005196100
postgres,1,generar_emb,-,5248,0,0.013233700
postgres,1,insert_emb,-,5248,0,0.005091500
postgres,1,generar_emb,-,5249,0,0.013065700
postgres,1,insert_emb,-,5249,0,0.005411200
postgres,1,generar_emb,-,5250,0,0.015172000
postgres,1,insert_emb,-,5250,0,0.005635900
postgres,1,generar_emb,-,5251,0,0.016545700
postgres,1,insert_emb,-,5251,0,0.005294900
postgres,1,generar_emb,-,5252,0,0.013168400
postgres,1,insert_emb,-,5252,0,0.005886700
postgres,1,generar_emb,-,5253,0,0.012498800
postgres,1,insert_emb,-,5253,0,0.005830400
postgres,1,generar_emb,-,5254,0,0.012176600
postgres,1,insert_emb,-,5254,0,0.005630200
postgres,1,generar_emb,-,5255,0,0.012995600
postgres,1,insert_emb,-,5255,0,0.005617800
postgres,1,generar_emb,-,5256,0,0.012007500
postgres,1,insert_emb,-,5256,0,0.005602000
postgres,1,generar_emb,-,5257,0,0.010685100
postgres,1,insert_emb,-,5257,0,0.005419100
postgres,1,generar_emb,-,5258,0,0.011076000
postgres,1,insert_emb,-,5258,0,0.005053000
postgres,1,generar_emb,-,5259,0,0.010782200
postgres,1,insert_emb,-,5259,0,0.004998300
postgres,1,generar_emb,-,5260,0,0.010829000
postgres,1,insert_emb,-,5260,0,0.005168800
postgres,1,generar_emb,-,5261,0,0.011889900
postgres,1,insert_emb,-,5261,0,0.005167100
postgres,1,generar_emb,-,5262,0,0.012647200
postgres,1,insert_emb,-,5262,0,0.005160400
postgres,1,generar_emb,-,5263,0,0.012110500
postgres,1,insert_emb,-,5263,0,0.004900400
postgres,1,generar_emb,-,5264,0,0.011274900
postgres,1,insert_emb,-,5264,0,0.005653000
postgres,1,generar_emb,-,5265,0,0.011009300
postgres,1,insert_emb,-,5265,0,0.005561500
postgres,1,generar_emb,-,5266,0,0.012715800
postgres,1,insert_emb,-,5266,0,0.005137800
postgres,1,generar_emb,-,5267,0,0.012134800
postgres,1,insert_emb,-,5267,0,0.005244400
postgres,1,generar_emb,-,5268,0,0.014176300
postgres,1,insert_emb,-,5268,0,0.006319900
postgres,1,generar_emb,-,5269,0,0.012134600
postgres,1,insert_emb,-,5269,0,0.005753000
postgres,1,generar_emb,-,5270,0,0.014366000
postgres,1,insert_emb,-,5270,0,0.005837300
postgres,1,generar_emb,-,5271,0,0.013202200
postgres,1,insert_emb,-,5271,0,0.005831600
postgres,1,generar_emb,-,5272,0,0.012878300
postgres,1,insert_emb,-,5272,0,0.005905000
postgres,1,generar_emb,-,5273,0,0.014660100
postgres,1,insert_emb,-,5273,0,0.006061600
postgres,1,generar_emb,-,5274,0,0.015119300
postgres,1,insert_emb,-,5274,0,0.006140600
postgres,1,generar_emb,-,5275,0,0.019311100
postgres,1,insert_emb,-,5275,0,0.005855400
postgres,1,generar_emb,-,5276,0,0.016963700
postgres,1,insert_emb,-,5276,0,0.006354800
postgres,1,generar_emb,-,5277,0,0.016183700
postgres,1,insert_emb,-,5277,0,0.006290700
postgres,1,generar_emb,-,5278,0,0.016348900
postgres,1,insert_emb,-,5278,0,0.006523100
postgres,1,generar_emb,-,5279,0,0.014401700
postgres,1,insert_emb,-,5279,0,0.006110200
postgres,1,generar_emb,-,5280,0,0.013313500
postgres,1,insert_emb,-,5280,0,0.005405400
postgres,1,generar_emb,-,5281,0,0.011965900
postgres,1,insert_emb,-,5281,0,0.005217600
postgres,1,generar_emb,-,5282,0,0.011084200
postgres,1,insert_emb,-,5282,0,0.005042400
postgres,1,generar_emb,-,5283,0,0.013313800
postgres,1,insert_emb,-,5283,0,0.005232300
postgres,1,generar_emb,-,5284,0,0.011814600
postgres,1,insert_emb,-,5284,0,0.005378600
postgres,1,generar_emb,-,5285,0,0.012701500
postgres,1,insert_emb,-,5285,0,0.005566900
postgres,1,generar_emb,-,5286,0,0.013528300
postgres,1,insert_emb,-,5286,0,0.005457400
postgres,1,generar_emb,-,5287,0,0.012589300
postgres,1,insert_emb,-,5287,0,0.005012500
postgres,1,generar_emb,-,5288,0,0.010887800
postgres,1,insert_emb,-,5288,0,0.005206400
postgres,1,generar_emb,-,5289,0,0.013066400
postgres,1,insert_emb,-,5289,0,0.005306000
postgres,1,generar_emb,-,5290,0,0.011985800
postgres,1,insert_emb,-,5290,0,0.005895900
postgres,1,generar_emb,-,5291,0,0.013230900
postgres,1,insert_emb,-,5291,0,0.005619600
postgres,1,generar_emb,-,5292,0,0.010927600
postgres,1,insert_emb,-,5292,0,0.005475600
postgres,1,generar_emb,-,5293,0,0.012967500
postgres,1,insert_emb,-,5293,0,0.005723700
postgres,1,generar_emb,-,5294,0,0.012904500
postgres,1,insert_emb,-,5294,0,0.006002900
postgres,1,generar_emb,-,5295,0,0.013402100
postgres,1,insert_emb,-,5295,0,0.005979700
postgres,1,generar_emb,-,5296,0,0.013580900
postgres,1,insert_emb,-,5296,0,0.005569500
postgres,1,generar_emb,-,5297,0,0.014018500
postgres,1,insert_emb,-,5297,0,0.006260100
postgres,1,generar_emb,-,5298,0,0.012665000
postgres,1,insert_emb,-,5298,0,0.005287200
postgres,1,generar_emb,-,5299,0,0.011613600
postgres,1,insert_emb,-,5299,0,0.004851300
postgres,1,generar_emb,-,5300,0,0.011875800
postgres,1,insert_emb,-,5300,0,0.005347700
postgres,1,generar_emb,-,5301,0,0.011881200
postgres,1,insert_emb,-,5301,0,0.005576900
postgres,1,generar_emb,-,5302,0,0.013130700
postgres,1,insert_emb,-,5302,0,0.005877200
postgres,1,generar_emb,-,5303,0,0.011481800
postgres,1,insert_emb,-,5303,0,0.005595400
postgres,1,generar_emb,-,5304,0,0.016762100
postgres,1,insert_emb,-,5304,0,0.007896600
postgres,1,generar_emb,-,5305,0,0.021396600
postgres,1,insert_emb,-,5305,0,0.007445900
postgres,1,generar_emb,-,5306,0,0.016019900
postgres,1,insert_emb,-,5306,0,0.006500700
postgres,1,generar_emb,-,5307,0,0.014910300
postgres,1,insert_emb,-,5307,0,0.005705500
postgres,1,generar_emb,-,5308,0,0.012521500
postgres,1,insert_emb,-,5308,0,0.005381900
postgres,1,generar_emb,-,5309,0,0.012972500
postgres,1,insert_emb,-,5309,0,0.005577400
postgres,1,generar_emb,-,5310,0,0.012816500
postgres,1,insert_emb,-,5310,0,0.005766800
postgres,1,generar_emb,-,5311,0,0.012786000
postgres,1,insert_emb,-,5311,0,0.005592500
postgres,1,generar_emb,-,5312,0,0.012194500
postgres,1,insert_emb,-,5312,0,0.005492100
postgres,1,generar_emb,-,5313,0,0.012183700
postgres,1,insert_emb,-,5313,0,0.005233300
postgres,1,generar_emb,-,5314,0,0.011836500
postgres,1,insert_emb,-,5314,0,0.004993500
postgres,1,generar_emb,-,5315,0,0.012340100
postgres,1,insert_emb,-,5315,0,0.005302300
postgres,1,generar_emb,-,5316,0,0.013916100
postgres,1,insert_emb,-,5316,0,0.005252600
postgres,1,generar_emb,-,5317,0,0.012880700
postgres,1,insert_emb,-,5317,0,0.004856200
postgres,1,generar_emb,-,5318,0,0.013252000
postgres,1,insert_emb,-,5318,0,0.005432300
postgres,1,generar_emb,-,5319,0,0.010721000
postgres,1,insert_emb,-,5319,0,0.005642600
postgres,1,generar_emb,-,5320,0,0.013853100
postgres,1,insert_emb,-,5320,0,0.005810600
postgres,1,generar_emb,-,5321,0,0.012489400
postgres,1,insert_emb,-,5321,0,0.005013000
postgres,1,generar_emb,-,5322,0,0.012856900
postgres,1,insert_emb,-,5322,0,0.005516800
postgres,1,generar_emb,-,5323,0,0.012074900
postgres,1,insert_emb,-,5323,0,0.005793300
postgres,1,generar_emb,-,5324,0,0.011281800
postgres,1,insert_emb,-,5324,0,0.005544600
postgres,1,generar_emb,-,5325,0,0.015274400
postgres,1,insert_emb,-,5325,0,0.005659600
postgres,1,generar_emb,-,5326,0,0.012327600
postgres,1,insert_emb,-,5326,0,0.005428500
postgres,1,generar_emb,-,5327,0,0.011359400
postgres,1,insert_emb,-,5327,0,0.005302200
postgres,1,generar_emb,-,5328,0,0.012550400
postgres,1,insert_emb,-,5328,0,0.005797800
postgres,1,generar_emb,-,5329,0,0.012409500
postgres,1,insert_emb,-,5329,0,0.005256000
postgres,1,generar_emb,-,5330,0,0.010769800
postgres,1,insert_emb,-,5330,0,0.005392800
postgres,1,generar_emb,-,5331,0,0.011730700
postgres,1,insert_emb,-,5331,0,0.005144400
postgres,1,generar_emb,-,5332,0,0.013511600
postgres,1,insert_emb,-,5332,0,0.005625700
postgres,1,generar_emb,-,5333,0,0.012100700
postgres,1,insert_emb,-,5333,0,0.005311300
postgres,1,generar_emb,-,5334,0,0.011500800
postgres,1,insert_emb,-,5334,0,0.005002200
postgres,1,generar_emb,-,5335,0,0.013384200
postgres,1,insert_emb,-,5335,0,0.005741100
postgres,1,generar_emb,-,5336,0,0.012295900
postgres,1,insert_emb,-,5336,0,0.005376300
postgres,1,generar_emb,-,5337,0,0.011907200
postgres,1,insert_emb,-,5337,0,0.005718800
postgres,1,generar_emb,-,5338,0,0.011451800
postgres,1,insert_emb,-,5338,0,0.005749700
postgres,1,generar_emb,-,5339,0,0.013735000
postgres,1,insert_emb,-,5339,0,0.005212200
postgres,1,generar_emb,-,5340,0,0.012370700
postgres,1,insert_emb,-,5340,0,0.005396300
postgres,1,generar_emb,-,5341,0,0.014033900
postgres,1,insert_emb,-,5341,0,0.005856600
postgres,1,generar_emb,-,5342,0,0.014847700
postgres,1,insert_emb,-,5342,0,0.005589800
postgres,1,generar_emb,-,5343,0,0.011705900
postgres,1,insert_emb,-,5343,0,0.005758500
postgres,1,generar_emb,-,5344,0,0.013273900
postgres,1,insert_emb,-,5344,0,0.005079100
postgres,1,generar_emb,-,5345,0,0.014900200
postgres,1,insert_emb,-,5345,0,0.005253100
postgres,1,generar_emb,-,5346,0,0.012757600
postgres,1,insert_emb,-,5346,0,0.005528200
postgres,1,generar_emb,-,5347,0,0.011651400
postgres,1,insert_emb,-,5347,0,0.005064000
postgres,1,generar_emb,-,5348,0,0.013349000
postgres,1,insert_emb,-,5348,0,0.005070300
postgres,1,generar_emb,-,5349,0,0.011542300
postgres,1,insert_emb,-,5349,0,0.005332600
postgres,1,generar_emb,-,5350,0,0.013016200
postgres,1,insert_emb,-,5350,0,0.005214100
postgres,1,generar_emb,-,5351,0,0.012515500
postgres,1,insert_emb,-,5351,0,0.005176200
postgres,1,generar_emb,-,5352,0,0.011363900
postgres,1,insert_emb,-,5352,0,0.005085900
postgres,1,generar_emb,-,5353,0,0.015345400
postgres,1,insert_emb,-,5353,0,0.005762100
postgres,1,generar_emb,-,5354,0,0.014729700
postgres,1,insert_emb,-,5354,0,0.005071500
postgres,1,generar_emb,-,5355,0,0.012583500
postgres,1,insert_emb,-,5355,0,0.005494100
postgres,1,generar_emb,-,5356,0,0.011812600
postgres,1,insert_emb,-,5356,0,0.005333600
postgres,1,generar_emb,-,5357,0,0.012407100
postgres,1,insert_emb,-,5357,0,0.005434300
postgres,1,generar_emb,-,5358,0,0.014267200
postgres,1,insert_emb,-,5358,0,0.005739600
postgres,1,generar_emb,-,5359,0,0.012833100
postgres,1,insert_emb,-,5359,0,0.005435200
postgres,1,generar_emb,-,5360,0,0.014735300
postgres,1,insert_emb,-,5360,0,0.005417400
postgres,1,generar_emb,-,5361,0,0.011612300
postgres,1,insert_emb,-,5361,0,0.005230700
postgres,1,generar_emb,-,5362,0,0.011231900
postgres,1,insert_emb,-,5362,0,0.005342200
postgres,1,generar_emb,-,5363,0,0.012193800
postgres,1,insert_emb,-,5363,0,0.005411300
postgres,1,generar_emb,-,5364,0,0.012121000
postgres,1,insert_emb,-,5364,0,0.005103500
postgres,1,generar_emb,-,5365,0,0.010914100
postgres,1,insert_emb,-,5365,0,0.005719100
postgres,1,generar_emb,-,5366,0,0.010517800
postgres,1,insert_emb,-,5366,0,0.005432700
postgres,1,generar_emb,-,5367,0,0.011577300
postgres,1,insert_emb,-,5367,0,0.005359600
postgres,1,generar_emb,-,5368,0,0.010709500
postgres,1,insert_emb,-,5368,0,0.005204700
postgres,1,generar_emb,-,5369,0,0.017856500
postgres,1,insert_emb,-,5369,0,0.005257800
postgres,1,generar_emb,-,5370,0,0.011996200
postgres,1,insert_emb,-,5370,0,0.005306300
postgres,1,generar_emb,-,5371,0,0.011518500
postgres,1,insert_emb,-,5371,0,0.005056000
postgres,1,generar_emb,-,5372,0,0.011335200
postgres,1,insert_emb,-,5372,0,0.005546100
postgres,1,generar_emb,-,5373,0,0.013508300
postgres,1,insert_emb,-,5373,0,0.006073400
postgres,1,generar_emb,-,5374,0,0.011545600
postgres,1,insert_emb,-,5374,0,0.006314400
postgres,1,generar_emb,-,5375,0,0.014010900
postgres,1,insert_emb,-,5375,0,0.005988800
postgres,1,generar_emb,-,5376,0,0.015200100
postgres,1,insert_emb,-,5376,0,0.005775100
postgres,1,generar_emb,-,5377,0,0.016365900
postgres,1,insert_emb,-,5377,0,0.006631300
postgres,1,generar_emb,-,5378,0,0.015051100
postgres,1,insert_emb,-,5378,0,0.005562800
postgres,1,generar_emb,-,5379,0,0.013421300
postgres,1,insert_emb,-,5379,0,0.006037100
postgres,1,generar_emb,-,5380,0,0.013269400
postgres,1,insert_emb,-,5380,0,0.006682200
postgres,1,generar_emb,-,5381,0,0.011925300
postgres,1,insert_emb,-,5381,0,0.005851300
postgres,1,generar_emb,-,5382,0,0.014282300
postgres,1,insert_emb,-,5382,0,0.006264000
postgres,1,generar_emb,-,5383,0,0.014353800
postgres,1,insert_emb,-,5383,0,0.005213600
postgres,1,generar_emb,-,5384,0,0.012004400
postgres,1,insert_emb,-,5384,0,0.005077300
postgres,1,generar_emb,-,5385,0,0.012369500
postgres,1,insert_emb,-,5385,0,0.005563100
postgres,1,generar_emb,-,5386,0,0.011975600
postgres,1,insert_emb,-,5386,0,0.005245200
postgres,1,generar_emb,-,5387,0,0.012001600
postgres,1,insert_emb,-,5387,0,0.005419100
postgres,1,generar_emb,-,5388,0,0.013347400
postgres,1,insert_emb,-,5388,0,0.005741500
postgres,1,generar_emb,-,5389,0,0.013364800
postgres,1,insert_emb,-,5389,0,0.005276000
postgres,1,generar_emb,-,5390,0,0.013117400
postgres,1,insert_emb,-,5390,0,0.005505800
postgres,1,generar_emb,-,5391,0,0.014309200
postgres,1,insert_emb,-,5391,0,0.004994800
postgres,1,generar_emb,-,5392,0,0.015443700
postgres,1,insert_emb,-,5392,0,0.005525600
postgres,1,generar_emb,-,5393,0,0.012643400
postgres,1,insert_emb,-,5393,0,0.005274400
postgres,1,generar_emb,-,5394,0,0.015691200
postgres,1,insert_emb,-,5394,0,0.005492800
postgres,1,generar_emb,-,5395,0,0.012378200
postgres,1,insert_emb,-,5395,0,0.005485100
postgres,1,generar_emb,-,5396,0,0.013139000
postgres,1,insert_emb,-,5396,0,0.004975400
postgres,1,generar_emb,-,5397,0,0.013493500
postgres,1,insert_emb,-,5397,0,0.005914300
postgres,1,generar_emb,-,5398,0,0.011689200
postgres,1,insert_emb,-,5398,0,0.005158400
postgres,1,generar_emb,-,5399,0,0.013183600
postgres,1,insert_emb,-,5399,0,0.005348000
postgres,1,generar_emb,-,5400,0,0.012935000
postgres,1,insert_emb,-,5400,0,0.005422000
postgres,1,generar_emb,-,5401,0,0.011722700
postgres,1,insert_emb,-,5401,0,0.005446500
postgres,1,generar_emb,-,5402,0,0.012175100
postgres,1,insert_emb,-,5402,0,0.004825700
postgres,1,generar_emb,-,5403,0,0.012624500
postgres,1,insert_emb,-,5403,0,0.005763400
postgres,1,generar_emb,-,5404,0,0.012416600
postgres,1,insert_emb,-,5404,0,0.005323900
postgres,1,generar_emb,-,5405,0,0.016642900
postgres,1,insert_emb,-,5405,0,0.006724100
postgres,1,generar_emb,-,5406,0,0.013926100
postgres,1,insert_emb,-,5406,0,0.005505900
postgres,1,generar_emb,-,5407,0,0.013927900
postgres,1,insert_emb,-,5407,0,0.005572900
postgres,1,generar_emb,-,5408,0,0.014096300
postgres,1,insert_emb,-,5408,0,0.005587600
postgres,1,generar_emb,-,5409,0,0.013427400
postgres,1,insert_emb,-,5409,0,0.006647200
postgres,1,generar_emb,-,5410,0,0.015735500
postgres,1,insert_emb,-,5410,0,0.007045800
postgres,1,generar_emb,-,5411,0,0.016175800
postgres,1,insert_emb,-,5411,0,0.005763900
postgres,1,generar_emb,-,5412,0,0.013451900
postgres,1,insert_emb,-,5412,0,0.005968300
postgres,1,generar_emb,-,5413,0,0.016622800
postgres,1,insert_emb,-,5413,0,0.005898700
postgres,1,generar_emb,-,5414,0,0.011856700
postgres,1,insert_emb,-,5414,0,0.006071600
postgres,1,generar_emb,-,5415,0,0.013043400
postgres,1,insert_emb,-,5415,0,0.006417400
postgres,1,generar_emb,-,5416,0,0.014658400
postgres,1,insert_emb,-,5416,0,0.005352000
postgres,1,generar_emb,-,5417,0,0.015550300
postgres,1,insert_emb,-,5417,0,0.005481400
postgres,1,generar_emb,-,5418,0,0.015630700
postgres,1,insert_emb,-,5418,0,0.005896500
postgres,1,generar_emb,-,5419,0,0.010985400
postgres,1,insert_emb,-,5419,0,0.006336300
postgres,1,generar_emb,-,5420,0,0.011179500
postgres,1,insert_emb,-,5420,0,0.005768100
postgres,1,generar_emb,-,5421,0,0.015202700
postgres,1,insert_emb,-,5421,0,0.005098700
postgres,1,generar_emb,-,5422,0,0.012119100
postgres,1,insert_emb,-,5422,0,0.005027400
postgres,1,generar_emb,-,5423,0,0.013058100
postgres,1,insert_emb,-,5423,0,0.005326300
postgres,1,generar_emb,-,5424,0,0.013858500
postgres,1,insert_emb,-,5424,0,0.005253900
postgres,1,generar_emb,-,5425,0,0.011908000
postgres,1,insert_emb,-,5425,0,0.005410900
postgres,1,generar_emb,-,5426,0,0.012812500
postgres,1,insert_emb,-,5426,0,0.005165100
postgres,1,generar_emb,-,5427,0,0.013221600
postgres,1,insert_emb,-,5427,0,0.005382300
postgres,1,generar_emb,-,5428,0,0.018001800
postgres,1,insert_emb,-,5428,0,0.005344300
postgres,1,generar_emb,-,5429,0,0.013572500
postgres,1,insert_emb,-,5429,0,0.005668100
postgres,1,generar_emb,-,5430,0,0.014654700
postgres,1,insert_emb,-,5430,0,0.006023000
postgres,1,generar_emb,-,5431,0,0.014558300
postgres,1,insert_emb,-,5431,0,0.005456800
postgres,1,generar_emb,-,5432,0,0.011544500
postgres,1,insert_emb,-,5432,0,0.005092100
postgres,1,generar_emb,-,5433,0,0.012467300
postgres,1,insert_emb,-,5433,0,0.005185900
postgres,1,generar_emb,-,5434,0,0.012400300
postgres,1,insert_emb,-,5434,0,0.005132900
postgres,1,generar_emb,-,5435,0,0.012671700
postgres,1,insert_emb,-,5435,0,0.005655800
postgres,1,generar_emb,-,5436,0,0.012846600
postgres,1,insert_emb,-,5436,0,0.005395300
postgres,1,generar_emb,-,5437,0,0.016682100
postgres,1,insert_emb,-,5437,0,0.005569100
postgres,1,generar_emb,-,5438,0,0.012357100
postgres,1,insert_emb,-,5438,0,0.005332900
postgres,1,generar_emb,-,5439,0,0.011312100
postgres,1,insert_emb,-,5439,0,0.005327900
postgres,1,generar_emb,-,5440,0,0.013649700
postgres,1,insert_emb,-,5440,0,0.005461600
postgres,1,generar_emb,-,5441,0,0.014077500
postgres,1,insert_emb,-,5441,0,0.005171800
postgres,1,generar_emb,-,5442,0,0.014201000
postgres,1,insert_emb,-,5442,0,0.005367400
postgres,1,generar_emb,-,5443,0,0.013475100
postgres,1,insert_emb,-,5443,0,0.005274500
postgres,1,generar_emb,-,5444,0,0.012149400
postgres,1,insert_emb,-,5444,0,0.005930800
postgres,1,generar_emb,-,5445,0,0.014225600
postgres,1,insert_emb,-,5445,0,0.005475800
postgres,1,generar_emb,-,5446,0,0.012411700
postgres,1,insert_emb,-,5446,0,0.005327100
postgres,1,generar_emb,-,5447,0,0.012504600
postgres,1,insert_emb,-,5447,0,0.005258200
postgres,1,generar_emb,-,5448,0,0.013077900
postgres,1,insert_emb,-,5448,0,0.005413900
postgres,1,generar_emb,-,5449,0,0.016308400
postgres,1,insert_emb,-,5449,0,0.005316100
postgres,1,generar_emb,-,5450,0,0.011897500
postgres,1,insert_emb,-,5450,0,0.005196600
postgres,1,generar_emb,-,5451,0,0.012711200
postgres,1,insert_emb,-,5451,0,0.005368600
postgres,1,generar_emb,-,5452,0,0.015345900
postgres,1,insert_emb,-,5452,0,0.005416800
postgres,1,generar_emb,-,5453,0,0.012354200
postgres,1,insert_emb,-,5453,0,0.005019600
postgres,1,generar_emb,-,5454,0,0.012269100
postgres,1,insert_emb,-,5454,0,0.005426100
postgres,1,generar_emb,-,5455,0,0.013805800
postgres,1,insert_emb,-,5455,0,0.005443700
postgres,1,generar_emb,-,5456,0,0.012946800
postgres,1,insert_emb,-,5456,0,0.005149000
postgres,1,generar_emb,-,5457,0,0.013308400
postgres,1,insert_emb,-,5457,0,0.005282800
postgres,1,generar_emb,-,5458,0,0.015031800
postgres,1,insert_emb,-,5458,0,0.005298000
postgres,1,generar_emb,-,5459,0,0.011964000
postgres,1,insert_emb,-,5459,0,0.005228500
postgres,1,generar_emb,-,5460,0,0.014489800
postgres,1,insert_emb,-,5460,0,0.005714600
postgres,1,generar_emb,-,5461,0,0.013013400
postgres,1,insert_emb,-,5461,0,0.005078100
postgres,1,generar_emb,-,5462,0,0.012692400
postgres,1,insert_emb,-,5462,0,0.005355600
postgres,1,generar_emb,-,5463,0,0.015423400
postgres,1,insert_emb,-,5463,0,0.005864900
postgres,1,generar_emb,-,5464,0,0.013485400
postgres,1,insert_emb,-,5464,0,0.005303500
postgres,1,generar_emb,-,5465,0,0.012519400
postgres,1,insert_emb,-,5465,0,0.006205700
postgres,1,generar_emb,-,5466,0,0.015975200
postgres,1,insert_emb,-,5466,0,0.005788700
postgres,1,generar_emb,-,5467,0,0.013597100
postgres,1,insert_emb,-,5467,0,0.005754900
postgres,1,generar_emb,-,5468,0,0.013011000
postgres,1,insert_emb,-,5468,0,0.005926300
postgres,1,generar_emb,-,5469,0,0.012973200
postgres,1,insert_emb,-,5469,0,0.005520300
postgres,1,generar_emb,-,5470,0,0.011670300
postgres,1,insert_emb,-,5470,0,0.005821900
postgres,1,generar_emb,-,5471,0,0.012703600
postgres,1,insert_emb,-,5471,0,0.005461400
postgres,1,generar_emb,-,5472,0,0.012659400
postgres,1,insert_emb,-,5472,0,0.005997200
postgres,1,generar_emb,-,5473,0,0.013405200
postgres,1,insert_emb,-,5473,0,0.005715300
postgres,1,generar_emb,-,5474,0,0.012501400
postgres,1,insert_emb,-,5474,0,0.005593600
postgres,1,generar_emb,-,5475,0,0.013952900
postgres,1,insert_emb,-,5475,0,0.005437200
postgres,1,generar_emb,-,5476,0,0.013617500
postgres,1,insert_emb,-,5476,0,0.005473100
postgres,1,generar_emb,-,5477,0,0.015017000
postgres,1,insert_emb,-,5477,0,0.005431400
postgres,1,generar_emb,-,5478,0,0.012054900
postgres,1,insert_emb,-,5478,0,0.005193100
postgres,1,generar_emb,-,5479,0,0.013719800
postgres,1,insert_emb,-,5479,0,0.005665900
postgres,1,generar_emb,-,5480,0,0.012544100
postgres,1,insert_emb,-,5480,0,0.005528200
postgres,1,generar_emb,-,5481,0,0.012226400
postgres,1,insert_emb,-,5481,0,0.005640900
postgres,1,generar_emb,-,5482,0,0.012177200
postgres,1,insert_emb,-,5482,0,0.005695600
postgres,1,generar_emb,-,5483,0,0.012490300
postgres,1,insert_emb,-,5483,0,0.005550500
postgres,1,generar_emb,-,5484,0,0.013154800
postgres,1,insert_emb,-,5484,0,0.006163400
postgres,1,generar_emb,-,5485,0,0.011806300
postgres,1,insert_emb,-,5485,0,0.005398700
postgres,1,generar_emb,-,5486,0,0.012633900
postgres,1,insert_emb,-,5486,0,0.005407200
postgres,1,generar_emb,-,5487,0,0.011050500
postgres,1,insert_emb,-,5487,0,0.005187200
postgres,1,generar_emb,-,5488,0,0.013865400
postgres,1,insert_emb,-,5488,0,0.005246100
postgres,1,generar_emb,-,5489,0,0.013467300
postgres,1,insert_emb,-,5489,0,0.005418400
postgres,1,generar_emb,-,5490,0,0.012061700
postgres,1,insert_emb,-,5490,0,0.005793400
postgres,1,generar_emb,-,5491,0,0.011879500
postgres,1,insert_emb,-,5491,0,0.005422600
postgres,1,generar_emb,-,5492,0,0.011471100
postgres,1,insert_emb,-,5492,0,0.005607800
postgres,1,generar_emb,-,5493,0,0.010898300
postgres,1,insert_emb,-,5493,0,0.005733400
postgres,1,generar_emb,-,5494,0,0.012226000
postgres,1,insert_emb,-,5494,0,0.005521200
postgres,1,generar_emb,-,5495,0,0.012472200
postgres,1,insert_emb,-,5495,0,0.005366800
postgres,1,generar_emb,-,5496,0,0.012702000
postgres,1,insert_emb,-,5496,0,0.005173800
postgres,1,generar_emb,-,5497,0,0.010908800
postgres,1,insert_emb,-,5497,0,0.005603600
postgres,1,generar_emb,-,5498,0,0.010865000
postgres,1,insert_emb,-,5498,0,0.005298500
postgres,1,generar_emb,-,5499,0,0.011598500
postgres,1,insert_emb,-,5499,0,0.005536700
postgres,1,generar_emb,-,5500,0,0.013281200
postgres,1,insert_emb,-,5500,0,0.005753400
postgres,1,generar_emb,-,5501,0,0.013126200
postgres,1,insert_emb,-,5501,0,0.005421400
postgres,1,generar_emb,-,5502,0,0.010777500
postgres,1,insert_emb,-,5502,0,0.005020200
postgres,1,generar_emb,-,5503,0,0.013058600
postgres,1,insert_emb,-,5503,0,0.005414500
postgres,1,generar_emb,-,5504,0,0.013393900
postgres,1,insert_emb,-,5504,0,0.005282000
postgres,1,generar_emb,-,5505,0,0.012627300
postgres,1,insert_emb,-,5505,0,0.005808600
postgres,1,generar_emb,-,5506,0,0.011359900
postgres,1,insert_emb,-,5506,0,0.005311500
postgres,1,generar_emb,-,5507,0,0.012546700
postgres,1,insert_emb,-,5507,0,0.005324300
postgres,1,generar_emb,-,5508,0,0.011212500
postgres,1,insert_emb,-,5508,0,0.005256900
postgres,1,generar_emb,-,5509,0,0.011198400
postgres,1,insert_emb,-,5509,0,0.005431600
postgres,1,generar_emb,-,5510,0,0.010537600
postgres,1,insert_emb,-,5510,0,0.005346200
postgres,1,generar_emb,-,5511,0,0.012328400
postgres,1,insert_emb,-,5511,0,0.005198800
postgres,1,generar_emb,-,5512,0,0.012498200
postgres,1,insert_emb,-,5512,0,0.005465100
postgres,1,generar_emb,-,5513,0,0.011522200
postgres,1,insert_emb,-,5513,0,0.005423800
postgres,1,generar_emb,-,5514,0,0.012289100
postgres,1,insert_emb,-,5514,0,0.005589500
postgres,1,generar_emb,-,5515,0,0.013418800
postgres,1,insert_emb,-,5515,0,0.006419100
postgres,1,generar_emb,-,5516,0,0.012925200
postgres,1,insert_emb,-,5516,0,0.005182200
postgres,1,generar_emb,-,5517,0,0.012111700
postgres,1,insert_emb,-,5517,0,0.005105600
postgres,1,generar_emb,-,5518,0,0.012042000
postgres,1,insert_emb,-,5518,0,0.006097100
postgres,1,generar_emb,-,5519,0,0.013799500
postgres,1,insert_emb,-,5519,0,0.005534700
postgres,1,generar_emb,-,5520,0,0.011072800
postgres,1,insert_emb,-,5520,0,0.005663200
postgres,1,generar_emb,-,5521,0,0.016327000
postgres,1,insert_emb,-,5521,0,0.005286800
postgres,1,generar_emb,-,5522,0,0.013900800
postgres,1,insert_emb,-,5522,0,0.005285900
postgres,1,generar_emb,-,5523,0,0.012740500
postgres,1,insert_emb,-,5523,0,0.005475500
postgres,1,generar_emb,-,5524,0,0.014347500
postgres,1,insert_emb,-,5524,0,0.005788200
postgres,1,generar_emb,-,5525,0,0.014329900
postgres,1,insert_emb,-,5525,0,0.005315900
postgres,1,generar_emb,-,5526,0,0.012660200
postgres,1,insert_emb,-,5526,0,0.005294700
postgres,1,generar_emb,-,5527,0,0.012098900
postgres,1,insert_emb,-,5527,0,0.005977200
postgres,1,generar_emb,-,5528,0,0.012770700
postgres,1,insert_emb,-,5528,0,0.005794900
postgres,1,generar_emb,-,5529,0,0.011900700
postgres,1,insert_emb,-,5529,0,0.005310800
postgres,1,generar_emb,-,5530,0,0.013424400
postgres,1,insert_emb,-,5530,0,0.005596500
postgres,1,generar_emb,-,5531,0,0.012628300
postgres,1,insert_emb,-,5531,0,0.006579100
postgres,1,generar_emb,-,5532,0,0.012199600
postgres,1,insert_emb,-,5532,0,0.005667500
postgres,1,generar_emb,-,5533,0,0.013004200
postgres,1,insert_emb,-,5533,0,0.005537600
postgres,1,generar_emb,-,5534,0,0.011165700
postgres,1,insert_emb,-,5534,0,0.005021100
postgres,1,generar_emb,-,5535,0,0.010541600
postgres,1,insert_emb,-,5535,0,0.005361200
postgres,1,generar_emb,-,5536,0,0.014376400
postgres,1,insert_emb,-,5536,0,0.005271500
postgres,1,generar_emb,-,5537,0,0.011166800
postgres,1,insert_emb,-,5537,0,0.005105200
postgres,1,generar_emb,-,5538,0,0.011014200
postgres,1,insert_emb,-,5538,0,0.004948100
postgres,1,generar_emb,-,5539,0,0.012135400
postgres,1,insert_emb,-,5539,0,0.005198000
postgres,1,generar_emb,-,5540,0,0.012866000
postgres,1,insert_emb,-,5540,0,0.005467800
postgres,1,generar_emb,-,5541,0,0.011740900
postgres,1,insert_emb,-,5541,0,0.005284900
postgres,1,generar_emb,-,5542,0,0.013571900
postgres,1,insert_emb,-,5542,0,0.005276200
postgres,1,generar_emb,-,5543,0,0.012803900
postgres,1,insert_emb,-,5543,0,0.005275600
postgres,1,generar_emb,-,5544,0,0.013366900
postgres,1,insert_emb,-,5544,0,0.005396400
postgres,1,generar_emb,-,5545,0,0.012590500
postgres,1,insert_emb,-,5545,0,0.005380100
postgres,1,generar_emb,-,5546,0,0.011618100
postgres,1,insert_emb,-,5546,0,0.005081300
postgres,1,generar_emb,-,5547,0,0.012378200
postgres,1,insert_emb,-,5547,0,0.005216200
postgres,1,generar_emb,-,5548,0,0.012597500
postgres,1,insert_emb,-,5548,0,0.005326000
postgres,1,generar_emb,-,5549,0,0.014015300
postgres,1,insert_emb,-,5549,0,0.005192900
postgres,1,generar_emb,-,5550,0,0.013224300
postgres,1,insert_emb,-,5550,0,0.005447600
postgres,1,generar_emb,-,5551,0,0.012367900
postgres,1,insert_emb,-,5551,0,0.005293000
postgres,1,generar_emb,-,5552,0,0.012493900
postgres,1,insert_emb,-,5552,0,0.005570900
postgres,1,generar_emb,-,5553,0,0.011990300
postgres,1,insert_emb,-,5553,0,0.005126400
postgres,1,generar_emb,-,5554,0,0.012572100
postgres,1,insert_emb,-,5554,0,0.005214600
postgres,1,generar_emb,-,5555,0,0.014112900
postgres,1,insert_emb,-,5555,0,0.005762800
postgres,1,generar_emb,-,5556,0,0.017321000
postgres,1,insert_emb,-,5556,0,0.005763300
postgres,1,generar_emb,-,5557,0,0.010739700
postgres,1,insert_emb,-,5557,0,0.005097900
postgres,1,generar_emb,-,5558,0,0.013162300
postgres,1,insert_emb,-,5558,0,0.005199000
postgres,1,generar_emb,-,5559,0,0.015924700
postgres,1,insert_emb,-,5559,0,0.006119100
postgres,1,generar_emb,-,5560,0,0.014077700
postgres,1,insert_emb,-,5560,0,0.005951800
postgres,1,generar_emb,-,5561,0,0.012948900
postgres,1,insert_emb,-,5561,0,0.005340300
postgres,1,generar_emb,-,5562,0,0.014089200
postgres,1,insert_emb,-,5562,0,0.005176900
postgres,1,generar_emb,-,5563,0,0.016767600
postgres,1,insert_emb,-,5563,0,0.005613500
postgres,1,generar_emb,-,5564,0,0.012221800
postgres,1,insert_emb,-,5564,0,0.005711700
postgres,1,generar_emb,-,5565,0,0.014868700
postgres,1,insert_emb,-,5565,0,0.005697800
postgres,1,generar_emb,-,5566,0,0.014673800
postgres,1,insert_emb,-,5566,0,0.005241300
postgres,1,generar_emb,-,5567,0,0.012984800
postgres,1,insert_emb,-,5567,0,0.005399500
postgres,1,generar_emb,-,5568,0,0.013577900
postgres,1,insert_emb,-,5568,0,0.005630100
postgres,1,generar_emb,-,5569,0,0.016186400
postgres,1,insert_emb,-,5569,0,0.005779600
postgres,1,generar_emb,-,5570,0,0.013975300
postgres,1,insert_emb,-,5570,0,0.005383900
postgres,1,generar_emb,-,5571,0,0.012784600
postgres,1,insert_emb,-,5571,0,0.005107600
postgres,1,generar_emb,-,5572,0,0.015978200
postgres,1,insert_emb,-,5572,0,0.005191700
postgres,1,generar_emb,-,5573,0,0.012470200
postgres,1,insert_emb,-,5573,0,0.005554800
postgres,1,generar_emb,-,5574,0,0.011234400
postgres,1,insert_emb,-,5574,0,0.005237200
postgres,1,generar_emb,-,5575,0,0.013995800
postgres,1,insert_emb,-,5575,0,0.005186100
postgres,1,generar_emb,-,5576,0,0.012557700
postgres,1,insert_emb,-,5576,0,0.005270000
postgres,1,generar_emb,-,5577,0,0.013665300
postgres,1,insert_emb,-,5577,0,0.005481300
postgres,1,generar_emb,-,5578,0,0.011955500
postgres,1,insert_emb,-,5578,0,0.005134500
postgres,1,generar_emb,-,5579,0,0.011231300
postgres,1,insert_emb,-,5579,0,0.005046600
postgres,1,generar_emb,-,5580,0,0.014404700
postgres,1,insert_emb,-,5580,0,0.005713400
postgres,1,generar_emb,-,5581,0,0.016321700
postgres,1,insert_emb,-,5581,0,0.005443800
postgres,1,generar_emb,-,5582,0,0.012736500
postgres,1,insert_emb,-,5582,0,0.005503400
postgres,1,generar_emb,-,5583,0,0.013906700
postgres,1,insert_emb,-,5583,0,0.005033100
postgres,1,generar_emb,-,5584,0,0.017679200
postgres,1,insert_emb,-,5584,0,0.005181100
postgres,1,generar_emb,-,5585,0,0.014255600
postgres,1,insert_emb,-,5585,0,0.005386400
postgres,1,generar_emb,-,5586,0,0.011557100
postgres,1,insert_emb,-,5586,0,0.005481700
postgres,1,generar_emb,-,5587,0,0.010968400
postgres,1,insert_emb,-,5587,0,0.005324900
postgres,1,generar_emb,-,5588,0,0.010741400
postgres,1,insert_emb,-,5588,0,0.005555700
postgres,1,generar_emb,-,5589,0,0.014039100
postgres,1,insert_emb,-,5589,0,0.005724800
postgres,1,generar_emb,-,5590,0,0.013965800
postgres,1,insert_emb,-,5590,0,0.005698000
postgres,1,generar_emb,-,5591,0,0.013864900
postgres,1,insert_emb,-,5591,0,0.005910800
postgres,1,generar_emb,-,5592,0,0.018013700
postgres,1,insert_emb,-,5592,0,0.006966700
postgres,1,generar_emb,-,5593,0,0.018748200
postgres,1,insert_emb,-,5593,0,0.007132200
postgres,1,generar_emb,-,5594,0,0.019060100
postgres,1,insert_emb,-,5594,0,0.007007600
postgres,1,generar_emb,-,5595,0,0.020585900
postgres,1,insert_emb,-,5595,0,0.006009400
postgres,1,generar_emb,-,5596,0,0.015057700
postgres,1,insert_emb,-,5596,0,0.005372700
postgres,1,generar_emb,-,5597,0,0.012966100
postgres,1,insert_emb,-,5597,0,0.005223100
postgres,1,generar_emb,-,5598,0,0.011309300
postgres,1,insert_emb,-,5598,0,0.005365600
postgres,1,generar_emb,-,5599,0,0.012131500
postgres,1,insert_emb,-,5599,0,0.005031900
postgres,1,generar_emb,-,5600,0,0.011214600
postgres,1,insert_emb,-,5600,0,0.005157200
postgres,1,generar_emb,-,5601,0,0.011795400
postgres,1,insert_emb,-,5601,0,0.005055800
postgres,1,generar_emb,-,5602,0,0.015822700
postgres,1,insert_emb,-,5602,0,0.005266600
postgres,1,generar_emb,-,5603,0,0.012106000
postgres,1,insert_emb,-,5603,0,0.005592600
postgres,1,generar_emb,-,5604,0,0.014584200
postgres,1,insert_emb,-,5604,0,0.006427800
postgres,1,generar_emb,-,5605,0,0.016932100
postgres,1,insert_emb,-,5605,0,0.006596400
postgres,1,generar_emb,-,5606,0,0.015745600
postgres,1,insert_emb,-,5606,0,0.005668100
postgres,1,generar_emb,-,5607,0,0.019317000
postgres,1,insert_emb,-,5607,0,0.007080600
postgres,1,generar_emb,-,5608,0,0.025013600
postgres,1,insert_emb,-,5608,0,0.007512700
postgres,1,generar_emb,-,5609,0,0.019642500
postgres,1,insert_emb,-,5609,0,0.006956800
postgres,1,generar_emb,-,5610,0,0.020553700
postgres,1,insert_emb,-,5610,0,0.005806200
postgres,1,generar_emb,-,5611,0,0.013366200
postgres,1,insert_emb,-,5611,0,0.005286600
postgres,1,generar_emb,-,5612,0,0.014449900
postgres,1,insert_emb,-,5612,0,0.005640300
postgres,1,generar_emb,-,5613,0,0.014662600
postgres,1,insert_emb,-,5613,0,0.005767100
postgres,1,generar_emb,-,5614,0,0.013261200
postgres,1,insert_emb,-,5614,0,0.005938600
postgres,1,generar_emb,-,5615,0,0.011940100
postgres,1,insert_emb,-,5615,0,0.005733800
postgres,1,generar_emb,-,5616,0,0.017048500
postgres,1,insert_emb,-,5616,0,0.006041300
postgres,1,generar_emb,-,5617,0,0.012805500
postgres,1,insert_emb,-,5617,0,0.005512600
postgres,1,generar_emb,-,5618,0,0.014528900
postgres,1,insert_emb,-,5618,0,0.005130000
postgres,1,generar_emb,-,5619,0,0.013632800
postgres,1,insert_emb,-,5619,0,0.005491100
postgres,1,generar_emb,-,5620,0,0.013713600
postgres,1,insert_emb,-,5620,0,0.005811000
postgres,1,generar_emb,-,5621,0,0.010306600
postgres,1,insert_emb,-,5621,0,0.005535600
postgres,1,generar_emb,-,5622,0,0.010832900
postgres,1,insert_emb,-,5622,0,0.005041000
postgres,1,generar_emb,-,5623,0,0.011462000
postgres,1,insert_emb,-,5623,0,0.005306600
postgres,1,generar_emb,-,5624,0,0.011617600
postgres,1,insert_emb,-,5624,0,0.005322200
postgres,1,generar_emb,-,5625,0,0.012354900
postgres,1,insert_emb,-,5625,0,0.005264000
postgres,1,generar_emb,-,5626,0,0.012458300
postgres,1,insert_emb,-,5626,0,0.005180100
postgres,1,generar_emb,-,5627,0,0.013540700
postgres,1,insert_emb,-,5627,0,0.005266300
postgres,1,generar_emb,-,5628,0,0.012889800
postgres,1,insert_emb,-,5628,0,0.005698700
postgres,1,generar_emb,-,5629,0,0.013722400
postgres,1,insert_emb,-,5629,0,0.005704900
postgres,1,generar_emb,-,5630,0,0.012046200
postgres,1,insert_emb,-,5630,0,0.005544200
postgres,1,generar_emb,-,5631,0,0.011417500
postgres,1,insert_emb,-,5631,0,0.005193900
postgres,1,generar_emb,-,5632,0,0.012070800
postgres,1,insert_emb,-,5632,0,0.005221100
postgres,1,generar_emb,-,5633,0,0.011581700
postgres,1,insert_emb,-,5633,0,0.005739900
postgres,1,generar_emb,-,5634,0,0.011715600
postgres,1,insert_emb,-,5634,0,0.005395000
postgres,1,generar_emb,-,5635,0,0.013200800
postgres,1,insert_emb,-,5635,0,0.005500000
postgres,1,generar_emb,-,5636,0,0.012208300
postgres,1,insert_emb,-,5636,0,0.004911000
postgres,1,generar_emb,-,5637,0,0.012267700
postgres,1,insert_emb,-,5637,0,0.005107700
postgres,1,generar_emb,-,5638,0,0.013490800
postgres,1,insert_emb,-,5638,0,0.005061200
postgres,1,generar_emb,-,5639,0,0.013188800
postgres,1,insert_emb,-,5639,0,0.005720700
postgres,1,generar_emb,-,5640,0,0.013322000
postgres,1,insert_emb,-,5640,0,0.005276900
postgres,1,generar_emb,-,5641,0,0.011467400
postgres,1,insert_emb,-,5641,0,0.005363500
postgres,1,generar_emb,-,5642,0,0.013690900
postgres,1,insert_emb,-,5642,0,0.005289900
postgres,1,generar_emb,-,5643,0,0.014552300
postgres,1,insert_emb,-,5643,0,0.005197200
postgres,1,generar_emb,-,5644,0,0.012923700
postgres,1,insert_emb,-,5644,0,0.005132100
postgres,1,generar_emb,-,5645,0,0.012447000
postgres,1,insert_emb,-,5645,0,0.005353400
postgres,1,generar_emb,-,5646,0,0.012698800
postgres,1,insert_emb,-,5646,0,0.005268700
postgres,1,generar_emb,-,5647,0,0.012217000
postgres,1,insert_emb,-,5647,0,0.005747900
postgres,1,generar_emb,-,5648,0,0.016926300
postgres,1,insert_emb,-,5648,0,0.005211100
postgres,1,generar_emb,-,5649,0,0.013417600
postgres,1,insert_emb,-,5649,0,0.005194500
postgres,1,generar_emb,-,5650,0,0.011419500
postgres,1,insert_emb,-,5650,0,0.005798300
postgres,1,generar_emb,-,5651,0,0.013084400
postgres,1,insert_emb,-,5651,0,0.005749100
postgres,1,generar_emb,-,5652,0,0.012580300
postgres,1,insert_emb,-,5652,0,0.005265200
postgres,1,generar_emb,-,5653,0,0.013708500
postgres,1,insert_emb,-,5653,0,0.005433700
postgres,1,generar_emb,-,5654,0,0.013314600
postgres,1,insert_emb,-,5654,0,0.005573300
postgres,1,generar_emb,-,5655,0,0.012951700
postgres,1,insert_emb,-,5655,0,0.005865200
postgres,1,generar_emb,-,5656,0,0.013726100
postgres,1,insert_emb,-,5656,0,0.005177800
postgres,1,generar_emb,-,5657,0,0.011688800
postgres,1,insert_emb,-,5657,0,0.005349900
postgres,1,generar_emb,-,5658,0,0.014734700
postgres,1,insert_emb,-,5658,0,0.006073300
postgres,1,generar_emb,-,5659,0,0.012415800
postgres,1,insert_emb,-,5659,0,0.005430000
postgres,1,generar_emb,-,5660,0,0.012152600
postgres,1,insert_emb,-,5660,0,0.005677400
postgres,1,generar_emb,-,5661,0,0.014388400
postgres,1,insert_emb,-,5661,0,0.005808000
postgres,1,generar_emb,-,5662,0,0.012209700
postgres,1,insert_emb,-,5662,0,0.005248600
postgres,1,generar_emb,-,5663,0,0.011073800
postgres,1,insert_emb,-,5663,0,0.005136000
postgres,1,generar_emb,-,5664,0,0.011372700
postgres,1,insert_emb,-,5664,0,0.005454100
postgres,1,generar_emb,-,5665,0,0.013036300
postgres,1,insert_emb,-,5665,0,0.005615300
postgres,1,generar_emb,-,5666,0,0.013329900
postgres,1,insert_emb,-,5666,0,0.005435100
postgres,1,generar_emb,-,5667,0,0.015335400
postgres,1,insert_emb,-,5667,0,0.005224200
postgres,1,generar_emb,-,5668,0,0.012701900
postgres,1,insert_emb,-,5668,0,0.005649400
postgres,1,generar_emb,-,5669,0,0.013398700
postgres,1,insert_emb,-,5669,0,0.005606500
postgres,1,generar_emb,-,5670,0,0.011855100
postgres,1,insert_emb,-,5670,0,0.005397400
postgres,1,generar_emb,-,5671,0,0.011498200
postgres,1,insert_emb,-,5671,0,0.005218900
postgres,1,generar_emb,-,5672,0,0.011471500
postgres,1,insert_emb,-,5672,0,0.005423700
postgres,1,generar_emb,-,5673,0,0.015079800
postgres,1,insert_emb,-,5673,0,0.005544700
postgres,1,generar_emb,-,5674,0,0.013729000
postgres,1,insert_emb,-,5674,0,0.005268200
postgres,1,generar_emb,-,5675,0,0.014180600
postgres,1,insert_emb,-,5675,0,0.005749700
postgres,1,generar_emb,-,5676,0,0.011292100
postgres,1,insert_emb,-,5676,0,0.005301200
postgres,1,generar_emb,-,5677,0,0.012861100
postgres,1,insert_emb,-,5677,0,0.005635000
postgres,1,generar_emb,-,5678,0,0.011398200
postgres,1,insert_emb,-,5678,0,0.005712000
postgres,1,generar_emb,-,5679,0,0.012040100
postgres,1,insert_emb,-,5679,0,0.005391400
postgres,1,generar_emb,-,5680,0,0.011857300
postgres,1,insert_emb,-,5680,0,0.005624400
postgres,1,generar_emb,-,5681,0,0.013658700
postgres,1,insert_emb,-,5681,0,0.005297100
postgres,1,generar_emb,-,5682,0,0.012835300
postgres,1,insert_emb,-,5682,0,0.005198500
postgres,1,generar_emb,-,5683,0,0.011623400
postgres,1,insert_emb,-,5683,0,0.005634600
postgres,1,generar_emb,-,5684,0,0.011391000
postgres,1,insert_emb,-,5684,0,0.005380600
postgres,1,generar_emb,-,5685,0,0.012940100
postgres,1,insert_emb,-,5685,0,0.005688200
postgres,1,generar_emb,-,5686,0,0.012486200
postgres,1,insert_emb,-,5686,0,0.005758700
postgres,1,generar_emb,-,5687,0,0.012210200
postgres,1,insert_emb,-,5687,0,0.005844000
postgres,1,generar_emb,-,5688,0,0.013826000
postgres,1,insert_emb,-,5688,0,0.005394000
postgres,1,generar_emb,-,5689,0,0.012919600
postgres,1,insert_emb,-,5689,0,0.005481600
postgres,1,generar_emb,-,5690,0,0.011522200
postgres,1,insert_emb,-,5690,0,0.005670800
postgres,1,generar_emb,-,5691,0,0.012320100
postgres,1,insert_emb,-,5691,0,0.005139900
postgres,1,generar_emb,-,5692,0,0.013481300
postgres,1,insert_emb,-,5692,0,0.005816000
postgres,1,generar_emb,-,5693,0,0.013221100
postgres,1,insert_emb,-,5693,0,0.005287700
postgres,1,generar_emb,-,5694,0,0.011688900
postgres,1,insert_emb,-,5694,0,0.005542600
postgres,1,generar_emb,-,5695,0,0.012936900
postgres,1,insert_emb,-,5695,0,0.005380600
postgres,1,generar_emb,-,5696,0,0.014425500
postgres,1,insert_emb,-,5696,0,0.005451100
postgres,1,generar_emb,-,5697,0,0.012243400
postgres,1,insert_emb,-,5697,0,0.005813800
postgres,1,generar_emb,-,5698,0,0.015244700
postgres,1,insert_emb,-,5698,0,0.005588800
postgres,1,generar_emb,-,5699,0,0.013006700
postgres,1,insert_emb,-,5699,0,0.005512300
postgres,1,generar_emb,-,5700,0,0.011133800
postgres,1,insert_emb,-,5700,0,0.005285200
postgres,1,generar_emb,-,5701,0,0.012459500
postgres,1,insert_emb,-,5701,0,0.005255900
postgres,1,generar_emb,-,5702,0,0.013837600
postgres,1,insert_emb,-,5702,0,0.006418300
postgres,1,generar_emb,-,5703,0,0.017045100
postgres,1,insert_emb,-,5703,0,0.005472300
postgres,1,generar_emb,-,5704,0,0.013899100
postgres,1,insert_emb,-,5704,0,0.005665100
postgres,1,generar_emb,-,5705,0,0.015271600
postgres,1,insert_emb,-,5705,0,0.005847200
postgres,1,generar_emb,-,5706,0,0.013946400
postgres,1,insert_emb,-,5706,0,0.005861300
postgres,1,generar_emb,-,5707,0,0.011629500
postgres,1,insert_emb,-,5707,0,0.006126600
postgres,1,generar_emb,-,5708,0,0.014052300
postgres,1,insert_emb,-,5708,0,0.005691500
postgres,1,generar_emb,-,5709,0,0.017956800
postgres,1,insert_emb,-,5709,0,0.005783600
postgres,1,generar_emb,-,5710,0,0.014409700
postgres,1,insert_emb,-,5710,0,0.007483600
postgres,1,generar_emb,-,5711,0,0.017928400
postgres,1,insert_emb,-,5711,0,0.005796600
postgres,1,generar_emb,-,5712,0,0.014422800
postgres,1,insert_emb,-,5712,0,0.005025300
postgres,1,generar_emb,-,5713,0,0.012945200
postgres,1,insert_emb,-,5713,0,0.005471600
postgres,1,generar_emb,-,5714,0,0.016286600
postgres,1,insert_emb,-,5714,0,0.005396800
postgres,1,generar_emb,-,5715,0,0.011347900
postgres,1,insert_emb,-,5715,0,0.005802800
postgres,1,generar_emb,-,5716,0,0.012818200
postgres,1,insert_emb,-,5716,0,0.005707800
postgres,1,generar_emb,-,5717,0,0.010150200
postgres,1,insert_emb,-,5717,0,0.005685200
postgres,1,generar_emb,-,5718,0,0.011383400
postgres,1,insert_emb,-,5718,0,0.005661700
postgres,1,generar_emb,-,5719,0,0.011791900
postgres,1,insert_emb,-,5719,0,0.005474700
postgres,1,generar_emb,-,5720,0,0.011771500
postgres,1,insert_emb,-,5720,0,0.005395400
postgres,1,generar_emb,-,5721,0,0.012228900
postgres,1,insert_emb,-,5721,0,0.005377000
postgres,1,generar_emb,-,5722,0,0.012009900
postgres,1,insert_emb,-,5722,0,0.005073300
postgres,1,generar_emb,-,5723,0,0.014184900
postgres,1,insert_emb,-,5723,0,0.005804100
postgres,1,generar_emb,-,5724,0,0.012047200
postgres,1,insert_emb,-,5724,0,0.005505800
postgres,1,generar_emb,-,5725,0,0.012677600
postgres,1,insert_emb,-,5725,0,0.005249500
postgres,1,generar_emb,-,5726,0,0.014092200
postgres,1,insert_emb,-,5726,0,0.005485700
postgres,1,generar_emb,-,5727,0,0.012462300
postgres,1,insert_emb,-,5727,0,0.005452800
postgres,1,generar_emb,-,5728,0,0.012055100
postgres,1,insert_emb,-,5728,0,0.005148400
postgres,1,generar_emb,-,5729,0,0.013333800
postgres,1,insert_emb,-,5729,0,0.006042000
postgres,1,generar_emb,-,5730,0,0.015616400
postgres,1,insert_emb,-,5730,0,0.005721400
postgres,1,generar_emb,-,5731,0,0.013149700
postgres,1,insert_emb,-,5731,0,0.005198300
postgres,1,generar_emb,-,5732,0,0.013457300
postgres,1,insert_emb,-,5732,0,0.005252700
postgres,1,generar_emb,-,5733,0,0.012909600
postgres,1,insert_emb,-,5733,0,0.005128600
postgres,1,generar_emb,-,5734,0,0.013400900
postgres,1,insert_emb,-,5734,0,0.005412700
postgres,1,generar_emb,-,5735,0,0.012253100
postgres,1,insert_emb,-,5735,0,0.005528700
postgres,1,generar_emb,-,5736,0,0.013295900
postgres,1,insert_emb,-,5736,0,0.005492700
postgres,1,generar_emb,-,5737,0,0.012812900
postgres,1,insert_emb,-,5737,0,0.005605600
postgres,1,generar_emb,-,5738,0,0.012332700
postgres,1,insert_emb,-,5738,0,0.005671500
postgres,1,generar_emb,-,5739,0,0.013415600
postgres,1,insert_emb,-,5739,0,0.005489400
postgres,1,generar_emb,-,5740,0,0.012583000
postgres,1,insert_emb,-,5740,0,0.005630600
postgres,1,generar_emb,-,5741,0,0.010647800
postgres,1,insert_emb,-,5741,0,0.005463800
postgres,1,generar_emb,-,5742,0,0.010573200
postgres,1,insert_emb,-,5742,0,0.006034200
postgres,1,generar_emb,-,5743,0,0.011935100
postgres,1,insert_emb,-,5743,0,0.005355800
postgres,1,generar_emb,-,5744,0,0.011093700
postgres,1,insert_emb,-,5744,0,0.005206000
postgres,1,generar_emb,-,5745,0,0.014928100
postgres,1,insert_emb,-,5745,0,0.005509200
postgres,1,generar_emb,-,5746,0,0.012076000
postgres,1,insert_emb,-,5746,0,0.005236500
postgres,1,generar_emb,-,5747,0,0.014432300
postgres,1,insert_emb,-,5747,0,0.005408000
postgres,1,generar_emb,-,5748,0,0.013450400
postgres,1,insert_emb,-,5748,0,0.005273400
postgres,1,generar_emb,-,5749,0,0.012471300
postgres,1,insert_emb,-,5749,0,0.005326200
postgres,1,generar_emb,-,5750,0,0.013329200
postgres,1,insert_emb,-,5750,0,0.006012700
postgres,1,generar_emb,-,5751,0,0.014213900
postgres,1,insert_emb,-,5751,0,0.005478600
postgres,1,generar_emb,-,5752,0,0.012773300
postgres,1,insert_emb,-,5752,0,0.005873200
postgres,1,generar_emb,-,5753,0,0.013509900
postgres,1,insert_emb,-,5753,0,0.005310500
postgres,1,generar_emb,-,5754,0,0.011335500
postgres,1,insert_emb,-,5754,0,0.005083400
postgres,1,generar_emb,-,5755,0,0.011355000
postgres,1,insert_emb,-,5755,0,0.005504200
postgres,1,generar_emb,-,5756,0,0.012708700
postgres,1,insert_emb,-,5756,0,0.005718000
postgres,1,generar_emb,-,5757,0,0.014696100
postgres,1,insert_emb,-,5757,0,0.005645800
postgres,1,generar_emb,-,5758,0,0.012931600
postgres,1,insert_emb,-,5758,0,0.005262700
postgres,1,generar_emb,-,5759,0,0.012139100
postgres,1,insert_emb,-,5759,0,0.005470300
postgres,1,generar_emb,-,5760,0,0.013564000
postgres,1,insert_emb,-,5760,0,0.005348900
postgres,1,generar_emb,-,5761,0,0.013005500
postgres,1,insert_emb,-,5761,0,0.005254200
postgres,1,generar_emb,-,5762,0,0.012387900
postgres,1,insert_emb,-,5762,0,0.005414500
postgres,1,generar_emb,-,5763,0,0.012367900
postgres,1,insert_emb,-,5763,0,0.005515300
postgres,1,generar_emb,-,5764,0,0.013452900
postgres,1,insert_emb,-,5764,0,0.005382100
postgres,1,generar_emb,-,5765,0,0.010964000
postgres,1,insert_emb,-,5765,0,0.005922400
postgres,1,generar_emb,-,5766,0,0.015122900
postgres,1,insert_emb,-,5766,0,0.005414600
postgres,1,generar_emb,-,5767,0,0.012764300
postgres,1,insert_emb,-,5767,0,0.005359900
postgres,1,generar_emb,-,5768,0,0.012271700
postgres,1,insert_emb,-,5768,0,0.005700000
postgres,1,generar_emb,-,5769,0,0.010795000
postgres,1,insert_emb,-,5769,0,0.005819500
postgres,1,generar_emb,-,5770,0,0.011284300
postgres,1,insert_emb,-,5770,0,0.005670500
postgres,1,generar_emb,-,5771,0,0.012491000
postgres,1,insert_emb,-,5771,0,0.006221300
postgres,1,generar_emb,-,5772,0,0.011596800
postgres,1,insert_emb,-,5772,0,0.005770600
postgres,1,generar_emb,-,5773,0,0.011676900
postgres,1,insert_emb,-,5773,0,0.005545300
postgres,1,generar_emb,-,5774,0,0.012273300
postgres,1,insert_emb,-,5774,0,0.005236100
postgres,1,generar_emb,-,5775,0,0.011561900
postgres,1,insert_emb,-,5775,0,0.005768100
postgres,1,generar_emb,-,5776,0,0.011898000
postgres,1,insert_emb,-,5776,0,0.005125400
postgres,1,generar_emb,-,5777,0,0.016065000
postgres,1,insert_emb,-,5777,0,0.005703600
postgres,1,generar_emb,-,5778,0,0.012403800
postgres,1,insert_emb,-,5778,0,0.005670600
postgres,1,generar_emb,-,5779,0,0.011085200
postgres,1,insert_emb,-,5779,0,0.005726300
postgres,1,generar_emb,-,5780,0,0.011249400
postgres,1,insert_emb,-,5780,0,0.005641100
postgres,1,generar_emb,-,5781,0,0.011344200
postgres,1,insert_emb,-,5781,0,0.005060000
postgres,1,generar_emb,-,5782,0,0.011812100
postgres,1,insert_emb,-,5782,0,0.005567000
postgres,1,generar_emb,-,5783,0,0.013902800
postgres,1,insert_emb,-,5783,0,0.005339500
postgres,1,generar_emb,-,5784,0,0.012552200
postgres,1,insert_emb,-,5784,0,0.005692600
postgres,1,generar_emb,-,5785,0,0.014681500
postgres,1,insert_emb,-,5785,0,0.006494100
postgres,1,generar_emb,-,5786,0,0.014414000
postgres,1,insert_emb,-,5786,0,0.006198100
postgres,1,generar_emb,-,5787,0,0.011335800
postgres,1,insert_emb,-,5787,0,0.005659700
postgres,1,generar_emb,-,5788,0,0.012340100
postgres,1,insert_emb,-,5788,0,0.005483800
postgres,1,generar_emb,-,5789,0,0.014378000
postgres,1,insert_emb,-,5789,0,0.005754600
postgres,1,generar_emb,-,5790,0,0.011592400
postgres,1,insert_emb,-,5790,0,0.005533900
postgres,1,generar_emb,-,5791,0,0.014065700
postgres,1,insert_emb,-,5791,0,0.005687700
postgres,1,generar_emb,-,5792,0,0.011089600
postgres,1,insert_emb,-,5792,0,0.005450400
postgres,1,generar_emb,-,5793,0,0.012692800
postgres,1,insert_emb,-,5793,0,0.005237700
postgres,1,generar_emb,-,5794,0,0.014117200
postgres,1,insert_emb,-,5794,0,0.005197500
postgres,1,generar_emb,-,5795,0,0.012672600
postgres,1,insert_emb,-,5795,0,0.005639700
postgres,1,generar_emb,-,5796,0,0.011647700
postgres,1,insert_emb,-,5796,0,0.005167500
postgres,1,generar_emb,-,5797,0,0.014448500
postgres,1,insert_emb,-,5797,0,0.005929100
postgres,1,generar_emb,-,5798,0,0.011928100
postgres,1,insert_emb,-,5798,0,0.005442000
postgres,1,generar_emb,-,5799,0,0.011999100
postgres,1,insert_emb,-,5799,0,0.005603100
postgres,1,generar_emb,-,5800,0,0.012312900
postgres,1,insert_emb,-,5800,0,0.005609100
postgres,1,generar_emb,-,5801,0,0.013071600
postgres,1,insert_emb,-,5801,0,0.005393500
postgres,1,generar_emb,-,5802,0,0.013120100
postgres,1,insert_emb,-,5802,0,0.005608000
postgres,1,generar_emb,-,5803,0,0.013039500
postgres,1,insert_emb,-,5803,0,0.005387100
postgres,1,generar_emb,-,5804,0,0.013826300
postgres,1,insert_emb,-,5804,0,0.005371800
postgres,1,generar_emb,-,5805,0,0.015648900
postgres,1,insert_emb,-,5805,0,0.006216100
postgres,1,generar_emb,-,5806,0,0.015475800
postgres,1,insert_emb,-,5806,0,0.005484700
postgres,1,generar_emb,-,5807,0,0.011935700
postgres,1,insert_emb,-,5807,0,0.005405400
postgres,1,generar_emb,-,5808,0,0.012514000
postgres,1,insert_emb,-,5808,0,0.006059300
postgres,1,generar_emb,-,5809,0,0.012928000
postgres,1,insert_emb,-,5809,0,0.005806300
postgres,1,generar_emb,-,5810,0,0.015108800
postgres,1,insert_emb,-,5810,0,0.006705400
postgres,1,generar_emb,-,5811,0,0.012814100
postgres,1,insert_emb,-,5811,0,0.005287600
postgres,1,generar_emb,-,5812,0,0.013052500
postgres,1,insert_emb,-,5812,0,0.005740100
postgres,1,generar_emb,-,5813,0,0.016146700
postgres,1,insert_emb,-,5813,0,0.005786800
postgres,1,generar_emb,-,5814,0,0.012237400
postgres,1,insert_emb,-,5814,0,0.005884300
postgres,1,generar_emb,-,5815,0,0.013469200
postgres,1,insert_emb,-,5815,0,0.006168400
postgres,1,generar_emb,-,5816,0,0.011744700
postgres,1,insert_emb,-,5816,0,0.005463000
postgres,1,generar_emb,-,5817,0,0.010973400
postgres,1,insert_emb,-,5817,0,0.005310900
postgres,1,generar_emb,-,5818,0,0.013496200
postgres,1,insert_emb,-,5818,0,0.005711400
postgres,1,generar_emb,-,5819,0,0.014461600
postgres,1,insert_emb,-,5819,0,0.005415600
postgres,1,generar_emb,-,5820,0,0.011931300
postgres,1,insert_emb,-,5820,0,0.005482700
postgres,1,generar_emb,-,5821,0,0.011207800
postgres,1,insert_emb,-,5821,0,0.005440600
postgres,1,generar_emb,-,5822,0,0.012481300
postgres,1,insert_emb,-,5822,0,0.005480500
postgres,1,generar_emb,-,5823,0,0.011546600
postgres,1,insert_emb,-,5823,0,0.005247000
postgres,1,generar_emb,-,5824,0,0.013280300
postgres,1,insert_emb,-,5824,0,0.005013400
postgres,1,generar_emb,-,5825,0,0.013157500
postgres,1,insert_emb,-,5825,0,0.005378100
postgres,1,generar_emb,-,5826,0,0.013299100
postgres,1,insert_emb,-,5826,0,0.005468800
postgres,1,generar_emb,-,5827,0,0.012373900
postgres,1,insert_emb,-,5827,0,0.005477500
postgres,1,generar_emb,-,5828,0,0.011598900
postgres,1,insert_emb,-,5828,0,0.005244500
postgres,1,generar_emb,-,5829,0,0.013609400
postgres,1,insert_emb,-,5829,0,0.005753800
postgres,1,generar_emb,-,5830,0,0.010957600
postgres,1,insert_emb,-,5830,0,0.005705300
postgres,1,generar_emb,-,5831,0,0.013671500
postgres,1,insert_emb,-,5831,0,0.005297500
postgres,1,generar_emb,-,5832,0,0.014209300
postgres,1,insert_emb,-,5832,0,0.005358600
postgres,1,generar_emb,-,5833,0,0.012585700
postgres,1,insert_emb,-,5833,0,0.005307100
postgres,1,generar_emb,-,5834,0,0.011275900
postgres,1,insert_emb,-,5834,0,0.005373900
postgres,1,generar_emb,-,5835,0,0.013848700
postgres,1,insert_emb,-,5835,0,0.005554000
postgres,1,generar_emb,-,5836,0,0.011219500
postgres,1,insert_emb,-,5836,0,0.005049300
postgres,1,generar_emb,-,5837,0,0.012789000
postgres,1,insert_emb,-,5837,0,0.005496200
postgres,1,generar_emb,-,5838,0,0.013061100
postgres,1,insert_emb,-,5838,0,0.005278000
postgres,1,generar_emb,-,5839,0,0.016631400
postgres,1,insert_emb,-,5839,0,0.006033600
postgres,1,generar_emb,-,5840,0,0.018807300
postgres,1,insert_emb,-,5840,0,0.005707700
postgres,1,generar_emb,-,5841,0,0.013901000
postgres,1,insert_emb,-,5841,0,0.006043700
postgres,1,generar_emb,-,5842,0,0.011388400
postgres,1,insert_emb,-,5842,0,0.005424200
postgres,1,generar_emb,-,5843,0,0.012308400
postgres,1,insert_emb,-,5843,0,0.005437300
postgres,1,generar_emb,-,5844,0,0.011777100
postgres,1,insert_emb,-,5844,0,0.005854200
postgres,1,generar_emb,-,5845,0,0.010983000
postgres,1,insert_emb,-,5845,0,0.005936400
postgres,1,generar_emb,-,5846,0,0.012773200
postgres,1,insert_emb,-,5846,0,0.005886300
postgres,1,generar_emb,-,5847,0,0.013072600
postgres,1,insert_emb,-,5847,0,0.005643300
postgres,1,generar_emb,-,5848,0,0.011134200
postgres,1,insert_emb,-,5848,0,0.005515300
postgres,1,generar_emb,-,5849,0,0.016327200
postgres,1,insert_emb,-,5849,0,0.005327000
postgres,1,generar_emb,-,5850,0,0.014827200
postgres,1,insert_emb,-,5850,0,0.006217900
postgres,1,generar_emb,-,5851,0,0.014670700
postgres,1,insert_emb,-,5851,0,0.006044400
postgres,1,generar_emb,-,5852,0,0.016283800
postgres,1,insert_emb,-,5852,0,0.005709400
postgres,1,generar_emb,-,5853,0,0.017097100
postgres,1,insert_emb,-,5853,0,0.006125400
postgres,1,generar_emb,-,5854,0,0.011320000
postgres,1,insert_emb,-,5854,0,0.005454600
postgres,1,generar_emb,-,5855,0,0.013919900
postgres,1,insert_emb,-,5855,0,0.005983700
postgres,1,generar_emb,-,5856,0,0.012974600
postgres,1,insert_emb,-,5856,0,0.005595300
postgres,1,generar_emb,-,5857,0,0.014606000
postgres,1,insert_emb,-,5857,0,0.005580500
postgres,1,generar_emb,-,5858,0,0.013353200
postgres,1,insert_emb,-,5858,0,0.005819200
postgres,1,generar_emb,-,5859,0,0.011872400
postgres,1,insert_emb,-,5859,0,0.005761700
postgres,1,generar_emb,-,5860,0,0.012776300
postgres,1,insert_emb,-,5860,0,0.005907900
postgres,1,generar_emb,-,5861,0,0.012593700
postgres,1,insert_emb,-,5861,0,0.006043800
postgres,1,generar_emb,-,5862,0,0.011218000
postgres,1,insert_emb,-,5862,0,0.005960600
postgres,1,generar_emb,-,5863,0,0.017573500
postgres,1,insert_emb,-,5863,0,0.006176000
postgres,1,generar_emb,-,5864,0,0.016960000
postgres,1,insert_emb,-,5864,0,0.005501700
postgres,1,generar_emb,-,5865,0,0.015430900
postgres,1,insert_emb,-,5865,0,0.006108200
postgres,1,generar_emb,-,5866,0,0.017144500
postgres,1,insert_emb,-,5866,0,0.006129000
postgres,1,generar_emb,-,5867,0,0.013773100
postgres,1,insert_emb,-,5867,0,0.005699800
postgres,1,generar_emb,-,5868,0,0.012251400
postgres,1,insert_emb,-,5868,0,0.006115000
postgres,1,generar_emb,-,5869,0,0.014954700
postgres,1,insert_emb,-,5869,0,0.006476600
postgres,1,generar_emb,-,5870,0,0.012072300
postgres,1,insert_emb,-,5870,0,0.006082200
postgres,1,generar_emb,-,5871,0,0.015050700
postgres,1,insert_emb,-,5871,0,0.006186100
postgres,1,generar_emb,-,5872,0,0.013571200
postgres,1,insert_emb,-,5872,0,0.005650900
postgres,1,generar_emb,-,5873,0,0.012007200
postgres,1,insert_emb,-,5873,0,0.005936000
postgres,1,generar_emb,-,5874,0,0.015653800
postgres,1,insert_emb,-,5874,0,0.005932200
postgres,1,generar_emb,-,5875,0,0.012939100
postgres,1,insert_emb,-,5875,0,0.005533600
postgres,1,generar_emb,-,5876,0,0.012784200
postgres,1,insert_emb,-,5876,0,0.005714100
postgres,1,generar_emb,-,5877,0,0.013866500
postgres,1,insert_emb,-,5877,0,0.005728400
postgres,1,generar_emb,-,5878,0,0.013882000
postgres,1,insert_emb,-,5878,0,0.005592600
postgres,1,generar_emb,-,5879,0,0.014198400
postgres,1,insert_emb,-,5879,0,0.005767600
postgres,1,generar_emb,-,5880,0,0.013412600
postgres,1,insert_emb,-,5880,0,0.006285500
postgres,1,generar_emb,-,5881,0,0.013307900
postgres,1,insert_emb,-,5881,0,0.005758000
postgres,1,generar_emb,-,5882,0,0.012559700
postgres,1,insert_emb,-,5882,0,0.005501100
postgres,1,generar_emb,-,5883,0,0.015884900
postgres,1,insert_emb,-,5883,0,0.005989500
postgres,1,generar_emb,-,5884,0,0.014288200
postgres,1,insert_emb,-,5884,0,0.005610900
postgres,1,generar_emb,-,5885,0,0.014695700
postgres,1,insert_emb,-,5885,0,0.006031900
postgres,1,generar_emb,-,5886,0,0.011923900
postgres,1,insert_emb,-,5886,0,0.005720500
postgres,1,generar_emb,-,5887,0,0.011122400
postgres,1,insert_emb,-,5887,0,0.005855000
postgres,1,generar_emb,-,5888,0,0.011749200
postgres,1,insert_emb,-,5888,0,0.005761000
postgres,1,generar_emb,-,5889,0,0.013712700
postgres,1,insert_emb,-,5889,0,0.005674200
postgres,1,generar_emb,-,5890,0,0.015933700
postgres,1,insert_emb,-,5890,0,0.006183300
postgres,1,generar_emb,-,5891,0,0.015401100
postgres,1,insert_emb,-,5891,0,0.005856400
postgres,1,generar_emb,-,5892,0,0.018172400
postgres,1,insert_emb,-,5892,0,0.006001700
postgres,1,generar_emb,-,5893,0,0.015931700
postgres,1,insert_emb,-,5893,0,0.005987600
postgres,1,generar_emb,-,5894,0,0.012591800
postgres,1,insert_emb,-,5894,0,0.005773000
postgres,1,generar_emb,-,5895,0,0.012052100
postgres,1,insert_emb,-,5895,0,0.005379900
postgres,1,generar_emb,-,5896,0,0.015702400
postgres,1,insert_emb,-,5896,0,0.005490000
postgres,1,generar_emb,-,5897,0,0.014757400
postgres,1,insert_emb,-,5897,0,0.005932300
postgres,1,generar_emb,-,5898,0,0.015061300
postgres,1,insert_emb,-,5898,0,0.005812800
postgres,1,generar_emb,-,5899,0,0.012725400
postgres,1,insert_emb,-,5899,0,0.005371500
postgres,1,generar_emb,-,5900,0,0.013392600
postgres,1,insert_emb,-,5900,0,0.005410700
postgres,1,generar_emb,-,5901,0,0.014123300
postgres,1,insert_emb,-,5901,0,0.006025200
postgres,1,generar_emb,-,5902,0,0.012556000
postgres,1,insert_emb,-,5902,0,0.005589700
postgres,1,generar_emb,-,5903,0,0.013000800
postgres,1,insert_emb,-,5903,0,0.005691600
postgres,1,generar_emb,-,5904,0,0.013305100
postgres,1,insert_emb,-,5904,0,0.005349900
postgres,1,generar_emb,-,5905,0,0.011924900
postgres,1,insert_emb,-,5905,0,0.005399900
postgres,1,generar_emb,-,5906,0,0.013976500
postgres,1,insert_emb,-,5906,0,0.005272600
postgres,1,generar_emb,-,5907,0,0.012099800
postgres,1,insert_emb,-,5907,0,0.005175700
postgres,1,generar_emb,-,5908,0,0.011041300
postgres,1,insert_emb,-,5908,0,0.005384100
postgres,1,generar_emb,-,5909,0,0.011042400
postgres,1,insert_emb,-,5909,0,0.005475700
postgres,1,generar_emb,-,5910,0,0.011853300
postgres,1,insert_emb,-,5910,0,0.005917900
postgres,1,generar_emb,-,5911,0,0.012288200
postgres,1,insert_emb,-,5911,0,0.005733200
postgres,1,generar_emb,-,5912,0,0.012423000
postgres,1,insert_emb,-,5912,0,0.005490800
postgres,1,generar_emb,-,5913,0,0.011130500
postgres,1,insert_emb,-,5913,0,0.005098800
postgres,1,generar_emb,-,5914,0,0.011355100
postgres,1,insert_emb,-,5914,0,0.005220100
postgres,1,generar_emb,-,5915,0,0.011387600
postgres,1,insert_emb,-,5915,0,0.005549500
postgres,1,generar_emb,-,5916,0,0.013078200
postgres,1,insert_emb,-,5916,0,0.005229800
postgres,1,generar_emb,-,5917,0,0.016175400
postgres,1,insert_emb,-,5917,0,0.005440500
postgres,1,generar_emb,-,5918,0,0.012074700
postgres,1,insert_emb,-,5918,0,0.005201400
postgres,1,generar_emb,-,5919,0,0.011053800
postgres,1,insert_emb,-,5919,0,0.005284400
postgres,1,generar_emb,-,5920,0,0.012488700
postgres,1,insert_emb,-,5920,0,0.005399300
postgres,1,generar_emb,-,5921,0,0.014361600
postgres,1,insert_emb,-,5921,0,0.006094500
postgres,1,generar_emb,-,5922,0,0.015059900
postgres,1,insert_emb,-,5922,0,0.005507800
postgres,1,generar_emb,-,5923,0,0.011891700
postgres,1,insert_emb,-,5923,0,0.005681700
postgres,1,generar_emb,-,5924,0,0.013459700
postgres,1,insert_emb,-,5924,0,0.006540900
postgres,1,generar_emb,-,5925,0,0.012943800
postgres,1,insert_emb,-,5925,0,0.005521600
postgres,1,generar_emb,-,5926,0,0.012652200
postgres,1,insert_emb,-,5926,0,0.005020100
postgres,1,generar_emb,-,5927,0,0.012196200
postgres,1,insert_emb,-,5927,0,0.005136500
postgres,1,generar_emb,-,5928,0,0.013663200
postgres,1,insert_emb,-,5928,0,0.005009300
postgres,1,generar_emb,-,5929,0,0.013455400
postgres,1,insert_emb,-,5929,0,0.005343800
postgres,1,generar_emb,-,5930,0,0.012307300
postgres,1,insert_emb,-,5930,0,0.005195100
postgres,1,generar_emb,-,5931,0,0.010749800
postgres,1,insert_emb,-,5931,0,0.005216000
postgres,1,generar_emb,-,5932,0,0.010900300
postgres,1,insert_emb,-,5932,0,0.004990000
postgres,1,generar_emb,-,5933,0,0.010610900
postgres,1,insert_emb,-,5933,0,0.005020400
postgres,1,generar_emb,-,5934,0,0.013185000
postgres,1,insert_emb,-,5934,0,0.005358800
postgres,1,generar_emb,-,5935,0,0.013570100
postgres,1,insert_emb,-,5935,0,0.005229300
postgres,1,generar_emb,-,5936,0,0.013274600
postgres,1,insert_emb,-,5936,0,0.005320700
postgres,1,generar_emb,-,5937,0,0.012793100
postgres,1,insert_emb,-,5937,0,0.005462000
postgres,1,generar_emb,-,5938,0,0.011342000
postgres,1,insert_emb,-,5938,0,0.005179200
postgres,1,generar_emb,-,5939,0,0.011501100
postgres,1,insert_emb,-,5939,0,0.005260000
postgres,1,generar_emb,-,5940,0,0.012736000
postgres,1,insert_emb,-,5940,0,0.005377100
postgres,1,generar_emb,-,5941,0,0.011340600
postgres,1,insert_emb,-,5941,0,0.005491000
postgres,1,generar_emb,-,5942,0,0.011928200
postgres,1,insert_emb,-,5942,0,0.005309600
postgres,1,generar_emb,-,5943,0,0.011467800
postgres,1,insert_emb,-,5943,0,0.005544200
postgres,1,generar_emb,-,5944,0,0.015003500
postgres,1,insert_emb,-,5944,0,0.005586400
postgres,1,generar_emb,-,5945,0,0.013167500
postgres,1,insert_emb,-,5945,0,0.005362600
postgres,1,generar_emb,-,5946,0,0.012532700
postgres,1,insert_emb,-,5946,0,0.005325700
postgres,1,generar_emb,-,5947,0,0.014895600
postgres,1,insert_emb,-,5947,0,0.005893000
postgres,1,generar_emb,-,5948,0,0.013864100
postgres,1,insert_emb,-,5948,0,0.005452800
postgres,1,generar_emb,-,5949,0,0.013263400
postgres,1,insert_emb,-,5949,0,0.005550900
postgres,1,generar_emb,-,5950,0,0.012442700
postgres,1,insert_emb,-,5950,0,0.005651700
postgres,1,generar_emb,-,5951,0,0.012361800
postgres,1,insert_emb,-,5951,0,0.005958800
postgres,1,generar_emb,-,5952,0,0.015946000
postgres,1,insert_emb,-,5952,0,0.005719000
postgres,1,generar_emb,-,5953,0,0.010726200
postgres,1,insert_emb,-,5953,0,0.006015600
postgres,1,generar_emb,-,5954,0,0.011122600
postgres,1,insert_emb,-,5954,0,0.005648500
postgres,1,generar_emb,-,5955,0,0.011401500
postgres,1,insert_emb,-,5955,0,0.006065200
postgres,1,generar_emb,-,5956,0,0.011883500
postgres,1,insert_emb,-,5956,0,0.005971100
postgres,1,generar_emb,-,5957,0,0.010879200
postgres,1,insert_emb,-,5957,0,0.005550100
postgres,1,generar_emb,-,5958,0,0.019037700
postgres,1,insert_emb,-,5958,0,0.007916400
postgres,1,generar_emb,-,5959,0,0.017725800
postgres,1,insert_emb,-,5959,0,0.007918100
postgres,1,generar_emb,-,5960,0,0.027257500
postgres,1,insert_emb,-,5960,0,0.006988800
postgres,1,generar_emb,-,5961,0,0.016932900
postgres,1,insert_emb,-,5961,0,0.005683800
postgres,1,generar_emb,-,5962,0,0.011471600
postgres,1,insert_emb,-,5962,0,0.005572400
postgres,1,generar_emb,-,5963,0,0.013047600
postgres,1,insert_emb,-,5963,0,0.005641400
postgres,1,generar_emb,-,5964,0,0.013921300
postgres,1,insert_emb,-,5964,0,0.005761600
postgres,1,generar_emb,-,5965,0,0.016996100
postgres,1,insert_emb,-,5965,0,0.005507700
postgres,1,generar_emb,-,5966,0,0.011573700
postgres,1,insert_emb,-,5966,0,0.005284900
postgres,1,generar_emb,-,5967,0,0.011063200
postgres,1,insert_emb,-,5967,0,0.005369300
postgres,1,generar_emb,-,5968,0,0.012100900
postgres,1,insert_emb,-,5968,0,0.005230900
postgres,1,generar_emb,-,5969,0,0.011212600
postgres,1,insert_emb,-,5969,0,0.005296300
postgres,1,generar_emb,-,5970,0,0.012989400
postgres,1,insert_emb,-,5970,0,0.005583200
postgres,1,generar_emb,-,5971,0,0.013348300
postgres,1,insert_emb,-,5971,0,0.005794700
postgres,1,generar_emb,-,5972,0,0.010871600
postgres,1,insert_emb,-,5972,0,0.005607300
postgres,1,generar_emb,-,5973,0,0.015624700
postgres,1,insert_emb,-,5973,0,0.005845000
postgres,1,generar_emb,-,5974,0,0.011575300
postgres,1,insert_emb,-,5974,0,0.005108700
postgres,1,generar_emb,-,5975,0,0.013025000
postgres,1,insert_emb,-,5975,0,0.005617600
postgres,1,generar_emb,-,5976,0,0.014623400
postgres,1,insert_emb,-,5976,0,0.005530700
postgres,1,generar_emb,-,5977,0,0.013008400
postgres,1,insert_emb,-,5977,0,0.005610400
postgres,1,generar_emb,-,5978,0,0.012646000
postgres,1,insert_emb,-,5978,0,0.005489900
postgres,1,generar_emb,-,5979,0,0.011601400
postgres,1,insert_emb,-,5979,0,0.005317400
postgres,1,generar_emb,-,5980,0,0.016344200
postgres,1,insert_emb,-,5980,0,0.005312400
postgres,1,generar_emb,-,5981,0,0.012691400
postgres,1,insert_emb,-,5981,0,0.005075100
postgres,1,generar_emb,-,5982,0,0.012642800
postgres,1,insert_emb,-,5982,0,0.005533000
postgres,1,generar_emb,-,5983,0,0.012713300
postgres,1,insert_emb,-,5983,0,0.005698200
postgres,1,generar_emb,-,5984,0,0.012333300
postgres,1,insert_emb,-,5984,0,0.005293000
postgres,1,generar_emb,-,5985,0,0.010935200
postgres,1,insert_emb,-,5985,0,0.005595600
postgres,1,generar_emb,-,5986,0,0.013317100
postgres,1,insert_emb,-,5986,0,0.006070200
postgres,1,generar_emb,-,5987,0,0.013715900
postgres,1,insert_emb,-,5987,0,0.005364700
postgres,1,generar_emb,-,5988,0,0.012281800
postgres,1,insert_emb,-,5988,0,0.005363600
postgres,1,generar_emb,-,5989,0,0.013527800
postgres,1,insert_emb,-,5989,0,0.005241200
postgres,1,generar_emb,-,5990,0,0.011439400
postgres,1,insert_emb,-,5990,0,0.005513700
postgres,1,generar_emb,-,5991,0,0.013307900
postgres,1,insert_emb,-,5991,0,0.005278500
postgres,1,generar_emb,-,5992,0,0.013658900
postgres,1,insert_emb,-,5992,0,0.005541000
postgres,1,generar_emb,-,5993,0,0.012865600
postgres,1,insert_emb,-,5993,0,0.006123600
postgres,1,generar_emb,-,5994,0,0.051319600
postgres,1,insert_emb,-,5994,0,0.006931500
postgres,1,generar_emb,-,5995,0,0.022536400
postgres,1,insert_emb,-,5995,0,0.005855200
postgres,1,generar_emb,-,5996,0,0.013467500
postgres,1,insert_emb,-,5996,0,0.005162600
postgres,1,generar_emb,-,5997,0,0.011401000
postgres,1,insert_emb,-,5997,0,0.005511600
postgres,1,generar_emb,-,5998,0,0.014018100
postgres,1,insert_emb,-,5998,0,0.005343100
postgres,1,generar_emb,-,5999,0,0.012943500
postgres,1,insert_emb,-,5999,0,0.005665400
postgres,1,generar_emb,-,6000,0,0.012101800
postgres,1,insert_emb,-,6000,0,0.005495800
postgres,1,generar_emb,-,6001,0,0.011571700
postgres,1,insert_emb,-,6001,0,0.005445300
postgres,1,generar_emb,-,6002,0,0.011555700
postgres,1,insert_emb,-,6002,0,0.005177500
postgres,1,generar_emb,-,6003,0,0.014567000
postgres,1,insert_emb,-,6003,0,0.005758300
postgres,1,generar_emb,-,6004,0,0.012035100
postgres,1,insert_emb,-,6004,0,0.005204000
postgres,1,generar_emb,-,6005,0,0.010600400
postgres,1,insert_emb,-,6005,0,0.005369100
postgres,1,generar_emb,-,6006,0,0.012017900
postgres,1,insert_emb,-,6006,0,0.005287800
postgres,1,generar_emb,-,6007,0,0.012012100
postgres,1,insert_emb,-,6007,0,0.005264700
postgres,1,generar_emb,-,6008,0,0.013034400
postgres,1,insert_emb,-,6008,0,0.005782800
postgres,1,generar_emb,-,6009,0,0.012498500
postgres,1,insert_emb,-,6009,0,0.005192400
postgres,1,generar_emb,-,6010,0,0.011348500
postgres,1,insert_emb,-,6010,0,0.005376800
postgres,1,generar_emb,-,6011,0,0.011605000
postgres,1,insert_emb,-,6011,0,0.005608700
postgres,1,generar_emb,-,6012,0,0.012607400
postgres,1,insert_emb,-,6012,0,0.005290300
postgres,1,generar_emb,-,6013,0,0.012495000
postgres,1,insert_emb,-,6013,0,0.005261000
postgres,1,generar_emb,-,6014,0,0.012869500
postgres,1,insert_emb,-,6014,0,0.005007600
postgres,1,generar_emb,-,6015,0,0.012024600
postgres,1,insert_emb,-,6015,0,0.005569300
postgres,1,generar_emb,-,6016,0,0.012122200
postgres,1,insert_emb,-,6016,0,0.005649700
postgres,1,generar_emb,-,6017,0,0.014417000
postgres,1,insert_emb,-,6017,0,0.005188100
postgres,1,generar_emb,-,6018,0,0.012933200
postgres,1,insert_emb,-,6018,0,0.004994800
postgres,1,generar_emb,-,6019,0,0.013177600
postgres,1,insert_emb,-,6019,0,0.005631300
postgres,1,generar_emb,-,6020,0,0.010701400
postgres,1,insert_emb,-,6020,0,0.005691000
postgres,1,generar_emb,-,6021,0,0.012175500
postgres,1,insert_emb,-,6021,0,0.005447800
postgres,1,generar_emb,-,6022,0,0.010865700
postgres,1,insert_emb,-,6022,0,0.005361200
postgres,1,generar_emb,-,6023,0,0.013358800
postgres,1,insert_emb,-,6023,0,0.004879900
postgres,1,generar_emb,-,6024,0,0.010656700
postgres,1,insert_emb,-,6024,0,0.005076800
postgres,1,generar_emb,-,6025,0,0.012809300
postgres,1,insert_emb,-,6025,0,0.005266000
postgres,1,generar_emb,-,6026,0,0.013465500
postgres,1,insert_emb,-,6026,0,0.005934300
postgres,1,generar_emb,-,6027,0,0.014880500
postgres,1,insert_emb,-,6027,0,0.005585400
postgres,1,generar_emb,-,6028,0,0.011873100
postgres,1,insert_emb,-,6028,0,0.005454700
postgres,1,generar_emb,-,6029,0,0.013400800
postgres,1,insert_emb,-,6029,0,0.005200800
postgres,1,generar_emb,-,6030,0,0.013475400
postgres,1,insert_emb,-,6030,0,0.005379000
postgres,1,generar_emb,-,6031,0,0.014333100
postgres,1,insert_emb,-,6031,0,0.005309100
postgres,1,generar_emb,-,6032,0,0.011464000
postgres,1,insert_emb,-,6032,0,0.004984400
postgres,1,generar_emb,-,6033,0,0.013398000
postgres,1,insert_emb,-,6033,0,0.004995200
postgres,1,generar_emb,-,6034,0,0.013256100
postgres,1,insert_emb,-,6034,0,0.005363700
postgres,1,generar_emb,-,6035,0,0.012665900
postgres,1,insert_emb,-,6035,0,0.004859200
postgres,1,generar_emb,-,6036,0,0.012953900
postgres,1,insert_emb,-,6036,0,0.004959500
postgres,1,generar_emb,-,6037,0,0.011741100
postgres,1,insert_emb,-,6037,0,0.004879300
postgres,1,generar_emb,-,6038,0,0.012579300
postgres,1,insert_emb,-,6038,0,0.005051600
postgres,1,generar_emb,-,6039,0,0.012393600
postgres,1,insert_emb,-,6039,0,0.004902600
postgres,1,generar_emb,-,6040,0,0.011660600
postgres,1,insert_emb,-,6040,0,0.005123600
postgres,1,generar_emb,-,6041,0,0.013600800
postgres,1,insert_emb,-,6041,0,0.007183300
postgres,1,generar_emb,-,6042,0,0.014974300
postgres,1,insert_emb,-,6042,0,0.004981800
postgres,1,generar_emb,-,6043,0,0.013978200
postgres,1,insert_emb,-,6043,0,0.005168700
postgres,1,generar_emb,-,6044,0,0.011424300
postgres,1,insert_emb,-,6044,0,0.005136700
postgres,1,generar_emb,-,6045,0,0.017193400
postgres,1,insert_emb,-,6045,0,0.005751000
postgres,1,generar_emb,-,6046,0,0.013798400
postgres,1,insert_emb,-,6046,0,0.004953000
postgres,1,generar_emb,-,6047,0,0.015743400
postgres,1,insert_emb,-,6047,0,0.006463700
postgres,1,generar_emb,-,6048,0,0.015972000
postgres,1,insert_emb,-,6048,0,0.005920400
postgres,1,generar_emb,-,6049,0,0.012444100
postgres,1,insert_emb,-,6049,0,0.005007000
postgres,1,generar_emb,-,6050,0,0.015942200
postgres,1,insert_emb,-,6050,0,0.005603000
postgres,1,generar_emb,-,6051,0,0.013723000
postgres,1,insert_emb,-,6051,0,0.005330300
postgres,1,generar_emb,-,6052,0,0.012207000
postgres,1,insert_emb,-,6052,0,0.005391500
postgres,1,generar_emb,-,6053,0,0.012848700
postgres,1,insert_emb,-,6053,0,0.005419300
postgres,1,generar_emb,-,6054,0,0.012921900
postgres,1,insert_emb,-,6054,0,0.005004400
postgres,1,generar_emb,-,6055,0,0.012715800
postgres,1,insert_emb,-,6055,0,0.005054400
postgres,1,generar_emb,-,6056,0,0.010915000
postgres,1,insert_emb,-,6056,0,0.005119900
postgres,1,generar_emb,-,6057,0,0.013465000
postgres,1,insert_emb,-,6057,0,0.005786700
postgres,1,generar_emb,-,6058,0,0.012449300
postgres,1,insert_emb,-,6058,0,0.005597300
postgres,1,generar_emb,-,6059,0,0.010880000
postgres,1,insert_emb,-,6059,0,0.005287100
postgres,1,generar_emb,-,6060,0,0.011230600
postgres,1,insert_emb,-,6060,0,0.005247100
postgres,1,generar_emb,-,6061,0,0.012915600
postgres,1,insert_emb,-,6061,0,0.004988100
postgres,1,generar_emb,-,6062,0,0.012572400
postgres,1,insert_emb,-,6062,0,0.005147900
postgres,1,generar_emb,-,6063,0,0.012709700
postgres,1,insert_emb,-,6063,0,0.004848100
postgres,1,generar_emb,-,6064,0,0.013421200
postgres,1,insert_emb,-,6064,0,0.005868600
postgres,1,generar_emb,-,6065,0,0.012815300
postgres,1,insert_emb,-,6065,0,0.005462900
postgres,1,generar_emb,-,6066,0,0.010654200
postgres,1,insert_emb,-,6066,0,0.005315600
postgres,1,generar_emb,-,6067,0,0.011545300
postgres,1,insert_emb,-,6067,0,0.005325200
postgres,1,generar_emb,-,6068,0,0.013083400
postgres,1,insert_emb,-,6068,0,0.005097800
postgres,1,generar_emb,-,6069,0,0.012398400
postgres,1,insert_emb,-,6069,0,0.005329300
postgres,1,generar_emb,-,6070,0,0.012957600
postgres,1,insert_emb,-,6070,0,0.005767100
postgres,1,generar_emb,-,6071,0,0.011586700
postgres,1,insert_emb,-,6071,0,0.004900100
postgres,1,generar_emb,-,6072,0,0.010678400
postgres,1,insert_emb,-,6072,0,0.004946300
postgres,1,generar_emb,-,6073,0,0.012620500
postgres,1,insert_emb,-,6073,0,0.005098600
postgres,1,generar_emb,-,6074,0,0.013827800
postgres,1,insert_emb,-,6074,0,0.005719600
postgres,1,generar_emb,-,6075,0,0.012295800
postgres,1,insert_emb,-,6075,0,0.005253300
postgres,1,generar_emb,-,6076,0,0.012378800
postgres,1,insert_emb,-,6076,0,0.005145600
postgres,1,generar_emb,-,6077,0,0.013407700
postgres,1,insert_emb,-,6077,0,0.005502600
postgres,1,generar_emb,-,6078,0,0.011970800
postgres,1,insert_emb,-,6078,0,0.005661000
postgres,1,generar_emb,-,6079,0,0.011654400
postgres,1,insert_emb,-,6079,0,0.005351600
postgres,1,generar_emb,-,6080,0,0.011245200
postgres,1,insert_emb,-,6080,0,0.005398100
postgres,1,generar_emb,-,6081,0,0.011106200
postgres,1,insert_emb,-,6081,0,0.005413700
postgres,1,generar_emb,-,6082,0,0.011042300
postgres,1,insert_emb,-,6082,0,0.005499800
postgres,1,generar_emb,-,6083,0,0.011390400
postgres,1,insert_emb,-,6083,0,0.005239900
postgres,1,generar_emb,-,6084,0,0.012348700
postgres,1,insert_emb,-,6084,0,0.005193900
postgres,1,generar_emb,-,6085,0,0.012068000
postgres,1,insert_emb,-,6085,0,0.005892000
postgres,1,generar_emb,-,6086,0,0.011299800
postgres,1,insert_emb,-,6086,0,0.005259400
postgres,1,generar_emb,-,6087,0,0.013041200
postgres,1,insert_emb,-,6087,0,0.005449700
postgres,1,generar_emb,-,6088,0,0.012494900
postgres,1,insert_emb,-,6088,0,0.005091000
postgres,1,generar_emb,-,6089,0,0.013270100
postgres,1,insert_emb,-,6089,0,0.005117700
postgres,1,generar_emb,-,6090,0,0.012699400
postgres,1,insert_emb,-,6090,0,0.005469000
postgres,1,generar_emb,-,6091,0,0.012084400
postgres,1,insert_emb,-,6091,0,0.005370200
postgres,1,generar_emb,-,6092,0,0.011027200
postgres,1,insert_emb,-,6092,0,0.005236300
postgres,1,generar_emb,-,6093,0,0.013611500
postgres,1,insert_emb,-,6093,0,0.005307100
postgres,1,generar_emb,-,6094,0,0.015530900
postgres,1,insert_emb,-,6094,0,0.005285500
postgres,1,generar_emb,-,6095,0,0.012000900
postgres,1,insert_emb,-,6095,0,0.005307500
postgres,1,generar_emb,-,6096,0,0.011030600
postgres,1,insert_emb,-,6096,0,0.005076900
postgres,1,generar_emb,-,6097,0,0.012762200
postgres,1,insert_emb,-,6097,0,0.005087100
postgres,1,generar_emb,-,6098,0,0.011271500
postgres,1,insert_emb,-,6098,0,0.004960400
postgres,1,generar_emb,-,6099,0,0.013571300
postgres,1,insert_emb,-,6099,0,0.006010300
postgres,1,generar_emb,-,6100,0,0.012836300
postgres,1,insert_emb,-,6100,0,0.005291400
postgres,1,generar_emb,-,6101,0,0.012369400
postgres,1,insert_emb,-,6101,0,0.004956300
postgres,1,generar_emb,-,6102,0,0.011944800
postgres,1,insert_emb,-,6102,0,0.004982600
postgres,1,generar_emb,-,6103,0,0.012623400
postgres,1,insert_emb,-,6103,0,0.005078300
postgres,1,generar_emb,-,6104,0,0.012698000
postgres,1,insert_emb,-,6104,0,0.005267300
postgres,1,generar_emb,-,6105,0,0.011044500
postgres,1,insert_emb,-,6105,0,0.005326300
postgres,1,generar_emb,-,6106,0,0.013254100
postgres,1,insert_emb,-,6106,0,0.005502400
postgres,1,generar_emb,-,6107,0,0.010896600
postgres,1,insert_emb,-,6107,0,0.004887900
postgres,1,generar_emb,-,6108,0,0.012509100
postgres,1,insert_emb,-,6108,0,0.005131500
postgres,1,generar_emb,-,6109,0,0.012730400
postgres,1,insert_emb,-,6109,0,0.005276400
postgres,1,generar_emb,-,6110,0,0.011737600
postgres,1,insert_emb,-,6110,0,0.005203200
postgres,1,generar_emb,-,6111,0,0.012073000
postgres,1,insert_emb,-,6111,0,0.005078000
postgres,1,generar_emb,-,6112,0,0.011291100
postgres,1,insert_emb,-,6112,0,0.005487400
postgres,1,generar_emb,-,6113,0,0.011602700
postgres,1,insert_emb,-,6113,0,0.005006600
postgres,1,generar_emb,-,6114,0,0.011974300
postgres,1,insert_emb,-,6114,0,0.005124500
postgres,1,generar_emb,-,6115,0,0.012861100
postgres,1,insert_emb,-,6115,0,0.005232800
postgres,1,generar_emb,-,6116,0,0.012485900
postgres,1,insert_emb,-,6116,0,0.005092200
postgres,1,generar_emb,-,6117,0,0.011353700
postgres,1,insert_emb,-,6117,0,0.005360900
postgres,1,generar_emb,-,6118,0,0.010897600
postgres,1,insert_emb,-,6118,0,0.005421000
postgres,1,generar_emb,-,6119,0,0.011246400
postgres,1,insert_emb,-,6119,0,0.005510400
postgres,1,generar_emb,-,6120,0,0.013854800
postgres,1,insert_emb,-,6120,0,0.005512200
postgres,1,generar_emb,-,6121,0,0.012605400
postgres,1,insert_emb,-,6121,0,0.005412100
postgres,1,generar_emb,-,6122,0,0.014343800
postgres,1,insert_emb,-,6122,0,0.005473300
postgres,1,generar_emb,-,6123,0,0.014319700
postgres,1,insert_emb,-,6123,0,0.006150000
postgres,1,generar_emb,-,6124,0,0.012663000
postgres,1,insert_emb,-,6124,0,0.006194600
postgres,1,generar_emb,-,6125,0,0.014890100
postgres,1,insert_emb,-,6125,0,0.006771900
postgres,1,generar_emb,-,6126,0,0.014138900
postgres,1,insert_emb,-,6126,0,0.006796600
postgres,1,generar_emb,-,6127,0,0.021544300
postgres,1,insert_emb,-,6127,0,0.007511300
postgres,1,generar_emb,-,6128,0,0.016985600
postgres,1,insert_emb,-,6128,0,0.007403000
postgres,1,generar_emb,-,6129,0,0.017341600
postgres,1,insert_emb,-,6129,0,0.007604600
postgres,1,generar_emb,-,6130,0,0.016895100
postgres,1,insert_emb,-,6130,0,0.006047300
postgres,1,generar_emb,-,6131,0,0.015018000
postgres,1,insert_emb,-,6131,0,0.006315600
postgres,1,generar_emb,-,6132,0,0.013618700
postgres,1,insert_emb,-,6132,0,0.006096400
postgres,1,generar_emb,-,6133,0,0.014441300
postgres,1,insert_emb,-,6133,0,0.005468100
postgres,1,generar_emb,-,6134,0,0.010540100
postgres,1,insert_emb,-,6134,0,0.005221600
postgres,1,generar_emb,-,6135,0,0.012141300
postgres,1,insert_emb,-,6135,0,0.005201100
postgres,1,generar_emb,-,6136,0,0.012090600
postgres,1,insert_emb,-,6136,0,0.005154600
postgres,1,generar_emb,-,6137,0,0.012002900
postgres,1,insert_emb,-,6137,0,0.005060600
postgres,1,generar_emb,-,6138,0,0.014638800
postgres,1,insert_emb,-,6138,0,0.005507400
postgres,1,generar_emb,-,6139,0,0.016683800
postgres,1,insert_emb,-,6139,0,0.005782200
postgres,1,generar_emb,-,6140,0,0.015177200
postgres,1,insert_emb,-,6140,0,0.005979800
postgres,1,generar_emb,-,6141,0,0.013419900
postgres,1,insert_emb,-,6141,0,0.006587400
postgres,1,generar_emb,-,6142,0,0.018958300
postgres,1,insert_emb,-,6142,0,0.007139200
postgres,1,generar_emb,-,6143,0,0.018362100
postgres,1,insert_emb,-,6143,0,0.007068100
postgres,1,generar_emb,-,6144,0,0.018139000
postgres,1,insert_emb,-,6144,0,0.007098100
postgres,1,generar_emb,-,6145,0,0.017244500
postgres,1,insert_emb,-,6145,0,0.005645600
postgres,1,generar_emb,-,6146,0,0.014664900
postgres,1,insert_emb,-,6146,0,0.005410200
postgres,1,generar_emb,-,6147,0,0.013526100
postgres,1,insert_emb,-,6147,0,0.005444500
postgres,1,generar_emb,-,6148,0,0.011859100
postgres,1,insert_emb,-,6148,0,0.005047000
postgres,1,generar_emb,-,6149,0,0.014121100
postgres,1,insert_emb,-,6149,0,0.005799700
postgres,1,generar_emb,-,6150,0,0.011276900
postgres,1,insert_emb,-,6150,0,0.005577000
postgres,1,generar_emb,-,6151,0,0.015485000
postgres,1,insert_emb,-,6151,0,0.005205300
postgres,1,generar_emb,-,6152,0,0.013617000
postgres,1,insert_emb,-,6152,0,0.005131000
postgres,1,generar_emb,-,6153,0,0.012150000
postgres,1,insert_emb,-,6153,0,0.005184700
postgres,1,generar_emb,-,6154,0,0.013935700
postgres,1,insert_emb,-,6154,0,0.005012100
postgres,1,generar_emb,-,6155,0,0.014642000
postgres,1,insert_emb,-,6155,0,0.005211900
postgres,1,generar_emb,-,6156,0,0.014870300
postgres,1,insert_emb,-,6156,0,0.005507100
postgres,1,generar_emb,-,6157,0,0.011819500
postgres,1,insert_emb,-,6157,0,0.005524200
postgres,1,generar_emb,-,6158,0,0.011980300
postgres,1,insert_emb,-,6158,0,0.005615200
postgres,1,generar_emb,-,6159,0,0.011894300
postgres,1,insert_emb,-,6159,0,0.005238000
postgres,1,generar_emb,-,6160,0,0.013646000
postgres,1,insert_emb,-,6160,0,0.005150600
postgres,1,generar_emb,-,6161,0,0.012576400
postgres,1,insert_emb,-,6161,0,0.005168800
postgres,1,generar_emb,-,6162,0,0.012257200
postgres,1,insert_emb,-,6162,0,0.005297000
postgres,1,generar_emb,-,6163,0,0.011507500
postgres,1,insert_emb,-,6163,0,0.005180100
postgres,1,generar_emb,-,6164,0,0.012619200
postgres,1,insert_emb,-,6164,0,0.005245600
postgres,1,generar_emb,-,6165,0,0.012450100
postgres,1,insert_emb,-,6165,0,0.005055500
postgres,1,generar_emb,-,6166,0,0.012259700
postgres,1,insert_emb,-,6166,0,0.005019200
postgres,1,generar_emb,-,6167,0,0.012555700
postgres,1,insert_emb,-,6167,0,0.005064600
postgres,1,generar_emb,-,6168,0,0.011598700
postgres,1,insert_emb,-,6168,0,0.005144400
postgres,1,generar_emb,-,6169,0,0.014054100
postgres,1,insert_emb,-,6169,0,0.005087000
postgres,1,generar_emb,-,6170,0,0.011937100
postgres,1,insert_emb,-,6170,0,0.005453100
postgres,1,generar_emb,-,6171,0,0.011928600
postgres,1,insert_emb,-,6171,0,0.005934800
postgres,1,generar_emb,-,6172,0,0.012052100
postgres,1,insert_emb,-,6172,0,0.005416500
postgres,1,generar_emb,-,6173,0,0.012312500
postgres,1,insert_emb,-,6173,0,0.005486200
postgres,1,generar_emb,-,6174,0,0.011995700
postgres,1,insert_emb,-,6174,0,0.005744400
postgres,1,generar_emb,-,6175,0,0.012674300
postgres,1,insert_emb,-,6175,0,0.005318600
postgres,1,generar_emb,-,6176,0,0.012503200
postgres,1,insert_emb,-,6176,0,0.005625000
postgres,1,generar_emb,-,6177,0,0.011509700
postgres,1,insert_emb,-,6177,0,0.005184200
postgres,1,generar_emb,-,6178,0,0.010810100
postgres,1,insert_emb,-,6178,0,0.005088100
postgres,1,generar_emb,-,6179,0,0.012094200
postgres,1,insert_emb,-,6179,0,0.004966900
postgres,1,generar_emb,-,6180,0,0.011549400
postgres,1,insert_emb,-,6180,0,0.005279800
postgres,1,generar_emb,-,6181,0,0.013985600
postgres,1,insert_emb,-,6181,0,0.005468000
postgres,1,generar_emb,-,6182,0,0.015592300
postgres,1,insert_emb,-,6182,0,0.005776900
postgres,1,generar_emb,-,6183,0,0.014702400
postgres,1,insert_emb,-,6183,0,0.006423100
postgres,1,generar_emb,-,6184,0,0.014140800
postgres,1,insert_emb,-,6184,0,0.005359400
postgres,1,generar_emb,-,6185,0,0.012950000
postgres,1,insert_emb,-,6185,0,0.005545900
postgres,1,generar_emb,-,6186,0,0.010852700
postgres,1,insert_emb,-,6186,0,0.005489200
postgres,1,generar_emb,-,6187,0,0.013431300
postgres,1,insert_emb,-,6187,0,0.005097300
postgres,1,generar_emb,-,6188,0,0.013573600
postgres,1,insert_emb,-,6188,0,0.005035800
postgres,1,generar_emb,-,6189,0,0.012248700
postgres,1,insert_emb,-,6189,0,0.005046800
postgres,1,generar_emb,-,6190,0,0.012723900
postgres,1,insert_emb,-,6190,0,0.005257300
postgres,1,generar_emb,-,6191,0,0.011771000
postgres,1,insert_emb,-,6191,0,0.005353000
postgres,1,generar_emb,-,6192,0,0.012263000
postgres,1,insert_emb,-,6192,0,0.005359200
postgres,1,generar_emb,-,6193,0,0.011429600
postgres,1,insert_emb,-,6193,0,0.005241200
postgres,1,generar_emb,-,6194,0,0.011173100
postgres,1,insert_emb,-,6194,0,0.005058500
postgres,1,generar_emb,-,6195,0,0.011328400
postgres,1,insert_emb,-,6195,0,0.004973300
postgres,1,generar_emb,-,6196,0,0.011165800
postgres,1,insert_emb,-,6196,0,0.005096800
postgres,1,generar_emb,-,6197,0,0.012978000
postgres,1,insert_emb,-,6197,0,0.005103000
postgres,1,generar_emb,-,6198,0,0.011383300
postgres,1,insert_emb,-,6198,0,0.005075600
postgres,1,generar_emb,-,6199,0,0.010565800
postgres,1,insert_emb,-,6199,0,0.005109700
postgres,1,generar_emb,-,6200,0,0.012071900
postgres,1,insert_emb,-,6200,0,0.005218300
postgres,1,generar_emb,-,6201,0,0.013165900
postgres,1,insert_emb,-,6201,0,0.005045300
postgres,1,generar_emb,-,6202,0,0.011969500
postgres,1,insert_emb,-,6202,0,0.005340000
postgres,1,generar_emb,-,6203,0,0.013478700
postgres,1,insert_emb,-,6203,0,0.005360200
postgres,1,generar_emb,-,6204,0,0.013991100
postgres,1,insert_emb,-,6204,0,0.005159900
postgres,1,generar_emb,-,6205,0,0.013581200
postgres,1,insert_emb,-,6205,0,0.005370700
postgres,1,generar_emb,-,6206,0,0.012475700
postgres,1,insert_emb,-,6206,0,0.005352100
postgres,1,generar_emb,-,6207,0,0.011314300
postgres,1,insert_emb,-,6207,0,0.005395900
postgres,1,generar_emb,-,6208,0,0.012065400
postgres,1,insert_emb,-,6208,0,0.005267600
postgres,1,generar_emb,-,6209,0,0.013108600
postgres,1,insert_emb,-,6209,0,0.005429200
postgres,1,generar_emb,-,6210,0,0.012687500
postgres,1,insert_emb,-,6210,0,0.005316400
postgres,1,generar_emb,-,6211,0,0.010745600
postgres,1,insert_emb,-,6211,0,0.006000100
postgres,1,generar_emb,-,6212,0,0.012345800
postgres,1,insert_emb,-,6212,0,0.005239500
postgres,1,generar_emb,-,6213,0,0.011539300
postgres,1,insert_emb,-,6213,0,0.005259200
postgres,1,generar_emb,-,6214,0,0.010856600
postgres,1,insert_emb,-,6214,0,0.005196500
postgres,1,generar_emb,-,6215,0,0.013887400
postgres,1,insert_emb,-,6215,0,0.005061900
postgres,1,generar_emb,-,6216,0,0.013931500
postgres,1,insert_emb,-,6216,0,0.005957700
postgres,1,generar_emb,-,6217,0,0.013067800
postgres,1,insert_emb,-,6217,0,0.005441600
postgres,1,generar_emb,-,6218,0,0.011026100
postgres,1,insert_emb,-,6218,0,0.005012400
postgres,1,generar_emb,-,6219,0,0.011377200
postgres,1,insert_emb,-,6219,0,0.005042200
postgres,1,generar_emb,-,6220,0,0.012681400
postgres,1,insert_emb,-,6220,0,0.005572400
postgres,1,generar_emb,-,6221,0,0.011960700
postgres,1,insert_emb,-,6221,0,0.005450800
postgres,1,generar_emb,-,6222,0,0.012595500
postgres,1,insert_emb,-,6222,0,0.005228200
postgres,1,generar_emb,-,6223,0,0.013476400
postgres,1,insert_emb,-,6223,0,0.005119400
postgres,1,generar_emb,-,6224,0,0.012404200
postgres,1,insert_emb,-,6224,0,0.005174200
postgres,1,generar_emb,-,6225,0,0.012666300
postgres,1,insert_emb,-,6225,0,0.005132000
postgres,1,generar_emb,-,6226,0,0.010923600
postgres,1,insert_emb,-,6226,0,0.004986300
postgres,1,generar_emb,-,6227,0,0.013796900
postgres,1,insert_emb,-,6227,0,0.005175700
postgres,1,generar_emb,-,6228,0,0.011351300
postgres,1,insert_emb,-,6228,0,0.005466600
postgres,1,generar_emb,-,6229,0,0.014633000
postgres,1,insert_emb,-,6229,0,0.005645200
postgres,1,generar_emb,-,6230,0,0.013713500
postgres,1,insert_emb,-,6230,0,0.005286100
postgres,1,generar_emb,-,6231,0,0.012295500
postgres,1,insert_emb,-,6231,0,0.005346800
postgres,1,generar_emb,-,6232,0,0.012872600
postgres,1,insert_emb,-,6232,0,0.005129100
postgres,1,generar_emb,-,6233,0,0.013762700
postgres,1,insert_emb,-,6233,0,0.005211400
postgres,1,generar_emb,-,6234,0,0.013500300
postgres,1,insert_emb,-,6234,0,0.005083700
postgres,1,generar_emb,-,6235,0,0.013248500
postgres,1,insert_emb,-,6235,0,0.005143900
postgres,1,generar_emb,-,6236,0,0.013640300
postgres,1,insert_emb,-,6236,0,0.005129400
postgres,1,generar_emb,-,6237,0,0.012717600
postgres,1,insert_emb,-,6237,0,0.005199100
postgres,1,generar_emb,-,6238,0,0.012243400
postgres,1,insert_emb,-,6238,0,0.005096400
postgres,1,generar_emb,-,6239,0,0.013373800
postgres,1,insert_emb,-,6239,0,0.006648500
postgres,1,generar_emb,-,6240,0,0.014528900
postgres,1,insert_emb,-,6240,0,0.006146300
postgres,1,generar_emb,-,6241,0,0.014277300
postgres,1,insert_emb,-,6241,0,0.006022000
postgres,1,generar_emb,-,6242,0,0.013083900
postgres,1,insert_emb,-,6242,0,0.006123900
postgres,1,generar_emb,-,6243,0,0.012488800
postgres,1,insert_emb,-,6243,0,0.005607600
postgres,1,generar_emb,-,6244,0,0.013367100
postgres,1,insert_emb,-,6244,0,0.005072900
postgres,1,generar_emb,-,6245,0,0.013322500
postgres,1,insert_emb,-,6245,0,0.005297700
postgres,1,generar_emb,-,6246,0,0.012663900
postgres,1,insert_emb,-,6246,0,0.005283800
postgres,1,generar_emb,-,6247,0,0.011187500
postgres,1,insert_emb,-,6247,0,0.005663000
postgres,1,generar_emb,-,6248,0,0.011796200
postgres,1,insert_emb,-,6248,0,0.005429200
postgres,1,generar_emb,-,6249,0,0.010320800
postgres,1,insert_emb,-,6249,0,0.005946000
postgres,1,generar_emb,-,6250,0,0.014431000
postgres,1,insert_emb,-,6250,0,0.005696100
postgres,1,generar_emb,-,6251,0,0.011021900
postgres,1,insert_emb,-,6251,0,0.005691100
postgres,1,generar_emb,-,6252,0,0.010195000
postgres,1,insert_emb,-,6252,0,0.005627600
postgres,1,generar_emb,-,6253,0,0.014552500
postgres,1,insert_emb,-,6253,0,0.006031100
postgres,1,generar_emb,-,6254,0,0.011880200
postgres,1,insert_emb,-,6254,0,0.005767200
postgres,1,generar_emb,-,6255,0,0.013505400
postgres,1,insert_emb,-,6255,0,0.005747800
postgres,1,generar_emb,-,6256,0,0.011173400
postgres,1,insert_emb,-,6256,0,0.005132000
postgres,1,generar_emb,-,6257,0,0.012916700
postgres,1,insert_emb,-,6257,0,0.005201300
postgres,1,generar_emb,-,6258,0,0.012119000
postgres,1,insert_emb,-,6258,0,0.005324500
postgres,1,generar_emb,-,6259,0,0.011166300
postgres,1,insert_emb,-,6259,0,0.005481500
postgres,1,generar_emb,-,6260,0,0.012319300
postgres,1,insert_emb,-,6260,0,0.005361000
postgres,1,generar_emb,-,6261,0,0.012308400
postgres,1,insert_emb,-,6261,0,0.005035300
postgres,1,generar_emb,-,6262,0,0.013291500
postgres,1,insert_emb,-,6262,0,0.005083100
postgres,1,generar_emb,-,6263,0,0.013826300
postgres,1,insert_emb,-,6263,0,0.006035100
postgres,1,generar_emb,-,6264,0,0.013372100
postgres,1,insert_emb,-,6264,0,0.005178400
postgres,1,generar_emb,-,6265,0,0.012524900
postgres,1,insert_emb,-,6265,0,0.005250200
postgres,1,generar_emb,-,6266,0,0.014065800
postgres,1,insert_emb,-,6266,0,0.005351100
postgres,1,generar_emb,-,6267,0,0.013943500
postgres,1,insert_emb,-,6267,0,0.005123900
postgres,1,generar_emb,-,6268,0,0.013108400
postgres,1,insert_emb,-,6268,0,0.005123800
postgres,1,generar_emb,-,6269,0,0.012161500
postgres,1,insert_emb,-,6269,0,0.005226500
postgres,1,generar_emb,-,6270,0,0.011013700
postgres,1,insert_emb,-,6270,0,0.005705100
postgres,1,generar_emb,-,6271,0,0.013445200
postgres,1,insert_emb,-,6271,0,0.004911600
postgres,1,generar_emb,-,6272,0,0.012984000
postgres,1,insert_emb,-,6272,0,0.005604200
postgres,1,generar_emb,-,6273,0,0.013413800
postgres,1,insert_emb,-,6273,0,0.005320300
postgres,1,generar_emb,-,6274,0,0.011818600
postgres,1,insert_emb,-,6274,0,0.005030500
postgres,1,generar_emb,-,6275,0,0.011270800
postgres,1,insert_emb,-,6275,0,0.005231100
postgres,1,generar_emb,-,6276,0,0.011650600
postgres,1,insert_emb,-,6276,0,0.004992200
postgres,1,generar_emb,-,6277,0,0.011704700
postgres,1,insert_emb,-,6277,0,0.005181400
postgres,1,generar_emb,-,6278,0,0.012271100
postgres,1,insert_emb,-,6278,0,0.005852300
postgres,1,generar_emb,-,6279,0,0.012470500
postgres,1,insert_emb,-,6279,0,0.005548500
postgres,1,generar_emb,-,6280,0,0.013312700
postgres,1,insert_emb,-,6280,0,0.005379000
postgres,1,generar_emb,-,6281,0,0.011991000
postgres,1,insert_emb,-,6281,0,0.005274100
postgres,1,generar_emb,-,6282,0,0.012496900
postgres,1,insert_emb,-,6282,0,0.005587600
postgres,1,generar_emb,-,6283,0,0.012466600
postgres,1,insert_emb,-,6283,0,0.005177600
postgres,1,generar_emb,-,6284,0,0.013480900
postgres,1,insert_emb,-,6284,0,0.005158300
postgres,1,generar_emb,-,6285,0,0.014764300
postgres,1,insert_emb,-,6285,0,0.005820700
postgres,1,generar_emb,-,6286,0,0.012495800
postgres,1,insert_emb,-,6286,0,0.005049400
postgres,1,generar_emb,-,6287,0,0.012372100
postgres,1,insert_emb,-,6287,0,0.005653100
postgres,1,generar_emb,-,6288,0,0.010899700
postgres,1,insert_emb,-,6288,0,0.005037100
postgres,1,generar_emb,-,6289,0,0.013990800
postgres,1,insert_emb,-,6289,0,0.005661100
postgres,1,generar_emb,-,6290,0,0.012301400
postgres,1,insert_emb,-,6290,0,0.005794100
postgres,1,generar_emb,-,6291,0,0.014589900
postgres,1,insert_emb,-,6291,0,0.005261800
postgres,1,generar_emb,-,6292,0,0.011106000
postgres,1,insert_emb,-,6292,0,0.005623900
postgres,1,generar_emb,-,6293,0,0.012207000
postgres,1,insert_emb,-,6293,0,0.004985600
postgres,1,generar_emb,-,6294,0,0.012284100
postgres,1,insert_emb,-,6294,0,0.005397400
postgres,1,generar_emb,-,6295,0,0.012778400
postgres,1,insert_emb,-,6295,0,0.005393400
postgres,1,generar_emb,-,6296,0,0.010761500
postgres,1,insert_emb,-,6296,0,0.005117500
postgres,1,generar_emb,-,6297,0,0.011864800
postgres,1,insert_emb,-,6297,0,0.005298000
postgres,1,generar_emb,-,6298,0,0.012051500
postgres,1,insert_emb,-,6298,0,0.005518500
postgres,1,generar_emb,-,6299,0,0.014273200
postgres,1,insert_emb,-,6299,0,0.005133900
postgres,1,generar_emb,-,6300,0,0.012279400
postgres,1,insert_emb,-,6300,0,0.005332600
postgres,1,generar_emb,-,6301,0,0.015534900
postgres,1,insert_emb,-,6301,0,0.005706900
postgres,1,generar_emb,-,6302,0,0.013099500
postgres,1,insert_emb,-,6302,0,0.005250300
postgres,1,generar_emb,-,6303,0,0.013696500
postgres,1,insert_emb,-,6303,0,0.005913200
postgres,1,generar_emb,-,6304,0,0.012948600
postgres,1,insert_emb,-,6304,0,0.005400500
postgres,1,generar_emb,-,6305,0,0.010978800
postgres,1,insert_emb,-,6305,0,0.005513600
postgres,1,generar_emb,-,6306,0,0.012955500
postgres,1,insert_emb,-,6306,0,0.005718200
postgres,1,generar_emb,-,6307,0,0.011507200
postgres,1,insert_emb,-,6307,0,0.005592800
postgres,1,generar_emb,-,6308,0,0.012206200
postgres,1,insert_emb,-,6308,0,0.005433400
postgres,1,generar_emb,-,6309,0,0.012290200
postgres,1,insert_emb,-,6309,0,0.005546000
postgres,1,generar_emb,-,6310,0,0.011560300
postgres,1,insert_emb,-,6310,0,0.005711100
postgres,1,generar_emb,-,6311,0,0.011079300
postgres,1,insert_emb,-,6311,0,0.005757200
postgres,1,generar_emb,-,6312,0,0.014619200
postgres,1,insert_emb,-,6312,0,0.005477600
postgres,1,generar_emb,-,6313,0,0.011694500
postgres,1,insert_emb,-,6313,0,0.005007500
postgres,1,generar_emb,-,6314,0,0.014410300
postgres,1,insert_emb,-,6314,0,0.005888000
postgres,1,generar_emb,-,6315,0,0.013415900
postgres,1,insert_emb,-,6315,0,0.005370200
postgres,1,generar_emb,-,6316,0,0.011581200
postgres,1,insert_emb,-,6316,0,0.005417900
postgres,1,generar_emb,-,6317,0,0.012010500
postgres,1,insert_emb,-,6317,0,0.005110100
postgres,1,generar_emb,-,6318,0,0.012107800
postgres,1,insert_emb,-,6318,0,0.005745200
postgres,1,generar_emb,-,6319,0,0.012889100
postgres,1,insert_emb,-,6319,0,0.005310800
postgres,1,generar_emb,-,6320,0,0.012235400
postgres,1,insert_emb,-,6320,0,0.005794700
postgres,1,generar_emb,-,6321,0,0.011425400
postgres,1,insert_emb,-,6321,0,0.005870800
postgres,1,generar_emb,-,6322,0,0.011233000
postgres,1,insert_emb,-,6322,0,0.005256800
postgres,1,generar_emb,-,6323,0,0.014772600
postgres,1,insert_emb,-,6323,0,0.005270900
postgres,1,generar_emb,-,6324,0,0.012725600
postgres,1,insert_emb,-,6324,0,0.005233000
postgres,1,generar_emb,-,6325,0,0.012908700
postgres,1,insert_emb,-,6325,0,0.005344900
postgres,1,generar_emb,-,6326,0,0.013104300
postgres,1,insert_emb,-,6326,0,0.006063800
postgres,1,generar_emb,-,6327,0,0.012163400
postgres,1,insert_emb,-,6327,0,0.005271300
postgres,1,generar_emb,-,6328,0,0.011495500
postgres,1,insert_emb,-,6328,0,0.005445400
postgres,1,generar_emb,-,6329,0,0.013210200
postgres,1,insert_emb,-,6329,0,0.005690200
postgres,1,generar_emb,-,6330,0,0.012342800
postgres,1,insert_emb,-,6330,0,0.005502200
postgres,1,generar_emb,-,6331,0,0.012154400
postgres,1,insert_emb,-,6331,0,0.005384100
postgres,1,generar_emb,-,6332,0,0.011119500
postgres,1,insert_emb,-,6332,0,0.005148500
postgres,1,generar_emb,-,6333,0,0.012365000
postgres,1,insert_emb,-,6333,0,0.005250700
postgres,1,generar_emb,-,6334,0,0.011405900
postgres,1,insert_emb,-,6334,0,0.005116900
postgres,1,generar_emb,-,6335,0,0.011013500
postgres,1,insert_emb,-,6335,0,0.005154800
postgres,1,generar_emb,-,6336,0,0.011606600
postgres,1,insert_emb,-,6336,0,0.005174900
postgres,1,generar_emb,-,6337,0,0.012298300
postgres,1,insert_emb,-,6337,0,0.005170600
postgres,1,generar_emb,-,6338,0,0.011770700
postgres,1,insert_emb,-,6338,0,0.005398000
postgres,1,generar_emb,-,6339,0,0.014137300
postgres,1,insert_emb,-,6339,0,0.005421300
postgres,1,generar_emb,-,6340,0,0.011438300
postgres,1,insert_emb,-,6340,0,0.006069500
postgres,1,generar_emb,-,6341,0,0.011540300
postgres,1,insert_emb,-,6341,0,0.005474900
postgres,1,generar_emb,-,6342,0,0.012292300
postgres,1,insert_emb,-,6342,0,0.005933300
postgres,1,generar_emb,-,6343,0,0.012620200
postgres,1,insert_emb,-,6343,0,0.005501000
postgres,1,generar_emb,-,6344,0,0.012032500
postgres,1,insert_emb,-,6344,0,0.005449300
postgres,1,generar_emb,-,6345,0,0.012542600
postgres,1,insert_emb,-,6345,0,0.005746300
postgres,1,generar_emb,-,6346,0,0.013613500
postgres,1,insert_emb,-,6346,0,0.005648000
postgres,1,generar_emb,-,6347,0,0.011980400
postgres,1,insert_emb,-,6347,0,0.005349600
postgres,1,generar_emb,-,6348,0,0.013828800
postgres,1,insert_emb,-,6348,0,0.005507700
postgres,1,generar_emb,-,6349,0,0.012482800
postgres,1,insert_emb,-,6349,0,0.005140500
postgres,1,generar_emb,-,6350,0,0.016645600
postgres,1,insert_emb,-,6350,0,0.005877400
postgres,1,generar_emb,-,6351,0,0.013673800
postgres,1,insert_emb,-,6351,0,0.005775800
postgres,1,generar_emb,-,6352,0,0.014675700
postgres,1,insert_emb,-,6352,0,0.005682500
postgres,1,generar_emb,-,6353,0,0.014979400
postgres,1,insert_emb,-,6353,0,0.005838500
postgres,1,generar_emb,-,6354,0,0.012829000
postgres,1,insert_emb,-,6354,0,0.005686500
postgres,1,generar_emb,-,6355,0,0.014231200
postgres,1,insert_emb,-,6355,0,0.005379600
postgres,1,generar_emb,-,6356,0,0.013495600
postgres,1,insert_emb,-,6356,0,0.005201500
postgres,1,generar_emb,-,6357,0,0.013430000
postgres,1,insert_emb,-,6357,0,0.005898400
postgres,1,generar_emb,-,6358,0,0.011794700
postgres,1,insert_emb,-,6358,0,0.005321100
postgres,1,generar_emb,-,6359,0,0.013361400
postgres,1,insert_emb,-,6359,0,0.005331700
postgres,1,generar_emb,-,6360,0,0.011028100
postgres,1,insert_emb,-,6360,0,0.005154500
postgres,1,generar_emb,-,6361,0,0.010547300
postgres,1,insert_emb,-,6361,0,0.005568600
postgres,1,generar_emb,-,6362,0,0.010725200
postgres,1,insert_emb,-,6362,0,0.005459600
postgres,1,generar_emb,-,6363,0,0.010800100
postgres,1,insert_emb,-,6363,0,0.005528300
postgres,1,generar_emb,-,6364,0,0.011538300
postgres,1,insert_emb,-,6364,0,0.005531600
postgres,1,generar_emb,-,6365,0,0.012460500
postgres,1,insert_emb,-,6365,0,0.005220600
postgres,1,generar_emb,-,6366,0,0.013304500
postgres,1,insert_emb,-,6366,0,0.005739700
postgres,1,generar_emb,-,6367,0,0.012119300
postgres,1,insert_emb,-,6367,0,0.005613800
postgres,1,generar_emb,-,6368,0,0.012708400
postgres,1,insert_emb,-,6368,0,0.005436200
postgres,1,generar_emb,-,6369,0,0.013148000
postgres,1,insert_emb,-,6369,0,0.005731200
postgres,1,generar_emb,-,6370,0,0.013042800
postgres,1,insert_emb,-,6370,0,0.005494200
postgres,1,generar_emb,-,6371,0,0.011816600
postgres,1,insert_emb,-,6371,0,0.005629300
postgres,1,generar_emb,-,6372,0,0.012392900
postgres,1,insert_emb,-,6372,0,0.005283000
postgres,1,generar_emb,-,6373,0,0.013087200
postgres,1,insert_emb,-,6373,0,0.005647200
postgres,1,generar_emb,-,6374,0,0.015751400
postgres,1,insert_emb,-,6374,0,0.005626200
postgres,1,generar_emb,-,6375,0,0.014159400
postgres,1,insert_emb,-,6375,0,0.005655000
postgres,1,generar_emb,-,6376,0,0.012836200
postgres,1,insert_emb,-,6376,0,0.005690600
postgres,1,generar_emb,-,6377,0,0.012568600
postgres,1,insert_emb,-,6377,0,0.005575900
postgres,1,generar_emb,-,6378,0,0.011444300
postgres,1,insert_emb,-,6378,0,0.005219800
postgres,1,generar_emb,-,6379,0,0.012030000
postgres,1,insert_emb,-,6379,0,0.005230700
postgres,1,generar_emb,-,6380,0,0.013382600
postgres,1,insert_emb,-,6380,0,0.005433600
postgres,1,generar_emb,-,6381,0,0.013336500
postgres,1,insert_emb,-,6381,0,0.006054800
postgres,1,generar_emb,-,6382,0,0.011871300
postgres,1,insert_emb,-,6382,0,0.005507200
postgres,1,generar_emb,-,6383,0,0.013842500
postgres,1,insert_emb,-,6383,0,0.005468200
postgres,1,generar_emb,-,6384,0,0.012476500
postgres,1,insert_emb,-,6384,0,0.005765600
postgres,1,generar_emb,-,6385,0,0.013288400
postgres,1,insert_emb,-,6385,0,0.006528900
postgres,1,generar_emb,-,6386,0,0.011833000
postgres,1,insert_emb,-,6386,0,0.005466800
postgres,1,generar_emb,-,6387,0,0.012623300
postgres,1,insert_emb,-,6387,0,0.005569900
postgres,1,generar_emb,-,6388,0,0.012160200
postgres,1,insert_emb,-,6388,0,0.005297800
postgres,1,generar_emb,-,6389,0,0.012108700
postgres,1,insert_emb,-,6389,0,0.005326500
postgres,1,generar_emb,-,6390,0,0.011057900
postgres,1,insert_emb,-,6390,0,0.005289400
postgres,1,generar_emb,-,6391,0,0.012019200
postgres,1,insert_emb,-,6391,0,0.005317300
postgres,1,generar_emb,-,6392,0,0.011718300
postgres,1,insert_emb,-,6392,0,0.005297800
postgres,1,generar_emb,-,6393,0,0.011848800
postgres,1,insert_emb,-,6393,0,0.005537200
postgres,1,generar_emb,-,6394,0,0.011551100
postgres,1,insert_emb,-,6394,0,0.005763000
postgres,1,generar_emb,-,6395,0,0.012612100
postgres,1,insert_emb,-,6395,0,0.005669700
postgres,1,generar_emb,-,6396,0,0.013275100
postgres,1,insert_emb,-,6396,0,0.005159000
postgres,1,generar_emb,-,6397,0,0.013671800
postgres,1,insert_emb,-,6397,0,0.005443600
postgres,1,generar_emb,-,6398,0,0.014086800
postgres,1,insert_emb,-,6398,0,0.006319500
postgres,1,generar_emb,-,6399,0,0.011711300
postgres,1,insert_emb,-,6399,0,0.005370900
postgres,1,generar_emb,-,6400,0,0.012497000
postgres,1,insert_emb,-,6400,0,0.005773700
postgres,1,generar_emb,-,6401,0,0.015022100
postgres,1,insert_emb,-,6401,0,0.005137100
postgres,1,generar_emb,-,6402,0,0.015504100
postgres,1,insert_emb,-,6402,0,0.005698800
postgres,1,generar_emb,-,6403,0,0.014342300
postgres,1,insert_emb,-,6403,0,0.005550000
postgres,1,generar_emb,-,6404,0,0.012737500
postgres,1,insert_emb,-,6404,0,0.005305000
postgres,1,generar_emb,-,6405,0,0.011185500
postgres,1,insert_emb,-,6405,0,0.005783000
postgres,1,generar_emb,-,6406,0,0.014864700
postgres,1,insert_emb,-,6406,0,0.005747000
postgres,1,generar_emb,-,6407,0,0.013178300
postgres,1,insert_emb,-,6407,0,0.005906800
postgres,1,generar_emb,-,6408,0,0.010588200
postgres,1,insert_emb,-,6408,0,0.005871200
postgres,1,generar_emb,-,6409,0,0.011850600
postgres,1,insert_emb,-,6409,0,0.005358300
postgres,1,generar_emb,-,6410,0,0.013439200
postgres,1,insert_emb,-,6410,0,0.005361800
postgres,1,generar_emb,-,6411,0,0.012674700
postgres,1,insert_emb,-,6411,0,0.005079100
postgres,1,generar_emb,-,6412,0,0.012347800
postgres,1,insert_emb,-,6412,0,0.005332500
postgres,1,generar_emb,-,6413,0,0.011073600
postgres,1,insert_emb,-,6413,0,0.005406000
postgres,1,generar_emb,-,6414,0,0.014002000
postgres,1,insert_emb,-,6414,0,0.006072400
postgres,1,generar_emb,-,6415,0,0.012321500
postgres,1,insert_emb,-,6415,0,0.005569500
postgres,1,generar_emb,-,6416,0,0.011081200
postgres,1,insert_emb,-,6416,0,0.005750000
postgres,1,generar_emb,-,6417,0,0.012003500
postgres,1,insert_emb,-,6417,0,0.005734800
postgres,1,generar_emb,-,6418,0,0.012494200
postgres,1,insert_emb,-,6418,0,0.005935200
postgres,1,generar_emb,-,6419,0,0.011902600
postgres,1,insert_emb,-,6419,0,0.005275100
postgres,1,generar_emb,-,6420,0,0.013101900
postgres,1,insert_emb,-,6420,0,0.005841200
postgres,1,generar_emb,-,6421,0,0.014680200
postgres,1,insert_emb,-,6421,0,0.005550100
postgres,1,generar_emb,-,6422,0,0.011481100
postgres,1,insert_emb,-,6422,0,0.005297500
postgres,1,generar_emb,-,6423,0,0.011473900
postgres,1,insert_emb,-,6423,0,0.005236400
postgres,1,generar_emb,-,6424,0,0.013838500
postgres,1,insert_emb,-,6424,0,0.005248300
postgres,1,generar_emb,-,6425,0,0.012315700
postgres,1,insert_emb,-,6425,0,0.005303000
postgres,1,generar_emb,-,6426,0,0.011925900
postgres,1,insert_emb,-,6426,0,0.005572700
postgres,1,generar_emb,-,6427,0,0.011617800
postgres,1,insert_emb,-,6427,0,0.005320500
postgres,1,generar_emb,-,6428,0,0.012226900
postgres,1,insert_emb,-,6428,0,0.005178600
postgres,1,generar_emb,-,6429,0,0.013114000
postgres,1,insert_emb,-,6429,0,0.005595900
postgres,1,generar_emb,-,6430,0,0.012815300
postgres,1,insert_emb,-,6430,0,0.005493400
postgres,1,generar_emb,-,6431,0,0.013611900
postgres,1,insert_emb,-,6431,0,0.005384200
postgres,1,generar_emb,-,6432,0,0.014606400
postgres,1,insert_emb,-,6432,0,0.005449500
postgres,1,generar_emb,-,6433,0,0.014591300
postgres,1,insert_emb,-,6433,0,0.005434200
postgres,1,generar_emb,-,6434,0,0.013070300
postgres,1,insert_emb,-,6434,0,0.005401700
postgres,1,generar_emb,-,6435,0,0.013766900
postgres,1,insert_emb,-,6435,0,0.006380100
postgres,1,generar_emb,-,6436,0,0.013242800
postgres,1,insert_emb,-,6436,0,0.004994700
postgres,1,generar_emb,-,6437,0,0.012712700
postgres,1,insert_emb,-,6437,0,0.005056200
postgres,1,generar_emb,-,6438,0,0.012314900
postgres,1,insert_emb,-,6438,0,0.005657600
postgres,1,generar_emb,-,6439,0,0.011861200
postgres,1,insert_emb,-,6439,0,0.005327500
postgres,1,generar_emb,-,6440,0,0.016017000
postgres,1,insert_emb,-,6440,0,0.005472200
postgres,1,generar_emb,-,6441,0,0.014714500
postgres,1,insert_emb,-,6441,0,0.005599600
postgres,1,generar_emb,-,6442,0,0.011344500
postgres,1,insert_emb,-,6442,0,0.005362900
postgres,1,generar_emb,-,6443,0,0.011165300
postgres,1,insert_emb,-,6443,0,0.005100900
postgres,1,generar_emb,-,6444,0,0.012460100
postgres,1,insert_emb,-,6444,0,0.005206800
postgres,1,generar_emb,-,6445,0,0.011952300
postgres,1,insert_emb,-,6445,0,0.005288700
postgres,1,generar_emb,-,6446,0,0.010947800
postgres,1,insert_emb,-,6446,0,0.005282100
postgres,1,generar_emb,-,6447,0,0.011959900
postgres,1,insert_emb,-,6447,0,0.005242300
postgres,1,generar_emb,-,6448,0,0.012646700
postgres,1,insert_emb,-,6448,0,0.005236100
postgres,1,generar_emb,-,6449,0,0.011245000
postgres,1,insert_emb,-,6449,0,0.005633000
postgres,1,generar_emb,-,6450,0,0.012632800
postgres,1,insert_emb,-,6450,0,0.005652200
postgres,1,generar_emb,-,6451,0,0.011259700
postgres,1,insert_emb,-,6451,0,0.005367900
postgres,1,generar_emb,-,6452,0,0.015241900
postgres,1,insert_emb,-,6452,0,0.005498100
postgres,1,generar_emb,-,6453,0,0.012500500
postgres,1,insert_emb,-,6453,0,0.005198900
postgres,1,generar_emb,-,6454,0,0.011659400
postgres,1,insert_emb,-,6454,0,0.005137600
postgres,1,generar_emb,-,6455,0,0.011393800
postgres,1,insert_emb,-,6455,0,0.005207300
postgres,1,generar_emb,-,6456,0,0.012335200
postgres,1,insert_emb,-,6456,0,0.005714900
postgres,1,generar_emb,-,6457,0,0.013034500
postgres,1,insert_emb,-,6457,0,0.005075300
postgres,1,generar_emb,-,6458,0,0.012656800
postgres,1,insert_emb,-,6458,0,0.005359200
postgres,1,generar_emb,-,6459,0,0.012705700
postgres,1,insert_emb,-,6459,0,0.005299400
postgres,1,generar_emb,-,6460,0,0.011288800
postgres,1,insert_emb,-,6460,0,0.005375300
postgres,1,generar_emb,-,6461,0,0.014407100
postgres,1,insert_emb,-,6461,0,0.005557500
postgres,1,generar_emb,-,6462,0,0.013441200
postgres,1,insert_emb,-,6462,0,0.005104200
postgres,1,generar_emb,-,6463,0,0.012099000
postgres,1,insert_emb,-,6463,0,0.005157900
postgres,1,generar_emb,-,6464,0,0.012234100
postgres,1,insert_emb,-,6464,0,0.005539400
postgres,1,generar_emb,-,6465,0,0.011494000
postgres,1,insert_emb,-,6465,0,0.005352000
postgres,1,generar_emb,-,6466,0,0.014368200
postgres,1,insert_emb,-,6466,0,0.006177400
postgres,1,generar_emb,-,6467,0,0.011725200
postgres,1,insert_emb,-,6467,0,0.005855400
postgres,1,generar_emb,-,6468,0,0.011532800
postgres,1,insert_emb,-,6468,0,0.005244800
postgres,1,generar_emb,-,6469,0,0.014168900
postgres,1,insert_emb,-,6469,0,0.005701900
postgres,1,generar_emb,-,6470,0,0.013321300
postgres,1,insert_emb,-,6470,0,0.005577300
postgres,1,generar_emb,-,6471,0,0.014389300
postgres,1,insert_emb,-,6471,0,0.005434200
postgres,1,generar_emb,-,6472,0,0.014042500
postgres,1,insert_emb,-,6472,0,0.006195600
postgres,1,generar_emb,-,6473,0,0.010725900
postgres,1,insert_emb,-,6473,0,0.005307200
postgres,1,generar_emb,-,6474,0,0.014950000
postgres,1,insert_emb,-,6474,0,0.005224700
postgres,1,generar_emb,-,6475,0,0.011686500
postgres,1,insert_emb,-,6475,0,0.005398800
postgres,1,generar_emb,-,6476,0,0.011729600
postgres,1,insert_emb,-,6476,0,0.005872000
postgres,1,generar_emb,-,6477,0,0.013092700
postgres,1,insert_emb,-,6477,0,0.005460100
postgres,1,generar_emb,-,6478,0,0.017417800
postgres,1,insert_emb,-,6478,0,0.005114900
postgres,1,generar_emb,-,6479,0,0.014752100
postgres,1,insert_emb,-,6479,0,0.005377200
postgres,1,generar_emb,-,6480,0,0.012490000
postgres,1,insert_emb,-,6480,0,0.005967700
postgres,1,generar_emb,-,6481,0,0.012339000
postgres,1,insert_emb,-,6481,0,0.005926800
postgres,1,generar_emb,-,6482,0,0.013603000
postgres,1,insert_emb,-,6482,0,0.005579600
postgres,1,generar_emb,-,6483,0,0.010653700
postgres,1,insert_emb,-,6483,0,0.005746400
postgres,1,generar_emb,-,6484,0,0.012553100
postgres,1,insert_emb,-,6484,0,0.005801200
postgres,1,generar_emb,-,6485,0,0.013510800
postgres,1,insert_emb,-,6485,0,0.006050700
postgres,1,generar_emb,-,6486,0,0.011148100
postgres,1,insert_emb,-,6486,0,0.006393000
postgres,1,generar_emb,-,6487,0,0.013352900
postgres,1,insert_emb,-,6487,0,0.005646800
postgres,1,generar_emb,-,6488,0,0.012381000
postgres,1,insert_emb,-,6488,0,0.005452600
postgres,1,generar_emb,-,6489,0,0.013484000
postgres,1,insert_emb,-,6489,0,0.005550500
postgres,1,generar_emb,-,6490,0,0.012808800
postgres,1,insert_emb,-,6490,0,0.005454100
postgres,1,generar_emb,-,6491,0,0.012215400
postgres,1,insert_emb,-,6491,0,0.005217000
postgres,1,generar_emb,-,6492,0,0.014685600
postgres,1,insert_emb,-,6492,0,0.005806400
postgres,1,generar_emb,-,6493,0,0.014498000
postgres,1,insert_emb,-,6493,0,0.005337500
postgres,1,generar_emb,-,6494,0,0.011952400
postgres,1,insert_emb,-,6494,0,0.005771200
postgres,1,generar_emb,-,6495,0,0.011176000
postgres,1,insert_emb,-,6495,0,0.006075100
postgres,1,generar_emb,-,6496,0,0.012349100
postgres,1,insert_emb,-,6496,0,0.005903200
postgres,1,generar_emb,-,6497,0,0.012739000
postgres,1,insert_emb,-,6497,0,0.005694100
postgres,1,generar_emb,-,6498,0,0.013217500
postgres,1,insert_emb,-,6498,0,0.005429600
postgres,1,generar_emb,-,6499,0,0.013797600
postgres,1,insert_emb,-,6499,0,0.005482300
postgres,1,generar_emb,-,6500,0,0.011809600
postgres,1,insert_emb,-,6500,0,0.006052900
postgres,1,generar_emb,-,6501,0,0.012076300
postgres,1,insert_emb,-,6501,0,0.005349000
postgres,1,generar_emb,-,6502,0,0.011700600
postgres,1,insert_emb,-,6502,0,0.005185400
postgres,1,generar_emb,-,6503,0,0.016916400
postgres,1,insert_emb,-,6503,0,0.005829800
postgres,1,generar_emb,-,6504,0,0.013817900
postgres,1,insert_emb,-,6504,0,0.005219500
postgres,1,generar_emb,-,6505,0,0.012920200
postgres,1,insert_emb,-,6505,0,0.005485500
postgres,1,generar_emb,-,6506,0,0.012275600
postgres,1,insert_emb,-,6506,0,0.005504900
postgres,1,generar_emb,-,6507,0,0.012524000
postgres,1,insert_emb,-,6507,0,0.005728200
postgres,1,generar_emb,-,6508,0,0.015208700
postgres,1,insert_emb,-,6508,0,0.005721700
postgres,1,generar_emb,-,6509,0,0.012071900
postgres,1,insert_emb,-,6509,0,0.005842000
postgres,1,generar_emb,-,6510,0,0.012840500
postgres,1,insert_emb,-,6510,0,0.005948300
postgres,1,generar_emb,-,6511,0,0.012962600
postgres,1,insert_emb,-,6511,0,0.005580500
postgres,1,generar_emb,-,6512,0,0.012246800
postgres,1,insert_emb,-,6512,0,0.005565400
postgres,1,generar_emb,-,6513,0,0.013183300
postgres,1,insert_emb,-,6513,0,0.005648400
postgres,1,generar_emb,-,6514,0,0.013813200
postgres,1,insert_emb,-,6514,0,0.006055000
postgres,1,generar_emb,-,6515,0,0.014189700
postgres,1,insert_emb,-,6515,0,0.005544200
postgres,1,generar_emb,-,6516,0,0.013160300
postgres,1,insert_emb,-,6516,0,0.005344900
postgres,1,generar_emb,-,6517,0,0.013244900
postgres,1,insert_emb,-,6517,0,0.005019400
postgres,1,generar_emb,-,6518,0,0.011673800
postgres,1,insert_emb,-,6518,0,0.005282000
postgres,1,generar_emb,-,6519,0,0.012156800
postgres,1,insert_emb,-,6519,0,0.005574900
postgres,1,generar_emb,-,6520,0,0.011890800
postgres,1,insert_emb,-,6520,0,0.005481700
postgres,1,generar_emb,-,6521,0,0.015313100
postgres,1,insert_emb,-,6521,0,0.005494400
postgres,1,generar_emb,-,6522,0,0.013212700
postgres,1,insert_emb,-,6522,0,0.005478400
postgres,1,generar_emb,-,6523,0,0.016991200
postgres,1,insert_emb,-,6523,0,0.005398800
postgres,1,generar_emb,-,6524,0,0.012709500
postgres,1,insert_emb,-,6524,0,0.005134500
postgres,1,generar_emb,-,6525,0,0.011283000
postgres,1,insert_emb,-,6525,0,0.005336300
postgres,1,generar_emb,-,6526,0,0.012545900
postgres,1,insert_emb,-,6526,0,0.005569900
postgres,1,generar_emb,-,6527,0,0.012379200
postgres,1,insert_emb,-,6527,0,0.005306900
postgres,1,generar_emb,-,6528,0,0.013274500
postgres,1,insert_emb,-,6528,0,0.005580300
postgres,1,generar_emb,-,6529,0,0.011826600
postgres,1,insert_emb,-,6529,0,0.005475300
postgres,1,generar_emb,-,6530,0,0.014604000
postgres,1,insert_emb,-,6530,0,0.005849600
postgres,1,generar_emb,-,6531,0,0.011190100
postgres,1,insert_emb,-,6531,0,0.005182400
postgres,1,generar_emb,-,6532,0,0.010866700
postgres,1,insert_emb,-,6532,0,0.005714300
postgres,1,generar_emb,-,6533,0,0.011839200
postgres,1,insert_emb,-,6533,0,0.005576100
postgres,1,generar_emb,-,6534,0,0.010958100
postgres,1,insert_emb,-,6534,0,0.005653500
postgres,1,generar_emb,-,6535,0,0.010617300
postgres,1,insert_emb,-,6535,0,0.005958400
postgres,1,generar_emb,-,6536,0,0.011238100
postgres,1,insert_emb,-,6536,0,0.005553200
postgres,1,generar_emb,-,6537,0,0.011936000
postgres,1,insert_emb,-,6537,0,0.005501400
postgres,1,generar_emb,-,6538,0,0.011189400
postgres,1,insert_emb,-,6538,0,0.005156600
postgres,1,generar_emb,-,6539,0,0.010578900
postgres,1,insert_emb,-,6539,0,0.005273600
postgres,1,generar_emb,-,6540,0,0.010728500
postgres,1,insert_emb,-,6540,0,0.005726700
postgres,1,generar_emb,-,6541,0,0.012287100
postgres,1,insert_emb,-,6541,0,0.005891000
postgres,1,generar_emb,-,6542,0,0.014468500
postgres,1,insert_emb,-,6542,0,0.005284500
postgres,1,generar_emb,-,6543,0,0.012314200
postgres,1,insert_emb,-,6543,0,0.005722300
postgres,1,generar_emb,-,6544,0,0.013525500
postgres,1,insert_emb,-,6544,0,0.005531200
postgres,1,generar_emb,-,6545,0,0.011074600
postgres,1,insert_emb,-,6545,0,0.005275300
postgres,1,generar_emb,-,6546,0,0.010895500
postgres,1,insert_emb,-,6546,0,0.005294800
postgres,1,generar_emb,-,6547,0,0.012938300
postgres,1,insert_emb,-,6547,0,0.005583300
postgres,1,generar_emb,-,6548,0,0.012608400
postgres,1,insert_emb,-,6548,0,0.005364500
postgres,1,generar_emb,-,6549,0,0.011507500
postgres,1,insert_emb,-,6549,0,0.005378000
postgres,1,generar_emb,-,6550,0,0.013291100
postgres,1,insert_emb,-,6550,0,0.005614600
postgres,1,generar_emb,-,6551,0,0.011449000
postgres,1,insert_emb,-,6551,0,0.005150600
postgres,1,generar_emb,-,6552,0,0.015852400
postgres,1,insert_emb,-,6552,0,0.005413100
postgres,1,generar_emb,-,6553,0,0.015131600
postgres,1,insert_emb,-,6553,0,0.005615300
postgres,1,generar_emb,-,6554,0,0.010831700
postgres,1,insert_emb,-,6554,0,0.005773300
postgres,1,generar_emb,-,6555,0,0.015722000
postgres,1,insert_emb,-,6555,0,0.006111900
postgres,1,generar_emb,-,6556,0,0.010921400
postgres,1,insert_emb,-,6556,0,0.005633300
postgres,1,generar_emb,-,6557,0,0.011921200
postgres,1,insert_emb,-,6557,0,0.005681200
postgres,1,generar_emb,-,6558,0,0.011068500
postgres,1,insert_emb,-,6558,0,0.005270200
postgres,1,generar_emb,-,6559,0,0.010971600
postgres,1,insert_emb,-,6559,0,0.005573600
postgres,1,generar_emb,-,6560,0,0.011547200
postgres,1,insert_emb,-,6560,0,0.005712400
postgres,1,generar_emb,-,6561,0,0.011474900
postgres,1,insert_emb,-,6561,0,0.005330200
postgres,1,generar_emb,-,6562,0,0.012565700
postgres,1,insert_emb,-,6562,0,0.005200200
postgres,1,generar_emb,-,6563,0,0.012724900
postgres,1,insert_emb,-,6563,0,0.005451200
postgres,1,generar_emb,-,6564,0,0.011318900
postgres,1,insert_emb,-,6564,0,0.005042400
postgres,1,generar_emb,-,6565,0,0.012105500
postgres,1,insert_emb,-,6565,0,0.005038300
postgres,1,generar_emb,-,6566,0,0.012960600
postgres,1,insert_emb,-,6566,0,0.005182300
postgres,1,generar_emb,-,6567,0,0.013749300
postgres,1,insert_emb,-,6567,0,0.005473100
postgres,1,generar_emb,-,6568,0,0.011415200
postgres,1,insert_emb,-,6568,0,0.005349900
postgres,1,generar_emb,-,6569,0,0.011444200
postgres,1,insert_emb,-,6569,0,0.006078400
postgres,1,generar_emb,-,6570,0,0.015900100
postgres,1,insert_emb,-,6570,0,0.005897700
postgres,1,generar_emb,-,6571,0,0.011972600
postgres,1,insert_emb,-,6571,0,0.005726200
postgres,1,generar_emb,-,6572,0,0.011921400
postgres,1,insert_emb,-,6572,0,0.005779800
postgres,1,generar_emb,-,6573,0,0.012078900
postgres,1,insert_emb,-,6573,0,0.005913400
postgres,1,generar_emb,-,6574,0,0.011216100
postgres,1,insert_emb,-,6574,0,0.005586600
postgres,1,generar_emb,-,6575,0,0.011365200
postgres,1,insert_emb,-,6575,0,0.006087900
postgres,1,generar_emb,-,6576,0,0.011259300
postgres,1,insert_emb,-,6576,0,0.005441600
postgres,1,generar_emb,-,6577,0,0.011736600
postgres,1,insert_emb,-,6577,0,0.005365000
postgres,1,generar_emb,-,6578,0,0.011888200
postgres,1,insert_emb,-,6578,0,0.005323300
postgres,1,generar_emb,-,6579,0,0.011867200
postgres,1,insert_emb,-,6579,0,0.005543400
postgres,1,generar_emb,-,6580,0,0.012445400
postgres,1,insert_emb,-,6580,0,0.005398000
postgres,1,generar_emb,-,6581,0,0.012134200
postgres,1,insert_emb,-,6581,0,0.005407600
postgres,1,generar_emb,-,6582,0,0.011936200
postgres,1,insert_emb,-,6582,0,0.005040200
postgres,1,generar_emb,-,6583,0,0.012645900
postgres,1,insert_emb,-,6583,0,0.005113500
postgres,1,generar_emb,-,6584,0,0.013144400
postgres,1,insert_emb,-,6584,0,0.005041700
postgres,1,generar_emb,-,6585,0,0.013897000
postgres,1,insert_emb,-,6585,0,0.005532700
postgres,1,generar_emb,-,6586,0,0.012010000
postgres,1,insert_emb,-,6586,0,0.005157400
postgres,1,generar_emb,-,6587,0,0.013072100
postgres,1,insert_emb,-,6587,0,0.005655800
postgres,1,generar_emb,-,6588,0,0.012823700
postgres,1,insert_emb,-,6588,0,0.005332800
postgres,1,generar_emb,-,6589,0,0.013710900
postgres,1,insert_emb,-,6589,0,0.005477600
postgres,1,generar_emb,-,6590,0,0.012240000
postgres,1,insert_emb,-,6590,0,0.005588900
postgres,1,generar_emb,-,6591,0,0.013490400
postgres,1,insert_emb,-,6591,0,0.005584800
postgres,1,generar_emb,-,6592,0,0.011689800
postgres,1,insert_emb,-,6592,0,0.005317700
postgres,1,generar_emb,-,6593,0,0.015357100
postgres,1,insert_emb,-,6593,0,0.005313500
postgres,1,generar_emb,-,6594,0,0.012447400
postgres,1,insert_emb,-,6594,0,0.005194000
postgres,1,generar_emb,-,6595,0,0.010764500
postgres,1,insert_emb,-,6595,0,0.005261200
postgres,1,generar_emb,-,6596,0,0.011540300
postgres,1,insert_emb,-,6596,0,0.005166400
postgres,1,generar_emb,-,6597,0,0.011580900
postgres,1,insert_emb,-,6597,0,0.005138100
postgres,1,generar_emb,-,6598,0,0.012780200
postgres,1,insert_emb,-,6598,0,0.005487900
postgres,1,generar_emb,-,6599,0,0.012565900
postgres,1,insert_emb,-,6599,0,0.006027300
postgres,1,generar_emb,-,6600,0,0.013049400
postgres,1,insert_emb,-,6600,0,0.005336000
postgres,1,generar_emb,-,6601,0,0.011548800
postgres,1,insert_emb,-,6601,0,0.005420300
postgres,1,generar_emb,-,6602,0,0.013087100
postgres,1,insert_emb,-,6602,0,0.005157100
postgres,1,generar_emb,-,6603,0,0.013306900
postgres,1,insert_emb,-,6603,0,0.005638500
postgres,1,generar_emb,-,6604,0,0.014408800
postgres,1,insert_emb,-,6604,0,0.006022000
postgres,1,generar_emb,-,6605,0,0.010831000
postgres,1,insert_emb,-,6605,0,0.006249100
postgres,1,generar_emb,-,6606,0,0.013308100
postgres,1,insert_emb,-,6606,0,0.005889400
postgres,1,generar_emb,-,6607,0,0.012355400
postgres,1,insert_emb,-,6607,0,0.005158100
postgres,1,generar_emb,-,6608,0,0.012946600
postgres,1,insert_emb,-,6608,0,0.005639700
postgres,1,generar_emb,-,6609,0,0.012502700
postgres,1,insert_emb,-,6609,0,0.005508000
postgres,1,generar_emb,-,6610,0,0.014191000
postgres,1,insert_emb,-,6610,0,0.005486100
postgres,1,generar_emb,-,6611,0,0.013674500
postgres,1,insert_emb,-,6611,0,0.004805800
postgres,1,generar_emb,-,6612,0,0.014419900
postgres,1,insert_emb,-,6612,0,0.005180000
postgres,1,generar_emb,-,6613,0,0.012168600
postgres,1,insert_emb,-,6613,0,0.005114400
postgres,1,generar_emb,-,6614,0,0.012397100
postgres,1,insert_emb,-,6614,0,0.005289700
postgres,1,generar_emb,-,6615,0,0.011368100
postgres,1,insert_emb,-,6615,0,0.005538300
postgres,1,generar_emb,-,6616,0,0.013654600
postgres,1,insert_emb,-,6616,0,0.005285900
postgres,1,generar_emb,-,6617,0,0.015547600
postgres,1,insert_emb,-,6617,0,0.005576600
postgres,1,generar_emb,-,6618,0,0.012931600
postgres,1,insert_emb,-,6618,0,0.005466200
postgres,1,generar_emb,-,6619,0,0.012916300
postgres,1,insert_emb,-,6619,0,0.005436000
postgres,1,generar_emb,-,6620,0,0.012620400
postgres,1,insert_emb,-,6620,0,0.005769500
postgres,1,generar_emb,-,6621,0,0.014496200
postgres,1,insert_emb,-,6621,0,0.005256300
postgres,1,generar_emb,-,6622,0,0.012932900
postgres,1,insert_emb,-,6622,0,0.005201500
postgres,1,generar_emb,-,6623,0,0.013094700
postgres,1,insert_emb,-,6623,0,0.005145200
postgres,1,generar_emb,-,6624,0,0.012911100
postgres,1,insert_emb,-,6624,0,0.004965600
postgres,1,generar_emb,-,6625,0,0.011963500
postgres,1,insert_emb,-,6625,0,0.005530400
postgres,1,generar_emb,-,6626,0,0.012018700
postgres,1,insert_emb,-,6626,0,0.005763000
postgres,1,generar_emb,-,6627,0,0.013113900
postgres,1,insert_emb,-,6627,0,0.005633900
postgres,1,generar_emb,-,6628,0,0.012118900
postgres,1,insert_emb,-,6628,0,0.004979900
postgres,1,generar_emb,-,6629,0,0.011808500
postgres,1,insert_emb,-,6629,0,0.005674500
postgres,1,generar_emb,-,6630,0,0.011231500
postgres,1,insert_emb,-,6630,0,0.005732200
postgres,1,generar_emb,-,6631,0,0.017222700
postgres,1,insert_emb,-,6631,0,0.005714100
postgres,1,generar_emb,-,6632,0,0.010580500
postgres,1,insert_emb,-,6632,0,0.005716900
postgres,1,generar_emb,-,6633,0,0.011745500
postgres,1,insert_emb,-,6633,0,0.005695200
postgres,1,generar_emb,-,6634,0,0.012543000
postgres,1,insert_emb,-,6634,0,0.005640400
postgres,1,generar_emb,-,6635,0,0.012671500
postgres,1,insert_emb,-,6635,0,0.005919800
postgres,1,generar_emb,-,6636,0,0.012940500
postgres,1,insert_emb,-,6636,0,0.005081000
postgres,1,generar_emb,-,6637,0,0.012619100
postgres,1,insert_emb,-,6637,0,0.005422200
postgres,1,generar_emb,-,6638,0,0.013299100
postgres,1,insert_emb,-,6638,0,0.005214500
postgres,1,generar_emb,-,6639,0,0.015694100
postgres,1,insert_emb,-,6639,0,0.005500200
postgres,1,generar_emb,-,6640,0,0.013965000
postgres,1,insert_emb,-,6640,0,0.005316200
postgres,1,generar_emb,-,6641,0,0.011581700
postgres,1,insert_emb,-,6641,0,0.005159900
postgres,1,generar_emb,-,6642,0,0.014258300
postgres,1,insert_emb,-,6642,0,0.005063800
postgres,1,generar_emb,-,6643,0,0.012357100
postgres,1,insert_emb,-,6643,0,0.005159000
postgres,1,generar_emb,-,6644,0,0.011801000
postgres,1,insert_emb,-,6644,0,0.005208700
postgres,1,generar_emb,-,6645,0,0.012401300
postgres,1,insert_emb,-,6645,0,0.005211100
postgres,1,generar_emb,-,6646,0,0.012278500
postgres,1,insert_emb,-,6646,0,0.005705100
postgres,1,generar_emb,-,6647,0,0.012299100
postgres,1,insert_emb,-,6647,0,0.006118500
postgres,1,generar_emb,-,6648,0,0.010861400
postgres,1,insert_emb,-,6648,0,0.005421600
postgres,1,generar_emb,-,6649,0,0.013240800
postgres,1,insert_emb,-,6649,0,0.005937600
postgres,1,generar_emb,-,6650,0,0.013017600
postgres,1,insert_emb,-,6650,0,0.005610300
postgres,1,generar_emb,-,6651,0,0.012891700
postgres,1,insert_emb,-,6651,0,0.005667100
postgres,1,generar_emb,-,6652,0,0.012043100
postgres,1,insert_emb,-,6652,0,0.005178200
postgres,1,generar_emb,-,6653,0,0.012534700
postgres,1,insert_emb,-,6653,0,0.005321600
postgres,1,generar_emb,-,6654,0,0.012628800
postgres,1,insert_emb,-,6654,0,0.005952300
postgres,1,generar_emb,-,6655,0,0.010889000
postgres,1,insert_emb,-,6655,0,0.005997100
postgres,1,generar_emb,-,6656,0,0.012215100
postgres,1,insert_emb,-,6656,0,0.005586100
postgres,1,generar_emb,-,6657,0,0.011894300
postgres,1,insert_emb,-,6657,0,0.005547200
postgres,1,generar_emb,-,6658,0,0.012536400
postgres,1,insert_emb,-,6658,0,0.005987400
postgres,1,generar_emb,-,6659,0,0.013710300
postgres,1,insert_emb,-,6659,0,0.005677000
postgres,1,generar_emb,-,6660,0,0.013988200
postgres,1,insert_emb,-,6660,0,0.005807400
postgres,1,generar_emb,-,6661,0,0.013553600
postgres,1,insert_emb,-,6661,0,0.005960900
postgres,1,generar_emb,-,6662,0,0.014150800
postgres,1,insert_emb,-,6662,0,0.005299200
postgres,1,generar_emb,-,6663,0,0.011542900
postgres,1,insert_emb,-,6663,0,0.005315600
postgres,1,generar_emb,-,6664,0,0.013401300
postgres,1,insert_emb,-,6664,0,0.005501600
postgres,1,generar_emb,-,6665,0,0.011725300
postgres,1,insert_emb,-,6665,0,0.005335000
postgres,1,generar_emb,-,6666,0,0.012292500
postgres,1,insert_emb,-,6666,0,0.005211900
postgres,1,generar_emb,-,6667,0,0.012977100
postgres,1,insert_emb,-,6667,0,0.005173100
postgres,1,generar_emb,-,6668,0,0.014069500
postgres,1,insert_emb,-,6668,0,0.005495500
postgres,1,generar_emb,-,6669,0,0.013209500
postgres,1,insert_emb,-,6669,0,0.005613000
postgres,1,generar_emb,-,6670,0,0.012178400
postgres,1,insert_emb,-,6670,0,0.006347500
postgres,1,generar_emb,-,6671,0,0.015099500
postgres,1,insert_emb,-,6671,0,0.005850000
postgres,1,generar_emb,-,6672,0,0.012471600
postgres,1,insert_emb,-,6672,0,0.005562000
postgres,1,generar_emb,-,6673,0,0.018165300
postgres,1,insert_emb,-,6673,0,0.005865000
postgres,1,generar_emb,-,6674,0,0.018026800
postgres,1,insert_emb,-,6674,0,0.006850700
postgres,1,generar_emb,-,6675,0,0.022289200
postgres,1,insert_emb,-,6675,0,0.007143100
postgres,1,generar_emb,-,6676,0,0.028090700
postgres,1,insert_emb,-,6676,0,0.007181600
postgres,1,generar_emb,-,6677,0,0.015283800
postgres,1,insert_emb,-,6677,0,0.005648900
postgres,1,generar_emb,-,6678,0,0.011925400
postgres,1,insert_emb,-,6678,0,0.005266400
postgres,1,generar_emb,-,6679,0,0.014543800
postgres,1,insert_emb,-,6679,0,0.005811100
postgres,1,generar_emb,-,6680,0,0.014314000
postgres,1,insert_emb,-,6680,0,0.006372600
postgres,1,generar_emb,-,6681,0,0.011882200
postgres,1,insert_emb,-,6681,0,0.005564400
postgres,1,generar_emb,-,6682,0,0.013347500
postgres,1,insert_emb,-,6682,0,0.005822600
postgres,1,generar_emb,-,6683,0,0.011166300
postgres,1,insert_emb,-,6683,0,0.005463000
postgres,1,generar_emb,-,6684,0,0.011704800
postgres,1,insert_emb,-,6684,0,0.005514200
postgres,1,generar_emb,-,6685,0,0.014439800
postgres,1,insert_emb,-,6685,0,0.006670200
postgres,1,generar_emb,-,6686,0,0.014892100
postgres,1,insert_emb,-,6686,0,0.006269200
postgres,1,generar_emb,-,6687,0,0.016623800
postgres,1,insert_emb,-,6687,0,0.005993300
postgres,1,generar_emb,-,6688,0,0.015306900
postgres,1,insert_emb,-,6688,0,0.006688100
postgres,1,generar_emb,-,6689,0,0.024000500
postgres,1,insert_emb,-,6689,0,0.007109200
postgres,1,generar_emb,-,6690,0,0.027438300
postgres,1,insert_emb,-,6690,0,0.007175800
postgres,1,generar_emb,-,6691,0,0.019917500
postgres,1,insert_emb,-,6691,0,0.005922000
postgres,1,generar_emb,-,6692,0,0.014230700
postgres,1,insert_emb,-,6692,0,0.005202600
postgres,1,generar_emb,-,6693,0,0.012856100
postgres,1,insert_emb,-,6693,0,0.005588100
postgres,1,generar_emb,-,6694,0,0.011872200
postgres,1,insert_emb,-,6694,0,0.005304100
postgres,1,generar_emb,-,6695,0,0.012041900
postgres,1,insert_emb,-,6695,0,0.005220000
postgres,1,generar_emb,-,6696,0,0.013045400
postgres,1,insert_emb,-,6696,0,0.005138200
postgres,1,generar_emb,-,6697,0,0.015123700
postgres,1,insert_emb,-,6697,0,0.005510900
postgres,1,generar_emb,-,6698,0,0.012592000
postgres,1,insert_emb,-,6698,0,0.004963600
postgres,1,generar_emb,-,6699,0,0.014103200
postgres,1,insert_emb,-,6699,0,0.005319200
postgres,1,generar_emb,-,6700,0,0.013944600
postgres,1,insert_emb,-,6700,0,0.005389400
postgres,1,generar_emb,-,6701,0,0.013608700
postgres,1,insert_emb,-,6701,0,0.005398900
postgres,1,generar_emb,-,6702,0,0.012855900
postgres,1,insert_emb,-,6702,0,0.005848300
postgres,1,generar_emb,-,6703,0,0.014602300
postgres,1,insert_emb,-,6703,0,0.005599900
postgres,1,generar_emb,-,6704,0,0.013330600
postgres,1,insert_emb,-,6704,0,0.005529100
postgres,1,generar_emb,-,6705,0,0.010687700
postgres,1,insert_emb,-,6705,0,0.005659100
postgres,1,generar_emb,-,6706,0,0.012328800
postgres,1,insert_emb,-,6706,0,0.005210400
postgres,1,generar_emb,-,6707,0,0.012093100
postgres,1,insert_emb,-,6707,0,0.005234100
postgres,1,generar_emb,-,6708,0,0.014142100
postgres,1,insert_emb,-,6708,0,0.005296100
postgres,1,generar_emb,-,6709,0,0.011573100
postgres,1,insert_emb,-,6709,0,0.005656600
postgres,1,generar_emb,-,6710,0,0.013748800
postgres,1,insert_emb,-,6710,0,0.005581500
postgres,1,generar_emb,-,6711,0,0.011999400
postgres,1,insert_emb,-,6711,0,0.005233000
postgres,1,generar_emb,-,6712,0,0.014790800
postgres,1,insert_emb,-,6712,0,0.005624500
postgres,1,generar_emb,-,6713,0,0.013578900
postgres,1,insert_emb,-,6713,0,0.005416400
postgres,1,generar_emb,-,6714,0,0.012546800
postgres,1,insert_emb,-,6714,0,0.005776600
postgres,1,generar_emb,-,6715,0,0.012495400
postgres,1,insert_emb,-,6715,0,0.005725600
postgres,1,generar_emb,-,6716,0,0.014032400
postgres,1,insert_emb,-,6716,0,0.005263600
postgres,1,generar_emb,-,6717,0,0.013076200
postgres,1,insert_emb,-,6717,0,0.005374400
postgres,1,generar_emb,-,6718,0,0.015471500
postgres,1,insert_emb,-,6718,0,0.005458400
postgres,1,generar_emb,-,6719,0,0.015033100
postgres,1,insert_emb,-,6719,0,0.006002000
postgres,1,generar_emb,-,6720,0,0.010938000
postgres,1,insert_emb,-,6720,0,0.005430200
postgres,1,generar_emb,-,6721,0,0.013306100
postgres,1,insert_emb,-,6721,0,0.005486700
postgres,1,generar_emb,-,6722,0,0.011829800
postgres,1,insert_emb,-,6722,0,0.005229700
postgres,1,generar_emb,-,6723,0,0.012853600
postgres,1,insert_emb,-,6723,0,0.005358000
postgres,1,generar_emb,-,6724,0,0.012408800
postgres,1,insert_emb,-,6724,0,0.004906700
postgres,1,generar_emb,-,6725,0,0.012132500
postgres,1,insert_emb,-,6725,0,0.005172300
postgres,1,generar_emb,-,6726,0,0.012724200
postgres,1,insert_emb,-,6726,0,0.005086100
postgres,1,generar_emb,-,6727,0,0.011444600
postgres,1,insert_emb,-,6727,0,0.005085500
postgres,1,generar_emb,-,6728,0,0.011977400
postgres,1,insert_emb,-,6728,0,0.006282000
postgres,1,generar_emb,-,6729,0,0.018104400
postgres,1,insert_emb,-,6729,0,0.005869000
postgres,1,generar_emb,-,6730,0,0.010926700
postgres,1,insert_emb,-,6730,0,0.005414700
postgres,1,generar_emb,-,6731,0,0.013323700
postgres,1,insert_emb,-,6731,0,0.005612900
postgres,1,generar_emb,-,6732,0,0.013624000
postgres,1,insert_emb,-,6732,0,0.005332800
postgres,1,generar_emb,-,6733,0,0.011997100
postgres,1,insert_emb,-,6733,0,0.005138900
postgres,1,generar_emb,-,6734,0,0.012867500
postgres,1,insert_emb,-,6734,0,0.005041000
postgres,1,generar_emb,-,6735,0,0.011701400
postgres,1,insert_emb,-,6735,0,0.005313400
postgres,1,generar_emb,-,6736,0,0.012520200
postgres,1,insert_emb,-,6736,0,0.005175900
postgres,1,generar_emb,-,6737,0,0.014428000
postgres,1,insert_emb,-,6737,0,0.005416100
postgres,1,generar_emb,-,6738,0,0.013087400
postgres,1,insert_emb,-,6738,0,0.005260700
postgres,1,generar_emb,-,6739,0,0.013686000
postgres,1,insert_emb,-,6739,0,0.005199800
postgres,1,generar_emb,-,6740,0,0.012480800
postgres,1,insert_emb,-,6740,0,0.005735200
postgres,1,generar_emb,-,6741,0,0.012947900
postgres,1,insert_emb,-,6741,0,0.005799900
postgres,1,generar_emb,-,6742,0,0.012110500
postgres,1,insert_emb,-,6742,0,0.005543100
postgres,1,generar_emb,-,6743,0,0.011867200
postgres,1,insert_emb,-,6743,0,0.005943700
postgres,1,generar_emb,-,6744,0,0.012566500
postgres,1,insert_emb,-,6744,0,0.006178200
postgres,1,generar_emb,-,6745,0,0.011958200
postgres,1,insert_emb,-,6745,0,0.006115300
postgres,1,generar_emb,-,6746,0,0.013386600
postgres,1,insert_emb,-,6746,0,0.005809500
postgres,1,generar_emb,-,6747,0,0.012154300
postgres,1,insert_emb,-,6747,0,0.005794800
postgres,1,generar_emb,-,6748,0,0.010743000
postgres,1,insert_emb,-,6748,0,0.005543400
postgres,1,generar_emb,-,6749,0,0.012506400
postgres,1,insert_emb,-,6749,0,0.006075700
postgres,1,generar_emb,-,6750,0,0.013918500
postgres,1,insert_emb,-,6750,0,0.005441500
postgres,1,generar_emb,-,6751,0,0.011304000
postgres,1,insert_emb,-,6751,0,0.005831900
postgres,1,generar_emb,-,6752,0,0.010577700
postgres,1,insert_emb,-,6752,0,0.005591600
postgres,1,generar_emb,-,6753,0,0.011254900
postgres,1,insert_emb,-,6753,0,0.005514900
postgres,1,generar_emb,-,6754,0,0.011680500
postgres,1,insert_emb,-,6754,0,0.005814500
postgres,1,generar_emb,-,6755,0,0.015867700
postgres,1,insert_emb,-,6755,0,0.005769100
postgres,1,generar_emb,-,6756,0,0.012091600
postgres,1,insert_emb,-,6756,0,0.005554800
postgres,1,generar_emb,-,6757,0,0.011733300
postgres,1,insert_emb,-,6757,0,0.005447700
postgres,1,generar_emb,-,6758,0,0.014115300
postgres,1,insert_emb,-,6758,0,0.005229600
postgres,1,generar_emb,-,6759,0,0.015495000
postgres,1,insert_emb,-,6759,0,0.005541600
postgres,1,generar_emb,-,6760,0,0.016173500
postgres,1,insert_emb,-,6760,0,0.005357800
postgres,1,generar_emb,-,6761,0,0.011959900
postgres,1,insert_emb,-,6761,0,0.005564800
postgres,1,generar_emb,-,6762,0,0.011320400
postgres,1,insert_emb,-,6762,0,0.005202900
postgres,1,generar_emb,-,6763,0,0.012685900
postgres,1,insert_emb,-,6763,0,0.005574600
postgres,1,generar_emb,-,6764,0,0.012458800
postgres,1,insert_emb,-,6764,0,0.005661900
postgres,1,generar_emb,-,6765,0,0.011911200
postgres,1,insert_emb,-,6765,0,0.005556800
postgres,1,generar_emb,-,6766,0,0.014043700
postgres,1,insert_emb,-,6766,0,0.005793000
postgres,1,generar_emb,-,6767,0,0.012162000
postgres,1,insert_emb,-,6767,0,0.005316800
postgres,1,generar_emb,-,6768,0,0.013520400
postgres,1,insert_emb,-,6768,0,0.005355300
postgres,1,generar_emb,-,6769,0,0.011824100
postgres,1,insert_emb,-,6769,0,0.005360700
postgres,1,generar_emb,-,6770,0,0.013606900
postgres,1,insert_emb,-,6770,0,0.005733000
postgres,1,generar_emb,-,6771,0,0.012195100
postgres,1,insert_emb,-,6771,0,0.005359400
postgres,1,generar_emb,-,6772,0,0.012251400
postgres,1,insert_emb,-,6772,0,0.005607400
postgres,1,generar_emb,-,6773,0,0.016362600
postgres,1,insert_emb,-,6773,0,0.005035600
postgres,1,generar_emb,-,6774,0,0.013187600
postgres,1,insert_emb,-,6774,0,0.005315800
postgres,1,generar_emb,-,6775,0,0.011968800
postgres,1,insert_emb,-,6775,0,0.005438400
postgres,1,generar_emb,-,6776,0,0.012400600
postgres,1,insert_emb,-,6776,0,0.005668600
postgres,1,generar_emb,-,6777,0,0.014211500
postgres,1,insert_emb,-,6777,0,0.005876100
postgres,1,generar_emb,-,6778,0,0.012684400
postgres,1,insert_emb,-,6778,0,0.005684100
postgres,1,generar_emb,-,6779,0,0.013170600
postgres,1,insert_emb,-,6779,0,0.005531500
postgres,1,generar_emb,-,6780,0,0.013050800
postgres,1,insert_emb,-,6780,0,0.005392400
postgres,1,generar_emb,-,6781,0,0.011320600
postgres,1,insert_emb,-,6781,0,0.005582100
postgres,1,generar_emb,-,6782,0,0.011801800
postgres,1,insert_emb,-,6782,0,0.005271600
postgres,1,generar_emb,-,6783,0,0.016469500
postgres,1,insert_emb,-,6783,0,0.006403000
postgres,1,generar_emb,-,6784,0,0.017148300
postgres,1,insert_emb,-,6784,0,0.006080400
postgres,1,generar_emb,-,6785,0,0.016208800
postgres,1,insert_emb,-,6785,0,0.006140100
postgres,1,generar_emb,-,6786,0,0.014110900
postgres,1,insert_emb,-,6786,0,0.005875900
postgres,1,generar_emb,-,6787,0,0.014158700
postgres,1,insert_emb,-,6787,0,0.005351900
postgres,1,generar_emb,-,6788,0,0.012606400
postgres,1,insert_emb,-,6788,0,0.005576000
postgres,1,generar_emb,-,6789,0,0.013883400
postgres,1,insert_emb,-,6789,0,0.005292000
postgres,1,generar_emb,-,6790,0,0.012175200
postgres,1,insert_emb,-,6790,0,0.005535000
postgres,1,generar_emb,-,6791,0,0.012454500
postgres,1,insert_emb,-,6791,0,0.005515300
postgres,1,generar_emb,-,6792,0,0.011360900
postgres,1,insert_emb,-,6792,0,0.005299000
postgres,1,generar_emb,-,6793,0,0.014437300
postgres,1,insert_emb,-,6793,0,0.005624400
postgres,1,generar_emb,-,6794,0,0.013104600
postgres,1,insert_emb,-,6794,0,0.005553900
postgres,1,generar_emb,-,6795,0,0.013137400
postgres,1,insert_emb,-,6795,0,0.005903600
postgres,1,generar_emb,-,6796,0,0.011241000
postgres,1,insert_emb,-,6796,0,0.005747000
postgres,1,generar_emb,-,6797,0,0.013087600
postgres,1,insert_emb,-,6797,0,0.005699200
postgres,1,generar_emb,-,6798,0,0.011262500
postgres,1,insert_emb,-,6798,0,0.005237700
postgres,1,generar_emb,-,6799,0,0.014626200
postgres,1,insert_emb,-,6799,0,0.005699400
postgres,1,generar_emb,-,6800,0,0.010877000
postgres,1,insert_emb,-,6800,0,0.005444500
postgres,1,generar_emb,-,6801,0,0.013989700
postgres,1,insert_emb,-,6801,0,0.005370000
postgres,1,generar_emb,-,6802,0,0.013073000
postgres,1,insert_emb,-,6802,0,0.005410200
postgres,1,generar_emb,-,6803,0,0.012233900
postgres,1,insert_emb,-,6803,0,0.004929700
postgres,1,generar_emb,-,6804,0,0.014382000
postgres,1,insert_emb,-,6804,0,0.005240600
postgres,1,generar_emb,-,6805,0,0.011435600
postgres,1,insert_emb,-,6805,0,0.005316600
postgres,1,generar_emb,-,6806,0,0.018151900
postgres,1,insert_emb,-,6806,0,0.005243300
postgres,1,generar_emb,-,6807,0,0.012203100
postgres,1,insert_emb,-,6807,0,0.005259700
postgres,1,generar_emb,-,6808,0,0.013275500
postgres,1,insert_emb,-,6808,0,0.005186200
postgres,1,generar_emb,-,6809,0,0.012267200
postgres,1,insert_emb,-,6809,0,0.005203600
postgres,1,generar_emb,-,6810,0,0.012645300
postgres,1,insert_emb,-,6810,0,0.005529400
postgres,1,generar_emb,-,6811,0,0.011706300
postgres,1,insert_emb,-,6811,0,0.005813900
postgres,1,generar_emb,-,6812,0,0.012718100
postgres,1,insert_emb,-,6812,0,0.005551600
postgres,1,generar_emb,-,6813,0,0.013392700
postgres,1,insert_emb,-,6813,0,0.005215700
postgres,1,generar_emb,-,6814,0,0.013064000
postgres,1,insert_emb,-,6814,0,0.005340400
postgres,1,generar_emb,-,6815,0,0.013995900
postgres,1,insert_emb,-,6815,0,0.005329700
postgres,1,generar_emb,-,6816,0,0.015523400
postgres,1,insert_emb,-,6816,0,0.006190800
postgres,1,generar_emb,-,6817,0,0.010754800
postgres,1,insert_emb,-,6817,0,0.005328000
postgres,1,generar_emb,-,6818,0,0.014145200
postgres,1,insert_emb,-,6818,0,0.005174100
postgres,1,generar_emb,-,6819,0,0.013710300
postgres,1,insert_emb,-,6819,0,0.005481400
postgres,1,generar_emb,-,6820,0,0.012933500
postgres,1,insert_emb,-,6820,0,0.005520300
postgres,1,generar_emb,-,6821,0,0.012582400
postgres,1,insert_emb,-,6821,0,0.005489200
postgres,1,generar_emb,-,6822,0,0.012453000
postgres,1,insert_emb,-,6822,0,0.005291300
postgres,1,generar_emb,-,6823,0,0.012751000
postgres,1,insert_emb,-,6823,0,0.005179000
postgres,1,generar_emb,-,6824,0,0.013464200
postgres,1,insert_emb,-,6824,0,0.005258600
postgres,1,generar_emb,-,6825,0,0.012693500
postgres,1,insert_emb,-,6825,0,0.005352600
postgres,1,generar_emb,-,6826,0,0.012183400
postgres,1,insert_emb,-,6826,0,0.005392100
postgres,1,generar_emb,-,6827,0,0.013235100
postgres,1,insert_emb,-,6827,0,0.005237500
postgres,1,generar_emb,-,6828,0,0.011316700
postgres,1,insert_emb,-,6828,0,0.005441900
postgres,1,generar_emb,-,6829,0,0.012535200
postgres,1,insert_emb,-,6829,0,0.005545700
postgres,1,generar_emb,-,6830,0,0.013927100
postgres,1,insert_emb,-,6830,0,0.005362400
postgres,1,generar_emb,-,6831,0,0.014107100
postgres,1,insert_emb,-,6831,0,0.005909500
postgres,1,generar_emb,-,6832,0,0.013931100
postgres,1,insert_emb,-,6832,0,0.005488800
postgres,1,generar_emb,-,6833,0,0.012456800
postgres,1,insert_emb,-,6833,0,0.005733000
postgres,1,generar_emb,-,6834,0,0.014067800
postgres,1,insert_emb,-,6834,0,0.005938300
postgres,1,generar_emb,-,6835,0,0.016720600
postgres,1,insert_emb,-,6835,0,0.006385500
postgres,1,generar_emb,-,6836,0,0.011381700
postgres,1,insert_emb,-,6836,0,0.005842100
postgres,1,generar_emb,-,6837,0,0.012982100
postgres,1,insert_emb,-,6837,0,0.005626400
postgres,1,generar_emb,-,6838,0,0.015687500
postgres,1,insert_emb,-,6838,0,0.005819500
postgres,1,generar_emb,-,6839,0,0.012618900
postgres,1,insert_emb,-,6839,0,0.005184900
postgres,1,generar_emb,-,6840,0,0.013467600
postgres,1,insert_emb,-,6840,0,0.006073200
postgres,1,generar_emb,-,6841,0,0.012959100
postgres,1,insert_emb,-,6841,0,0.006056100
postgres,1,generar_emb,-,6842,0,0.013875900
postgres,1,insert_emb,-,6842,0,0.005215600
postgres,1,generar_emb,-,6843,0,0.014335200
postgres,1,insert_emb,-,6843,0,0.005632900
postgres,1,generar_emb,-,6844,0,0.014019000
postgres,1,insert_emb,-,6844,0,0.005291300
postgres,1,generar_emb,-,6845,0,0.014420800
postgres,1,insert_emb,-,6845,0,0.005677600
postgres,1,generar_emb,-,6846,0,0.013172800
postgres,1,insert_emb,-,6846,0,0.005421300
postgres,1,generar_emb,-,6847,0,0.014388000
postgres,1,insert_emb,-,6847,0,0.005073200
postgres,1,generar_emb,-,6848,0,0.015894600
postgres,1,insert_emb,-,6848,0,0.005090700
postgres,1,generar_emb,-,6849,0,0.015159100
postgres,1,insert_emb,-,6849,0,0.005394700
postgres,1,generar_emb,-,6850,0,0.012037400
postgres,1,insert_emb,-,6850,0,0.005217600
postgres,1,generar_emb,-,6851,0,0.014469900
postgres,1,insert_emb,-,6851,0,0.005615900
postgres,1,generar_emb,-,6852,0,0.011213200
postgres,1,insert_emb,-,6852,0,0.005376400
postgres,1,generar_emb,-,6853,0,0.011908600
postgres,1,insert_emb,-,6853,0,0.005704600
postgres,1,generar_emb,-,6854,0,0.012403100
postgres,1,insert_emb,-,6854,0,0.005227500
postgres,1,generar_emb,-,6855,0,0.011872600
postgres,1,insert_emb,-,6855,0,0.005365800
postgres,1,generar_emb,-,6856,0,0.011717300
postgres,1,insert_emb,-,6856,0,0.005202000
postgres,1,generar_emb,-,6857,0,0.013345400
postgres,1,insert_emb,-,6857,0,0.005390700
postgres,1,generar_emb,-,6858,0,0.012679800
postgres,1,insert_emb,-,6858,0,0.005384400
postgres,1,generar_emb,-,6859,0,0.012694100
postgres,1,insert_emb,-,6859,0,0.005651600
postgres,1,generar_emb,-,6860,0,0.012493100
postgres,1,insert_emb,-,6860,0,0.005482100
postgres,1,generar_emb,-,6861,0,0.011434300
postgres,1,insert_emb,-,6861,0,0.005525700
postgres,1,generar_emb,-,6862,0,0.011190300
postgres,1,insert_emb,-,6862,0,0.005372700
postgres,1,generar_emb,-,6863,0,0.014461400
postgres,1,insert_emb,-,6863,0,0.005662000
postgres,1,generar_emb,-,6864,0,0.012821000
postgres,1,insert_emb,-,6864,0,0.006006000
postgres,1,generar_emb,-,6865,0,0.012240000
postgres,1,insert_emb,-,6865,0,0.005614500
postgres,1,generar_emb,-,6866,0,0.012048100
postgres,1,insert_emb,-,6866,0,0.005504900
postgres,1,generar_emb,-,6867,0,0.012608100
postgres,1,insert_emb,-,6867,0,0.005270500
postgres,1,generar_emb,-,6868,0,0.013581400
postgres,1,insert_emb,-,6868,0,0.005347600
postgres,1,generar_emb,-,6869,0,0.013162100
postgres,1,insert_emb,-,6869,0,0.005300200
postgres,1,generar_emb,-,6870,0,0.011014500
postgres,1,insert_emb,-,6870,0,0.005443400
postgres,1,generar_emb,-,6871,0,0.012560700
postgres,1,insert_emb,-,6871,0,0.005035700
postgres,1,generar_emb,-,6872,0,0.011644900
postgres,1,insert_emb,-,6872,0,0.005268600
postgres,1,generar_emb,-,6873,0,0.011950200
postgres,1,insert_emb,-,6873,0,0.005309600
postgres,1,generar_emb,-,6874,0,0.012226500
postgres,1,insert_emb,-,6874,0,0.005188600
postgres,1,generar_emb,-,6875,0,0.010704200
postgres,1,insert_emb,-,6875,0,0.005793500
postgres,1,generar_emb,-,6876,0,0.012139900
postgres,1,insert_emb,-,6876,0,0.005737200
postgres,1,generar_emb,-,6877,0,0.011384200
postgres,1,insert_emb,-,6877,0,0.005341000
postgres,1,generar_emb,-,6878,0,0.010725400
postgres,1,insert_emb,-,6878,0,0.005324300
postgres,1,generar_emb,-,6879,0,0.015685600
postgres,1,insert_emb,-,6879,0,0.006001600
postgres,1,generar_emb,-,6880,0,0.014640900
postgres,1,insert_emb,-,6880,0,0.006145100
postgres,1,generar_emb,-,6881,0,0.012009900
postgres,1,insert_emb,-,6881,0,0.005981100
postgres,1,generar_emb,-,6882,0,0.014248000
postgres,1,insert_emb,-,6882,0,0.005824800
postgres,1,generar_emb,-,6883,0,0.012251900
postgres,1,insert_emb,-,6883,0,0.005403900
postgres,1,generar_emb,-,6884,0,0.013485700
postgres,1,insert_emb,-,6884,0,0.005487700
postgres,1,generar_emb,-,6885,0,0.011452700
postgres,1,insert_emb,-,6885,0,0.005257800
postgres,1,generar_emb,-,6886,0,0.011834700
postgres,1,insert_emb,-,6886,0,0.005407800
postgres,1,generar_emb,-,6887,0,0.013021600
postgres,1,insert_emb,-,6887,0,0.005357400
postgres,1,generar_emb,-,6888,0,0.013921600
postgres,1,insert_emb,-,6888,0,0.005464600
postgres,1,generar_emb,-,6889,0,0.013839600
postgres,1,insert_emb,-,6889,0,0.005435700
postgres,1,generar_emb,-,6890,0,0.018931100
postgres,1,insert_emb,-,6890,0,0.006037700
postgres,1,generar_emb,-,6891,0,0.018692300
postgres,1,insert_emb,-,6891,0,0.006057900
postgres,1,generar_emb,-,6892,0,0.015849000
postgres,1,insert_emb,-,6892,0,0.005358900
postgres,1,generar_emb,-,6893,0,0.013655100
postgres,1,insert_emb,-,6893,0,0.005556300
postgres,1,generar_emb,-,6894,0,0.015342000
postgres,1,insert_emb,-,6894,0,0.006040100
postgres,1,generar_emb,-,6895,0,0.011995700
postgres,1,insert_emb,-,6895,0,0.005310900
postgres,1,generar_emb,-,6896,0,0.012368800
postgres,1,insert_emb,-,6896,0,0.005070000
postgres,1,generar_emb,-,6897,0,0.012743800
postgres,1,insert_emb,-,6897,0,0.005150300
postgres,1,generar_emb,-,6898,0,0.013717100
postgres,1,insert_emb,-,6898,0,0.005215600
postgres,1,generar_emb,-,6899,0,0.012802900
postgres,1,insert_emb,-,6899,0,0.005624600
postgres,1,generar_emb,-,6900,0,0.015008300
postgres,1,insert_emb,-,6900,0,0.005276800
postgres,1,generar_emb,-,6901,0,0.013776800
postgres,1,insert_emb,-,6901,0,0.005406100
postgres,1,generar_emb,-,6902,0,0.010991700
postgres,1,insert_emb,-,6902,0,0.005331200
postgres,1,generar_emb,-,6903,0,0.011940700
postgres,1,insert_emb,-,6903,0,0.005304300
postgres,1,generar_emb,-,6904,0,0.011578400
postgres,1,insert_emb,-,6904,0,0.005417700
postgres,1,generar_emb,-,6905,0,0.013228300
postgres,1,insert_emb,-,6905,0,0.005801500
postgres,1,generar_emb,-,6906,0,0.012869700
postgres,1,insert_emb,-,6906,0,0.005259300
postgres,1,generar_emb,-,6907,0,0.010764300
postgres,1,insert_emb,-,6907,0,0.005472900
postgres,1,generar_emb,-,6908,0,0.010618500
postgres,1,insert_emb,-,6908,0,0.005651200
postgres,1,generar_emb,-,6909,0,0.013855000
postgres,1,insert_emb,-,6909,0,0.005925900
postgres,1,generar_emb,-,6910,0,0.011448400
postgres,1,insert_emb,-,6910,0,0.005616600
postgres,1,generar_emb,-,6911,0,0.011382700
postgres,1,insert_emb,-,6911,0,0.005419800
postgres,1,generar_emb,-,6912,0,0.013534400
postgres,1,insert_emb,-,6912,0,0.006009700
postgres,1,generar_emb,-,6913,0,0.011813800
postgres,1,insert_emb,-,6913,0,0.005894000
postgres,1,generar_emb,-,6914,0,0.012692900
postgres,1,insert_emb,-,6914,0,0.005620600
postgres,1,generar_emb,-,6915,0,0.012894100
postgres,1,insert_emb,-,6915,0,0.005722300
postgres,1,generar_emb,-,6916,0,0.011126800
postgres,1,insert_emb,-,6916,0,0.006033700
postgres,1,generar_emb,-,6917,0,0.010988600
postgres,1,insert_emb,-,6917,0,0.005863600
postgres,1,generar_emb,-,6918,0,0.012043400
postgres,1,insert_emb,-,6918,0,0.005118800
postgres,1,generar_emb,-,6919,0,0.011361200
postgres,1,insert_emb,-,6919,0,0.005232700
postgres,1,generar_emb,-,6920,0,0.014156400
postgres,1,insert_emb,-,6920,0,0.005200300
postgres,1,generar_emb,-,6921,0,0.014222500
postgres,1,insert_emb,-,6921,0,0.005322600
postgres,1,generar_emb,-,6922,0,0.012042600
postgres,1,insert_emb,-,6922,0,0.005189600
postgres,1,generar_emb,-,6923,0,0.011460800
postgres,1,insert_emb,-,6923,0,0.005475000
postgres,1,generar_emb,-,6924,0,0.012433500
postgres,1,insert_emb,-,6924,0,0.005477200
postgres,1,generar_emb,-,6925,0,0.012153400
postgres,1,insert_emb,-,6925,0,0.005442300
postgres,1,generar_emb,-,6926,0,0.015049200
postgres,1,insert_emb,-,6926,0,0.005165700
postgres,1,generar_emb,-,6927,0,0.013895400
postgres,1,insert_emb,-,6927,0,0.005338400
postgres,1,generar_emb,-,6928,0,0.014406200
postgres,1,insert_emb,-,6928,0,0.005960600
postgres,1,generar_emb,-,6929,0,0.016206600
postgres,1,insert_emb,-,6929,0,0.005914800
postgres,1,generar_emb,-,6930,0,0.013356200
postgres,1,insert_emb,-,6930,0,0.005689700
postgres,1,generar_emb,-,6931,0,0.012504200
postgres,1,insert_emb,-,6931,0,0.006048200
postgres,1,generar_emb,-,6932,0,0.011636500
postgres,1,insert_emb,-,6932,0,0.005176800
postgres,1,generar_emb,-,6933,0,0.012336300
postgres,1,insert_emb,-,6933,0,0.005208300
postgres,1,generar_emb,-,6934,0,0.012278800
postgres,1,insert_emb,-,6934,0,0.005253000
postgres,1,generar_emb,-,6935,0,0.011639400
postgres,1,insert_emb,-,6935,0,0.005175400
postgres,1,generar_emb,-,6936,0,0.012323000
postgres,1,insert_emb,-,6936,0,0.005211800
postgres,1,generar_emb,-,6937,0,0.011373200
postgres,1,insert_emb,-,6937,0,0.005597800
postgres,1,generar_emb,-,6938,0,0.010788800
postgres,1,insert_emb,-,6938,0,0.005108300
postgres,1,generar_emb,-,6939,0,0.010939400
postgres,1,insert_emb,-,6939,0,0.005331000
postgres,1,generar_emb,-,6940,0,0.012739200
postgres,1,insert_emb,-,6940,0,0.005696200
postgres,1,generar_emb,-,6941,0,0.012070400
postgres,1,insert_emb,-,6941,0,0.005294000
postgres,1,generar_emb,-,6942,0,0.010959400
postgres,1,insert_emb,-,6942,0,0.005491800
postgres,1,generar_emb,-,6943,0,0.012600300
postgres,1,insert_emb,-,6943,0,0.005764500
postgres,1,generar_emb,-,6944,0,0.011436300
postgres,1,insert_emb,-,6944,0,0.005909300
postgres,1,generar_emb,-,6945,0,0.011534700
postgres,1,insert_emb,-,6945,0,0.005754900
postgres,1,generar_emb,-,6946,0,0.010694700
postgres,1,insert_emb,-,6946,0,0.005393000
postgres,1,generar_emb,-,6947,0,0.012094800
postgres,1,insert_emb,-,6947,0,0.005152100
postgres,1,generar_emb,-,6948,0,0.012562700
postgres,1,insert_emb,-,6948,0,0.005547500
postgres,1,generar_emb,-,6949,0,0.012919400
postgres,1,insert_emb,-,6949,0,0.006200400
postgres,1,generar_emb,-,6950,0,0.012205900
postgres,1,insert_emb,-,6950,0,0.005191900
postgres,1,generar_emb,-,6951,0,0.010930600
postgres,1,insert_emb,-,6951,0,0.005711100
postgres,1,generar_emb,-,6952,0,0.011859900
postgres,1,insert_emb,-,6952,0,0.005230300
postgres,1,generar_emb,-,6953,0,0.012172200
postgres,1,insert_emb,-,6953,0,0.005278500
postgres,1,generar_emb,-,6954,0,0.013053200
postgres,1,insert_emb,-,6954,0,0.005061300
postgres,1,generar_emb,-,6955,0,0.013443300
postgres,1,insert_emb,-,6955,0,0.005189600
postgres,1,generar_emb,-,6956,0,0.012360300
postgres,1,insert_emb,-,6956,0,0.005684200
postgres,1,generar_emb,-,6957,0,0.012265900
postgres,1,insert_emb,-,6957,0,0.004994900
postgres,1,generar_emb,-,6958,0,0.010996800
postgres,1,insert_emb,-,6958,0,0.005442600
postgres,1,generar_emb,-,6959,0,0.011435200
postgres,1,insert_emb,-,6959,0,0.005321300
postgres,1,generar_emb,-,6960,0,0.010987500
postgres,1,insert_emb,-,6960,0,0.005537100
postgres,1,generar_emb,-,6961,0,0.011403000
postgres,1,insert_emb,-,6961,0,0.005451600
postgres,1,generar_emb,-,6962,0,0.011317200
postgres,1,insert_emb,-,6962,0,0.005325500
postgres,1,generar_emb,-,6963,0,0.011556800
postgres,1,insert_emb,-,6963,0,0.005703300
postgres,1,generar_emb,-,6964,0,0.012136200
postgres,1,insert_emb,-,6964,0,0.005446400
postgres,1,generar_emb,-,6965,0,0.011583200
postgres,1,insert_emb,-,6965,0,0.005172300
postgres,1,generar_emb,-,6966,0,0.010713500
postgres,1,insert_emb,-,6966,0,0.005304300
postgres,1,generar_emb,-,6967,0,0.011839000
postgres,1,insert_emb,-,6967,0,0.005209000
postgres,1,generar_emb,-,6968,0,0.011237000
postgres,1,insert_emb,-,6968,0,0.005205600
postgres,1,generar_emb,-,6969,0,0.010735000
postgres,1,insert_emb,-,6969,0,0.005237900
postgres,1,generar_emb,-,6970,0,0.015936100
postgres,1,insert_emb,-,6970,0,0.005667700
postgres,1,generar_emb,-,6971,0,0.012540300
postgres,1,insert_emb,-,6971,0,0.005412600
postgres,1,generar_emb,-,6972,0,0.011771700
postgres,1,insert_emb,-,6972,0,0.005575900
postgres,1,generar_emb,-,6973,0,0.014426100
postgres,1,insert_emb,-,6973,0,0.005704700
postgres,1,generar_emb,-,6974,0,0.014563600
postgres,1,insert_emb,-,6974,0,0.005437300
postgres,1,generar_emb,-,6975,0,0.010864600
postgres,1,insert_emb,-,6975,0,0.005782700
postgres,1,generar_emb,-,6976,0,0.011241400
postgres,1,insert_emb,-,6976,0,0.005216700
postgres,1,generar_emb,-,6977,0,0.012485400
postgres,1,insert_emb,-,6977,0,0.005206100
postgres,1,generar_emb,-,6978,0,0.016529700
postgres,1,insert_emb,-,6978,0,0.005866300
postgres,1,generar_emb,-,6979,0,0.012171900
postgres,1,insert_emb,-,6979,0,0.005224200
postgres,1,generar_emb,-,6980,0,0.012808100
postgres,1,insert_emb,-,6980,0,0.005674500
postgres,1,generar_emb,-,6981,0,0.013403400
postgres,1,insert_emb,-,6981,0,0.005572900
postgres,1,generar_emb,-,6982,0,0.014024700
postgres,1,insert_emb,-,6982,0,0.005894700
postgres,1,generar_emb,-,6983,0,0.016988300
postgres,1,insert_emb,-,6983,0,0.005719400
postgres,1,generar_emb,-,6984,0,0.013071800
postgres,1,insert_emb,-,6984,0,0.005487700
postgres,1,generar_emb,-,6985,0,0.010964500
postgres,1,insert_emb,-,6985,0,0.005222700
postgres,1,generar_emb,-,6986,0,0.013264500
postgres,1,insert_emb,-,6986,0,0.005501200
postgres,1,generar_emb,-,6987,0,0.015730100
postgres,1,insert_emb,-,6987,0,0.005726600
postgres,1,generar_emb,-,6988,0,0.012622900
postgres,1,insert_emb,-,6988,0,0.005506000
postgres,1,generar_emb,-,6989,0,0.011438500
postgres,1,insert_emb,-,6989,0,0.005460500
postgres,1,generar_emb,-,6990,0,0.012519000
postgres,1,insert_emb,-,6990,0,0.005623100
postgres,1,generar_emb,-,6991,0,0.013418400
postgres,1,insert_emb,-,6991,0,0.005523800
postgres,1,generar_emb,-,6992,0,0.013271300
postgres,1,insert_emb,-,6992,0,0.005500200
postgres,1,generar_emb,-,6993,0,0.010959800
postgres,1,insert_emb,-,6993,0,0.005411600
postgres,1,generar_emb,-,6994,0,0.012345800
postgres,1,insert_emb,-,6994,0,0.005729400
postgres,1,generar_emb,-,6995,0,0.013204000
postgres,1,insert_emb,-,6995,0,0.006079200
postgres,1,generar_emb,-,6996,0,0.013093800
postgres,1,insert_emb,-,6996,0,0.005578100
postgres,1,generar_emb,-,6997,0,0.011057800
postgres,1,insert_emb,-,6997,0,0.005416100
postgres,1,generar_emb,-,6998,0,0.011917300
postgres,1,insert_emb,-,6998,0,0.005540100
postgres,1,generar_emb,-,6999,0,0.016281500
postgres,1,insert_emb,-,6999,0,0.005608700
postgres,1,generar_emb,-,7000,0,0.014952600
postgres,1,insert_emb,-,7000,0,0.005418300
postgres,1,generar_emb,-,7001,0,0.013015900
postgres,1,insert_emb,-,7001,0,0.005218200
postgres,1,generar_emb,-,7002,0,0.010644000
postgres,1,insert_emb,-,7002,0,0.005068400
postgres,1,generar_emb,-,7003,0,0.010909600
postgres,1,insert_emb,-,7003,0,0.005096100
postgres,1,generar_emb,-,7004,0,0.012132600
postgres,1,insert_emb,-,7004,0,0.005604800
postgres,1,generar_emb,-,7005,0,0.012195600
postgres,1,insert_emb,-,7005,0,0.006033400
postgres,1,generar_emb,-,7006,0,0.013532100
postgres,1,insert_emb,-,7006,0,0.005539800
postgres,1,generar_emb,-,7007,0,0.012300200
postgres,1,insert_emb,-,7007,0,0.005508500
postgres,1,generar_emb,-,7008,0,0.011865500
postgres,1,insert_emb,-,7008,0,0.005894800
postgres,1,generar_emb,-,7009,0,0.014055500
postgres,1,insert_emb,-,7009,0,0.005684800
postgres,1,generar_emb,-,7010,0,0.010745200
postgres,1,insert_emb,-,7010,0,0.005650800
postgres,1,generar_emb,-,7011,0,0.012298500
postgres,1,insert_emb,-,7011,0,0.005644700
postgres,1,generar_emb,-,7012,0,0.011565900
postgres,1,insert_emb,-,7012,0,0.005079500
postgres,1,generar_emb,-,7013,0,0.016229900
postgres,1,insert_emb,-,7013,0,0.005138400
postgres,1,generar_emb,-,7014,0,0.013322500
postgres,1,insert_emb,-,7014,0,0.005277300
postgres,1,generar_emb,-,7015,0,0.011001100
postgres,1,insert_emb,-,7015,0,0.005418900
postgres,1,generar_emb,-,7016,0,0.012909900
postgres,1,insert_emb,-,7016,0,0.005443900
postgres,1,generar_emb,-,7017,0,0.015665300
postgres,1,insert_emb,-,7017,0,0.005773700
postgres,1,generar_emb,-,7018,0,0.012231300
postgres,1,insert_emb,-,7018,0,0.005219000
postgres,1,generar_emb,-,7019,0,0.013460400
postgres,1,insert_emb,-,7019,0,0.005661200
postgres,1,generar_emb,-,7020,0,0.011080400
postgres,1,insert_emb,-,7020,0,0.005461200
postgres,1,generar_emb,-,7021,0,0.011308100
postgres,1,insert_emb,-,7021,0,0.005367600
postgres,1,generar_emb,-,7022,0,0.013015100
postgres,1,insert_emb,-,7022,0,0.005655500
postgres,1,generar_emb,-,7023,0,0.014576700
postgres,1,insert_emb,-,7023,0,0.005832800
postgres,1,generar_emb,-,7024,0,0.012713200
postgres,1,insert_emb,-,7024,0,0.005594700
postgres,1,generar_emb,-,7025,0,0.012322400
postgres,1,insert_emb,-,7025,0,0.005258500
postgres,1,generar_emb,-,7026,0,0.013856700
postgres,1,insert_emb,-,7026,0,0.005375400
postgres,1,generar_emb,-,7027,0,0.014143000
postgres,1,insert_emb,-,7027,0,0.005199200
postgres,1,generar_emb,-,7028,0,0.013296000
postgres,1,insert_emb,-,7028,0,0.005785000
postgres,1,generar_emb,-,7029,0,0.012785900
postgres,1,insert_emb,-,7029,0,0.005625600
postgres,1,generar_emb,-,7030,0,0.012923600
postgres,1,insert_emb,-,7030,0,0.005869700
postgres,1,generar_emb,-,7031,0,0.012187700
postgres,1,insert_emb,-,7031,0,0.005527500
postgres,1,generar_emb,-,7032,0,0.012361200
postgres,1,insert_emb,-,7032,0,0.005115800
postgres,1,generar_emb,-,7033,0,0.012451600
postgres,1,insert_emb,-,7033,0,0.005170200
postgres,1,generar_emb,-,7034,0,0.012380400
postgres,1,insert_emb,-,7034,0,0.005274300
postgres,1,generar_emb,-,7035,0,0.012053500
postgres,1,insert_emb,-,7035,0,0.005401600
postgres,1,generar_emb,-,7036,0,0.011320800
postgres,1,insert_emb,-,7036,0,0.005182100
postgres,1,generar_emb,-,7037,0,0.011751800
postgres,1,insert_emb,-,7037,0,0.005091600
postgres,1,generar_emb,-,7038,0,0.015495500
postgres,1,insert_emb,-,7038,0,0.005500600
postgres,1,generar_emb,-,7039,0,0.013176900
postgres,1,insert_emb,-,7039,0,0.005498100
postgres,1,generar_emb,-,7040,0,0.012984300
postgres,1,insert_emb,-,7040,0,0.005617100
postgres,1,generar_emb,-,7041,0,0.012894900
postgres,1,insert_emb,-,7041,0,0.006011700
postgres,1,generar_emb,-,7042,0,0.012969400
postgres,1,insert_emb,-,7042,0,0.005850600
postgres,1,generar_emb,-,7043,0,0.011005000
postgres,1,insert_emb,-,7043,0,0.005578700
postgres,1,generar_emb,-,7044,0,0.012648900
postgres,1,insert_emb,-,7044,0,0.005223100
postgres,1,generar_emb,-,7045,0,0.012056400
postgres,1,insert_emb,-,7045,0,0.005570400
postgres,1,generar_emb,-,7046,0,0.012223700
postgres,1,insert_emb,-,7046,0,0.005214500
postgres,1,generar_emb,-,7047,0,0.011573200
postgres,1,insert_emb,-,7047,0,0.005665500
postgres,1,generar_emb,-,7048,0,0.011959100
postgres,1,insert_emb,-,7048,0,0.005154400
postgres,1,generar_emb,-,7049,0,0.011383200
postgres,1,insert_emb,-,7049,0,0.005179700
postgres,1,generar_emb,-,7050,0,0.014008900
postgres,1,insert_emb,-,7050,0,0.005497900
postgres,1,generar_emb,-,7051,0,0.012173100
postgres,1,insert_emb,-,7051,0,0.005251600
postgres,1,generar_emb,-,7052,0,0.012692900
postgres,1,insert_emb,-,7052,0,0.005569400
postgres,1,generar_emb,-,7053,0,0.012177000
postgres,1,insert_emb,-,7053,0,0.005235000
postgres,1,generar_emb,-,7054,0,0.013798500
postgres,1,insert_emb,-,7054,0,0.005588400
postgres,1,generar_emb,-,7055,0,0.013698600
postgres,1,insert_emb,-,7055,0,0.005330300
postgres,1,generar_emb,-,7056,0,0.011663500
postgres,1,insert_emb,-,7056,0,0.005578700
postgres,1,generar_emb,-,7057,0,0.013061500
postgres,1,insert_emb,-,7057,0,0.005257600
postgres,1,generar_emb,-,7058,0,0.013869400
postgres,1,insert_emb,-,7058,0,0.005416700
postgres,1,generar_emb,-,7059,0,0.013340900
postgres,1,insert_emb,-,7059,0,0.005497600
postgres,1,generar_emb,-,7060,0,0.012965000
postgres,1,insert_emb,-,7060,0,0.005492600
postgres,1,generar_emb,-,7061,0,0.012896700
postgres,1,insert_emb,-,7061,0,0.005679300
postgres,1,generar_emb,-,7062,0,0.012303800
postgres,1,insert_emb,-,7062,0,0.005600000
postgres,1,generar_emb,-,7063,0,0.012081300
postgres,1,insert_emb,-,7063,0,0.005324600
postgres,1,generar_emb,-,7064,0,0.012346600
postgres,1,insert_emb,-,7064,0,0.005577100
postgres,1,generar_emb,-,7065,0,0.012831800
postgres,1,insert_emb,-,7065,0,0.005219300
postgres,1,generar_emb,-,7066,0,0.012088200
postgres,1,insert_emb,-,7066,0,0.005747200
postgres,1,generar_emb,-,7067,0,0.013477800
postgres,1,insert_emb,-,7067,0,0.005563900
postgres,1,generar_emb,-,7068,0,0.014136700
postgres,1,insert_emb,-,7068,0,0.005336300
postgres,1,generar_emb,-,7069,0,0.013101500
postgres,1,insert_emb,-,7069,0,0.005406800
postgres,1,generar_emb,-,7070,0,0.013960500
postgres,1,insert_emb,-,7070,0,0.005825300
postgres,1,generar_emb,-,7071,0,0.012883800
postgres,1,insert_emb,-,7071,0,0.005559300
postgres,1,generar_emb,-,7072,0,0.014652700
postgres,1,insert_emb,-,7072,0,0.005447300
postgres,1,generar_emb,-,7073,0,0.014424700
postgres,1,insert_emb,-,7073,0,0.005190500
postgres,1,generar_emb,-,7074,0,0.013324700
postgres,1,insert_emb,-,7074,0,0.005393300
postgres,1,generar_emb,-,7075,0,0.015669300
postgres,1,insert_emb,-,7075,0,0.005327900
postgres,1,generar_emb,-,7076,0,0.013663400
postgres,1,insert_emb,-,7076,0,0.005363100
postgres,1,generar_emb,-,7077,0,0.015364100
postgres,1,insert_emb,-,7077,0,0.005535600
postgres,1,generar_emb,-,7078,0,0.014797300
postgres,1,insert_emb,-,7078,0,0.006020100
postgres,1,generar_emb,-,7079,0,0.012414500
postgres,1,insert_emb,-,7079,0,0.005307000
postgres,1,generar_emb,-,7080,0,0.012603100
postgres,1,insert_emb,-,7080,0,0.005847500
postgres,1,generar_emb,-,7081,0,0.012602100
postgres,1,insert_emb,-,7081,0,0.005348000
postgres,1,generar_emb,-,7082,0,0.016289300
postgres,1,insert_emb,-,7082,0,0.005959400
postgres,1,generar_emb,-,7083,0,0.012477600
postgres,1,insert_emb,-,7083,0,0.005551300
postgres,1,generar_emb,-,7084,0,0.013373600
postgres,1,insert_emb,-,7084,0,0.005170200
postgres,1,generar_emb,-,7085,0,0.016782300
postgres,1,insert_emb,-,7085,0,0.006001700
postgres,1,generar_emb,-,7086,0,0.011959800
postgres,1,insert_emb,-,7086,0,0.005344300
postgres,1,generar_emb,-,7087,0,0.013691400
postgres,1,insert_emb,-,7087,0,0.005446000
postgres,1,generar_emb,-,7088,0,0.014171700
postgres,1,insert_emb,-,7088,0,0.005744300
postgres,1,generar_emb,-,7089,0,0.014328200
postgres,1,insert_emb,-,7089,0,0.005826400
postgres,1,generar_emb,-,7090,0,0.013931300
postgres,1,insert_emb,-,7090,0,0.005655200
postgres,1,generar_emb,-,7091,0,0.013218300
postgres,1,insert_emb,-,7091,0,0.005882000
postgres,1,generar_emb,-,7092,0,0.012972700
postgres,1,insert_emb,-,7092,0,0.005787200
postgres,1,generar_emb,-,7093,0,0.013528800
postgres,1,insert_emb,-,7093,0,0.005677600
postgres,1,generar_emb,-,7094,0,0.013421800
postgres,1,insert_emb,-,7094,0,0.005832900
postgres,1,generar_emb,-,7095,0,0.012732500
postgres,1,insert_emb,-,7095,0,0.005451900
postgres,1,generar_emb,-,7096,0,0.012111600
postgres,1,insert_emb,-,7096,0,0.005732100
postgres,1,generar_emb,-,7097,0,0.012918400
postgres,1,insert_emb,-,7097,0,0.005753900
postgres,1,generar_emb,-,7098,0,0.012099200
postgres,1,insert_emb,-,7098,0,0.005455200
postgres,1,generar_emb,-,7099,0,0.012181400
postgres,1,insert_emb,-,7099,0,0.005359300
postgres,1,generar_emb,-,7100,0,0.013665600
postgres,1,insert_emb,-,7100,0,0.005174600
postgres,1,generar_emb,-,7101,0,0.013540500
postgres,1,insert_emb,-,7101,0,0.005300300
postgres,1,generar_emb,-,7102,0,0.013159000
postgres,1,insert_emb,-,7102,0,0.005313500
postgres,1,generar_emb,-,7103,0,0.013053100
postgres,1,insert_emb,-,7103,0,0.005120700
postgres,1,generar_emb,-,7104,0,0.013081400
postgres,1,insert_emb,-,7104,0,0.005347000
postgres,1,generar_emb,-,7105,0,0.010773400
postgres,1,insert_emb,-,7105,0,0.005309900
postgres,1,generar_emb,-,7106,0,0.012512600
postgres,1,insert_emb,-,7106,0,0.006018600
postgres,1,generar_emb,-,7107,0,0.013200500
postgres,1,insert_emb,-,7107,0,0.005870000
postgres,1,generar_emb,-,7108,0,0.011675900
postgres,1,insert_emb,-,7108,0,0.005256700
postgres,1,generar_emb,-,7109,0,0.012173100
postgres,1,insert_emb,-,7109,0,0.005427300
postgres,1,generar_emb,-,7110,0,0.011101900
postgres,1,insert_emb,-,7110,0,0.005418100
postgres,1,generar_emb,-,7111,0,0.011326600
postgres,1,insert_emb,-,7111,0,0.005094400
postgres,1,generar_emb,-,7112,0,0.010832200
postgres,1,insert_emb,-,7112,0,0.005521500
postgres,1,generar_emb,-,7113,0,0.013145900
postgres,1,insert_emb,-,7113,0,0.005004600
postgres,1,generar_emb,-,7114,0,0.012304300
postgres,1,insert_emb,-,7114,0,0.005294100
postgres,1,generar_emb,-,7115,0,0.010686800
postgres,1,insert_emb,-,7115,0,0.005334200
postgres,1,generar_emb,-,7116,0,0.010769900
postgres,1,insert_emb,-,7116,0,0.005393800
postgres,1,generar_emb,-,7117,0,0.011605400
postgres,1,insert_emb,-,7117,0,0.005569200
postgres,1,generar_emb,-,7118,0,0.010478800
postgres,1,insert_emb,-,7118,0,0.005738900
postgres,1,generar_emb,-,7119,0,0.012771700
postgres,1,insert_emb,-,7119,0,0.005241100
postgres,1,generar_emb,-,7120,0,0.010746900
postgres,1,insert_emb,-,7120,0,0.005130300
postgres,1,generar_emb,-,7121,0,0.011425000
postgres,1,insert_emb,-,7121,0,0.005527000
postgres,1,generar_emb,-,7122,0,0.013188100
postgres,1,insert_emb,-,7122,0,0.005400900
postgres,1,generar_emb,-,7123,0,0.012070200
postgres,1,insert_emb,-,7123,0,0.005408900
postgres,1,generar_emb,-,7124,0,0.010879500
postgres,1,insert_emb,-,7124,0,0.005643100
postgres,1,generar_emb,-,7125,0,0.011761900
postgres,1,insert_emb,-,7125,0,0.005650400
postgres,1,generar_emb,-,7126,0,0.012219400
postgres,1,insert_emb,-,7126,0,0.005109200
postgres,1,generar_emb,-,7127,0,0.012186700
postgres,1,insert_emb,-,7127,0,0.005117100
postgres,1,generar_emb,-,7128,0,0.011612500
postgres,1,insert_emb,-,7128,0,0.005405000
postgres,1,generar_emb,-,7129,0,0.011185300
postgres,1,insert_emb,-,7129,0,0.005272800
postgres,1,generar_emb,-,7130,0,0.012251800
postgres,1,insert_emb,-,7130,0,0.005649700
postgres,1,generar_emb,-,7131,0,0.012995900
postgres,1,insert_emb,-,7131,0,0.006273700
postgres,1,generar_emb,-,7132,0,0.012008000
postgres,1,insert_emb,-,7132,0,0.005375400
postgres,1,generar_emb,-,7133,0,0.011698800
postgres,1,insert_emb,-,7133,0,0.005199500
postgres,1,generar_emb,-,7134,0,0.012393500
postgres,1,insert_emb,-,7134,0,0.005302100
postgres,1,generar_emb,-,7135,0,0.011721600
postgres,1,insert_emb,-,7135,0,0.005386600
postgres,1,generar_emb,-,7136,0,0.012392100
postgres,1,insert_emb,-,7136,0,0.005217300
postgres,1,generar_emb,-,7137,0,0.011362700
postgres,1,insert_emb,-,7137,0,0.006406600
postgres,1,generar_emb,-,7138,0,0.014189400
postgres,1,insert_emb,-,7138,0,0.005216700
postgres,1,generar_emb,-,7139,0,0.011363100
postgres,1,insert_emb,-,7139,0,0.005517000
postgres,1,generar_emb,-,7140,0,0.010832800
postgres,1,insert_emb,-,7140,0,0.005232700
postgres,1,generar_emb,-,7141,0,0.012243100
postgres,1,insert_emb,-,7141,0,0.005401200
postgres,1,generar_emb,-,7142,0,0.012326400
postgres,1,insert_emb,-,7142,0,0.005524600
postgres,1,generar_emb,-,7143,0,0.011369500
postgres,1,insert_emb,-,7143,0,0.005190000
postgres,1,generar_emb,-,7144,0,0.011916400
postgres,1,insert_emb,-,7144,0,0.005638900
postgres,1,generar_emb,-,7145,0,0.012483400
postgres,1,insert_emb,-,7145,0,0.005356400
postgres,1,generar_emb,-,7146,0,0.014024800
postgres,1,insert_emb,-,7146,0,0.005278100
postgres,1,generar_emb,-,7147,0,0.012933000
postgres,1,insert_emb,-,7147,0,0.005783400
postgres,1,generar_emb,-,7148,0,0.013450600
postgres,1,insert_emb,-,7148,0,0.005413900
postgres,1,generar_emb,-,7149,0,0.012239100
postgres,1,insert_emb,-,7149,0,0.005180700
postgres,1,generar_emb,-,7150,0,0.013208800
postgres,1,insert_emb,-,7150,0,0.005981600
postgres,1,generar_emb,-,7151,0,0.011197700
postgres,1,insert_emb,-,7151,0,0.005651700
postgres,1,generar_emb,-,7152,0,0.013209500
postgres,1,insert_emb,-,7152,0,0.005266900
postgres,1,generar_emb,-,7153,0,0.012456000
postgres,1,insert_emb,-,7153,0,0.005001900
postgres,1,generar_emb,-,7154,0,0.012719700
postgres,1,insert_emb,-,7154,0,0.005295400
postgres,1,generar_emb,-,7155,0,0.015054700
postgres,1,insert_emb,-,7155,0,0.005459200
postgres,1,generar_emb,-,7156,0,0.010975200
postgres,1,insert_emb,-,7156,0,0.005263000
postgres,1,generar_emb,-,7157,0,0.011249900
postgres,1,insert_emb,-,7157,0,0.005190000
postgres,1,generar_emb,-,7158,0,0.012173200
postgres,1,insert_emb,-,7158,0,0.005118300
postgres,1,generar_emb,-,7159,0,0.011969600
postgres,1,insert_emb,-,7159,0,0.004985400
postgres,1,generar_emb,-,7160,0,0.010804600
postgres,1,insert_emb,-,7160,0,0.005167200
postgres,1,generar_emb,-,7161,0,0.010596900
postgres,1,insert_emb,-,7161,0,0.005356200
postgres,1,generar_emb,-,7162,0,0.012429300
postgres,1,insert_emb,-,7162,0,0.005330100
postgres,1,generar_emb,-,7163,0,0.015629700
postgres,1,insert_emb,-,7163,0,0.005279200
postgres,1,generar_emb,-,7164,0,0.013547000
postgres,1,insert_emb,-,7164,0,0.005095000
postgres,1,generar_emb,-,7165,0,0.012952400
postgres,1,insert_emb,-,7165,0,0.005330100
postgres,1,generar_emb,-,7166,0,0.013911800
postgres,1,insert_emb,-,7166,0,0.005631000
postgres,1,generar_emb,-,7167,0,0.010761200
postgres,1,insert_emb,-,7167,0,0.005269800
postgres,1,generar_emb,-,7168,0,0.012053000
postgres,1,insert_emb,-,7168,0,0.005059000
postgres,1,generar_emb,-,7169,0,0.010578400
postgres,1,insert_emb,-,7169,0,0.005758700
postgres,1,generar_emb,-,7170,0,0.012899200
postgres,1,insert_emb,-,7170,0,0.005351000
postgres,1,generar_emb,-,7171,0,0.014380300
postgres,1,insert_emb,-,7171,0,0.004979100
postgres,1,generar_emb,-,7172,0,0.012434300
postgres,1,insert_emb,-,7172,0,0.005141000
postgres,1,generar_emb,-,7173,0,0.010639600
postgres,1,insert_emb,-,7173,0,0.005456400
postgres,1,generar_emb,-,7174,0,0.012592400
postgres,1,insert_emb,-,7174,0,0.005068000
postgres,1,generar_emb,-,7175,0,0.011763600
postgres,1,insert_emb,-,7175,0,0.005857300
postgres,1,generar_emb,-,7176,0,0.011265200
postgres,1,insert_emb,-,7176,0,0.005246300
postgres,1,generar_emb,-,7177,0,0.011443800
postgres,1,insert_emb,-,7177,0,0.005363000
postgres,1,generar_emb,-,7178,0,0.011513600
postgres,1,insert_emb,-,7178,0,0.005238100
postgres,1,generar_emb,-,7179,0,0.011858800
postgres,1,insert_emb,-,7179,0,0.005459100
postgres,1,generar_emb,-,7180,0,0.011323400
postgres,1,insert_emb,-,7180,0,0.005732900
postgres,1,generar_emb,-,7181,0,0.011221200
postgres,1,insert_emb,-,7181,0,0.005716400
postgres,1,generar_emb,-,7182,0,0.012453000
postgres,1,insert_emb,-,7182,0,0.005946700
postgres,1,generar_emb,-,7183,0,0.012053100
postgres,1,insert_emb,-,7183,0,0.005453700
postgres,1,generar_emb,-,7184,0,0.011225700
postgres,1,insert_emb,-,7184,0,0.006442000
postgres,1,generar_emb,-,7185,0,0.014951300
postgres,1,insert_emb,-,7185,0,0.005679800
postgres,1,generar_emb,-,7186,0,0.010940100
postgres,1,insert_emb,-,7186,0,0.005734800
postgres,1,generar_emb,-,7187,0,0.012001400
postgres,1,insert_emb,-,7187,0,0.005785900
postgres,1,generar_emb,-,7188,0,0.012294500
postgres,1,insert_emb,-,7188,0,0.005703800
postgres,1,generar_emb,-,7189,0,0.016636000
postgres,1,insert_emb,-,7189,0,0.005701200
postgres,1,generar_emb,-,7190,0,0.013786900
postgres,1,insert_emb,-,7190,0,0.005092400
postgres,1,generar_emb,-,7191,0,0.012076000
postgres,1,insert_emb,-,7191,0,0.005399300
postgres,1,generar_emb,-,7192,0,0.014691900
postgres,1,insert_emb,-,7192,0,0.005538100
postgres,1,generar_emb,-,7193,0,0.012219100
postgres,1,insert_emb,-,7193,0,0.005450800
postgres,1,generar_emb,-,7194,0,0.011029500
postgres,1,insert_emb,-,7194,0,0.005228400
postgres,1,generar_emb,-,7195,0,0.012503100
postgres,1,insert_emb,-,7195,0,0.005262400
postgres,1,generar_emb,-,7196,0,0.013118500
postgres,1,insert_emb,-,7196,0,0.006127200
postgres,1,generar_emb,-,7197,0,0.015213400
postgres,1,insert_emb,-,7197,0,0.006071300
postgres,1,generar_emb,-,7198,0,0.015411900
postgres,1,insert_emb,-,7198,0,0.005602900
postgres,1,generar_emb,-,7199,0,0.010881600
postgres,1,insert_emb,-,7199,0,0.005099700
postgres,1,generar_emb,-,7200,0,0.013372700
postgres,1,insert_emb,-,7200,0,0.005255200
postgres,1,generar_emb,-,7201,0,0.012237000
postgres,1,insert_emb,-,7201,0,0.005209900
postgres,1,generar_emb,-,7202,0,0.011817200
postgres,1,insert_emb,-,7202,0,0.006173300
postgres,1,generar_emb,-,7203,0,0.010973800
postgres,1,insert_emb,-,7203,0,0.005509800
postgres,1,generar_emb,-,7204,0,0.013564200
postgres,1,insert_emb,-,7204,0,0.005370500
postgres,1,generar_emb,-,7205,0,0.011904400
postgres,1,insert_emb,-,7205,0,0.005496900
postgres,1,generar_emb,-,7206,0,0.011043500
postgres,1,insert_emb,-,7206,0,0.005473300
postgres,1,generar_emb,-,7207,0,0.011604800
postgres,1,insert_emb,-,7207,0,0.005348700
postgres,1,generar_emb,-,7208,0,0.012676100
postgres,1,insert_emb,-,7208,0,0.004992000
postgres,1,generar_emb,-,7209,0,0.013423400
postgres,1,insert_emb,-,7209,0,0.005265800
postgres,1,generar_emb,-,7210,0,0.011885800
postgres,1,insert_emb,-,7210,0,0.005480700
postgres,1,generar_emb,-,7211,0,0.014124500
postgres,1,insert_emb,-,7211,0,0.005512600
postgres,1,generar_emb,-,7212,0,0.013016300
postgres,1,insert_emb,-,7212,0,0.005767800
postgres,1,generar_emb,-,7213,0,0.016944000
postgres,1,insert_emb,-,7213,0,0.006062200
postgres,1,generar_emb,-,7214,0,0.015913000
postgres,1,insert_emb,-,7214,0,0.006480100
postgres,1,generar_emb,-,7215,0,0.014665800
postgres,1,insert_emb,-,7215,0,0.007049700
postgres,1,generar_emb,-,7216,0,0.019295700
postgres,1,insert_emb,-,7216,0,0.006730400
postgres,1,generar_emb,-,7217,0,0.021998900
postgres,1,insert_emb,-,7217,0,0.007005900
postgres,1,generar_emb,-,7218,0,0.019865400
postgres,1,insert_emb,-,7218,0,0.007465900
postgres,1,generar_emb,-,7219,0,0.016430000
postgres,1,insert_emb,-,7219,0,0.005628700
postgres,1,generar_emb,-,7220,0,0.013682400
postgres,1,insert_emb,-,7220,0,0.005612900
postgres,1,generar_emb,-,7221,0,0.011563800
postgres,1,insert_emb,-,7221,0,0.005600500
postgres,1,generar_emb,-,7222,0,0.011143500
postgres,1,insert_emb,-,7222,0,0.005459500
postgres,1,generar_emb,-,7223,0,0.011164000
postgres,1,insert_emb,-,7223,0,0.005358900
postgres,1,generar_emb,-,7224,0,0.013889300
postgres,1,insert_emb,-,7224,0,0.005460900
postgres,1,generar_emb,-,7225,0,0.011615900
postgres,1,insert_emb,-,7225,0,0.005341400
postgres,1,generar_emb,-,7226,0,0.013141800
postgres,1,insert_emb,-,7226,0,0.005648800
postgres,1,generar_emb,-,7227,0,0.011395200
postgres,1,insert_emb,-,7227,0,0.005993300
postgres,1,generar_emb,-,7228,0,0.014884100
postgres,1,insert_emb,-,7228,0,0.005986900
postgres,1,generar_emb,-,7229,0,0.013284400
postgres,1,insert_emb,-,7229,0,0.005962800
postgres,1,generar_emb,-,7230,0,0.013258200
postgres,1,insert_emb,-,7230,0,0.006361000
postgres,1,generar_emb,-,7231,0,0.024577100
postgres,1,insert_emb,-,7231,0,0.007425800
postgres,1,generar_emb,-,7232,0,0.019484300
postgres,1,insert_emb,-,7232,0,0.007183400
postgres,1,generar_emb,-,7233,0,0.017470100
postgres,1,insert_emb,-,7233,0,0.007273600
postgres,1,generar_emb,-,7234,0,0.016347400
postgres,1,insert_emb,-,7234,0,0.005740400
postgres,1,generar_emb,-,7235,0,0.013706000
postgres,1,insert_emb,-,7235,0,0.005571900
postgres,1,generar_emb,-,7236,0,0.012475100
postgres,1,insert_emb,-,7236,0,0.005614400
postgres,1,generar_emb,-,7237,0,0.011930600
postgres,1,insert_emb,-,7237,0,0.004930900
postgres,1,generar_emb,-,7238,0,0.012280500
postgres,1,insert_emb,-,7238,0,0.005119000
postgres,1,generar_emb,-,7239,0,0.011660000
postgres,1,insert_emb,-,7239,0,0.005083700
postgres,1,generar_emb,-,7240,0,0.013279300
postgres,1,insert_emb,-,7240,0,0.005274500
postgres,1,generar_emb,-,7241,0,0.013635100
postgres,1,insert_emb,-,7241,0,0.005292300
postgres,1,generar_emb,-,7242,0,0.010867100
postgres,1,insert_emb,-,7242,0,0.005234500
postgres,1,generar_emb,-,7243,0,0.010779300
postgres,1,insert_emb,-,7243,0,0.005376700
postgres,1,generar_emb,-,7244,0,0.015782500
postgres,1,insert_emb,-,7244,0,0.005048000
postgres,1,generar_emb,-,7245,0,0.011906800
postgres,1,insert_emb,-,7245,0,0.005070500
postgres,1,generar_emb,-,7246,0,0.015192800
postgres,1,insert_emb,-,7246,0,0.005169300
postgres,1,generar_emb,-,7247,0,0.013015600
postgres,1,insert_emb,-,7247,0,0.005008500
postgres,1,generar_emb,-,7248,0,0.015279300
postgres,1,insert_emb,-,7248,0,0.005868300
postgres,1,generar_emb,-,7249,0,0.013081500
postgres,1,insert_emb,-,7249,0,0.005600400
postgres,1,generar_emb,-,7250,0,0.014609300
postgres,1,insert_emb,-,7250,0,0.005618100
postgres,1,generar_emb,-,7251,0,0.011902100
postgres,1,insert_emb,-,7251,0,0.005776800
postgres,1,generar_emb,-,7252,0,0.012227500
postgres,1,insert_emb,-,7252,0,0.005653600
postgres,1,generar_emb,-,7253,0,0.012910500
postgres,1,insert_emb,-,7253,0,0.005499600
postgres,1,generar_emb,-,7254,0,0.012395400
postgres,1,insert_emb,-,7254,0,0.005509800
postgres,1,generar_emb,-,7255,0,0.012386700
postgres,1,insert_emb,-,7255,0,0.005476100
postgres,1,generar_emb,-,7256,0,0.011129400
postgres,1,insert_emb,-,7256,0,0.005496800
postgres,1,generar_emb,-,7257,0,0.012531700
postgres,1,insert_emb,-,7257,0,0.005691300
postgres,1,generar_emb,-,7258,0,0.010953500
postgres,1,insert_emb,-,7258,0,0.005238200
postgres,1,generar_emb,-,7259,0,0.011902200
postgres,1,insert_emb,-,7259,0,0.005316100
postgres,1,generar_emb,-,7260,0,0.011282400
postgres,1,insert_emb,-,7260,0,0.005353600
postgres,1,generar_emb,-,7261,0,0.011158500
postgres,1,insert_emb,-,7261,0,0.005967100
postgres,1,generar_emb,-,7262,0,0.011030800
postgres,1,insert_emb,-,7262,0,0.005228900
postgres,1,generar_emb,-,7263,0,0.011968600
postgres,1,insert_emb,-,7263,0,0.005774100
postgres,1,generar_emb,-,7264,0,0.011766900
postgres,1,insert_emb,-,7264,0,0.005933100
postgres,1,generar_emb,-,7265,0,0.013138700
postgres,1,insert_emb,-,7265,0,0.006366400
postgres,1,generar_emb,-,7266,0,0.012673600
postgres,1,insert_emb,-,7266,0,0.005457400
postgres,1,generar_emb,-,7267,0,0.012706100
postgres,1,insert_emb,-,7267,0,0.005574900
postgres,1,generar_emb,-,7268,0,0.012676500
postgres,1,insert_emb,-,7268,0,0.005743100
postgres,1,generar_emb,-,7269,0,0.014086300
postgres,1,insert_emb,-,7269,0,0.006182300
postgres,1,generar_emb,-,7270,0,0.011979400
postgres,1,insert_emb,-,7270,0,0.005421300
postgres,1,generar_emb,-,7271,0,0.012854200
postgres,1,insert_emb,-,7271,0,0.005102600
postgres,1,generar_emb,-,7272,0,0.016510800
postgres,1,insert_emb,-,7272,0,0.006807500
postgres,1,generar_emb,-,7273,0,0.014811400
postgres,1,insert_emb,-,7273,0,0.005921200
postgres,1,generar_emb,-,7274,0,0.010974300
postgres,1,insert_emb,-,7274,0,0.005564500
postgres,1,generar_emb,-,7275,0,0.011868200
postgres,1,insert_emb,-,7275,0,0.005841400
postgres,1,generar_emb,-,7276,0,0.010878300
postgres,1,insert_emb,-,7276,0,0.005536400
postgres,1,generar_emb,-,7277,0,0.010844400
postgres,1,insert_emb,-,7277,0,0.005202700
postgres,1,generar_emb,-,7278,0,0.011114700
postgres,1,insert_emb,-,7278,0,0.005348500
postgres,1,generar_emb,-,7279,0,0.011259000
postgres,1,insert_emb,-,7279,0,0.005155600
postgres,1,generar_emb,-,7280,0,0.012273900
postgres,1,insert_emb,-,7280,0,0.005472300
postgres,1,generar_emb,-,7281,0,0.011237700
postgres,1,insert_emb,-,7281,0,0.005651600
postgres,1,generar_emb,-,7282,0,0.012039200
postgres,1,insert_emb,-,7282,0,0.005826400
postgres,1,generar_emb,-,7283,0,0.013023900
postgres,1,insert_emb,-,7283,0,0.005491500
postgres,1,generar_emb,-,7284,0,0.012256100
postgres,1,insert_emb,-,7284,0,0.005690500
postgres,1,generar_emb,-,7285,0,0.011920300
postgres,1,insert_emb,-,7285,0,0.005378600
postgres,1,generar_emb,-,7286,0,0.011062300
postgres,1,insert_emb,-,7286,0,0.005481500
postgres,1,generar_emb,-,7287,0,0.012537000
postgres,1,insert_emb,-,7287,0,0.005434800
postgres,1,generar_emb,-,7288,0,0.014189300
postgres,1,insert_emb,-,7288,0,0.005379500
postgres,1,generar_emb,-,7289,0,0.011874400
postgres,1,insert_emb,-,7289,0,0.005423700
postgres,1,generar_emb,-,7290,0,0.011659700
postgres,1,insert_emb,-,7290,0,0.005505600
postgres,1,generar_emb,-,7291,0,0.011295100
postgres,1,insert_emb,-,7291,0,0.005247500
postgres,1,generar_emb,-,7292,0,0.011913400
postgres,1,insert_emb,-,7292,0,0.005119600
postgres,1,generar_emb,-,7293,0,0.011724100
postgres,1,insert_emb,-,7293,0,0.005425900
postgres,1,generar_emb,-,7294,0,0.011300700
postgres,1,insert_emb,-,7294,0,0.005443500
postgres,1,generar_emb,-,7295,0,0.010711800
postgres,1,insert_emb,-,7295,0,0.005597600
postgres,1,generar_emb,-,7296,0,0.011255900
postgres,1,insert_emb,-,7296,0,0.005389100
postgres,1,generar_emb,-,7297,0,0.015233700
postgres,1,insert_emb,-,7297,0,0.005520000
postgres,1,generar_emb,-,7298,0,0.013945600
postgres,1,insert_emb,-,7298,0,0.005424200
postgres,1,generar_emb,-,7299,0,0.012987800
postgres,1,insert_emb,-,7299,0,0.005571600
postgres,1,generar_emb,-,7300,0,0.011239000
postgres,1,insert_emb,-,7300,0,0.005459900
postgres,1,generar_emb,-,7301,0,0.013182200
postgres,1,insert_emb,-,7301,0,0.005424500
postgres,1,generar_emb,-,7302,0,0.014352800
postgres,1,insert_emb,-,7302,0,0.005154500
postgres,1,generar_emb,-,7303,0,0.015123300
postgres,1,insert_emb,-,7303,0,0.005697400
postgres,1,generar_emb,-,7304,0,0.011697600
postgres,1,insert_emb,-,7304,0,0.005434800
postgres,1,generar_emb,-,7305,0,0.011568000
postgres,1,insert_emb,-,7305,0,0.005519100
postgres,1,generar_emb,-,7306,0,0.013314100
postgres,1,insert_emb,-,7306,0,0.005123900
postgres,1,generar_emb,-,7307,0,0.010915200
postgres,1,insert_emb,-,7307,0,0.005103800
postgres,1,generar_emb,-,7308,0,0.012115600
postgres,1,insert_emb,-,7308,0,0.005158500
postgres,1,generar_emb,-,7309,0,0.015204200
postgres,1,insert_emb,-,7309,0,0.006004400
postgres,1,generar_emb,-,7310,0,0.012438800
postgres,1,insert_emb,-,7310,0,0.005392300
postgres,1,generar_emb,-,7311,0,0.013408800
postgres,1,insert_emb,-,7311,0,0.005837500
postgres,1,generar_emb,-,7312,0,0.011699600
postgres,1,insert_emb,-,7312,0,0.005717800
postgres,1,generar_emb,-,7313,0,0.012661000
postgres,1,insert_emb,-,7313,0,0.005628600
postgres,1,generar_emb,-,7314,0,0.014341300
postgres,1,insert_emb,-,7314,0,0.006489600
postgres,1,generar_emb,-,7315,0,0.012981300
postgres,1,insert_emb,-,7315,0,0.005506700
postgres,1,generar_emb,-,7316,0,0.013495800
postgres,1,insert_emb,-,7316,0,0.005456300
postgres,1,generar_emb,-,7317,0,0.013230700
postgres,1,insert_emb,-,7317,0,0.005709500
postgres,1,generar_emb,-,7318,0,0.012909600
postgres,1,insert_emb,-,7318,0,0.005132300
postgres,1,generar_emb,-,7319,0,0.012708600
postgres,1,insert_emb,-,7319,0,0.005349200
postgres,1,generar_emb,-,7320,0,0.014258600
postgres,1,insert_emb,-,7320,0,0.005499200
postgres,1,generar_emb,-,7321,0,0.011831000
postgres,1,insert_emb,-,7321,0,0.005308800
postgres,1,generar_emb,-,7322,0,0.013884200
postgres,1,insert_emb,-,7322,0,0.005366900
postgres,1,generar_emb,-,7323,0,0.011291000
postgres,1,insert_emb,-,7323,0,0.005876400
postgres,1,generar_emb,-,7324,0,0.013098800
postgres,1,insert_emb,-,7324,0,0.005326500
postgres,1,generar_emb,-,7325,0,0.011810600
postgres,1,insert_emb,-,7325,0,0.005404000
postgres,1,generar_emb,-,7326,0,0.012100200
postgres,1,insert_emb,-,7326,0,0.005639500
postgres,1,generar_emb,-,7327,0,0.011624500
postgres,1,insert_emb,-,7327,0,0.006141300
postgres,1,generar_emb,-,7328,0,0.018033400
postgres,1,insert_emb,-,7328,0,0.006102200
postgres,1,generar_emb,-,7329,0,0.015029800
postgres,1,insert_emb,-,7329,0,0.006215200
postgres,1,generar_emb,-,7330,0,0.013921300
postgres,1,insert_emb,-,7330,0,0.006141400
postgres,1,generar_emb,-,7331,0,0.013373700
postgres,1,insert_emb,-,7331,0,0.006304400
postgres,1,generar_emb,-,7332,0,0.011754300
postgres,1,insert_emb,-,7332,0,0.005996700
postgres,1,generar_emb,-,7333,0,0.014705700
postgres,1,insert_emb,-,7333,0,0.006096600
postgres,1,generar_emb,-,7334,0,0.011151900
postgres,1,insert_emb,-,7334,0,0.005902200
postgres,1,generar_emb,-,7335,0,0.013856800
postgres,1,insert_emb,-,7335,0,0.005960500
postgres,1,generar_emb,-,7336,0,0.013711100
postgres,1,insert_emb,-,7336,0,0.006408600
postgres,1,generar_emb,-,7337,0,0.015378500
postgres,1,insert_emb,-,7337,0,0.005171700
postgres,1,generar_emb,-,7338,0,0.011215400
postgres,1,insert_emb,-,7338,0,0.005282100
postgres,1,generar_emb,-,7339,0,0.014937000
postgres,1,insert_emb,-,7339,0,0.005366800
postgres,1,generar_emb,-,7340,0,0.010899500
postgres,1,insert_emb,-,7340,0,0.005217200
postgres,1,generar_emb,-,7341,0,0.015081600
postgres,1,insert_emb,-,7341,0,0.005534700
postgres,1,generar_emb,-,7342,0,0.012308400
postgres,1,insert_emb,-,7342,0,0.005264900
postgres,1,generar_emb,-,7343,0,0.012404800
postgres,1,insert_emb,-,7343,0,0.005151800
postgres,1,generar_emb,-,7344,0,0.012424700
postgres,1,insert_emb,-,7344,0,0.005389800
postgres,1,generar_emb,-,7345,0,0.012787900
postgres,1,insert_emb,-,7345,0,0.005856100
postgres,1,generar_emb,-,7346,0,0.011997400
postgres,1,insert_emb,-,7346,0,0.005706900
postgres,1,generar_emb,-,7347,0,0.011989500
postgres,1,insert_emb,-,7347,0,0.005309700
postgres,1,generar_emb,-,7348,0,0.013294300
postgres,1,insert_emb,-,7348,0,0.006237200
postgres,1,generar_emb,-,7349,0,0.010631200
postgres,1,insert_emb,-,7349,0,0.005560900
postgres,1,generar_emb,-,7350,0,0.012460200
postgres,1,insert_emb,-,7350,0,0.005739000
postgres,1,generar_emb,-,7351,0,0.010426300
postgres,1,insert_emb,-,7351,0,0.005493900
postgres,1,generar_emb,-,7352,0,0.012081700
postgres,1,insert_emb,-,7352,0,0.005474100
postgres,1,generar_emb,-,7353,0,0.012053800
postgres,1,insert_emb,-,7353,0,0.005345300
postgres,1,generar_emb,-,7354,0,0.012723000
postgres,1,insert_emb,-,7354,0,0.006345400
postgres,1,generar_emb,-,7355,0,0.012788000
postgres,1,insert_emb,-,7355,0,0.006141200
postgres,1,generar_emb,-,7356,0,0.012960000
postgres,1,insert_emb,-,7356,0,0.006177200
postgres,1,generar_emb,-,7357,0,0.013469100
postgres,1,insert_emb,-,7357,0,0.006354500
postgres,1,generar_emb,-,7358,0,0.011413300
postgres,1,insert_emb,-,7358,0,0.005966200
postgres,1,generar_emb,-,7359,0,0.010632000
postgres,1,insert_emb,-,7359,0,0.005681000
postgres,1,generar_emb,-,7360,0,0.011679500
postgres,1,insert_emb,-,7360,0,0.005727800
postgres,1,generar_emb,-,7361,0,0.011951800
postgres,1,insert_emb,-,7361,0,0.005689800
postgres,1,generar_emb,-,7362,0,0.011221700
postgres,1,insert_emb,-,7362,0,0.005694200
postgres,1,generar_emb,-,7363,0,0.013323100
postgres,1,insert_emb,-,7363,0,0.005559100
postgres,1,generar_emb,-,7364,0,0.011284400
postgres,1,insert_emb,-,7364,0,0.005160400
postgres,1,generar_emb,-,7365,0,0.013007900
postgres,1,insert_emb,-,7365,0,0.005564000
postgres,1,generar_emb,-,7366,0,0.012356800
postgres,1,insert_emb,-,7366,0,0.005542700
postgres,1,generar_emb,-,7367,0,0.013518200
postgres,1,insert_emb,-,7367,0,0.005622200
postgres,1,generar_emb,-,7368,0,0.013011600
postgres,1,insert_emb,-,7368,0,0.005531700
postgres,1,generar_emb,-,7369,0,0.011331700
postgres,1,insert_emb,-,7369,0,0.005193700
postgres,1,generar_emb,-,7370,0,0.011677900
postgres,1,insert_emb,-,7370,0,0.005632700
postgres,1,generar_emb,-,7371,0,0.014664500
postgres,1,insert_emb,-,7371,0,0.006065300
postgres,1,generar_emb,-,7372,0,0.010902500
postgres,1,insert_emb,-,7372,0,0.005150000
postgres,1,generar_emb,-,7373,0,0.010947800
postgres,1,insert_emb,-,7373,0,0.005083100
postgres,1,generar_emb,-,7374,0,0.014213900
postgres,1,insert_emb,-,7374,0,0.005408000
postgres,1,generar_emb,-,7375,0,0.013528100
postgres,1,insert_emb,-,7375,0,0.005209000
postgres,1,generar_emb,-,7376,0,0.013124000
postgres,1,insert_emb,-,7376,0,0.005468300
postgres,1,generar_emb,-,7377,0,0.012502000
postgres,1,insert_emb,-,7377,0,0.005429500
postgres,1,generar_emb,-,7378,0,0.016034300
postgres,1,insert_emb,-,7378,0,0.005396200
postgres,1,generar_emb,-,7379,0,0.012490400
postgres,1,insert_emb,-,7379,0,0.005846600
postgres,1,generar_emb,-,7380,0,0.013886200
postgres,1,insert_emb,-,7380,0,0.005055800
postgres,1,generar_emb,-,7381,0,0.011651500
postgres,1,insert_emb,-,7381,0,0.005146000
postgres,1,generar_emb,-,7382,0,0.011924200
postgres,1,insert_emb,-,7382,0,0.005432800
postgres,1,generar_emb,-,7383,0,0.013915000
postgres,1,insert_emb,-,7383,0,0.005226300
postgres,1,generar_emb,-,7384,0,0.011561400
postgres,1,insert_emb,-,7384,0,0.005464000
postgres,1,generar_emb,-,7385,0,0.011875700
postgres,1,insert_emb,-,7385,0,0.005437500
postgres,1,generar_emb,-,7386,0,0.014243600
postgres,1,insert_emb,-,7386,0,0.005536900
postgres,1,generar_emb,-,7387,0,0.013817400
postgres,1,insert_emb,-,7387,0,0.005588200
postgres,1,generar_emb,-,7388,0,0.012591300
postgres,1,insert_emb,-,7388,0,0.005523200
postgres,1,generar_emb,-,7389,0,0.013055000
postgres,1,insert_emb,-,7389,0,0.005410800
postgres,1,generar_emb,-,7390,0,0.012870400
postgres,1,insert_emb,-,7390,0,0.005483900
postgres,1,generar_emb,-,7391,0,0.013212800
postgres,1,insert_emb,-,7391,0,0.005789000
postgres,1,generar_emb,-,7392,0,0.013866600
postgres,1,insert_emb,-,7392,0,0.006051500
postgres,1,generar_emb,-,7393,0,0.010698300
postgres,1,insert_emb,-,7393,0,0.005014900
postgres,1,generar_emb,-,7394,0,0.015174000
postgres,1,insert_emb,-,7394,0,0.005281500
postgres,1,generar_emb,-,7395,0,0.010841300
postgres,1,insert_emb,-,7395,0,0.005554200
postgres,1,generar_emb,-,7396,0,0.012147700
postgres,1,insert_emb,-,7396,0,0.005334000
postgres,1,generar_emb,-,7397,0,0.011434100
postgres,1,insert_emb,-,7397,0,0.005791300
postgres,1,generar_emb,-,7398,0,0.014870200
postgres,1,insert_emb,-,7398,0,0.004968800
postgres,1,generar_emb,-,7399,0,0.012268200
postgres,1,insert_emb,-,7399,0,0.005102600
postgres,1,generar_emb,-,7400,0,0.012771100
postgres,1,insert_emb,-,7400,0,0.005345300
postgres,1,generar_emb,-,7401,0,0.015145000
postgres,1,insert_emb,-,7401,0,0.005292400
postgres,1,generar_emb,-,7402,0,0.011714700
postgres,1,insert_emb,-,7402,0,0.006703800
postgres,1,generar_emb,-,7403,0,0.014630700
postgres,1,insert_emb,-,7403,0,0.005362500
postgres,1,generar_emb,-,7404,0,0.011116500
postgres,1,insert_emb,-,7404,0,0.005303200
postgres,1,generar_emb,-,7405,0,0.011739500
postgres,1,insert_emb,-,7405,0,0.005051700
postgres,1,generar_emb,-,7406,0,0.012070300
postgres,1,insert_emb,-,7406,0,0.004980700
postgres,1,generar_emb,-,7407,0,0.014989200
postgres,1,insert_emb,-,7407,0,0.005504300
postgres,1,generar_emb,-,7408,0,0.011844300
postgres,1,insert_emb,-,7408,0,0.005307000
postgres,1,generar_emb,-,7409,0,0.013553300
postgres,1,insert_emb,-,7409,0,0.005077600
postgres,1,generar_emb,-,7410,0,0.010796300
postgres,1,insert_emb,-,7410,0,0.005302500
postgres,1,generar_emb,-,7411,0,0.012955200
postgres,1,insert_emb,-,7411,0,0.004973000
postgres,1,generar_emb,-,7412,0,0.013876100
postgres,1,insert_emb,-,7412,0,0.005650200
postgres,1,generar_emb,-,7413,0,0.013306700
postgres,1,insert_emb,-,7413,0,0.005714200
postgres,1,generar_emb,-,7414,0,0.016066300
postgres,1,insert_emb,-,7414,0,0.005173600
postgres,1,generar_emb,-,7415,0,0.014717000
postgres,1,insert_emb,-,7415,0,0.005213100
postgres,1,generar_emb,-,7416,0,0.013076100
postgres,1,insert_emb,-,7416,0,0.005145100
postgres,1,generar_emb,-,7417,0,0.012224500
postgres,1,insert_emb,-,7417,0,0.005469200
postgres,1,generar_emb,-,7418,0,0.013192500
postgres,1,insert_emb,-,7418,0,0.005120900
postgres,1,generar_emb,-,7419,0,0.011336900
postgres,1,insert_emb,-,7419,0,0.005010400
postgres,1,generar_emb,-,7420,0,0.011416000
postgres,1,insert_emb,-,7420,0,0.005167600
postgres,1,generar_emb,-,7421,0,0.011817000
postgres,1,insert_emb,-,7421,0,0.005548600
postgres,1,generar_emb,-,7422,0,0.011602000
postgres,1,insert_emb,-,7422,0,0.005719600
postgres,1,generar_emb,-,7423,0,0.011605800
postgres,1,insert_emb,-,7423,0,0.005254600
postgres,1,generar_emb,-,7424,0,0.013931100
postgres,1,insert_emb,-,7424,0,0.005402200
postgres,1,generar_emb,-,7425,0,0.011098300
postgres,1,insert_emb,-,7425,0,0.005288900
postgres,1,generar_emb,-,7426,0,0.013245700
postgres,1,insert_emb,-,7426,0,0.005748200
postgres,1,generar_emb,-,7427,0,0.012073700
postgres,1,insert_emb,-,7427,0,0.005299400
postgres,1,generar_emb,-,7428,0,0.012793000
postgres,1,insert_emb,-,7428,0,0.005114100
postgres,1,generar_emb,-,7429,0,0.017337000
postgres,1,insert_emb,-,7429,0,0.005824900
postgres,1,generar_emb,-,7430,0,0.013071500
postgres,1,insert_emb,-,7430,0,0.005862500
postgres,1,generar_emb,-,7431,0,0.013076000
postgres,1,insert_emb,-,7431,0,0.005581500
postgres,1,generar_emb,-,7432,0,0.017697500
postgres,1,insert_emb,-,7432,0,0.006052200
postgres,1,generar_emb,-,7433,0,0.018625700
postgres,1,insert_emb,-,7433,0,0.006283400
postgres,1,generar_emb,-,7434,0,0.013746100
postgres,1,insert_emb,-,7434,0,0.005577800
postgres,1,generar_emb,-,7435,0,0.014188300
postgres,1,insert_emb,-,7435,0,0.005457800
postgres,1,generar_emb,-,7436,0,0.011812200
postgres,1,insert_emb,-,7436,0,0.005611800
postgres,1,generar_emb,-,7437,0,0.014587000
postgres,1,insert_emb,-,7437,0,0.005524800
postgres,1,generar_emb,-,7438,0,0.011166400
postgres,1,insert_emb,-,7438,0,0.005471100
postgres,1,generar_emb,-,7439,0,0.011346300
postgres,1,insert_emb,-,7439,0,0.005823100
postgres,1,generar_emb,-,7440,0,0.015746700
postgres,1,insert_emb,-,7440,0,0.005828000
postgres,1,generar_emb,-,7441,0,0.014646900
postgres,1,insert_emb,-,7441,0,0.006359900
postgres,1,generar_emb,-,7442,0,0.014539500
postgres,1,insert_emb,-,7442,0,0.006103600
postgres,1,generar_emb,-,7443,0,0.013126000
postgres,1,insert_emb,-,7443,0,0.005775900
postgres,1,generar_emb,-,7444,0,0.012982600
postgres,1,insert_emb,-,7444,0,0.005533800
postgres,1,generar_emb,-,7445,0,0.013892800
postgres,1,insert_emb,-,7445,0,0.005805400
postgres,1,generar_emb,-,7446,0,0.013669100
postgres,1,insert_emb,-,7446,0,0.006309100
postgres,1,generar_emb,-,7447,0,0.012858100
postgres,1,insert_emb,-,7447,0,0.005919200
postgres,1,generar_emb,-,7448,0,0.013725200
postgres,1,insert_emb,-,7448,0,0.006022700
postgres,1,generar_emb,-,7449,0,0.012747700
postgres,1,insert_emb,-,7449,0,0.005537200
postgres,1,generar_emb,-,7450,0,0.012196400
postgres,1,insert_emb,-,7450,0,0.005592600
postgres,1,generar_emb,-,7451,0,0.010646300
postgres,1,insert_emb,-,7451,0,0.004997900
postgres,1,generar_emb,-,7452,0,0.011888700
postgres,1,insert_emb,-,7452,0,0.005495900
postgres,1,generar_emb,-,7453,0,0.012879500
postgres,1,insert_emb,-,7453,0,0.005589600
postgres,1,generar_emb,-,7454,0,0.010807600
postgres,1,insert_emb,-,7454,0,0.005520400
postgres,1,generar_emb,-,7455,0,0.011554700
postgres,1,insert_emb,-,7455,0,0.005358900
postgres,1,generar_emb,-,7456,0,0.011374800
postgres,1,insert_emb,-,7456,0,0.005305300
postgres,1,generar_emb,-,7457,0,0.010763200
postgres,1,insert_emb,-,7457,0,0.005300600
postgres,1,generar_emb,-,7458,0,0.015940200
postgres,1,insert_emb,-,7458,0,0.005484900
postgres,1,generar_emb,-,7459,0,0.014319900
postgres,1,insert_emb,-,7459,0,0.005701800
postgres,1,generar_emb,-,7460,0,0.011872700
postgres,1,insert_emb,-,7460,0,0.005531200
postgres,1,generar_emb,-,7461,0,0.010796100
postgres,1,insert_emb,-,7461,0,0.005791900
postgres,1,generar_emb,-,7462,0,0.012046400
postgres,1,insert_emb,-,7462,0,0.005490800
postgres,1,generar_emb,-,7463,0,0.012826000
postgres,1,insert_emb,-,7463,0,0.005333000
postgres,1,generar_emb,-,7464,0,0.013205600
postgres,1,insert_emb,-,7464,0,0.005414700
postgres,1,generar_emb,-,7465,0,0.011916900
postgres,1,insert_emb,-,7465,0,0.005677800
postgres,1,generar_emb,-,7466,0,0.012109400
postgres,1,insert_emb,-,7466,0,0.005553900
postgres,1,generar_emb,-,7467,0,0.012820100
postgres,1,insert_emb,-,7467,0,0.005887900
postgres,1,generar_emb,-,7468,0,0.013076500
postgres,1,insert_emb,-,7468,0,0.005784300
postgres,1,generar_emb,-,7469,0,0.013152400
postgres,1,insert_emb,-,7469,0,0.005954400
postgres,1,generar_emb,-,7470,0,0.012236700
postgres,1,insert_emb,-,7470,0,0.005660300
postgres,1,generar_emb,-,7471,0,0.011182300
postgres,1,insert_emb,-,7471,0,0.005828100
postgres,1,generar_emb,-,7472,0,0.011179000
postgres,1,insert_emb,-,7472,0,0.005623300
postgres,1,generar_emb,-,7473,0,0.012657700
postgres,1,insert_emb,-,7473,0,0.005143000
postgres,1,generar_emb,-,7474,0,0.011534500
postgres,1,insert_emb,-,7474,0,0.005395300
postgres,1,generar_emb,-,7475,0,0.012578400
postgres,1,insert_emb,-,7475,0,0.005278800
postgres,1,generar_emb,-,7476,0,0.012727600
postgres,1,insert_emb,-,7476,0,0.005201900
postgres,1,generar_emb,-,7477,0,0.013597900
postgres,1,insert_emb,-,7477,0,0.005474800
postgres,1,generar_emb,-,7478,0,0.012138900
postgres,1,insert_emb,-,7478,0,0.005135300
postgres,1,generar_emb,-,7479,0,0.010900700
postgres,1,insert_emb,-,7479,0,0.005551600
postgres,1,generar_emb,-,7480,0,0.011252100
postgres,1,insert_emb,-,7480,0,0.005336700
postgres,1,generar_emb,-,7481,0,0.011858700
postgres,1,insert_emb,-,7481,0,0.005299100
postgres,1,generar_emb,-,7482,0,0.010787800
postgres,1,insert_emb,-,7482,0,0.005637500
postgres,1,generar_emb,-,7483,0,0.012097500
postgres,1,insert_emb,-,7483,0,0.005947200
postgres,1,generar_emb,-,7484,0,0.012877400
postgres,1,insert_emb,-,7484,0,0.005346400
postgres,1,generar_emb,-,7485,0,0.012526600
postgres,1,insert_emb,-,7485,0,0.005379100
postgres,1,generar_emb,-,7486,0,0.011098200
postgres,1,insert_emb,-,7486,0,0.006100900
postgres,1,generar_emb,-,7487,0,0.012864000
postgres,1,insert_emb,-,7487,0,0.006103900
postgres,1,generar_emb,-,7488,0,0.010748600
postgres,1,insert_emb,-,7488,0,0.005771200
postgres,1,generar_emb,-,7489,0,0.011380200
postgres,1,insert_emb,-,7489,0,0.005306000
postgres,1,generar_emb,-,7490,0,0.012866500
postgres,1,insert_emb,-,7490,0,0.005980700
postgres,1,generar_emb,-,7491,0,0.012617600
postgres,1,insert_emb,-,7491,0,0.005100900
postgres,1,generar_emb,-,7492,0,0.012140500
postgres,1,insert_emb,-,7492,0,0.005195000
postgres,1,generar_emb,-,7493,0,0.012183500
postgres,1,insert_emb,-,7493,0,0.005318700
postgres,1,generar_emb,-,7494,0,0.012077000
postgres,1,insert_emb,-,7494,0,0.005451400
postgres,1,generar_emb,-,7495,0,0.014417200
postgres,1,insert_emb,-,7495,0,0.005621100
postgres,1,generar_emb,-,7496,0,0.013530900
postgres,1,insert_emb,-,7496,0,0.005547000
postgres,1,generar_emb,-,7497,0,0.014495800
postgres,1,insert_emb,-,7497,0,0.006021800
postgres,1,generar_emb,-,7498,0,0.010930800
postgres,1,insert_emb,-,7498,0,0.005017600
postgres,1,generar_emb,-,7499,0,0.014641500
postgres,1,insert_emb,-,7499,0,0.005574200
postgres,1,generar_emb,-,7500,0,0.013584200
postgres,1,insert_emb,-,7500,0,0.005598400
postgres,1,generar_emb,-,7501,0,0.013016100
postgres,1,insert_emb,-,7501,0,0.005663600
postgres,1,generar_emb,-,7502,0,0.014561100
postgres,1,insert_emb,-,7502,0,0.005703100
postgres,1,generar_emb,-,7503,0,0.012390900
postgres,1,insert_emb,-,7503,0,0.005526300
postgres,1,generar_emb,-,7504,0,0.014394500
postgres,1,insert_emb,-,7504,0,0.005454500
postgres,1,generar_emb,-,7505,0,0.011276400
postgres,1,insert_emb,-,7505,0,0.005561400
postgres,1,generar_emb,-,7506,0,0.012082400
postgres,1,insert_emb,-,7506,0,0.005371200
postgres,1,generar_emb,-,7507,0,0.013056900
postgres,1,insert_emb,-,7507,0,0.005203400
postgres,1,generar_emb,-,7508,0,0.011946200
postgres,1,insert_emb,-,7508,0,0.005808100
postgres,1,generar_emb,-,7509,0,0.010704200
postgres,1,insert_emb,-,7509,0,0.005687800
postgres,1,generar_emb,-,7510,0,0.011546100
postgres,1,insert_emb,-,7510,0,0.005864300
postgres,1,generar_emb,-,7511,0,0.011552800
postgres,1,insert_emb,-,7511,0,0.005765000
postgres,1,generar_emb,-,7512,0,0.011744600
postgres,1,insert_emb,-,7512,0,0.005487200
postgres,1,generar_emb,-,7513,0,0.012437000
postgres,1,insert_emb,-,7513,0,0.005681000
postgres,1,generar_emb,-,7514,0,0.012618200
postgres,1,insert_emb,-,7514,0,0.005481000
postgres,1,generar_emb,-,7515,0,0.011512200
postgres,1,insert_emb,-,7515,0,0.005811900
postgres,1,generar_emb,-,7516,0,0.013038400
postgres,1,insert_emb,-,7516,0,0.005343000
postgres,1,generar_emb,-,7517,0,0.012534600
postgres,1,insert_emb,-,7517,0,0.005348900
postgres,1,generar_emb,-,7518,0,0.011371800
postgres,1,insert_emb,-,7518,0,0.005018100
postgres,1,generar_emb,-,7519,0,0.011300700
postgres,1,insert_emb,-,7519,0,0.005160200
postgres,1,generar_emb,-,7520,0,0.010946400
postgres,1,insert_emb,-,7520,0,0.005364100
postgres,1,generar_emb,-,7521,0,0.012105200
postgres,1,insert_emb,-,7521,0,0.005306500
postgres,1,generar_emb,-,7522,0,0.015592600
postgres,1,insert_emb,-,7522,0,0.005637200
postgres,1,generar_emb,-,7523,0,0.010789300
postgres,1,insert_emb,-,7523,0,0.005466100
postgres,1,generar_emb,-,7524,0,0.012008600
postgres,1,insert_emb,-,7524,0,0.005770600
postgres,1,generar_emb,-,7525,0,0.014133400
postgres,1,insert_emb,-,7525,0,0.005367400
postgres,1,generar_emb,-,7526,0,0.015479400
postgres,1,insert_emb,-,7526,0,0.005713400
postgres,1,generar_emb,-,7527,0,0.011274800
postgres,1,insert_emb,-,7527,0,0.005373800
postgres,1,generar_emb,-,7528,0,0.011620900
postgres,1,insert_emb,-,7528,0,0.005249600
postgres,1,generar_emb,-,7529,0,0.013078300
postgres,1,insert_emb,-,7529,0,0.005279900
postgres,1,generar_emb,-,7530,0,0.013394700
postgres,1,insert_emb,-,7530,0,0.005534100
postgres,1,generar_emb,-,7531,0,0.012166900
postgres,1,insert_emb,-,7531,0,0.005587400
postgres,1,generar_emb,-,7532,0,0.012185600
postgres,1,insert_emb,-,7532,0,0.005909600
postgres,1,generar_emb,-,7533,0,0.012005800
postgres,1,insert_emb,-,7533,0,0.005816000
postgres,1,generar_emb,-,7534,0,0.011588100
postgres,1,insert_emb,-,7534,0,0.006159900
postgres,1,generar_emb,-,7535,0,0.010865800
postgres,1,insert_emb,-,7535,0,0.005541100
postgres,1,generar_emb,-,7536,0,0.011554700
postgres,1,insert_emb,-,7536,0,0.005654400
postgres,1,generar_emb,-,7537,0,0.011504300
postgres,1,insert_emb,-,7537,0,0.005911700
postgres,1,generar_emb,-,7538,0,0.012749900
postgres,1,insert_emb,-,7538,0,0.006207100
postgres,1,generar_emb,-,7539,0,0.011010700
postgres,1,insert_emb,-,7539,0,0.005863200
postgres,1,generar_emb,-,7540,0,0.013493300
postgres,1,insert_emb,-,7540,0,0.006269100
postgres,1,generar_emb,-,7541,0,0.013730300
postgres,1,insert_emb,-,7541,0,0.005892500
postgres,1,generar_emb,-,7542,0,0.012550400
postgres,1,insert_emb,-,7542,0,0.005444400
postgres,1,generar_emb,-,7543,0,0.012307800
postgres,1,insert_emb,-,7543,0,0.005256500
postgres,1,generar_emb,-,7544,0,0.012234200
postgres,1,insert_emb,-,7544,0,0.005740700
postgres,1,generar_emb,-,7545,0,0.012102500
postgres,1,insert_emb,-,7545,0,0.005545800
postgres,1,generar_emb,-,7546,0,0.012061900
postgres,1,insert_emb,-,7546,0,0.005635300
postgres,1,generar_emb,-,7547,0,0.013434100
postgres,1,insert_emb,-,7547,0,0.005909500
postgres,1,generar_emb,-,7548,0,0.012907800
postgres,1,insert_emb,-,7548,0,0.005266700
postgres,1,generar_emb,-,7549,0,0.015147900
postgres,1,insert_emb,-,7549,0,0.005665200
postgres,1,generar_emb,-,7550,0,0.011925500
postgres,1,insert_emb,-,7550,0,0.005552900
postgres,1,generar_emb,-,7551,0,0.013024800
postgres,1,insert_emb,-,7551,0,0.005399000
postgres,1,generar_emb,-,7552,0,0.012251900
postgres,1,insert_emb,-,7552,0,0.005651000
postgres,1,generar_emb,-,7553,0,0.011022400
postgres,1,insert_emb,-,7553,0,0.005420600
postgres,1,generar_emb,-,7554,0,0.012665200
postgres,1,insert_emb,-,7554,0,0.005913200
postgres,1,generar_emb,-,7555,0,0.010953000
postgres,1,insert_emb,-,7555,0,0.005644300
postgres,1,generar_emb,-,7556,0,0.011470000
postgres,1,insert_emb,-,7556,0,0.005470000
postgres,1,generar_emb,-,7557,0,0.011862400
postgres,1,insert_emb,-,7557,0,0.005604700
postgres,1,generar_emb,-,7558,0,0.012494500
postgres,1,insert_emb,-,7558,0,0.005308500
postgres,1,generar_emb,-,7559,0,0.015715200
postgres,1,insert_emb,-,7559,0,0.005952900
postgres,1,generar_emb,-,7560,0,0.016790300
postgres,1,insert_emb,-,7560,0,0.005516200
postgres,1,generar_emb,-,7561,0,0.012019500
postgres,1,insert_emb,-,7561,0,0.005624100
postgres,1,generar_emb,-,7562,0,0.013128200
postgres,1,insert_emb,-,7562,0,0.005320500
postgres,1,generar_emb,-,7563,0,0.012884200
postgres,1,insert_emb,-,7563,0,0.005202400
postgres,1,generar_emb,-,7564,0,0.013431900
postgres,1,insert_emb,-,7564,0,0.005701900
postgres,1,generar_emb,-,7565,0,0.011805700
postgres,1,insert_emb,-,7565,0,0.005915800
postgres,1,generar_emb,-,7566,0,0.012152700
postgres,1,insert_emb,-,7566,0,0.005226500
postgres,1,generar_emb,-,7567,0,0.013013800
postgres,1,insert_emb,-,7567,0,0.005493500
postgres,1,generar_emb,-,7568,0,0.012619200
postgres,1,insert_emb,-,7568,0,0.005418500
postgres,1,generar_emb,-,7569,0,0.011604300
postgres,1,insert_emb,-,7569,0,0.005409600
postgres,1,generar_emb,-,7570,0,0.012782400
postgres,1,insert_emb,-,7570,0,0.005411900
postgres,1,generar_emb,-,7571,0,0.013971700
postgres,1,insert_emb,-,7571,0,0.005606100
postgres,1,generar_emb,-,7572,0,0.013545800
postgres,1,insert_emb,-,7572,0,0.005473900
postgres,1,generar_emb,-,7573,0,0.013708300
postgres,1,insert_emb,-,7573,0,0.005677000
postgres,1,generar_emb,-,7574,0,0.014383700
postgres,1,insert_emb,-,7574,0,0.005330300
postgres,1,generar_emb,-,7575,0,0.011982800
postgres,1,insert_emb,-,7575,0,0.005592000
postgres,1,generar_emb,-,7576,0,0.011921300
postgres,1,insert_emb,-,7576,0,0.005666200
postgres,1,generar_emb,-,7577,0,0.014186900
postgres,1,insert_emb,-,7577,0,0.005736200
postgres,1,generar_emb,-,7578,0,0.012585300
postgres,1,insert_emb,-,7578,0,0.005594900
postgres,1,generar_emb,-,7579,0,0.012171700
postgres,1,insert_emb,-,7579,0,0.005962700
postgres,1,generar_emb,-,7580,0,0.011576700
postgres,1,insert_emb,-,7580,0,0.005847700
postgres,1,generar_emb,-,7581,0,0.012197600
postgres,1,insert_emb,-,7581,0,0.005640200
postgres,1,generar_emb,-,7582,0,0.013522400
postgres,1,insert_emb,-,7582,0,0.005719200
postgres,1,generar_emb,-,7583,0,0.011627100
postgres,1,insert_emb,-,7583,0,0.005601000
postgres,1,generar_emb,-,7584,0,0.011843600
postgres,1,insert_emb,-,7584,0,0.005929100
postgres,1,generar_emb,-,7585,0,0.013665400
postgres,1,insert_emb,-,7585,0,0.005201000
postgres,1,generar_emb,-,7586,0,0.011859400
postgres,1,insert_emb,-,7586,0,0.005212700
postgres,1,generar_emb,-,7587,0,0.011732500
postgres,1,insert_emb,-,7587,0,0.005245400
postgres,1,generar_emb,-,7588,0,0.011978700
postgres,1,insert_emb,-,7588,0,0.005468200
postgres,1,generar_emb,-,7589,0,0.010687300
postgres,1,insert_emb,-,7589,0,0.005385500
postgres,1,generar_emb,-,7590,0,0.011206900
postgres,1,insert_emb,-,7590,0,0.005990800
postgres,1,generar_emb,-,7591,0,0.013148300
postgres,1,insert_emb,-,7591,0,0.005177800
postgres,1,generar_emb,-,7592,0,0.012202000
postgres,1,insert_emb,-,7592,0,0.005187400
postgres,1,generar_emb,-,7593,0,0.013674700
postgres,1,insert_emb,-,7593,0,0.005641800
postgres,1,generar_emb,-,7594,0,0.010823700
postgres,1,insert_emb,-,7594,0,0.005349700
postgres,1,generar_emb,-,7595,0,0.011570900
postgres,1,insert_emb,-,7595,0,0.005651000
postgres,1,generar_emb,-,7596,0,0.012591700
postgres,1,insert_emb,-,7596,0,0.005506300
postgres,1,generar_emb,-,7597,0,0.012206400
postgres,1,insert_emb,-,7597,0,0.005529300
postgres,1,generar_emb,-,7598,0,0.011769900
postgres,1,insert_emb,-,7598,0,0.005560000
postgres,1,generar_emb,-,7599,0,0.013547900
postgres,1,insert_emb,-,7599,0,0.005650400
postgres,1,generar_emb,-,7600,0,0.081322600
postgres,1,insert_emb,-,7600,0,0.005771800
postgres,1,generar_emb,-,7601,0,0.012845900
postgres,1,insert_emb,-,7601,0,0.006080800
postgres,1,generar_emb,-,7602,0,0.012101700
postgres,1,insert_emb,-,7602,0,0.005181000
postgres,1,generar_emb,-,7603,0,0.011666400
postgres,1,insert_emb,-,7603,0,0.005111300
postgres,1,generar_emb,-,7604,0,0.013607900
postgres,1,insert_emb,-,7604,0,0.006213000
postgres,1,generar_emb,-,7605,0,0.011667700
postgres,1,insert_emb,-,7605,0,0.005742200
postgres,1,generar_emb,-,7606,0,0.012846100
postgres,1,insert_emb,-,7606,0,0.005169400
postgres,1,generar_emb,-,7607,0,0.012998300
postgres,1,insert_emb,-,7607,0,0.005737100
postgres,1,generar_emb,-,7608,0,0.012560100
postgres,1,insert_emb,-,7608,0,0.005756700
postgres,1,generar_emb,-,7609,0,0.012219000
postgres,1,insert_emb,-,7609,0,0.005271100
postgres,1,generar_emb,-,7610,0,0.013389400
postgres,1,insert_emb,-,7610,0,0.005308000
postgres,1,generar_emb,-,7611,0,0.013031600
postgres,1,insert_emb,-,7611,0,0.005442000
postgres,1,generar_emb,-,7612,0,0.011561200
postgres,1,insert_emb,-,7612,0,0.005507600
postgres,1,generar_emb,-,7613,0,0.012316200
postgres,1,insert_emb,-,7613,0,0.005321200
postgres,1,generar_emb,-,7614,0,0.010398100
postgres,1,insert_emb,-,7614,0,0.005361400
postgres,1,generar_emb,-,7615,0,0.010897900
postgres,1,insert_emb,-,7615,0,0.005683100
postgres,1,generar_emb,-,7616,0,0.011201800
postgres,1,insert_emb,-,7616,0,0.005532700
postgres,1,generar_emb,-,7617,0,0.011674000
postgres,1,insert_emb,-,7617,0,0.005365700
postgres,1,generar_emb,-,7618,0,0.011080600
postgres,1,insert_emb,-,7618,0,0.005340400
postgres,1,generar_emb,-,7619,0,0.010568500
postgres,1,insert_emb,-,7619,0,0.005641000
postgres,1,generar_emb,-,7620,0,0.012093200
postgres,1,insert_emb,-,7620,0,0.005595100
postgres,1,generar_emb,-,7621,0,0.011776000
postgres,1,insert_emb,-,7621,0,0.005628300
postgres,1,generar_emb,-,7622,0,0.012284400
postgres,1,insert_emb,-,7622,0,0.005691000
postgres,1,generar_emb,-,7623,0,0.012758500
postgres,1,insert_emb,-,7623,0,0.005516300
postgres,1,generar_emb,-,7624,0,0.012446000
postgres,1,insert_emb,-,7624,0,0.005442100
postgres,1,generar_emb,-,7625,0,0.012914200
postgres,1,insert_emb,-,7625,0,0.005799700
postgres,1,generar_emb,-,7626,0,0.013492000
postgres,1,insert_emb,-,7626,0,0.006008600
postgres,1,generar_emb,-,7627,0,0.011148500
postgres,1,insert_emb,-,7627,0,0.005748600
postgres,1,generar_emb,-,7628,0,0.010544100
postgres,1,insert_emb,-,7628,0,0.005722800
postgres,1,generar_emb,-,7629,0,0.011167800
postgres,1,insert_emb,-,7629,0,0.005810100
postgres,1,generar_emb,-,7630,0,0.010784200
postgres,1,insert_emb,-,7630,0,0.006032400
postgres,1,generar_emb,-,7631,0,0.012583300
postgres,1,insert_emb,-,7631,0,0.005770100
postgres,1,generar_emb,-,7632,0,0.013815500
postgres,1,insert_emb,-,7632,0,0.005989800
postgres,1,generar_emb,-,7633,0,0.010843400
postgres,1,insert_emb,-,7633,0,0.005136600
postgres,1,generar_emb,-,7634,0,0.011125700
postgres,1,insert_emb,-,7634,0,0.005426900
postgres,1,generar_emb,-,7635,0,0.010416600
postgres,1,insert_emb,-,7635,0,0.005603600
postgres,1,generar_emb,-,7636,0,0.012139600
postgres,1,insert_emb,-,7636,0,0.005806900
postgres,1,generar_emb,-,7637,0,0.011606000
postgres,1,insert_emb,-,7637,0,0.005880400
postgres,1,generar_emb,-,7638,0,0.011361700
postgres,1,insert_emb,-,7638,0,0.005494200
postgres,1,generar_emb,-,7639,0,0.011947300
postgres,1,insert_emb,-,7639,0,0.005272300
postgres,1,generar_emb,-,7640,0,0.011497300
postgres,1,insert_emb,-,7640,0,0.005408500
postgres,1,generar_emb,-,7641,0,0.011745500
postgres,1,insert_emb,-,7641,0,0.005867100
postgres,1,generar_emb,-,7642,0,0.013328700
postgres,1,insert_emb,-,7642,0,0.005360100
postgres,1,generar_emb,-,7643,0,0.012459000
postgres,1,insert_emb,-,7643,0,0.005472800
postgres,1,generar_emb,-,7644,0,0.013998100
postgres,1,insert_emb,-,7644,0,0.005472500
postgres,1,generar_emb,-,7645,0,0.013256400
postgres,1,insert_emb,-,7645,0,0.005438500
postgres,1,generar_emb,-,7646,0,0.012893100
postgres,1,insert_emb,-,7646,0,0.005381800
postgres,1,generar_emb,-,7647,0,0.012446800
postgres,1,insert_emb,-,7647,0,0.005281600
postgres,1,generar_emb,-,7648,0,0.011315600
postgres,1,insert_emb,-,7648,0,0.005394200
postgres,1,generar_emb,-,7649,0,0.012504600
postgres,1,insert_emb,-,7649,0,0.005580700
postgres,1,generar_emb,-,7650,0,0.012249600
postgres,1,insert_emb,-,7650,0,0.005218600
postgres,1,generar_emb,-,7651,0,0.011814400
postgres,1,insert_emb,-,7651,0,0.005504500
postgres,1,generar_emb,-,7652,0,0.010667300
postgres,1,insert_emb,-,7652,0,0.005386000
postgres,1,generar_emb,-,7653,0,0.011501200
postgres,1,insert_emb,-,7653,0,0.005582100
postgres,1,generar_emb,-,7654,0,0.011732300
postgres,1,insert_emb,-,7654,0,0.005640400
postgres,1,generar_emb,-,7655,0,0.010735300
postgres,1,insert_emb,-,7655,0,0.005623200
postgres,1,generar_emb,-,7656,0,0.011239700
postgres,1,insert_emb,-,7656,0,0.005629600
postgres,1,generar_emb,-,7657,0,0.010941600
postgres,1,insert_emb,-,7657,0,0.005675200
postgres,1,generar_emb,-,7658,0,0.012119900
postgres,1,insert_emb,-,7658,0,0.005676500
postgres,1,generar_emb,-,7659,0,0.011861500
postgres,1,insert_emb,-,7659,0,0.005427000
postgres,1,generar_emb,-,7660,0,0.011403500
postgres,1,insert_emb,-,7660,0,0.005882800
postgres,1,generar_emb,-,7661,0,0.013459400
postgres,1,insert_emb,-,7661,0,0.005902000
postgres,1,generar_emb,-,7662,0,0.011158300
postgres,1,insert_emb,-,7662,0,0.005200000
postgres,1,generar_emb,-,7663,0,0.011080500
postgres,1,insert_emb,-,7663,0,0.005332200
postgres,1,generar_emb,-,7664,0,0.011682000
postgres,1,insert_emb,-,7664,0,0.005545200
postgres,1,generar_emb,-,7665,0,0.011190500
postgres,1,insert_emb,-,7665,0,0.005588200
postgres,1,generar_emb,-,7666,0,0.011582000
postgres,1,insert_emb,-,7666,0,0.005255000
postgres,1,generar_emb,-,7667,0,0.011232300
postgres,1,insert_emb,-,7667,0,0.005586100
postgres,1,generar_emb,-,7668,0,0.012549700
postgres,1,insert_emb,-,7668,0,0.005694500
postgres,1,generar_emb,-,7669,0,0.010953300
postgres,1,insert_emb,-,7669,0,0.005331600
postgres,1,generar_emb,-,7670,0,0.013419100
postgres,1,insert_emb,-,7670,0,0.005450900
postgres,1,generar_emb,-,7671,0,0.012567100
postgres,1,insert_emb,-,7671,0,0.005421900
postgres,1,generar_emb,-,7672,0,0.012879700
postgres,1,insert_emb,-,7672,0,0.005230700
postgres,1,generar_emb,-,7673,0,0.013847600
postgres,1,insert_emb,-,7673,0,0.005223300
postgres,1,generar_emb,-,7674,0,0.012450200
postgres,1,insert_emb,-,7674,0,0.005225400
postgres,1,generar_emb,-,7675,0,0.011555200
postgres,1,insert_emb,-,7675,0,0.005724400
postgres,1,generar_emb,-,7676,0,0.011322500
postgres,1,insert_emb,-,7676,0,0.005501000
postgres,1,generar_emb,-,7677,0,0.011804500
postgres,1,insert_emb,-,7677,0,0.005512400
postgres,1,generar_emb,-,7678,0,0.012881200
postgres,1,insert_emb,-,7678,0,0.005233000
postgres,1,generar_emb,-,7679,0,0.012477100
postgres,1,insert_emb,-,7679,0,0.005164300
postgres,1,generar_emb,-,7680,0,0.012420800
postgres,1,insert_emb,-,7680,0,0.005377700
postgres,1,generar_emb,-,7681,0,0.012328500
postgres,1,insert_emb,-,7681,0,0.005269200
postgres,1,generar_emb,-,7682,0,0.011898900
postgres,1,insert_emb,-,7682,0,0.006419600
postgres,1,generar_emb,-,7683,0,0.012484700
postgres,1,insert_emb,-,7683,0,0.005640300
postgres,1,generar_emb,-,7684,0,0.010297400
postgres,1,insert_emb,-,7684,0,0.005507000
postgres,1,generar_emb,-,7685,0,0.011670000
postgres,1,insert_emb,-,7685,0,0.005209800
postgres,1,generar_emb,-,7686,0,0.013249300
postgres,1,insert_emb,-,7686,0,0.005781600
postgres,1,generar_emb,-,7687,0,0.012860200
postgres,1,insert_emb,-,7687,0,0.005358600
postgres,1,generar_emb,-,7688,0,0.012291900
postgres,1,insert_emb,-,7688,0,0.005619100
postgres,1,generar_emb,-,7689,0,0.014107400
postgres,1,insert_emb,-,7689,0,0.005584500
postgres,1,generar_emb,-,7690,0,0.014661900
postgres,1,insert_emb,-,7690,0,0.005328000
postgres,1,generar_emb,-,7691,0,0.012493100
postgres,1,insert_emb,-,7691,0,0.005084800
postgres,1,generar_emb,-,7692,0,0.012319400
postgres,1,insert_emb,-,7692,0,0.005196600
postgres,1,generar_emb,-,7693,0,0.012512900
postgres,1,insert_emb,-,7693,0,0.005781800
postgres,1,generar_emb,-,7694,0,0.012547300
postgres,1,insert_emb,-,7694,0,0.005457400
postgres,1,generar_emb,-,7695,0,0.012775600
postgres,1,insert_emb,-,7695,0,0.005733400
postgres,1,generar_emb,-,7696,0,0.012528900
postgres,1,insert_emb,-,7696,0,0.005477400
postgres,1,generar_emb,-,7697,0,0.011650000
postgres,1,insert_emb,-,7697,0,0.005149800
postgres,1,generar_emb,-,7698,0,0.010684200
postgres,1,insert_emb,-,7698,0,0.005091200
postgres,1,generar_emb,-,7699,0,0.011006700
postgres,1,insert_emb,-,7699,0,0.005240800
postgres,1,generar_emb,-,7700,0,0.011177800
postgres,1,insert_emb,-,7700,0,0.005218800
postgres,1,generar_emb,-,7701,0,0.012406700
postgres,1,insert_emb,-,7701,0,0.005330600
postgres,1,generar_emb,-,7702,0,0.012930600
postgres,1,insert_emb,-,7702,0,0.005357800
postgres,1,generar_emb,-,7703,0,0.013433000
postgres,1,insert_emb,-,7703,0,0.005150100
postgres,1,generar_emb,-,7704,0,0.012494500
postgres,1,insert_emb,-,7704,0,0.005100500
postgres,1,generar_emb,-,7705,0,0.012723900
postgres,1,insert_emb,-,7705,0,0.005398600
postgres,1,generar_emb,-,7706,0,0.012381700
postgres,1,insert_emb,-,7706,0,0.005266000
postgres,1,generar_emb,-,7707,0,0.012335900
postgres,1,insert_emb,-,7707,0,0.005500400
postgres,1,generar_emb,-,7708,0,0.011207400
postgres,1,insert_emb,-,7708,0,0.005439300
postgres,1,generar_emb,-,7709,0,0.010471700
postgres,1,insert_emb,-,7709,0,0.005332300
postgres,1,generar_emb,-,7710,0,0.014413000
postgres,1,insert_emb,-,7710,0,0.005714700
postgres,1,generar_emb,-,7711,0,0.010733000
postgres,1,insert_emb,-,7711,0,0.005656200
postgres,1,generar_emb,-,7712,0,0.013457400
postgres,1,insert_emb,-,7712,0,0.005910200
postgres,1,generar_emb,-,7713,0,0.014159600
postgres,1,insert_emb,-,7713,0,0.005910300
postgres,1,generar_emb,-,7714,0,0.011828000
postgres,1,insert_emb,-,7714,0,0.005768500
postgres,1,generar_emb,-,7715,0,0.011873900
postgres,1,insert_emb,-,7715,0,0.005744300
postgres,1,generar_emb,-,7716,0,0.011679200
postgres,1,insert_emb,-,7716,0,0.005457000
postgres,1,generar_emb,-,7717,0,0.014265000
postgres,1,insert_emb,-,7717,0,0.005853500
postgres,1,generar_emb,-,7718,0,0.013263500
postgres,1,insert_emb,-,7718,0,0.005511300
postgres,1,generar_emb,-,7719,0,0.012791600
postgres,1,insert_emb,-,7719,0,0.005954000
postgres,1,generar_emb,-,7720,0,0.012731400
postgres,1,insert_emb,-,7720,0,0.006121000
postgres,1,generar_emb,-,7721,0,0.015242500
postgres,1,insert_emb,-,7721,0,0.005743900
postgres,1,generar_emb,-,7722,0,0.013572800
postgres,1,insert_emb,-,7722,0,0.005556600
postgres,1,generar_emb,-,7723,0,0.016501300
postgres,1,insert_emb,-,7723,0,0.005379400
postgres,1,generar_emb,-,7724,0,0.012777000
postgres,1,insert_emb,-,7724,0,0.005278700
postgres,1,generar_emb,-,7725,0,0.013139300
postgres,1,insert_emb,-,7725,0,0.005622900
postgres,1,generar_emb,-,7726,0,0.013155000
postgres,1,insert_emb,-,7726,0,0.005214900
postgres,1,generar_emb,-,7727,0,0.016216500
postgres,1,insert_emb,-,7727,0,0.005334100
postgres,1,generar_emb,-,7728,0,0.012584200
postgres,1,insert_emb,-,7728,0,0.005547600
postgres,1,generar_emb,-,7729,0,0.013394500
postgres,1,insert_emb,-,7729,0,0.005506200
postgres,1,generar_emb,-,7730,0,0.014666700
postgres,1,insert_emb,-,7730,0,0.005406600
postgres,1,generar_emb,-,7731,0,0.011882600
postgres,1,insert_emb,-,7731,0,0.005164300
postgres,1,generar_emb,-,7732,0,0.012637300
postgres,1,insert_emb,-,7732,0,0.005308000
postgres,1,generar_emb,-,7733,0,0.013048100
postgres,1,insert_emb,-,7733,0,0.005065300
postgres,1,generar_emb,-,7734,0,0.017336000
postgres,1,insert_emb,-,7734,0,0.006213500
postgres,1,generar_emb,-,7735,0,0.012979600
postgres,1,insert_emb,-,7735,0,0.005962000
postgres,1,generar_emb,-,7736,0,0.012409000
postgres,1,insert_emb,-,7736,0,0.005873400
postgres,1,generar_emb,-,7737,0,0.018282500
postgres,1,insert_emb,-,7737,0,0.005820400
postgres,1,generar_emb,-,7738,0,0.013106700
postgres,1,insert_emb,-,7738,0,0.006001600
postgres,1,generar_emb,-,7739,0,0.016016700
postgres,1,insert_emb,-,7739,0,0.005696900
postgres,1,generar_emb,-,7740,0,0.012829800
postgres,1,insert_emb,-,7740,0,0.006158100
postgres,1,generar_emb,-,7741,0,0.013574600
postgres,1,insert_emb,-,7741,0,0.005431600
postgres,1,generar_emb,-,7742,0,0.012882700
postgres,1,insert_emb,-,7742,0,0.005636600
postgres,1,generar_emb,-,7743,0,0.011500600
postgres,1,insert_emb,-,7743,0,0.005247300
postgres,1,generar_emb,-,7744,0,0.014368100
postgres,1,insert_emb,-,7744,0,0.005736100
postgres,1,generar_emb,-,7745,0,0.014621100
postgres,1,insert_emb,-,7745,0,0.005388600
postgres,1,generar_emb,-,7746,0,0.013010200
postgres,1,insert_emb,-,7746,0,0.005725000
postgres,1,generar_emb,-,7747,0,0.012498300
postgres,1,insert_emb,-,7747,0,0.005668800
postgres,1,generar_emb,-,7748,0,0.013352000
postgres,1,insert_emb,-,7748,0,0.005534800
postgres,1,generar_emb,-,7749,0,0.012706800
postgres,1,insert_emb,-,7749,0,0.005587700
postgres,1,generar_emb,-,7750,0,0.018852200
postgres,1,insert_emb,-,7750,0,0.005878800
postgres,1,generar_emb,-,7751,0,0.013307200
postgres,1,insert_emb,-,7751,0,0.005851800
postgres,1,generar_emb,-,7752,0,0.015149200
postgres,1,insert_emb,-,7752,0,0.005225300
postgres,1,generar_emb,-,7753,0,0.013443500
postgres,1,insert_emb,-,7753,0,0.005413500
postgres,1,generar_emb,-,7754,0,0.013846300
postgres,1,insert_emb,-,7754,0,0.006024900
postgres,1,generar_emb,-,7755,0,0.016250800
postgres,1,insert_emb,-,7755,0,0.005953000
postgres,1,generar_emb,-,7756,0,0.013174100
postgres,1,insert_emb,-,7756,0,0.005951800
postgres,1,generar_emb,-,7757,0,0.015960500
postgres,1,insert_emb,-,7757,0,0.005791800
postgres,1,generar_emb,-,7758,0,0.017222900
postgres,1,insert_emb,-,7758,0,0.006721600
postgres,1,generar_emb,-,7759,0,0.018915700
postgres,1,insert_emb,-,7759,0,0.007040600
postgres,1,generar_emb,-,7760,0,0.024293600
postgres,1,insert_emb,-,7760,0,0.006956200
postgres,1,generar_emb,-,7761,0,0.019232100
postgres,1,insert_emb,-,7761,0,0.006151200
postgres,1,generar_emb,-,7762,0,0.012567500
postgres,1,insert_emb,-,7762,0,0.005281000
postgres,1,generar_emb,-,7763,0,0.013337300
postgres,1,insert_emb,-,7763,0,0.005408900
postgres,1,generar_emb,-,7764,0,0.014439400
postgres,1,insert_emb,-,7764,0,0.005834800
postgres,1,generar_emb,-,7765,0,0.012662600
postgres,1,insert_emb,-,7765,0,0.005802400
postgres,1,generar_emb,-,7766,0,0.012394200
postgres,1,insert_emb,-,7766,0,0.005753300
postgres,1,generar_emb,-,7767,0,0.013328100
postgres,1,insert_emb,-,7767,0,0.005886800
postgres,1,generar_emb,-,7768,0,0.013081200
postgres,1,insert_emb,-,7768,0,0.005499100
postgres,1,generar_emb,-,7769,0,0.011755900
postgres,1,insert_emb,-,7769,0,0.006201200
postgres,1,generar_emb,-,7770,0,0.019172500
postgres,1,insert_emb,-,7770,0,0.007528000
postgres,1,generar_emb,-,7771,0,0.019525100
postgres,1,insert_emb,-,7771,0,0.007321200
postgres,1,generar_emb,-,7772,0,0.016343900
postgres,1,insert_emb,-,7772,0,0.007034400
postgres,1,generar_emb,-,7773,0,0.019379900
postgres,1,insert_emb,-,7773,0,0.006984400
postgres,1,generar_emb,-,7774,0,0.020316200
postgres,1,insert_emb,-,7774,0,0.007025900
postgres,1,generar_emb,-,7775,0,0.018221000
postgres,1,insert_emb,-,7775,0,0.007132900
postgres,1,generar_emb,-,7776,0,0.017303800
postgres,1,insert_emb,-,7776,0,0.005844200
postgres,1,generar_emb,-,7777,0,0.014871600
postgres,1,insert_emb,-,7777,0,0.005166200
postgres,1,generar_emb,-,7778,0,0.013213500
postgres,1,insert_emb,-,7778,0,0.005413900
postgres,1,generar_emb,-,7779,0,0.012291300
postgres,1,insert_emb,-,7779,0,0.005075000
postgres,1,generar_emb,-,7780,0,0.011729800
postgres,1,insert_emb,-,7780,0,0.005379500
postgres,1,generar_emb,-,7781,0,0.012066800
postgres,1,insert_emb,-,7781,0,0.005094300
postgres,1,generar_emb,-,7782,0,0.014310000
postgres,1,insert_emb,-,7782,0,0.005507200
postgres,1,generar_emb,-,7783,0,0.013328800
postgres,1,insert_emb,-,7783,0,0.005650200
postgres,1,generar_emb,-,7784,0,0.013434900
postgres,1,insert_emb,-,7784,0,0.005548300
postgres,1,generar_emb,-,7785,0,0.012477600
postgres,1,insert_emb,-,7785,0,0.005312500
postgres,1,generar_emb,-,7786,0,0.013823000
postgres,1,insert_emb,-,7786,0,0.005515900
postgres,1,generar_emb,-,7787,0,0.011237700
postgres,1,insert_emb,-,7787,0,0.005938300
postgres,1,generar_emb,-,7788,0,0.013417100
postgres,1,insert_emb,-,7788,0,0.005249800
postgres,1,generar_emb,-,7789,0,0.011949700
postgres,1,insert_emb,-,7789,0,0.005671100
postgres,1,generar_emb,-,7790,0,0.012486300
postgres,1,insert_emb,-,7790,0,0.005667800
postgres,1,generar_emb,-,7791,0,0.011754100
postgres,1,insert_emb,-,7791,0,0.005515400
postgres,1,generar_emb,-,7792,0,0.012330900
postgres,1,insert_emb,-,7792,0,0.005124800
postgres,1,generar_emb,-,7793,0,0.013381200
postgres,1,insert_emb,-,7793,0,0.005793900
postgres,1,generar_emb,-,7794,0,0.011260200
postgres,1,insert_emb,-,7794,0,0.005210100
postgres,1,generar_emb,-,7795,0,0.012256600
postgres,1,insert_emb,-,7795,0,0.005144000
postgres,1,generar_emb,-,7796,0,0.013005100
postgres,1,insert_emb,-,7796,0,0.005529100
postgres,1,generar_emb,-,7797,0,0.014164500
postgres,1,insert_emb,-,7797,0,0.006030200
postgres,1,generar_emb,-,7798,0,0.011455600
postgres,1,insert_emb,-,7798,0,0.005694000
postgres,1,generar_emb,-,7799,0,0.011845900
postgres,1,insert_emb,-,7799,0,0.005816800
postgres,1,generar_emb,-,7800,0,0.012440500
postgres,1,insert_emb,-,7800,0,0.005806800
postgres,1,generar_emb,-,7801,0,0.011237700
postgres,1,insert_emb,-,7801,0,0.005716700
postgres,1,generar_emb,-,7802,0,0.010795600
postgres,1,insert_emb,-,7802,0,0.005786600
postgres,1,generar_emb,-,7803,0,0.011048700
postgres,1,insert_emb,-,7803,0,0.005815700
postgres,1,generar_emb,-,7804,0,0.010871500
postgres,1,insert_emb,-,7804,0,0.005867400
postgres,1,generar_emb,-,7805,0,0.015077800
postgres,1,insert_emb,-,7805,0,0.005901100
postgres,1,generar_emb,-,7806,0,0.012362100
postgres,1,insert_emb,-,7806,0,0.005658600
postgres,1,generar_emb,-,7807,0,0.012365700
postgres,1,insert_emb,-,7807,0,0.005352300
postgres,1,generar_emb,-,7808,0,0.016384900
postgres,1,insert_emb,-,7808,0,0.005473500
postgres,1,generar_emb,-,7809,0,0.012286400
postgres,1,insert_emb,-,7809,0,0.005449300
postgres,1,generar_emb,-,7810,0,0.011413600
postgres,1,insert_emb,-,7810,0,0.005385900
postgres,1,generar_emb,-,7811,0,0.011648000
postgres,1,insert_emb,-,7811,0,0.005337300
postgres,1,generar_emb,-,7812,0,0.012226300
postgres,1,insert_emb,-,7812,0,0.005646200
postgres,1,generar_emb,-,7813,0,0.013103400
postgres,1,insert_emb,-,7813,0,0.005993900
postgres,1,generar_emb,-,7814,0,0.017819900
postgres,1,insert_emb,-,7814,0,0.005415800
postgres,1,generar_emb,-,7815,0,0.013861800
postgres,1,insert_emb,-,7815,0,0.005128500
postgres,1,generar_emb,-,7816,0,0.013481700
postgres,1,insert_emb,-,7816,0,0.005697000
postgres,1,generar_emb,-,7817,0,0.013460200
postgres,1,insert_emb,-,7817,0,0.005478600
postgres,1,generar_emb,-,7818,0,0.011541800
postgres,1,insert_emb,-,7818,0,0.005134800
postgres,1,generar_emb,-,7819,0,0.013245300
postgres,1,insert_emb,-,7819,0,0.005531100
postgres,1,generar_emb,-,7820,0,0.010683800
postgres,1,insert_emb,-,7820,0,0.005428500
postgres,1,generar_emb,-,7821,0,0.012196500
postgres,1,insert_emb,-,7821,0,0.005869200
postgres,1,generar_emb,-,7822,0,0.011438200
postgres,1,insert_emb,-,7822,0,0.005852500
postgres,1,generar_emb,-,7823,0,0.011056100
postgres,1,insert_emb,-,7823,0,0.005574600
postgres,1,generar_emb,-,7824,0,0.011565400
postgres,1,insert_emb,-,7824,0,0.005437800
postgres,1,generar_emb,-,7825,0,0.012143900
postgres,1,insert_emb,-,7825,0,0.005417100
postgres,1,generar_emb,-,7826,0,0.012498500
postgres,1,insert_emb,-,7826,0,0.005225800
postgres,1,generar_emb,-,7827,0,0.013387500
postgres,1,insert_emb,-,7827,0,0.005403000
postgres,1,generar_emb,-,7828,0,0.012538500
postgres,1,insert_emb,-,7828,0,0.005381600
postgres,1,generar_emb,-,7829,0,0.013330300
postgres,1,insert_emb,-,7829,0,0.005464800
postgres,1,generar_emb,-,7830,0,0.012984400
postgres,1,insert_emb,-,7830,0,0.005741300
postgres,1,generar_emb,-,7831,0,0.012294300
postgres,1,insert_emb,-,7831,0,0.005317200
postgres,1,generar_emb,-,7832,0,0.014811600
postgres,1,insert_emb,-,7832,0,0.005715900
postgres,1,generar_emb,-,7833,0,0.012461200
postgres,1,insert_emb,-,7833,0,0.005564100
postgres,1,generar_emb,-,7834,0,0.013186600
postgres,1,insert_emb,-,7834,0,0.005692900
postgres,1,generar_emb,-,7835,0,0.012839500
postgres,1,insert_emb,-,7835,0,0.005619500
postgres,1,generar_emb,-,7836,0,0.011448700
postgres,1,insert_emb,-,7836,0,0.005362500
postgres,1,generar_emb,-,7837,0,0.013206400
postgres,1,insert_emb,-,7837,0,0.005086600
postgres,1,generar_emb,-,7838,0,0.013073800
postgres,1,insert_emb,-,7838,0,0.005040600
postgres,1,generar_emb,-,7839,0,0.013941800
postgres,1,insert_emb,-,7839,0,0.005171500
postgres,1,generar_emb,-,7840,0,0.013139300
postgres,1,insert_emb,-,7840,0,0.005341500
postgres,1,generar_emb,-,7841,0,0.011763200
postgres,1,insert_emb,-,7841,0,0.005122300
postgres,1,generar_emb,-,7842,0,0.013671500
postgres,1,insert_emb,-,7842,0,0.005878700
postgres,1,generar_emb,-,7843,0,0.014336100
postgres,1,insert_emb,-,7843,0,0.005112900
postgres,1,generar_emb,-,7844,0,0.012905900
postgres,1,insert_emb,-,7844,0,0.005132000
postgres,1,generar_emb,-,7845,0,0.013525600
postgres,1,insert_emb,-,7845,0,0.005153100
postgres,1,generar_emb,-,7846,0,0.012667300
postgres,1,insert_emb,-,7846,0,0.005186200
postgres,1,generar_emb,-,7847,0,0.011486500
postgres,1,insert_emb,-,7847,0,0.006509000
postgres,1,generar_emb,-,7848,0,0.012763800
postgres,1,insert_emb,-,7848,0,0.005092900
postgres,1,generar_emb,-,7849,0,0.013293400
postgres,1,insert_emb,-,7849,0,0.005557600
postgres,1,generar_emb,-,7850,0,0.012785300
postgres,1,insert_emb,-,7850,0,0.005268000
postgres,1,generar_emb,-,7851,0,0.012273900
postgres,1,insert_emb,-,7851,0,0.005127400
postgres,1,generar_emb,-,7852,0,0.011970900
postgres,1,insert_emb,-,7852,0,0.005086000
postgres,1,generar_emb,-,7853,0,0.010890200
postgres,1,insert_emb,-,7853,0,0.005371900
postgres,1,generar_emb,-,7854,0,0.011535500
postgres,1,insert_emb,-,7854,0,0.005340500
postgres,1,generar_emb,-,7855,0,0.011037800
postgres,1,insert_emb,-,7855,0,0.005345500
postgres,1,generar_emb,-,7856,0,0.013945300
postgres,1,insert_emb,-,7856,0,0.005465400
postgres,1,generar_emb,-,7857,0,0.011284400
postgres,1,insert_emb,-,7857,0,0.005389900
postgres,1,generar_emb,-,7858,0,0.012018500
postgres,1,insert_emb,-,7858,0,0.005776300
postgres,1,generar_emb,-,7859,0,0.012675100
postgres,1,insert_emb,-,7859,0,0.005427000
postgres,1,generar_emb,-,7860,0,0.013983100
postgres,1,insert_emb,-,7860,0,0.005475800
postgres,1,generar_emb,-,7861,0,0.013348800
postgres,1,insert_emb,-,7861,0,0.005427300
postgres,1,generar_emb,-,7862,0,0.013971200
postgres,1,insert_emb,-,7862,0,0.005594900
postgres,1,generar_emb,-,7863,0,0.013495300
postgres,1,insert_emb,-,7863,0,0.005743500
postgres,1,generar_emb,-,7864,0,0.013603000
postgres,1,insert_emb,-,7864,0,0.005930700
postgres,1,generar_emb,-,7865,0,0.011523900
postgres,1,insert_emb,-,7865,0,0.005345900
postgres,1,generar_emb,-,7866,0,0.015237200
postgres,1,insert_emb,-,7866,0,0.005268700
postgres,1,generar_emb,-,7867,0,0.013451600
postgres,1,insert_emb,-,7867,0,0.005582500
postgres,1,generar_emb,-,7868,0,0.013186300
postgres,1,insert_emb,-,7868,0,0.006641800
postgres,1,generar_emb,-,7869,0,0.017785900
postgres,1,insert_emb,-,7869,0,0.006231600
postgres,1,generar_emb,-,7870,0,0.014059700
postgres,1,insert_emb,-,7870,0,0.005970400
postgres,1,generar_emb,-,7871,0,0.014599400
postgres,1,insert_emb,-,7871,0,0.006021900
postgres,1,generar_emb,-,7872,0,0.014042800
postgres,1,insert_emb,-,7872,0,0.005743900
postgres,1,generar_emb,-,7873,0,0.014076500
postgres,1,insert_emb,-,7873,0,0.005504000
postgres,1,generar_emb,-,7874,0,0.013780900
postgres,1,insert_emb,-,7874,0,0.005391100
postgres,1,generar_emb,-,7875,0,0.011476000
postgres,1,insert_emb,-,7875,0,0.005377000
postgres,1,generar_emb,-,7876,0,0.011145100
postgres,1,insert_emb,-,7876,0,0.005264400
postgres,1,generar_emb,-,7877,0,0.012048100
postgres,1,insert_emb,-,7877,0,0.005230600
postgres,1,generar_emb,-,7878,0,0.011121000
postgres,1,insert_emb,-,7878,0,0.005089100
postgres,1,generar_emb,-,7879,0,0.013870000
postgres,1,insert_emb,-,7879,0,0.005886000
postgres,1,generar_emb,-,7880,0,0.012921400
postgres,1,insert_emb,-,7880,0,0.005380300
postgres,1,generar_emb,-,7881,0,0.012226000
postgres,1,insert_emb,-,7881,0,0.005468300
postgres,1,generar_emb,-,7882,0,0.012680000
postgres,1,insert_emb,-,7882,0,0.005730900
postgres,1,generar_emb,-,7883,0,0.011367500
postgres,1,insert_emb,-,7883,0,0.005513800
postgres,1,generar_emb,-,7884,0,0.011800000
postgres,1,insert_emb,-,7884,0,0.005289500
postgres,1,generar_emb,-,7885,0,0.013935800
postgres,1,insert_emb,-,7885,0,0.005662000
postgres,1,generar_emb,-,7886,0,0.013271800
postgres,1,insert_emb,-,7886,0,0.005867500
postgres,1,generar_emb,-,7887,0,0.013951700
postgres,1,insert_emb,-,7887,0,0.005469800
postgres,1,generar_emb,-,7888,0,0.012525000
postgres,1,insert_emb,-,7888,0,0.005584300
postgres,1,generar_emb,-,7889,0,0.011619800
postgres,1,insert_emb,-,7889,0,0.005147300
postgres,1,generar_emb,-,7890,0,0.012208700
postgres,1,insert_emb,-,7890,0,0.005799000
postgres,1,generar_emb,-,7891,0,0.012828400
postgres,1,insert_emb,-,7891,0,0.005320800
postgres,1,generar_emb,-,7892,0,0.013171900
postgres,1,insert_emb,-,7892,0,0.005968000
postgres,1,generar_emb,-,7893,0,0.013780200
postgres,1,insert_emb,-,7893,0,0.005561000
postgres,1,generar_emb,-,7894,0,0.012843800
postgres,1,insert_emb,-,7894,0,0.005814800
postgres,1,generar_emb,-,7895,0,0.014490600
postgres,1,insert_emb,-,7895,0,0.005880700
postgres,1,generar_emb,-,7896,0,0.013133800
postgres,1,insert_emb,-,7896,0,0.005900300
postgres,1,generar_emb,-,7897,0,0.011658400
postgres,1,insert_emb,-,7897,0,0.006003700
postgres,1,generar_emb,-,7898,0,0.010914300
postgres,1,insert_emb,-,7898,0,0.005126900
postgres,1,generar_emb,-,7899,0,0.012991100
postgres,1,insert_emb,-,7899,0,0.005756100
postgres,1,generar_emb,-,7900,0,0.010958400
postgres,1,insert_emb,-,7900,0,0.005498600
postgres,1,generar_emb,-,7901,0,0.012926700
postgres,1,insert_emb,-,7901,0,0.005717400
postgres,1,generar_emb,-,7902,0,0.012158700
postgres,1,insert_emb,-,7902,0,0.005373800
postgres,1,generar_emb,-,7903,0,0.012516600
postgres,1,insert_emb,-,7903,0,0.005252800
postgres,1,generar_emb,-,7904,0,0.013059800
postgres,1,insert_emb,-,7904,0,0.005614900
postgres,1,generar_emb,-,7905,0,0.010726600
postgres,1,insert_emb,-,7905,0,0.005625100
postgres,1,generar_emb,-,7906,0,0.011010400
postgres,1,insert_emb,-,7906,0,0.005360600
postgres,1,generar_emb,-,7907,0,0.011044800
postgres,1,insert_emb,-,7907,0,0.005126000
postgres,1,generar_emb,-,7908,0,0.013464700
postgres,1,insert_emb,-,7908,0,0.005222500
postgres,1,generar_emb,-,7909,0,0.012359000
postgres,1,insert_emb,-,7909,0,0.005131600
postgres,1,generar_emb,-,7910,0,0.013434700
postgres,1,insert_emb,-,7910,0,0.005508600
postgres,1,generar_emb,-,7911,0,0.013611400
postgres,1,insert_emb,-,7911,0,0.005244500
postgres,1,generar_emb,-,7912,0,0.012651800
postgres,1,insert_emb,-,7912,0,0.005485100
postgres,1,generar_emb,-,7913,0,0.014292500
postgres,1,insert_emb,-,7913,0,0.005430700
postgres,1,generar_emb,-,7914,0,0.012231500
postgres,1,insert_emb,-,7914,0,0.005365700
postgres,1,generar_emb,-,7915,0,0.011699900
postgres,1,insert_emb,-,7915,0,0.005063900
postgres,1,generar_emb,-,7916,0,0.012846000
postgres,1,insert_emb,-,7916,0,0.005118200
postgres,1,generar_emb,-,7917,0,0.012947100
postgres,1,insert_emb,-,7917,0,0.005548500
postgres,1,generar_emb,-,7918,0,0.013652300
postgres,1,insert_emb,-,7918,0,0.005184600
postgres,1,generar_emb,-,7919,0,0.012637100
postgres,1,insert_emb,-,7919,0,0.005216200
postgres,1,generar_emb,-,7920,0,0.013536500
postgres,1,insert_emb,-,7920,0,0.005378000
postgres,1,generar_emb,-,7921,0,0.014093000
postgres,1,insert_emb,-,7921,0,0.005284000
postgres,1,generar_emb,-,7922,0,0.014302600
postgres,1,insert_emb,-,7922,0,0.005058000
postgres,1,generar_emb,-,7923,0,0.015472000
postgres,1,insert_emb,-,7923,0,0.005171600
postgres,1,generar_emb,-,7924,0,0.014444300
postgres,1,insert_emb,-,7924,0,0.005242800
postgres,1,generar_emb,-,7925,0,0.013730300
postgres,1,insert_emb,-,7925,0,0.005621300
postgres,1,generar_emb,-,7926,0,0.012007700
postgres,1,insert_emb,-,7926,0,0.005353900
postgres,1,generar_emb,-,7927,0,0.014890900
postgres,1,insert_emb,-,7927,0,0.005707300
postgres,1,generar_emb,-,7928,0,0.012909100
postgres,1,insert_emb,-,7928,0,0.005416100
postgres,1,generar_emb,-,7929,0,0.012091800
postgres,1,insert_emb,-,7929,0,0.005412200
postgres,1,generar_emb,-,7930,0,0.014572700
postgres,1,insert_emb,-,7930,0,0.005721400
postgres,1,generar_emb,-,7931,0,0.013550100
postgres,1,insert_emb,-,7931,0,0.005681600
postgres,1,generar_emb,-,7932,0,0.013717400
postgres,1,insert_emb,-,7932,0,0.005861000
postgres,1,generar_emb,-,7933,0,0.015255900
postgres,1,insert_emb,-,7933,0,0.005744900
postgres,1,generar_emb,-,7934,0,0.014337600
postgres,1,insert_emb,-,7934,0,0.005545200
postgres,1,generar_emb,-,7935,0,0.013434900
postgres,1,insert_emb,-,7935,0,0.005393800
postgres,1,generar_emb,-,7936,0,0.013690700
postgres,1,insert_emb,-,7936,0,0.005429200
postgres,1,generar_emb,-,7937,0,0.013041900
postgres,1,insert_emb,-,7937,0,0.005048500
postgres,1,generar_emb,-,7938,0,0.013118200
postgres,1,insert_emb,-,7938,0,0.005532000
postgres,1,generar_emb,-,7939,0,0.013042300
postgres,1,insert_emb,-,7939,0,0.005328300
postgres,1,generar_emb,-,7940,0,0.012652700
postgres,1,insert_emb,-,7940,0,0.005303600
postgres,1,generar_emb,-,7941,0,0.012855900
postgres,1,insert_emb,-,7941,0,0.005192100
postgres,1,generar_emb,-,7942,0,0.013779200
postgres,1,insert_emb,-,7942,0,0.005559700
postgres,1,generar_emb,-,7943,0,0.011668800
postgres,1,insert_emb,-,7943,0,0.005658600
postgres,1,generar_emb,-,7944,0,0.012124700
postgres,1,insert_emb,-,7944,0,0.005521800
postgres,1,generar_emb,-,7945,0,0.012767200
postgres,1,insert_emb,-,7945,0,0.005523400
postgres,1,generar_emb,-,7946,0,0.012369000
postgres,1,insert_emb,-,7946,0,0.005168700
postgres,1,generar_emb,-,7947,0,0.011898600
postgres,1,insert_emb,-,7947,0,0.005212800
postgres,1,generar_emb,-,7948,0,0.016482400
postgres,1,insert_emb,-,7948,0,0.005270300
postgres,1,generar_emb,-,7949,0,0.013903000
postgres,1,insert_emb,-,7949,0,0.005591700
postgres,1,generar_emb,-,7950,0,0.016362500
postgres,1,insert_emb,-,7950,0,0.005880300
postgres,1,generar_emb,-,7951,0,0.013683900
postgres,1,insert_emb,-,7951,0,0.005393800
postgres,1,generar_emb,-,7952,0,0.012014200
postgres,1,insert_emb,-,7952,0,0.005476100
postgres,1,generar_emb,-,7953,0,0.012308000
postgres,1,insert_emb,-,7953,0,0.005735900
postgres,1,generar_emb,-,7954,0,0.012903100
postgres,1,insert_emb,-,7954,0,0.005869400
postgres,1,generar_emb,-,7955,0,0.014603600
postgres,1,insert_emb,-,7955,0,0.005281500
postgres,1,generar_emb,-,7956,0,0.013582100
postgres,1,insert_emb,-,7956,0,0.005273300
postgres,1,generar_emb,-,7957,0,0.012134200
postgres,1,insert_emb,-,7957,0,0.005524400
postgres,1,generar_emb,-,7958,0,0.014373500
postgres,1,insert_emb,-,7958,0,0.005552900
postgres,1,generar_emb,-,7959,0,0.013839400
postgres,1,insert_emb,-,7959,0,0.005498300
postgres,1,generar_emb,-,7960,0,0.016479000
postgres,1,insert_emb,-,7960,0,0.005314400
postgres,1,generar_emb,-,7961,0,0.015119100
postgres,1,insert_emb,-,7961,0,0.005733800
postgres,1,generar_emb,-,7962,0,0.013265200
postgres,1,insert_emb,-,7962,0,0.005362300
postgres,1,generar_emb,-,7963,0,0.013624800
postgres,1,insert_emb,-,7963,0,0.005560300
postgres,1,generar_emb,-,7964,0,0.014513500
postgres,1,insert_emb,-,7964,0,0.005297100
postgres,1,generar_emb,-,7965,0,0.013293300
postgres,1,insert_emb,-,7965,0,0.005377600
postgres,1,generar_emb,-,7966,0,0.011431000
postgres,1,insert_emb,-,7966,0,0.005462200
postgres,1,generar_emb,-,7967,0,0.017600600
postgres,1,insert_emb,-,7967,0,0.006357800
postgres,1,generar_emb,-,7968,0,0.011974400
postgres,1,insert_emb,-,7968,0,0.005367900
postgres,1,generar_emb,-,7969,0,0.012052000
postgres,1,insert_emb,-,7969,0,0.005785000
postgres,1,generar_emb,-,7970,0,0.013304000
postgres,1,insert_emb,-,7970,0,0.005488600
postgres,1,generar_emb,-,7971,0,0.013089200
postgres,1,insert_emb,-,7971,0,0.005495100
postgres,1,generar_emb,-,7972,0,0.014971500
postgres,1,insert_emb,-,7972,0,0.005501200
postgres,1,generar_emb,-,7973,0,0.016191800
postgres,1,insert_emb,-,7973,0,0.005464600
postgres,1,generar_emb,-,7974,0,0.012414900
postgres,1,insert_emb,-,7974,0,0.005485000
postgres,1,generar_emb,-,7975,0,0.010990200
postgres,1,insert_emb,-,7975,0,0.005799600
postgres,1,generar_emb,-,7976,0,0.016403100
postgres,1,insert_emb,-,7976,0,0.005824700
postgres,1,generar_emb,-,7977,0,0.012487100
postgres,1,insert_emb,-,7977,0,0.005572600
postgres,1,generar_emb,-,7978,0,0.011354300
postgres,1,insert_emb,-,7978,0,0.005620600
postgres,1,generar_emb,-,7979,0,0.011438100
postgres,1,insert_emb,-,7979,0,0.005855000
postgres,1,generar_emb,-,7980,0,0.011304700
postgres,1,insert_emb,-,7980,0,0.005711300
postgres,1,generar_emb,-,7981,0,0.011483900
postgres,1,insert_emb,-,7981,0,0.005464900
postgres,1,generar_emb,-,7982,0,0.011563700
postgres,1,insert_emb,-,7982,0,0.005835100
postgres,1,generar_emb,-,7983,0,0.012105500
postgres,1,insert_emb,-,7983,0,0.006093000
postgres,1,generar_emb,-,7984,0,0.010886800
postgres,1,insert_emb,-,7984,0,0.005607400
postgres,1,generar_emb,-,7985,0,0.013131400
postgres,1,insert_emb,-,7985,0,0.005695900
postgres,1,generar_emb,-,7986,0,0.014207600
postgres,1,insert_emb,-,7986,0,0.005302500
postgres,1,generar_emb,-,7987,0,0.014795400
postgres,1,insert_emb,-,7987,0,0.005436600
postgres,1,generar_emb,-,7988,0,0.012115300
postgres,1,insert_emb,-,7988,0,0.005280700
postgres,1,generar_emb,-,7989,0,0.013555100
postgres,1,insert_emb,-,7989,0,0.005591100
postgres,1,generar_emb,-,7990,0,0.011892900
postgres,1,insert_emb,-,7990,0,0.005392100
postgres,1,generar_emb,-,7991,0,0.010738600
postgres,1,insert_emb,-,7991,0,0.005345400
postgres,1,generar_emb,-,7992,0,0.010714000
postgres,1,insert_emb,-,7992,0,0.005092000
postgres,1,generar_emb,-,7993,0,0.012841600
postgres,1,insert_emb,-,7993,0,0.005309300
postgres,1,generar_emb,-,7994,0,0.011491300
postgres,1,insert_emb,-,7994,0,0.005405000
postgres,1,generar_emb,-,7995,0,0.010909300
postgres,1,insert_emb,-,7995,0,0.005273600
postgres,1,generar_emb,-,7996,0,0.012146900
postgres,1,insert_emb,-,7996,0,0.005426200
postgres,1,generar_emb,-,7997,0,0.011663600
postgres,1,insert_emb,-,7997,0,0.005564400
postgres,1,generar_emb,-,7998,0,0.012160500
postgres,1,insert_emb,-,7998,0,0.005281000
postgres,1,generar_emb,-,7999,0,0.011602400
postgres,1,insert_emb,-,7999,0,0.005538300
postgres,1,generar_emb,-,8000,0,0.013497100
postgres,1,insert_emb,-,8000,0,0.005627300
postgres,1,generar_emb,-,8001,0,0.011638400
postgres,1,insert_emb,-,8001,0,0.005285900
postgres,1,generar_emb,-,8002,0,0.012584200
postgres,1,insert_emb,-,8002,0,0.005187400
postgres,1,generar_emb,-,8003,0,0.011055700
postgres,1,insert_emb,-,8003,0,0.005262300
postgres,1,generar_emb,-,8004,0,0.014602200
postgres,1,insert_emb,-,8004,0,0.005525900
postgres,1,generar_emb,-,8005,0,0.012198400
postgres,1,insert_emb,-,8005,0,0.005420500
postgres,1,generar_emb,-,8006,0,0.012484400
postgres,1,insert_emb,-,8006,0,0.005788200
postgres,1,generar_emb,-,8007,0,0.013806700
postgres,1,insert_emb,-,8007,0,0.005561500
postgres,1,generar_emb,-,8008,0,0.011659200
postgres,1,insert_emb,-,8008,0,0.005023700
postgres,1,generar_emb,-,8009,0,0.012834900
postgres,1,insert_emb,-,8009,0,0.005559700
postgres,1,generar_emb,-,8010,0,0.012461400
postgres,1,insert_emb,-,8010,0,0.005853400
postgres,1,generar_emb,-,8011,0,0.011370300
postgres,1,insert_emb,-,8011,0,0.005850600
postgres,1,generar_emb,-,8012,0,0.013260100
postgres,1,insert_emb,-,8012,0,0.005424600
postgres,1,generar_emb,-,8013,0,0.011525300
postgres,1,insert_emb,-,8013,0,0.005691500
postgres,1,generar_emb,-,8014,0,0.012268600
postgres,1,insert_emb,-,8014,0,0.005073400
postgres,1,generar_emb,-,8015,0,0.012546200
postgres,1,insert_emb,-,8015,0,0.005355200
postgres,1,generar_emb,-,8016,0,0.011204800
postgres,1,insert_emb,-,8016,0,0.005129400
postgres,1,generar_emb,-,8017,0,0.011803500
postgres,1,insert_emb,-,8017,0,0.005583700
postgres,1,generar_emb,-,8018,0,0.011131100
postgres,1,insert_emb,-,8018,0,0.005087400
postgres,1,generar_emb,-,8019,0,0.011107500
postgres,1,insert_emb,-,8019,0,0.005107400
postgres,1,generar_emb,-,8020,0,0.011142200
postgres,1,insert_emb,-,8020,0,0.005346700
postgres,1,generar_emb,-,8021,0,0.011028300
postgres,1,insert_emb,-,8021,0,0.005242300
postgres,1,generar_emb,-,8022,0,0.011174300
postgres,1,insert_emb,-,8022,0,0.005099900
postgres,1,generar_emb,-,8023,0,0.012980700
postgres,1,insert_emb,-,8023,0,0.005231600
postgres,1,generar_emb,-,8024,0,0.012399700
postgres,1,insert_emb,-,8024,0,0.005061600
postgres,1,generar_emb,-,8025,0,0.015020800
postgres,1,insert_emb,-,8025,0,0.005799400
postgres,1,generar_emb,-,8026,0,0.012333700
postgres,1,insert_emb,-,8026,0,0.005766900
postgres,1,generar_emb,-,8027,0,0.012457400
postgres,1,insert_emb,-,8027,0,0.005757700
postgres,1,generar_emb,-,8028,0,0.012220800
postgres,1,insert_emb,-,8028,0,0.005884000
postgres,1,generar_emb,-,8029,0,0.011375300
postgres,1,insert_emb,-,8029,0,0.005276200
postgres,1,generar_emb,-,8030,0,0.014533500
postgres,1,insert_emb,-,8030,0,0.005765000
postgres,1,generar_emb,-,8031,0,0.012407300
postgres,1,insert_emb,-,8031,0,0.005419400
postgres,1,generar_emb,-,8032,0,0.012030200
postgres,1,insert_emb,-,8032,0,0.005304500
postgres,1,generar_emb,-,8033,0,0.011618000
postgres,1,insert_emb,-,8033,0,0.005090800
postgres,1,generar_emb,-,8034,0,0.013710700
postgres,1,insert_emb,-,8034,0,0.005295600
postgres,1,generar_emb,-,8035,0,0.011651700
postgres,1,insert_emb,-,8035,0,0.005692200
postgres,1,generar_emb,-,8036,0,0.011662200
postgres,1,insert_emb,-,8036,0,0.005524800
postgres,1,generar_emb,-,8037,0,0.011794800
postgres,1,insert_emb,-,8037,0,0.005396600
postgres,1,generar_emb,-,8038,0,0.012017700
postgres,1,insert_emb,-,8038,0,0.005542800
postgres,1,generar_emb,-,8039,0,0.013434500
postgres,1,insert_emb,-,8039,0,0.005678000
postgres,1,generar_emb,-,8040,0,0.013920600
postgres,1,insert_emb,-,8040,0,0.005822800
postgres,1,generar_emb,-,8041,0,0.013745300
postgres,1,insert_emb,-,8041,0,0.005606400
postgres,1,generar_emb,-,8042,0,0.012353500
postgres,1,insert_emb,-,8042,0,0.005444000
postgres,1,generar_emb,-,8043,0,0.014167100
postgres,1,insert_emb,-,8043,0,0.005528900
postgres,1,generar_emb,-,8044,0,0.012553300
postgres,1,insert_emb,-,8044,0,0.005252700
postgres,1,generar_emb,-,8045,0,0.012866200
postgres,1,insert_emb,-,8045,0,0.005147500
postgres,1,generar_emb,-,8046,0,0.012957300
postgres,1,insert_emb,-,8046,0,0.005469200
postgres,1,generar_emb,-,8047,0,0.012487100
postgres,1,insert_emb,-,8047,0,0.005600100
postgres,1,generar_emb,-,8048,0,0.011633900
postgres,1,insert_emb,-,8048,0,0.005659100
postgres,1,generar_emb,-,8049,0,0.011987000
postgres,1,insert_emb,-,8049,0,0.005322000
postgres,1,generar_emb,-,8050,0,0.010941300
postgres,1,insert_emb,-,8050,0,0.005397900
postgres,1,generar_emb,-,8051,0,0.012273500
postgres,1,insert_emb,-,8051,0,0.005412800
postgres,1,generar_emb,-,8052,0,0.011546900
postgres,1,insert_emb,-,8052,0,0.005360800
postgres,1,generar_emb,-,8053,0,0.015457000
postgres,1,insert_emb,-,8053,0,0.005878600
postgres,1,generar_emb,-,8054,0,0.012541000
postgres,1,insert_emb,-,8054,0,0.005376300
postgres,1,generar_emb,-,8055,0,0.012379700
postgres,1,insert_emb,-,8055,0,0.005820700
postgres,1,generar_emb,-,8056,0,0.012523000
postgres,1,insert_emb,-,8056,0,0.005459700
postgres,1,generar_emb,-,8057,0,0.011022500
postgres,1,insert_emb,-,8057,0,0.005696600
postgres,1,generar_emb,-,8058,0,0.012941300
postgres,1,insert_emb,-,8058,0,0.005799900
postgres,1,generar_emb,-,8059,0,0.012402100
postgres,1,insert_emb,-,8059,0,0.005234300
postgres,1,generar_emb,-,8060,0,0.014228600
postgres,1,insert_emb,-,8060,0,0.005442000
postgres,1,generar_emb,-,8061,0,0.013922900
postgres,1,insert_emb,-,8061,0,0.005596000
postgres,1,generar_emb,-,8062,0,0.012805600
postgres,1,insert_emb,-,8062,0,0.005412900
postgres,1,generar_emb,-,8063,0,0.012704300
postgres,1,insert_emb,-,8063,0,0.005986100
postgres,1,generar_emb,-,8064,0,0.012530800
postgres,1,insert_emb,-,8064,0,0.005467500
postgres,1,generar_emb,-,8065,0,0.011616500
postgres,1,insert_emb,-,8065,0,0.005304900
postgres,1,generar_emb,-,8066,0,0.015746600
postgres,1,insert_emb,-,8066,0,0.006315400
postgres,1,generar_emb,-,8067,0,0.012359600
postgres,1,insert_emb,-,8067,0,0.005333700
postgres,1,generar_emb,-,8068,0,0.011876800
postgres,1,insert_emb,-,8068,0,0.005438700
postgres,1,generar_emb,-,8069,0,0.012903700
postgres,1,insert_emb,-,8069,0,0.005481800
postgres,1,generar_emb,-,8070,0,0.012529600
postgres,1,insert_emb,-,8070,0,0.005937000
postgres,1,generar_emb,-,8071,0,0.013681600
postgres,1,insert_emb,-,8071,0,0.005871800
postgres,1,generar_emb,-,8072,0,0.014305600
postgres,1,insert_emb,-,8072,0,0.005945400
postgres,1,generar_emb,-,8073,0,0.013189600
postgres,1,insert_emb,-,8073,0,0.005725500
postgres,1,generar_emb,-,8074,0,0.011978300
postgres,1,insert_emb,-,8074,0,0.006176800
postgres,1,generar_emb,-,8075,0,0.013192700
postgres,1,insert_emb,-,8075,0,0.006025200
postgres,1,generar_emb,-,8076,0,0.012394400
postgres,1,insert_emb,-,8076,0,0.006045400
postgres,1,generar_emb,-,8077,0,0.013113700
postgres,1,insert_emb,-,8077,0,0.005541600
postgres,1,generar_emb,-,8078,0,0.012043400
postgres,1,insert_emb,-,8078,0,0.005518700
postgres,1,generar_emb,-,8079,0,0.010595100
postgres,1,insert_emb,-,8079,0,0.005434900
postgres,1,generar_emb,-,8080,0,0.012709300
postgres,1,insert_emb,-,8080,0,0.005897200
postgres,1,generar_emb,-,8081,0,0.011981900
postgres,1,insert_emb,-,8081,0,0.005935100
postgres,1,generar_emb,-,8082,0,0.012561600
postgres,1,insert_emb,-,8082,0,0.005772400
postgres,1,generar_emb,-,8083,0,0.012426600
postgres,1,insert_emb,-,8083,0,0.005762800
postgres,1,generar_emb,-,8084,0,0.014523800
postgres,1,insert_emb,-,8084,0,0.005464900
postgres,1,generar_emb,-,8085,0,0.012526500
postgres,1,insert_emb,-,8085,0,0.005428500
postgres,1,generar_emb,-,8086,0,0.014022500
postgres,1,insert_emb,-,8086,0,0.005764200
postgres,1,generar_emb,-,8087,0,0.011088100
postgres,1,insert_emb,-,8087,0,0.005772500
postgres,1,generar_emb,-,8088,0,0.012236200
postgres,1,insert_emb,-,8088,0,0.005857300
postgres,1,generar_emb,-,8089,0,0.012887700
postgres,1,insert_emb,-,8089,0,0.005190100
postgres,1,generar_emb,-,8090,0,0.013644500
postgres,1,insert_emb,-,8090,0,0.005507800
postgres,1,generar_emb,-,8091,0,0.012324300
postgres,1,insert_emb,-,8091,0,0.005510000
postgres,1,generar_emb,-,8092,0,0.012597500
postgres,1,insert_emb,-,8092,0,0.005402400
postgres,1,generar_emb,-,8093,0,0.012413500
postgres,1,insert_emb,-,8093,0,0.005374100
postgres,1,generar_emb,-,8094,0,0.013286700
postgres,1,insert_emb,-,8094,0,0.005344100
postgres,1,generar_emb,-,8095,0,0.012220300
postgres,1,insert_emb,-,8095,0,0.005448000
postgres,1,generar_emb,-,8096,0,0.011873100
postgres,1,insert_emb,-,8096,0,0.005876600
postgres,1,generar_emb,-,8097,0,0.011872500
postgres,1,insert_emb,-,8097,0,0.005445200
postgres,1,generar_emb,-,8098,0,0.013133000
postgres,1,insert_emb,-,8098,0,0.005614800
postgres,1,generar_emb,-,8099,0,0.015089000
postgres,1,insert_emb,-,8099,0,0.005535400
postgres,1,generar_emb,-,8100,0,0.012253900
postgres,1,insert_emb,-,8100,0,0.005546000
postgres,1,generar_emb,-,8101,0,0.011997000
postgres,1,insert_emb,-,8101,0,0.005375700
postgres,1,generar_emb,-,8102,0,0.011201100
postgres,1,insert_emb,-,8102,0,0.005831500
postgres,1,generar_emb,-,8103,0,0.011368200
postgres,1,insert_emb,-,8103,0,0.005558100
postgres,1,generar_emb,-,8104,0,0.014598900
postgres,1,insert_emb,-,8104,0,0.005395800
postgres,1,generar_emb,-,8105,0,0.013419500
postgres,1,insert_emb,-,8105,0,0.005319800
postgres,1,generar_emb,-,8106,0,0.013132400
postgres,1,insert_emb,-,8106,0,0.005653300
postgres,1,generar_emb,-,8107,0,0.012614600
postgres,1,insert_emb,-,8107,0,0.005390700
postgres,1,generar_emb,-,8108,0,0.015816600
postgres,1,insert_emb,-,8108,0,0.005259400
postgres,1,generar_emb,-,8109,0,0.011821700
postgres,1,insert_emb,-,8109,0,0.005106200
postgres,1,generar_emb,-,8110,0,0.013604000
postgres,1,insert_emb,-,8110,0,0.005558400
postgres,1,generar_emb,-,8111,0,0.013503800
postgres,1,insert_emb,-,8111,0,0.005470600
postgres,1,generar_emb,-,8112,0,0.011442800
postgres,1,insert_emb,-,8112,0,0.005601300
postgres,1,generar_emb,-,8113,0,0.011713400
postgres,1,insert_emb,-,8113,0,0.005381000
postgres,1,generar_emb,-,8114,0,0.011229500
postgres,1,insert_emb,-,8114,0,0.005418900
postgres,1,generar_emb,-,8115,0,0.012428600
postgres,1,insert_emb,-,8115,0,0.006001500
postgres,1,generar_emb,-,8116,0,0.010549000
postgres,1,insert_emb,-,8116,0,0.005404100
postgres,1,generar_emb,-,8117,0,0.013700300
postgres,1,insert_emb,-,8117,0,0.005395600
postgres,1,generar_emb,-,8118,0,0.013894400
postgres,1,insert_emb,-,8118,0,0.005267200
postgres,1,generar_emb,-,8119,0,0.016926900
postgres,1,insert_emb,-,8119,0,0.005553700
postgres,1,generar_emb,-,8120,0,0.012836500
postgres,1,insert_emb,-,8120,0,0.005719100
postgres,1,generar_emb,-,8121,0,0.011949200
postgres,1,insert_emb,-,8121,0,0.005543500
postgres,1,generar_emb,-,8122,0,0.012141900
postgres,1,insert_emb,-,8122,0,0.005222200
postgres,1,generar_emb,-,8123,0,0.012803300
postgres,1,insert_emb,-,8123,0,0.005959100
postgres,1,generar_emb,-,8124,0,0.010707100
postgres,1,insert_emb,-,8124,0,0.005345600
postgres,1,generar_emb,-,8125,0,0.012815200
postgres,1,insert_emb,-,8125,0,0.005547100
postgres,1,generar_emb,-,8126,0,0.012960900
postgres,1,insert_emb,-,8126,0,0.005414300
postgres,1,generar_emb,-,8127,0,0.011390700
postgres,1,insert_emb,-,8127,0,0.005368100
postgres,1,generar_emb,-,8128,0,0.012073900
postgres,1,insert_emb,-,8128,0,0.005743200
postgres,1,generar_emb,-,8129,0,0.011937400
postgres,1,insert_emb,-,8129,0,0.005584900
postgres,1,generar_emb,-,8130,0,0.012350400
postgres,1,insert_emb,-,8130,0,0.005535400
postgres,1,generar_emb,-,8131,0,0.012333200
postgres,1,insert_emb,-,8131,0,0.005705000
postgres,1,generar_emb,-,8132,0,0.012718100
postgres,1,insert_emb,-,8132,0,0.005645000
postgres,1,generar_emb,-,8133,0,0.014133900
postgres,1,insert_emb,-,8133,0,0.005604600
postgres,1,generar_emb,-,8134,0,0.012963600
postgres,1,insert_emb,-,8134,0,0.005879700
postgres,1,generar_emb,-,8135,0,0.010756700
postgres,1,insert_emb,-,8135,0,0.005657200
postgres,1,generar_emb,-,8136,0,0.012690800
postgres,1,insert_emb,-,8136,0,0.005907200
postgres,1,generar_emb,-,8137,0,0.011536800
postgres,1,insert_emb,-,8137,0,0.005399800
postgres,1,generar_emb,-,8138,0,0.012723700
postgres,1,insert_emb,-,8138,0,0.005487800
postgres,1,generar_emb,-,8139,0,0.012161900
postgres,1,insert_emb,-,8139,0,0.005718400
postgres,1,generar_emb,-,8140,0,0.010986300
postgres,1,insert_emb,-,8140,0,0.005707300
postgres,1,generar_emb,-,8141,0,0.012463300
postgres,1,insert_emb,-,8141,0,0.005362300
postgres,1,generar_emb,-,8142,0,0.013254600
postgres,1,insert_emb,-,8142,0,0.005462100
postgres,1,generar_emb,-,8143,0,0.012854500
postgres,1,insert_emb,-,8143,0,0.005543600
postgres,1,generar_emb,-,8144,0,0.014040900
postgres,1,insert_emb,-,8144,0,0.005967900
postgres,1,generar_emb,-,8145,0,0.012680500
postgres,1,insert_emb,-,8145,0,0.006015100
postgres,1,generar_emb,-,8146,0,0.012704500
postgres,1,insert_emb,-,8146,0,0.005610700
postgres,1,generar_emb,-,8147,0,0.012530100
postgres,1,insert_emb,-,8147,0,0.005662000
postgres,1,generar_emb,-,8148,0,0.013634600
postgres,1,insert_emb,-,8148,0,0.006347800
postgres,1,generar_emb,-,8149,0,0.013386500
postgres,1,insert_emb,-,8149,0,0.005812100
postgres,1,generar_emb,-,8150,0,0.012307900
postgres,1,insert_emb,-,8150,0,0.006020200
postgres,1,generar_emb,-,8151,0,0.012223000
postgres,1,insert_emb,-,8151,0,0.005262900
postgres,1,generar_emb,-,8152,0,0.011370200
postgres,1,insert_emb,-,8152,0,0.005335300
postgres,1,generar_emb,-,8153,0,0.011810300
postgres,1,insert_emb,-,8153,0,0.006062000
postgres,1,generar_emb,-,8154,0,0.010888700
postgres,1,insert_emb,-,8154,0,0.005559400
postgres,1,generar_emb,-,8155,0,0.011535700
postgres,1,insert_emb,-,8155,0,0.005466400
postgres,1,generar_emb,-,8156,0,0.011484900
postgres,1,insert_emb,-,8156,0,0.005179200
postgres,1,generar_emb,-,8157,0,0.012057200
postgres,1,insert_emb,-,8157,0,0.005319000
postgres,1,generar_emb,-,8158,0,0.011474700
postgres,1,insert_emb,-,8158,0,0.005282000
postgres,1,generar_emb,-,8159,0,0.012610700
postgres,1,insert_emb,-,8159,0,0.006205300
postgres,1,generar_emb,-,8160,0,0.011616500
postgres,1,insert_emb,-,8160,0,0.005850600
postgres,1,generar_emb,-,8161,0,0.011460800
postgres,1,insert_emb,-,8161,0,0.005357800
postgres,1,generar_emb,-,8162,0,0.010791200
postgres,1,insert_emb,-,8162,0,0.005375000
postgres,1,generar_emb,-,8163,0,0.012135500
postgres,1,insert_emb,-,8163,0,0.005326400
postgres,1,generar_emb,-,8164,0,0.012443900
postgres,1,insert_emb,-,8164,0,0.005671000
postgres,1,generar_emb,-,8165,0,0.013056400
postgres,1,insert_emb,-,8165,0,0.006109000
postgres,1,generar_emb,-,8166,0,0.011107100
postgres,1,insert_emb,-,8166,0,0.005785600
postgres,1,generar_emb,-,8167,0,0.011487600
postgres,1,insert_emb,-,8167,0,0.005301600
postgres,1,generar_emb,-,8168,0,0.017373800
postgres,1,insert_emb,-,8168,0,0.006826500
postgres,1,generar_emb,-,8169,0,0.014286300
postgres,1,insert_emb,-,8169,0,0.005218500
postgres,1,generar_emb,-,8170,0,0.013290700
postgres,1,insert_emb,-,8170,0,0.005457000
postgres,1,generar_emb,-,8171,0,0.012365800
postgres,1,insert_emb,-,8171,0,0.005350400
postgres,1,generar_emb,-,8172,0,0.012428600
postgres,1,insert_emb,-,8172,0,0.005506200
postgres,1,generar_emb,-,8173,0,0.011655700
postgres,1,insert_emb,-,8173,0,0.005794600
postgres,1,generar_emb,-,8174,0,0.012829700
postgres,1,insert_emb,-,8174,0,0.006182600
postgres,1,generar_emb,-,8175,0,0.011721400
postgres,1,insert_emb,-,8175,0,0.005683000
postgres,1,generar_emb,-,8176,0,0.011024400
postgres,1,insert_emb,-,8176,0,0.005528000
postgres,1,generar_emb,-,8177,0,0.012379000
postgres,1,insert_emb,-,8177,0,0.005645600
postgres,1,generar_emb,-,8178,0,0.011710000
postgres,1,insert_emb,-,8178,0,0.005396900
postgres,1,generar_emb,-,8179,0,0.011585500
postgres,1,insert_emb,-,8179,0,0.005441600
postgres,1,generar_emb,-,8180,0,0.011659300
postgres,1,insert_emb,-,8180,0,0.005408900
postgres,1,generar_emb,-,8181,0,0.011780500
postgres,1,insert_emb,-,8181,0,0.005296700
postgres,1,generar_emb,-,8182,0,0.010521700
postgres,1,insert_emb,-,8182,0,0.005056800
postgres,1,generar_emb,-,8183,0,0.011520700
postgres,1,insert_emb,-,8183,0,0.005151300
postgres,1,generar_emb,-,8184,0,0.013448700
postgres,1,insert_emb,-,8184,0,0.005559700
postgres,1,generar_emb,-,8185,0,0.012250700
postgres,1,insert_emb,-,8185,0,0.005499100
postgres,1,generar_emb,-,8186,0,0.012155700
postgres,1,insert_emb,-,8186,0,0.005233100
postgres,1,generar_emb,-,8187,0,0.011647000
postgres,1,insert_emb,-,8187,0,0.005131600
postgres,1,generar_emb,-,8188,0,0.012006200
postgres,1,insert_emb,-,8188,0,0.005360400
postgres,1,generar_emb,-,8189,0,0.016316500
postgres,1,insert_emb,-,8189,0,0.005175000
postgres,1,generar_emb,-,8190,0,0.014566300
postgres,1,insert_emb,-,8190,0,0.005792400
postgres,1,generar_emb,-,8191,0,0.011925700
postgres,1,insert_emb,-,8191,0,0.005845900
postgres,1,generar_emb,-,8192,0,0.012060000
postgres,1,insert_emb,-,8192,0,0.005397600
postgres,1,generar_emb,-,8193,0,0.013486600
postgres,1,insert_emb,-,8193,0,0.005557400
postgres,1,generar_emb,-,8194,0,0.012448700
postgres,1,insert_emb,-,8194,0,0.005383400
postgres,1,generar_emb,-,8195,0,0.013046600
postgres,1,insert_emb,-,8195,0,0.005787100
postgres,1,generar_emb,-,8196,0,0.015305000
postgres,1,insert_emb,-,8196,0,0.005764600
postgres,1,generar_emb,-,8197,0,0.013454300
postgres,1,insert_emb,-,8197,0,0.005703100
postgres,1,generar_emb,-,8198,0,0.012813100
postgres,1,insert_emb,-,8198,0,0.005479100
postgres,1,generar_emb,-,8199,0,0.011715100
postgres,1,insert_emb,-,8199,0,0.005602500
postgres,1,generar_emb,-,8200,0,0.010740000
postgres,1,insert_emb,-,8200,0,0.005763800
postgres,1,generar_emb,-,8201,0,0.012603000
postgres,1,insert_emb,-,8201,0,0.005109800
postgres,1,generar_emb,-,8202,0,0.012842800
postgres,1,insert_emb,-,8202,0,0.005221500
postgres,1,generar_emb,-,8203,0,0.014034100
postgres,1,insert_emb,-,8203,0,0.005196800
postgres,1,generar_emb,-,8204,0,0.012572300
postgres,1,insert_emb,-,8204,0,0.005676600
postgres,1,generar_emb,-,8205,0,0.013782800
postgres,1,insert_emb,-,8205,0,0.005403600
postgres,1,generar_emb,-,8206,0,0.012680000
postgres,1,insert_emb,-,8206,0,0.005132200
postgres,1,generar_emb,-,8207,0,0.013872600
postgres,1,insert_emb,-,8207,0,0.005113200
postgres,1,generar_emb,-,8208,0,0.011553100
postgres,1,insert_emb,-,8208,0,0.005241800
postgres,1,generar_emb,-,8209,0,0.014617600
postgres,1,insert_emb,-,8209,0,0.004957400
postgres,1,generar_emb,-,8210,0,0.011658500
postgres,1,insert_emb,-,8210,0,0.005377100
postgres,1,generar_emb,-,8211,0,0.015833700
postgres,1,insert_emb,-,8211,0,0.005972300
postgres,1,generar_emb,-,8212,0,0.013027600
postgres,1,insert_emb,-,8212,0,0.005482600
postgres,1,generar_emb,-,8213,0,0.012628800
postgres,1,insert_emb,-,8213,0,0.005048700
postgres,1,generar_emb,-,8214,0,0.013234900
postgres,1,insert_emb,-,8214,0,0.005175600
postgres,1,generar_emb,-,8215,0,0.012531300
postgres,1,insert_emb,-,8215,0,0.005893400
postgres,1,generar_emb,-,8216,0,0.012512400
postgres,1,insert_emb,-,8216,0,0.005009700
postgres,1,generar_emb,-,8217,0,0.013692900
postgres,1,insert_emb,-,8217,0,0.005409000
postgres,1,generar_emb,-,8218,0,0.014333700
postgres,1,insert_emb,-,8218,0,0.005130300
postgres,1,generar_emb,-,8219,0,0.013131300
postgres,1,insert_emb,-,8219,0,0.005465800
postgres,1,generar_emb,-,8220,0,0.011275300
postgres,1,insert_emb,-,8220,0,0.005539400
postgres,1,generar_emb,-,8221,0,0.011031200
postgres,1,insert_emb,-,8221,0,0.005113300
postgres,1,generar_emb,-,8222,0,0.011907800
postgres,1,insert_emb,-,8222,0,0.005358500
postgres,1,generar_emb,-,8223,0,0.015779200
postgres,1,insert_emb,-,8223,0,0.005267500
postgres,1,generar_emb,-,8224,0,0.011427600
postgres,1,insert_emb,-,8224,0,0.005305300
postgres,1,generar_emb,-,8225,0,0.011811000
postgres,1,insert_emb,-,8225,0,0.005661900
postgres,1,generar_emb,-,8226,0,0.013207600
postgres,1,insert_emb,-,8226,0,0.005771000
postgres,1,generar_emb,-,8227,0,0.014249400
postgres,1,insert_emb,-,8227,0,0.005867500
postgres,1,generar_emb,-,8228,0,0.011911600
postgres,1,insert_emb,-,8228,0,0.005372300
postgres,1,generar_emb,-,8229,0,0.011605900
postgres,1,insert_emb,-,8229,0,0.005583200
postgres,1,generar_emb,-,8230,0,0.012323500
postgres,1,insert_emb,-,8230,0,0.006234600
postgres,1,generar_emb,-,8231,0,0.011810500
postgres,1,insert_emb,-,8231,0,0.005335600
postgres,1,generar_emb,-,8232,0,0.012003800
postgres,1,insert_emb,-,8232,0,0.005572900
postgres,1,generar_emb,-,8233,0,0.014837200
postgres,1,insert_emb,-,8233,0,0.006342600
postgres,1,generar_emb,-,8234,0,0.014252600
postgres,1,insert_emb,-,8234,0,0.005826400
postgres,1,generar_emb,-,8235,0,0.013510100
postgres,1,insert_emb,-,8235,0,0.005780000
postgres,1,generar_emb,-,8236,0,0.012474200
postgres,1,insert_emb,-,8236,0,0.005735700
postgres,1,generar_emb,-,8237,0,0.015123000
postgres,1,insert_emb,-,8237,0,0.005714500
postgres,1,generar_emb,-,8238,0,0.013826300
postgres,1,insert_emb,-,8238,0,0.005759600
postgres,1,generar_emb,-,8239,0,0.011554200
postgres,1,insert_emb,-,8239,0,0.005448300
postgres,1,generar_emb,-,8240,0,0.010312400
postgres,1,insert_emb,-,8240,0,0.005393000
postgres,1,generar_emb,-,8241,0,0.014594400
postgres,1,insert_emb,-,8241,0,0.005477800
postgres,1,generar_emb,-,8242,0,0.011942900
postgres,1,insert_emb,-,8242,0,0.005114300
postgres,1,generar_emb,-,8243,0,0.010904300
postgres,1,insert_emb,-,8243,0,0.005509700
postgres,1,generar_emb,-,8244,0,0.011759400
postgres,1,insert_emb,-,8244,0,0.005545600
postgres,1,generar_emb,-,8245,0,0.011572000
postgres,1,insert_emb,-,8245,0,0.005451800
postgres,1,generar_emb,-,8246,0,0.013076600
postgres,1,insert_emb,-,8246,0,0.005476600
postgres,1,generar_emb,-,8247,0,0.011166200
postgres,1,insert_emb,-,8247,0,0.005419400
postgres,1,generar_emb,-,8248,0,0.010974600
postgres,1,insert_emb,-,8248,0,0.005229900
postgres,1,generar_emb,-,8249,0,0.013207900
postgres,1,insert_emb,-,8249,0,0.005733100
postgres,1,generar_emb,-,8250,0,0.017108900
postgres,1,insert_emb,-,8250,0,0.006466900
postgres,1,generar_emb,-,8251,0,0.012978900
postgres,1,insert_emb,-,8251,0,0.005838500
postgres,1,generar_emb,-,8252,0,0.015093600
postgres,1,insert_emb,-,8252,0,0.005456200
postgres,1,generar_emb,-,8253,0,0.014014300
postgres,1,insert_emb,-,8253,0,0.005462900
postgres,1,generar_emb,-,8254,0,0.012631100
postgres,1,insert_emb,-,8254,0,0.005428700
postgres,1,generar_emb,-,8255,0,0.015598700
postgres,1,insert_emb,-,8255,0,0.005741500
postgres,1,generar_emb,-,8256,0,0.014405600
postgres,1,insert_emb,-,8256,0,0.005656600
postgres,1,generar_emb,-,8257,0,0.013413700
postgres,1,insert_emb,-,8257,0,0.005414300
postgres,1,generar_emb,-,8258,0,0.012020700
postgres,1,insert_emb,-,8258,0,0.005577600
postgres,1,generar_emb,-,8259,0,0.013825700
postgres,1,insert_emb,-,8259,0,0.005456300
postgres,1,generar_emb,-,8260,0,0.012762400
postgres,1,insert_emb,-,8260,0,0.005425200
postgres,1,generar_emb,-,8261,0,0.012191100
postgres,1,insert_emb,-,8261,0,0.005134200
postgres,1,generar_emb,-,8262,0,0.011522400
postgres,1,insert_emb,-,8262,0,0.005118100
postgres,1,generar_emb,-,8263,0,0.013222800
postgres,1,insert_emb,-,8263,0,0.005242400
postgres,1,generar_emb,-,8264,0,0.012609400
postgres,1,insert_emb,-,8264,0,0.005152500
postgres,1,generar_emb,-,8265,0,0.013679700
postgres,1,insert_emb,-,8265,0,0.005662200
postgres,1,generar_emb,-,8266,0,0.013596000
postgres,1,insert_emb,-,8266,0,0.005660700
postgres,1,generar_emb,-,8267,0,0.010962700
postgres,1,insert_emb,-,8267,0,0.005126300
postgres,1,generar_emb,-,8268,0,0.014377800
postgres,1,insert_emb,-,8268,0,0.005154600
postgres,1,generar_emb,-,8269,0,0.009974500
postgres,1,insert_emb,-,8269,0,0.005406100
postgres,1,generar_emb,-,8270,0,0.011006000
postgres,1,insert_emb,-,8270,0,0.005832200
postgres,1,generar_emb,-,8271,0,0.011039600
postgres,1,insert_emb,-,8271,0,0.005597200
postgres,1,generar_emb,-,8272,0,0.011080000
postgres,1,insert_emb,-,8272,0,0.005555300
postgres,1,generar_emb,-,8273,0,0.012518600
postgres,1,insert_emb,-,8273,0,0.005476300
postgres,1,generar_emb,-,8274,0,0.012336200
postgres,1,insert_emb,-,8274,0,0.004875700
postgres,1,generar_emb,-,8275,0,0.012372300
postgres,1,insert_emb,-,8275,0,0.005450000
postgres,1,generar_emb,-,8276,0,0.011558500
postgres,1,insert_emb,-,8276,0,0.005175000
postgres,1,generar_emb,-,8277,0,0.011055300
postgres,1,insert_emb,-,8277,0,0.005721100
postgres,1,generar_emb,-,8278,0,0.012482300
postgres,1,insert_emb,-,8278,0,0.005388000
postgres,1,generar_emb,-,8279,0,0.011969900
postgres,1,insert_emb,-,8279,0,0.005107300
postgres,1,generar_emb,-,8280,0,0.013406700
postgres,1,insert_emb,-,8280,0,0.005706300
postgres,1,generar_emb,-,8281,0,0.012147700
postgres,1,insert_emb,-,8281,0,0.005552200
postgres,1,generar_emb,-,8282,0,0.016329100
postgres,1,insert_emb,-,8282,0,0.005613500
postgres,1,generar_emb,-,8283,0,0.012527700
postgres,1,insert_emb,-,8283,0,0.005158600
postgres,1,generar_emb,-,8284,0,0.011391700
postgres,1,insert_emb,-,8284,0,0.005231700
postgres,1,generar_emb,-,8285,0,0.011675400
postgres,1,insert_emb,-,8285,0,0.005657600
postgres,1,generar_emb,-,8286,0,0.012046500
postgres,1,insert_emb,-,8286,0,0.005156900
postgres,1,generar_emb,-,8287,0,0.011366200
postgres,1,insert_emb,-,8287,0,0.005555000
postgres,1,generar_emb,-,8288,0,0.011136200
postgres,1,insert_emb,-,8288,0,0.005342300
postgres,1,generar_emb,-,8289,0,0.010391400
postgres,1,insert_emb,-,8289,0,0.005366900
postgres,1,generar_emb,-,8290,0,0.011163400
postgres,1,insert_emb,-,8290,0,0.005880200
postgres,1,generar_emb,-,8291,0,0.012419600
postgres,1,insert_emb,-,8291,0,0.005063400
postgres,1,generar_emb,-,8292,0,0.012100200
postgres,1,insert_emb,-,8292,0,0.005198300
postgres,1,generar_emb,-,8293,0,0.010869100
postgres,1,insert_emb,-,8293,0,0.005379800
postgres,1,generar_emb,-,8294,0,0.011861700
postgres,1,insert_emb,-,8294,0,0.005275200
postgres,1,generar_emb,-,8295,0,0.010730400
postgres,1,insert_emb,-,8295,0,0.005420400
postgres,1,generar_emb,-,8296,0,0.011120200
postgres,1,insert_emb,-,8296,0,0.005324000
postgres,1,generar_emb,-,8297,0,0.011715900
postgres,1,insert_emb,-,8297,0,0.005518100
postgres,1,generar_emb,-,8298,0,0.014789900
postgres,1,insert_emb,-,8298,0,0.006074300
postgres,1,generar_emb,-,8299,0,0.015390100
postgres,1,insert_emb,-,8299,0,0.005992600
postgres,1,generar_emb,-,8300,0,0.016651000
postgres,1,insert_emb,-,8300,0,0.007002200
postgres,1,generar_emb,-,8301,0,0.016530900
postgres,1,insert_emb,-,8301,0,0.007034100
postgres,1,generar_emb,-,8302,0,0.019606100
postgres,1,insert_emb,-,8302,0,0.007018200
postgres,1,generar_emb,-,8303,0,0.019006300
postgres,1,insert_emb,-,8303,0,0.007003300
postgres,1,generar_emb,-,8304,0,0.017829300
postgres,1,insert_emb,-,8304,0,0.005918500
postgres,1,generar_emb,-,8305,0,0.014985900
postgres,1,insert_emb,-,8305,0,0.005622200
postgres,1,generar_emb,-,8306,0,0.011547200
postgres,1,insert_emb,-,8306,0,0.005258100
postgres,1,generar_emb,-,8307,0,0.011848900
postgres,1,insert_emb,-,8307,0,0.005008700
postgres,1,generar_emb,-,8308,0,0.014005000
postgres,1,insert_emb,-,8308,0,0.005567800
postgres,1,generar_emb,-,8309,0,0.011503000
postgres,1,insert_emb,-,8309,0,0.005644400
postgres,1,generar_emb,-,8310,0,0.013144000
postgres,1,insert_emb,-,8310,0,0.005279400
postgres,1,generar_emb,-,8311,0,0.014380000
postgres,1,insert_emb,-,8311,0,0.005281000
postgres,1,generar_emb,-,8312,0,0.012505900
postgres,1,insert_emb,-,8312,0,0.005492300
postgres,1,generar_emb,-,8313,0,0.012660500
postgres,1,insert_emb,-,8313,0,0.005617000
postgres,1,generar_emb,-,8314,0,0.014246000
postgres,1,insert_emb,-,8314,0,0.005820500
postgres,1,generar_emb,-,8315,0,0.013281500
postgres,1,insert_emb,-,8315,0,0.006779700
postgres,1,generar_emb,-,8316,0,0.015924600
postgres,1,insert_emb,-,8316,0,0.006246200
postgres,1,generar_emb,-,8317,0,0.021528700
postgres,1,insert_emb,-,8317,0,0.007241000
postgres,1,generar_emb,-,8318,0,0.018505100
postgres,1,insert_emb,-,8318,0,0.007246800
postgres,1,generar_emb,-,8319,0,0.016464700
postgres,1,insert_emb,-,8319,0,0.007299300
postgres,1,generar_emb,-,8320,0,0.017192300
postgres,1,insert_emb,-,8320,0,0.006132800
postgres,1,generar_emb,-,8321,0,0.012556200
postgres,1,insert_emb,-,8321,0,0.006457300
postgres,1,generar_emb,-,8322,0,0.012379200
postgres,1,insert_emb,-,8322,0,0.005509900
postgres,1,generar_emb,-,8323,0,0.014020300
postgres,1,insert_emb,-,8323,0,0.005198700
postgres,1,generar_emb,-,8324,0,0.011706800
postgres,1,insert_emb,-,8324,0,0.005328100
postgres,1,generar_emb,-,8325,0,0.013190100
postgres,1,insert_emb,-,8325,0,0.005549500
postgres,1,generar_emb,-,8326,0,0.013940100
postgres,1,insert_emb,-,8326,0,0.005127500
postgres,1,generar_emb,-,8327,0,0.012208800
postgres,1,insert_emb,-,8327,0,0.005372400
postgres,1,generar_emb,-,8328,0,0.012865500
postgres,1,insert_emb,-,8328,0,0.005605900
postgres,1,generar_emb,-,8329,0,0.013180400
postgres,1,insert_emb,-,8329,0,0.005380900
postgres,1,generar_emb,-,8330,0,0.013289500
postgres,1,insert_emb,-,8330,0,0.005520100
postgres,1,generar_emb,-,8331,0,0.012340400
postgres,1,insert_emb,-,8331,0,0.005389300
postgres,1,generar_emb,-,8332,0,0.012626000
postgres,1,insert_emb,-,8332,0,0.005714100
postgres,1,generar_emb,-,8333,0,0.013150800
postgres,1,insert_emb,-,8333,0,0.005323400
postgres,1,generar_emb,-,8334,0,0.011937300
postgres,1,insert_emb,-,8334,0,0.005226400
postgres,1,generar_emb,-,8335,0,0.011140500
postgres,1,insert_emb,-,8335,0,0.005747000
postgres,1,generar_emb,-,8336,0,0.012345300
postgres,1,insert_emb,-,8336,0,0.005297700
postgres,1,generar_emb,-,8337,0,0.014116400
postgres,1,insert_emb,-,8337,0,0.005202600
postgres,1,generar_emb,-,8338,0,0.011950800
postgres,1,insert_emb,-,8338,0,0.005149500
postgres,1,generar_emb,-,8339,0,0.011761800
postgres,1,insert_emb,-,8339,0,0.005869100
postgres,1,generar_emb,-,8340,0,0.012266200
postgres,1,insert_emb,-,8340,0,0.005715400
postgres,1,generar_emb,-,8341,0,0.011021900
postgres,1,insert_emb,-,8341,0,0.005528800
postgres,1,generar_emb,-,8342,0,0.010995600
postgres,1,insert_emb,-,8342,0,0.005567400
postgres,1,generar_emb,-,8343,0,0.011355400
postgres,1,insert_emb,-,8343,0,0.005660100
postgres,1,generar_emb,-,8344,0,0.013792600
postgres,1,insert_emb,-,8344,0,0.005282900
postgres,1,generar_emb,-,8345,0,0.012160400
postgres,1,insert_emb,-,8345,0,0.005997100
postgres,1,generar_emb,-,8346,0,0.010819000
postgres,1,insert_emb,-,8346,0,0.005268800
postgres,1,generar_emb,-,8347,0,0.012795100
postgres,1,insert_emb,-,8347,0,0.005473700
postgres,1,generar_emb,-,8348,0,0.010884800
postgres,1,insert_emb,-,8348,0,0.005747700
postgres,1,generar_emb,-,8349,0,0.011434000
postgres,1,insert_emb,-,8349,0,0.005794500
postgres,1,generar_emb,-,8350,0,0.011418400
postgres,1,insert_emb,-,8350,0,0.005691700
postgres,1,generar_emb,-,8351,0,0.012376500
postgres,1,insert_emb,-,8351,0,0.005574000
postgres,1,generar_emb,-,8352,0,0.010915800
postgres,1,insert_emb,-,8352,0,0.005593000
postgres,1,generar_emb,-,8353,0,0.011224300
postgres,1,insert_emb,-,8353,0,0.005291000
postgres,1,generar_emb,-,8354,0,0.011433100
postgres,1,insert_emb,-,8354,0,0.005176600
postgres,1,generar_emb,-,8355,0,0.010777700
postgres,1,insert_emb,-,8355,0,0.005414200
postgres,1,generar_emb,-,8356,0,0.013197600
postgres,1,insert_emb,-,8356,0,0.005227200
postgres,1,generar_emb,-,8357,0,0.012176300
postgres,1,insert_emb,-,8357,0,0.005374700
postgres,1,generar_emb,-,8358,0,0.012679900
postgres,1,insert_emb,-,8358,0,0.006444300
postgres,1,generar_emb,-,8359,0,0.016649500
postgres,1,insert_emb,-,8359,0,0.005750900
postgres,1,generar_emb,-,8360,0,0.012424200
postgres,1,insert_emb,-,8360,0,0.005541300
postgres,1,generar_emb,-,8361,0,0.015082400
postgres,1,insert_emb,-,8361,0,0.004924900
postgres,1,generar_emb,-,8362,0,0.011243600
postgres,1,insert_emb,-,8362,0,0.005036900
postgres,1,generar_emb,-,8363,0,0.010676600
postgres,1,insert_emb,-,8363,0,0.004976100
postgres,1,generar_emb,-,8364,0,0.011206200
postgres,1,insert_emb,-,8364,0,0.004970500
postgres,1,generar_emb,-,8365,0,0.011378000
postgres,1,insert_emb,-,8365,0,0.005567300
postgres,1,generar_emb,-,8366,0,0.011562400
postgres,1,insert_emb,-,8366,0,0.005542300
postgres,1,generar_emb,-,8367,0,0.014867800
postgres,1,insert_emb,-,8367,0,0.005663800
postgres,1,generar_emb,-,8368,0,0.012010500
postgres,1,insert_emb,-,8368,0,0.005413200
postgres,1,generar_emb,-,8369,0,0.012264600
postgres,1,insert_emb,-,8369,0,0.004963500
postgres,1,generar_emb,-,8370,0,0.013151300
postgres,1,insert_emb,-,8370,0,0.005375900
postgres,1,generar_emb,-,8371,0,0.013406500
postgres,1,insert_emb,-,8371,0,0.005619200
postgres,1,generar_emb,-,8372,0,0.014744100
postgres,1,insert_emb,-,8372,0,0.005256400
postgres,1,generar_emb,-,8373,0,0.013907400
postgres,1,insert_emb,-,8373,0,0.005429800
postgres,1,generar_emb,-,8374,0,0.012963100
postgres,1,insert_emb,-,8374,0,0.005151100
postgres,1,generar_emb,-,8375,0,0.011695200
postgres,1,insert_emb,-,8375,0,0.005754000
postgres,1,generar_emb,-,8376,0,0.012854000
postgres,1,insert_emb,-,8376,0,0.005626600
postgres,1,generar_emb,-,8377,0,0.012779500
postgres,1,insert_emb,-,8377,0,0.005809100
postgres,1,generar_emb,-,8378,0,0.010734900
postgres,1,insert_emb,-,8378,0,0.005175200
postgres,1,generar_emb,-,8379,0,0.011481300
postgres,1,insert_emb,-,8379,0,0.005078200
postgres,1,generar_emb,-,8380,0,0.012236500
postgres,1,insert_emb,-,8380,0,0.005307700
postgres,1,generar_emb,-,8381,0,0.011609200
postgres,1,insert_emb,-,8381,0,0.005460700
postgres,1,generar_emb,-,8382,0,0.011692400
postgres,1,insert_emb,-,8382,0,0.005384400
postgres,1,generar_emb,-,8383,0,0.011476000
postgres,1,insert_emb,-,8383,0,0.005120500
postgres,1,generar_emb,-,8384,0,0.013427800
postgres,1,insert_emb,-,8384,0,0.005375600
postgres,1,generar_emb,-,8385,0,0.013563600
postgres,1,insert_emb,-,8385,0,0.005933500
postgres,1,generar_emb,-,8386,0,0.011365600
postgres,1,insert_emb,-,8386,0,0.005731600
postgres,1,generar_emb,-,8387,0,0.013167200
postgres,1,insert_emb,-,8387,0,0.005609400
postgres,1,generar_emb,-,8388,0,0.013167100
postgres,1,insert_emb,-,8388,0,0.005209400
postgres,1,generar_emb,-,8389,0,0.015169700
postgres,1,insert_emb,-,8389,0,0.006124000
postgres,1,generar_emb,-,8390,0,0.013023400
postgres,1,insert_emb,-,8390,0,0.005572900
postgres,1,generar_emb,-,8391,0,0.011554100
postgres,1,insert_emb,-,8391,0,0.006141000
postgres,1,generar_emb,-,8392,0,0.013859500
postgres,1,insert_emb,-,8392,0,0.005177500
postgres,1,generar_emb,-,8393,0,0.011431800
postgres,1,insert_emb,-,8393,0,0.005455600
postgres,1,generar_emb,-,8394,0,0.014261900
postgres,1,insert_emb,-,8394,0,0.005314500
postgres,1,generar_emb,-,8395,0,0.012229300
postgres,1,insert_emb,-,8395,0,0.005585000
postgres,1,generar_emb,-,8396,0,0.011716000
postgres,1,insert_emb,-,8396,0,0.005461100
postgres,1,generar_emb,-,8397,0,0.012604400
postgres,1,insert_emb,-,8397,0,0.005553600
postgres,1,generar_emb,-,8398,0,0.011586200
postgres,1,insert_emb,-,8398,0,0.005535700
postgres,1,generar_emb,-,8399,0,0.013707800
postgres,1,insert_emb,-,8399,0,0.005385800
postgres,1,generar_emb,-,8400,0,0.012563400
postgres,1,insert_emb,-,8400,0,0.005575900
postgres,1,generar_emb,-,8401,0,0.013742100
postgres,1,insert_emb,-,8401,0,0.005471300
postgres,1,generar_emb,-,8402,0,0.012750500
postgres,1,insert_emb,-,8402,0,0.005443200
postgres,1,generar_emb,-,8403,0,0.013844800
postgres,1,insert_emb,-,8403,0,0.006040900
postgres,1,generar_emb,-,8404,0,0.012043100
postgres,1,insert_emb,-,8404,0,0.005303400
postgres,1,generar_emb,-,8405,0,0.013887000
postgres,1,insert_emb,-,8405,0,0.005365700
postgres,1,generar_emb,-,8406,0,0.013809300
postgres,1,insert_emb,-,8406,0,0.005080300
postgres,1,generar_emb,-,8407,0,0.013108000
postgres,1,insert_emb,-,8407,0,0.005388700
postgres,1,generar_emb,-,8408,0,0.012299400
postgres,1,insert_emb,-,8408,0,0.005448100
postgres,1,generar_emb,-,8409,0,0.011405000
postgres,1,insert_emb,-,8409,0,0.005503500
postgres,1,generar_emb,-,8410,0,0.013455800
postgres,1,insert_emb,-,8410,0,0.005637400
postgres,1,generar_emb,-,8411,0,0.011585100
postgres,1,insert_emb,-,8411,0,0.005507800
postgres,1,generar_emb,-,8412,0,0.012190700
postgres,1,insert_emb,-,8412,0,0.005435700
postgres,1,generar_emb,-,8413,0,0.012460500
postgres,1,insert_emb,-,8413,0,0.006594100
postgres,1,generar_emb,-,8414,0,0.017624600
postgres,1,insert_emb,-,8414,0,0.006923000
postgres,1,generar_emb,-,8415,0,0.012581200
postgres,1,insert_emb,-,8415,0,0.005562700
postgres,1,generar_emb,-,8416,0,0.014591500
postgres,1,insert_emb,-,8416,0,0.005789200
postgres,1,generar_emb,-,8417,0,0.013743100
postgres,1,insert_emb,-,8417,0,0.005619500
postgres,1,generar_emb,-,8418,0,0.013122600
postgres,1,insert_emb,-,8418,0,0.006155300
postgres,1,generar_emb,-,8419,0,0.013529900
postgres,1,insert_emb,-,8419,0,0.005279400
postgres,1,generar_emb,-,8420,0,0.013229200
postgres,1,insert_emb,-,8420,0,0.005803800
postgres,1,generar_emb,-,8421,0,0.013321500
postgres,1,insert_emb,-,8421,0,0.005455300
postgres,1,generar_emb,-,8422,0,0.013029900
postgres,1,insert_emb,-,8422,0,0.005330400
postgres,1,generar_emb,-,8423,0,0.012570500
postgres,1,insert_emb,-,8423,0,0.005168700
postgres,1,generar_emb,-,8424,0,0.011635200
postgres,1,insert_emb,-,8424,0,0.005099400
postgres,1,generar_emb,-,8425,0,0.012154400
postgres,1,insert_emb,-,8425,0,0.005965700
postgres,1,generar_emb,-,8426,0,0.014948700
postgres,1,insert_emb,-,8426,0,0.005660100
postgres,1,generar_emb,-,8427,0,0.014381700
postgres,1,insert_emb,-,8427,0,0.005876200
postgres,1,generar_emb,-,8428,0,0.011996600
postgres,1,insert_emb,-,8428,0,0.005985600
postgres,1,generar_emb,-,8429,0,0.012468400
postgres,1,insert_emb,-,8429,0,0.005441400
postgres,1,generar_emb,-,8430,0,0.011942700
postgres,1,insert_emb,-,8430,0,0.005468100
postgres,1,generar_emb,-,8431,0,0.012008900
postgres,1,insert_emb,-,8431,0,0.005483300
postgres,1,generar_emb,-,8432,0,0.010840200
postgres,1,insert_emb,-,8432,0,0.005663000
postgres,1,generar_emb,-,8433,0,0.017896000
postgres,1,insert_emb,-,8433,0,0.006327000
postgres,1,generar_emb,-,8434,0,0.010982200
postgres,1,insert_emb,-,8434,0,0.005573200
postgres,1,generar_emb,-,8435,0,0.010197900
postgres,1,insert_emb,-,8435,0,0.005714000
postgres,1,generar_emb,-,8436,0,0.011060400
postgres,1,insert_emb,-,8436,0,0.005565400
postgres,1,generar_emb,-,8437,0,0.011905200
postgres,1,insert_emb,-,8437,0,0.005499500
postgres,1,generar_emb,-,8438,0,0.012066400
postgres,1,insert_emb,-,8438,0,0.005646900
postgres,1,generar_emb,-,8439,0,0.011920700
postgres,1,insert_emb,-,8439,0,0.004994100
postgres,1,generar_emb,-,8440,0,0.013642900
postgres,1,insert_emb,-,8440,0,0.005493200
postgres,1,generar_emb,-,8441,0,0.011933700
postgres,1,insert_emb,-,8441,0,0.005392000
postgres,1,generar_emb,-,8442,0,0.011399800
postgres,1,insert_emb,-,8442,0,0.005576100
postgres,1,generar_emb,-,8443,0,0.011690200
postgres,1,insert_emb,-,8443,0,0.005358100
postgres,1,generar_emb,-,8444,0,0.011521000
postgres,1,insert_emb,-,8444,0,0.005418400
postgres,1,generar_emb,-,8445,0,0.010558300
postgres,1,insert_emb,-,8445,0,0.005526900
postgres,1,generar_emb,-,8446,0,0.014152000
postgres,1,insert_emb,-,8446,0,0.005573500
postgres,1,generar_emb,-,8447,0,0.014007600
postgres,1,insert_emb,-,8447,0,0.005407600
postgres,1,generar_emb,-,8448,0,0.013383400
postgres,1,insert_emb,-,8448,0,0.006050100
postgres,1,generar_emb,-,8449,0,0.012438500
postgres,1,insert_emb,-,8449,0,0.005391900
postgres,1,generar_emb,-,8450,0,0.011376800
postgres,1,insert_emb,-,8450,0,0.005595300
postgres,1,generar_emb,-,8451,0,0.011095900
postgres,1,insert_emb,-,8451,0,0.005450100
postgres,1,generar_emb,-,8452,0,0.013301200
postgres,1,insert_emb,-,8452,0,0.005426800
postgres,1,generar_emb,-,8453,0,0.012127900
postgres,1,insert_emb,-,8453,0,0.005579800
postgres,1,generar_emb,-,8454,0,0.011974100
postgres,1,insert_emb,-,8454,0,0.005406300
postgres,1,generar_emb,-,8455,0,0.011861600
postgres,1,insert_emb,-,8455,0,0.005636200
postgres,1,generar_emb,-,8456,0,0.015498400
postgres,1,insert_emb,-,8456,0,0.005555600
postgres,1,generar_emb,-,8457,0,0.014871200
postgres,1,insert_emb,-,8457,0,0.005346100
postgres,1,generar_emb,-,8458,0,0.012672400
postgres,1,insert_emb,-,8458,0,0.005363400
postgres,1,generar_emb,-,8459,0,0.016040400
postgres,1,insert_emb,-,8459,0,0.005454500
postgres,1,generar_emb,-,8460,0,0.016648500
postgres,1,insert_emb,-,8460,0,0.005940800
postgres,1,generar_emb,-,8461,0,0.016092600
postgres,1,insert_emb,-,8461,0,0.005532800
postgres,1,generar_emb,-,8462,0,0.012048400
postgres,1,insert_emb,-,8462,0,0.005339000
postgres,1,generar_emb,-,8463,0,0.013946000
postgres,1,insert_emb,-,8463,0,0.005385000
postgres,1,generar_emb,-,8464,0,0.015686500
postgres,1,insert_emb,-,8464,0,0.005555500
postgres,1,generar_emb,-,8465,0,0.011546600
postgres,1,insert_emb,-,8465,0,0.005674900
postgres,1,generar_emb,-,8466,0,0.013624200
postgres,1,insert_emb,-,8466,0,0.005798700
postgres,1,generar_emb,-,8467,0,0.014129100
postgres,1,insert_emb,-,8467,0,0.005679800
postgres,1,generar_emb,-,8468,0,0.016361200
postgres,1,insert_emb,-,8468,0,0.005550900
postgres,1,generar_emb,-,8469,0,0.017108600
postgres,1,insert_emb,-,8469,0,0.005855400
postgres,1,generar_emb,-,8470,0,0.015092400
postgres,1,insert_emb,-,8470,0,0.006046200
postgres,1,generar_emb,-,8471,0,0.013068800
postgres,1,insert_emb,-,8471,0,0.005369200
postgres,1,generar_emb,-,8472,0,0.012357200
postgres,1,insert_emb,-,8472,0,0.006102600
postgres,1,generar_emb,-,8473,0,0.017834200
postgres,1,insert_emb,-,8473,0,0.006003500
postgres,1,generar_emb,-,8474,0,0.011835800
postgres,1,insert_emb,-,8474,0,0.006114200
postgres,1,generar_emb,-,8475,0,0.019302500
postgres,1,insert_emb,-,8475,0,0.006365400
postgres,1,generar_emb,-,8476,0,0.014693800
postgres,1,insert_emb,-,8476,0,0.005984400
postgres,1,generar_emb,-,8477,0,0.013082900
postgres,1,insert_emb,-,8477,0,0.005600400
postgres,1,generar_emb,-,8478,0,0.011967900
postgres,1,insert_emb,-,8478,0,0.005164800
postgres,1,generar_emb,-,8479,0,0.015270400
postgres,1,insert_emb,-,8479,0,0.005337400
postgres,1,generar_emb,-,8480,0,0.010852600
postgres,1,insert_emb,-,8480,0,0.005418900
postgres,1,generar_emb,-,8481,0,0.012078500
postgres,1,insert_emb,-,8481,0,0.005424800
postgres,1,generar_emb,-,8482,0,0.010877200
postgres,1,insert_emb,-,8482,0,0.005228100
postgres,1,generar_emb,-,8483,0,0.018162500
postgres,1,insert_emb,-,8483,0,0.006118500
postgres,1,generar_emb,-,8484,0,0.011313100
postgres,1,insert_emb,-,8484,0,0.005408500
postgres,1,generar_emb,-,8485,0,0.011727900
postgres,1,insert_emb,-,8485,0,0.005820500
postgres,1,generar_emb,-,8486,0,0.014983700
postgres,1,insert_emb,-,8486,0,0.006070100
postgres,1,generar_emb,-,8487,0,0.012271600
postgres,1,insert_emb,-,8487,0,0.005793000
postgres,1,generar_emb,-,8488,0,0.013998400
postgres,1,insert_emb,-,8488,0,0.005382700
postgres,1,generar_emb,-,8489,0,0.015277900
postgres,1,insert_emb,-,8489,0,0.005571400
postgres,1,generar_emb,-,8490,0,0.012752600
postgres,1,insert_emb,-,8490,0,0.005872700
postgres,1,generar_emb,-,8491,0,0.015736400
postgres,1,insert_emb,-,8491,0,0.005961400
postgres,1,generar_emb,-,8492,0,0.012721400
postgres,1,insert_emb,-,8492,0,0.005485400
postgres,1,generar_emb,-,8493,0,0.013106600
postgres,1,insert_emb,-,8493,0,0.005676900
postgres,1,generar_emb,-,8494,0,0.013439400
postgres,1,insert_emb,-,8494,0,0.005875200
postgres,1,generar_emb,-,8495,0,0.012924000
postgres,1,insert_emb,-,8495,0,0.005817800
postgres,1,generar_emb,-,8496,0,0.013321000
postgres,1,insert_emb,-,8496,0,0.005539700
postgres,1,generar_emb,-,8497,0,0.013307600
postgres,1,insert_emb,-,8497,0,0.005640000
postgres,1,generar_emb,-,8498,0,0.012791200
postgres,1,insert_emb,-,8498,0,0.005555700
postgres,1,generar_emb,-,8499,0,0.013579300
postgres,1,insert_emb,-,8499,0,0.006071700
postgres,1,generar_emb,-,8500,0,0.015153100
postgres,1,insert_emb,-,8500,0,0.005378600
postgres,1,generar_emb,-,8501,0,0.012920700
postgres,1,insert_emb,-,8501,0,0.005316800
postgres,1,generar_emb,-,8502,0,0.013467000
postgres,1,insert_emb,-,8502,0,0.005488800
postgres,1,generar_emb,-,8503,0,0.014593600
postgres,1,insert_emb,-,8503,0,0.005511800
postgres,1,generar_emb,-,8504,0,0.012297500
postgres,1,insert_emb,-,8504,0,0.005439700
postgres,1,generar_emb,-,8505,0,0.010901500
postgres,1,insert_emb,-,8505,0,0.005472400
postgres,1,generar_emb,-,8506,0,0.014016200
postgres,1,insert_emb,-,8506,0,0.005750100
postgres,1,generar_emb,-,8507,0,0.012073800
postgres,1,insert_emb,-,8507,0,0.005389900
postgres,1,generar_emb,-,8508,0,0.011683700
postgres,1,insert_emb,-,8508,0,0.005322800
postgres,1,generar_emb,-,8509,0,0.010808400
postgres,1,insert_emb,-,8509,0,0.005862400
postgres,1,generar_emb,-,8510,0,0.015397800
postgres,1,insert_emb,-,8510,0,0.005887800
postgres,1,generar_emb,-,8511,0,0.013959300
postgres,1,insert_emb,-,8511,0,0.005553300
postgres,1,generar_emb,-,8512,0,0.015198100
postgres,1,insert_emb,-,8512,0,0.005550100
postgres,1,generar_emb,-,8513,0,0.012527700
postgres,1,insert_emb,-,8513,0,0.005716700
postgres,1,generar_emb,-,8514,0,0.013669800
postgres,1,insert_emb,-,8514,0,0.005672900
postgres,1,generar_emb,-,8515,0,0.014802500
postgres,1,insert_emb,-,8515,0,0.005494600
postgres,1,generar_emb,-,8516,0,0.011865200
postgres,1,insert_emb,-,8516,0,0.005254300
postgres,1,generar_emb,-,8517,0,0.012532900
postgres,1,insert_emb,-,8517,0,0.005559500
postgres,1,generar_emb,-,8518,0,0.011265000
postgres,1,insert_emb,-,8518,0,0.005512400
postgres,1,generar_emb,-,8519,0,0.018091000
postgres,1,insert_emb,-,8519,0,0.006108500
postgres,1,generar_emb,-,8520,0,0.019047400
postgres,1,insert_emb,-,8520,0,0.006468100
postgres,1,generar_emb,-,8521,0,0.015129400
postgres,1,insert_emb,-,8521,0,0.006228100
postgres,1,generar_emb,-,8522,0,0.014435400
postgres,1,insert_emb,-,8522,0,0.005731100
postgres,1,generar_emb,-,8523,0,0.013369800
postgres,1,insert_emb,-,8523,0,0.005795200
postgres,1,generar_emb,-,8524,0,0.014066800
postgres,1,insert_emb,-,8524,0,0.005818300
postgres,1,generar_emb,-,8525,0,0.013054400
postgres,1,insert_emb,-,8525,0,0.005786900
postgres,1,generar_emb,-,8526,0,0.013229800
postgres,1,insert_emb,-,8526,0,0.006220200
postgres,1,generar_emb,-,8527,0,0.013003800
postgres,1,insert_emb,-,8527,0,0.005491400
postgres,1,generar_emb,-,8528,0,0.012416700
postgres,1,insert_emb,-,8528,0,0.006104000
postgres,1,generar_emb,-,8529,0,0.012555600
postgres,1,insert_emb,-,8529,0,0.005939700
postgres,1,generar_emb,-,8530,0,0.014393700
postgres,1,insert_emb,-,8530,0,0.005609200
postgres,1,generar_emb,-,8531,0,0.012646000
postgres,1,insert_emb,-,8531,0,0.005328800
postgres,1,generar_emb,-,8532,0,0.011119800
postgres,1,insert_emb,-,8532,0,0.005345800
postgres,1,generar_emb,-,8533,0,0.013077100
postgres,1,insert_emb,-,8533,0,0.005142100
postgres,1,generar_emb,-,8534,0,0.011850200
postgres,1,insert_emb,-,8534,0,0.005502100
postgres,1,generar_emb,-,8535,0,0.012221300
postgres,1,insert_emb,-,8535,0,0.006170700
postgres,1,generar_emb,-,8536,0,0.011888700
postgres,1,insert_emb,-,8536,0,0.005777300
postgres,1,generar_emb,-,8537,0,0.011879300
postgres,1,insert_emb,-,8537,0,0.005694100
postgres,1,generar_emb,-,8538,0,0.011241900
postgres,1,insert_emb,-,8538,0,0.005159600
postgres,1,generar_emb,-,8539,0,0.013098300
postgres,1,insert_emb,-,8539,0,0.005454400
postgres,1,generar_emb,-,8540,0,0.011825100
postgres,1,insert_emb,-,8540,0,0.005433700
postgres,1,generar_emb,-,8541,0,0.012416100
postgres,1,insert_emb,-,8541,0,0.005101400
postgres,1,generar_emb,-,8542,0,0.012041300
postgres,1,insert_emb,-,8542,0,0.005495400
postgres,1,generar_emb,-,8543,0,0.014005500
postgres,1,insert_emb,-,8543,0,0.005828800
postgres,1,generar_emb,-,8544,0,0.012535700
postgres,1,insert_emb,-,8544,0,0.005777400
postgres,1,generar_emb,-,8545,0,0.012476700
postgres,1,insert_emb,-,8545,0,0.005377400
postgres,1,generar_emb,-,8546,0,0.012119200
postgres,1,insert_emb,-,8546,0,0.005590400
postgres,1,generar_emb,-,8547,0,0.012694800
postgres,1,insert_emb,-,8547,0,0.005867600
postgres,1,generar_emb,-,8548,0,0.012687300
postgres,1,insert_emb,-,8548,0,0.005983200
postgres,1,generar_emb,-,8549,0,0.013887700
postgres,1,insert_emb,-,8549,0,0.006167100
postgres,1,generar_emb,-,8550,0,0.013486600
postgres,1,insert_emb,-,8550,0,0.005478200
postgres,1,generar_emb,-,8551,0,0.013533100
postgres,1,insert_emb,-,8551,0,0.005964300
postgres,1,generar_emb,-,8552,0,0.014066700
postgres,1,insert_emb,-,8552,0,0.005563300
postgres,1,generar_emb,-,8553,0,0.011952500
postgres,1,insert_emb,-,8553,0,0.005470200
postgres,1,generar_emb,-,8554,0,0.011518000
postgres,1,insert_emb,-,8554,0,0.005609600
postgres,1,generar_emb,-,8555,0,0.011556700
postgres,1,insert_emb,-,8555,0,0.005406300
postgres,1,generar_emb,-,8556,0,0.011289700
postgres,1,insert_emb,-,8556,0,0.005348900
postgres,1,generar_emb,-,8557,0,0.010816700
postgres,1,insert_emb,-,8557,0,0.005367600
postgres,1,generar_emb,-,8558,0,0.012579700
postgres,1,insert_emb,-,8558,0,0.005626200
postgres,1,generar_emb,-,8559,0,0.011404600
postgres,1,insert_emb,-,8559,0,0.005210200
postgres,1,generar_emb,-,8560,0,0.011508700
postgres,1,insert_emb,-,8560,0,0.005216000
postgres,1,generar_emb,-,8561,0,0.012594200
postgres,1,insert_emb,-,8561,0,0.005307500
postgres,1,generar_emb,-,8562,0,0.012139800
postgres,1,insert_emb,-,8562,0,0.005212500
postgres,1,generar_emb,-,8563,0,0.012916700
postgres,1,insert_emb,-,8563,0,0.005825700
postgres,1,generar_emb,-,8564,0,0.013631200
postgres,1,insert_emb,-,8564,0,0.005623100
postgres,1,generar_emb,-,8565,0,0.011738800
postgres,1,insert_emb,-,8565,0,0.006032600
postgres,1,generar_emb,-,8566,0,0.012579500
postgres,1,insert_emb,-,8566,0,0.005593600
postgres,1,generar_emb,-,8567,0,0.016004100
postgres,1,insert_emb,-,8567,0,0.005837100
postgres,1,generar_emb,-,8568,0,0.012806600
postgres,1,insert_emb,-,8568,0,0.005596200
postgres,1,generar_emb,-,8569,0,0.011964000
postgres,1,insert_emb,-,8569,0,0.005423100
postgres,1,generar_emb,-,8570,0,0.011193000
postgres,1,insert_emb,-,8570,0,0.005249100
postgres,1,generar_emb,-,8571,0,0.013595900
postgres,1,insert_emb,-,8571,0,0.005290400
postgres,1,generar_emb,-,8572,0,0.012771100
postgres,1,insert_emb,-,8572,0,0.005194200
postgres,1,generar_emb,-,8573,0,0.012787900
postgres,1,insert_emb,-,8573,0,0.005224500
postgres,1,generar_emb,-,8574,0,0.011484300
postgres,1,insert_emb,-,8574,0,0.005151900
postgres,1,generar_emb,-,8575,0,0.013130800
postgres,1,insert_emb,-,8575,0,0.005569500
postgres,1,generar_emb,-,8576,0,0.012174300
postgres,1,insert_emb,-,8576,0,0.005622700
postgres,1,generar_emb,-,8577,0,0.011957800
postgres,1,insert_emb,-,8577,0,0.005353200
postgres,1,generar_emb,-,8578,0,0.013066900
postgres,1,insert_emb,-,8578,0,0.005709800
postgres,1,generar_emb,-,8579,0,0.011741800
postgres,1,insert_emb,-,8579,0,0.005068900
postgres,1,generar_emb,-,8580,0,0.014134700
postgres,1,insert_emb,-,8580,0,0.005419300
postgres,1,generar_emb,-,8581,0,0.012176500
postgres,1,insert_emb,-,8581,0,0.005347500
postgres,1,generar_emb,-,8582,0,0.011784100
postgres,1,insert_emb,-,8582,0,0.006090200
postgres,1,generar_emb,-,8583,0,0.012823500
postgres,1,insert_emb,-,8583,0,0.005946600
postgres,1,generar_emb,-,8584,0,0.011481900
postgres,1,insert_emb,-,8584,0,0.005681500
postgres,1,generar_emb,-,8585,0,0.012281000
postgres,1,insert_emb,-,8585,0,0.005949800
postgres,1,generar_emb,-,8586,0,0.012850400
postgres,1,insert_emb,-,8586,0,0.005744600
postgres,1,generar_emb,-,8587,0,0.013103500
postgres,1,insert_emb,-,8587,0,0.005688400
postgres,1,generar_emb,-,8588,0,0.015131200
postgres,1,insert_emb,-,8588,0,0.005872500
postgres,1,generar_emb,-,8589,0,0.013318600
postgres,1,insert_emb,-,8589,0,0.005676600
postgres,1,generar_emb,-,8590,0,0.012315000
postgres,1,insert_emb,-,8590,0,0.005533300
postgres,1,generar_emb,-,8591,0,0.012352300
postgres,1,insert_emb,-,8591,0,0.005469800
postgres,1,generar_emb,-,8592,0,0.012480400
postgres,1,insert_emb,-,8592,0,0.005257900
postgres,1,generar_emb,-,8593,0,0.011825800
postgres,1,insert_emb,-,8593,0,0.005500900
postgres,1,generar_emb,-,8594,0,0.013509400
postgres,1,insert_emb,-,8594,0,0.005105400
postgres,1,generar_emb,-,8595,0,0.014377000
postgres,1,insert_emb,-,8595,0,0.005232600
postgres,1,generar_emb,-,8596,0,0.012190200
postgres,1,insert_emb,-,8596,0,0.005385700
postgres,1,generar_emb,-,8597,0,0.011899800
postgres,1,insert_emb,-,8597,0,0.005097600
postgres,1,generar_emb,-,8598,0,0.012250700
postgres,1,insert_emb,-,8598,0,0.005154200
postgres,1,generar_emb,-,8599,0,0.011625400
postgres,1,insert_emb,-,8599,0,0.005235400
postgres,1,generar_emb,-,8600,0,0.010693600
postgres,1,insert_emb,-,8600,0,0.005301400
postgres,1,generar_emb,-,8601,0,0.010757200
postgres,1,insert_emb,-,8601,0,0.005092800
postgres,1,generar_emb,-,8602,0,0.010791400
postgres,1,insert_emb,-,8602,0,0.005328700
postgres,1,generar_emb,-,8603,0,0.011003800
postgres,1,insert_emb,-,8603,0,0.005447400
postgres,1,generar_emb,-,8604,0,0.010903900
postgres,1,insert_emb,-,8604,0,0.005289700
postgres,1,generar_emb,-,8605,0,0.010875000
postgres,1,insert_emb,-,8605,0,0.005621200
postgres,1,generar_emb,-,8606,0,0.011052500
postgres,1,insert_emb,-,8606,0,0.005450200
postgres,1,generar_emb,-,8607,0,0.011568800
postgres,1,insert_emb,-,8607,0,0.005063000
postgres,1,generar_emb,-,8608,0,0.010574000
postgres,1,insert_emb,-,8608,0,0.005347600
postgres,1,generar_emb,-,8609,0,0.012340800
postgres,1,insert_emb,-,8609,0,0.005118000
postgres,1,generar_emb,-,8610,0,0.015941800
postgres,1,insert_emb,-,8610,0,0.005369300
postgres,1,generar_emb,-,8611,0,0.011471600
postgres,1,insert_emb,-,8611,0,0.005095100
postgres,1,generar_emb,-,8612,0,0.011909300
postgres,1,insert_emb,-,8612,0,0.005215300
postgres,1,generar_emb,-,8613,0,0.013708800
postgres,1,insert_emb,-,8613,0,0.005951200
postgres,1,generar_emb,-,8614,0,0.012418800
postgres,1,insert_emb,-,8614,0,0.005313000
postgres,1,generar_emb,-,8615,0,0.011674200
postgres,1,insert_emb,-,8615,0,0.005315200
postgres,1,generar_emb,-,8616,0,0.011389900
postgres,1,insert_emb,-,8616,0,0.005228500
postgres,1,generar_emb,-,8617,0,0.012558900
postgres,1,insert_emb,-,8617,0,0.005251500
postgres,1,generar_emb,-,8618,0,0.012935800
postgres,1,insert_emb,-,8618,0,0.005215100
postgres,1,generar_emb,-,8619,0,0.012141400
postgres,1,insert_emb,-,8619,0,0.005272700
postgres,1,generar_emb,-,8620,0,0.011903600
postgres,1,insert_emb,-,8620,0,0.005626300
postgres,1,generar_emb,-,8621,0,0.011795800
postgres,1,insert_emb,-,8621,0,0.005501600
postgres,1,generar_emb,-,8622,0,0.013454100
postgres,1,insert_emb,-,8622,0,0.005253600
postgres,1,generar_emb,-,8623,0,0.011949500
postgres,1,insert_emb,-,8623,0,0.005171600
postgres,1,generar_emb,-,8624,0,0.011966400
postgres,1,insert_emb,-,8624,0,0.005137800
postgres,1,generar_emb,-,8625,0,0.011886000
postgres,1,insert_emb,-,8625,0,0.005420700
postgres,1,generar_emb,-,8626,0,0.012316200
postgres,1,insert_emb,-,8626,0,0.005082600
postgres,1,generar_emb,-,8627,0,0.012431700
postgres,1,insert_emb,-,8627,0,0.005370600
postgres,1,generar_emb,-,8628,0,0.012904700
postgres,1,insert_emb,-,8628,0,0.005598800
postgres,1,generar_emb,-,8629,0,0.010668700
postgres,1,insert_emb,-,8629,0,0.005556500
postgres,1,generar_emb,-,8630,0,0.011632600
postgres,1,insert_emb,-,8630,0,0.005506800
postgres,1,generar_emb,-,8631,0,0.010846200
postgres,1,insert_emb,-,8631,0,0.005311600
postgres,1,generar_emb,-,8632,0,0.013442800
postgres,1,insert_emb,-,8632,0,0.005358200
postgres,1,generar_emb,-,8633,0,0.010997800
postgres,1,insert_emb,-,8633,0,0.005277100
postgres,1,generar_emb,-,8634,0,0.012597200
postgres,1,insert_emb,-,8634,0,0.005182800
postgres,1,generar_emb,-,8635,0,0.011309200
postgres,1,insert_emb,-,8635,0,0.005315000
postgres,1,generar_emb,-,8636,0,0.011119900
postgres,1,insert_emb,-,8636,0,0.005354100
postgres,1,generar_emb,-,8637,0,0.012486700
postgres,1,insert_emb,-,8637,0,0.005286300
postgres,1,generar_emb,-,8638,0,0.011606900
postgres,1,insert_emb,-,8638,0,0.005363800
postgres,1,generar_emb,-,8639,0,0.012042600
postgres,1,insert_emb,-,8639,0,0.005547100
postgres,1,generar_emb,-,8640,0,0.013485300
postgres,1,insert_emb,-,8640,0,0.005713000
postgres,1,generar_emb,-,8641,0,0.012841900
postgres,1,insert_emb,-,8641,0,0.005716600
postgres,1,generar_emb,-,8642,0,0.013676200
postgres,1,insert_emb,-,8642,0,0.005794100
postgres,1,generar_emb,-,8643,0,0.013361300
postgres,1,insert_emb,-,8643,0,0.005659800
postgres,1,generar_emb,-,8644,0,0.012410800
postgres,1,insert_emb,-,8644,0,0.005613800
postgres,1,generar_emb,-,8645,0,0.011978900
postgres,1,insert_emb,-,8645,0,0.005658200
postgres,1,generar_emb,-,8646,0,0.012453500
postgres,1,insert_emb,-,8646,0,0.005425300
postgres,1,generar_emb,-,8647,0,0.012036600
postgres,1,insert_emb,-,8647,0,0.005295300
postgres,1,generar_emb,-,8648,0,0.011085500
postgres,1,insert_emb,-,8648,0,0.005370600
postgres,1,generar_emb,-,8649,0,0.014739000
postgres,1,insert_emb,-,8649,0,0.005411000
postgres,1,generar_emb,-,8650,0,0.012247300
postgres,1,insert_emb,-,8650,0,0.005884300
postgres,1,generar_emb,-,8651,0,0.011084500
postgres,1,insert_emb,-,8651,0,0.005744600
postgres,1,generar_emb,-,8652,0,0.011306100
postgres,1,insert_emb,-,8652,0,0.005719300
postgres,1,generar_emb,-,8653,0,0.011033400
postgres,1,insert_emb,-,8653,0,0.005506200
postgres,1,generar_emb,-,8654,0,0.012263600
postgres,1,insert_emb,-,8654,0,0.005024500
postgres,1,generar_emb,-,8655,0,0.013253600
postgres,1,insert_emb,-,8655,0,0.005242500
postgres,1,generar_emb,-,8656,0,0.013057900
postgres,1,insert_emb,-,8656,0,0.005589100
postgres,1,generar_emb,-,8657,0,0.012514800
postgres,1,insert_emb,-,8657,0,0.005451000
postgres,1,generar_emb,-,8658,0,0.012571600
postgres,1,insert_emb,-,8658,0,0.005266100
postgres,1,generar_emb,-,8659,0,0.012930600
postgres,1,insert_emb,-,8659,0,0.005829700
postgres,1,generar_emb,-,8660,0,0.012540700
postgres,1,insert_emb,-,8660,0,0.005322800
postgres,1,generar_emb,-,8661,0,0.012370700
postgres,1,insert_emb,-,8661,0,0.005327500
postgres,1,generar_emb,-,8662,0,0.013667000
postgres,1,insert_emb,-,8662,0,0.005596700
postgres,1,generar_emb,-,8663,0,0.011199800
postgres,1,insert_emb,-,8663,0,0.005359100
postgres,1,generar_emb,-,8664,0,0.013120000
postgres,1,insert_emb,-,8664,0,0.005780000
postgres,1,generar_emb,-,8665,0,0.014570300
postgres,1,insert_emb,-,8665,0,0.005783800
postgres,1,generar_emb,-,8666,0,0.013507200
postgres,1,insert_emb,-,8666,0,0.005633700
postgres,1,generar_emb,-,8667,0,0.011336700
postgres,1,insert_emb,-,8667,0,0.005864700
postgres,1,generar_emb,-,8668,0,0.010969400
postgres,1,insert_emb,-,8668,0,0.005120400
postgres,1,generar_emb,-,8669,0,0.012432400
postgres,1,insert_emb,-,8669,0,0.005584500
postgres,1,generar_emb,-,8670,0,0.013360500
postgres,1,insert_emb,-,8670,0,0.006043800
postgres,1,generar_emb,-,8671,0,0.014360800
postgres,1,insert_emb,-,8671,0,0.006257000
postgres,1,generar_emb,-,8672,0,0.012658400
postgres,1,insert_emb,-,8672,0,0.005943600
postgres,1,generar_emb,-,8673,0,0.013223500
postgres,1,insert_emb,-,8673,0,0.006052800
postgres,1,generar_emb,-,8674,0,0.013987200
postgres,1,insert_emb,-,8674,0,0.006002900
postgres,1,generar_emb,-,8675,0,0.010562300
postgres,1,insert_emb,-,8675,0,0.006056100
postgres,1,generar_emb,-,8676,0,0.012258000
postgres,1,insert_emb,-,8676,0,0.006088600
postgres,1,generar_emb,-,8677,0,0.012850300
postgres,1,insert_emb,-,8677,0,0.005922900
postgres,1,generar_emb,-,8678,0,0.012290800
postgres,1,insert_emb,-,8678,0,0.005728800
postgres,1,generar_emb,-,8679,0,0.012582300
postgres,1,insert_emb,-,8679,0,0.005878800
postgres,1,generar_emb,-,8680,0,0.011066000
postgres,1,insert_emb,-,8680,0,0.005923200
postgres,1,generar_emb,-,8681,0,0.012569200
postgres,1,insert_emb,-,8681,0,0.006033200
postgres,1,generar_emb,-,8682,0,0.011148200
postgres,1,insert_emb,-,8682,0,0.005860200
postgres,1,generar_emb,-,8683,0,0.010918600
postgres,1,insert_emb,-,8683,0,0.005524000
postgres,1,generar_emb,-,8684,0,0.012896600
postgres,1,insert_emb,-,8684,0,0.005513400
postgres,1,generar_emb,-,8685,0,0.012629100
postgres,1,insert_emb,-,8685,0,0.005583500
postgres,1,generar_emb,-,8686,0,0.012718500
postgres,1,insert_emb,-,8686,0,0.005268100
postgres,1,generar_emb,-,8687,0,0.012117800
postgres,1,insert_emb,-,8687,0,0.005377700
postgres,1,generar_emb,-,8688,0,0.012202800
postgres,1,insert_emb,-,8688,0,0.005168100
postgres,1,generar_emb,-,8689,0,0.010750500
postgres,1,insert_emb,-,8689,0,0.005094700
postgres,1,generar_emb,-,8690,0,0.012300600
postgres,1,insert_emb,-,8690,0,0.005223600
postgres,1,generar_emb,-,8691,0,0.011238700
postgres,1,insert_emb,-,8691,0,0.005247400
postgres,1,generar_emb,-,8692,0,0.010845900
postgres,1,insert_emb,-,8692,0,0.005213200
postgres,1,generar_emb,-,8693,0,0.011341200
postgres,1,insert_emb,-,8693,0,0.005308300
postgres,1,generar_emb,-,8694,0,0.010467900
postgres,1,insert_emb,-,8694,0,0.005167200
postgres,1,generar_emb,-,8695,0,0.010358500
postgres,1,insert_emb,-,8695,0,0.005497300
postgres,1,generar_emb,-,8696,0,0.011406700
postgres,1,insert_emb,-,8696,0,0.005321700
postgres,1,generar_emb,-,8697,0,0.010792200
postgres,1,insert_emb,-,8697,0,0.005201000
postgres,1,generar_emb,-,8698,0,0.011336600
postgres,1,insert_emb,-,8698,0,0.005561800
postgres,1,generar_emb,-,8699,0,0.013002500
postgres,1,insert_emb,-,8699,0,0.005431300
postgres,1,generar_emb,-,8700,0,0.010931700
postgres,1,insert_emb,-,8700,0,0.005360300
postgres,1,generar_emb,-,8701,0,0.013236200
postgres,1,insert_emb,-,8701,0,0.005671000
postgres,1,generar_emb,-,8702,0,0.011859600
postgres,1,insert_emb,-,8702,0,0.005509700
postgres,1,generar_emb,-,8703,0,0.012492400
postgres,1,insert_emb,-,8703,0,0.005281500
postgres,1,generar_emb,-,8704,0,0.010728200
postgres,1,insert_emb,-,8704,0,0.005291600
postgres,1,generar_emb,-,8705,0,0.015012900
postgres,1,insert_emb,-,8705,0,0.005999800
postgres,1,generar_emb,-,8706,0,0.010519600
postgres,1,insert_emb,-,8706,0,0.005292400
postgres,1,generar_emb,-,8707,0,0.010802200
postgres,1,insert_emb,-,8707,0,0.005336900
postgres,1,generar_emb,-,8708,0,0.010399100
postgres,1,insert_emb,-,8708,0,0.005589400
postgres,1,generar_emb,-,8709,0,0.011143400
postgres,1,insert_emb,-,8709,0,0.005673100
postgres,1,generar_emb,-,8710,0,0.010743500
postgres,1,insert_emb,-,8710,0,0.005818300
postgres,1,generar_emb,-,8711,0,0.011203100
postgres,1,insert_emb,-,8711,0,0.005445100
postgres,1,generar_emb,-,8712,0,0.013243100
postgres,1,insert_emb,-,8712,0,0.005304400
postgres,1,generar_emb,-,8713,0,0.014980600
postgres,1,insert_emb,-,8713,0,0.005681200
postgres,1,generar_emb,-,8714,0,0.015839300
postgres,1,insert_emb,-,8714,0,0.005576900
postgres,1,generar_emb,-,8715,0,0.012480200
postgres,1,insert_emb,-,8715,0,0.005847900
postgres,1,generar_emb,-,8716,0,0.011681400
postgres,1,insert_emb,-,8716,0,0.005588900
postgres,1,generar_emb,-,8717,0,0.012104000
postgres,1,insert_emb,-,8717,0,0.005289000
postgres,1,generar_emb,-,8718,0,0.011672200
postgres,1,insert_emb,-,8718,0,0.005140800
postgres,1,generar_emb,-,8719,0,0.010677800
postgres,1,insert_emb,-,8719,0,0.005122500
postgres,1,generar_emb,-,8720,0,0.011592800
postgres,1,insert_emb,-,8720,0,0.005323300
postgres,1,generar_emb,-,8721,0,0.011837200
postgres,1,insert_emb,-,8721,0,0.005538900
postgres,1,generar_emb,-,8722,0,0.012601500
postgres,1,insert_emb,-,8722,0,0.005696800
postgres,1,generar_emb,-,8723,0,0.010931400
postgres,1,insert_emb,-,8723,0,0.005449100
postgres,1,generar_emb,-,8724,0,0.014039200
postgres,1,insert_emb,-,8724,0,0.005337300
postgres,1,generar_emb,-,8725,0,0.012207500
postgres,1,insert_emb,-,8725,0,0.005871500
postgres,1,generar_emb,-,8726,0,0.012818500
postgres,1,insert_emb,-,8726,0,0.005114400
postgres,1,generar_emb,-,8727,0,0.012185400
postgres,1,insert_emb,-,8727,0,0.005159000
postgres,1,generar_emb,-,8728,0,0.010781300
postgres,1,insert_emb,-,8728,0,0.005635300
postgres,1,generar_emb,-,8729,0,0.011779900
postgres,1,insert_emb,-,8729,0,0.005346800
postgres,1,generar_emb,-,8730,0,0.011340800
postgres,1,insert_emb,-,8730,0,0.005649300
postgres,1,generar_emb,-,8731,0,0.011862700
postgres,1,insert_emb,-,8731,0,0.005282500
postgres,1,generar_emb,-,8732,0,0.013333900
postgres,1,insert_emb,-,8732,0,0.005726600
postgres,1,generar_emb,-,8733,0,0.011739500
postgres,1,insert_emb,-,8733,0,0.005716000
postgres,1,generar_emb,-,8734,0,0.011837100
postgres,1,insert_emb,-,8734,0,0.005545600
postgres,1,generar_emb,-,8735,0,0.010875400
postgres,1,insert_emb,-,8735,0,0.005524700
postgres,1,generar_emb,-,8736,0,0.012882900
postgres,1,insert_emb,-,8736,0,0.005329300
postgres,1,generar_emb,-,8737,0,0.012894700
postgres,1,insert_emb,-,8737,0,0.005475900
postgres,1,generar_emb,-,8738,0,0.011589400
postgres,1,insert_emb,-,8738,0,0.005801300
postgres,1,generar_emb,-,8739,0,0.012671700
postgres,1,insert_emb,-,8739,0,0.005905000
postgres,1,generar_emb,-,8740,0,0.012357400
postgres,1,insert_emb,-,8740,0,0.005516800
postgres,1,generar_emb,-,8741,0,0.011386700
postgres,1,insert_emb,-,8741,0,0.005654900
postgres,1,generar_emb,-,8742,0,0.013921800
postgres,1,insert_emb,-,8742,0,0.005266100
postgres,1,generar_emb,-,8743,0,0.011746300
postgres,1,insert_emb,-,8743,0,0.005558100
postgres,1,generar_emb,-,8744,0,0.012073400
postgres,1,insert_emb,-,8744,0,0.005422000
postgres,1,generar_emb,-,8745,0,0.013016200
postgres,1,insert_emb,-,8745,0,0.005923800
postgres,1,generar_emb,-,8746,0,0.013293000
postgres,1,insert_emb,-,8746,0,0.005811000
postgres,1,generar_emb,-,8747,0,0.012756300
postgres,1,insert_emb,-,8747,0,0.005471200
postgres,1,generar_emb,-,8748,0,0.012505400
postgres,1,insert_emb,-,8748,0,0.005642200
postgres,1,generar_emb,-,8749,0,0.011132700
postgres,1,insert_emb,-,8749,0,0.005721400
postgres,1,generar_emb,-,8750,0,0.012719900
postgres,1,insert_emb,-,8750,0,0.005888200
postgres,1,generar_emb,-,8751,0,0.013121500
postgres,1,insert_emb,-,8751,0,0.005720300
postgres,1,generar_emb,-,8752,0,0.012854400
postgres,1,insert_emb,-,8752,0,0.004985200
postgres,1,generar_emb,-,8753,0,0.014213800
postgres,1,insert_emb,-,8753,0,0.005569700
postgres,1,generar_emb,-,8754,0,0.013427600
postgres,1,insert_emb,-,8754,0,0.006505900
postgres,1,generar_emb,-,8755,0,0.012706700
postgres,1,insert_emb,-,8755,0,0.005447400
postgres,1,generar_emb,-,8756,0,0.012878600
postgres,1,insert_emb,-,8756,0,0.005534000
postgres,1,generar_emb,-,8757,0,0.013004300
postgres,1,insert_emb,-,8757,0,0.005318300
postgres,1,generar_emb,-,8758,0,0.013142700
postgres,1,insert_emb,-,8758,0,0.005217100
postgres,1,generar_emb,-,8759,0,0.011705400
postgres,1,insert_emb,-,8759,0,0.005206800
postgres,1,generar_emb,-,8760,0,0.012932400
postgres,1,insert_emb,-,8760,0,0.005324500
postgres,1,generar_emb,-,8761,0,0.015007600
postgres,1,insert_emb,-,8761,0,0.005990100
postgres,1,generar_emb,-,8762,0,0.012281400
postgres,1,insert_emb,-,8762,0,0.005242500
postgres,1,generar_emb,-,8763,0,0.011646200
postgres,1,insert_emb,-,8763,0,0.005108000
postgres,1,generar_emb,-,8764,0,0.012967000
postgres,1,insert_emb,-,8764,0,0.005425000
postgres,1,generar_emb,-,8765,0,0.014040200
postgres,1,insert_emb,-,8765,0,0.005546100
postgres,1,generar_emb,-,8766,0,0.012669600
postgres,1,insert_emb,-,8766,0,0.006043100
postgres,1,generar_emb,-,8767,0,0.014268300
postgres,1,insert_emb,-,8767,0,0.006076300
postgres,1,generar_emb,-,8768,0,0.013664600
postgres,1,insert_emb,-,8768,0,0.005787400
postgres,1,generar_emb,-,8769,0,0.012708700
postgres,1,insert_emb,-,8769,0,0.005831900
postgres,1,generar_emb,-,8770,0,0.012349600
postgres,1,insert_emb,-,8770,0,0.006107400
postgres,1,generar_emb,-,8771,0,0.012698600
postgres,1,insert_emb,-,8771,0,0.005607300
postgres,1,generar_emb,-,8772,0,0.012611100
postgres,1,insert_emb,-,8772,0,0.005453000
postgres,1,generar_emb,-,8773,0,0.011869800
postgres,1,insert_emb,-,8773,0,0.005721000
postgres,1,generar_emb,-,8774,0,0.010848500
postgres,1,insert_emb,-,8774,0,0.005291400
postgres,1,generar_emb,-,8775,0,0.010732500
postgres,1,insert_emb,-,8775,0,0.005777700
postgres,1,generar_emb,-,8776,0,0.011357400
postgres,1,insert_emb,-,8776,0,0.005683900
postgres,1,generar_emb,-,8777,0,0.012367900
postgres,1,insert_emb,-,8777,0,0.005419200
postgres,1,generar_emb,-,8778,0,0.013885400
postgres,1,insert_emb,-,8778,0,0.005725400
postgres,1,generar_emb,-,8779,0,0.013492600
postgres,1,insert_emb,-,8779,0,0.005475400
postgres,1,generar_emb,-,8780,0,0.011750000
postgres,1,insert_emb,-,8780,0,0.005220800
postgres,1,generar_emb,-,8781,0,0.010763700
postgres,1,insert_emb,-,8781,0,0.005031500
postgres,1,generar_emb,-,8782,0,0.011500300
postgres,1,insert_emb,-,8782,0,0.005097300
postgres,1,generar_emb,-,8783,0,0.011492700
postgres,1,insert_emb,-,8783,0,0.005362300
postgres,1,generar_emb,-,8784,0,0.011753000
postgres,1,insert_emb,-,8784,0,0.005506100
postgres,1,generar_emb,-,8785,0,0.011956600
postgres,1,insert_emb,-,8785,0,0.005868100
postgres,1,generar_emb,-,8786,0,0.011759900
postgres,1,insert_emb,-,8786,0,0.005829200
postgres,1,generar_emb,-,8787,0,0.011821500
postgres,1,insert_emb,-,8787,0,0.005463600
postgres,1,generar_emb,-,8788,0,0.011654300
postgres,1,insert_emb,-,8788,0,0.005483100
postgres,1,generar_emb,-,8789,0,0.011010500
postgres,1,insert_emb,-,8789,0,0.005295600
postgres,1,generar_emb,-,8790,0,0.013655200
postgres,1,insert_emb,-,8790,0,0.005576500
postgres,1,generar_emb,-,8791,0,0.010511200
postgres,1,insert_emb,-,8791,0,0.005293400
postgres,1,generar_emb,-,8792,0,0.011930900
postgres,1,insert_emb,-,8792,0,0.005345300
postgres,1,generar_emb,-,8793,0,0.011303400
postgres,1,insert_emb,-,8793,0,0.005318300
postgres,1,generar_emb,-,8794,0,0.010684900
postgres,1,insert_emb,-,8794,0,0.005273100
postgres,1,generar_emb,-,8795,0,0.013414800
postgres,1,insert_emb,-,8795,0,0.005232600
postgres,1,generar_emb,-,8796,0,0.010724200
postgres,1,insert_emb,-,8796,0,0.005126700
postgres,1,generar_emb,-,8797,0,0.012188800
postgres,1,insert_emb,-,8797,0,0.005289200
postgres,1,generar_emb,-,8798,0,0.014761000
postgres,1,insert_emb,-,8798,0,0.005587000
postgres,1,generar_emb,-,8799,0,0.011224300
postgres,1,insert_emb,-,8799,0,0.005295400
postgres,1,generar_emb,-,8800,0,0.011431200
postgres,1,insert_emb,-,8800,0,0.005372300
postgres,1,generar_emb,-,8801,0,0.012249300
postgres,1,insert_emb,-,8801,0,0.005079600
postgres,1,generar_emb,-,8802,0,0.012614200
postgres,1,insert_emb,-,8802,0,0.005538000
postgres,1,generar_emb,-,8803,0,0.011041200
postgres,1,insert_emb,-,8803,0,0.005238400
postgres,1,generar_emb,-,8804,0,0.011663100
postgres,1,insert_emb,-,8804,0,0.005584200
postgres,1,generar_emb,-,8805,0,0.012108000
postgres,1,insert_emb,-,8805,0,0.005823700
postgres,1,generar_emb,-,8806,0,0.011805900
postgres,1,insert_emb,-,8806,0,0.005429100
postgres,1,generar_emb,-,8807,0,0.011999500
postgres,1,insert_emb,-,8807,0,0.005470500
postgres,1,generar_emb,-,8808,0,0.014059400
postgres,1,insert_emb,-,8808,0,0.005587300
postgres,1,generar_emb,-,8809,0,0.013790500
postgres,1,insert_emb,-,8809,0,0.005383600
postgres,1,generar_emb,-,8810,0,0.013347900
postgres,1,insert_emb,-,8810,0,0.005518400
postgres,1,generar_emb,-,8811,0,0.012803000
postgres,1,insert_emb,-,8811,0,0.005560600
postgres,1,generar_emb,-,8812,0,0.012929800
postgres,1,insert_emb,-,8812,0,0.005408900
postgres,1,generar_emb,-,8813,0,0.011264200
postgres,1,insert_emb,-,8813,0,0.005573800
postgres,1,generar_emb,-,8814,0,0.010841800
postgres,1,insert_emb,-,8814,0,0.005604800
postgres,1,generar_emb,-,8815,0,0.011781400
postgres,1,insert_emb,-,8815,0,0.005724400
postgres,1,generar_emb,-,8816,0,0.013694300
postgres,1,insert_emb,-,8816,0,0.005527300
postgres,1,generar_emb,-,8817,0,0.013616800
postgres,1,insert_emb,-,8817,0,0.005702900
postgres,1,generar_emb,-,8818,0,0.013290400
postgres,1,insert_emb,-,8818,0,0.005939000
postgres,1,generar_emb,-,8819,0,0.012833200
postgres,1,insert_emb,-,8819,0,0.005439700
postgres,1,generar_emb,-,8820,0,0.013543200
postgres,1,insert_emb,-,8820,0,0.005807600
postgres,1,generar_emb,-,8821,0,0.012171000
postgres,1,insert_emb,-,8821,0,0.005494000
postgres,1,generar_emb,-,8822,0,0.012083200
postgres,1,insert_emb,-,8822,0,0.005046400
postgres,1,generar_emb,-,8823,0,0.013196500
postgres,1,insert_emb,-,8823,0,0.005603400
postgres,1,generar_emb,-,8824,0,0.013780500
postgres,1,insert_emb,-,8824,0,0.005830200
postgres,1,generar_emb,-,8825,0,0.014041700
postgres,1,insert_emb,-,8825,0,0.006518400
postgres,1,generar_emb,-,8826,0,0.010912700
postgres,1,insert_emb,-,8826,0,0.005523900
postgres,1,generar_emb,-,8827,0,0.011138400
postgres,1,insert_emb,-,8827,0,0.005473100
postgres,1,generar_emb,-,8828,0,0.011022400
postgres,1,insert_emb,-,8828,0,0.005249100
postgres,1,generar_emb,-,8829,0,0.011797200
postgres,1,insert_emb,-,8829,0,0.005156400
postgres,1,generar_emb,-,8830,0,0.011730200
postgres,1,insert_emb,-,8830,0,0.005480300
postgres,1,generar_emb,-,8831,0,0.013057600
postgres,1,insert_emb,-,8831,0,0.005362200
postgres,1,generar_emb,-,8832,0,0.011824500
postgres,1,insert_emb,-,8832,0,0.005492600
postgres,1,generar_emb,-,8833,0,0.011039700
postgres,1,insert_emb,-,8833,0,0.005390100
postgres,1,generar_emb,-,8834,0,0.011569400
postgres,1,insert_emb,-,8834,0,0.005604900
postgres,1,generar_emb,-,8835,0,0.011167900
postgres,1,insert_emb,-,8835,0,0.005524300
postgres,1,generar_emb,-,8836,0,0.014235700
postgres,1,insert_emb,-,8836,0,0.005381000
postgres,1,generar_emb,-,8837,0,0.012550600
postgres,1,insert_emb,-,8837,0,0.005523100
postgres,1,generar_emb,-,8838,0,0.011218900
postgres,1,insert_emb,-,8838,0,0.005562600
postgres,1,generar_emb,-,8839,0,0.011949500
postgres,1,insert_emb,-,8839,0,0.005699300
postgres,1,generar_emb,-,8840,0,0.011735900
postgres,1,insert_emb,-,8840,0,0.005695900
postgres,1,generar_emb,-,8841,0,0.012940000
postgres,1,insert_emb,-,8841,0,0.005717200
postgres,1,generar_emb,-,8842,0,0.011014600
postgres,1,insert_emb,-,8842,0,0.005697100
postgres,1,generar_emb,-,8843,0,0.015902700
postgres,1,insert_emb,-,8843,0,0.005744000
postgres,1,generar_emb,-,8844,0,0.010820000
postgres,1,insert_emb,-,8844,0,0.005576700
postgres,1,generar_emb,-,8845,0,0.012129100
postgres,1,insert_emb,-,8845,0,0.005760700
postgres,1,generar_emb,-,8846,0,0.014142600
postgres,1,insert_emb,-,8846,0,0.006570100
postgres,1,generar_emb,-,8847,0,0.013839800
postgres,1,insert_emb,-,8847,0,0.006519700
postgres,1,generar_emb,-,8848,0,0.013452800
postgres,1,insert_emb,-,8848,0,0.006536500
postgres,1,generar_emb,-,8849,0,0.018822400
postgres,1,insert_emb,-,8849,0,0.007472600
postgres,1,generar_emb,-,8850,0,0.017661100
postgres,1,insert_emb,-,8850,0,0.007527500
postgres,1,generar_emb,-,8851,0,0.017912000
postgres,1,insert_emb,-,8851,0,0.007230400
postgres,1,generar_emb,-,8852,0,0.017037900
postgres,1,insert_emb,-,8852,0,0.006026700
postgres,1,generar_emb,-,8853,0,0.013890600
postgres,1,insert_emb,-,8853,0,0.005644400
postgres,1,generar_emb,-,8854,0,0.011470300
postgres,1,insert_emb,-,8854,0,0.005276700
postgres,1,generar_emb,-,8855,0,0.011306800
postgres,1,insert_emb,-,8855,0,0.005169900
postgres,1,generar_emb,-,8856,0,0.013193700
postgres,1,insert_emb,-,8856,0,0.005271300
postgres,1,generar_emb,-,8857,0,0.011309400
postgres,1,insert_emb,-,8857,0,0.005098100
postgres,1,generar_emb,-,8858,0,0.011193700
postgres,1,insert_emb,-,8858,0,0.005259600
postgres,1,generar_emb,-,8859,0,0.011023200
postgres,1,insert_emb,-,8859,0,0.005176800
postgres,1,generar_emb,-,8860,0,0.012242100
postgres,1,insert_emb,-,8860,0,0.005178000
postgres,1,generar_emb,-,8861,0,0.012227400
postgres,1,insert_emb,-,8861,0,0.005081600
postgres,1,generar_emb,-,8862,0,0.015577800
postgres,1,insert_emb,-,8862,0,0.006159500
postgres,1,generar_emb,-,8863,0,0.014809700
postgres,1,insert_emb,-,8863,0,0.005815900
postgres,1,generar_emb,-,8864,0,0.015159400
postgres,1,insert_emb,-,8864,0,0.005937100
postgres,1,generar_emb,-,8865,0,0.017861800
postgres,1,insert_emb,-,8865,0,0.006581900
postgres,1,generar_emb,-,8866,0,0.020187300
postgres,1,insert_emb,-,8866,0,0.008718100
postgres,1,generar_emb,-,8867,0,0.017816600
postgres,1,insert_emb,-,8867,0,0.007246900
postgres,1,generar_emb,-,8868,0,0.019935500
postgres,1,insert_emb,-,8868,0,0.005892800
postgres,1,generar_emb,-,8869,0,0.014637600
postgres,1,insert_emb,-,8869,0,0.005422900
postgres,1,generar_emb,-,8870,0,0.011843600
postgres,1,insert_emb,-,8870,0,0.005560900
postgres,1,generar_emb,-,8871,0,0.010817700
postgres,1,insert_emb,-,8871,0,0.004984400
postgres,1,generar_emb,-,8872,0,0.010816000
postgres,1,insert_emb,-,8872,0,0.005650200
postgres,1,generar_emb,-,8873,0,0.010994000
postgres,1,insert_emb,-,8873,0,0.005467400
postgres,1,generar_emb,-,8874,0,0.014416600
postgres,1,insert_emb,-,8874,0,0.005676600
postgres,1,generar_emb,-,8875,0,0.012044500
postgres,1,insert_emb,-,8875,0,0.005562900
postgres,1,generar_emb,-,8876,0,0.011322200
postgres,1,insert_emb,-,8876,0,0.005527800
postgres,1,generar_emb,-,8877,0,0.011402400
postgres,1,insert_emb,-,8877,0,0.005508100
postgres,1,generar_emb,-,8878,0,0.011389300
postgres,1,insert_emb,-,8878,0,0.005507200
postgres,1,generar_emb,-,8879,0,0.010874400
postgres,1,insert_emb,-,8879,0,0.005396600
postgres,1,generar_emb,-,8880,0,0.011054800
postgres,1,insert_emb,-,8880,0,0.005574000
postgres,1,generar_emb,-,8881,0,0.011478200
postgres,1,insert_emb,-,8881,0,0.005490600
postgres,1,generar_emb,-,8882,0,0.011219000
postgres,1,insert_emb,-,8882,0,0.005720900
postgres,1,generar_emb,-,8883,0,0.011105500
postgres,1,insert_emb,-,8883,0,0.005544600
postgres,1,generar_emb,-,8884,0,0.011103600
postgres,1,insert_emb,-,8884,0,0.005487200
postgres,1,generar_emb,-,8885,0,0.009928900
postgres,1,insert_emb,-,8885,0,0.005572300
postgres,1,generar_emb,-,8886,0,0.012061800
postgres,1,insert_emb,-,8886,0,0.005678700
postgres,1,generar_emb,-,8887,0,0.012785700
postgres,1,insert_emb,-,8887,0,0.005681300
postgres,1,generar_emb,-,8888,0,0.013117200
postgres,1,insert_emb,-,8888,0,0.005727100
postgres,1,generar_emb,-,8889,0,0.012365400
postgres,1,insert_emb,-,8889,0,0.005308700
postgres,1,generar_emb,-,8890,0,0.011044500
postgres,1,insert_emb,-,8890,0,0.005351300
postgres,1,generar_emb,-,8891,0,0.015589400
postgres,1,insert_emb,-,8891,0,0.005648700
postgres,1,generar_emb,-,8892,0,0.012401600
postgres,1,insert_emb,-,8892,0,0.005126300
postgres,1,generar_emb,-,8893,0,0.011529100
postgres,1,insert_emb,-,8893,0,0.005145800
postgres,1,generar_emb,-,8894,0,0.011238800
postgres,1,insert_emb,-,8894,0,0.005107300
postgres,1,generar_emb,-,8895,0,0.011187300
postgres,1,insert_emb,-,8895,0,0.005245200
postgres,1,generar_emb,-,8896,0,0.011017200
postgres,1,insert_emb,-,8896,0,0.005158900
postgres,1,generar_emb,-,8897,0,0.011803000
postgres,1,insert_emb,-,8897,0,0.004900200
postgres,1,generar_emb,-,8898,0,0.011817200
postgres,1,insert_emb,-,8898,0,0.004937200
postgres,1,generar_emb,-,8899,0,0.014080000
postgres,1,insert_emb,-,8899,0,0.005581100
postgres,1,generar_emb,-,8900,0,0.011542600
postgres,1,insert_emb,-,8900,0,0.005406400
postgres,1,generar_emb,-,8901,0,0.012847900
postgres,1,insert_emb,-,8901,0,0.005540600
postgres,1,generar_emb,-,8902,0,0.011196100
postgres,1,insert_emb,-,8902,0,0.005213400
postgres,1,generar_emb,-,8903,0,0.012216700
postgres,1,insert_emb,-,8903,0,0.005599000
postgres,1,generar_emb,-,8904,0,0.012789700
postgres,1,insert_emb,-,8904,0,0.005439700
postgres,1,generar_emb,-,8905,0,0.013050500
postgres,1,insert_emb,-,8905,0,0.005429200
postgres,1,generar_emb,-,8906,0,0.012113000
postgres,1,insert_emb,-,8906,0,0.005561800
postgres,1,generar_emb,-,8907,0,0.017991300
postgres,1,insert_emb,-,8907,0,0.006612400
postgres,1,generar_emb,-,8908,0,0.015224500
postgres,1,insert_emb,-,8908,0,0.005481800
postgres,1,generar_emb,-,8909,0,0.013118900
postgres,1,insert_emb,-,8909,0,0.005238700
postgres,1,generar_emb,-,8910,0,0.013356300
postgres,1,insert_emb,-,8910,0,0.005884700
postgres,1,generar_emb,-,8911,0,0.013096000
postgres,1,insert_emb,-,8911,0,0.005832000
postgres,1,generar_emb,-,8912,0,0.011218400
postgres,1,insert_emb,-,8912,0,0.005587100
postgres,1,generar_emb,-,8913,0,0.011221700
postgres,1,insert_emb,-,8913,0,0.005762400
postgres,1,generar_emb,-,8914,0,0.011526200
postgres,1,insert_emb,-,8914,0,0.005725400
postgres,1,generar_emb,-,8915,0,0.012934400
postgres,1,insert_emb,-,8915,0,0.005332700
postgres,1,generar_emb,-,8916,0,0.012457400
postgres,1,insert_emb,-,8916,0,0.005395600
postgres,1,generar_emb,-,8917,0,0.011191400
postgres,1,insert_emb,-,8917,0,0.005612400
postgres,1,generar_emb,-,8918,0,0.013975200
postgres,1,insert_emb,-,8918,0,0.005097900
postgres,1,generar_emb,-,8919,0,0.014102300
postgres,1,insert_emb,-,8919,0,0.005485500
postgres,1,generar_emb,-,8920,0,0.012444800
postgres,1,insert_emb,-,8920,0,0.005623000
postgres,1,generar_emb,-,8921,0,0.012467600
postgres,1,insert_emb,-,8921,0,0.005366600
postgres,1,generar_emb,-,8922,0,0.012458800
postgres,1,insert_emb,-,8922,0,0.005304700
postgres,1,generar_emb,-,8923,0,0.013612800
postgres,1,insert_emb,-,8923,0,0.005476100
postgres,1,generar_emb,-,8924,0,0.013857000
postgres,1,insert_emb,-,8924,0,0.005134100
postgres,1,generar_emb,-,8925,0,0.012734600
postgres,1,insert_emb,-,8925,0,0.005300700
postgres,1,generar_emb,-,8926,0,0.013172200
postgres,1,insert_emb,-,8926,0,0.005314000
postgres,1,generar_emb,-,8927,0,0.013747700
postgres,1,insert_emb,-,8927,0,0.005468200
postgres,1,generar_emb,-,8928,0,0.011748200
postgres,1,insert_emb,-,8928,0,0.005332000
postgres,1,generar_emb,-,8929,0,0.014696300
postgres,1,insert_emb,-,8929,0,0.005402400
postgres,1,generar_emb,-,8930,0,0.013053300
postgres,1,insert_emb,-,8930,0,0.005359800
postgres,1,generar_emb,-,8931,0,0.012987100
postgres,1,insert_emb,-,8931,0,0.005462700
postgres,1,generar_emb,-,8932,0,0.013745800
postgres,1,insert_emb,-,8932,0,0.005712700
postgres,1,generar_emb,-,8933,0,0.014808600
postgres,1,insert_emb,-,8933,0,0.005731100
postgres,1,generar_emb,-,8934,0,0.013778300
postgres,1,insert_emb,-,8934,0,0.005351700
postgres,1,generar_emb,-,8935,0,0.013539200
postgres,1,insert_emb,-,8935,0,0.005309100
postgres,1,generar_emb,-,8936,0,0.012008900
postgres,1,insert_emb,-,8936,0,0.005170000
postgres,1,generar_emb,-,8937,0,0.012307500
postgres,1,insert_emb,-,8937,0,0.005237600
postgres,1,generar_emb,-,8938,0,0.012008900
postgres,1,insert_emb,-,8938,0,0.005169900
postgres,1,generar_emb,-,8939,0,0.012451200
postgres,1,insert_emb,-,8939,0,0.005304100
postgres,1,generar_emb,-,8940,0,0.010972200
postgres,1,insert_emb,-,8940,0,0.005508700
postgres,1,generar_emb,-,8941,0,0.015956200
postgres,1,insert_emb,-,8941,0,0.005725300
postgres,1,generar_emb,-,8942,0,0.013593600
postgres,1,insert_emb,-,8942,0,0.005648900
postgres,1,generar_emb,-,8943,0,0.012452600
postgres,1,insert_emb,-,8943,0,0.005933200
postgres,1,generar_emb,-,8944,0,0.013914700
postgres,1,insert_emb,-,8944,0,0.005860200
postgres,1,generar_emb,-,8945,0,0.013920900
postgres,1,insert_emb,-,8945,0,0.005452200
postgres,1,generar_emb,-,8946,0,0.013129600
postgres,1,insert_emb,-,8946,0,0.005454900
postgres,1,generar_emb,-,8947,0,0.013862700
postgres,1,insert_emb,-,8947,0,0.005545400
postgres,1,generar_emb,-,8948,0,0.012725300
postgres,1,insert_emb,-,8948,0,0.005585500
postgres,1,generar_emb,-,8949,0,0.012678100
postgres,1,insert_emb,-,8949,0,0.005330400
postgres,1,generar_emb,-,8950,0,0.013900700
postgres,1,insert_emb,-,8950,0,0.005359900
postgres,1,generar_emb,-,8951,0,0.012880900
postgres,1,insert_emb,-,8951,0,0.005560900
postgres,1,generar_emb,-,8952,0,0.012948100
postgres,1,insert_emb,-,8952,0,0.006088200
postgres,1,generar_emb,-,8953,0,0.013296800
postgres,1,insert_emb,-,8953,0,0.005036700
postgres,1,generar_emb,-,8954,0,0.010828400
postgres,1,insert_emb,-,8954,0,0.005542500
postgres,1,generar_emb,-,8955,0,0.012962200
postgres,1,insert_emb,-,8955,0,0.005591500
postgres,1,generar_emb,-,8956,0,0.012893100
postgres,1,insert_emb,-,8956,0,0.005124700
postgres,1,generar_emb,-,8957,0,0.011879200
postgres,1,insert_emb,-,8957,0,0.005140200
postgres,1,generar_emb,-,8958,0,0.013963300
postgres,1,insert_emb,-,8958,0,0.005596100
postgres,1,generar_emb,-,8959,0,0.011240700
postgres,1,insert_emb,-,8959,0,0.005365200
postgres,1,generar_emb,-,8960,0,0.013157300
postgres,1,insert_emb,-,8960,0,0.005570800
postgres,1,generar_emb,-,8961,0,0.014543500
postgres,1,insert_emb,-,8961,0,0.006820500
postgres,1,generar_emb,-,8962,0,0.012185400
postgres,1,insert_emb,-,8962,0,0.006124700
postgres,1,generar_emb,-,8963,0,0.013124200
postgres,1,insert_emb,-,8963,0,0.005563500
postgres,1,generar_emb,-,8964,0,0.014239800
postgres,1,insert_emb,-,8964,0,0.005730000
postgres,1,generar_emb,-,8965,0,0.015499500
postgres,1,insert_emb,-,8965,0,0.005904600
postgres,1,generar_emb,-,8966,0,0.013650200
postgres,1,insert_emb,-,8966,0,0.005883000
postgres,1,generar_emb,-,8967,0,0.014904300
postgres,1,insert_emb,-,8967,0,0.005746700
postgres,1,generar_emb,-,8968,0,0.015624500
postgres,1,insert_emb,-,8968,0,0.006025200
postgres,1,generar_emb,-,8969,0,0.020248900
postgres,1,insert_emb,-,8969,0,0.006026500
postgres,1,generar_emb,-,8970,0,0.013485200
postgres,1,insert_emb,-,8970,0,0.005706300
postgres,1,generar_emb,-,8971,0,0.013604200
postgres,1,insert_emb,-,8971,0,0.005667300
postgres,1,generar_emb,-,8972,0,0.014916200
postgres,1,insert_emb,-,8972,0,0.006192200
postgres,1,generar_emb,-,8973,0,0.016616600
postgres,1,insert_emb,-,8973,0,0.005322900
postgres,1,generar_emb,-,8974,0,0.012948800
postgres,1,insert_emb,-,8974,0,0.005547200
postgres,1,generar_emb,-,8975,0,0.014586000
postgres,1,insert_emb,-,8975,0,0.005432000
postgres,1,generar_emb,-,8976,0,0.013772100
postgres,1,insert_emb,-,8976,0,0.005683300
postgres,1,generar_emb,-,8977,0,0.012959100
postgres,1,insert_emb,-,8977,0,0.005720300
postgres,1,generar_emb,-,8978,0,0.013320100
postgres,1,insert_emb,-,8978,0,0.005535300
postgres,1,generar_emb,-,8979,0,0.014860200
postgres,1,insert_emb,-,8979,0,0.005686700
postgres,1,generar_emb,-,8980,0,0.012666300
postgres,1,insert_emb,-,8980,0,0.005435200
postgres,1,generar_emb,-,8981,0,0.015379600
postgres,1,insert_emb,-,8981,0,0.005168400
postgres,1,generar_emb,-,8982,0,0.012274200
postgres,1,insert_emb,-,8982,0,0.005338600
postgres,1,generar_emb,-,8983,0,0.014718500
postgres,1,insert_emb,-,8983,0,0.006307100
postgres,1,generar_emb,-,8984,0,0.014149800
postgres,1,insert_emb,-,8984,0,0.005771400
postgres,1,generar_emb,-,8985,0,0.011401400
postgres,1,insert_emb,-,8985,0,0.005839600
postgres,1,generar_emb,-,8986,0,0.012942600
postgres,1,insert_emb,-,8986,0,0.005599400
postgres,1,generar_emb,-,8987,0,0.016316500
postgres,1,insert_emb,-,8987,0,0.005136100
postgres,1,generar_emb,-,8988,0,0.011442600
postgres,1,insert_emb,-,8988,0,0.004882100
postgres,1,generar_emb,-,8989,0,0.010863700
postgres,1,insert_emb,-,8989,0,0.005458800
postgres,1,generar_emb,-,8990,0,0.010912000
postgres,1,insert_emb,-,8990,0,0.005336900
postgres,1,generar_emb,-,8991,0,0.010553400
postgres,1,insert_emb,-,8991,0,0.005061300
postgres,1,generar_emb,-,8992,0,0.010762400
postgres,1,insert_emb,-,8992,0,0.004905400
postgres,1,generar_emb,-,8993,0,0.012748500
postgres,1,insert_emb,-,8993,0,0.005635200
postgres,1,generar_emb,-,8994,0,0.011439700
postgres,1,insert_emb,-,8994,0,0.005666200
postgres,1,generar_emb,-,8995,0,0.011011400
postgres,1,insert_emb,-,8995,0,0.005535600
postgres,1,generar_emb,-,8996,0,0.011563700
postgres,1,insert_emb,-,8996,0,0.005418300
postgres,1,generar_emb,-,8997,0,0.015784400
postgres,1,insert_emb,-,8997,0,0.005152300
postgres,1,generar_emb,-,8998,0,0.012107200
postgres,1,insert_emb,-,8998,0,0.005435700
postgres,1,generar_emb,-,8999,0,0.012061300
postgres,1,insert_emb,-,8999,0,0.005775700
postgres,1,generar_emb,-,9000,0,0.015214900
postgres,1,insert_emb,-,9000,0,0.006030600
postgres,1,generar_emb,-,9001,0,0.015266100
postgres,1,insert_emb,-,9001,0,0.005364400
postgres,1,generar_emb,-,9002,0,0.012634900
postgres,1,insert_emb,-,9002,0,0.005027000
postgres,1,generar_emb,-,9003,0,0.011570900
postgres,1,insert_emb,-,9003,0,0.005115900
postgres,1,generar_emb,-,9004,0,0.012995300
postgres,1,insert_emb,-,9004,0,0.005150700
postgres,1,generar_emb,-,9005,0,0.012455900
postgres,1,insert_emb,-,9005,0,0.005286300
postgres,1,generar_emb,-,9006,0,0.013018000
postgres,1,insert_emb,-,9006,0,0.005880800
postgres,1,generar_emb,-,9007,0,0.013456600
postgres,1,insert_emb,-,9007,0,0.004977600
postgres,1,generar_emb,-,9008,0,0.012484900
postgres,1,insert_emb,-,9008,0,0.005594500
postgres,1,generar_emb,-,9009,0,0.012179500
postgres,1,insert_emb,-,9009,0,0.005269500
postgres,1,generar_emb,-,9010,0,0.012075900
postgres,1,insert_emb,-,9010,0,0.005232000
postgres,1,generar_emb,-,9011,0,0.016026200
postgres,1,insert_emb,-,9011,0,0.005083300
postgres,1,generar_emb,-,9012,0,0.011883200
postgres,1,insert_emb,-,9012,0,0.005056700
postgres,1,generar_emb,-,9013,0,0.013372900
postgres,1,insert_emb,-,9013,0,0.005107000
postgres,1,generar_emb,-,9014,0,0.012118700
postgres,1,insert_emb,-,9014,0,0.005535000
postgres,1,generar_emb,-,9015,0,0.012436200
postgres,1,insert_emb,-,9015,0,0.005697400
postgres,1,generar_emb,-,9016,0,0.010490900
postgres,1,insert_emb,-,9016,0,0.005644200
postgres,1,generar_emb,-,9017,0,0.011554000
postgres,1,insert_emb,-,9017,0,0.005224600
postgres,1,generar_emb,-,9018,0,0.011663200
postgres,1,insert_emb,-,9018,0,0.005462300
postgres,1,generar_emb,-,9019,0,0.011794400
postgres,1,insert_emb,-,9019,0,0.005290900
postgres,1,generar_emb,-,9020,0,0.013211400
postgres,1,insert_emb,-,9020,0,0.005485000
postgres,1,generar_emb,-,9021,0,0.015675100
postgres,1,insert_emb,-,9021,0,0.005151300
postgres,1,generar_emb,-,9022,0,0.012055300
postgres,1,insert_emb,-,9022,0,0.005280800
postgres,1,generar_emb,-,9023,0,0.012214900
postgres,1,insert_emb,-,9023,0,0.005515400
postgres,1,generar_emb,-,9024,0,0.016982800
postgres,1,insert_emb,-,9024,0,0.005436300
postgres,1,generar_emb,-,9025,0,0.014367200
postgres,1,insert_emb,-,9025,0,0.006202500
postgres,1,generar_emb,-,9026,0,0.014004200
postgres,1,insert_emb,-,9026,0,0.005739000
postgres,1,generar_emb,-,9027,0,0.012347500
postgres,1,insert_emb,-,9027,0,0.005701200
postgres,1,generar_emb,-,9028,0,0.014051900
postgres,1,insert_emb,-,9028,0,0.005696100
postgres,1,generar_emb,-,9029,0,0.012045500
postgres,1,insert_emb,-,9029,0,0.005419500
postgres,1,generar_emb,-,9030,0,0.011673300
postgres,1,insert_emb,-,9030,0,0.006328800
postgres,1,generar_emb,-,9031,0,0.010700000
postgres,1,insert_emb,-,9031,0,0.005245500
postgres,1,generar_emb,-,9032,0,0.011370300
postgres,1,insert_emb,-,9032,0,0.005445900
postgres,1,generar_emb,-,9033,0,0.011392600
postgres,1,insert_emb,-,9033,0,0.005457400
postgres,1,generar_emb,-,9034,0,0.012359000
postgres,1,insert_emb,-,9034,0,0.005310500
postgres,1,generar_emb,-,9035,0,0.012652700
postgres,1,insert_emb,-,9035,0,0.005504100
postgres,1,generar_emb,-,9036,0,0.012865800
postgres,1,insert_emb,-,9036,0,0.005640000
postgres,1,generar_emb,-,9037,0,0.011996500
postgres,1,insert_emb,-,9037,0,0.005352400
postgres,1,generar_emb,-,9038,0,0.010696600
postgres,1,insert_emb,-,9038,0,0.005824000
postgres,1,generar_emb,-,9039,0,0.012121400
postgres,1,insert_emb,-,9039,0,0.005274000
postgres,1,generar_emb,-,9040,0,0.013705100
postgres,1,insert_emb,-,9040,0,0.005931900
postgres,1,generar_emb,-,9041,0,0.013543200
postgres,1,insert_emb,-,9041,0,0.005739500
postgres,1,generar_emb,-,9042,0,0.011682800
postgres,1,insert_emb,-,9042,0,0.005364700
postgres,1,generar_emb,-,9043,0,0.010859000
postgres,1,insert_emb,-,9043,0,0.005428300
postgres,1,generar_emb,-,9044,0,0.010434100
postgres,1,insert_emb,-,9044,0,0.005575400
postgres,1,generar_emb,-,9045,0,0.012743300
postgres,1,insert_emb,-,9045,0,0.005833100
postgres,1,generar_emb,-,9046,0,0.011070200
postgres,1,insert_emb,-,9046,0,0.005736000
postgres,1,generar_emb,-,9047,0,0.013424300
postgres,1,insert_emb,-,9047,0,0.005642100
postgres,1,generar_emb,-,9048,0,0.013835100
postgres,1,insert_emb,-,9048,0,0.005391000
postgres,1,generar_emb,-,9049,0,0.012341400
postgres,1,insert_emb,-,9049,0,0.005234300
postgres,1,generar_emb,-,9050,0,0.012453900
postgres,1,insert_emb,-,9050,0,0.006061300
postgres,1,generar_emb,-,9051,0,0.011842900
postgres,1,insert_emb,-,9051,0,0.005859000
postgres,1,generar_emb,-,9052,0,0.014584300
postgres,1,insert_emb,-,9052,0,0.005102800
postgres,1,generar_emb,-,9053,0,0.011391000
postgres,1,insert_emb,-,9053,0,0.005338800
postgres,1,generar_emb,-,9054,0,0.012610200
postgres,1,insert_emb,-,9054,0,0.005686000
postgres,1,generar_emb,-,9055,0,0.011085500
postgres,1,insert_emb,-,9055,0,0.006001300
postgres,1,generar_emb,-,9056,0,0.011437800
postgres,1,insert_emb,-,9056,0,0.005424800
postgres,1,generar_emb,-,9057,0,0.015953500
postgres,1,insert_emb,-,9057,0,0.005156000
postgres,1,generar_emb,-,9058,0,0.013102200
postgres,1,insert_emb,-,9058,0,0.005207100
postgres,1,generar_emb,-,9059,0,0.011670200
postgres,1,insert_emb,-,9059,0,0.005192300
postgres,1,generar_emb,-,9060,0,0.012242100
postgres,1,insert_emb,-,9060,0,0.005755400
postgres,1,generar_emb,-,9061,0,0.014307800
postgres,1,insert_emb,-,9061,0,0.006502000
postgres,1,generar_emb,-,9062,0,0.015172100
postgres,1,insert_emb,-,9062,0,0.006118700
postgres,1,generar_emb,-,9063,0,0.014340700
postgres,1,insert_emb,-,9063,0,0.005945300
postgres,1,generar_emb,-,9064,0,0.017719700
postgres,1,insert_emb,-,9064,0,0.006600100
postgres,1,generar_emb,-,9065,0,0.015148000
postgres,1,insert_emb,-,9065,0,0.005770500
postgres,1,generar_emb,-,9066,0,0.012489500
postgres,1,insert_emb,-,9066,0,0.005410100
postgres,1,generar_emb,-,9067,0,0.014318000
postgres,1,insert_emb,-,9067,0,0.005356000
postgres,1,generar_emb,-,9068,0,0.013451300
postgres,1,insert_emb,-,9068,0,0.006252400
postgres,1,generar_emb,-,9069,0,0.016333800
postgres,1,insert_emb,-,9069,0,0.005425300
postgres,1,generar_emb,-,9070,0,0.012964200
postgres,1,insert_emb,-,9070,0,0.006198000
postgres,1,generar_emb,-,9071,0,0.014053800
postgres,1,insert_emb,-,9071,0,0.005661000
postgres,1,generar_emb,-,9072,0,0.013206400
postgres,1,insert_emb,-,9072,0,0.005501100
postgres,1,generar_emb,-,9073,0,0.016974200
postgres,1,insert_emb,-,9073,0,0.006033600
postgres,1,generar_emb,-,9074,0,0.013536000
postgres,1,insert_emb,-,9074,0,0.006054100
postgres,1,generar_emb,-,9075,0,0.011945800
postgres,1,insert_emb,-,9075,0,0.006697000
postgres,1,generar_emb,-,9076,0,0.013448300
postgres,1,insert_emb,-,9076,0,0.006248000
postgres,1,generar_emb,-,9077,0,0.019078400
postgres,1,insert_emb,-,9077,0,0.005596900
postgres,1,generar_emb,-,9078,0,0.014472000
postgres,1,insert_emb,-,9078,0,0.006174700
postgres,1,generar_emb,-,9079,0,0.016136600
postgres,1,insert_emb,-,9079,0,0.005639900
postgres,1,generar_emb,-,9080,0,0.013284600
postgres,1,insert_emb,-,9080,0,0.005441100
postgres,1,generar_emb,-,9081,0,0.013454400
postgres,1,insert_emb,-,9081,0,0.005596500
postgres,1,generar_emb,-,9082,0,0.013847700
postgres,1,insert_emb,-,9082,0,0.005386100
postgres,1,generar_emb,-,9083,0,0.013239600
postgres,1,insert_emb,-,9083,0,0.005573000
postgres,1,generar_emb,-,9084,0,0.012013900
postgres,1,insert_emb,-,9084,0,0.006453300
postgres,1,generar_emb,-,9085,0,0.012646500
postgres,1,insert_emb,-,9085,0,0.005977400
postgres,1,generar_emb,-,9086,0,0.012771300
postgres,1,insert_emb,-,9086,0,0.005622800
postgres,1,generar_emb,-,9087,0,0.014691200
postgres,1,insert_emb,-,9087,0,0.006454200
postgres,1,generar_emb,-,9088,0,0.014225000
postgres,1,insert_emb,-,9088,0,0.005261700
postgres,1,generar_emb,-,9089,0,0.015826000
postgres,1,insert_emb,-,9089,0,0.005960900
postgres,1,generar_emb,-,9090,0,0.015483400
postgres,1,insert_emb,-,9090,0,0.006963700
postgres,1,generar_emb,-,9091,0,0.035421100
postgres,1,insert_emb,-,9091,0,0.008236600
postgres,1,generar_emb,-,9092,0,0.032315500
postgres,1,insert_emb,-,9092,0,0.005839900
postgres,1,generar_emb,-,9093,0,0.032372300
postgres,1,insert_emb,-,9093,0,0.007207500
postgres,1,generar_emb,-,9094,0,0.013928000
postgres,1,insert_emb,-,9094,0,0.005791200
postgres,1,generar_emb,-,9095,0,0.011986700
postgres,1,insert_emb,-,9095,0,0.006427800
postgres,1,generar_emb,-,9096,0,0.014868700
postgres,1,insert_emb,-,9096,0,0.005693200
postgres,1,generar_emb,-,9097,0,0.012469200
postgres,1,insert_emb,-,9097,0,0.005356400
postgres,1,generar_emb,-,9098,0,0.014972700
postgres,1,insert_emb,-,9098,0,0.005252500
postgres,1,generar_emb,-,9099,0,0.015945800
postgres,1,insert_emb,-,9099,0,0.006171200
postgres,1,generar_emb,-,9100,0,0.014106100
postgres,1,insert_emb,-,9100,0,0.006537200
postgres,1,generar_emb,-,9101,0,0.013662300
postgres,1,insert_emb,-,9101,0,0.005965100
postgres,1,generar_emb,-,9102,0,0.016026800
postgres,1,insert_emb,-,9102,0,0.006229900
postgres,1,generar_emb,-,9103,0,0.015443700
postgres,1,insert_emb,-,9103,0,0.006632100
postgres,1,generar_emb,-,9104,0,0.011735200
postgres,1,insert_emb,-,9104,0,0.006853600
postgres,1,generar_emb,-,9105,0,0.019611400
postgres,1,insert_emb,-,9105,0,0.005814300
postgres,1,generar_emb,-,9106,0,0.014581100
postgres,1,insert_emb,-,9106,0,0.006296300
postgres,1,generar_emb,-,9107,0,0.012851600
postgres,1,insert_emb,-,9107,0,0.006892700
postgres,1,generar_emb,-,9108,0,0.013364000
postgres,1,insert_emb,-,9108,0,0.006164300
postgres,1,generar_emb,-,9109,0,0.012612200
postgres,1,insert_emb,-,9109,0,0.005997100
postgres,1,generar_emb,-,9110,0,0.014922700
postgres,1,insert_emb,-,9110,0,0.005854900
postgres,1,generar_emb,-,9111,0,0.018270900
postgres,1,insert_emb,-,9111,0,0.006736100
postgres,1,generar_emb,-,9112,0,0.015880400
postgres,1,insert_emb,-,9112,0,0.006240700
postgres,1,generar_emb,-,9113,0,0.021979700
postgres,1,insert_emb,-,9113,0,0.008212600
postgres,1,generar_emb,-,9114,0,0.018464400
postgres,1,insert_emb,-,9114,0,0.007395100
postgres,1,generar_emb,-,9115,0,0.020412800
postgres,1,insert_emb,-,9115,0,0.006284800
postgres,1,generar_emb,-,9116,0,0.016257100
postgres,1,insert_emb,-,9116,0,0.006029200
postgres,1,generar_emb,-,9117,0,0.014052600
postgres,1,insert_emb,-,9117,0,0.006359000
postgres,1,generar_emb,-,9118,0,0.013874800
postgres,1,insert_emb,-,9118,0,0.006579300
postgres,1,generar_emb,-,9119,0,0.014415700
postgres,1,insert_emb,-,9119,0,0.006168700
postgres,1,generar_emb,-,9120,0,0.015540100
postgres,1,insert_emb,-,9120,0,0.006615200
postgres,1,generar_emb,-,9121,0,0.014608800
postgres,1,insert_emb,-,9121,0,0.007102400
postgres,1,generar_emb,-,9122,0,0.021185800
postgres,1,insert_emb,-,9122,0,0.006130900
postgres,1,generar_emb,-,9123,0,0.015879500
postgres,1,insert_emb,-,9123,0,0.007333900
postgres,1,generar_emb,-,9124,0,0.013878100
postgres,1,insert_emb,-,9124,0,0.005904800
postgres,1,generar_emb,-,9125,0,0.019315300
postgres,1,insert_emb,-,9125,0,0.006548500
postgres,1,generar_emb,-,9126,0,0.013947600
postgres,1,insert_emb,-,9126,0,0.006733200
postgres,1,generar_emb,-,9127,0,0.015042500
postgres,1,insert_emb,-,9127,0,0.005833500
postgres,1,generar_emb,-,9128,0,0.015463100
postgres,1,insert_emb,-,9128,0,0.006605400
postgres,1,generar_emb,-,9129,0,0.014456500
postgres,1,insert_emb,-,9129,0,0.005414100
postgres,1,generar_emb,-,9130,0,0.020079200
postgres,1,insert_emb,-,9130,0,0.006201900
postgres,1,generar_emb,-,9131,0,0.015797200
postgres,1,insert_emb,-,9131,0,0.006142300
postgres,1,generar_emb,-,9132,0,0.012583700
postgres,1,insert_emb,-,9132,0,0.006286100
postgres,1,generar_emb,-,9133,0,0.013312400
postgres,1,insert_emb,-,9133,0,0.006324200
postgres,1,generar_emb,-,9134,0,0.014786000
postgres,1,insert_emb,-,9134,0,0.005831500
postgres,1,generar_emb,-,9135,0,0.013627400
postgres,1,insert_emb,-,9135,0,0.005730500
postgres,1,generar_emb,-,9136,0,0.015074700
postgres,1,insert_emb,-,9136,0,0.005757300
postgres,1,generar_emb,-,9137,0,0.017405400
postgres,1,insert_emb,-,9137,0,0.006363400
postgres,1,generar_emb,-,9138,0,0.014315500
postgres,1,insert_emb,-,9138,0,0.006000700
postgres,1,generar_emb,-,9139,0,0.021229700
postgres,1,insert_emb,-,9139,0,0.006939700
postgres,1,generar_emb,-,9140,0,0.013474200
postgres,1,insert_emb,-,9140,0,0.005994500
postgres,1,generar_emb,-,9141,0,0.012562100
postgres,1,insert_emb,-,9141,0,0.005847600
postgres,1,generar_emb,-,9142,0,0.014178700
postgres,1,insert_emb,-,9142,0,0.005776600
postgres,1,generar_emb,-,9143,0,0.013394900
postgres,1,insert_emb,-,9143,0,0.005713700
postgres,1,generar_emb,-,9144,0,0.012761900
postgres,1,insert_emb,-,9144,0,0.005802900
postgres,1,generar_emb,-,9145,0,0.014501100
postgres,1,insert_emb,-,9145,0,0.006488200
postgres,1,generar_emb,-,9146,0,0.012280700
postgres,1,insert_emb,-,9146,0,0.006556800
postgres,1,generar_emb,-,9147,0,0.019106100
postgres,1,insert_emb,-,9147,0,0.007289500
postgres,1,generar_emb,-,9148,0,0.018087600
postgres,1,insert_emb,-,9148,0,0.006467500
postgres,1,generar_emb,-,9149,0,0.017144800
postgres,1,insert_emb,-,9149,0,0.006429400
postgres,1,generar_emb,-,9150,0,0.015505100
postgres,1,insert_emb,-,9150,0,0.007583700
postgres,1,generar_emb,-,9151,0,0.016787800
postgres,1,insert_emb,-,9151,0,0.008329700
postgres,1,generar_emb,-,9152,0,0.016339200
postgres,1,insert_emb,-,9152,0,0.006142000
postgres,1,generar_emb,-,9153,0,0.017714600
postgres,1,insert_emb,-,9153,0,0.006787600
postgres,1,generar_emb,-,9154,0,0.017446900
postgres,1,insert_emb,-,9154,0,0.006652200
postgres,1,generar_emb,-,9155,0,0.014097800
postgres,1,insert_emb,-,9155,0,0.007069400
postgres,1,generar_emb,-,9156,0,0.016066400
postgres,1,insert_emb,-,9156,0,0.006251400
postgres,1,generar_emb,-,9157,0,0.017448800
postgres,1,insert_emb,-,9157,0,0.006556200
postgres,1,generar_emb,-,9158,0,0.012282000
postgres,1,insert_emb,-,9158,0,0.006159600
postgres,1,generar_emb,-,9159,0,0.012318900
postgres,1,insert_emb,-,9159,0,0.005958100
postgres,1,generar_emb,-,9160,0,0.012576600
postgres,1,insert_emb,-,9160,0,0.005796000
postgres,1,generar_emb,-,9161,0,0.014251600
postgres,1,insert_emb,-,9161,0,0.005542400
postgres,1,generar_emb,-,9162,0,0.012433900
postgres,1,insert_emb,-,9162,0,0.005516900
postgres,1,generar_emb,-,9163,0,0.012771700
postgres,1,insert_emb,-,9163,0,0.005466500
postgres,1,generar_emb,-,9164,0,0.013194100
postgres,1,insert_emb,-,9164,0,0.005780800
postgres,1,generar_emb,-,9165,0,0.019376900
postgres,1,insert_emb,-,9165,0,0.005877100
postgres,1,generar_emb,-,9166,0,0.015007300
postgres,1,insert_emb,-,9166,0,0.005429500
postgres,1,generar_emb,-,9167,0,0.014402200
postgres,1,insert_emb,-,9167,0,0.005292100
postgres,1,generar_emb,-,9168,0,0.011885200
postgres,1,insert_emb,-,9168,0,0.005506100
postgres,1,generar_emb,-,9169,0,0.011231000
postgres,1,insert_emb,-,9169,0,0.005556900
postgres,1,generar_emb,-,9170,0,0.014626700
postgres,1,insert_emb,-,9170,0,0.005937300
postgres,1,generar_emb,-,9171,0,0.011559800
postgres,1,insert_emb,-,9171,0,0.005549700
postgres,1,generar_emb,-,9172,0,0.011516700
postgres,1,insert_emb,-,9172,0,0.005395300
postgres,1,generar_emb,-,9173,0,0.012924800
postgres,1,insert_emb,-,9173,0,0.005353500
postgres,1,generar_emb,-,9174,0,0.011561200
postgres,1,insert_emb,-,9174,0,0.005624500
postgres,1,generar_emb,-,9175,0,0.011701800
postgres,1,insert_emb,-,9175,0,0.005622100
postgres,1,generar_emb,-,9176,0,0.018333300
postgres,1,insert_emb,-,9176,0,0.005593100
postgres,1,generar_emb,-,9177,0,0.013744800
postgres,1,insert_emb,-,9177,0,0.005711600
postgres,1,generar_emb,-,9178,0,0.013871500
postgres,1,insert_emb,-,9178,0,0.005824400
postgres,1,generar_emb,-,9179,0,0.012671400
postgres,1,insert_emb,-,9179,0,0.006110500
postgres,1,generar_emb,-,9180,0,0.017428100
postgres,1,insert_emb,-,9180,0,0.006129800
postgres,1,generar_emb,-,9181,0,0.013783100
postgres,1,insert_emb,-,9181,0,0.005417400
postgres,1,generar_emb,-,9182,0,0.014637500
postgres,1,insert_emb,-,9182,0,0.005860400
postgres,1,generar_emb,-,9183,0,0.012727000
postgres,1,insert_emb,-,9183,0,0.005811000
postgres,1,generar_emb,-,9184,0,0.012070900
postgres,1,insert_emb,-,9184,0,0.005867400
postgres,1,generar_emb,-,9185,0,0.013317700
postgres,1,insert_emb,-,9185,0,0.005513700
postgres,1,generar_emb,-,9186,0,0.014133700
postgres,1,insert_emb,-,9186,0,0.005781100
postgres,1,generar_emb,-,9187,0,0.013624300
postgres,1,insert_emb,-,9187,0,0.005794000
postgres,1,generar_emb,-,9188,0,0.011811300
postgres,1,insert_emb,-,9188,0,0.005338800
postgres,1,generar_emb,-,9189,0,0.012589800
postgres,1,insert_emb,-,9189,0,0.005437500
postgres,1,generar_emb,-,9190,0,0.011721600
postgres,1,insert_emb,-,9190,0,0.005593900
postgres,1,generar_emb,-,9191,0,0.015042200
postgres,1,insert_emb,-,9191,0,0.005905700
postgres,1,generar_emb,-,9192,0,0.012653400
postgres,1,insert_emb,-,9192,0,0.005666500
postgres,1,generar_emb,-,9193,0,0.011576900
postgres,1,insert_emb,-,9193,0,0.005910900
postgres,1,generar_emb,-,9194,0,0.013301900
postgres,1,insert_emb,-,9194,0,0.006233800
postgres,1,generar_emb,-,9195,0,0.013925000
postgres,1,insert_emb,-,9195,0,0.005741700
postgres,1,generar_emb,-,9196,0,0.011077800
postgres,1,insert_emb,-,9196,0,0.005425100
postgres,1,generar_emb,-,9197,0,0.013255700
postgres,1,insert_emb,-,9197,0,0.006119600
postgres,1,generar_emb,-,9198,0,0.013692800
postgres,1,insert_emb,-,9198,0,0.005583900
postgres,1,generar_emb,-,9199,0,0.010870800
postgres,1,insert_emb,-,9199,0,0.005610600
postgres,1,generar_emb,-,9200,0,0.012135900
postgres,1,insert_emb,-,9200,0,0.005519500
postgres,1,generar_emb,-,9201,0,0.013370500
postgres,1,insert_emb,-,9201,0,0.005359400
postgres,1,generar_emb,-,9202,0,0.010762900
postgres,1,insert_emb,-,9202,0,0.005330000
postgres,1,generar_emb,-,9203,0,0.011533800
postgres,1,insert_emb,-,9203,0,0.005596100
postgres,1,generar_emb,-,9204,0,0.011658000
postgres,1,insert_emb,-,9204,0,0.005635100
postgres,1,generar_emb,-,9205,0,0.011729800
postgres,1,insert_emb,-,9205,0,0.005680000
postgres,1,generar_emb,-,9206,0,0.012828000
postgres,1,insert_emb,-,9206,0,0.005553600
postgres,1,generar_emb,-,9207,0,0.012912000
postgres,1,insert_emb,-,9207,0,0.005747600
postgres,1,generar_emb,-,9208,0,0.012958100
postgres,1,insert_emb,-,9208,0,0.005834600
postgres,1,generar_emb,-,9209,0,0.016351100
postgres,1,insert_emb,-,9209,0,0.006887400
postgres,1,generar_emb,-,9210,0,0.016255300
postgres,1,insert_emb,-,9210,0,0.006466800
postgres,1,generar_emb,-,9211,0,0.010736900
postgres,1,insert_emb,-,9211,0,0.005950300
postgres,1,generar_emb,-,9212,0,0.012904000
postgres,1,insert_emb,-,9212,0,0.005501300
postgres,1,generar_emb,-,9213,0,0.013825100
postgres,1,insert_emb,-,9213,0,0.005348100
postgres,1,generar_emb,-,9214,0,0.015072000
postgres,1,insert_emb,-,9214,0,0.005480400
postgres,1,generar_emb,-,9215,0,0.015301800
postgres,1,insert_emb,-,9215,0,0.006313100
postgres,1,generar_emb,-,9216,0,0.011791900
postgres,1,insert_emb,-,9216,0,0.005755000
postgres,1,generar_emb,-,9217,0,0.015443500
postgres,1,insert_emb,-,9217,0,0.005954900
postgres,1,generar_emb,-,9218,0,0.012542800
postgres,1,insert_emb,-,9218,0,0.005322200
postgres,1,generar_emb,-,9219,0,0.011353500
postgres,1,insert_emb,-,9219,0,0.005754200
postgres,1,generar_emb,-,9220,0,0.011173800
postgres,1,insert_emb,-,9220,0,0.005938300
postgres,1,generar_emb,-,9221,0,0.013340800
postgres,1,insert_emb,-,9221,0,0.005642700
postgres,1,generar_emb,-,9222,0,0.013496000
postgres,1,insert_emb,-,9222,0,0.005809500
postgres,1,generar_emb,-,9223,0,0.013080800
postgres,1,insert_emb,-,9223,0,0.005319500
postgres,1,generar_emb,-,9224,0,0.010887000
postgres,1,insert_emb,-,9224,0,0.005416000
postgres,1,generar_emb,-,9225,0,0.010771800
postgres,1,insert_emb,-,9225,0,0.005366900
postgres,1,generar_emb,-,9226,0,0.013052900
postgres,1,insert_emb,-,9226,0,0.005346200
postgres,1,generar_emb,-,9227,0,0.012663800
postgres,1,insert_emb,-,9227,0,0.005192100
postgres,1,generar_emb,-,9228,0,0.011880800
postgres,1,insert_emb,-,9228,0,0.005557300
postgres,1,generar_emb,-,9229,0,0.013308100
postgres,1,insert_emb,-,9229,0,0.005299900
postgres,1,generar_emb,-,9230,0,0.013675800
postgres,1,insert_emb,-,9230,0,0.005547700
postgres,1,generar_emb,-,9231,0,0.013385800
postgres,1,insert_emb,-,9231,0,0.005294500
postgres,1,generar_emb,-,9232,0,0.015195100
postgres,1,insert_emb,-,9232,0,0.005295400
postgres,1,generar_emb,-,9233,0,0.013063500
postgres,1,insert_emb,-,9233,0,0.005518200
postgres,1,generar_emb,-,9234,0,0.011950200
postgres,1,insert_emb,-,9234,0,0.005426800
postgres,1,generar_emb,-,9235,0,0.010470000
postgres,1,insert_emb,-,9235,0,0.005654700
postgres,1,generar_emb,-,9236,0,0.011536800
postgres,1,insert_emb,-,9236,0,0.005883900
postgres,1,generar_emb,-,9237,0,0.014450400
postgres,1,insert_emb,-,9237,0,0.006205300
postgres,1,generar_emb,-,9238,0,0.012327900
postgres,1,insert_emb,-,9238,0,0.005345600
postgres,1,generar_emb,-,9239,0,0.012956700
postgres,1,insert_emb,-,9239,0,0.005734200
postgres,1,generar_emb,-,9240,0,0.015178700
postgres,1,insert_emb,-,9240,0,0.006652300
postgres,1,generar_emb,-,9241,0,0.015475000
postgres,1,insert_emb,-,9241,0,0.005696700
postgres,1,generar_emb,-,9242,0,0.010874800
postgres,1,insert_emb,-,9242,0,0.005544900
postgres,1,generar_emb,-,9243,0,0.012221400
postgres,1,insert_emb,-,9243,0,0.005202400
postgres,1,generar_emb,-,9244,0,0.011081800
postgres,1,insert_emb,-,9244,0,0.005121200
postgres,1,generar_emb,-,9245,0,0.011988500
postgres,1,insert_emb,-,9245,0,0.005557900
postgres,1,generar_emb,-,9246,0,0.012424800
postgres,1,insert_emb,-,9246,0,0.006011600
postgres,1,generar_emb,-,9247,0,0.012386900
postgres,1,insert_emb,-,9247,0,0.005739500
postgres,1,generar_emb,-,9248,0,0.013402400
postgres,1,insert_emb,-,9248,0,0.005878400
postgres,1,generar_emb,-,9249,0,0.011846500
postgres,1,insert_emb,-,9249,0,0.005749300
postgres,1,generar_emb,-,9250,0,0.013514800
postgres,1,insert_emb,-,9250,0,0.005461100
postgres,1,generar_emb,-,9251,0,0.014681000
postgres,1,insert_emb,-,9251,0,0.005369200
postgres,1,generar_emb,-,9252,0,0.012531400
postgres,1,insert_emb,-,9252,0,0.005548200
postgres,1,generar_emb,-,9253,0,0.014861200
postgres,1,insert_emb,-,9253,0,0.006720200
postgres,1,generar_emb,-,9254,0,0.012305800
postgres,1,insert_emb,-,9254,0,0.006915500
postgres,1,generar_emb,-,9255,0,0.013669900
postgres,1,insert_emb,-,9255,0,0.005669700
postgres,1,generar_emb,-,9256,0,0.015171000
postgres,1,insert_emb,-,9256,0,0.005550000
postgres,1,generar_emb,-,9257,0,0.014666600
postgres,1,insert_emb,-,9257,0,0.006741700
postgres,1,generar_emb,-,9258,0,0.013327700
postgres,1,insert_emb,-,9258,0,0.006640500
postgres,1,generar_emb,-,9259,0,0.012219200
postgres,1,insert_emb,-,9259,0,0.006204800
postgres,1,generar_emb,-,9260,0,0.012394400
postgres,1,insert_emb,-,9260,0,0.005808200
postgres,1,generar_emb,-,9261,0,0.013733600
postgres,1,insert_emb,-,9261,0,0.005157300
postgres,1,generar_emb,-,9262,0,0.012287800
postgres,1,insert_emb,-,9262,0,0.005081700
postgres,1,generar_emb,-,9263,0,0.013263500
postgres,1,insert_emb,-,9263,0,0.005981300
postgres,1,generar_emb,-,9264,0,0.014823000
postgres,1,insert_emb,-,9264,0,0.005150400
postgres,1,generar_emb,-,9265,0,0.014047400
postgres,1,insert_emb,-,9265,0,0.006075300
postgres,1,generar_emb,-,9266,0,0.015829600
postgres,1,insert_emb,-,9266,0,0.005471200
postgres,1,generar_emb,-,9267,0,0.014288100
postgres,1,insert_emb,-,9267,0,0.005416700
postgres,1,generar_emb,-,9268,0,0.013850300
postgres,1,insert_emb,-,9268,0,0.005721100
postgres,1,generar_emb,-,9269,0,0.014819400
postgres,1,insert_emb,-,9269,0,0.006625000
postgres,1,generar_emb,-,9270,0,0.013981500
postgres,1,insert_emb,-,9270,0,0.005840000
postgres,1,generar_emb,-,9271,0,0.013923700
postgres,1,insert_emb,-,9271,0,0.005991900
postgres,1,generar_emb,-,9272,0,0.014307800
postgres,1,insert_emb,-,9272,0,0.005459200
postgres,1,generar_emb,-,9273,0,0.012239400
postgres,1,insert_emb,-,9273,0,0.005193700
postgres,1,generar_emb,-,9274,0,0.012116100
postgres,1,insert_emb,-,9274,0,0.005536400
postgres,1,generar_emb,-,9275,0,0.012682500
postgres,1,insert_emb,-,9275,0,0.005460500
postgres,1,generar_emb,-,9276,0,0.013190300
postgres,1,insert_emb,-,9276,0,0.005729300
postgres,1,generar_emb,-,9277,0,0.012740600
postgres,1,insert_emb,-,9277,0,0.005897500
postgres,1,generar_emb,-,9278,0,0.014520600
postgres,1,insert_emb,-,9278,0,0.006249900
postgres,1,generar_emb,-,9279,0,0.014004700
postgres,1,insert_emb,-,9279,0,0.005693400
postgres,1,generar_emb,-,9280,0,0.016537300
postgres,1,insert_emb,-,9280,0,0.005642300
postgres,1,generar_emb,-,9281,0,0.011866000
postgres,1,insert_emb,-,9281,0,0.005831600
postgres,1,generar_emb,-,9282,0,0.013473500
postgres,1,insert_emb,-,9282,0,0.006147100
postgres,1,generar_emb,-,9283,0,0.012177000
postgres,1,insert_emb,-,9283,0,0.006112200
postgres,1,generar_emb,-,9284,0,0.013156500
postgres,1,insert_emb,-,9284,0,0.005893900
postgres,1,generar_emb,-,9285,0,0.013513800
postgres,1,insert_emb,-,9285,0,0.006113800
postgres,1,generar_emb,-,9286,0,0.012544300
postgres,1,insert_emb,-,9286,0,0.006246200
postgres,1,generar_emb,-,9287,0,0.012406900
postgres,1,insert_emb,-,9287,0,0.005365100
postgres,1,generar_emb,-,9288,0,0.012441300
postgres,1,insert_emb,-,9288,0,0.005737300
postgres,1,generar_emb,-,9289,0,0.018033600
postgres,1,insert_emb,-,9289,0,0.006169800
postgres,1,generar_emb,-,9290,0,0.012162700
postgres,1,insert_emb,-,9290,0,0.006192900
postgres,1,generar_emb,-,9291,0,0.014284100
postgres,1,insert_emb,-,9291,0,0.005232200
postgres,1,generar_emb,-,9292,0,0.012786900
postgres,1,insert_emb,-,9292,0,0.005162500
postgres,1,generar_emb,-,9293,0,0.012070000
postgres,1,insert_emb,-,9293,0,0.005754000
postgres,1,generar_emb,-,9294,0,0.012461900
postgres,1,insert_emb,-,9294,0,0.005613200
postgres,1,generar_emb,-,9295,0,0.013115100
postgres,1,insert_emb,-,9295,0,0.005519000
postgres,1,generar_emb,-,9296,0,0.013623200
postgres,1,insert_emb,-,9296,0,0.006114800
postgres,1,generar_emb,-,9297,0,0.013672100
postgres,1,insert_emb,-,9297,0,0.005358400
postgres,1,generar_emb,-,9298,0,0.013204000
postgres,1,insert_emb,-,9298,0,0.005173400
postgres,1,generar_emb,-,9299,0,0.013394300
postgres,1,insert_emb,-,9299,0,0.005426800
postgres,1,generar_emb,-,9300,0,0.013347600
postgres,1,insert_emb,-,9300,0,0.005649800
postgres,1,generar_emb,-,9301,0,0.015148700
postgres,1,insert_emb,-,9301,0,0.005171800
postgres,1,generar_emb,-,9302,0,0.013500800
postgres,1,insert_emb,-,9302,0,0.006948000
postgres,1,generar_emb,-,9303,0,0.016751500
postgres,1,insert_emb,-,9303,0,0.005703000
postgres,1,generar_emb,-,9304,0,0.011702400
postgres,1,insert_emb,-,9304,0,0.005208200
postgres,1,generar_emb,-,9305,0,0.014212200
postgres,1,insert_emb,-,9305,0,0.005343200
postgres,1,generar_emb,-,9306,0,0.012120400
postgres,1,insert_emb,-,9306,0,0.005386000
postgres,1,generar_emb,-,9307,0,0.012147300
postgres,1,insert_emb,-,9307,0,0.005347200
postgres,1,generar_emb,-,9308,0,0.011209300
postgres,1,insert_emb,-,9308,0,0.005219700
postgres,1,generar_emb,-,9309,0,0.012628100
postgres,1,insert_emb,-,9309,0,0.005531400
postgres,1,generar_emb,-,9310,0,0.012090000
postgres,1,insert_emb,-,9310,0,0.005708700
postgres,1,generar_emb,-,9311,0,0.011151400
postgres,1,insert_emb,-,9311,0,0.005868700
postgres,1,generar_emb,-,9312,0,0.012964600
postgres,1,insert_emb,-,9312,0,0.005713600
postgres,1,generar_emb,-,9313,0,0.014374900
postgres,1,insert_emb,-,9313,0,0.005507400
postgres,1,generar_emb,-,9314,0,0.010981800
postgres,1,insert_emb,-,9314,0,0.005737200
postgres,1,generar_emb,-,9315,0,0.013783700
postgres,1,insert_emb,-,9315,0,0.005780400
postgres,1,generar_emb,-,9316,0,0.011582500
postgres,1,insert_emb,-,9316,0,0.005440300
postgres,1,generar_emb,-,9317,0,0.011584900
postgres,1,insert_emb,-,9317,0,0.005584000
postgres,1,generar_emb,-,9318,0,0.011841800
postgres,1,insert_emb,-,9318,0,0.005341000
postgres,1,generar_emb,-,9319,0,0.012041000
postgres,1,insert_emb,-,9319,0,0.005944500
postgres,1,generar_emb,-,9320,0,0.012523000
postgres,1,insert_emb,-,9320,0,0.006126000
postgres,1,generar_emb,-,9321,0,0.013245600
postgres,1,insert_emb,-,9321,0,0.005382700
postgres,1,generar_emb,-,9322,0,0.011159100
postgres,1,insert_emb,-,9322,0,0.005418300
postgres,1,generar_emb,-,9323,0,0.011946400
postgres,1,insert_emb,-,9323,0,0.005323300
postgres,1,generar_emb,-,9324,0,0.011440000
postgres,1,insert_emb,-,9324,0,0.005653200
postgres,1,generar_emb,-,9325,0,0.011561900
postgres,1,insert_emb,-,9325,0,0.005970600
postgres,1,generar_emb,-,9326,0,0.011859100
postgres,1,insert_emb,-,9326,0,0.005135300
postgres,1,generar_emb,-,9327,0,0.012189100
postgres,1,insert_emb,-,9327,0,0.005332600
postgres,1,generar_emb,-,9328,0,0.012813200
postgres,1,insert_emb,-,9328,0,0.005403900
postgres,1,generar_emb,-,9329,0,0.011718800
postgres,1,insert_emb,-,9329,0,0.005254400
postgres,1,generar_emb,-,9330,0,0.012404700
postgres,1,insert_emb,-,9330,0,0.005597700
postgres,1,generar_emb,-,9331,0,0.011611400
postgres,1,insert_emb,-,9331,0,0.005306000
postgres,1,generar_emb,-,9332,0,0.014314400
postgres,1,insert_emb,-,9332,0,0.005809400
postgres,1,generar_emb,-,9333,0,0.011401600
postgres,1,insert_emb,-,9333,0,0.005420100
postgres,1,generar_emb,-,9334,0,0.011260200
postgres,1,insert_emb,-,9334,0,0.005248500
postgres,1,generar_emb,-,9335,0,0.013351100
postgres,1,insert_emb,-,9335,0,0.005738800
postgres,1,generar_emb,-,9336,0,0.014393800
postgres,1,insert_emb,-,9336,0,0.005159300
postgres,1,generar_emb,-,9337,0,0.012470500
postgres,1,insert_emb,-,9337,0,0.005294300
postgres,1,generar_emb,-,9338,0,0.011673100
postgres,1,insert_emb,-,9338,0,0.005387400
postgres,1,generar_emb,-,9339,0,0.011981100
postgres,1,insert_emb,-,9339,0,0.005097400
postgres,1,generar_emb,-,9340,0,0.013447400
postgres,1,insert_emb,-,9340,0,0.006027700
postgres,1,generar_emb,-,9341,0,0.010869700
postgres,1,insert_emb,-,9341,0,0.005118500
postgres,1,generar_emb,-,9342,0,0.015275900
postgres,1,insert_emb,-,9342,0,0.005685700
postgres,1,generar_emb,-,9343,0,0.013027500
postgres,1,insert_emb,-,9343,0,0.005658600
postgres,1,generar_emb,-,9344,0,0.011442400
postgres,1,insert_emb,-,9344,0,0.005523700
postgres,1,generar_emb,-,9345,0,0.011781700
postgres,1,insert_emb,-,9345,0,0.005943900
postgres,1,generar_emb,-,9346,0,0.012641300
postgres,1,insert_emb,-,9346,0,0.005397100
postgres,1,generar_emb,-,9347,0,0.011622400
postgres,1,insert_emb,-,9347,0,0.005158100
postgres,1,generar_emb,-,9348,0,0.010634700
postgres,1,insert_emb,-,9348,0,0.005449200
postgres,1,generar_emb,-,9349,0,0.010788600
postgres,1,insert_emb,-,9349,0,0.005734200
postgres,1,generar_emb,-,9350,0,0.012665600
postgres,1,insert_emb,-,9350,0,0.005615600
postgres,1,generar_emb,-,9351,0,0.011821000
postgres,1,insert_emb,-,9351,0,0.005140700
postgres,1,generar_emb,-,9352,0,0.011220500
postgres,1,insert_emb,-,9352,0,0.005442100
postgres,1,generar_emb,-,9353,0,0.011256800
postgres,1,insert_emb,-,9353,0,0.005471400
postgres,1,generar_emb,-,9354,0,0.011348600
postgres,1,insert_emb,-,9354,0,0.005745700
postgres,1,generar_emb,-,9355,0,0.011209700
postgres,1,insert_emb,-,9355,0,0.005595200
postgres,1,generar_emb,-,9356,0,0.012193200
postgres,1,insert_emb,-,9356,0,0.005865900
postgres,1,generar_emb,-,9357,0,0.011324900
postgres,1,insert_emb,-,9357,0,0.005460300
postgres,1,generar_emb,-,9358,0,0.011376600
postgres,1,insert_emb,-,9358,0,0.005669300
postgres,1,generar_emb,-,9359,0,0.012296400
postgres,1,insert_emb,-,9359,0,0.005507500
postgres,1,generar_emb,-,9360,0,0.012658200
postgres,1,insert_emb,-,9360,0,0.005648300
postgres,1,generar_emb,-,9361,0,0.013012200
postgres,1,insert_emb,-,9361,0,0.005136700
postgres,1,generar_emb,-,9362,0,0.012056000
postgres,1,insert_emb,-,9362,0,0.005120000
postgres,1,generar_emb,-,9363,0,0.011881900
postgres,1,insert_emb,-,9363,0,0.005566400
postgres,1,generar_emb,-,9364,0,0.012733700
postgres,1,insert_emb,-,9364,0,0.005127300
postgres,1,generar_emb,-,9365,0,0.014083400
postgres,1,insert_emb,-,9365,0,0.006125900
postgres,1,generar_emb,-,9366,0,0.016720500
postgres,1,insert_emb,-,9366,0,0.006454000
postgres,1,generar_emb,-,9367,0,0.015799200
postgres,1,insert_emb,-,9367,0,0.006083900
postgres,1,generar_emb,-,9368,0,0.018418300
postgres,1,insert_emb,-,9368,0,0.006484600
postgres,1,generar_emb,-,9369,0,0.016621900
postgres,1,insert_emb,-,9369,0,0.007432900
postgres,1,generar_emb,-,9370,0,0.017924900
postgres,1,insert_emb,-,9370,0,0.007792700
postgres,1,generar_emb,-,9371,0,0.017950500
postgres,1,insert_emb,-,9371,0,0.007098200
postgres,1,generar_emb,-,9372,0,0.021017000
postgres,1,insert_emb,-,9372,0,0.006033500
postgres,1,generar_emb,-,9373,0,0.011334200
postgres,1,insert_emb,-,9373,0,0.005623700
postgres,1,generar_emb,-,9374,0,0.012405400
postgres,1,insert_emb,-,9374,0,0.005633800
postgres,1,generar_emb,-,9375,0,0.012261900
postgres,1,insert_emb,-,9375,0,0.005775700
postgres,1,generar_emb,-,9376,0,0.015161800
postgres,1,insert_emb,-,9376,0,0.005537400
postgres,1,generar_emb,-,9377,0,0.011804800
postgres,1,insert_emb,-,9377,0,0.005150300
postgres,1,generar_emb,-,9378,0,0.012952600
postgres,1,insert_emb,-,9378,0,0.005133400
postgres,1,generar_emb,-,9379,0,0.011105000
postgres,1,insert_emb,-,9379,0,0.005221000
postgres,1,generar_emb,-,9380,0,0.011276200
postgres,1,insert_emb,-,9380,0,0.005234700
postgres,1,generar_emb,-,9381,0,0.017080600
postgres,1,insert_emb,-,9381,0,0.006617400
postgres,1,generar_emb,-,9382,0,0.015716300
postgres,1,insert_emb,-,9382,0,0.005864800
postgres,1,generar_emb,-,9383,0,0.016873700
postgres,1,insert_emb,-,9383,0,0.006401100
postgres,1,generar_emb,-,9384,0,0.019662400
postgres,1,insert_emb,-,9384,0,0.006676900
postgres,1,generar_emb,-,9385,0,0.019931600
postgres,1,insert_emb,-,9385,0,0.006913500
postgres,1,generar_emb,-,9386,0,0.022044400
postgres,1,insert_emb,-,9386,0,0.007200100
postgres,1,generar_emb,-,9387,0,0.019329400
postgres,1,insert_emb,-,9387,0,0.005645400
postgres,1,generar_emb,-,9388,0,0.015710300
postgres,1,insert_emb,-,9388,0,0.005267200
postgres,1,generar_emb,-,9389,0,0.011524400
postgres,1,insert_emb,-,9389,0,0.005690000
postgres,1,generar_emb,-,9390,0,0.011183000
postgres,1,insert_emb,-,9390,0,0.005786700
postgres,1,generar_emb,-,9391,0,0.011307600
postgres,1,insert_emb,-,9391,0,0.005572400
postgres,1,generar_emb,-,9392,0,0.012284700
postgres,1,insert_emb,-,9392,0,0.005552700
postgres,1,generar_emb,-,9393,0,0.011803300
postgres,1,insert_emb,-,9393,0,0.005405400
postgres,1,generar_emb,-,9394,0,0.012184300
postgres,1,insert_emb,-,9394,0,0.005229900
postgres,1,generar_emb,-,9395,0,0.014739000
postgres,1,insert_emb,-,9395,0,0.005560000
postgres,1,generar_emb,-,9396,0,0.014176100
postgres,1,insert_emb,-,9396,0,0.005370200
postgres,1,generar_emb,-,9397,0,0.012901100
postgres,1,insert_emb,-,9397,0,0.005671400
postgres,1,generar_emb,-,9398,0,0.012416200
postgres,1,insert_emb,-,9398,0,0.005475500
postgres,1,generar_emb,-,9399,0,0.012065300
postgres,1,insert_emb,-,9399,0,0.005702800
postgres,1,generar_emb,-,9400,0,0.013429700
postgres,1,insert_emb,-,9400,0,0.005624000
postgres,1,generar_emb,-,9401,0,0.012780200
postgres,1,insert_emb,-,9401,0,0.005376800
postgres,1,generar_emb,-,9402,0,0.014926500
postgres,1,insert_emb,-,9402,0,0.005478500
postgres,1,generar_emb,-,9403,0,0.011899700
postgres,1,insert_emb,-,9403,0,0.005605600
postgres,1,generar_emb,-,9404,0,0.012662300
postgres,1,insert_emb,-,9404,0,0.005432200
postgres,1,generar_emb,-,9405,0,0.012964300
postgres,1,insert_emb,-,9405,0,0.005825700
postgres,1,generar_emb,-,9406,0,0.011936900
postgres,1,insert_emb,-,9406,0,0.005614800
postgres,1,generar_emb,-,9407,0,0.013669600
postgres,1,insert_emb,-,9407,0,0.005807800
postgres,1,generar_emb,-,9408,0,0.011715800
postgres,1,insert_emb,-,9408,0,0.005463100
postgres,1,generar_emb,-,9409,0,0.012152000
postgres,1,insert_emb,-,9409,0,0.005435200
postgres,1,generar_emb,-,9410,0,0.013197100
postgres,1,insert_emb,-,9410,0,0.005383700
postgres,1,generar_emb,-,9411,0,0.012335600
postgres,1,insert_emb,-,9411,0,0.005285300
postgres,1,generar_emb,-,9412,0,0.013280900
postgres,1,insert_emb,-,9412,0,0.005612500
postgres,1,generar_emb,-,9413,0,0.011948000
postgres,1,insert_emb,-,9413,0,0.005151800
postgres,1,generar_emb,-,9414,0,0.011538700
postgres,1,insert_emb,-,9414,0,0.005107000
postgres,1,generar_emb,-,9415,0,0.013250500
postgres,1,insert_emb,-,9415,0,0.006120300
postgres,1,generar_emb,-,9416,0,0.013162400
postgres,1,insert_emb,-,9416,0,0.004977300
postgres,1,generar_emb,-,9417,0,0.012276300
postgres,1,insert_emb,-,9417,0,0.005108800
postgres,1,generar_emb,-,9418,0,0.016030600
postgres,1,insert_emb,-,9418,0,0.005177600
postgres,1,generar_emb,-,9419,0,0.013517300
postgres,1,insert_emb,-,9419,0,0.005316300
postgres,1,generar_emb,-,9420,0,0.015215100
postgres,1,insert_emb,-,9420,0,0.005265000
postgres,1,generar_emb,-,9421,0,0.014566400
postgres,1,insert_emb,-,9421,0,0.005447400
postgres,1,generar_emb,-,9422,0,0.011788500
postgres,1,insert_emb,-,9422,0,0.005619200
postgres,1,generar_emb,-,9423,0,0.013450100
postgres,1,insert_emb,-,9423,0,0.005370300
postgres,1,generar_emb,-,9424,0,0.018929600
postgres,1,insert_emb,-,9424,0,0.006201400
postgres,1,generar_emb,-,9425,0,0.013989900
postgres,1,insert_emb,-,9425,0,0.005356000
postgres,1,generar_emb,-,9426,0,0.016535200
postgres,1,insert_emb,-,9426,0,0.005131000
postgres,1,generar_emb,-,9427,0,0.012366700
postgres,1,insert_emb,-,9427,0,0.004966600
postgres,1,generar_emb,-,9428,0,0.012109500
postgres,1,insert_emb,-,9428,0,0.005155600
postgres,1,generar_emb,-,9429,0,0.012789900
postgres,1,insert_emb,-,9429,0,0.005198300
postgres,1,generar_emb,-,9430,0,0.012161200
postgres,1,insert_emb,-,9430,0,0.005501100
postgres,1,generar_emb,-,9431,0,0.011570400
postgres,1,insert_emb,-,9431,0,0.005407700
postgres,1,generar_emb,-,9432,0,0.012496300
postgres,1,insert_emb,-,9432,0,0.005302600
postgres,1,generar_emb,-,9433,0,0.011717000
postgres,1,insert_emb,-,9433,0,0.005440500
postgres,1,generar_emb,-,9434,0,0.010973100
postgres,1,insert_emb,-,9434,0,0.005293400
postgres,1,generar_emb,-,9435,0,0.012553900
postgres,1,insert_emb,-,9435,0,0.005406100
postgres,1,generar_emb,-,9436,0,0.014495300
postgres,1,insert_emb,-,9436,0,0.005000200
postgres,1,generar_emb,-,9437,0,0.012265900
postgres,1,insert_emb,-,9437,0,0.005091100
postgres,1,generar_emb,-,9438,0,0.012745400
postgres,1,insert_emb,-,9438,0,0.005038600
postgres,1,generar_emb,-,9439,0,0.011689300
postgres,1,insert_emb,-,9439,0,0.005446500
postgres,1,generar_emb,-,9440,0,0.012311500
postgres,1,insert_emb,-,9440,0,0.005122500
postgres,1,generar_emb,-,9441,0,0.013229500
postgres,1,insert_emb,-,9441,0,0.005462200
postgres,1,generar_emb,-,9442,0,0.012192900
postgres,1,insert_emb,-,9442,0,0.005212200
postgres,1,generar_emb,-,9443,0,0.011882800
postgres,1,insert_emb,-,9443,0,0.004884700
postgres,1,generar_emb,-,9444,0,0.012643300
postgres,1,insert_emb,-,9444,0,0.004899600
postgres,1,generar_emb,-,9445,0,0.012858100
postgres,1,insert_emb,-,9445,0,0.005185900
postgres,1,generar_emb,-,9446,0,0.013828100
postgres,1,insert_emb,-,9446,0,0.005332900
postgres,1,generar_emb,-,9447,0,0.012446500
postgres,1,insert_emb,-,9447,0,0.005051000
postgres,1,generar_emb,-,9448,0,0.012397500
postgres,1,insert_emb,-,9448,0,0.005295500
postgres,1,generar_emb,-,9449,0,0.011014600
postgres,1,insert_emb,-,9449,0,0.005661700
postgres,1,generar_emb,-,9450,0,0.010998000
postgres,1,insert_emb,-,9450,0,0.005390100
postgres,1,generar_emb,-,9451,0,0.012311600
postgres,1,insert_emb,-,9451,0,0.005657000
postgres,1,generar_emb,-,9452,0,0.012737500
postgres,1,insert_emb,-,9452,0,0.005137200
postgres,1,generar_emb,-,9453,0,0.013013900
postgres,1,insert_emb,-,9453,0,0.005614400
postgres,1,generar_emb,-,9454,0,0.011349500
postgres,1,insert_emb,-,9454,0,0.005087200
postgres,1,generar_emb,-,9455,0,0.011411100
postgres,1,insert_emb,-,9455,0,0.005427000
postgres,1,generar_emb,-,9456,0,0.010685500
postgres,1,insert_emb,-,9456,0,0.005238600
postgres,1,generar_emb,-,9457,0,0.010652400
postgres,1,insert_emb,-,9457,0,0.005487200
postgres,1,generar_emb,-,9458,0,0.013342800
postgres,1,insert_emb,-,9458,0,0.005019200
postgres,1,generar_emb,-,9459,0,0.011814400
postgres,1,insert_emb,-,9459,0,0.005147000
postgres,1,generar_emb,-,9460,0,0.011880800
postgres,1,insert_emb,-,9460,0,0.005378100
postgres,1,generar_emb,-,9461,0,0.011783900
postgres,1,insert_emb,-,9461,0,0.005111300
postgres,1,generar_emb,-,9462,0,0.011518600
postgres,1,insert_emb,-,9462,0,0.005293100
postgres,1,generar_emb,-,9463,0,0.013016900
postgres,1,insert_emb,-,9463,0,0.005877600
postgres,1,generar_emb,-,9464,0,0.012327200
postgres,1,insert_emb,-,9464,0,0.005474600
postgres,1,generar_emb,-,9465,0,0.011495200
postgres,1,insert_emb,-,9465,0,0.005550600
postgres,1,generar_emb,-,9466,0,0.013661000
postgres,1,insert_emb,-,9466,0,0.005541400
postgres,1,generar_emb,-,9467,0,0.012904800
postgres,1,insert_emb,-,9467,0,0.005508600
postgres,1,generar_emb,-,9468,0,0.012074500
postgres,1,insert_emb,-,9468,0,0.005798300
postgres,1,generar_emb,-,9469,0,0.011739400
postgres,1,insert_emb,-,9469,0,0.005325500
postgres,1,generar_emb,-,9470,0,0.015051800
postgres,1,insert_emb,-,9470,0,0.005883400
postgres,1,generar_emb,-,9471,0,0.012604800
postgres,1,insert_emb,-,9471,0,0.005315300
postgres,1,generar_emb,-,9472,0,0.015162100
postgres,1,insert_emb,-,9472,0,0.005935400
postgres,1,generar_emb,-,9473,0,0.013164000
postgres,1,insert_emb,-,9473,0,0.005307400
postgres,1,generar_emb,-,9474,0,0.012422700
postgres,1,insert_emb,-,9474,0,0.005706200
postgres,1,generar_emb,-,9475,0,0.012414700
postgres,1,insert_emb,-,9475,0,0.005434500
postgres,1,generar_emb,-,9476,0,0.012925700
postgres,1,insert_emb,-,9476,0,0.005060700
postgres,1,generar_emb,-,9477,0,0.011208200
postgres,1,insert_emb,-,9477,0,0.005417800
postgres,1,generar_emb,-,9478,0,0.010895100
postgres,1,insert_emb,-,9478,0,0.005047600
postgres,1,generar_emb,-,9479,0,0.011780400
postgres,1,insert_emb,-,9479,0,0.005337100
postgres,1,generar_emb,-,9480,0,0.016162400
postgres,1,insert_emb,-,9480,0,0.006850000
postgres,1,generar_emb,-,9481,0,0.016219700
postgres,1,insert_emb,-,9481,0,0.005685700
postgres,1,generar_emb,-,9482,0,0.015843400
postgres,1,insert_emb,-,9482,0,0.005933400
postgres,1,generar_emb,-,9483,0,0.012471200
postgres,1,insert_emb,-,9483,0,0.006044400
postgres,1,generar_emb,-,9484,0,0.011465500
postgres,1,insert_emb,-,9484,0,0.005606600
postgres,1,generar_emb,-,9485,0,0.011842700
postgres,1,insert_emb,-,9485,0,0.005278800
postgres,1,generar_emb,-,9486,0,0.013179100
postgres,1,insert_emb,-,9486,0,0.005259800
postgres,1,generar_emb,-,9487,0,0.012082700
postgres,1,insert_emb,-,9487,0,0.005226300
postgres,1,generar_emb,-,9488,0,0.013345600
postgres,1,insert_emb,-,9488,0,0.005284600
postgres,1,generar_emb,-,9489,0,0.012546800
postgres,1,insert_emb,-,9489,0,0.005078900
postgres,1,generar_emb,-,9490,0,0.014352800
postgres,1,insert_emb,-,9490,0,0.005710000
postgres,1,generar_emb,-,9491,0,0.013859800
postgres,1,insert_emb,-,9491,0,0.005114100
postgres,1,generar_emb,-,9492,0,0.012698700
postgres,1,insert_emb,-,9492,0,0.005390300
postgres,1,generar_emb,-,9493,0,0.012030700
postgres,1,insert_emb,-,9493,0,0.005052100
postgres,1,generar_emb,-,9494,0,0.012744000
postgres,1,insert_emb,-,9494,0,0.005041000
postgres,1,generar_emb,-,9495,0,0.012997500
postgres,1,insert_emb,-,9495,0,0.005294700
postgres,1,generar_emb,-,9496,0,0.011701200
postgres,1,insert_emb,-,9496,0,0.004998400
postgres,1,generar_emb,-,9497,0,0.012835000
postgres,1,insert_emb,-,9497,0,0.005206100
postgres,1,generar_emb,-,9498,0,0.013038100
postgres,1,insert_emb,-,9498,0,0.005302900
postgres,1,generar_emb,-,9499,0,0.011151700
postgres,1,insert_emb,-,9499,0,0.005140300
postgres,1,generar_emb,-,9500,0,0.010928900
postgres,1,insert_emb,-,9500,0,0.005423400
postgres,1,generar_emb,-,9501,0,0.011815200
postgres,1,insert_emb,-,9501,0,0.005670700
postgres,1,generar_emb,-,9502,0,0.012619000
postgres,1,insert_emb,-,9502,0,0.005109900
postgres,1,generar_emb,-,9503,0,0.011685500
postgres,1,insert_emb,-,9503,0,0.005634300
postgres,1,generar_emb,-,9504,0,0.011719900
postgres,1,insert_emb,-,9504,0,0.005526400
postgres,1,generar_emb,-,9505,0,0.014727700
postgres,1,insert_emb,-,9505,0,0.005475900
postgres,1,generar_emb,-,9506,0,0.012246000
postgres,1,insert_emb,-,9506,0,0.005253100
postgres,1,generar_emb,-,9507,0,0.013615400
postgres,1,insert_emb,-,9507,0,0.005108600
postgres,1,generar_emb,-,9508,0,0.013946900
postgres,1,insert_emb,-,9508,0,0.004868500
postgres,1,generar_emb,-,9509,0,0.013776900
postgres,1,insert_emb,-,9509,0,0.005059300
postgres,1,generar_emb,-,9510,0,0.012483500
postgres,1,insert_emb,-,9510,0,0.005293500
postgres,1,generar_emb,-,9511,0,0.013030700
postgres,1,insert_emb,-,9511,0,0.005073300
postgres,1,generar_emb,-,9512,0,0.013430800
postgres,1,insert_emb,-,9512,0,0.004996100
postgres,1,generar_emb,-,9513,0,0.014131500
postgres,1,insert_emb,-,9513,0,0.005470700
postgres,1,generar_emb,-,9514,0,0.012933400
postgres,1,insert_emb,-,9514,0,0.005136700
postgres,1,generar_emb,-,9515,0,0.011988900
postgres,1,insert_emb,-,9515,0,0.005869000
postgres,1,generar_emb,-,9516,0,0.012558500
postgres,1,insert_emb,-,9516,0,0.005396300
postgres,1,generar_emb,-,9517,0,0.011651300
postgres,1,insert_emb,-,9517,0,0.005532600
postgres,1,generar_emb,-,9518,0,0.011184100
postgres,1,insert_emb,-,9518,0,0.005729200
postgres,1,generar_emb,-,9519,0,0.010531900
postgres,1,insert_emb,-,9519,0,0.005309600
postgres,1,generar_emb,-,9520,0,0.011973000
postgres,1,insert_emb,-,9520,0,0.005236100
postgres,1,generar_emb,-,9521,0,0.011008900
postgres,1,insert_emb,-,9521,0,0.005129500
postgres,1,generar_emb,-,9522,0,0.014460400
postgres,1,insert_emb,-,9522,0,0.005379400
postgres,1,generar_emb,-,9523,0,0.010883200
postgres,1,insert_emb,-,9523,0,0.005313300
postgres,1,generar_emb,-,9524,0,0.011711800
postgres,1,insert_emb,-,9524,0,0.005324000
postgres,1,generar_emb,-,9525,0,0.010881600
postgres,1,insert_emb,-,9525,0,0.005502000
postgres,1,generar_emb,-,9526,0,0.011950700
postgres,1,insert_emb,-,9526,0,0.005085700
postgres,1,generar_emb,-,9527,0,0.013231200
postgres,1,insert_emb,-,9527,0,0.005352500
postgres,1,generar_emb,-,9528,0,0.012012100
postgres,1,insert_emb,-,9528,0,0.005011300
postgres,1,generar_emb,-,9529,0,0.012512700
postgres,1,insert_emb,-,9529,0,0.005512300
postgres,1,generar_emb,-,9530,0,0.015557100
postgres,1,insert_emb,-,9530,0,0.005890300
postgres,1,generar_emb,-,9531,0,0.014951300
postgres,1,insert_emb,-,9531,0,0.005497900
postgres,1,generar_emb,-,9532,0,0.012942600
postgres,1,insert_emb,-,9532,0,0.005073000
postgres,1,generar_emb,-,9533,0,0.014306200
postgres,1,insert_emb,-,9533,0,0.005944800
postgres,1,generar_emb,-,9534,0,0.014685100
postgres,1,insert_emb,-,9534,0,0.005315700
postgres,1,generar_emb,-,9535,0,0.012603700
postgres,1,insert_emb,-,9535,0,0.005343300
postgres,1,generar_emb,-,9536,0,0.012836200
postgres,1,insert_emb,-,9536,0,0.005404100
postgres,1,generar_emb,-,9537,0,0.012792100
postgres,1,insert_emb,-,9537,0,0.005690100
postgres,1,generar_emb,-,9538,0,0.013261900
postgres,1,insert_emb,-,9538,0,0.005924300
postgres,1,generar_emb,-,9539,0,0.012265300
postgres,1,insert_emb,-,9539,0,0.005811500
postgres,1,generar_emb,-,9540,0,0.011746400
postgres,1,insert_emb,-,9540,0,0.005685500
postgres,1,generar_emb,-,9541,0,0.011929900
postgres,1,insert_emb,-,9541,0,0.004979700
postgres,1,generar_emb,-,9542,0,0.010957400
postgres,1,insert_emb,-,9542,0,0.005050300
postgres,1,generar_emb,-,9543,0,0.012377200
postgres,1,insert_emb,-,9543,0,0.005368800
postgres,1,generar_emb,-,9544,0,0.011487200
postgres,1,insert_emb,-,9544,0,0.005271000
postgres,1,generar_emb,-,9545,0,0.012923200
postgres,1,insert_emb,-,9545,0,0.005307100
postgres,1,generar_emb,-,9546,0,0.012704300
postgres,1,insert_emb,-,9546,0,0.006135000
postgres,1,generar_emb,-,9547,0,0.012445600
postgres,1,insert_emb,-,9547,0,0.005190300
postgres,1,generar_emb,-,9548,0,0.013649300
postgres,1,insert_emb,-,9548,0,0.005726600
postgres,1,generar_emb,-,9549,0,0.011946100
postgres,1,insert_emb,-,9549,0,0.005142800
postgres,1,generar_emb,-,9550,0,0.011492400
postgres,1,insert_emb,-,9550,0,0.005909800
postgres,1,generar_emb,-,9551,0,0.013125900
postgres,1,insert_emb,-,9551,0,0.005717400
postgres,1,generar_emb,-,9552,0,0.013779800
postgres,1,insert_emb,-,9552,0,0.005252900
postgres,1,generar_emb,-,9553,0,0.011685900
postgres,1,insert_emb,-,9553,0,0.005350300
postgres,1,generar_emb,-,9554,0,0.012545200
postgres,1,insert_emb,-,9554,0,0.005107100
postgres,1,generar_emb,-,9555,0,0.011824100
postgres,1,insert_emb,-,9555,0,0.005338300
postgres,1,generar_emb,-,9556,0,0.013107600
postgres,1,insert_emb,-,9556,0,0.005453900
postgres,1,generar_emb,-,9557,0,0.010859500
postgres,1,insert_emb,-,9557,0,0.005277600
postgres,1,generar_emb,-,9558,0,0.011655100
postgres,1,insert_emb,-,9558,0,0.005273000
postgres,1,generar_emb,-,9559,0,0.013555800
postgres,1,insert_emb,-,9559,0,0.005280500
postgres,1,generar_emb,-,9560,0,0.011959700
postgres,1,insert_emb,-,9560,0,0.005609900
postgres,1,generar_emb,-,9561,0,0.013248600
postgres,1,insert_emb,-,9561,0,0.005228600
postgres,1,generar_emb,-,9562,0,0.013986400
postgres,1,insert_emb,-,9562,0,0.005406700
postgres,1,generar_emb,-,9563,0,0.014345800
postgres,1,insert_emb,-,9563,0,0.005706800
postgres,1,generar_emb,-,9564,0,0.012825900
postgres,1,insert_emb,-,9564,0,0.004977400
postgres,1,generar_emb,-,9565,0,0.011663000
postgres,1,insert_emb,-,9565,0,0.005292600
postgres,1,generar_emb,-,9566,0,0.011520900
postgres,1,insert_emb,-,9566,0,0.005039200
postgres,1,generar_emb,-,9567,0,0.012578700
postgres,1,insert_emb,-,9567,0,0.005217400
postgres,1,generar_emb,-,9568,0,0.012168700
postgres,1,insert_emb,-,9568,0,0.005057300
postgres,1,generar_emb,-,9569,0,0.012200700
postgres,1,insert_emb,-,9569,0,0.005408200
postgres,1,generar_emb,-,9570,0,0.011873800
postgres,1,insert_emb,-,9570,0,0.005460100
postgres,1,generar_emb,-,9571,0,0.013728500
postgres,1,insert_emb,-,9571,0,0.005202100
postgres,1,generar_emb,-,9572,0,0.014651900
postgres,1,insert_emb,-,9572,0,0.005228500
postgres,1,generar_emb,-,9573,0,0.013584000
postgres,1,insert_emb,-,9573,0,0.005851100
postgres,1,generar_emb,-,9574,0,0.011797800
postgres,1,insert_emb,-,9574,0,0.005516000
postgres,1,generar_emb,-,9575,0,0.015074600
postgres,1,insert_emb,-,9575,0,0.005839400
postgres,1,generar_emb,-,9576,0,0.012570300
postgres,1,insert_emb,-,9576,0,0.005799300
postgres,1,generar_emb,-,9577,0,0.011035600
postgres,1,insert_emb,-,9577,0,0.005329300
postgres,1,generar_emb,-,9578,0,0.010939300
postgres,1,insert_emb,-,9578,0,0.005675700
postgres,1,generar_emb,-,9579,0,0.010708100
postgres,1,insert_emb,-,9579,0,0.005358700
postgres,1,generar_emb,-,9580,0,0.010537600
postgres,1,insert_emb,-,9580,0,0.005806900
postgres,1,generar_emb,-,9581,0,0.011877500
postgres,1,insert_emb,-,9581,0,0.005395000
postgres,1,generar_emb,-,9582,0,0.012870900
postgres,1,insert_emb,-,9582,0,0.005316100
postgres,1,generar_emb,-,9583,0,0.010706400
postgres,1,insert_emb,-,9583,0,0.005286900
postgres,1,generar_emb,-,9584,0,0.010633700
postgres,1,insert_emb,-,9584,0,0.005353500
postgres,1,generar_emb,-,9585,0,0.012753400
postgres,1,insert_emb,-,9585,0,0.006098300
postgres,1,generar_emb,-,9586,0,0.013584000
postgres,1,insert_emb,-,9586,0,0.005387400
postgres,1,generar_emb,-,9587,0,0.013627100
postgres,1,insert_emb,-,9587,0,0.005827200
postgres,1,generar_emb,-,9588,0,0.011864700
postgres,1,insert_emb,-,9588,0,0.005426900
postgres,1,generar_emb,-,9589,0,0.013198800
postgres,1,insert_emb,-,9589,0,0.005360100
postgres,1,generar_emb,-,9590,0,0.012842600
postgres,1,insert_emb,-,9590,0,0.005591500
postgres,1,generar_emb,-,9591,0,0.012861600
postgres,1,insert_emb,-,9591,0,0.005416500
postgres,1,generar_emb,-,9592,0,0.015085300
postgres,1,insert_emb,-,9592,0,0.005764800
postgres,1,generar_emb,-,9593,0,0.015642900
postgres,1,insert_emb,-,9593,0,0.005826000
postgres,1,generar_emb,-,9594,0,0.017847100
postgres,1,insert_emb,-,9594,0,0.005779600
postgres,1,generar_emb,-,9595,0,0.014548400
postgres,1,insert_emb,-,9595,0,0.006021700
postgres,1,generar_emb,-,9596,0,0.012907400
postgres,1,insert_emb,-,9596,0,0.005830700
postgres,1,generar_emb,-,9597,0,0.011178000
postgres,1,insert_emb,-,9597,0,0.005152900
postgres,1,generar_emb,-,9598,0,0.011745900
postgres,1,insert_emb,-,9598,0,0.004681400
postgres,1,generar_emb,-,9599,0,0.011089400
postgres,1,insert_emb,-,9599,0,0.005102400
postgres,1,generar_emb,-,9600,0,0.012940700
postgres,1,insert_emb,-,9600,0,0.006101900
postgres,1,generar_emb,-,9601,0,0.014913100
postgres,1,insert_emb,-,9601,0,0.006152700
postgres,1,generar_emb,-,9602,0,0.016354900
postgres,1,insert_emb,-,9602,0,0.005565700
postgres,1,generar_emb,-,9603,0,0.015031100
postgres,1,insert_emb,-,9603,0,0.006042400
postgres,1,generar_emb,-,9604,0,0.020098000
postgres,1,insert_emb,-,9604,0,0.006252600
postgres,1,generar_emb,-,9605,0,0.014612000
postgres,1,insert_emb,-,9605,0,0.006354200
postgres,1,generar_emb,-,9606,0,0.013641700
postgres,1,insert_emb,-,9606,0,0.005884200
postgres,1,generar_emb,-,9607,0,0.012319700
postgres,1,insert_emb,-,9607,0,0.005637200
postgres,1,generar_emb,-,9608,0,0.014058100
postgres,1,insert_emb,-,9608,0,0.005750100
postgres,1,generar_emb,-,9609,0,0.016460100
postgres,1,insert_emb,-,9609,0,0.005808200
postgres,1,generar_emb,-,9610,0,0.013881800
postgres,1,insert_emb,-,9610,0,0.006081400
postgres,1,generar_emb,-,9611,0,0.012458700
postgres,1,insert_emb,-,9611,0,0.005786200
postgres,1,generar_emb,-,9612,0,0.016293400
postgres,1,insert_emb,-,9612,0,0.006209500
postgres,1,generar_emb,-,9613,0,0.015018800
postgres,1,insert_emb,-,9613,0,0.005800400
postgres,1,generar_emb,-,9614,0,0.013457500
postgres,1,insert_emb,-,9614,0,0.005957000
postgres,1,generar_emb,-,9615,0,0.013062500
postgres,1,insert_emb,-,9615,0,0.006005300
postgres,1,generar_emb,-,9616,0,0.011646200
postgres,1,insert_emb,-,9616,0,0.006016900
postgres,1,generar_emb,-,9617,0,0.012615200
postgres,1,insert_emb,-,9617,0,0.005973800
postgres,1,generar_emb,-,9618,0,0.014922400
postgres,1,insert_emb,-,9618,0,0.006450100
postgres,1,generar_emb,-,9619,0,0.018813200
postgres,1,insert_emb,-,9619,0,0.006184500
postgres,1,generar_emb,-,9620,0,0.015272300
postgres,1,insert_emb,-,9620,0,0.006224400
postgres,1,generar_emb,-,9621,0,0.012905600
postgres,1,insert_emb,-,9621,0,0.005930600
postgres,1,generar_emb,-,9622,0,0.015494900
postgres,1,insert_emb,-,9622,0,0.006113900
postgres,1,generar_emb,-,9623,0,0.013226500
postgres,1,insert_emb,-,9623,0,0.006197600
postgres,1,generar_emb,-,9624,0,0.012658900
postgres,1,insert_emb,-,9624,0,0.006204400
postgres,1,generar_emb,-,9625,0,0.016271600
postgres,1,insert_emb,-,9625,0,0.006352200
postgres,1,generar_emb,-,9626,0,0.014778500
postgres,1,insert_emb,-,9626,0,0.006046900
postgres,1,generar_emb,-,9627,0,0.016053000
postgres,1,insert_emb,-,9627,0,0.006255300
postgres,1,generar_emb,-,9628,0,0.014163200
postgres,1,insert_emb,-,9628,0,0.005723000
postgres,1,generar_emb,-,9629,0,0.013051100
postgres,1,insert_emb,-,9629,0,0.005796900
postgres,1,generar_emb,-,9630,0,0.013988000
postgres,1,insert_emb,-,9630,0,0.005941000
postgres,1,generar_emb,-,9631,0,0.016554300
postgres,1,insert_emb,-,9631,0,0.006040800
postgres,1,generar_emb,-,9632,0,0.014668500
postgres,1,insert_emb,-,9632,0,0.006505800
postgres,1,generar_emb,-,9633,0,0.013194800
postgres,1,insert_emb,-,9633,0,0.006329100
postgres,1,generar_emb,-,9634,0,0.016384400
postgres,1,insert_emb,-,9634,0,0.006464300
postgres,1,generar_emb,-,9635,0,0.012763000
postgres,1,insert_emb,-,9635,0,0.006609700
postgres,1,generar_emb,-,9636,0,0.016923200
postgres,1,insert_emb,-,9636,0,0.006467600
postgres,1,generar_emb,-,9637,0,0.014903400
postgres,1,insert_emb,-,9637,0,0.006304900
postgres,1,generar_emb,-,9638,0,0.016796500
postgres,1,insert_emb,-,9638,0,0.006405500
postgres,1,generar_emb,-,9639,0,0.015245400
postgres,1,insert_emb,-,9639,0,0.005932900
postgres,1,generar_emb,-,9640,0,0.015739200
postgres,1,insert_emb,-,9640,0,0.006460300
postgres,1,generar_emb,-,9641,0,0.015046100
postgres,1,insert_emb,-,9641,0,0.006408300
postgres,1,generar_emb,-,9642,0,0.012191500
postgres,1,insert_emb,-,9642,0,0.005974500
postgres,1,generar_emb,-,9643,0,0.014476000
postgres,1,insert_emb,-,9643,0,0.005787900
postgres,1,generar_emb,-,9644,0,0.012887300
postgres,1,insert_emb,-,9644,0,0.005738500
postgres,1,generar_emb,-,9645,0,0.013773400
postgres,1,insert_emb,-,9645,0,0.006424400
postgres,1,generar_emb,-,9646,0,0.014558900
postgres,1,insert_emb,-,9646,0,0.005769800
postgres,1,generar_emb,-,9647,0,0.014170500
postgres,1,insert_emb,-,9647,0,0.006380700
postgres,1,generar_emb,-,9648,0,0.013745700
postgres,1,insert_emb,-,9648,0,0.006360600
postgres,1,generar_emb,-,9649,0,0.013099100
postgres,1,insert_emb,-,9649,0,0.006956400
postgres,1,generar_emb,-,9650,0,0.013941000
postgres,1,insert_emb,-,9650,0,0.005845700
postgres,1,generar_emb,-,9651,0,0.014219800
postgres,1,insert_emb,-,9651,0,0.005989400
postgres,1,generar_emb,-,9652,0,0.014339100
postgres,1,insert_emb,-,9652,0,0.006342600
postgres,1,generar_emb,-,9653,0,0.015561000
postgres,1,insert_emb,-,9653,0,0.006273500
postgres,1,generar_emb,-,9654,0,0.012541400
postgres,1,insert_emb,-,9654,0,0.005679300
postgres,1,generar_emb,-,9655,0,0.013614400
postgres,1,insert_emb,-,9655,0,0.005816800
postgres,1,generar_emb,-,9656,0,0.016880400
postgres,1,insert_emb,-,9656,0,0.006323000
postgres,1,generar_emb,-,9657,0,0.014930200
postgres,1,insert_emb,-,9657,0,0.006009600
postgres,1,generar_emb,-,9658,0,0.013962500
postgres,1,insert_emb,-,9658,0,0.005955500
postgres,1,generar_emb,-,9659,0,0.015870700
postgres,1,insert_emb,-,9659,0,0.005965800
postgres,1,generar_emb,-,9660,0,0.016718300
postgres,1,insert_emb,-,9660,0,0.006193400
postgres,1,generar_emb,-,9661,0,0.014335600
postgres,1,insert_emb,-,9661,0,0.005775600
postgres,1,generar_emb,-,9662,0,0.015284900
postgres,1,insert_emb,-,9662,0,0.006054500
postgres,1,generar_emb,-,9663,0,0.013398300
postgres,1,insert_emb,-,9663,0,0.005803900
postgres,1,generar_emb,-,9664,0,0.015498000
postgres,1,insert_emb,-,9664,0,0.005836600
postgres,1,generar_emb,-,9665,0,0.011966400
postgres,1,insert_emb,-,9665,0,0.006273000
postgres,1,generar_emb,-,9666,0,0.015917600
postgres,1,insert_emb,-,9666,0,0.006199100
postgres,1,generar_emb,-,9667,0,0.015146900
postgres,1,insert_emb,-,9667,0,0.006024800
postgres,1,generar_emb,-,9668,0,0.015378400
postgres,1,insert_emb,-,9668,0,0.006128700
postgres,1,generar_emb,-,9669,0,0.014187100
postgres,1,insert_emb,-,9669,0,0.005675900
postgres,1,generar_emb,-,9670,0,0.015089600
postgres,1,insert_emb,-,9670,0,0.007381300
postgres,1,generar_emb,-,9671,0,0.013081400
postgres,1,insert_emb,-,9671,0,0.005626200
postgres,1,generar_emb,-,9672,0,0.011550400
postgres,1,insert_emb,-,9672,0,0.005751200
postgres,1,generar_emb,-,9673,0,0.013145100
postgres,1,insert_emb,-,9673,0,0.005592300
postgres,1,generar_emb,-,9674,0,0.013626600
postgres,1,insert_emb,-,9674,0,0.005382400
postgres,1,generar_emb,-,9675,0,0.013607200
postgres,1,insert_emb,-,9675,0,0.005657500
postgres,1,generar_emb,-,9676,0,0.013665000
postgres,1,insert_emb,-,9676,0,0.006201800
postgres,1,generar_emb,-,9677,0,0.014304200
postgres,1,insert_emb,-,9677,0,0.006326700
postgres,1,generar_emb,-,9678,0,0.017854900
postgres,1,insert_emb,-,9678,0,0.006414800
postgres,1,generar_emb,-,9679,0,0.013572500
postgres,1,insert_emb,-,9679,0,0.005617900
postgres,1,generar_emb,-,9680,0,0.013889900
postgres,1,insert_emb,-,9680,0,0.006224000
postgres,1,generar_emb,-,9681,0,0.012698200
postgres,1,insert_emb,-,9681,0,0.005625500
postgres,1,generar_emb,-,9682,0,0.013660000
postgres,1,insert_emb,-,9682,0,0.005748200
postgres,1,generar_emb,-,9683,0,0.013066700
postgres,1,insert_emb,-,9683,0,0.005422900
postgres,1,generar_emb,-,9684,0,0.013036900
postgres,1,insert_emb,-,9684,0,0.005241700
postgres,1,generar_emb,-,9685,0,0.016609000
postgres,1,insert_emb,-,9685,0,0.006226700
postgres,1,generar_emb,-,9686,0,0.015612500
postgres,1,insert_emb,-,9686,0,0.005908600
postgres,1,generar_emb,-,9687,0,0.013457400
postgres,1,insert_emb,-,9687,0,0.005106400
postgres,1,generar_emb,-,9688,0,0.012179600
postgres,1,insert_emb,-,9688,0,0.005350000
postgres,1,generar_emb,-,9689,0,0.011962600
postgres,1,insert_emb,-,9689,0,0.005442800
postgres,1,generar_emb,-,9690,0,0.011866100
postgres,1,insert_emb,-,9690,0,0.005924200
postgres,1,generar_emb,-,9691,0,0.012641300
postgres,1,insert_emb,-,9691,0,0.005577000
postgres,1,generar_emb,-,9692,0,0.012767200
postgres,1,insert_emb,-,9692,0,0.005314100
postgres,1,generar_emb,-,9693,0,0.011560700
postgres,1,insert_emb,-,9693,0,0.005159600
postgres,1,generar_emb,-,9694,0,0.010881200
postgres,1,insert_emb,-,9694,0,0.005453500
postgres,1,generar_emb,-,9695,0,0.011813800
postgres,1,insert_emb,-,9695,0,0.005458300
postgres,1,generar_emb,-,9696,0,0.012950000
postgres,1,insert_emb,-,9696,0,0.005491100
postgres,1,generar_emb,-,9697,0,0.012484400
postgres,1,insert_emb,-,9697,0,0.005061600
postgres,1,generar_emb,-,9698,0,0.012487600
postgres,1,insert_emb,-,9698,0,0.005379300
postgres,1,generar_emb,-,9699,0,0.012595400
postgres,1,insert_emb,-,9699,0,0.005522000
postgres,1,generar_emb,-,9700,0,0.012225500
postgres,1,insert_emb,-,9700,0,0.005622000
postgres,1,generar_emb,-,9701,0,0.012430400
postgres,1,insert_emb,-,9701,0,0.005143400
postgres,1,generar_emb,-,9702,0,0.012402000
postgres,1,insert_emb,-,9702,0,0.005104600
postgres,1,generar_emb,-,9703,0,0.011506600
postgres,1,insert_emb,-,9703,0,0.005393600
postgres,1,generar_emb,-,9704,0,0.011854600
postgres,1,insert_emb,-,9704,0,0.005224300
postgres,1,generar_emb,-,9705,0,0.011869300
postgres,1,insert_emb,-,9705,0,0.005324400
postgres,1,generar_emb,-,9706,0,0.013935700
postgres,1,insert_emb,-,9706,0,0.005874100
postgres,1,generar_emb,-,9707,0,0.010739900
postgres,1,insert_emb,-,9707,0,0.005290800
postgres,1,generar_emb,-,9708,0,0.011971400
postgres,1,insert_emb,-,9708,0,0.005439600
postgres,1,generar_emb,-,9709,0,0.013613900
postgres,1,insert_emb,-,9709,0,0.005332000
postgres,1,generar_emb,-,9710,0,0.011409900
postgres,1,insert_emb,-,9710,0,0.005576900
postgres,1,generar_emb,-,9711,0,0.012169400
postgres,1,insert_emb,-,9711,0,0.005065600
postgres,1,generar_emb,-,9712,0,0.013571500
postgres,1,insert_emb,-,9712,0,0.005076600
postgres,1,generar_emb,-,9713,0,0.013381700
postgres,1,insert_emb,-,9713,0,0.005385300
postgres,1,generar_emb,-,9714,0,0.013534600
postgres,1,insert_emb,-,9714,0,0.005064400
postgres,1,generar_emb,-,9715,0,0.016440900
postgres,1,insert_emb,-,9715,0,0.005898300
postgres,1,generar_emb,-,9716,0,0.012939700
postgres,1,insert_emb,-,9716,0,0.006209800
postgres,1,generar_emb,-,9717,0,0.014206600
postgres,1,insert_emb,-,9717,0,0.005893700
postgres,1,generar_emb,-,9718,0,0.013081900
postgres,1,insert_emb,-,9718,0,0.005483200
postgres,1,generar_emb,-,9719,0,0.012404000
postgres,1,insert_emb,-,9719,0,0.005318300
postgres,1,generar_emb,-,9720,0,0.014229800
postgres,1,insert_emb,-,9720,0,0.005373700
postgres,1,generar_emb,-,9721,0,0.012066300
postgres,1,insert_emb,-,9721,0,0.005460100
postgres,1,generar_emb,-,9722,0,0.012363100
postgres,1,insert_emb,-,9722,0,0.005228200
postgres,1,generar_emb,-,9723,0,0.013529400
postgres,1,insert_emb,-,9723,0,0.005358200
postgres,1,generar_emb,-,9724,0,0.013330700
postgres,1,insert_emb,-,9724,0,0.005176300
postgres,1,generar_emb,-,9725,0,0.013385900
postgres,1,insert_emb,-,9725,0,0.005692700
postgres,1,generar_emb,-,9726,0,0.012970900
postgres,1,insert_emb,-,9726,0,0.004978500
postgres,1,generar_emb,-,9727,0,0.011241700
postgres,1,insert_emb,-,9727,0,0.005392800
postgres,1,generar_emb,-,9728,0,0.013272300
postgres,1,insert_emb,-,9728,0,0.005183600
postgres,1,generar_emb,-,9729,0,0.014098500
postgres,1,insert_emb,-,9729,0,0.005369600
postgres,1,generar_emb,-,9730,0,0.012438000
postgres,1,insert_emb,-,9730,0,0.005517900
postgres,1,generar_emb,-,9731,0,0.012009900
postgres,1,insert_emb,-,9731,0,0.005335500
postgres,1,generar_emb,-,9732,0,0.012813300
postgres,1,insert_emb,-,9732,0,0.006078000
postgres,1,generar_emb,-,9733,0,0.011725600
postgres,1,insert_emb,-,9733,0,0.005631100
postgres,1,generar_emb,-,9734,0,0.012694400
postgres,1,insert_emb,-,9734,0,0.005338800
postgres,1,generar_emb,-,9735,0,0.012564600
postgres,1,insert_emb,-,9735,0,0.005605600
postgres,1,generar_emb,-,9736,0,0.011974800
postgres,1,insert_emb,-,9736,0,0.005386600
postgres,1,generar_emb,-,9737,0,0.011542600
postgres,1,insert_emb,-,9737,0,0.005485600
postgres,1,generar_emb,-,9738,0,0.012639100
postgres,1,insert_emb,-,9738,0,0.005398500
postgres,1,generar_emb,-,9739,0,0.012650600
postgres,1,insert_emb,-,9739,0,0.005626700
postgres,1,generar_emb,-,9740,0,0.012833800
postgres,1,insert_emb,-,9740,0,0.005267400
postgres,1,generar_emb,-,9741,0,0.010644200
postgres,1,insert_emb,-,9741,0,0.005162600
postgres,1,generar_emb,-,9742,0,0.011191100
postgres,1,insert_emb,-,9742,0,0.005331200
postgres,1,generar_emb,-,9743,0,0.011265900
postgres,1,insert_emb,-,9743,0,0.005450000
postgres,1,generar_emb,-,9744,0,0.012068200
postgres,1,insert_emb,-,9744,0,0.005313900
postgres,1,generar_emb,-,9745,0,0.011513100
postgres,1,insert_emb,-,9745,0,0.005494500
postgres,1,generar_emb,-,9746,0,0.013282500
postgres,1,insert_emb,-,9746,0,0.005558300
postgres,1,generar_emb,-,9747,0,0.012443700
postgres,1,insert_emb,-,9747,0,0.005651000
postgres,1,generar_emb,-,9748,0,0.011139700
postgres,1,insert_emb,-,9748,0,0.005063600
postgres,1,generar_emb,-,9749,0,0.012327900
postgres,1,insert_emb,-,9749,0,0.005118400
postgres,1,generar_emb,-,9750,0,0.011703400
postgres,1,insert_emb,-,9750,0,0.005379800
postgres,1,generar_emb,-,9751,0,0.011357800
postgres,1,insert_emb,-,9751,0,0.005265600
postgres,1,generar_emb,-,9752,0,0.011483600
postgres,1,insert_emb,-,9752,0,0.005762600
postgres,1,generar_emb,-,9753,0,0.011378600
postgres,1,insert_emb,-,9753,0,0.005232300
postgres,1,generar_emb,-,9754,0,0.012355100
postgres,1,insert_emb,-,9754,0,0.005079900
postgres,1,generar_emb,-,9755,0,0.011071500
postgres,1,insert_emb,-,9755,0,0.005203600
postgres,1,generar_emb,-,9756,0,0.012269600
postgres,1,insert_emb,-,9756,0,0.005500100
postgres,1,generar_emb,-,9757,0,0.011412300
postgres,1,insert_emb,-,9757,0,0.005289000
postgres,1,generar_emb,-,9758,0,0.011504300
postgres,1,insert_emb,-,9758,0,0.005148600
postgres,1,generar_emb,-,9759,0,0.011250500
postgres,1,insert_emb,-,9759,0,0.005117600
postgres,1,generar_emb,-,9760,0,0.011170500
postgres,1,insert_emb,-,9760,0,0.005214600
postgres,1,generar_emb,-,9761,0,0.012878900
postgres,1,insert_emb,-,9761,0,0.005113300
postgres,1,generar_emb,-,9762,0,0.013023300
postgres,1,insert_emb,-,9762,0,0.005708200
postgres,1,generar_emb,-,9763,0,0.013113800
postgres,1,insert_emb,-,9763,0,0.005561700
postgres,1,generar_emb,-,9764,0,0.011219000
postgres,1,insert_emb,-,9764,0,0.005259200
postgres,1,generar_emb,-,9765,0,0.010771300
postgres,1,insert_emb,-,9765,0,0.005515700
postgres,1,generar_emb,-,9766,0,0.013108900
postgres,1,insert_emb,-,9766,0,0.005322300
postgres,1,generar_emb,-,9767,0,0.012271400
postgres,1,insert_emb,-,9767,0,0.005056300
postgres,1,generar_emb,-,9768,0,0.011620300
postgres,1,insert_emb,-,9768,0,0.005240800
postgres,1,generar_emb,-,9769,0,0.013475200
postgres,1,insert_emb,-,9769,0,0.005239800
postgres,1,generar_emb,-,9770,0,0.013678100
postgres,1,insert_emb,-,9770,0,0.005219000
postgres,1,generar_emb,-,9771,0,0.014748100
postgres,1,insert_emb,-,9771,0,0.005791900
postgres,1,generar_emb,-,9772,0,0.012863900
postgres,1,insert_emb,-,9772,0,0.005275600
postgres,1,generar_emb,-,9773,0,0.016908000
postgres,1,insert_emb,-,9773,0,0.006090400
postgres,1,generar_emb,-,9774,0,0.013478700
postgres,1,insert_emb,-,9774,0,0.005397700
postgres,1,generar_emb,-,9775,0,0.013259300
postgres,1,insert_emb,-,9775,0,0.005816300
postgres,1,generar_emb,-,9776,0,0.015699600
postgres,1,insert_emb,-,9776,0,0.005129100
postgres,1,generar_emb,-,9777,0,0.012474000
postgres,1,insert_emb,-,9777,0,0.005314200
postgres,1,generar_emb,-,9778,0,0.014731900
postgres,1,insert_emb,-,9778,0,0.005491700
postgres,1,generar_emb,-,9779,0,0.015415200
postgres,1,insert_emb,-,9779,0,0.005468800
postgres,1,generar_emb,-,9780,0,0.017692900
postgres,1,insert_emb,-,9780,0,0.005397100
postgres,1,generar_emb,-,9781,0,0.014290100
postgres,1,insert_emb,-,9781,0,0.005170300
postgres,1,generar_emb,-,9782,0,0.012577400
postgres,1,insert_emb,-,9782,0,0.005298000
postgres,1,generar_emb,-,9783,0,0.016485400
postgres,1,insert_emb,-,9783,0,0.005285400
postgres,1,generar_emb,-,9784,0,0.013268600
postgres,1,insert_emb,-,9784,0,0.005336700
postgres,1,generar_emb,-,9785,0,0.012699700
postgres,1,insert_emb,-,9785,0,0.005671600
postgres,1,generar_emb,-,9786,0,0.016339300
postgres,1,insert_emb,-,9786,0,0.005268100
postgres,1,generar_emb,-,9787,0,0.012498400
postgres,1,insert_emb,-,9787,0,0.005143700
postgres,1,generar_emb,-,9788,0,0.012528300
postgres,1,insert_emb,-,9788,0,0.005156500
postgres,1,generar_emb,-,9789,0,0.011590800
postgres,1,insert_emb,-,9789,0,0.005306900
postgres,1,generar_emb,-,9790,0,0.011449000
postgres,1,insert_emb,-,9790,0,0.005491000
postgres,1,generar_emb,-,9791,0,0.011622400
postgres,1,insert_emb,-,9791,0,0.005428100
postgres,1,generar_emb,-,9792,0,0.013076400
postgres,1,insert_emb,-,9792,0,0.005333000
postgres,1,generar_emb,-,9793,0,0.013513100
postgres,1,insert_emb,-,9793,0,0.005512100
postgres,1,generar_emb,-,9794,0,0.012090200
postgres,1,insert_emb,-,9794,0,0.005185100
postgres,1,generar_emb,-,9795,0,0.012959000
postgres,1,insert_emb,-,9795,0,0.005863600
postgres,1,generar_emb,-,9796,0,0.012199300
postgres,1,insert_emb,-,9796,0,0.005611300
postgres,1,generar_emb,-,9797,0,0.011395700
postgres,1,insert_emb,-,9797,0,0.005484300
postgres,1,generar_emb,-,9798,0,0.011385300
postgres,1,insert_emb,-,9798,0,0.005688500
postgres,1,generar_emb,-,9799,0,0.010794300
postgres,1,insert_emb,-,9799,0,0.005238200
postgres,1,generar_emb,-,9800,0,0.011916300
postgres,1,insert_emb,-,9800,0,0.005778000
postgres,1,generar_emb,-,9801,0,0.011484700
postgres,1,insert_emb,-,9801,0,0.005372500
postgres,1,generar_emb,-,9802,0,0.012100900
postgres,1,insert_emb,-,9802,0,0.005316700
postgres,1,generar_emb,-,9803,0,0.011946600
postgres,1,insert_emb,-,9803,0,0.005404000
postgres,1,generar_emb,-,9804,0,0.011921800
postgres,1,insert_emb,-,9804,0,0.005528400
postgres,1,generar_emb,-,9805,0,0.014003200
postgres,1,insert_emb,-,9805,0,0.005159300
postgres,1,generar_emb,-,9806,0,0.012079400
postgres,1,insert_emb,-,9806,0,0.005264800
postgres,1,generar_emb,-,9807,0,0.011920000
postgres,1,insert_emb,-,9807,0,0.005456000
postgres,1,generar_emb,-,9808,0,0.015684900
postgres,1,insert_emb,-,9808,0,0.005190500
postgres,1,generar_emb,-,9809,0,0.013062400
postgres,1,insert_emb,-,9809,0,0.005284100
postgres,1,generar_emb,-,9810,0,0.014348600
postgres,1,insert_emb,-,9810,0,0.006476000
postgres,1,generar_emb,-,9811,0,0.013606100
postgres,1,insert_emb,-,9811,0,0.005812600
postgres,1,generar_emb,-,9812,0,0.015159300
postgres,1,insert_emb,-,9812,0,0.006081000
postgres,1,generar_emb,-,9813,0,0.013561700
postgres,1,insert_emb,-,9813,0,0.006192800
postgres,1,generar_emb,-,9814,0,0.015035600
postgres,1,insert_emb,-,9814,0,0.005367100
postgres,1,generar_emb,-,9815,0,0.013600500
postgres,1,insert_emb,-,9815,0,0.006203100
postgres,1,generar_emb,-,9816,0,0.014200400
postgres,1,insert_emb,-,9816,0,0.005724700
postgres,1,generar_emb,-,9817,0,0.016741600
postgres,1,insert_emb,-,9817,0,0.005601600
postgres,1,generar_emb,-,9818,0,0.012279900
postgres,1,insert_emb,-,9818,0,0.005371100
postgres,1,generar_emb,-,9819,0,0.012431000
postgres,1,insert_emb,-,9819,0,0.005352600
postgres,1,generar_emb,-,9820,0,0.012147600
postgres,1,insert_emb,-,9820,0,0.005613100
postgres,1,generar_emb,-,9821,0,0.014318900
postgres,1,insert_emb,-,9821,0,0.005388300
postgres,1,generar_emb,-,9822,0,0.013926600
postgres,1,insert_emb,-,9822,0,0.005611400
postgres,1,generar_emb,-,9823,0,0.013736300
postgres,1,insert_emb,-,9823,0,0.005883900
postgres,1,generar_emb,-,9824,0,0.016030900
postgres,1,insert_emb,-,9824,0,0.005288200
postgres,1,generar_emb,-,9825,0,0.012025500
postgres,1,insert_emb,-,9825,0,0.005269100
postgres,1,generar_emb,-,9826,0,0.011460100
postgres,1,insert_emb,-,9826,0,0.005159000
postgres,1,generar_emb,-,9827,0,0.011999000
postgres,1,insert_emb,-,9827,0,0.005898200
postgres,1,generar_emb,-,9828,0,0.014041900
postgres,1,insert_emb,-,9828,0,0.006066800
postgres,1,generar_emb,-,9829,0,0.013969900
postgres,1,insert_emb,-,9829,0,0.005700600
postgres,1,generar_emb,-,9830,0,0.013372900
postgres,1,insert_emb,-,9830,0,0.005990300
postgres,1,generar_emb,-,9831,0,0.011828100
postgres,1,insert_emb,-,9831,0,0.005576900
postgres,1,generar_emb,-,9832,0,0.011134400
postgres,1,insert_emb,-,9832,0,0.005840000
postgres,1,generar_emb,-,9833,0,0.012836600
postgres,1,insert_emb,-,9833,0,0.005745300
postgres,1,generar_emb,-,9834,0,0.012217600
postgres,1,insert_emb,-,9834,0,0.006121700
postgres,1,generar_emb,-,9835,0,0.011674800
postgres,1,insert_emb,-,9835,0,0.005409600
postgres,1,generar_emb,-,9836,0,0.010830800
postgres,1,insert_emb,-,9836,0,0.005060600
postgres,1,generar_emb,-,9837,0,0.012560600
postgres,1,insert_emb,-,9837,0,0.005310600
postgres,1,generar_emb,-,9838,0,0.016474400
postgres,1,insert_emb,-,9838,0,0.005095500
postgres,1,generar_emb,-,9839,0,0.010676000
postgres,1,insert_emb,-,9839,0,0.005392100
postgres,1,generar_emb,-,9840,0,0.011455100
postgres,1,insert_emb,-,9840,0,0.005630600
postgres,1,generar_emb,-,9841,0,0.012188300
postgres,1,insert_emb,-,9841,0,0.005301100
postgres,1,generar_emb,-,9842,0,0.014274600
postgres,1,insert_emb,-,9842,0,0.005478800
postgres,1,generar_emb,-,9843,0,0.015452800
postgres,1,insert_emb,-,9843,0,0.005323100
postgres,1,generar_emb,-,9844,0,0.012416900
postgres,1,insert_emb,-,9844,0,0.005341300
postgres,1,generar_emb,-,9845,0,0.012020500
postgres,1,insert_emb,-,9845,0,0.005376200
postgres,1,generar_emb,-,9846,0,0.014697200
postgres,1,insert_emb,-,9846,0,0.005334900
postgres,1,generar_emb,-,9847,0,0.012566200
postgres,1,insert_emb,-,9847,0,0.005277500
postgres,1,generar_emb,-,9848,0,0.012076900
postgres,1,insert_emb,-,9848,0,0.005181100
postgres,1,generar_emb,-,9849,0,0.012087700
postgres,1,insert_emb,-,9849,0,0.005335500
postgres,1,generar_emb,-,9850,0,0.011883200
postgres,1,insert_emb,-,9850,0,0.005433700
postgres,1,generar_emb,-,9851,0,0.011072500
postgres,1,insert_emb,-,9851,0,0.005384400
postgres,1,generar_emb,-,9852,0,0.013214500
postgres,1,insert_emb,-,9852,0,0.005309000
postgres,1,generar_emb,-,9853,0,0.011100900
postgres,1,insert_emb,-,9853,0,0.005199200
postgres,1,generar_emb,-,9854,0,0.011933500
postgres,1,insert_emb,-,9854,0,0.005103700
postgres,1,generar_emb,-,9855,0,0.012381200
postgres,1,insert_emb,-,9855,0,0.005298600
postgres,1,generar_emb,-,9856,0,0.013849900
postgres,1,insert_emb,-,9856,0,0.005248000
postgres,1,generar_emb,-,9857,0,0.010905600
postgres,1,insert_emb,-,9857,0,0.005322800
postgres,1,generar_emb,-,9858,0,0.011166800
postgres,1,insert_emb,-,9858,0,0.005787000
postgres,1,generar_emb,-,9859,0,0.010848800
postgres,1,insert_emb,-,9859,0,0.005524500
postgres,1,generar_emb,-,9860,0,0.010545900
postgres,1,insert_emb,-,9860,0,0.005860900
postgres,1,generar_emb,-,9861,0,0.012046700
postgres,1,insert_emb,-,9861,0,0.005453100
postgres,1,generar_emb,-,9862,0,0.011801300
postgres,1,insert_emb,-,9862,0,0.036129500
postgres,1,generar_emb,-,9863,0,0.010638100
postgres,1,insert_emb,-,9863,0,0.005365800
postgres,1,generar_emb,-,9864,0,0.013125600
postgres,1,insert_emb,-,9864,0,0.005120500
postgres,1,generar_emb,-,9865,0,0.011316900
postgres,1,insert_emb,-,9865,0,0.005479800
postgres,1,generar_emb,-,9866,0,0.013747800
postgres,1,insert_emb,-,9866,0,0.005566200
postgres,1,generar_emb,-,9867,0,0.011673400
postgres,1,insert_emb,-,9867,0,0.006056000
postgres,1,generar_emb,-,9868,0,0.013223900
postgres,1,insert_emb,-,9868,0,0.005220100
postgres,1,generar_emb,-,9869,0,0.012199400
postgres,1,insert_emb,-,9869,0,0.005711800
postgres,1,generar_emb,-,9870,0,0.012236300
postgres,1,insert_emb,-,9870,0,0.005645000
postgres,1,generar_emb,-,9871,0,0.013956900
postgres,1,insert_emb,-,9871,0,0.005445300
postgres,1,generar_emb,-,9872,0,0.012149900
postgres,1,insert_emb,-,9872,0,0.005500400
postgres,1,generar_emb,-,9873,0,0.010845500
postgres,1,insert_emb,-,9873,0,0.005625600
postgres,1,generar_emb,-,9874,0,0.012227900
postgres,1,insert_emb,-,9874,0,0.005395400
postgres,1,generar_emb,-,9875,0,0.010727600
postgres,1,insert_emb,-,9875,0,0.005723900
postgres,1,generar_emb,-,9876,0,0.012278800
postgres,1,insert_emb,-,9876,0,0.005373900
postgres,1,generar_emb,-,9877,0,0.012481200
postgres,1,insert_emb,-,9877,0,0.005132700
postgres,1,generar_emb,-,9878,0,0.012087100
postgres,1,insert_emb,-,9878,0,0.005843500
postgres,1,generar_emb,-,9879,0,0.012654600
postgres,1,insert_emb,-,9879,0,0.005131800
postgres,1,generar_emb,-,9880,0,0.011822600
postgres,1,insert_emb,-,9880,0,0.005288400
postgres,1,generar_emb,-,9881,0,0.011850100
postgres,1,insert_emb,-,9881,0,0.005461700
postgres,1,generar_emb,-,9882,0,0.014148800
postgres,1,insert_emb,-,9882,0,0.005688900
postgres,1,generar_emb,-,9883,0,0.012403100
postgres,1,insert_emb,-,9883,0,0.005659400
postgres,1,generar_emb,-,9884,0,0.011251300
postgres,1,insert_emb,-,9884,0,0.005555000
postgres,1,generar_emb,-,9885,0,0.011468300
postgres,1,insert_emb,-,9885,0,0.005994000
postgres,1,generar_emb,-,9886,0,0.011796000
postgres,1,insert_emb,-,9886,0,0.005760600
postgres,1,generar_emb,-,9887,0,0.010688600
postgres,1,insert_emb,-,9887,0,0.005549000
postgres,1,generar_emb,-,9888,0,0.011870400
postgres,1,insert_emb,-,9888,0,0.005509600
postgres,1,generar_emb,-,9889,0,0.012644200
postgres,1,insert_emb,-,9889,0,0.005899700
postgres,1,generar_emb,-,9890,0,0.010779900
postgres,1,insert_emb,-,9890,0,0.005677700
postgres,1,generar_emb,-,9891,0,0.010757700
postgres,1,insert_emb,-,9891,0,0.005476700
postgres,1,generar_emb,-,9892,0,0.010862900
postgres,1,insert_emb,-,9892,0,0.005439800
postgres,1,generar_emb,-,9893,0,0.010968500
postgres,1,insert_emb,-,9893,0,0.005226900
postgres,1,generar_emb,-,9894,0,0.012014400
postgres,1,insert_emb,-,9894,0,0.006166500
postgres,1,generar_emb,-,9895,0,0.012216800
postgres,1,insert_emb,-,9895,0,0.005355200
postgres,1,generar_emb,-,9896,0,0.011163000
postgres,1,insert_emb,-,9896,0,0.005890400
postgres,1,generar_emb,-,9897,0,0.013001100
postgres,1,insert_emb,-,9897,0,0.005445700
postgres,1,generar_emb,-,9898,0,0.012518800
postgres,1,insert_emb,-,9898,0,0.005563400
postgres,1,generar_emb,-,9899,0,0.012860500
postgres,1,insert_emb,-,9899,0,0.005981800
postgres,1,generar_emb,-,9900,0,0.015286400
postgres,1,insert_emb,-,9900,0,0.005846200
postgres,1,generar_emb,-,9901,0,0.012432300
postgres,1,insert_emb,-,9901,0,0.006542700
postgres,1,generar_emb,-,9902,0,0.012876300
postgres,1,insert_emb,-,9902,0,0.005782100
postgres,1,generar_emb,-,9903,0,0.015914000
postgres,1,insert_emb,-,9903,0,0.006666900
postgres,1,generar_emb,-,9904,0,0.017890200
postgres,1,insert_emb,-,9904,0,0.006988700
postgres,1,generar_emb,-,9905,0,0.018852100
postgres,1,insert_emb,-,9905,0,0.007406800
postgres,1,generar_emb,-,9906,0,0.020206000
postgres,1,insert_emb,-,9906,0,0.007125500
postgres,1,generar_emb,-,9907,0,0.012607300
postgres,1,insert_emb,-,9907,0,0.005694900
postgres,1,generar_emb,-,9908,0,0.011700700
postgres,1,insert_emb,-,9908,0,0.005569700
postgres,1,generar_emb,-,9909,0,0.011436500
postgres,1,insert_emb,-,9909,0,0.005684900
postgres,1,generar_emb,-,9910,0,0.011848700
postgres,1,insert_emb,-,9910,0,0.005506100
postgres,1,generar_emb,-,9911,0,0.010935700
postgres,1,insert_emb,-,9911,0,0.005567600
postgres,1,generar_emb,-,9912,0,0.011783700
postgres,1,insert_emb,-,9912,0,0.005129400
postgres,1,generar_emb,-,9913,0,0.012409100
postgres,1,insert_emb,-,9913,0,0.005215200
postgres,1,generar_emb,-,9914,0,0.011870300
postgres,1,insert_emb,-,9914,0,0.005594100
postgres,1,generar_emb,-,9915,0,0.011390300
postgres,1,insert_emb,-,9915,0,0.005961100
postgres,1,generar_emb,-,9916,0,0.014087800
postgres,1,insert_emb,-,9916,0,0.005899100
postgres,1,generar_emb,-,9917,0,0.014221700
postgres,1,insert_emb,-,9917,0,0.005870600
postgres,1,generar_emb,-,9918,0,0.017347600
postgres,1,insert_emb,-,9918,0,0.007128600
postgres,1,generar_emb,-,9919,0,0.014163900
postgres,1,insert_emb,-,9919,0,0.006157100
postgres,1,generar_emb,-,9920,0,0.019895000
postgres,1,insert_emb,-,9920,0,0.007006100
postgres,1,generar_emb,-,9921,0,0.028591600
postgres,1,insert_emb,-,9921,0,0.006992400
postgres,1,generar_emb,-,9922,0,0.019766600
postgres,1,insert_emb,-,9922,0,0.007037500
postgres,1,generar_emb,-,9923,0,0.015170200
postgres,1,insert_emb,-,9923,0,0.006317800
postgres,1,generar_emb,-,9924,0,0.012899600
postgres,1,insert_emb,-,9924,0,0.005171300
postgres,1,generar_emb,-,9925,0,0.013623800
postgres,1,insert_emb,-,9925,0,0.005561400
postgres,1,generar_emb,-,9926,0,0.014519600
postgres,1,insert_emb,-,9926,0,0.005354300
postgres,1,generar_emb,-,9927,0,0.014512500
postgres,1,insert_emb,-,9927,0,0.005550600
postgres,1,generar_emb,-,9928,0,0.013645700
postgres,1,insert_emb,-,9928,0,0.005612500
postgres,1,generar_emb,-,9929,0,0.012595300
postgres,1,insert_emb,-,9929,0,0.005348400
postgres,1,generar_emb,-,9930,0,0.013522800
postgres,1,insert_emb,-,9930,0,0.005713500
postgres,1,generar_emb,-,9931,0,0.012392600
postgres,1,insert_emb,-,9931,0,0.005189300
postgres,1,generar_emb,-,9932,0,0.011606800
postgres,1,insert_emb,-,9932,0,0.005152200
postgres,1,generar_emb,-,9933,0,0.015434200
postgres,1,insert_emb,-,9933,0,0.005472000
postgres,1,generar_emb,-,9934,0,0.015574200
postgres,1,insert_emb,-,9934,0,0.005857700
postgres,1,generar_emb,-,9935,0,0.012516600
postgres,1,insert_emb,-,9935,0,0.005970500
postgres,1,generar_emb,-,9936,0,0.012726100
postgres,1,insert_emb,-,9936,0,0.005170900
postgres,1,generar_emb,-,9937,0,0.013052600
postgres,1,insert_emb,-,9937,0,0.005511500
postgres,1,generar_emb,-,9938,0,0.011750400
postgres,1,insert_emb,-,9938,0,0.005345300
postgres,1,generar_emb,-,9939,0,0.012711700
postgres,1,insert_emb,-,9939,0,0.005252900
postgres,1,generar_emb,-,9940,0,0.012797000
postgres,1,insert_emb,-,9940,0,0.005558000
postgres,1,generar_emb,-,9941,0,0.015239300
postgres,1,insert_emb,-,9941,0,0.005670700
postgres,1,generar_emb,-,9942,0,0.012666000
postgres,1,insert_emb,-,9942,0,0.005495700
postgres,1,generar_emb,-,9943,0,0.014109100
postgres,1,insert_emb,-,9943,0,0.005939700
postgres,1,generar_emb,-,9944,0,0.013411100
postgres,1,insert_emb,-,9944,0,0.006345700
postgres,1,generar_emb,-,9945,0,0.011646700
postgres,1,insert_emb,-,9945,0,0.005992500
postgres,1,generar_emb,-,9946,0,0.012652600
postgres,1,insert_emb,-,9946,0,0.005672100
postgres,1,generar_emb,-,9947,0,0.011953700
postgres,1,insert_emb,-,9947,0,0.005612300
postgres,1,generar_emb,-,9948,0,0.013645500
postgres,1,insert_emb,-,9948,0,0.005619700
postgres,1,generar_emb,-,9949,0,0.013675800
postgres,1,insert_emb,-,9949,0,0.005364700
postgres,1,generar_emb,-,9950,0,0.013155400
postgres,1,insert_emb,-,9950,0,0.005373600
postgres,1,generar_emb,-,9951,0,0.013758000
postgres,1,insert_emb,-,9951,0,0.005639800
postgres,1,generar_emb,-,9952,0,0.013990000
postgres,1,insert_emb,-,9952,0,0.005653400
postgres,1,generar_emb,-,9953,0,0.013311300
postgres,1,insert_emb,-,9953,0,0.005385400
postgres,1,generar_emb,-,9954,0,0.016230100
postgres,1,insert_emb,-,9954,0,0.005690300
postgres,1,generar_emb,-,9955,0,0.014714600
postgres,1,insert_emb,-,9955,0,0.005691900
postgres,1,generar_emb,-,9956,0,0.014470700
postgres,1,insert_emb,-,9956,0,0.005115900
postgres,1,generar_emb,-,9957,0,0.012010400
postgres,1,insert_emb,-,9957,0,0.005279800
postgres,1,generar_emb,-,9958,0,0.021950400
postgres,1,insert_emb,-,9958,0,0.006121800
postgres,1,generar_emb,-,9959,0,0.012095300
postgres,1,insert_emb,-,9959,0,0.005206400
postgres,1,generar_emb,-,9960,0,0.011441900
postgres,1,insert_emb,-,9960,0,0.005658300
postgres,1,generar_emb,-,9961,0,0.018126100
postgres,1,insert_emb,-,9961,0,0.005573600
postgres,1,generar_emb,-,9962,0,0.015069000
postgres,1,insert_emb,-,9962,0,0.005455000
postgres,1,generar_emb,-,9963,0,0.012677400
postgres,1,insert_emb,-,9963,0,0.005424900
postgres,1,generar_emb,-,9964,0,0.014074600
postgres,1,insert_emb,-,9964,0,0.005220400
postgres,1,generar_emb,-,9965,0,0.012179400
postgres,1,insert_emb,-,9965,0,0.005507900
postgres,1,generar_emb,-,9966,0,0.012321200
postgres,1,insert_emb,-,9966,0,0.005266600
postgres,1,generar_emb,-,9967,0,0.013051300
postgres,1,insert_emb,-,9967,0,0.005222600
postgres,1,generar_emb,-,9968,0,0.015501200
postgres,1,insert_emb,-,9968,0,0.005252500
postgres,1,generar_emb,-,9969,0,0.013730300
postgres,1,insert_emb,-,9969,0,0.005342100
postgres,1,generar_emb,-,9970,0,0.012422600
postgres,1,insert_emb,-,9970,0,0.005330100
postgres,1,generar_emb,-,9971,0,0.014437000
postgres,1,insert_emb,-,9971,0,0.005334200
postgres,1,generar_emb,-,9972,0,0.011428500
postgres,1,insert_emb,-,9972,0,0.006010700
postgres,1,generar_emb,-,9973,0,0.011212200
postgres,1,insert_emb,-,9973,0,0.005263400
postgres,1,generar_emb,-,9974,0,0.012898600
postgres,1,insert_emb,-,9974,0,0.005775800
postgres,1,generar_emb,-,9975,0,0.013345400
postgres,1,insert_emb,-,9975,0,0.005338400
postgres,1,generar_emb,-,9976,0,0.011791400
postgres,1,insert_emb,-,9976,0,0.005429100
postgres,1,generar_emb,-,9977,0,0.013258100
postgres,1,insert_emb,-,9977,0,0.005823600
postgres,1,generar_emb,-,9978,0,0.013803600
postgres,1,insert_emb,-,9978,0,0.005198100
postgres,1,generar_emb,-,9979,0,0.012273600
postgres,1,insert_emb,-,9979,0,0.005236900
postgres,1,generar_emb,-,9980,0,0.011784400
postgres,1,insert_emb,-,9980,0,0.005891700
postgres,1,generar_emb,-,9981,0,0.011852200
postgres,1,insert_emb,-,9981,0,0.005967800
postgres,1,generar_emb,-,9982,0,0.012283000
postgres,1,insert_emb,-,9982,0,0.005331300
postgres,1,generar_emb,-,9983,0,0.011095100
postgres,1,insert_emb,-,9983,0,0.005289400
postgres,1,generar_emb,-,9984,0,0.010834300
postgres,1,insert_emb,-,9984,0,0.005088600
postgres,1,generar_emb,-,9985,0,0.012776100
postgres,1,insert_emb,-,9985,0,0.005674000
postgres,1,generar_emb,-,9986,0,0.012266400
postgres,1,insert_emb,-,9986,0,0.005398300
postgres,1,generar_emb,-,9987,0,0.011815000
postgres,1,insert_emb,-,9987,0,0.005444400
postgres,1,generar_emb,-,9988,0,0.010986800
postgres,1,insert_emb,-,9988,0,0.005373300
postgres,1,generar_emb,-,9989,0,0.011808900
postgres,1,insert_emb,-,9989,0,0.005516400
postgres,1,generar_emb,-,9990,0,0.012486300
postgres,1,insert_emb,-,9990,0,0.005782400
postgres,1,generar_emb,-,9991,0,0.013908700
postgres,1,insert_emb,-,9991,0,0.005670200
postgres,1,generar_emb,-,9992,0,0.012170500
postgres,1,insert_emb,-,9992,0,0.005266700
postgres,1,generar_emb,-,9993,0,0.011418600
postgres,1,insert_emb,-,9993,0,0.005832800
postgres,1,generar_emb,-,9994,0,0.011728300
postgres,1,insert_emb,-,9994,0,0.005456300
postgres,1,generar_emb,-,9995,0,0.012843100
postgres,1,insert_emb,-,9995,0,0.005750900
postgres,1,generar_emb,-,9996,0,0.012969400
postgres,1,insert_emb,-,9996,0,0.005825000
postgres,1,generar_emb,-,9997,0,0.012132100
postgres,1,insert_emb,-,9997,0,0.005695400
postgres,1,generar_emb,-,9998,0,0.013343900
postgres,1,insert_emb,-,9998,0,0.005785200
postgres,1,generar_emb,-,9999,0,0.012815500
postgres,1,insert_emb,-,9999,0,0.005314300
postgres,10,generar_emb,-,0,0,0.051477900
postgres,10,insert_emb,-,0,0,0.022318000
postgres,10,generar_emb,-,1,0,0.036434100
postgres,10,insert_emb,-,1,0,0.021179800
postgres,10,generar_emb,-,2,0,0.041036000
postgres,10,insert_emb,-,2,0,0.024655200
postgres,10,generar_emb,-,3,0,0.058764800
postgres,10,insert_emb,-,3,0,0.027610900
postgres,10,generar_emb,-,4,0,0.067090300
postgres,10,insert_emb,-,4,0,0.025768800
postgres,10,generar_emb,-,5,0,0.062374200
postgres,10,insert_emb,-,5,0,0.021563400
postgres,10,generar_emb,-,6,0,0.053906000
postgres,10,insert_emb,-,6,0,0.022897500
postgres,10,generar_emb,-,7,0,0.043081200
postgres,10,insert_emb,-,7,0,0.021112300
postgres,10,generar_emb,-,8,0,0.060684000
postgres,10,insert_emb,-,8,0,0.021636000
postgres,10,generar_emb,-,9,0,0.059152900
postgres,10,insert_emb,-,9,0,0.024135700
postgres,10,generar_emb,-,10,0,0.059033800
postgres,10,insert_emb,-,10,0,0.021229800
postgres,10,generar_emb,-,11,0,0.063811100
postgres,10,insert_emb,-,11,0,0.024646100
postgres,10,generar_emb,-,12,0,0.059227900
postgres,10,insert_emb,-,12,0,0.021240300
postgres,10,generar_emb,-,13,0,0.048995000
postgres,10,insert_emb,-,13,0,0.021601000
postgres,10,generar_emb,-,14,0,0.050597900
postgres,10,insert_emb,-,14,0,0.021978200
postgres,10,generar_emb,-,15,0,0.050263500
postgres,10,insert_emb,-,15,0,0.023093700
postgres,10,generar_emb,-,16,0,0.045680200
postgres,10,insert_emb,-,16,0,0.023345100
postgres,10,generar_emb,-,17,0,0.042776100
postgres,10,insert_emb,-,17,0,0.021120400
postgres,10,generar_emb,-,18,0,0.042127600
postgres,10,insert_emb,-,18,0,0.021076000
postgres,10,generar_emb,-,19,0,0.049014600
postgres,10,insert_emb,-,19,0,0.021202600
postgres,10,generar_emb,-,20,0,0.041689000
postgres,10,insert_emb,-,20,0,0.022859200
postgres,10,generar_emb,-,21,0,0.036661800
postgres,10,insert_emb,-,21,0,0.023856400
postgres,10,generar_emb,-,22,0,0.054808600
postgres,10,insert_emb,-,22,0,0.024847800
postgres,10,generar_emb,-,23,0,0.051439100
postgres,10,insert_emb,-,23,0,0.021795300
postgres,10,generar_emb,-,24,0,0.051719800
postgres,10,insert_emb,-,24,0,0.024577800
postgres,10,generar_emb,-,25,0,0.038563900
postgres,10,insert_emb,-,25,0,0.024714900
postgres,10,generar_emb,-,26,0,0.049686500
postgres,10,insert_emb,-,26,0,0.020824000
postgres,10,generar_emb,-,27,0,0.039135100
postgres,10,insert_emb,-,27,0,0.025266200
postgres,10,generar_emb,-,28,0,0.038522600
postgres,10,insert_emb,-,28,0,0.024725700
postgres,10,generar_emb,-,29,0,0.060079000
postgres,10,insert_emb,-,29,0,0.021203800
postgres,10,generar_emb,-,30,0,0.039782800
postgres,10,insert_emb,-,30,0,0.021115900
postgres,10,generar_emb,-,31,0,0.045490600
postgres,10,insert_emb,-,31,0,0.024890200
postgres,10,generar_emb,-,32,0,0.052760000
postgres,10,insert_emb,-,32,0,0.021421700
postgres,10,generar_emb,-,33,0,0.045415600
postgres,10,insert_emb,-,33,0,0.021393400
postgres,10,generar_emb,-,34,0,0.048930500
postgres,10,insert_emb,-,34,0,0.023168800
postgres,10,generar_emb,-,35,0,0.037763000
postgres,10,insert_emb,-,35,0,0.021799100
postgres,10,generar_emb,-,36,0,0.049429600
postgres,10,insert_emb,-,36,0,0.026531000
postgres,10,generar_emb,-,37,0,0.034468700
postgres,10,insert_emb,-,37,0,0.020568200
postgres,10,generar_emb,-,38,0,0.043235900
postgres,10,insert_emb,-,38,0,0.021160700
postgres,10,generar_emb,-,39,0,0.038768600
postgres,10,insert_emb,-,39,0,0.020821200
postgres,10,generar_emb,-,40,0,0.038867200
postgres,10,insert_emb,-,40,0,0.020602300
postgres,10,generar_emb,-,41,0,0.045029400
postgres,10,insert_emb,-,41,0,0.021127500
postgres,10,generar_emb,-,42,0,0.060434200
postgres,10,insert_emb,-,42,0,0.023395800
postgres,10,generar_emb,-,43,0,0.041663900
postgres,10,insert_emb,-,43,0,0.024122100
postgres,10,generar_emb,-,44,0,0.093152500
postgres,10,insert_emb,-,44,0,0.021918600
postgres,10,generar_emb,-,45,0,0.065835900
postgres,10,insert_emb,-,45,0,0.021347600
postgres,10,generar_emb,-,46,0,0.069429300
postgres,10,insert_emb,-,46,0,0.020554200
postgres,10,generar_emb,-,47,0,0.043164900
postgres,10,insert_emb,-,47,0,0.023809900
postgres,10,generar_emb,-,48,0,0.050416000
postgres,10,insert_emb,-,48,0,0.020967800
postgres,10,generar_emb,-,49,0,0.049263700
postgres,10,insert_emb,-,49,0,0.021344000
postgres,10,generar_emb,-,50,0,0.066063300
postgres,10,insert_emb,-,50,0,0.021558900
postgres,10,generar_emb,-,51,0,0.055312700
postgres,10,insert_emb,-,51,0,0.021697000
postgres,10,generar_emb,-,52,0,0.067312400
postgres,10,insert_emb,-,52,0,0.021923200
postgres,10,generar_emb,-,53,0,0.050129100
postgres,10,insert_emb,-,53,0,0.026595300
postgres,10,generar_emb,-,54,0,0.060782100
postgres,10,insert_emb,-,54,0,0.021298400
postgres,10,generar_emb,-,55,0,0.072304700
postgres,10,insert_emb,-,55,0,0.022889500
postgres,10,generar_emb,-,56,0,0.068709100
postgres,10,insert_emb,-,56,0,0.021692900
postgres,10,generar_emb,-,57,0,0.075065400
postgres,10,insert_emb,-,57,0,0.021757700
postgres,10,generar_emb,-,58,0,0.078369700
postgres,10,insert_emb,-,58,0,0.021373900
postgres,10,generar_emb,-,59,0,0.085477100
postgres,10,insert_emb,-,59,0,0.024117000
postgres,10,generar_emb,-,60,0,0.077165500
postgres,10,insert_emb,-,60,0,0.020882300
postgres,10,generar_emb,-,61,0,0.079383400
postgres,10,insert_emb,-,61,0,0.021319900
postgres,10,generar_emb,-,62,0,0.045744300
postgres,10,insert_emb,-,62,0,0.024260800
postgres,10,generar_emb,-,63,0,0.042811900
postgres,10,insert_emb,-,63,0,0.022096300
postgres,10,generar_emb,-,64,0,0.047007000
postgres,10,insert_emb,-,64,0,0.024055000
postgres,10,generar_emb,-,65,0,0.053469400
postgres,10,insert_emb,-,65,0,0.021107400
postgres,10,generar_emb,-,66,0,0.067352300
postgres,10,insert_emb,-,66,0,0.020924300
postgres,10,generar_emb,-,67,0,0.045793600
postgres,10,insert_emb,-,67,0,0.024922400
postgres,10,generar_emb,-,68,0,0.059330900
postgres,10,insert_emb,-,68,0,0.022844600
postgres,10,generar_emb,-,69,0,0.073874700
postgres,10,insert_emb,-,69,0,0.021617700
postgres,10,generar_emb,-,70,0,0.041767000
postgres,10,insert_emb,-,70,0,0.020337000
postgres,10,generar_emb,-,71,0,0.061234200
postgres,10,insert_emb,-,71,0,0.026713300
postgres,10,generar_emb,-,72,0,0.045403200
postgres,10,insert_emb,-,72,0,0.022893300
postgres,10,generar_emb,-,73,0,0.054806100
postgres,10,insert_emb,-,73,0,0.021654600
postgres,10,generar_emb,-,74,0,0.045770300
postgres,10,insert_emb,-,74,0,0.021056300
postgres,10,generar_emb,-,75,0,0.051577200
postgres,10,insert_emb,-,75,0,0.022668000
postgres,10,generar_emb,-,76,0,0.036723700
postgres,10,insert_emb,-,76,0,0.020996300
postgres,10,generar_emb,-,77,0,0.047199800
postgres,10,insert_emb,-,77,0,0.021893300
postgres,10,generar_emb,-,78,0,0.050310300
postgres,10,insert_emb,-,78,0,0.025734400
postgres,10,generar_emb,-,79,0,0.058923800
postgres,10,insert_emb,-,79,0,0.020226100
postgres,10,generar_emb,-,80,0,0.046307200
postgres,10,insert_emb,-,80,0,0.021189900
postgres,10,generar_emb,-,81,0,0.067868700
postgres,10,insert_emb,-,81,0,0.020905800
postgres,10,generar_emb,-,82,0,0.053511100
postgres,10,insert_emb,-,82,0,0.022231200
postgres,10,generar_emb,-,83,0,0.051444500
postgres,10,insert_emb,-,83,0,0.021244300
postgres,10,generar_emb,-,84,0,0.066540500
postgres,10,insert_emb,-,84,0,0.020691300
postgres,10,generar_emb,-,85,0,0.073133400
postgres,10,insert_emb,-,85,0,0.025686200
postgres,10,generar_emb,-,86,0,0.053608500
postgres,10,insert_emb,-,86,0,0.021933200
postgres,10,generar_emb,-,87,0,0.046809800
postgres,10,insert_emb,-,87,0,0.024864200
postgres,10,generar_emb,-,88,0,0.045170900
postgres,10,insert_emb,-,88,0,0.024596300
postgres,10,generar_emb,-,89,0,0.062253200
postgres,10,insert_emb,-,89,0,0.023668000
postgres,10,generar_emb,-,90,0,0.030736700
postgres,10,insert_emb,-,90,0,0.020861500
postgres,10,generar_emb,-,91,0,0.054210400
postgres,10,insert_emb,-,91,0,0.022051100
postgres,10,generar_emb,-,92,0,0.060532800
postgres,10,insert_emb,-,92,0,0.024909200
postgres,10,generar_emb,-,93,0,0.047414300
postgres,10,insert_emb,-,93,0,0.023300300
postgres,10,generar_emb,-,94,0,0.035518200
postgres,10,insert_emb,-,94,0,0.020777700
postgres,10,generar_emb,-,95,0,0.037431900
postgres,10,insert_emb,-,95,0,0.021358400
postgres,10,generar_emb,-,96,0,0.034738900
postgres,10,insert_emb,-,96,0,0.020567400
postgres,10,generar_emb,-,97,0,0.061454700
postgres,10,insert_emb,-,97,0,0.026515300
postgres,10,generar_emb,-,98,0,0.072278200
postgres,10,insert_emb,-,98,0,0.025035100
postgres,10,generar_emb,-,99,0,0.067320800
postgres,10,insert_emb,-,99,0,0.025554200
postgres,10,generar_emb,-,100,0,0.062580200
postgres,10,insert_emb,-,100,0,0.027014700
postgres,10,generar_emb,-,101,0,0.047180700
postgres,10,insert_emb,-,101,0,0.024482200
postgres,10,generar_emb,-,102,0,0.037519700
postgres,10,insert_emb,-,102,0,0.021854100
postgres,10,generar_emb,-,103,0,0.048193200
postgres,10,insert_emb,-,103,0,0.022038600
postgres,10,generar_emb,-,104,0,0.081984900
postgres,10,insert_emb,-,104,0,0.021853900
postgres,10,generar_emb,-,105,0,0.069151100
postgres,10,insert_emb,-,105,0,0.029901700
postgres,10,generar_emb,-,106,0,0.071045100
postgres,10,insert_emb,-,106,0,0.031520300
postgres,10,generar_emb,-,107,0,0.053471800
postgres,10,insert_emb,-,107,0,0.024367400
postgres,10,generar_emb,-,108,0,0.067330600
postgres,10,insert_emb,-,108,0,0.023423500
postgres,10,generar_emb,-,109,0,0.074501200
postgres,10,insert_emb,-,109,0,0.030702400
postgres,10,generar_emb,-,110,0,0.072907800
postgres,10,insert_emb,-,110,0,0.027607200
postgres,10,generar_emb,-,111,0,0.051400100
postgres,10,insert_emb,-,111,0,0.027320900
postgres,10,generar_emb,-,112,0,0.078545300
postgres,10,insert_emb,-,112,0,0.023262600
postgres,10,generar_emb,-,113,0,0.043600900
postgres,10,insert_emb,-,113,0,0.024316700
postgres,10,generar_emb,-,114,0,0.044784300
postgres,10,insert_emb,-,114,0,0.023706300
postgres,10,generar_emb,-,115,0,0.056329100
postgres,10,insert_emb,-,115,0,0.024657000
postgres,10,generar_emb,-,116,0,0.061818600
postgres,10,insert_emb,-,116,0,0.022032100
postgres,10,generar_emb,-,117,0,0.036272000
postgres,10,insert_emb,-,117,0,0.023642900
postgres,10,generar_emb,-,118,0,0.045968800
postgres,10,insert_emb,-,118,0,0.024025400
postgres,10,generar_emb,-,119,0,0.054067600
postgres,10,insert_emb,-,119,0,0.020893200
postgres,10,generar_emb,-,120,0,0.045510600
postgres,10,insert_emb,-,120,0,0.024372200
postgres,10,generar_emb,-,121,0,0.045339000
postgres,10,insert_emb,-,121,0,0.020857300
postgres,10,generar_emb,-,122,0,0.039169300
postgres,10,insert_emb,-,122,0,0.025036400
postgres,10,generar_emb,-,123,0,0.062881100
postgres,10,insert_emb,-,123,0,0.026243400
postgres,10,generar_emb,-,124,0,0.039724400
postgres,10,insert_emb,-,124,0,0.024625600
postgres,10,generar_emb,-,125,0,0.030617500
postgres,10,insert_emb,-,125,0,0.024179800
postgres,10,generar_emb,-,126,0,0.048754100
postgres,10,insert_emb,-,126,0,0.026079700
postgres,10,generar_emb,-,127,0,0.036537200
postgres,10,insert_emb,-,127,0,0.023717000
postgres,10,generar_emb,-,128,0,0.038152200
postgres,10,insert_emb,-,128,0,0.019942800
postgres,10,generar_emb,-,129,0,0.030815700
postgres,10,insert_emb,-,129,0,0.024665100
postgres,10,generar_emb,-,130,0,0.035181100
postgres,10,insert_emb,-,130,0,0.023670600
postgres,10,generar_emb,-,131,0,0.032537300
postgres,10,insert_emb,-,131,0,0.023651000
postgres,10,generar_emb,-,132,0,0.045209400
postgres,10,insert_emb,-,132,0,0.024181300
postgres,10,generar_emb,-,133,0,0.033031600
postgres,10,insert_emb,-,133,0,0.023630400
postgres,10,generar_emb,-,134,0,0.054265700
postgres,10,insert_emb,-,134,0,0.027139200
postgres,10,generar_emb,-,135,0,0.055819400
postgres,10,insert_emb,-,135,0,0.022475700
postgres,10,generar_emb,-,136,0,0.052284000
postgres,10,insert_emb,-,136,0,0.021148600
postgres,10,generar_emb,-,137,0,0.043739500
postgres,10,insert_emb,-,137,0,0.020874400
postgres,10,generar_emb,-,138,0,0.073885500
postgres,10,insert_emb,-,138,0,0.020966800
postgres,10,generar_emb,-,139,0,0.055801100
postgres,10,insert_emb,-,139,0,0.021032800
postgres,10,generar_emb,-,140,0,0.052023300
postgres,10,insert_emb,-,140,0,0.020531700
postgres,10,generar_emb,-,141,0,0.068000800
postgres,10,insert_emb,-,141,0,0.025030200
postgres,10,generar_emb,-,142,0,0.052807400
postgres,10,insert_emb,-,142,0,0.022010900
postgres,10,generar_emb,-,143,0,0.037283400
postgres,10,insert_emb,-,143,0,0.021565100
postgres,10,generar_emb,-,144,0,0.055648900
postgres,10,insert_emb,-,144,0,0.024302800
postgres,10,generar_emb,-,145,0,0.051362700
postgres,10,insert_emb,-,145,0,0.023117800
postgres,10,generar_emb,-,146,0,0.057855200
postgres,10,insert_emb,-,146,0,0.023827900
postgres,10,generar_emb,-,147,0,0.050622700
postgres,10,insert_emb,-,147,0,0.021615800
postgres,10,generar_emb,-,148,0,0.072733000
postgres,10,insert_emb,-,148,0,0.024694200
postgres,10,generar_emb,-,149,0,0.076682900
postgres,10,insert_emb,-,149,0,0.020822800
postgres,10,generar_emb,-,150,0,0.064930800
postgres,10,insert_emb,-,150,0,0.020572900
postgres,10,generar_emb,-,151,0,0.050028200
postgres,10,insert_emb,-,151,0,0.023121900
postgres,10,generar_emb,-,152,0,0.051622800
postgres,10,insert_emb,-,152,0,0.023082500
postgres,10,generar_emb,-,153,0,0.052093100
postgres,10,insert_emb,-,153,0,0.020768000
postgres,10,generar_emb,-,154,0,0.035556300
postgres,10,insert_emb,-,154,0,0.020336600
postgres,10,generar_emb,-,155,0,0.048079200
postgres,10,insert_emb,-,155,0,0.021426800
postgres,10,generar_emb,-,156,0,0.044600400
postgres,10,insert_emb,-,156,0,0.024458600
postgres,10,generar_emb,-,157,0,0.051107400
postgres,10,insert_emb,-,157,0,0.021428400
postgres,10,generar_emb,-,158,0,0.045020300
postgres,10,insert_emb,-,158,0,0.024433300
postgres,10,generar_emb,-,159,0,0.046252400
postgres,10,insert_emb,-,159,0,0.024471700
postgres,10,generar_emb,-,160,0,0.038106100
postgres,10,insert_emb,-,160,0,0.023879800
postgres,10,generar_emb,-,161,0,0.055360100
postgres,10,insert_emb,-,161,0,0.021334400
postgres,10,generar_emb,-,162,0,0.054927600
postgres,10,insert_emb,-,162,0,0.022681100
postgres,10,generar_emb,-,163,0,0.053983300
postgres,10,insert_emb,-,163,0,0.021633100
postgres,10,generar_emb,-,164,0,0.060494600
postgres,10,insert_emb,-,164,0,0.021042600
postgres,10,generar_emb,-,165,0,0.034346600
postgres,10,insert_emb,-,165,0,0.020653300
postgres,10,generar_emb,-,166,0,0.053866400
postgres,10,insert_emb,-,166,0,0.021279200
postgres,10,generar_emb,-,167,0,0.063522900
postgres,10,insert_emb,-,167,0,0.021002900
postgres,10,generar_emb,-,168,0,0.036530000
postgres,10,insert_emb,-,168,0,0.021775000
postgres,10,generar_emb,-,169,0,0.040275000
postgres,10,insert_emb,-,169,0,0.023763100
postgres,10,generar_emb,-,170,0,0.062749400
postgres,10,insert_emb,-,170,0,0.021282100
postgres,10,generar_emb,-,171,0,0.037480400
postgres,10,insert_emb,-,171,0,0.024870100
postgres,10,generar_emb,-,172,0,0.036891400
postgres,10,insert_emb,-,172,0,0.024577100
postgres,10,generar_emb,-,173,0,0.027897500
postgres,10,insert_emb,-,173,0,0.023200800
postgres,10,generar_emb,-,174,0,0.041711300
postgres,10,insert_emb,-,174,0,0.024983800
postgres,10,generar_emb,-,175,0,0.051232300
postgres,10,insert_emb,-,175,0,0.023305300
postgres,10,generar_emb,-,176,0,0.041550000
postgres,10,insert_emb,-,176,0,0.021912000
postgres,10,generar_emb,-,177,0,0.076611500
postgres,10,insert_emb,-,177,0,0.025007900
postgres,10,generar_emb,-,178,0,0.052517900
postgres,10,insert_emb,-,178,0,0.022054400
postgres,10,generar_emb,-,179,0,0.048926100
postgres,10,insert_emb,-,179,0,0.023255000
postgres,10,generar_emb,-,180,0,0.072992500
postgres,10,insert_emb,-,180,0,0.024319400
postgres,10,generar_emb,-,181,0,0.063890900
postgres,10,insert_emb,-,181,0,0.021288500
postgres,10,generar_emb,-,182,0,0.049274200
postgres,10,insert_emb,-,182,0,0.020201500
postgres,10,generar_emb,-,183,0,0.050087700
postgres,10,insert_emb,-,183,0,0.021014900
postgres,10,generar_emb,-,184,0,0.061545400
postgres,10,insert_emb,-,184,0,0.022294800
postgres,10,generar_emb,-,185,0,0.039913200
postgres,10,insert_emb,-,185,0,0.021868000
postgres,10,generar_emb,-,186,0,0.049471800
postgres,10,insert_emb,-,186,0,0.020953400
postgres,10,generar_emb,-,187,0,0.033796400
postgres,10,insert_emb,-,187,0,0.024421200
postgres,10,generar_emb,-,188,0,0.066168600
postgres,10,insert_emb,-,188,0,0.024202100
postgres,10,generar_emb,-,189,0,0.057483900
postgres,10,insert_emb,-,189,0,0.024730000
postgres,10,generar_emb,-,190,0,0.049488400
postgres,10,insert_emb,-,190,0,0.021113200
postgres,10,generar_emb,-,191,0,0.046014100
postgres,10,insert_emb,-,191,0,0.025477500
postgres,10,generar_emb,-,192,0,0.072903200
postgres,10,insert_emb,-,192,0,0.020079700
postgres,10,generar_emb,-,193,0,0.061094000
postgres,10,insert_emb,-,193,0,0.021590200
postgres,10,generar_emb,-,194,0,0.047467300
postgres,10,insert_emb,-,194,0,0.024186800
postgres,10,generar_emb,-,195,0,0.055765200
postgres,10,insert_emb,-,195,0,0.023482800
postgres,10,generar_emb,-,196,0,0.060233800
postgres,10,insert_emb,-,196,0,0.024054200
postgres,10,generar_emb,-,197,0,0.059211900
postgres,10,insert_emb,-,197,0,0.025631600
postgres,10,generar_emb,-,198,0,0.059654600
postgres,10,insert_emb,-,198,0,0.024551500
postgres,10,generar_emb,-,199,0,0.054897100
postgres,10,insert_emb,-,199,0,0.023046900
postgres,10,generar_emb,-,200,0,0.062001800
postgres,10,insert_emb,-,200,0,0.023384500
postgres,10,generar_emb,-,201,0,0.044874700
postgres,10,insert_emb,-,201,0,0.020843100
postgres,10,generar_emb,-,202,0,0.057247500
postgres,10,insert_emb,-,202,0,0.022123100
postgres,10,generar_emb,-,203,0,0.081676200
postgres,10,insert_emb,-,203,0,0.020389200
postgres,10,generar_emb,-,204,0,0.033950100
postgres,10,insert_emb,-,204,0,0.023422200
postgres,10,generar_emb,-,205,0,0.048790100
postgres,10,insert_emb,-,205,0,0.023915100
postgres,10,generar_emb,-,206,0,0.034026300
postgres,10,insert_emb,-,206,0,0.021453600
postgres,10,generar_emb,-,207,0,0.053893000
postgres,10,insert_emb,-,207,0,0.026593000
postgres,10,generar_emb,-,208,0,0.057819700
postgres,10,insert_emb,-,208,0,0.021470900
postgres,10,generar_emb,-,209,0,0.046931600
postgres,10,insert_emb,-,209,0,0.020955600
postgres,10,generar_emb,-,210,0,0.056980600
postgres,10,insert_emb,-,210,0,0.021877400
postgres,10,generar_emb,-,211,0,0.066525600
postgres,10,insert_emb,-,211,0,0.022584900
postgres,10,generar_emb,-,212,0,0.070526200
postgres,10,insert_emb,-,212,0,0.021386800
postgres,10,generar_emb,-,213,0,0.065611700
postgres,10,insert_emb,-,213,0,0.020994700
postgres,10,generar_emb,-,214,0,0.053832700
postgres,10,insert_emb,-,214,0,0.021685200
postgres,10,generar_emb,-,215,0,0.041774700
postgres,10,insert_emb,-,215,0,0.023937300
postgres,10,generar_emb,-,216,0,0.045138300
postgres,10,insert_emb,-,216,0,0.020757700
postgres,10,generar_emb,-,217,0,0.039927800
postgres,10,insert_emb,-,217,0,0.025009000
postgres,10,generar_emb,-,218,0,0.048747700
postgres,10,insert_emb,-,218,0,0.020562100
postgres,10,generar_emb,-,219,0,0.068133700
postgres,10,insert_emb,-,219,0,0.020153400
postgres,10,generar_emb,-,220,0,0.038759000
postgres,10,insert_emb,-,220,0,0.026123500
postgres,10,generar_emb,-,221,0,0.039397800
postgres,10,insert_emb,-,221,0,0.020407200
postgres,10,generar_emb,-,222,0,0.034410100
postgres,10,insert_emb,-,222,0,0.023284500
postgres,10,generar_emb,-,223,0,0.034285400
postgres,10,insert_emb,-,223,0,0.022678700
postgres,10,generar_emb,-,224,0,0.053293600
postgres,10,insert_emb,-,224,0,0.023286800
postgres,10,generar_emb,-,225,0,0.057965300
postgres,10,insert_emb,-,225,0,0.024056700
postgres,10,generar_emb,-,226,0,0.047759000
postgres,10,insert_emb,-,226,0,0.023134100
postgres,10,generar_emb,-,227,0,0.051732500
postgres,10,insert_emb,-,227,0,0.023242600
postgres,10,generar_emb,-,228,0,0.054380800
postgres,10,insert_emb,-,228,0,0.022680000
postgres,10,generar_emb,-,229,0,0.061877100
postgres,10,insert_emb,-,229,0,0.023888100
postgres,10,generar_emb,-,230,0,0.069691300
postgres,10,insert_emb,-,230,0,0.023874200
postgres,10,generar_emb,-,231,0,0.066177300
postgres,10,insert_emb,-,231,0,0.020705300
postgres,10,generar_emb,-,232,0,0.054423100
postgres,10,insert_emb,-,232,0,0.021067300
postgres,10,generar_emb,-,233,0,0.065371300
postgres,10,insert_emb,-,233,0,0.023324900
postgres,10,generar_emb,-,234,0,0.066700300
postgres,10,insert_emb,-,234,0,0.023549600
postgres,10,generar_emb,-,235,0,0.045418500
postgres,10,insert_emb,-,235,0,0.024366300
postgres,10,generar_emb,-,236,0,0.042238000
postgres,10,insert_emb,-,236,0,0.024630400
postgres,10,generar_emb,-,237,0,0.044079700
postgres,10,insert_emb,-,237,0,0.021144300
postgres,10,generar_emb,-,238,0,0.047707300
postgres,10,insert_emb,-,238,0,0.025556300
postgres,10,generar_emb,-,239,0,0.040563500
postgres,10,insert_emb,-,239,0,0.029063200
postgres,10,generar_emb,-,240,0,0.071938400
postgres,10,insert_emb,-,240,0,0.021737100
postgres,10,generar_emb,-,241,0,0.041095200
postgres,10,insert_emb,-,241,0,0.023751800
postgres,10,generar_emb,-,242,0,0.056460500
postgres,10,insert_emb,-,242,0,0.022679800
postgres,10,generar_emb,-,243,0,0.077417500
postgres,10,insert_emb,-,243,0,0.029505400
postgres,10,generar_emb,-,244,0,0.099250900
postgres,10,insert_emb,-,244,0,0.021561900
postgres,10,generar_emb,-,245,0,0.060443000
postgres,10,insert_emb,-,245,0,0.021910600
postgres,10,generar_emb,-,246,0,0.084430200
postgres,10,insert_emb,-,246,0,0.020848800
postgres,10,generar_emb,-,247,0,0.052103900
postgres,10,insert_emb,-,247,0,0.024438600
postgres,10,generar_emb,-,248,0,0.053537100
postgres,10,insert_emb,-,248,0,0.021866400
postgres,10,generar_emb,-,249,0,0.040317700
postgres,10,insert_emb,-,249,0,0.027076100
postgres,10,generar_emb,-,250,0,0.050512600
postgres,10,insert_emb,-,250,0,0.020635200
postgres,10,generar_emb,-,251,0,0.059232200
postgres,10,insert_emb,-,251,0,0.023871900
postgres,10,generar_emb,-,252,0,0.040735700
postgres,10,insert_emb,-,252,0,0.027717800
postgres,10,generar_emb,-,253,0,0.039481200
postgres,10,insert_emb,-,253,0,0.024773400
postgres,10,generar_emb,-,254,0,0.048313500
postgres,10,insert_emb,-,254,0,0.024668800
postgres,10,generar_emb,-,255,0,0.042121300
postgres,10,insert_emb,-,255,0,0.021107600
postgres,10,generar_emb,-,256,0,0.047632400
postgres,10,insert_emb,-,256,0,0.024016700
postgres,10,generar_emb,-,257,0,0.078787200
postgres,10,insert_emb,-,257,0,0.022033400
postgres,10,generar_emb,-,258,0,0.070836600
postgres,10,insert_emb,-,258,0,0.022991400
postgres,10,generar_emb,-,259,0,0.051488500
postgres,10,insert_emb,-,259,0,0.022249500
postgres,10,generar_emb,-,260,0,0.041245900
postgres,10,insert_emb,-,260,0,0.023973100
postgres,10,generar_emb,-,261,0,0.070753600
postgres,10,insert_emb,-,261,0,0.024625500
postgres,10,generar_emb,-,262,0,0.045186700
postgres,10,insert_emb,-,262,0,0.021584600
postgres,10,generar_emb,-,263,0,0.053970200
postgres,10,insert_emb,-,263,0,0.022263200
postgres,10,generar_emb,-,264,0,0.069351400
postgres,10,insert_emb,-,264,0,0.022454100
postgres,10,generar_emb,-,265,0,0.038273500
postgres,10,insert_emb,-,265,0,0.029334500
postgres,10,generar_emb,-,266,0,0.071260900
postgres,10,insert_emb,-,266,0,0.024253600
postgres,10,generar_emb,-,267,0,0.071428000
postgres,10,insert_emb,-,267,0,0.020590200
postgres,10,generar_emb,-,268,0,0.058955900
postgres,10,insert_emb,-,268,0,0.024303800
postgres,10,generar_emb,-,269,0,0.061223400
postgres,10,insert_emb,-,269,0,0.020781100
postgres,10,generar_emb,-,270,0,0.051437700
postgres,10,insert_emb,-,270,0,0.025972600
postgres,10,generar_emb,-,271,0,0.062272900
postgres,10,insert_emb,-,271,0,0.021137100
postgres,10,generar_emb,-,272,0,0.036801000
postgres,10,insert_emb,-,272,0,0.020664400
postgres,10,generar_emb,-,273,0,0.053633600
postgres,10,insert_emb,-,273,0,0.024674800
postgres,10,generar_emb,-,274,0,0.048852600
postgres,10,insert_emb,-,274,0,0.024196900
postgres,10,generar_emb,-,275,0,0.042265600
postgres,10,insert_emb,-,275,0,0.023254700
postgres,10,generar_emb,-,276,0,0.046284900
postgres,10,insert_emb,-,276,0,0.020946300
postgres,10,generar_emb,-,277,0,0.047101000
postgres,10,insert_emb,-,277,0,0.021126300
postgres,10,generar_emb,-,278,0,0.044430700
postgres,10,insert_emb,-,278,0,0.022519300
postgres,10,generar_emb,-,279,0,0.039505400
postgres,10,insert_emb,-,279,0,0.024415200
postgres,10,generar_emb,-,280,0,0.043829100
postgres,10,insert_emb,-,280,0,0.021800700
postgres,10,generar_emb,-,281,0,0.060666300
postgres,10,insert_emb,-,281,0,0.020869500
postgres,10,generar_emb,-,282,0,0.038318500
postgres,10,insert_emb,-,282,0,0.023952400
postgres,10,generar_emb,-,283,0,0.051425700
postgres,10,insert_emb,-,283,0,0.023169300
postgres,10,generar_emb,-,284,0,0.053458700
postgres,10,insert_emb,-,284,0,0.022866500
postgres,10,generar_emb,-,285,0,0.054546700
postgres,10,insert_emb,-,285,0,0.020976500
postgres,10,generar_emb,-,286,0,0.091739400
postgres,10,insert_emb,-,286,0,0.023504500
postgres,10,generar_emb,-,287,0,0.071882300
postgres,10,insert_emb,-,287,0,0.020507800
postgres,10,generar_emb,-,288,0,0.062984300
postgres,10,insert_emb,-,288,0,0.025771900
postgres,10,generar_emb,-,289,0,0.055952200
postgres,10,insert_emb,-,289,0,0.020907700
postgres,10,generar_emb,-,290,0,0.072414100
postgres,10,insert_emb,-,290,0,0.020547800
postgres,10,generar_emb,-,291,0,0.086385800
postgres,10,insert_emb,-,291,0,0.022024300
postgres,10,generar_emb,-,292,0,0.069155800
postgres,10,insert_emb,-,292,0,0.020209000
postgres,10,generar_emb,-,293,0,0.066502300
postgres,10,insert_emb,-,293,0,0.023210200
postgres,10,generar_emb,-,294,0,0.073043100
postgres,10,insert_emb,-,294,0,0.023171700
postgres,10,generar_emb,-,295,0,0.057969300
postgres,10,insert_emb,-,295,0,0.026912000
postgres,10,generar_emb,-,296,0,0.051931500
postgres,10,insert_emb,-,296,0,0.023968900
postgres,10,generar_emb,-,297,0,0.074472900
postgres,10,insert_emb,-,297,0,0.024727300
postgres,10,generar_emb,-,298,0,0.044412500
postgres,10,insert_emb,-,298,0,0.021286600
postgres,10,generar_emb,-,299,0,0.054939500
postgres,10,insert_emb,-,299,0,0.022214000
postgres,10,generar_emb,-,300,0,0.053311600
postgres,10,insert_emb,-,300,0,0.024485800
postgres,10,generar_emb,-,301,0,0.073400800
postgres,10,insert_emb,-,301,0,0.021498700
postgres,10,generar_emb,-,302,0,0.051245000
postgres,10,insert_emb,-,302,0,0.025069700
postgres,10,generar_emb,-,303,0,0.055623900
postgres,10,insert_emb,-,303,0,0.026363900
postgres,10,generar_emb,-,304,0,0.050151500
postgres,10,insert_emb,-,304,0,0.021793700
postgres,10,generar_emb,-,305,0,0.053290500
postgres,10,insert_emb,-,305,0,0.021654400
postgres,10,generar_emb,-,306,0,0.077177200
postgres,10,insert_emb,-,306,0,0.024182300
postgres,10,generar_emb,-,307,0,0.050243700
postgres,10,insert_emb,-,307,0,0.026515400
postgres,10,generar_emb,-,308,0,0.051291400
postgres,10,insert_emb,-,308,0,0.024864900
postgres,10,generar_emb,-,309,0,0.050749700
postgres,10,insert_emb,-,309,0,0.026955300
postgres,10,generar_emb,-,310,0,0.033259600
postgres,10,insert_emb,-,310,0,0.021198200
postgres,10,generar_emb,-,311,0,0.038294500
postgres,10,insert_emb,-,311,0,0.021025700
postgres,10,generar_emb,-,312,0,0.045307100
postgres,10,insert_emb,-,312,0,0.021780500
postgres,10,generar_emb,-,313,0,0.052459200
postgres,10,insert_emb,-,313,0,0.022357600
postgres,10,generar_emb,-,314,0,0.053319700
postgres,10,insert_emb,-,314,0,0.022286400
postgres,10,generar_emb,-,315,0,0.049856900
postgres,10,insert_emb,-,315,0,0.020409900
postgres,10,generar_emb,-,316,0,0.057584600
postgres,10,insert_emb,-,316,0,0.022529000
postgres,10,generar_emb,-,317,0,0.062897900
postgres,10,insert_emb,-,317,0,0.021879300
postgres,10,generar_emb,-,318,0,0.052896400
postgres,10,insert_emb,-,318,0,0.019932200
postgres,10,generar_emb,-,319,0,0.065562300
postgres,10,insert_emb,-,319,0,0.020559500
postgres,10,generar_emb,-,320,0,0.046144500
postgres,10,insert_emb,-,320,0,0.022994700
postgres,10,generar_emb,-,321,0,0.039713200
postgres,10,insert_emb,-,321,0,0.024127300
postgres,10,generar_emb,-,322,0,0.046930600
postgres,10,insert_emb,-,322,0,0.024507800
postgres,10,generar_emb,-,323,0,0.037601000
postgres,10,insert_emb,-,323,0,0.021910300
postgres,10,generar_emb,-,324,0,0.050365400
postgres,10,insert_emb,-,324,0,0.022429500
postgres,10,generar_emb,-,325,0,0.046637100
postgres,10,insert_emb,-,325,0,0.024408800
postgres,10,generar_emb,-,326,0,0.040241600
postgres,10,insert_emb,-,326,0,0.024319900
postgres,10,generar_emb,-,327,0,0.046900400
postgres,10,insert_emb,-,327,0,0.022890500
postgres,10,generar_emb,-,328,0,0.068917000
postgres,10,insert_emb,-,328,0,0.022012500
postgres,10,generar_emb,-,329,0,0.052311400
postgres,10,insert_emb,-,329,0,0.023944300
postgres,10,generar_emb,-,330,0,0.049749200
postgres,10,insert_emb,-,330,0,0.024291200
postgres,10,generar_emb,-,331,0,0.057748700
postgres,10,insert_emb,-,331,0,0.021033900
postgres,10,generar_emb,-,332,0,0.061041300
postgres,10,insert_emb,-,332,0,0.023147400
postgres,10,generar_emb,-,333,0,0.070587200
postgres,10,insert_emb,-,333,0,0.023408700
postgres,10,generar_emb,-,334,0,0.043189200
postgres,10,insert_emb,-,334,0,0.020722200
postgres,10,generar_emb,-,335,0,0.041903100
postgres,10,insert_emb,-,335,0,0.022960200
postgres,10,generar_emb,-,336,0,0.036925500
postgres,10,insert_emb,-,336,0,0.023775900
postgres,10,generar_emb,-,337,0,0.036075100
postgres,10,insert_emb,-,337,0,0.023687400
postgres,10,generar_emb,-,338,0,0.055344200
postgres,10,insert_emb,-,338,0,0.023719900
postgres,10,generar_emb,-,339,0,0.042115700
postgres,10,insert_emb,-,339,0,0.024549000
postgres,10,generar_emb,-,340,0,0.042766700
postgres,10,insert_emb,-,340,0,0.021860800
postgres,10,generar_emb,-,341,0,0.048483900
postgres,10,insert_emb,-,341,0,0.020787800
postgres,10,generar_emb,-,342,0,0.058655000
postgres,10,insert_emb,-,342,0,0.021006700
postgres,10,generar_emb,-,343,0,0.042728500
postgres,10,insert_emb,-,343,0,0.024400000
postgres,10,generar_emb,-,344,0,0.052788500
postgres,10,insert_emb,-,344,0,0.024142500
postgres,10,generar_emb,-,345,0,0.046175300
postgres,10,insert_emb,-,345,0,0.021468000
postgres,10,generar_emb,-,346,0,0.062831100
postgres,10,insert_emb,-,346,0,0.024458400
postgres,10,generar_emb,-,347,0,0.042789500
postgres,10,insert_emb,-,347,0,0.025395300
postgres,10,generar_emb,-,348,0,0.052589500
postgres,10,insert_emb,-,348,0,0.064519700
postgres,10,generar_emb,-,349,0,0.042722500
postgres,10,insert_emb,-,349,0,0.021523600
postgres,10,generar_emb,-,350,0,0.037674700
postgres,10,insert_emb,-,350,0,0.023373600
postgres,10,generar_emb,-,351,0,0.032045500
postgres,10,insert_emb,-,351,0,0.023448900
postgres,10,generar_emb,-,352,0,0.059964100
postgres,10,insert_emb,-,352,0,0.024154500
postgres,10,generar_emb,-,353,0,0.051081800
postgres,10,insert_emb,-,353,0,0.024288700
postgres,10,generar_emb,-,354,0,0.046512000
postgres,10,insert_emb,-,354,0,0.024214200
postgres,10,generar_emb,-,355,0,0.036654600
postgres,10,insert_emb,-,355,0,0.020484000
postgres,10,generar_emb,-,356,0,0.050978100
postgres,10,insert_emb,-,356,0,0.022759100
postgres,10,generar_emb,-,357,0,0.052868500
postgres,10,insert_emb,-,357,0,0.022560200
postgres,10,generar_emb,-,358,0,0.039149000
postgres,10,insert_emb,-,358,0,0.022519900
postgres,10,generar_emb,-,359,0,0.041623800
postgres,10,insert_emb,-,359,0,0.021954500
postgres,10,generar_emb,-,360,0,0.049783900
postgres,10,insert_emb,-,360,0,0.021418100
postgres,10,generar_emb,-,361,0,0.044552100
postgres,10,insert_emb,-,361,0,0.026111100
postgres,10,generar_emb,-,362,0,0.066432200
postgres,10,insert_emb,-,362,0,0.025475500
postgres,10,generar_emb,-,363,0,0.037582600
postgres,10,insert_emb,-,363,0,0.021976200
postgres,10,generar_emb,-,364,0,0.049453000
postgres,10,insert_emb,-,364,0,0.024888000
postgres,10,generar_emb,-,365,0,0.062021200
postgres,10,insert_emb,-,365,0,0.023664600
postgres,10,generar_emb,-,366,0,0.040114600
postgres,10,insert_emb,-,366,0,0.022379100
postgres,10,generar_emb,-,367,0,0.052987700
postgres,10,insert_emb,-,367,0,0.021212900
postgres,10,generar_emb,-,368,0,0.054440000
postgres,10,insert_emb,-,368,0,0.021527900
postgres,10,generar_emb,-,369,0,0.052630500
postgres,10,insert_emb,-,369,0,0.028488000
postgres,10,generar_emb,-,370,0,0.082407300
postgres,10,insert_emb,-,370,0,0.025005600
postgres,10,generar_emb,-,371,0,0.085611200
postgres,10,insert_emb,-,371,0,0.021181900
postgres,10,generar_emb,-,372,0,0.089735200
postgres,10,insert_emb,-,372,0,0.025751800
postgres,10,generar_emb,-,373,0,0.065365900
postgres,10,insert_emb,-,373,0,0.029551800
postgres,10,generar_emb,-,374,0,0.048084700
postgres,10,insert_emb,-,374,0,0.024400100
postgres,10,generar_emb,-,375,0,0.048200400
postgres,10,insert_emb,-,375,0,0.021288800
postgres,10,generar_emb,-,376,0,0.050297300
postgres,10,insert_emb,-,376,0,0.025254500
postgres,10,generar_emb,-,377,0,0.048757500
postgres,10,insert_emb,-,377,0,0.021255300
postgres,10,generar_emb,-,378,0,0.047172900
postgres,10,insert_emb,-,378,0,0.021646600
postgres,10,generar_emb,-,379,0,0.051231100
postgres,10,insert_emb,-,379,0,0.021535200
postgres,10,generar_emb,-,380,0,0.050533900
postgres,10,insert_emb,-,380,0,0.021339200
postgres,10,generar_emb,-,381,0,0.061885700
postgres,10,insert_emb,-,381,0,0.023161900
postgres,10,generar_emb,-,382,0,0.045101900
postgres,10,insert_emb,-,382,0,0.023696200
postgres,10,generar_emb,-,383,0,0.067961000
postgres,10,insert_emb,-,383,0,0.021863200
postgres,10,generar_emb,-,384,0,0.067639500
postgres,10,insert_emb,-,384,0,0.024541100
postgres,10,generar_emb,-,385,0,0.042539700
postgres,10,insert_emb,-,385,0,0.024580400
postgres,10,generar_emb,-,386,0,0.046743300
postgres,10,insert_emb,-,386,0,0.026601700
postgres,10,generar_emb,-,387,0,0.049579200
postgres,10,insert_emb,-,387,0,0.023415200
postgres,10,generar_emb,-,388,0,0.056487100
postgres,10,insert_emb,-,388,0,0.021757100
postgres,10,generar_emb,-,389,0,0.051057400
postgres,10,insert_emb,-,389,0,0.023724600
postgres,10,generar_emb,-,390,0,0.060212800
postgres,10,insert_emb,-,390,0,0.021210900
postgres,10,generar_emb,-,391,0,0.069967000
postgres,10,insert_emb,-,391,0,0.023921100
postgres,10,generar_emb,-,392,0,0.080276500
postgres,10,insert_emb,-,392,0,0.020573900
postgres,10,generar_emb,-,393,0,0.053247000
postgres,10,insert_emb,-,393,0,0.022754800
postgres,10,generar_emb,-,394,0,0.049944300
postgres,10,insert_emb,-,394,0,0.020775300
postgres,10,generar_emb,-,395,0,0.063981600
postgres,10,insert_emb,-,395,0,0.021814900
postgres,10,generar_emb,-,396,0,0.041105500
postgres,10,insert_emb,-,396,0,0.023056700
postgres,10,generar_emb,-,397,0,0.035194900
postgres,10,insert_emb,-,397,0,0.022238800
postgres,10,generar_emb,-,398,0,0.050020800
postgres,10,insert_emb,-,398,0,0.023485100
postgres,10,generar_emb,-,399,0,0.052253100
postgres,10,insert_emb,-,399,0,0.019955600
postgres,10,generar_emb,-,400,0,0.062600300
postgres,10,insert_emb,-,400,0,0.022063100
postgres,10,generar_emb,-,401,0,0.039424400
postgres,10,insert_emb,-,401,0,0.021640600
postgres,10,generar_emb,-,402,0,0.037767500
postgres,10,insert_emb,-,402,0,0.020238600
postgres,10,generar_emb,-,403,0,0.030683400
postgres,10,insert_emb,-,403,0,0.020234300
postgres,10,generar_emb,-,404,0,0.079943600
postgres,10,insert_emb,-,404,0,0.023311300
postgres,10,generar_emb,-,405,0,0.077875200
postgres,10,insert_emb,-,405,0,0.020987300
postgres,10,generar_emb,-,406,0,0.063654800
postgres,10,insert_emb,-,406,0,0.021241500
postgres,10,generar_emb,-,407,0,0.054313800
postgres,10,insert_emb,-,407,0,0.021811600
postgres,10,generar_emb,-,408,0,0.079079100
postgres,10,insert_emb,-,408,0,0.021184200
postgres,10,generar_emb,-,409,0,0.078336200
postgres,10,insert_emb,-,409,0,0.019860300
postgres,10,generar_emb,-,410,0,0.057766900
postgres,10,insert_emb,-,410,0,0.024536600
postgres,10,generar_emb,-,411,0,0.051967700
postgres,10,insert_emb,-,411,0,0.021734100
postgres,10,generar_emb,-,412,0,0.060595500
postgres,10,insert_emb,-,412,0,0.021942800
postgres,10,generar_emb,-,413,0,0.062057800
postgres,10,insert_emb,-,413,0,0.025956500
postgres,10,generar_emb,-,414,0,0.048483900
postgres,10,insert_emb,-,414,0,0.021770700
postgres,10,generar_emb,-,415,0,0.051414600
postgres,10,insert_emb,-,415,0,0.024468200
postgres,10,generar_emb,-,416,0,0.053604400
postgres,10,insert_emb,-,416,0,0.019849500
postgres,10,generar_emb,-,417,0,0.042883700
postgres,10,insert_emb,-,417,0,0.025510300
postgres,10,generar_emb,-,418,0,0.038872200
postgres,10,insert_emb,-,418,0,0.022448000
postgres,10,generar_emb,-,419,0,0.037582700
postgres,10,insert_emb,-,419,0,0.020556600
postgres,10,generar_emb,-,420,0,0.061885000
postgres,10,insert_emb,-,420,0,0.021392000
postgres,10,generar_emb,-,421,0,0.049036200
postgres,10,insert_emb,-,421,0,0.021088900
postgres,10,generar_emb,-,422,0,0.082380600
postgres,10,insert_emb,-,422,0,0.023923300
postgres,10,generar_emb,-,423,0,0.055254700
postgres,10,insert_emb,-,423,0,0.020943800
postgres,10,generar_emb,-,424,0,0.041949100
postgres,10,insert_emb,-,424,0,0.025204800
postgres,10,generar_emb,-,425,0,0.039071600
postgres,10,insert_emb,-,425,0,0.025090100
postgres,10,generar_emb,-,426,0,0.055235400
postgres,10,insert_emb,-,426,0,0.023151500
postgres,10,generar_emb,-,427,0,0.039832300
postgres,10,insert_emb,-,427,0,0.021629400
postgres,10,generar_emb,-,428,0,0.046879400
postgres,10,insert_emb,-,428,0,0.020387500
postgres,10,generar_emb,-,429,0,0.044413100
postgres,10,insert_emb,-,429,0,0.024223200
postgres,10,generar_emb,-,430,0,0.050113400
postgres,10,insert_emb,-,430,0,0.024551200
postgres,10,generar_emb,-,431,0,0.050824100
postgres,10,insert_emb,-,431,0,0.020691300
postgres,10,generar_emb,-,432,0,0.047415500
postgres,10,insert_emb,-,432,0,0.022372100
postgres,10,generar_emb,-,433,0,0.061036800
postgres,10,insert_emb,-,433,0,0.020944000
postgres,10,generar_emb,-,434,0,0.038689600
postgres,10,insert_emb,-,434,0,0.021167600
postgres,10,generar_emb,-,435,0,0.048503000
postgres,10,insert_emb,-,435,0,0.025525900
postgres,10,generar_emb,-,436,0,0.041233000
postgres,10,insert_emb,-,436,0,0.021712600
postgres,10,generar_emb,-,437,0,0.071683900
postgres,10,insert_emb,-,437,0,0.022150900
postgres,10,generar_emb,-,438,0,0.044952100
postgres,10,insert_emb,-,438,0,0.021654500
postgres,10,generar_emb,-,439,0,0.050173400
postgres,10,insert_emb,-,439,0,0.020430400
postgres,10,generar_emb,-,440,0,0.038674500
postgres,10,insert_emb,-,440,0,0.023051200
postgres,10,generar_emb,-,441,0,0.066049700
postgres,10,insert_emb,-,441,0,0.020958700
postgres,10,generar_emb,-,442,0,0.053624100
postgres,10,insert_emb,-,442,0,0.021420900
postgres,10,generar_emb,-,443,0,0.049480900
postgres,10,insert_emb,-,443,0,0.021666300
postgres,10,generar_emb,-,444,0,0.051518400
postgres,10,insert_emb,-,444,0,0.020880800
postgres,10,generar_emb,-,445,0,0.055116300
postgres,10,insert_emb,-,445,0,0.020469300
postgres,10,generar_emb,-,446,0,0.042594200
postgres,10,insert_emb,-,446,0,0.022238800
postgres,10,generar_emb,-,447,0,0.041668700
postgres,10,insert_emb,-,447,0,0.029125200
postgres,10,generar_emb,-,448,0,0.079392000
postgres,10,insert_emb,-,448,0,0.021007600
postgres,10,generar_emb,-,449,0,0.050231000
postgres,10,insert_emb,-,449,0,0.021898000
postgres,10,generar_emb,-,450,0,0.053622800
postgres,10,insert_emb,-,450,0,0.022565700
postgres,10,generar_emb,-,451,0,0.057009400
postgres,10,insert_emb,-,451,0,0.023866100
postgres,10,generar_emb,-,452,0,0.047525400
postgres,10,insert_emb,-,452,0,0.024301300
postgres,10,generar_emb,-,453,0,0.050368400
postgres,10,insert_emb,-,453,0,0.064726200
postgres,10,generar_emb,-,454,0,0.043697300
postgres,10,insert_emb,-,454,0,0.022409900
postgres,10,generar_emb,-,455,0,0.056120300
postgres,10,insert_emb,-,455,0,0.021503600
postgres,10,generar_emb,-,456,0,0.054642300
postgres,10,insert_emb,-,456,0,0.021243600
postgres,10,generar_emb,-,457,0,0.047446200
postgres,10,insert_emb,-,457,0,0.021789300
postgres,10,generar_emb,-,458,0,0.040720600
postgres,10,insert_emb,-,458,0,0.024410000
postgres,10,generar_emb,-,459,0,0.045537600
postgres,10,insert_emb,-,459,0,0.021734500
postgres,10,generar_emb,-,460,0,0.041253500
postgres,10,insert_emb,-,460,0,0.021642000
postgres,10,generar_emb,-,461,0,0.056167200
postgres,10,insert_emb,-,461,0,0.022543700
postgres,10,generar_emb,-,462,0,0.046054200
postgres,10,insert_emb,-,462,0,0.022173500
postgres,10,generar_emb,-,463,0,0.054769100
postgres,10,insert_emb,-,463,0,0.022891600
postgres,10,generar_emb,-,464,0,0.065867100
postgres,10,insert_emb,-,464,0,0.024119000
postgres,10,generar_emb,-,465,0,0.062679500
postgres,10,insert_emb,-,465,0,0.021478300
postgres,10,generar_emb,-,466,0,0.052025400
postgres,10,insert_emb,-,466,0,0.024886500
postgres,10,generar_emb,-,467,0,0.059125900
postgres,10,insert_emb,-,467,0,0.021821300
postgres,10,generar_emb,-,468,0,0.076355300
postgres,10,insert_emb,-,468,0,0.021078900
postgres,10,generar_emb,-,469,0,0.043935800
postgres,10,insert_emb,-,469,0,0.024240800
postgres,10,generar_emb,-,470,0,0.041812400
postgres,10,insert_emb,-,470,0,0.021336100
postgres,10,generar_emb,-,471,0,0.072737600
postgres,10,insert_emb,-,471,0,0.020973700
postgres,10,generar_emb,-,472,0,0.055802800
postgres,10,insert_emb,-,472,0,0.023628200
postgres,10,generar_emb,-,473,0,0.050771300
postgres,10,insert_emb,-,473,0,0.021145300
postgres,10,generar_emb,-,474,0,0.037965400
postgres,10,insert_emb,-,474,0,0.023790900
postgres,10,generar_emb,-,475,0,0.044227400
postgres,10,insert_emb,-,475,0,0.020467500
postgres,10,generar_emb,-,476,0,0.053413000
postgres,10,insert_emb,-,476,0,0.021593400
postgres,10,generar_emb,-,477,0,0.054897500
postgres,10,insert_emb,-,477,0,0.020883300
postgres,10,generar_emb,-,478,0,0.039553100
postgres,10,insert_emb,-,478,0,0.019946100
postgres,10,generar_emb,-,479,0,0.053064600
postgres,10,insert_emb,-,479,0,0.020125200
postgres,10,generar_emb,-,480,0,0.059156800
postgres,10,insert_emb,-,480,0,0.020448900
postgres,10,generar_emb,-,481,0,0.034368100
postgres,10,insert_emb,-,481,0,0.020282100
postgres,10,generar_emb,-,482,0,0.033556200
postgres,10,insert_emb,-,482,0,0.025469100
postgres,10,generar_emb,-,483,0,0.042575800
postgres,10,insert_emb,-,483,0,0.024803700
postgres,10,generar_emb,-,484,0,0.033096800
postgres,10,insert_emb,-,484,0,0.023877200
postgres,10,generar_emb,-,485,0,0.042775200
postgres,10,insert_emb,-,485,0,0.024429700
postgres,10,generar_emb,-,486,0,0.041935400
postgres,10,insert_emb,-,486,0,0.024384100
postgres,10,generar_emb,-,487,0,0.041039400
postgres,10,insert_emb,-,487,0,0.021741900
postgres,10,generar_emb,-,488,0,0.049778600
postgres,10,insert_emb,-,488,0,0.021081100
postgres,10,generar_emb,-,489,0,0.037232300
postgres,10,insert_emb,-,489,0,0.021799500
postgres,10,generar_emb,-,490,0,0.038476500
postgres,10,insert_emb,-,490,0,0.022800300
postgres,10,generar_emb,-,491,0,0.039022500
postgres,10,insert_emb,-,491,0,0.021969600
postgres,10,generar_emb,-,492,0,0.039765800
postgres,10,insert_emb,-,492,0,0.022936900
postgres,10,generar_emb,-,493,0,0.034239300
postgres,10,insert_emb,-,493,0,0.023521900
postgres,10,generar_emb,-,494,0,0.030701500
postgres,10,insert_emb,-,494,0,0.023953700
postgres,10,generar_emb,-,495,0,0.037832300
postgres,10,insert_emb,-,495,0,0.020504300
postgres,10,generar_emb,-,496,0,0.040525900
postgres,10,insert_emb,-,496,0,0.023655700
postgres,10,generar_emb,-,497,0,0.040654400
postgres,10,insert_emb,-,497,0,0.023475500
postgres,10,generar_emb,-,498,0,0.052804700
postgres,10,insert_emb,-,498,0,0.024665000
postgres,10,generar_emb,-,499,0,0.051725400
postgres,10,insert_emb,-,499,0,0.022597900
postgres,10,generar_emb,-,500,0,0.045925000
postgres,10,insert_emb,-,500,0,0.023489600
postgres,10,generar_emb,-,501,0,0.036778500
postgres,10,insert_emb,-,501,0,0.021504800
postgres,10,generar_emb,-,502,0,0.041202000
postgres,10,insert_emb,-,502,0,0.021654900
postgres,10,generar_emb,-,503,0,0.051522400
postgres,10,insert_emb,-,503,0,0.023910000
postgres,10,generar_emb,-,504,0,0.051239200
postgres,10,insert_emb,-,504,0,0.029952800
postgres,10,generar_emb,-,505,0,0.064653600
postgres,10,insert_emb,-,505,0,0.021071400
postgres,10,generar_emb,-,506,0,0.046656800
postgres,10,insert_emb,-,506,0,0.021341500
postgres,10,generar_emb,-,507,0,0.034785600
postgres,10,insert_emb,-,507,0,0.025419400
postgres,10,generar_emb,-,508,0,0.045011000
postgres,10,insert_emb,-,508,0,0.028748300
postgres,10,generar_emb,-,509,0,0.058509100
postgres,10,insert_emb,-,509,0,0.022206500
postgres,10,generar_emb,-,510,0,0.063821700
postgres,10,insert_emb,-,510,0,0.027396900
postgres,10,generar_emb,-,511,0,0.043148900
postgres,10,insert_emb,-,511,0,0.024361600
postgres,10,generar_emb,-,512,0,0.057793900
postgres,10,insert_emb,-,512,0,0.025040500
postgres,10,generar_emb,-,513,0,0.063608300
postgres,10,insert_emb,-,513,0,0.024883800
postgres,10,generar_emb,-,514,0,0.059634400
postgres,10,insert_emb,-,514,0,0.024505400
postgres,10,generar_emb,-,515,0,0.054350100
postgres,10,insert_emb,-,515,0,0.020940800
postgres,10,generar_emb,-,516,0,0.087652400
postgres,10,insert_emb,-,516,0,0.024683300
postgres,10,generar_emb,-,517,0,0.056274000
postgres,10,insert_emb,-,517,0,0.023238700
postgres,10,generar_emb,-,518,0,0.058728100
postgres,10,insert_emb,-,518,0,0.025290200
postgres,10,generar_emb,-,519,0,0.058908200
postgres,10,insert_emb,-,519,0,0.022771500
postgres,10,generar_emb,-,520,0,0.040768400
postgres,10,insert_emb,-,520,0,0.022997800
postgres,10,generar_emb,-,521,0,0.029924800
postgres,10,insert_emb,-,521,0,0.024425800
postgres,10,generar_emb,-,522,0,0.052416300
postgres,10,insert_emb,-,522,0,0.023489500
postgres,10,generar_emb,-,523,0,0.042396400
postgres,10,insert_emb,-,523,0,0.021253900
postgres,10,generar_emb,-,524,0,0.052381500
postgres,10,insert_emb,-,524,0,0.021396600
postgres,10,generar_emb,-,525,0,0.061706900
postgres,10,insert_emb,-,525,0,0.024835100
postgres,10,generar_emb,-,526,0,0.032597500
postgres,10,insert_emb,-,526,0,0.021131500
postgres,10,generar_emb,-,527,0,0.052407100
postgres,10,insert_emb,-,527,0,0.023827200
postgres,10,generar_emb,-,528,0,0.037845500
postgres,10,insert_emb,-,528,0,0.021467500
postgres,10,generar_emb,-,529,0,0.044989000
postgres,10,insert_emb,-,529,0,0.024116600
postgres,10,generar_emb,-,530,0,0.043255300
postgres,10,insert_emb,-,530,0,0.021688200
postgres,10,generar_emb,-,531,0,0.047230900
postgres,10,insert_emb,-,531,0,0.026186200
postgres,10,generar_emb,-,532,0,0.052270500
postgres,10,insert_emb,-,532,0,0.021762200
postgres,10,generar_emb,-,533,0,0.040831800
postgres,10,insert_emb,-,533,0,0.026430800
postgres,10,generar_emb,-,534,0,0.057886400
postgres,10,insert_emb,-,534,0,0.021783400
postgres,10,generar_emb,-,535,0,0.060003000
postgres,10,insert_emb,-,535,0,0.025098500
postgres,10,generar_emb,-,536,0,0.074360600
postgres,10,insert_emb,-,536,0,0.026953000
postgres,10,generar_emb,-,537,0,0.050720400
postgres,10,insert_emb,-,537,0,0.023531500
postgres,10,generar_emb,-,538,0,0.049411400
postgres,10,insert_emb,-,538,0,0.023971700
postgres,10,generar_emb,-,539,0,0.053980200
postgres,10,insert_emb,-,539,0,0.022284200
postgres,10,generar_emb,-,540,0,0.050431400
postgres,10,insert_emb,-,540,0,0.023113900
postgres,10,generar_emb,-,541,0,0.055239400
postgres,10,insert_emb,-,541,0,0.025174900
postgres,10,generar_emb,-,542,0,0.067521100
postgres,10,insert_emb,-,542,0,0.023670100
postgres,10,generar_emb,-,543,0,0.056763200
postgres,10,insert_emb,-,543,0,0.019570000
postgres,10,generar_emb,-,544,0,0.049093600
postgres,10,insert_emb,-,544,0,0.023693100
postgres,10,generar_emb,-,545,0,0.058542300
postgres,10,insert_emb,-,545,0,0.024382200
postgres,10,generar_emb,-,546,0,0.063806600
postgres,10,insert_emb,-,546,0,0.024984000
postgres,10,generar_emb,-,547,0,0.046847400
postgres,10,insert_emb,-,547,0,0.020994400
postgres,10,generar_emb,-,548,0,0.055000300
postgres,10,insert_emb,-,548,0,0.020832000
postgres,10,generar_emb,-,549,0,0.036447000
postgres,10,insert_emb,-,549,0,0.024095500
postgres,10,generar_emb,-,550,0,0.037729000
postgres,10,insert_emb,-,550,0,0.024130300
postgres,10,generar_emb,-,551,0,0.046379800
postgres,10,insert_emb,-,551,0,0.024760100
postgres,10,generar_emb,-,552,0,0.078181700
postgres,10,insert_emb,-,552,0,0.025205300
postgres,10,generar_emb,-,553,0,0.056740600
postgres,10,insert_emb,-,553,0,0.023907000
postgres,10,generar_emb,-,554,0,0.041620600
postgres,10,insert_emb,-,554,0,0.020986800
postgres,10,generar_emb,-,555,0,0.069110900
postgres,10,insert_emb,-,555,0,0.027360500
postgres,10,generar_emb,-,556,0,0.078822700
postgres,10,insert_emb,-,556,0,0.021548600
postgres,10,generar_emb,-,557,0,0.108639000
postgres,10,insert_emb,-,557,0,0.030472800
postgres,10,generar_emb,-,558,0,0.067105200
postgres,10,insert_emb,-,558,0,0.022784700
postgres,10,generar_emb,-,559,0,0.038780400
postgres,10,insert_emb,-,559,0,0.020431500
postgres,10,generar_emb,-,560,0,0.060377700
postgres,10,insert_emb,-,560,0,0.024989000
postgres,10,generar_emb,-,561,0,0.068139500
postgres,10,insert_emb,-,561,0,0.024398300
postgres,10,generar_emb,-,562,0,0.038252500
postgres,10,insert_emb,-,562,0,0.024228300
postgres,10,generar_emb,-,563,0,0.031707200
postgres,10,insert_emb,-,563,0,0.023968400
postgres,10,generar_emb,-,564,0,0.053752700
postgres,10,insert_emb,-,564,0,0.021071200
postgres,10,generar_emb,-,565,0,0.042039600
postgres,10,insert_emb,-,565,0,0.025164800
postgres,10,generar_emb,-,566,0,0.054932600
postgres,10,insert_emb,-,566,0,0.042050000
postgres,10,generar_emb,-,567,0,0.054805100
postgres,10,insert_emb,-,567,0,0.023969600
postgres,10,generar_emb,-,568,0,0.062692900
postgres,10,insert_emb,-,568,0,0.024071600
postgres,10,generar_emb,-,569,0,0.062624800
postgres,10,insert_emb,-,569,0,0.021093500
postgres,10,generar_emb,-,570,0,0.089802800
postgres,10,insert_emb,-,570,0,0.026491100
postgres,10,generar_emb,-,571,0,0.063454900
postgres,10,insert_emb,-,571,0,0.028250100
postgres,10,generar_emb,-,572,0,0.046748900
postgres,10,insert_emb,-,572,0,0.026639400
postgres,10,generar_emb,-,573,0,0.048800600
postgres,10,insert_emb,-,573,0,0.022042400
postgres,10,generar_emb,-,574,0,0.054807900
postgres,10,insert_emb,-,574,0,0.022404400
postgres,10,generar_emb,-,575,0,0.056735700
postgres,10,insert_emb,-,575,0,0.021235300
postgres,10,generar_emb,-,576,0,0.038361100
postgres,10,insert_emb,-,576,0,0.023505700
postgres,10,generar_emb,-,577,0,0.079963300
postgres,10,insert_emb,-,577,0,0.023285200
postgres,10,generar_emb,-,578,0,0.037833400
postgres,10,insert_emb,-,578,0,0.022297700
postgres,10,generar_emb,-,579,0,0.054566900
postgres,10,insert_emb,-,579,0,0.021706800
postgres,10,generar_emb,-,580,0,0.054449300
postgres,10,insert_emb,-,580,0,0.022475200
postgres,10,generar_emb,-,581,0,0.065648800
postgres,10,insert_emb,-,581,0,0.025089800
postgres,10,generar_emb,-,582,0,0.045870400
postgres,10,insert_emb,-,582,0,0.024346600
postgres,10,generar_emb,-,583,0,0.060730800
postgres,10,insert_emb,-,583,0,0.024291900
postgres,10,generar_emb,-,584,0,0.063770700
postgres,10,insert_emb,-,584,0,0.024457900
postgres,10,generar_emb,-,585,0,0.060136500
postgres,10,insert_emb,-,585,0,0.022044300
postgres,10,generar_emb,-,586,0,0.059139200
postgres,10,insert_emb,-,586,0,0.020682800
postgres,10,generar_emb,-,587,0,0.045485600
postgres,10,insert_emb,-,587,0,0.024439300
postgres,10,generar_emb,-,588,0,0.048592400
postgres,10,insert_emb,-,588,0,0.025124100
postgres,10,generar_emb,-,589,0,0.055122500
postgres,10,insert_emb,-,589,0,0.023802800
postgres,10,generar_emb,-,590,0,0.034655100
postgres,10,insert_emb,-,590,0,0.023390400
postgres,10,generar_emb,-,591,0,0.057589300
postgres,10,insert_emb,-,591,0,0.025292200
postgres,10,generar_emb,-,592,0,0.052958400
postgres,10,insert_emb,-,592,0,0.021437800
postgres,10,generar_emb,-,593,0,0.038357200
postgres,10,insert_emb,-,593,0,0.024865200
postgres,10,generar_emb,-,594,0,0.042338100
postgres,10,insert_emb,-,594,0,0.021611200
postgres,10,generar_emb,-,595,0,0.060189400
postgres,10,insert_emb,-,595,0,0.025170600
postgres,10,generar_emb,-,596,0,0.069901500
postgres,10,insert_emb,-,596,0,0.024937200
postgres,10,generar_emb,-,597,0,0.056495100
postgres,10,insert_emb,-,597,0,0.024179700
postgres,10,generar_emb,-,598,0,0.055097900
postgres,10,insert_emb,-,598,0,0.024436600
postgres,10,generar_emb,-,599,0,0.070595000
postgres,10,insert_emb,-,599,0,0.022689800
postgres,10,generar_emb,-,600,0,0.058343100
postgres,10,insert_emb,-,600,0,0.021651900
postgres,10,generar_emb,-,601,0,0.044609300
postgres,10,insert_emb,-,601,0,0.026479600
postgres,10,generar_emb,-,602,0,0.060677500
postgres,10,insert_emb,-,602,0,0.024811400
postgres,10,generar_emb,-,603,0,0.044182000
postgres,10,insert_emb,-,603,0,0.025755400
postgres,10,generar_emb,-,604,0,0.059151900
postgres,10,insert_emb,-,604,0,0.021167900
postgres,10,generar_emb,-,605,0,0.047231100
postgres,10,insert_emb,-,605,0,0.020680800
postgres,10,generar_emb,-,606,0,0.044773000
postgres,10,insert_emb,-,606,0,0.024349400
postgres,10,generar_emb,-,607,0,0.048097600
postgres,10,insert_emb,-,607,0,0.024356000
postgres,10,generar_emb,-,608,0,0.044317000
postgres,10,insert_emb,-,608,0,0.024834700
postgres,10,generar_emb,-,609,0,0.059349700
postgres,10,insert_emb,-,609,0,0.024495500
postgres,10,generar_emb,-,610,0,0.050142400
postgres,10,insert_emb,-,610,0,0.020627300
postgres,10,generar_emb,-,611,0,0.044714500
postgres,10,insert_emb,-,611,0,0.021292900
postgres,10,generar_emb,-,612,0,0.050077500
postgres,10,insert_emb,-,612,0,0.023759200
postgres,10,generar_emb,-,613,0,0.050700700
postgres,10,insert_emb,-,613,0,0.022573300
postgres,10,generar_emb,-,614,0,0.051800700
postgres,10,insert_emb,-,614,0,0.022835000
postgres,10,generar_emb,-,615,0,0.057791200
postgres,10,insert_emb,-,615,0,0.020900100
postgres,10,generar_emb,-,616,0,0.037573700
postgres,10,insert_emb,-,616,0,0.022319400
postgres,10,generar_emb,-,617,0,0.038991700
postgres,10,insert_emb,-,617,0,0.024622600
postgres,10,generar_emb,-,618,0,0.053129100
postgres,10,insert_emb,-,618,0,0.024608700
postgres,10,generar_emb,-,619,0,0.033633400
postgres,10,insert_emb,-,619,0,0.021391500
postgres,10,generar_emb,-,620,0,0.040687700
postgres,10,insert_emb,-,620,0,0.027682100
postgres,10,generar_emb,-,621,0,0.042704400
postgres,10,insert_emb,-,621,0,0.025062900
postgres,10,generar_emb,-,622,0,0.055248100
postgres,10,insert_emb,-,622,0,0.021183900
postgres,10,generar_emb,-,623,0,0.044857100
postgres,10,insert_emb,-,623,0,0.022353100
postgres,10,generar_emb,-,624,0,0.034095300
postgres,10,insert_emb,-,624,0,0.020867600
postgres,10,generar_emb,-,625,0,0.052581900
postgres,10,insert_emb,-,625,0,0.022591200
postgres,10,generar_emb,-,626,0,0.044627200
postgres,10,insert_emb,-,626,0,0.024759800
postgres,10,generar_emb,-,627,0,0.038909200
postgres,10,insert_emb,-,627,0,0.020730200
postgres,10,generar_emb,-,628,0,0.039745700
postgres,10,insert_emb,-,628,0,0.022844600
postgres,10,generar_emb,-,629,0,0.045588900
postgres,10,insert_emb,-,629,0,0.024460000
postgres,10,generar_emb,-,630,0,0.053534400
postgres,10,insert_emb,-,630,0,0.021110100
postgres,10,generar_emb,-,631,0,0.043132300
postgres,10,insert_emb,-,631,0,0.024727400
postgres,10,generar_emb,-,632,0,0.037882800
postgres,10,insert_emb,-,632,0,0.025452400
postgres,10,generar_emb,-,633,0,0.031651300
postgres,10,insert_emb,-,633,0,0.023892900
postgres,10,generar_emb,-,634,0,0.039398300
postgres,10,insert_emb,-,634,0,0.022437600
postgres,10,generar_emb,-,635,0,0.063007400
postgres,10,insert_emb,-,635,0,0.027694000
postgres,10,generar_emb,-,636,0,0.046887000
postgres,10,insert_emb,-,636,0,0.022272800
postgres,10,generar_emb,-,637,0,0.047879700
postgres,10,insert_emb,-,637,0,0.024210100
postgres,10,generar_emb,-,638,0,0.044223100
postgres,10,insert_emb,-,638,0,0.022580400
postgres,10,generar_emb,-,639,0,0.043905900
postgres,10,insert_emb,-,639,0,0.027425600
postgres,10,generar_emb,-,640,0,0.072544500
postgres,10,insert_emb,-,640,0,0.029103500
postgres,10,generar_emb,-,641,0,0.041633600
postgres,10,insert_emb,-,641,0,0.020821700
postgres,10,generar_emb,-,642,0,0.049751600
postgres,10,insert_emb,-,642,0,0.021568900
postgres,10,generar_emb,-,643,0,0.055515100
postgres,10,insert_emb,-,643,0,0.023673900
postgres,10,generar_emb,-,644,0,0.055461000
postgres,10,insert_emb,-,644,0,0.027676500
postgres,10,generar_emb,-,645,0,0.056680400
postgres,10,insert_emb,-,645,0,0.022383500
postgres,10,generar_emb,-,646,0,0.042094500
postgres,10,insert_emb,-,646,0,0.021206100
postgres,10,generar_emb,-,647,0,0.047449400
postgres,10,insert_emb,-,647,0,0.022013600
postgres,10,generar_emb,-,648,0,0.048074900
postgres,10,insert_emb,-,648,0,0.021261300
postgres,10,generar_emb,-,649,0,0.043926100
postgres,10,insert_emb,-,649,0,0.022230300
postgres,10,generar_emb,-,650,0,0.083310300
postgres,10,insert_emb,-,650,0,0.021457600
postgres,10,generar_emb,-,651,0,0.041437700
postgres,10,insert_emb,-,651,0,0.024430200
postgres,10,generar_emb,-,652,0,0.059514400
postgres,10,insert_emb,-,652,0,0.025136700
postgres,10,generar_emb,-,653,0,0.049863800
postgres,10,insert_emb,-,653,0,0.020811100
postgres,10,generar_emb,-,654,0,0.046970100
postgres,10,insert_emb,-,654,0,0.021619200
postgres,10,generar_emb,-,655,0,0.062572600
postgres,10,insert_emb,-,655,0,0.020800400
postgres,10,generar_emb,-,656,0,0.035375000
postgres,10,insert_emb,-,656,0,0.020880500
postgres,10,generar_emb,-,657,0,0.039492800
postgres,10,insert_emb,-,657,0,0.022576700
postgres,10,generar_emb,-,658,0,0.043405800
postgres,10,insert_emb,-,658,0,0.024831200
postgres,10,generar_emb,-,659,0,0.052536000
postgres,10,insert_emb,-,659,0,0.025590500
postgres,10,generar_emb,-,660,0,0.037736400
postgres,10,insert_emb,-,660,0,0.025358100
postgres,10,generar_emb,-,661,0,0.052285400
postgres,10,insert_emb,-,661,0,0.023200900
postgres,10,generar_emb,-,662,0,0.038337100
postgres,10,insert_emb,-,662,0,0.024530700
postgres,10,generar_emb,-,663,0,0.051188600
postgres,10,insert_emb,-,663,0,0.024695400
postgres,10,generar_emb,-,664,0,0.043241000
postgres,10,insert_emb,-,664,0,0.023903200
postgres,10,generar_emb,-,665,0,0.031506400
postgres,10,insert_emb,-,665,0,0.024206300
postgres,10,generar_emb,-,666,0,0.041264000
postgres,10,insert_emb,-,666,0,0.021657700
postgres,10,generar_emb,-,667,0,0.072764300
postgres,10,insert_emb,-,667,0,0.024747300
postgres,10,generar_emb,-,668,0,0.052268000
postgres,10,insert_emb,-,668,0,0.022214200
postgres,10,generar_emb,-,669,0,0.076655900
postgres,10,insert_emb,-,669,0,0.025451300
postgres,10,generar_emb,-,670,0,0.036694200
postgres,10,insert_emb,-,670,0,0.023080000
postgres,10,generar_emb,-,671,0,0.052723500
postgres,10,insert_emb,-,671,0,0.020538500
postgres,10,generar_emb,-,672,0,0.044357100
postgres,10,insert_emb,-,672,0,0.025198400
postgres,10,generar_emb,-,673,0,0.039790000
postgres,10,insert_emb,-,673,0,0.020362500
postgres,10,generar_emb,-,674,0,0.041671000
postgres,10,insert_emb,-,674,0,0.020985100
postgres,10,generar_emb,-,675,0,0.063756600
postgres,10,insert_emb,-,675,0,0.024523400
postgres,10,generar_emb,-,676,0,0.057785400
postgres,10,insert_emb,-,676,0,0.024251900
postgres,10,generar_emb,-,677,0,0.071338400
postgres,10,insert_emb,-,677,0,0.023323600
postgres,10,generar_emb,-,678,0,0.048169000
postgres,10,insert_emb,-,678,0,0.024397900
postgres,10,generar_emb,-,679,0,0.048624600
postgres,10,insert_emb,-,679,0,0.021569600
postgres,10,generar_emb,-,680,0,0.054186000
postgres,10,insert_emb,-,680,0,0.021348400
postgres,10,generar_emb,-,681,0,0.049165000
postgres,10,insert_emb,-,681,0,0.024690900
postgres,10,generar_emb,-,682,0,0.047732400
postgres,10,insert_emb,-,682,0,0.021085300
postgres,10,generar_emb,-,683,0,0.064226200
postgres,10,insert_emb,-,683,0,0.020782800
postgres,10,generar_emb,-,684,0,0.055716400
postgres,10,insert_emb,-,684,0,0.021058100
postgres,10,generar_emb,-,685,0,0.049804600
postgres,10,insert_emb,-,685,0,0.021226800
postgres,10,generar_emb,-,686,0,0.035378700
postgres,10,insert_emb,-,686,0,0.020407200
postgres,10,generar_emb,-,687,0,0.039100100
postgres,10,insert_emb,-,687,0,0.023863900
postgres,10,generar_emb,-,688,0,0.042216300
postgres,10,insert_emb,-,688,0,0.024019200
postgres,10,generar_emb,-,689,0,0.054664000
postgres,10,insert_emb,-,689,0,0.026646700
postgres,10,generar_emb,-,690,0,0.060600500
postgres,10,insert_emb,-,690,0,0.024242900
postgres,10,generar_emb,-,691,0,0.045507300
postgres,10,insert_emb,-,691,0,0.020975200
postgres,10,generar_emb,-,692,0,0.047078800
postgres,10,insert_emb,-,692,0,0.023135600
postgres,10,generar_emb,-,693,0,0.036288000
postgres,10,insert_emb,-,693,0,0.023540500
postgres,10,generar_emb,-,694,0,0.036616200
postgres,10,insert_emb,-,694,0,0.023483300
postgres,10,generar_emb,-,695,0,0.034068000
postgres,10,insert_emb,-,695,0,0.023996100
postgres,10,generar_emb,-,696,0,0.035214600
postgres,10,insert_emb,-,696,0,0.024118700
postgres,10,generar_emb,-,697,0,0.064653100
postgres,10,insert_emb,-,697,0,0.021461800
postgres,10,generar_emb,-,698,0,0.068674800
postgres,10,insert_emb,-,698,0,0.020436900
postgres,10,generar_emb,-,699,0,0.057759100
postgres,10,insert_emb,-,699,0,0.021518100
postgres,10,generar_emb,-,700,0,0.039749800
postgres,10,insert_emb,-,700,0,0.024074000
postgres,10,generar_emb,-,701,0,0.083632300
postgres,10,insert_emb,-,701,0,0.020592400
postgres,10,generar_emb,-,702,0,0.049762600
postgres,10,insert_emb,-,702,0,0.020922100
postgres,10,generar_emb,-,703,0,0.058859800
postgres,10,insert_emb,-,703,0,0.020947200
postgres,10,generar_emb,-,704,0,0.043167200
postgres,10,insert_emb,-,704,0,0.024548900
postgres,10,generar_emb,-,705,0,0.059811300
postgres,10,insert_emb,-,705,0,0.024331500
postgres,10,generar_emb,-,706,0,0.045756400
postgres,10,insert_emb,-,706,0,0.024641200
postgres,10,generar_emb,-,707,0,0.051023100
postgres,10,insert_emb,-,707,0,0.020817200
postgres,10,generar_emb,-,708,0,0.049153500
postgres,10,insert_emb,-,708,0,0.024632900
postgres,10,generar_emb,-,709,0,0.047105600
postgres,10,insert_emb,-,709,0,0.022722200
postgres,10,generar_emb,-,710,0,0.042281500
postgres,10,insert_emb,-,710,0,0.021730700
postgres,10,generar_emb,-,711,0,0.033229500
postgres,10,insert_emb,-,711,0,0.022301700
postgres,10,generar_emb,-,712,0,0.034386400
postgres,10,insert_emb,-,712,0,0.020270500
postgres,10,generar_emb,-,713,0,0.037331200
postgres,10,insert_emb,-,713,0,0.024750400
postgres,10,generar_emb,-,714,0,0.028955800
postgres,10,insert_emb,-,714,0,0.023896000
postgres,10,generar_emb,-,715,0,0.042291600
postgres,10,insert_emb,-,715,0,0.025909800
postgres,10,generar_emb,-,716,0,0.060545700
postgres,10,insert_emb,-,716,0,0.022521600
postgres,10,generar_emb,-,717,0,0.047518100
postgres,10,insert_emb,-,717,0,0.022882100
postgres,10,generar_emb,-,718,0,0.056156500
postgres,10,insert_emb,-,718,0,0.022590000
postgres,10,generar_emb,-,719,0,0.059539500
postgres,10,insert_emb,-,719,0,0.020675800
postgres,10,generar_emb,-,720,0,0.050454900
postgres,10,insert_emb,-,720,0,0.023404200
postgres,10,generar_emb,-,721,0,0.042208200
postgres,10,insert_emb,-,721,0,0.023188900
postgres,10,generar_emb,-,722,0,0.037900700
postgres,10,insert_emb,-,722,0,0.026399000
postgres,10,generar_emb,-,723,0,0.065873100
postgres,10,insert_emb,-,723,0,0.020843300
postgres,10,generar_emb,-,724,0,0.045747100
postgres,10,insert_emb,-,724,0,0.025631500
postgres,10,generar_emb,-,725,0,0.053477700
postgres,10,insert_emb,-,725,0,0.021196800
postgres,10,generar_emb,-,726,0,0.041992000
postgres,10,insert_emb,-,726,0,0.024289800
postgres,10,generar_emb,-,727,0,0.035331500
postgres,10,insert_emb,-,727,0,0.025613900
postgres,10,generar_emb,-,728,0,0.039052600
postgres,10,insert_emb,-,728,0,0.020157000
postgres,10,generar_emb,-,729,0,0.030692600
postgres,10,insert_emb,-,729,0,0.020326800
postgres,10,generar_emb,-,730,0,0.038339700
postgres,10,insert_emb,-,730,0,0.020155900
postgres,10,generar_emb,-,731,0,0.042290400
postgres,10,insert_emb,-,731,0,0.022299600
postgres,10,generar_emb,-,732,0,0.036299400
postgres,10,insert_emb,-,732,0,0.023847300
postgres,10,generar_emb,-,733,0,0.041495900
postgres,10,insert_emb,-,733,0,0.020541200
postgres,10,generar_emb,-,734,0,0.055257200
postgres,10,insert_emb,-,734,0,0.023811100
postgres,10,generar_emb,-,735,0,0.040872300
postgres,10,insert_emb,-,735,0,0.023399400
postgres,10,generar_emb,-,736,0,0.041270600
postgres,10,insert_emb,-,736,0,0.022063600
postgres,10,generar_emb,-,737,0,0.048134100
postgres,10,insert_emb,-,737,0,0.024199100
postgres,10,generar_emb,-,738,0,0.041689900
postgres,10,insert_emb,-,738,0,0.020789300
postgres,10,generar_emb,-,739,0,0.049463800
postgres,10,insert_emb,-,739,0,0.025036800
postgres,10,generar_emb,-,740,0,0.052097100
postgres,10,insert_emb,-,740,0,0.020922000
postgres,10,generar_emb,-,741,0,0.054891700
postgres,10,insert_emb,-,741,0,0.024053100
postgres,10,generar_emb,-,742,0,0.072298000
postgres,10,insert_emb,-,742,0,0.020937200
postgres,10,generar_emb,-,743,0,0.045614300
postgres,10,insert_emb,-,743,0,0.024107000
postgres,10,generar_emb,-,744,0,0.047239800
postgres,10,insert_emb,-,744,0,0.021346400
postgres,10,generar_emb,-,745,0,0.059266200
postgres,10,insert_emb,-,745,0,0.025389500
postgres,10,generar_emb,-,746,0,0.038798600
postgres,10,insert_emb,-,746,0,0.022327700
postgres,10,generar_emb,-,747,0,0.041781800
postgres,10,insert_emb,-,747,0,0.025974400
postgres,10,generar_emb,-,748,0,0.043486300
postgres,10,insert_emb,-,748,0,0.025162500
postgres,10,generar_emb,-,749,0,0.056330700
postgres,10,insert_emb,-,749,0,0.020959500
postgres,10,generar_emb,-,750,0,0.047609400
postgres,10,insert_emb,-,750,0,0.020608300
postgres,10,generar_emb,-,751,0,0.035534800
postgres,10,insert_emb,-,751,0,0.022787900
postgres,10,generar_emb,-,752,0,0.066501300
postgres,10,insert_emb,-,752,0,0.021053800
postgres,10,generar_emb,-,753,0,0.052588900
postgres,10,insert_emb,-,753,0,0.023338900
postgres,10,generar_emb,-,754,0,0.048802500
postgres,10,insert_emb,-,754,0,0.020412300
postgres,10,generar_emb,-,755,0,0.044941200
postgres,10,insert_emb,-,755,0,0.025463100
postgres,10,generar_emb,-,756,0,0.069902800
postgres,10,insert_emb,-,756,0,0.025188500
postgres,10,generar_emb,-,757,0,0.046957700
postgres,10,insert_emb,-,757,0,0.020568200
postgres,10,generar_emb,-,758,0,0.039485300
postgres,10,insert_emb,-,758,0,0.022015900
postgres,10,generar_emb,-,759,0,0.050528900
postgres,10,insert_emb,-,759,0,0.025299900
postgres,10,generar_emb,-,760,0,0.035592000
postgres,10,insert_emb,-,760,0,0.020451700
postgres,10,generar_emb,-,761,0,0.031368400
postgres,10,insert_emb,-,761,0,0.020250600
postgres,10,generar_emb,-,762,0,0.033468300
postgres,10,insert_emb,-,762,0,0.024223700
postgres,10,generar_emb,-,763,0,0.041289900
postgres,10,insert_emb,-,763,0,0.023210100
postgres,10,generar_emb,-,764,0,0.041663000
postgres,10,insert_emb,-,764,0,0.025187200
postgres,10,generar_emb,-,765,0,0.034512000
postgres,10,insert_emb,-,765,0,0.024823400
postgres,10,generar_emb,-,766,0,0.041048100
postgres,10,insert_emb,-,766,0,0.024568000
postgres,10,generar_emb,-,767,0,0.043508100
postgres,10,insert_emb,-,767,0,0.022672300
postgres,10,generar_emb,-,768,0,0.039854500
postgres,10,insert_emb,-,768,0,0.021837900
postgres,10,generar_emb,-,769,0,0.039507000
postgres,10,insert_emb,-,769,0,0.020409800
postgres,10,generar_emb,-,770,0,0.039513100
postgres,10,insert_emb,-,770,0,0.023709300
postgres,10,generar_emb,-,771,0,0.059541400
postgres,10,insert_emb,-,771,0,0.020807600
postgres,10,generar_emb,-,772,0,0.067256800
postgres,10,insert_emb,-,772,0,0.020906500
postgres,10,generar_emb,-,773,0,0.056582600
postgres,10,insert_emb,-,773,0,0.020548400
postgres,10,generar_emb,-,774,0,0.046042200
postgres,10,insert_emb,-,774,0,0.024478000
postgres,10,generar_emb,-,775,0,0.102409600
postgres,10,insert_emb,-,775,0,0.030093800
postgres,10,generar_emb,-,776,0,0.062627900
postgres,10,insert_emb,-,776,0,0.021091700
postgres,10,generar_emb,-,777,0,0.043081500
postgres,10,insert_emb,-,777,0,0.019673900
postgres,10,generar_emb,-,778,0,0.061098300
postgres,10,insert_emb,-,778,0,0.026258200
postgres,10,generar_emb,-,779,0,0.055498500
postgres,10,insert_emb,-,779,0,0.026700200
postgres,10,generar_emb,-,780,0,0.061259000
postgres,10,insert_emb,-,780,0,0.020148700
postgres,10,generar_emb,-,781,0,0.046484200
postgres,10,insert_emb,-,781,0,0.023692200
postgres,10,generar_emb,-,782,0,0.051641300
postgres,10,insert_emb,-,782,0,0.024350300
postgres,10,generar_emb,-,783,0,0.049273400
postgres,10,insert_emb,-,783,0,0.023374700
postgres,10,generar_emb,-,784,0,0.042213100
postgres,10,insert_emb,-,784,0,0.023148800
postgres,10,generar_emb,-,785,0,0.044266000
postgres,10,insert_emb,-,785,0,0.020487700
postgres,10,generar_emb,-,786,0,0.043640400
postgres,10,insert_emb,-,786,0,0.021629100
postgres,10,generar_emb,-,787,0,0.036218600
postgres,10,insert_emb,-,787,0,0.020363100
postgres,10,generar_emb,-,788,0,0.048576100
postgres,10,insert_emb,-,788,0,0.021370000
postgres,10,generar_emb,-,789,0,0.047277400
postgres,10,insert_emb,-,789,0,0.020653700
postgres,10,generar_emb,-,790,0,0.055332000
postgres,10,insert_emb,-,790,0,0.024556900
postgres,10,generar_emb,-,791,0,0.046773600
postgres,10,insert_emb,-,791,0,0.022290400
postgres,10,generar_emb,-,792,0,0.048980700
postgres,10,insert_emb,-,792,0,0.023150600
postgres,10,generar_emb,-,793,0,0.051575700
postgres,10,insert_emb,-,793,0,0.026563100
postgres,10,generar_emb,-,794,0,0.041253900
postgres,10,insert_emb,-,794,0,0.023412600
postgres,10,generar_emb,-,795,0,0.067516200
postgres,10,insert_emb,-,795,0,0.021376400
postgres,10,generar_emb,-,796,0,0.069385800
postgres,10,insert_emb,-,796,0,0.020902600
postgres,10,generar_emb,-,797,0,0.058693100
postgres,10,insert_emb,-,797,0,0.021019000
postgres,10,generar_emb,-,798,0,0.053012000
postgres,10,insert_emb,-,798,0,0.021017800
postgres,10,generar_emb,-,799,0,0.030655800
postgres,10,insert_emb,-,799,0,0.023600100
postgres,10,generar_emb,-,800,0,0.046991000
postgres,10,insert_emb,-,800,0,0.024460600
postgres,10,generar_emb,-,801,0,0.046543300
postgres,10,insert_emb,-,801,0,0.024423100
postgres,10,generar_emb,-,802,0,0.039481600
postgres,10,insert_emb,-,802,0,0.025607900
postgres,10,generar_emb,-,803,0,0.054562800
postgres,10,insert_emb,-,803,0,0.024018800
postgres,10,generar_emb,-,804,0,0.050493900
postgres,10,insert_emb,-,804,0,0.021668700
postgres,10,generar_emb,-,805,0,0.053971100
postgres,10,insert_emb,-,805,0,0.025804400
postgres,10,generar_emb,-,806,0,0.053609200
postgres,10,insert_emb,-,806,0,0.021992300
postgres,10,generar_emb,-,807,0,0.049871500
postgres,10,insert_emb,-,807,0,0.022092500
postgres,10,generar_emb,-,808,0,0.045789500
postgres,10,insert_emb,-,808,0,0.024058300
postgres,10,generar_emb,-,809,0,0.045595200
postgres,10,insert_emb,-,809,0,0.020867000
postgres,10,generar_emb,-,810,0,0.057294700
postgres,10,insert_emb,-,810,0,0.025392600
postgres,10,generar_emb,-,811,0,0.065495100
postgres,10,insert_emb,-,811,0,0.023465700
postgres,10,generar_emb,-,812,0,0.048159600
postgres,10,insert_emb,-,812,0,0.020391700
postgres,10,generar_emb,-,813,0,0.044209500
postgres,10,insert_emb,-,813,0,0.022257600
postgres,10,generar_emb,-,814,0,0.052944700
postgres,10,insert_emb,-,814,0,0.023467500
postgres,10,generar_emb,-,815,0,0.036529200
postgres,10,insert_emb,-,815,0,0.023529100
postgres,10,generar_emb,-,816,0,0.047568600
postgres,10,insert_emb,-,816,0,0.020555200
postgres,10,generar_emb,-,817,0,0.044158900
postgres,10,insert_emb,-,817,0,0.023941200
postgres,10,generar_emb,-,818,0,0.048994900
postgres,10,insert_emb,-,818,0,0.022526900
postgres,10,generar_emb,-,819,0,0.066077300
postgres,10,insert_emb,-,819,0,0.021284500
postgres,10,generar_emb,-,820,0,0.048727900
postgres,10,insert_emb,-,820,0,0.023338800
postgres,10,generar_emb,-,821,0,0.060956300
postgres,10,insert_emb,-,821,0,0.019757500
postgres,10,generar_emb,-,822,0,0.049583600
postgres,10,insert_emb,-,822,0,0.020279900
postgres,10,generar_emb,-,823,0,0.059383300
postgres,10,insert_emb,-,823,0,0.021562500
postgres,10,generar_emb,-,824,0,0.049964100
postgres,10,insert_emb,-,824,0,0.019659900
postgres,10,generar_emb,-,825,0,0.045602200
postgres,10,insert_emb,-,825,0,0.023145800
postgres,10,generar_emb,-,826,0,0.043554600
postgres,10,insert_emb,-,826,0,0.023955900
postgres,10,generar_emb,-,827,0,0.029138600
postgres,10,insert_emb,-,827,0,0.023043000
postgres,10,generar_emb,-,828,0,0.047169000
postgres,10,insert_emb,-,828,0,0.023133200
postgres,10,generar_emb,-,829,0,0.040930200
postgres,10,insert_emb,-,829,0,0.024328800
postgres,10,generar_emb,-,830,0,0.043918800
postgres,10,insert_emb,-,830,0,0.022984000
postgres,10,generar_emb,-,831,0,0.045002400
postgres,10,insert_emb,-,831,0,0.022058900
postgres,10,generar_emb,-,832,0,0.043972000
postgres,10,insert_emb,-,832,0,0.021180500
postgres,10,generar_emb,-,833,0,0.045913700
postgres,10,insert_emb,-,833,0,0.020974500
postgres,10,generar_emb,-,834,0,0.047165700
postgres,10,insert_emb,-,834,0,0.020603800
postgres,10,generar_emb,-,835,0,0.046840000
postgres,10,insert_emb,-,835,0,0.023734400
postgres,10,generar_emb,-,836,0,0.053996300
postgres,10,insert_emb,-,836,0,0.022950500
postgres,10,generar_emb,-,837,0,0.054715800
postgres,10,insert_emb,-,837,0,0.025242300
postgres,10,generar_emb,-,838,0,0.049473500
postgres,10,insert_emb,-,838,0,0.021375200
postgres,10,generar_emb,-,839,0,0.047507700
postgres,10,insert_emb,-,839,0,0.021682500
postgres,10,generar_emb,-,840,0,0.046936500
postgres,10,insert_emb,-,840,0,0.021410300
postgres,10,generar_emb,-,841,0,0.051022300
postgres,10,insert_emb,-,841,0,0.021047300
postgres,10,generar_emb,-,842,0,0.065903700
postgres,10,insert_emb,-,842,0,0.020700000
postgres,10,generar_emb,-,843,0,0.050653300
postgres,10,insert_emb,-,843,0,0.020653400
postgres,10,generar_emb,-,844,0,0.055156600
postgres,10,insert_emb,-,844,0,0.023111200
postgres,10,generar_emb,-,845,0,0.052530600
postgres,10,insert_emb,-,845,0,0.020431800
postgres,10,generar_emb,-,846,0,0.074548300
postgres,10,insert_emb,-,846,0,0.020444200
postgres,10,generar_emb,-,847,0,0.081553200
postgres,10,insert_emb,-,847,0,0.019669400
postgres,10,generar_emb,-,848,0,0.066669200
postgres,10,insert_emb,-,848,0,0.023391300
postgres,10,generar_emb,-,849,0,0.044705000
postgres,10,insert_emb,-,849,0,0.020281200
postgres,10,generar_emb,-,850,0,0.046463700
postgres,10,insert_emb,-,850,0,0.021186600
postgres,10,generar_emb,-,851,0,0.059021200
postgres,10,insert_emb,-,851,0,0.020639000
postgres,10,generar_emb,-,852,0,0.055748800
postgres,10,insert_emb,-,852,0,0.023603800
postgres,10,generar_emb,-,853,0,0.038064300
postgres,10,insert_emb,-,853,0,0.023833600
postgres,10,generar_emb,-,854,0,0.034509600
postgres,10,insert_emb,-,854,0,0.023047900
postgres,10,generar_emb,-,855,0,0.039974100
postgres,10,insert_emb,-,855,0,0.023042900
postgres,10,generar_emb,-,856,0,0.040491300
postgres,10,insert_emb,-,856,0,0.023950100
postgres,10,generar_emb,-,857,0,0.043567900
postgres,10,insert_emb,-,857,0,0.020880800
postgres,10,generar_emb,-,858,0,0.045342300
postgres,10,insert_emb,-,858,0,0.021074000
postgres,10,generar_emb,-,859,0,0.046191300
postgres,10,insert_emb,-,859,0,0.022935000
postgres,10,generar_emb,-,860,0,0.038238200
postgres,10,insert_emb,-,860,0,0.022629800
postgres,10,generar_emb,-,861,0,0.041485600
postgres,10,insert_emb,-,861,0,0.020693700
postgres,10,generar_emb,-,862,0,0.034573200
postgres,10,insert_emb,-,862,0,0.023454700
postgres,10,generar_emb,-,863,0,0.041627000
postgres,10,insert_emb,-,863,0,0.020546000
postgres,10,generar_emb,-,864,0,0.052382900
postgres,10,insert_emb,-,864,0,0.021756300
postgres,10,generar_emb,-,865,0,0.037161500
postgres,10,insert_emb,-,865,0,0.021248400
postgres,10,generar_emb,-,866,0,0.043855500
postgres,10,insert_emb,-,866,0,0.024411000
postgres,10,generar_emb,-,867,0,0.039619400
postgres,10,insert_emb,-,867,0,0.025167300
postgres,10,generar_emb,-,868,0,0.036528400
postgres,10,insert_emb,-,868,0,0.023225700
postgres,10,generar_emb,-,869,0,0.039253100
postgres,10,insert_emb,-,869,0,0.023261900
postgres,10,generar_emb,-,870,0,0.065436100
postgres,10,insert_emb,-,870,0,0.022821800
postgres,10,generar_emb,-,871,0,0.051604300
postgres,10,insert_emb,-,871,0,0.021785300
postgres,10,generar_emb,-,872,0,0.039543800
postgres,10,insert_emb,-,872,0,0.024690600
postgres,10,generar_emb,-,873,0,0.045024000
postgres,10,insert_emb,-,873,0,0.023683200
postgres,10,generar_emb,-,874,0,0.036872900
postgres,10,insert_emb,-,874,0,0.021352100
postgres,10,generar_emb,-,875,0,0.043194500
postgres,10,insert_emb,-,875,0,0.024591200
postgres,10,generar_emb,-,876,0,0.049720200
postgres,10,insert_emb,-,876,0,0.025161500
postgres,10,generar_emb,-,877,0,0.043082000
postgres,10,insert_emb,-,877,0,0.024418600
postgres,10,generar_emb,-,878,0,0.031013100
postgres,10,insert_emb,-,878,0,0.022497200
postgres,10,generar_emb,-,879,0,0.054761200
postgres,10,insert_emb,-,879,0,0.021055500
postgres,10,generar_emb,-,880,0,0.043295100
postgres,10,insert_emb,-,880,0,0.024821900
postgres,10,generar_emb,-,881,0,0.041442700
postgres,10,insert_emb,-,881,0,0.021497600
postgres,10,generar_emb,-,882,0,0.040879400
postgres,10,insert_emb,-,882,0,0.024450300
postgres,10,generar_emb,-,883,0,0.055198300
postgres,10,insert_emb,-,883,0,0.022830300
postgres,10,generar_emb,-,884,0,0.076395400
postgres,10,insert_emb,-,884,0,0.020212200
postgres,10,generar_emb,-,885,0,0.036009200
postgres,10,insert_emb,-,885,0,0.023798300
postgres,10,generar_emb,-,886,0,0.035195800
postgres,10,insert_emb,-,886,0,0.023772200
postgres,10,generar_emb,-,887,0,0.059876900
postgres,10,insert_emb,-,887,0,0.020813900
postgres,10,generar_emb,-,888,0,0.039480800
postgres,10,insert_emb,-,888,0,0.020579800
postgres,10,generar_emb,-,889,0,0.049696600
postgres,10,insert_emb,-,889,0,0.020760100
postgres,10,generar_emb,-,890,0,0.050589500
postgres,10,insert_emb,-,890,0,0.022773000
postgres,10,generar_emb,-,891,0,0.043286200
postgres,10,insert_emb,-,891,0,0.021456100
postgres,10,generar_emb,-,892,0,0.041008800
postgres,10,insert_emb,-,892,0,0.022291000
postgres,10,generar_emb,-,893,0,0.036701000
postgres,10,insert_emb,-,893,0,0.023116400
postgres,10,generar_emb,-,894,0,0.041871000
postgres,10,insert_emb,-,894,0,0.024586900
postgres,10,generar_emb,-,895,0,0.042627700
postgres,10,insert_emb,-,895,0,0.023339400
postgres,10,generar_emb,-,896,0,0.049716900
postgres,10,insert_emb,-,896,0,0.023905300
postgres,10,generar_emb,-,897,0,0.055823000
postgres,10,insert_emb,-,897,0,0.020721900
postgres,10,generar_emb,-,898,0,0.055297600
postgres,10,insert_emb,-,898,0,0.026690900
postgres,10,generar_emb,-,899,0,0.045015900
postgres,10,insert_emb,-,899,0,0.020829800
postgres,10,generar_emb,-,900,0,0.053641200
postgres,10,insert_emb,-,900,0,0.023731600
postgres,10,generar_emb,-,901,0,0.059616300
postgres,10,insert_emb,-,901,0,0.020972900
postgres,10,generar_emb,-,902,0,0.056033500
postgres,10,insert_emb,-,902,0,0.023390500
postgres,10,generar_emb,-,903,0,0.040273800
postgres,10,insert_emb,-,903,0,0.024937200
postgres,10,generar_emb,-,904,0,0.045841100
postgres,10,insert_emb,-,904,0,0.020787100
postgres,10,generar_emb,-,905,0,0.063094300
postgres,10,insert_emb,-,905,0,0.023981600
postgres,10,generar_emb,-,906,0,0.054925500
postgres,10,insert_emb,-,906,0,0.023663400
postgres,10,generar_emb,-,907,0,0.055083600
postgres,10,insert_emb,-,907,0,0.020710000
postgres,10,generar_emb,-,908,0,0.037500800
postgres,10,insert_emb,-,908,0,0.023591300
postgres,10,generar_emb,-,909,0,0.072346500
postgres,10,insert_emb,-,909,0,0.023264500
postgres,10,generar_emb,-,910,0,0.052848400
postgres,10,insert_emb,-,910,0,0.024105200
postgres,10,generar_emb,-,911,0,0.058161700
postgres,10,insert_emb,-,911,0,0.020709800
postgres,10,generar_emb,-,912,0,0.071757600
postgres,10,insert_emb,-,912,0,0.023563200
postgres,10,generar_emb,-,913,0,0.073496900
postgres,10,insert_emb,-,913,0,0.023495100
postgres,10,generar_emb,-,914,0,0.059068600
postgres,10,insert_emb,-,914,0,0.026342100
postgres,10,generar_emb,-,915,0,0.052786600
postgres,10,insert_emb,-,915,0,0.021673400
postgres,10,generar_emb,-,916,0,0.080882800
postgres,10,insert_emb,-,916,0,0.024657100
postgres,10,generar_emb,-,917,0,0.079097600
postgres,10,insert_emb,-,917,0,0.029886000
postgres,10,generar_emb,-,918,0,0.081046600
postgres,10,insert_emb,-,918,0,0.023388400
postgres,10,generar_emb,-,919,0,0.062362900
postgres,10,insert_emb,-,919,0,0.021521200
postgres,10,generar_emb,-,920,0,0.041661000
postgres,10,insert_emb,-,920,0,0.023920300
postgres,10,generar_emb,-,921,0,0.057927900
postgres,10,insert_emb,-,921,0,0.026434800
postgres,10,generar_emb,-,922,0,0.044449200
postgres,10,insert_emb,-,922,0,0.024865100
postgres,10,generar_emb,-,923,0,0.056519700
postgres,10,insert_emb,-,923,0,0.020564300
postgres,10,generar_emb,-,924,0,0.041792700
postgres,10,insert_emb,-,924,0,0.020550400
postgres,10,generar_emb,-,925,0,0.049859700
postgres,10,insert_emb,-,925,0,0.021663000
postgres,10,generar_emb,-,926,0,0.046775300
postgres,10,insert_emb,-,926,0,0.024603400
postgres,10,generar_emb,-,927,0,0.045439000
postgres,10,insert_emb,-,927,0,0.021987100
postgres,10,generar_emb,-,928,0,0.052022100
postgres,10,insert_emb,-,928,0,0.024234800
postgres,10,generar_emb,-,929,0,0.044912000
postgres,10,insert_emb,-,929,0,0.020991200
postgres,10,generar_emb,-,930,0,0.041778200
postgres,10,insert_emb,-,930,0,0.023235200
postgres,10,generar_emb,-,931,0,0.051363800
postgres,10,insert_emb,-,931,0,0.024605300
postgres,10,generar_emb,-,932,0,0.039688700
postgres,10,insert_emb,-,932,0,0.023146200
postgres,10,generar_emb,-,933,0,0.041100000
postgres,10,insert_emb,-,933,0,0.022783300
postgres,10,generar_emb,-,934,0,0.049406500
postgres,10,insert_emb,-,934,0,0.019793000
postgres,10,generar_emb,-,935,0,0.043404200
postgres,10,insert_emb,-,935,0,0.020303900
postgres,10,generar_emb,-,936,0,0.052268600
postgres,10,insert_emb,-,936,0,0.024540700
postgres,10,generar_emb,-,937,0,0.056702900
postgres,10,insert_emb,-,937,0,0.024018500
postgres,10,generar_emb,-,938,0,0.049262900
postgres,10,insert_emb,-,938,0,0.022471100
postgres,10,generar_emb,-,939,0,0.051001600
postgres,10,insert_emb,-,939,0,0.020308400
postgres,10,generar_emb,-,940,0,0.060129700
postgres,10,insert_emb,-,940,0,0.022977300
postgres,10,generar_emb,-,941,0,0.064060100
postgres,10,insert_emb,-,941,0,0.021590100
postgres,10,generar_emb,-,942,0,0.063484300
postgres,10,insert_emb,-,942,0,0.020994700
postgres,10,generar_emb,-,943,0,0.042772900
postgres,10,insert_emb,-,943,0,0.021656300
postgres,10,generar_emb,-,944,0,0.046593600
postgres,10,insert_emb,-,944,0,0.026440700
postgres,10,generar_emb,-,945,0,0.054324900
postgres,10,insert_emb,-,945,0,0.021253700
postgres,10,generar_emb,-,946,0,0.038713500
postgres,10,insert_emb,-,946,0,0.024405200
postgres,10,generar_emb,-,947,0,0.068336500
postgres,10,insert_emb,-,947,0,0.020445600
postgres,10,generar_emb,-,948,0,0.040821800
postgres,10,insert_emb,-,948,0,0.022060300
postgres,10,generar_emb,-,949,0,0.039826400
postgres,10,insert_emb,-,949,0,0.024340300
postgres,10,generar_emb,-,950,0,0.047353100
postgres,10,insert_emb,-,950,0,0.023679500
postgres,10,generar_emb,-,951,0,0.041646300
postgres,10,insert_emb,-,951,0,0.020799300
postgres,10,generar_emb,-,952,0,0.062142200
postgres,10,insert_emb,-,952,0,0.020546400
postgres,10,generar_emb,-,953,0,0.041145400
postgres,10,insert_emb,-,953,0,0.026441500
postgres,10,generar_emb,-,954,0,0.050748000
postgres,10,insert_emb,-,954,0,0.023701000
postgres,10,generar_emb,-,955,0,0.052338500
postgres,10,insert_emb,-,955,0,0.023293900
postgres,10,generar_emb,-,956,0,0.046032200
postgres,10,insert_emb,-,956,0,0.020584500
postgres,10,generar_emb,-,957,0,0.043008300
postgres,10,insert_emb,-,957,0,0.024285400
postgres,10,generar_emb,-,958,0,0.042762100
postgres,10,insert_emb,-,958,0,0.020582500
postgres,10,generar_emb,-,959,0,0.063282300
postgres,10,insert_emb,-,959,0,0.023352500
postgres,10,generar_emb,-,960,0,0.049616000
postgres,10,insert_emb,-,960,0,0.025866400
postgres,10,generar_emb,-,961,0,0.051440300
postgres,10,insert_emb,-,961,0,0.024259100
postgres,10,generar_emb,-,962,0,0.039886700
postgres,10,insert_emb,-,962,0,0.025765200
postgres,10,generar_emb,-,963,0,0.050818400
postgres,10,insert_emb,-,963,0,0.026750700
postgres,10,generar_emb,-,964,0,0.040074600
postgres,10,insert_emb,-,964,0,0.024639300
postgres,10,generar_emb,-,965,0,0.042936800
postgres,10,insert_emb,-,965,0,0.021286700
postgres,10,generar_emb,-,966,0,0.048119000
postgres,10,insert_emb,-,966,0,0.021324200
postgres,10,generar_emb,-,967,0,0.043465000
postgres,10,insert_emb,-,967,0,0.021614800
postgres,10,generar_emb,-,968,0,0.048282900
postgres,10,insert_emb,-,968,0,0.023559900
postgres,10,generar_emb,-,969,0,0.038192300
postgres,10,insert_emb,-,969,0,0.019670300
postgres,10,generar_emb,-,970,0,0.038504000
postgres,10,insert_emb,-,970,0,0.020006800
postgres,10,generar_emb,-,971,0,0.045114800
postgres,10,insert_emb,-,971,0,0.021903900
postgres,10,generar_emb,-,972,0,0.049317200
postgres,10,insert_emb,-,972,0,0.023310600
postgres,10,generar_emb,-,973,0,0.035565900
postgres,10,insert_emb,-,973,0,0.025803900
postgres,10,generar_emb,-,974,0,0.051333900
postgres,10,insert_emb,-,974,0,0.021695400
postgres,10,generar_emb,-,975,0,0.035965100
postgres,10,insert_emb,-,975,0,0.024043400
postgres,10,generar_emb,-,976,0,0.047256600
postgres,10,insert_emb,-,976,0,0.023635300
postgres,10,generar_emb,-,977,0,0.083604300
postgres,10,insert_emb,-,977,0,0.022955100
postgres,10,generar_emb,-,978,0,0.079240100
postgres,10,insert_emb,-,978,0,0.023793100
postgres,10,generar_emb,-,979,0,0.046130600
postgres,10,insert_emb,-,979,0,0.021591700
postgres,10,generar_emb,-,980,0,0.066231300
postgres,10,insert_emb,-,980,0,0.024361900
postgres,10,generar_emb,-,981,0,0.056784000
postgres,10,insert_emb,-,981,0,0.025844300
postgres,10,generar_emb,-,982,0,0.049804000
postgres,10,insert_emb,-,982,0,0.024226700
postgres,10,generar_emb,-,983,0,0.065189000
postgres,10,insert_emb,-,983,0,0.022589100
postgres,10,generar_emb,-,984,0,0.053064400
postgres,10,insert_emb,-,984,0,0.020913400
postgres,10,generar_emb,-,985,0,0.049302900
postgres,10,insert_emb,-,985,0,0.019852000
postgres,10,generar_emb,-,986,0,0.044836800
postgres,10,insert_emb,-,986,0,0.025694800
postgres,10,generar_emb,-,987,0,0.046864000
postgres,10,insert_emb,-,987,0,0.020398400
postgres,10,generar_emb,-,988,0,0.051959500
postgres,10,insert_emb,-,988,0,0.020218000
postgres,10,generar_emb,-,989,0,0.040003900
postgres,10,insert_emb,-,989,0,0.019601200
postgres,10,generar_emb,-,990,0,0.031859400
postgres,10,insert_emb,-,990,0,0.062341000
postgres,10,generar_emb,-,991,0,0.049239800
postgres,10,insert_emb,-,991,0,0.024307400
postgres,10,generar_emb,-,992,0,0.076141200
postgres,10,insert_emb,-,992,0,0.020738600
postgres,10,generar_emb,-,993,0,0.058025100
postgres,10,insert_emb,-,993,0,0.025229200
postgres,10,generar_emb,-,994,0,0.057343000
postgres,10,insert_emb,-,994,0,0.022538100
postgres,10,generar_emb,-,995,0,0.058577700
postgres,10,insert_emb,-,995,0,0.020833900
postgres,10,generar_emb,-,996,0,0.073095900
postgres,10,insert_emb,-,996,0,0.023741700
postgres,10,generar_emb,-,997,0,0.059684700
postgres,10,insert_emb,-,997,0,0.020971900
postgres,10,generar_emb,-,998,0,0.038872900
postgres,10,insert_emb,-,998,0,0.024548900
postgres,10,generar_emb,-,999,0,0.055483800
postgres,10,insert_emb,-,999,0,0.021540800
postgres,100,generar_emb,-,0,0,0.371491100
postgres,100,insert_emb,-,0,0,0.208193600
postgres,100,generar_emb,-,1,0,0.345083300
postgres,100,insert_emb,-,1,0,0.200376600
postgres,100,generar_emb,-,2,0,0.331804400
postgres,100,insert_emb,-,2,0,0.198979400
postgres,100,generar_emb,-,3,0,0.391342700
postgres,100,insert_emb,-,3,0,0.187726100
postgres,100,generar_emb,-,4,0,0.413872700
postgres,100,insert_emb,-,4,0,0.209302100
postgres,100,generar_emb,-,5,0,0.488154300
postgres,100,insert_emb,-,5,0,0.211099500
postgres,100,generar_emb,-,6,0,0.529807000
postgres,100,insert_emb,-,6,0,0.158667800
postgres,100,generar_emb,-,7,0,0.337283700
postgres,100,insert_emb,-,7,0,0.161203400
postgres,100,generar_emb,-,8,0,0.460479100
postgres,100,insert_emb,-,8,0,0.173298200
postgres,100,generar_emb,-,9,0,0.349966200
postgres,100,insert_emb,-,9,0,0.218130200
postgres,100,generar_emb,-,10,0,0.341122500
postgres,100,insert_emb,-,10,0,0.154060100
postgres,100,generar_emb,-,11,0,0.351865100
postgres,100,insert_emb,-,11,0,0.162221100
postgres,100,generar_emb,-,12,0,0.323755400
postgres,100,insert_emb,-,12,0,0.196797100
postgres,100,generar_emb,-,13,0,0.332270700
postgres,100,insert_emb,-,13,0,0.167831600
postgres,100,generar_emb,-,14,0,0.415331100
postgres,100,insert_emb,-,14,0,0.211014500
postgres,100,generar_emb,-,15,0,0.332379200
postgres,100,insert_emb,-,15,0,0.161435400
postgres,100,generar_emb,-,16,0,0.328645200
postgres,100,insert_emb,-,16,0,0.165709600
postgres,100,generar_emb,-,17,0,0.382074600
postgres,100,insert_emb,-,17,0,0.205382300
postgres,100,generar_emb,-,18,0,0.365476500
postgres,100,insert_emb,-,18,0,0.153559100
postgres,100,generar_emb,-,19,0,0.372047200
postgres,100,insert_emb,-,19,0,0.195910200
postgres,100,generar_emb,-,20,0,0.370991700
postgres,100,insert_emb,-,20,0,0.164283500
postgres,100,generar_emb,-,21,0,0.354052900
postgres,100,insert_emb,-,21,0,0.190677000
postgres,100,generar_emb,-,22,0,0.296617900
postgres,100,insert_emb,-,22,0,0.208910600
postgres,100,generar_emb,-,23,0,0.434136500
postgres,100,insert_emb,-,23,0,0.189381400
postgres,100,generar_emb,-,24,0,0.553915400
postgres,100,insert_emb,-,24,0,0.214411800
postgres,100,generar_emb,-,25,0,0.432510800
postgres,100,insert_emb,-,25,0,0.171298400
postgres,100,generar_emb,-,26,0,0.426987000
postgres,100,insert_emb,-,26,0,0.157034200
postgres,100,generar_emb,-,27,0,0.345157400
postgres,100,insert_emb,-,27,0,0.202141000
postgres,100,generar_emb,-,28,0,0.528823700
postgres,100,insert_emb,-,28,0,0.207372800
postgres,100,generar_emb,-,29,0,0.448329000
postgres,100,insert_emb,-,29,0,0.207878400
postgres,100,generar_emb,-,30,0,0.400224300
postgres,100,insert_emb,-,30,0,0.194812100
postgres,100,generar_emb,-,31,0,0.351398800
postgres,100,insert_emb,-,31,0,0.154024200
postgres,100,generar_emb,-,32,0,0.408384800
postgres,100,insert_emb,-,32,0,0.166459800
postgres,100,generar_emb,-,33,0,0.389996300
postgres,100,insert_emb,-,33,0,0.193790300
postgres,100,generar_emb,-,34,0,0.332480700
postgres,100,insert_emb,-,34,0,0.199296200
postgres,100,generar_emb,-,35,0,0.319523400
postgres,100,insert_emb,-,35,0,0.207450700
postgres,100,generar_emb,-,36,0,0.325947900
postgres,100,insert_emb,-,36,0,0.215493000
postgres,100,generar_emb,-,37,0,0.434333400
postgres,100,insert_emb,-,37,0,0.207060100
postgres,100,generar_emb,-,38,0,0.395831900
postgres,100,insert_emb,-,38,0,0.208830400
postgres,100,generar_emb,-,39,0,0.386010700
postgres,100,insert_emb,-,39,0,0.251292900
postgres,100,generar_emb,-,40,0,0.522690100
postgres,100,insert_emb,-,40,0,0.215176900
postgres,100,generar_emb,-,41,0,0.425686300
postgres,100,insert_emb,-,41,0,0.192212000
postgres,100,generar_emb,-,42,0,0.429264000
postgres,100,insert_emb,-,42,0,0.208631700
postgres,100,generar_emb,-,43,0,0.339187500
postgres,100,insert_emb,-,43,0,0.193255700
postgres,100,generar_emb,-,44,0,0.434635900
postgres,100,insert_emb,-,44,0,0.204911600
postgres,100,generar_emb,-,45,0,0.330582300
postgres,100,insert_emb,-,45,0,0.164028500
postgres,100,generar_emb,-,46,0,0.441192700
postgres,100,insert_emb,-,46,0,0.193031600
postgres,100,generar_emb,-,47,0,0.440104600
postgres,100,insert_emb,-,47,0,0.153120700
postgres,100,generar_emb,-,48,0,0.314588100
postgres,100,insert_emb,-,48,0,0.224746500
postgres,100,generar_emb,-,49,0,0.320701600
postgres,100,insert_emb,-,49,0,0.162995300
postgres,100,generar_emb,-,50,0,0.343393000
postgres,100,insert_emb,-,50,0,0.162109400
postgres,100,generar_emb,-,51,0,0.463350500
postgres,100,insert_emb,-,51,0,0.201733500
postgres,100,generar_emb,-,52,0,0.331214000
postgres,100,insert_emb,-,52,0,0.190753700
postgres,100,generar_emb,-,53,0,0.415895100
postgres,100,insert_emb,-,53,0,0.217974900
postgres,100,generar_emb,-,54,0,0.391070400
postgres,100,insert_emb,-,54,0,0.193542200
postgres,100,generar_emb,-,55,0,0.448499200
postgres,100,insert_emb,-,55,0,0.192814200
postgres,100,generar_emb,-,56,0,0.362569800
postgres,100,insert_emb,-,56,0,0.157358300
postgres,100,generar_emb,-,57,0,0.397404300
postgres,100,insert_emb,-,57,0,0.219866300
postgres,100,generar_emb,-,58,0,0.411159900
postgres,100,insert_emb,-,58,0,0.194591000
postgres,100,generar_emb,-,59,0,0.369695900
postgres,100,insert_emb,-,59,0,0.192461300
postgres,100,generar_emb,-,60,0,0.336165500
postgres,100,insert_emb,-,60,0,0.167031800
postgres,100,generar_emb,-,61,0,0.317083400
postgres,100,insert_emb,-,61,0,0.170651900
postgres,100,generar_emb,-,62,0,0.322538700
postgres,100,insert_emb,-,62,0,0.205351500
postgres,100,generar_emb,-,63,0,0.283874000
postgres,100,insert_emb,-,63,0,0.205231200
postgres,100,generar_emb,-,64,0,0.338324900
postgres,100,insert_emb,-,64,0,0.202516300
postgres,100,generar_emb,-,65,0,0.420783600
postgres,100,insert_emb,-,65,0,0.193258900
postgres,100,generar_emb,-,66,0,0.381742100
postgres,100,insert_emb,-,66,0,0.204464300
postgres,100,generar_emb,-,67,0,0.375362900
postgres,100,insert_emb,-,67,0,0.199367700
postgres,100,generar_emb,-,68,0,0.376616000
postgres,100,insert_emb,-,68,0,0.152244800
postgres,100,generar_emb,-,69,0,0.384561700
postgres,100,insert_emb,-,69,0,0.154741700
postgres,100,generar_emb,-,70,0,0.434859000
postgres,100,insert_emb,-,70,0,0.148064600
postgres,100,generar_emb,-,71,0,0.326837900
postgres,100,insert_emb,-,71,0,0.208707700
postgres,100,generar_emb,-,72,0,0.315160300
postgres,100,insert_emb,-,72,0,0.168540100
postgres,100,generar_emb,-,73,0,0.328057400
postgres,100,insert_emb,-,73,0,0.200235500
postgres,100,generar_emb,-,74,0,0.351241600
postgres,100,insert_emb,-,74,0,0.201822100
postgres,100,generar_emb,-,75,0,0.356628500
postgres,100,insert_emb,-,75,0,0.190120000
postgres,100,generar_emb,-,76,0,0.319130500
postgres,100,insert_emb,-,76,0,0.191499200
postgres,100,generar_emb,-,77,0,0.400289600
postgres,100,insert_emb,-,77,0,0.157332100
postgres,100,generar_emb,-,78,0,0.324400100
postgres,100,insert_emb,-,78,0,0.160975900
postgres,100,generar_emb,-,79,0,0.387797000
postgres,100,insert_emb,-,79,0,0.195367500
postgres,100,generar_emb,-,80,0,0.336169800
postgres,100,insert_emb,-,80,0,0.194985400
postgres,100,generar_emb,-,81,0,0.358666100
postgres,100,insert_emb,-,81,0,0.199840300
postgres,100,generar_emb,-,82,0,0.304377200
postgres,100,insert_emb,-,82,0,0.161651600
postgres,100,generar_emb,-,83,0,0.308368800
postgres,100,insert_emb,-,83,0,0.175249300
postgres,100,generar_emb,-,84,0,0.475200600
postgres,100,insert_emb,-,84,0,0.166626600
postgres,100,generar_emb,-,85,0,0.334703700
postgres,100,insert_emb,-,85,0,0.159246500
postgres,100,generar_emb,-,86,0,0.285184500
postgres,100,insert_emb,-,86,0,0.204303200
postgres,100,generar_emb,-,87,0,0.330552700
postgres,100,insert_emb,-,87,0,0.207064000
postgres,100,generar_emb,-,88,0,0.356570800
postgres,100,insert_emb,-,88,0,0.204054300
postgres,100,generar_emb,-,89,0,0.334721300
postgres,100,insert_emb,-,89,0,0.155091900
postgres,100,generar_emb,-,90,0,0.409214400
postgres,100,insert_emb,-,90,0,0.164492600
postgres,100,generar_emb,-,91,0,0.393943500
postgres,100,insert_emb,-,91,0,0.165419700
postgres,100,generar_emb,-,92,0,0.318371300
postgres,100,insert_emb,-,92,0,0.165556700
postgres,100,generar_emb,-,93,0,0.330458400
postgres,100,insert_emb,-,93,0,0.202438400
postgres,100,generar_emb,-,94,0,0.393124900
postgres,100,insert_emb,-,94,0,0.216386800
postgres,100,generar_emb,-,95,0,0.342299600
postgres,100,insert_emb,-,95,0,0.227430600
postgres,100,generar_emb,-,96,0,0.311492700
postgres,100,insert_emb,-,96,0,0.206795100
postgres,100,generar_emb,-,97,0,0.420082600
postgres,100,insert_emb,-,97,0,0.156113800
postgres,100,generar_emb,-,98,0,0.381091500
postgres,100,insert_emb,-,98,0,0.186942300
postgres,100,generar_emb,-,99,0,0.471771100
postgres,100,insert_emb,-,99,0,0.202094400
postgres,500,generar_emb,-,0,0,1.555073000
postgres,500,insert_emb,-,0,0,0.788782900
postgres,500,generar_emb,-,1,0,1.648947300
postgres,500,insert_emb,-,1,0,0.752109000
postgres,500,generar_emb,-,2,0,1.411479600
postgres,500,insert_emb,-,2,0,0.810683800
postgres,500,generar_emb,-,3,0,1.609516600
postgres,500,insert_emb,-,3,0,0.776047500
postgres,500,generar_emb,-,4,0,1.504783400
postgres,500,insert_emb,-,4,0,0.755045100
postgres,500,generar_emb,-,5,0,1.674811300
postgres,500,insert_emb,-,5,0,0.753039200
postgres,500,generar_emb,-,6,0,1.477809900
postgres,500,insert_emb,-,6,0,0.753993800
postgres,500,generar_emb,-,7,0,1.674980000
postgres,500,insert_emb,-,7,0,0.732363800
postgres,500,generar_emb,-,8,0,1.629493600
postgres,500,insert_emb,-,8,0,0.714204900
postgres,500,generar_emb,-,9,0,1.566051600
postgres,500,insert_emb,-,9,0,0.751713700
postgres,500,generar_emb,-,10,0,1.456651300
postgres,500,insert_emb,-,10,0,0.739635500
postgres,500,generar_emb,-,11,0,1.569876800
postgres,500,insert_emb,-,11,0,0.736064800
postgres,500,generar_emb,-,12,0,1.449610500
postgres,500,insert_emb,-,12,0,0.778047600
postgres,500,generar_emb,-,13,0,1.474034800
postgres,500,insert_emb,-,13,0,0.777599800
postgres,500,generar_emb,-,14,0,1.440033200
postgres,500,insert_emb,-,14,0,0.719775500
postgres,500,generar_emb,-,15,0,1.582277100
postgres,500,insert_emb,-,15,0,0.774237200
postgres,500,generar_emb,-,16,0,1.763059800
postgres,500,insert_emb,-,16,0,0.797719700
postgres,500,generar_emb,-,17,0,1.506258900
postgres,500,insert_emb,-,17,0,0.721912700
postgres,500,generar_emb,-,18,0,1.475717200
postgres,500,insert_emb,-,18,0,0.698815900
postgres,500,generar_emb,-,19,0,1.859225100
postgres,500,insert_emb,-,19,0,0.754670200
postgres,2000,generar_emb,-,0,0,6.386138300
postgres,2000,insert_emb,-,0,0,3.069648700
postgres,2000,generar_emb,-,1,0,6.519824200
postgres,2000,insert_emb,-,1,0,3.192275800
postgres,2000,generar_emb,-,2,0,8.437093800
postgres,2000,insert_emb,-,2,0,3.258503000
postgres,2000,generar_emb,-,3,0,6.039507700
postgres,2000,insert_emb,-,3,0,3.122030700
postgres,2000,generar_emb,-,4,0,6.424066200
postgres,2000,insert_emb,-,4,0,3.237483200
postgres,5000,generar_emb,-,0,0,16.444808900
postgres,5000,insert_emb,-,0,0,7.700088300
postgres,5000,generar_emb,-,1,0,16.287500500
postgres,5000,insert_emb,-,1,0,7.657535200
postgres,10000,generar_emb,-,0,0,31.079176600
postgres,10000,insert_emb,-,0,0,16.065648600
